ISO-10303-21;
HEADER;
/* Generated by software containing ST-Developer
 * from STEP Tools, Inc. (www.steptools.com) 
 */

FILE_DESCRIPTION(
/* description */ (''),
/* implementation_level */ '2;1');

FILE_NAME(
/* name */ 'Lock Ring.step',
/* time_stamp */ '2026-07-17T20:19:21-04:00',
/* author */ (''),
/* organization */ (''),
/* preprocessor_version */ 'ST-DEVELOPER v20.1',
/* originating_system */ 'Autodesk Translation Framework v15.8.0.0',
/* authorisation */ '');

FILE_SCHEMA (('AUTOMOTIVE_DESIGN { 1 0 10303 214 3 1 1 }'));
ENDSEC;

DATA;
#10=MECHANICAL_DESIGN_GEOMETRIC_PRESENTATION_REPRESENTATION('',(#13),#7192);
#11=SHAPE_REPRESENTATION_RELATIONSHIP('SRR','None',#7199,#12);
#12=ADVANCED_BREP_SHAPE_REPRESENTATION('',(#14),#7191);
#13=STYLED_ITEM('',(#7209),#14);
#14=MANIFOLD_SOLID_BREP('Body1',#2531);
#15=(
BOUNDED_CURVE()
B_SPLINE_CURVE(2,(#6742,#6743,#6744),.UNSPECIFIED.,.F.,.F.)
B_SPLINE_CURVE_WITH_KNOTS((3,3),(-0.159043171425343,-0.0974672941430047),
 .UNSPECIFIED.)
CURVE()
GEOMETRIC_REPRESENTATION_ITEM()
RATIONAL_B_SPLINE_CURVE((1.,1.,1.))
REPRESENTATION_ITEM('')
);
#16=(
BOUNDED_CURVE()
B_SPLINE_CURVE(2,(#6745,#6746,#6747),.UNSPECIFIED.,.F.,.F.)
B_SPLINE_CURVE_WITH_KNOTS((3,3),(-0.170301525113155,-0.108631354563512),
 .UNSPECIFIED.)
CURVE()
GEOMETRIC_REPRESENTATION_ITEM()
RATIONAL_B_SPLINE_CURVE((1.,1.,1.))
REPRESENTATION_ITEM('')
);
#17=(
BOUNDED_CURVE()
B_SPLINE_CURVE(2,(#6751,#6752,#6753),.UNSPECIFIED.,.F.,.F.)
B_SPLINE_CURVE_WITH_KNOTS((3,3),(-0.17030152511318,-0.108631354563538),
 .UNSPECIFIED.)
CURVE()
GEOMETRIC_REPRESENTATION_ITEM()
RATIONAL_B_SPLINE_CURVE((1.,1.,1.))
REPRESENTATION_ITEM('')
);
#18=(
BOUNDED_CURVE()
B_SPLINE_CURVE(2,(#6757,#6758,#6759),.UNSPECIFIED.,.F.,.F.)
B_SPLINE_CURVE_WITH_KNOTS((3,3),(0.108795435230622,0.170371312512964),
 .UNSPECIFIED.)
CURVE()
GEOMETRIC_REPRESENTATION_ITEM()
RATIONAL_B_SPLINE_CURVE((1.,1.,1.))
REPRESENTATION_ITEM('')
);
#19=ELLIPSE('',#2576,74.1047906683512,52.4);
#20=ELLIPSE('',#2587,74.1047906683508,52.4);
#21=ELLIPSE('',#2595,74.1047906683509,52.4);
#22=ELLIPSE('',#2606,74.1047906683508,52.4);
#23=ELLIPSE('',#2614,74.1047906683512,52.4);
#24=ELLIPSE('',#2625,74.1047906683508,52.4);
#25=ELLIPSE('',#2633,74.1047906683512,52.4);
#26=ELLIPSE('',#2644,74.1047906683508,52.4);
#27=CONICAL_SURFACE('',#2568,52.6,0.785398163397459);
#28=CONICAL_SURFACE('',#2577,0.809920634920623,0.785398163397454);
#29=CONICAL_SURFACE('',#2580,50.6,0.785398163397457);
#30=CONICAL_SURFACE('',#2583,0.809920634920627,0.785398163397458);
#31=CONICAL_SURFACE('',#2596,0.809920634920617,0.785398163397455);
#32=CONICAL_SURFACE('',#2599,50.6,0.785398163397457);
#33=CONICAL_SURFACE('',#2602,0.809920634920623,0.785398163397458);
#34=CONICAL_SURFACE('',#2615,0.809920634920617,0.785398163397455);
#35=CONICAL_SURFACE('',#2618,50.6,0.785398163397457);
#36=CONICAL_SURFACE('',#2621,0.809920634920623,0.785398163397458);
#37=CONICAL_SURFACE('',#2634,0.809920634920618,0.785398163397454);
#38=CONICAL_SURFACE('',#2637,50.6,0.78539816339746);
#39=CONICAL_SURFACE('',#2640,0.809920634920627,0.785398163397458);
#40=CONICAL_SURFACE('',#2652,2.82045826772848,0.174532925199433);
#41=CONICAL_SURFACE('',#2655,2.47649993439515,0.174532925199433);
#42=CONICAL_SURFACE('',#2674,1.65100006560484,0.174532925199433);
#43=CONICAL_SURFACE('',#2677,1.30704165026545,0.174532925199433);
#44=CONICAL_SURFACE('',#2683,3.98991679787635,0.174532925199433);
#45=CONICAL_SURFACE('',#2688,3.64595846454302,0.174532925199433);
#46=CONICAL_SURFACE('',#2702,0.481541658466058,0.174532925199433);
#47=CONICAL_SURFACE('',#2709,52.5,0.785398163397368);
#48=CONICAL_SURFACE('',#2712,52.5,0.785398163397368);
#49=CONICAL_SURFACE('',#2737,51.4,0.78539816339745);
#50=CONICAL_SURFACE('',#2746,51.4,0.785398163397451);
#51=CONICAL_SURFACE('',#2747,51.4,0.785398163397453);
#52=CONICAL_SURFACE('',#2748,51.4,0.78539816339745);
#53=CONICAL_SURFACE('',#2749,51.4,0.785398163397451);
#54=CONICAL_SURFACE('',#2753,52.6,0.785398163397415);
#55=CONICAL_SURFACE('',#2757,52.6,0.785398163397371);
#56=FACE_BOUND('',#324,.T.);
#57=FACE_BOUND('',#326,.T.);
#58=FACE_BOUND('',#327,.T.);
#59=FACE_BOUND('',#328,.T.);
#60=FACE_BOUND('',#329,.T.);
#61=FACE_BOUND('',#330,.T.);
#62=FACE_BOUND('',#331,.T.);
#63=FACE_BOUND('',#332,.T.);
#64=FACE_BOUND('',#342,.T.);
#65=FACE_BOUND('',#435,.T.);
#66=FACE_BOUND('',#436,.T.);
#67=FACE_BOUND('',#437,.T.);
#68=FACE_BOUND('',#438,.T.);
#69=(
BOUNDED_SURFACE()
B_SPLINE_SURFACE(2,1,((#4525,#4526),(#4527,#4528),(#4529,#4530)),
 .UNSPECIFIED.,.F.,.F.,.F.)
B_SPLINE_SURFACE_WITH_KNOTS((3,3),(2,2),(-9.49447207589764,0.),(0.,1.72374),
 .UNSPECIFIED.)
GEOMETRIC_REPRESENTATION_ITEM()
RATIONAL_B_SPLINE_SURFACE(((1.,1.),(2.33333333333333,2.33333333333333),
(1.,1.)))
REPRESENTATION_ITEM('')
SURFACE()
);
#70=(
BOUNDED_SURFACE()
B_SPLINE_SURFACE(2,1,((#4836,#4837),(#4838,#4839),(#4840,#4841)),
 .UNSPECIFIED.,.F.,.F.,.F.)
B_SPLINE_SURFACE_WITH_KNOTS((3,3),(2,2),(-9.49447207589764,0.),(0.,1.72374),
 .UNSPECIFIED.)
GEOMETRIC_REPRESENTATION_ITEM()
RATIONAL_B_SPLINE_SURFACE(((1.,1.),(2.33333333333333,2.33333333333333),
(1.,1.)))
REPRESENTATION_ITEM('')
SURFACE()
);
#71=(
BOUNDED_SURFACE()
B_SPLINE_SURFACE(2,1,((#6402,#6403),(#6404,#6405),(#6406,#6407)),
 .UNSPECIFIED.,.F.,.F.,.F.)
B_SPLINE_SURFACE_WITH_KNOTS((3,3),(2,2),(-9.49447207589764,0.),(0.,1.72374),
 .UNSPECIFIED.)
GEOMETRIC_REPRESENTATION_ITEM()
RATIONAL_B_SPLINE_SURFACE(((1.,1.),(2.33333333333333,2.33333333333333),
(1.,1.)))
REPRESENTATION_ITEM('')
SURFACE()
);
#72=(
BOUNDED_SURFACE()
B_SPLINE_SURFACE(2,1,((#6409,#6410),(#6411,#6412),(#6413,#6414)),
 .UNSPECIFIED.,.F.,.F.,.F.)
B_SPLINE_SURFACE_WITH_KNOTS((3,3),(2,2),(-9.49447207589764,0.),(0.,1.72374),
 .UNSPECIFIED.)
GEOMETRIC_REPRESENTATION_ITEM()
RATIONAL_B_SPLINE_SURFACE(((1.,1.),(2.33333333333333,2.33333333333333),
(1.,1.)))
REPRESENTATION_ITEM('')
SURFACE()
);
#73=B_SPLINE_CURVE_WITH_KNOTS('',3,(#3455,#3456,#3457,#3458,#3459,#3460,
#3461,#3462,#3463,#3464,#3465,#3466,#3467,#3468,#3469,#3470,#3471,#3472,
#3473,#3474,#3475,#3476,#3477,#3478,#3479,#3480,#3481,#3482,#3483,#3484,
#3485,#3486,#3487,#3488,#3489,#3490,#3491),.UNSPECIFIED.,.F.,.F.,(4,3,3,
3,3,3,3,3,3,3,3,3,4),(0.205431201787963,0.241874990267345,0.253123758868601,
0.293755258826033,0.324342792438073,0.389960482856715,0.431348097020386,
0.44795069309408,0.485297319047478,0.496521768270936,0.509968536737224,
0.517726806543886,0.520477670232486),.UNSPECIFIED.);
#74=B_SPLINE_CURVE_WITH_KNOTS('',3,(#3495,#3496,#3497,#3498,#3499,#3500,
#3501,#3502,#3503,#3504,#3505,#3506,#3507,#3508,#3509,#3510,#3511,#3512,
#3513,#3514,#3515,#3516,#3517,#3518,#3519,#3520,#3521,#3522,#3523,#3524,
#3525,#3526,#3527,#3528,#3529,#3530,#3531,#3532,#3533,#3534),
 .UNSPECIFIED.,.F.,.F.,(4,3,3,3,3,3,3,3,3,3,3,3,3,4),(-0.314901274001263,
-0.308009854602996,-0.300041139679645,-0.2822209668463,-0.244250871568404,
-0.223412505315412,-0.177686564609615,-0.157333859597283,-0.1069126138399,
-0.0890854727029594,-0.0503525055857818,-0.0434432158839424,-0.00702091330475217,
-1.00000006676574E-6),.UNSPECIFIED.);
#75=B_SPLINE_CURVE_WITH_KNOTS('',3,(#3536,#3537,#3538,#3539,#3540,#3541,
#3542,#3543,#3544,#3545,#3546,#3547,#3548,#3549,#3550,#3551,#3552,#3553,
#3554,#3555,#3556,#3557),.UNSPECIFIED.,.F.,.F.,(4,3,3,3,3,3,3,4),(-0.881919655108428,
-0.760482862769262,-0.636214054706831,-0.509035462878952,-0.377348725376505,
-0.242978398137078,-0.104571560650687,-0.0499879979959093),
 .UNSPECIFIED.);
#76=B_SPLINE_CURVE_WITH_KNOTS('',3,(#3559,#3560,#3561,#3562,#3563,#3564,
#3565,#3566,#3567,#3568,#3569,#3570,#3571,#3572,#3573,#3574,#3575,#3576,
#3577,#3578,#3579,#3580,#3581,#3582,#3583,#3584,#3585,#3586,#3587,#3588,
#3589,#3590,#3591,#3592,#3593,#3594,#3595),.UNSPECIFIED.,.F.,.F.,(4,3,3,
3,3,3,3,3,3,3,3,3,4),(0.20591668583335,0.212902460020499,0.253246589996156,
0.28691697455174,0.334863378840502,0.355611053275043,0.417879180768405,
0.437421486976432,0.47051494024237,0.503876201031,0.513308285985132,0.519007791011962,
0.52070315497058),.UNSPECIFIED.);
#77=B_SPLINE_CURVE_WITH_KNOTS('',3,(#3599,#3600,#3601,#3602,#3603,#3604,
#3605,#3606,#3607,#3608,#3609,#3610,#3611,#3612,#3613,#3614),
 .UNSPECIFIED.,.F.,.F.,(4,2,2,2,2,2,2,4),(0.242190611749125,0.246123843952193,
0.252684087403044,0.26646375171039,0.346523517424041,0.417107437485898,
0.495546781424205,0.557290466900498),.UNSPECIFIED.);
#78=B_SPLINE_CURVE_WITH_KNOTS('',3,(#3615,#3616,#3617,#3618,#3619,#3620,
#3621,#3622,#3623,#3624,#3625,#3626,#3627,#3628,#3629,#3630,#3631,#3632,
#3633,#3634,#3635,#3636),.UNSPECIFIED.,.F.,.F.,(4,3,3,3,3,3,3,4),(-0.87948678899756,
-0.741681018327536,-0.607139151244748,-0.475770061155965,-0.348934566078099,
-0.224623941120679,-0.10395723121065,-0.0499224330580618),.UNSPECIFIED.);
#79=B_SPLINE_CURVE_WITH_KNOTS('',3,(#3693,#3694,#3695,#3696,#3697,#3698,
#3699,#3700,#3701,#3702,#3703,#3704,#3705),.UNSPECIFIED.,.F.,.F.,(4,1,1,
1,1,1,1,1,1,1,4),(-17.9338123364958,-15.3718391455678,-13.7706059012379,
-12.8098659546399,-11.5288793591759,-10.2478927637119,-7.68591957278392,
-6.72517962618593,-5.12394638185595,-2.56197319092797,2.01916921468748E-16),
 .UNSPECIFIED.);
#80=B_SPLINE_CURVE_WITH_KNOTS('',3,(#3708,#3709,#3710,#3711,#3712,#3713,
#3714,#3715,#3716,#3717,#3718,#3719,#3720,#3721,#3722,#3723,#3724,#3725,
#3726,#3727,#3728,#3729,#3730,#3731,#3732,#3733,#3734,#3735,#3736,#3737,
#3738,#3739,#3740,#3741,#3742,#3743,#3744,#3745,#3746,#3747,#3748,#3749,
#3750,#3751,#3752,#3753,#3754,#3755,#3756,#3757,#3758,#3759,#3760,#3761,
#3762,#3763,#3764,#3765,#3766,#3767,#3768,#3769,#3770,#3771,#3772,#3773,
#3774,#3775,#3776,#3777,#3778,#3779,#3780,#3781,#3782,#3783,#3784,#3785,
#3786,#3787,#3788,#3789,#3790,#3791,#3792,#3793,#3794,#3795,#3796,#3797,
#3798,#3799,#3800,#3801,#3802,#3803,#3804,#3805,#3806,#3807,#3808,#3809,
#3810,#3811,#3812,#3813,#3814,#3815,#3816,#3817,#3818,#3819,#3820,#3821,
#3822,#3823,#3824,#3825,#3826,#3827,#3828,#3829,#3830,#3831,#3832,#3833,
#3834,#3835,#3836,#3837,#3838,#3839,#3840,#3841,#3842,#3843,#3844,#3845,
#3846,#3847,#3848,#3849,#3850,#3851,#3852,#3853,#3854,#3855,#3856,#3857,
#3858,#3859,#3860,#3861,#3862,#3863,#3864,#3865,#3866,#3867,#3868,#3869,
#3870,#3871,#3872,#3873,#3874,#3875,#3876,#3877,#3878,#3879,#3880,#3881,
#3882,#3883,#3884,#3885,#3886,#3887,#3888,#3889,#3890,#3891,#3892,#3893,
#3894,#3895,#3896,#3897,#3898,#3899,#3900,#3901,#3902,#3903,#3904,#3905,
#3906,#3907,#3908,#3909,#3910,#3911,#3912),.UNSPECIFIED.,.F.,.F.,(4,3,3,
3,3,3,3,3,3,3,3,3,3,3,3,3,3,3,3,3,3,3,3,3,3,3,3,3,3,3,3,3,3,3,3,3,3,3,3,
3,3,3,3,3,3,3,3,3,3,3,3,3,3,3,3,3,3,3,3,3,3,3,3,3,3,3,3,3,4),(-2.01916921468748E-16,
0.209364138276535,0.427559638986815,0.656004381689364,0.896563022741061,
1.16277004326848,1.44824801625844,1.76290206619987,2.12334121542381,2.4308983155864,
2.53425429916523,2.59725069719712,2.95552500411637,3.4179475332651,3.87156830836606,
4.25446363925933,4.61449659482333,4.9632496291145,5.21053438661697,5.520345988225,
5.83329178553774,6.1492668274643,6.46797578503738,6.65574739591341,6.78817270051066,
7.28273962759029,7.61558564974359,7.76569240209095,8.10130216539945,8.4375508028324,
8.77355074246307,9.1083612020394,9.44106005397077,9.7708099612775,10.0259037855031,
10.172849221403,10.2617203416279,10.7412260913071,11.1516710107929,11.3636129272211,
11.4905341394437,11.5949155967589,11.8718906951546,12.1431705588471,12.4083053788882,
12.6670578705445,12.7928860558983,12.8894699212733,13.2173088600013,13.5120903272823,
13.6669841810213,13.7675888460799,13.8590342842012,14.2396514630153,14.5588761772091,
14.8451007055885,15.1087325028713,15.2619581922119,15.3629991435108,15.4433406162417,
15.8597631684654,16.2053183478667,16.5123738374068,16.7940509335244,17.0569727995967,
17.2986545401104,17.5307838090632,17.7499679072571,17.9338123364958),
 .UNSPECIFIED.);
#81=B_SPLINE_CURVE_WITH_KNOTS('',3,(#3960,#3961,#3962,#3963,#3964,#3965,
#3966,#3967,#3968,#3969,#3970),.UNSPECIFIED.,.F.,.F.,(4,1,1,1,1,1,1,1,4),
(-17.9338123365059,-15.3718391455765,-12.8098659546471,-11.5288793591824,
-10.2478927637177,-7.68591957278826,-5.12394638185884,-2.56197319092942,
2.22044604925031E-16),.UNSPECIFIED.);
#82=B_SPLINE_CURVE_WITH_KNOTS('',3,(#3971,#3972,#3973,#3974,#3975,#3976,
#3977,#3978,#3979,#3980,#3981),.UNSPECIFIED.,.F.,.F.,(4,1,1,1,1,1,1,1,4),
(-2.22044604925031E-16,2.56197319092942,5.12394638185884,7.68591957278826,
10.2478927637177,11.5288793591824,12.8098659546471,15.3718391455765,17.9338123365059),
 .UNSPECIFIED.);
#83=B_SPLINE_CURVE_WITH_KNOTS('',3,(#4037,#4038,#4039,#4040,#4041,#4042,
#4043,#4044,#4045,#4046,#4047,#4048,#4049),.UNSPECIFIED.,.F.,.F.,(4,1,1,
1,1,1,1,1,1,1,4),(-17.9338123364942,-15.3718391455664,-13.7706059012366,
-12.8098659546387,-11.5288793591748,-10.247892763711,-7.68591957278321,
-6.72517962618531,-5.12394638185548,-2.56197319092774,4.80701958143113E-16),
 .UNSPECIFIED.);
#84=B_SPLINE_CURVE_WITH_KNOTS('',3,(#4050,#4051,#4052,#4053,#4054,#4055,
#4056,#4057,#4058,#4059,#4060,#4061,#4062,#4063,#4064,#4065,#4066,#4067,
#4068,#4069,#4070,#4071,#4072,#4073,#4074,#4075,#4076,#4077,#4078,#4079,
#4080,#4081,#4082,#4083,#4084,#4085,#4086,#4087,#4088,#4089,#4090,#4091,
#4092,#4093,#4094,#4095,#4096,#4097,#4098,#4099,#4100,#4101,#4102,#4103,
#4104,#4105,#4106,#4107,#4108,#4109,#4110,#4111,#4112,#4113,#4114,#4115,
#4116,#4117,#4118,#4119,#4120,#4121,#4122,#4123,#4124,#4125,#4126,#4127,
#4128,#4129,#4130,#4131,#4132,#4133,#4134,#4135,#4136,#4137,#4138,#4139,
#4140,#4141,#4142,#4143,#4144,#4145,#4146,#4147,#4148,#4149,#4150,#4151,
#4152,#4153,#4154,#4155,#4156,#4157,#4158,#4159,#4160,#4161,#4162,#4163,
#4164,#4165,#4166,#4167,#4168,#4169,#4170,#4171,#4172,#4173,#4174,#4175,
#4176,#4177,#4178,#4179,#4180,#4181,#4182,#4183,#4184,#4185,#4186,#4187,
#4188,#4189,#4190,#4191,#4192,#4193,#4194,#4195,#4196,#4197,#4198,#4199,
#4200,#4201,#4202,#4203,#4204,#4205,#4206,#4207,#4208,#4209,#4210,#4211,
#4212,#4213,#4214,#4215,#4216,#4217,#4218,#4219,#4220,#4221,#4222,#4223,
#4224,#4225,#4226,#4227,#4228,#4229,#4230,#4231,#4232,#4233,#4234,#4235,
#4236,#4237,#4238,#4239,#4240,#4241,#4242,#4243,#4244,#4245,#4246,#4247,
#4248,#4249,#4250,#4251,#4252,#4253,#4254),.UNSPECIFIED.,.F.,.F.,(4,3,3,
3,3,3,3,3,3,3,3,3,3,3,3,3,3,3,3,3,3,3,3,3,3,3,3,3,3,3,3,3,3,3,3,3,3,3,3,
3,3,3,3,3,3,3,3,3,3,3,3,3,3,3,3,3,3,3,3,3,3,3,3,3,3,3,3,3,4),(-4.80701958143113E-16,
0.20936413827998,0.427559638986238,0.65600438176228,0.896563022859508,1.16277004338505,
1.44824801638608,1.76290206634139,2.12334121560874,2.43089831719556,2.53425430467765,
2.59725069761144,2.95552500459713,3.41794753388852,3.87156830896995,4.2544636398487,
4.61449659538253,4.96324962967328,5.21053438837046,5.52034599001775,5.83329178735026,
6.14926682929986,6.46797578689657,6.65574739348947,6.78817270148084,7.28273962860218,
7.6155856507238,7.76569240224455,8.10130216555354,8.43755080298565,8.77355074261512,
9.10836120219011,9.44106005411888,9.77080996142266,10.0259037856436,10.1728492215643,
10.2617203416558,10.7412260913332,11.1516710108076,11.3636129272353,11.4905341394593,
11.5949155965143,11.8718906949125,12.1431705586128,12.4083053786602,12.667057870322,
12.7928860554553,12.8894699207239,13.2173088594431,13.5120903267588,13.6669841804247,
13.767588844281,13.8590342841683,14.2396514629991,14.5588761771968,14.84510070558,
15.1087325028637,15.2619581921524,15.3629991432446,15.4433406161165,15.8597631683652,
16.2053183477841,16.5123738373327,16.7940509334555,17.0569727995274,17.2986545400442,
17.530783808998,17.7499679071938,17.9338123364942),.UNSPECIFIED.);
#85=B_SPLINE_CURVE_WITH_KNOTS('',3,(#4307,#4308,#4309,#4310,#4311,#4312,
#4313,#4314,#4315,#4316,#4317,#4318,#4319),.UNSPECIFIED.,.F.,.F.,(4,1,1,
1,1,1,1,1,1,1,4),(-17.9338123364965,-15.3718391455684,-13.7706059012384,
-12.8098659546403,-11.5288793591763,-10.2478927637123,-7.6859195727842,
-6.72517962618617,-5.12394638185613,-2.56197319092807,1.33315805051156E-15),
 .UNSPECIFIED.);
#86=B_SPLINE_CURVE_WITH_KNOTS('',3,(#4320,#4321,#4322,#4323,#4324,#4325,
#4326,#4327,#4328,#4329,#4330,#4331,#4332,#4333,#4334,#4335,#4336,#4337,
#4338,#4339,#4340,#4341,#4342,#4343,#4344,#4345,#4346,#4347,#4348,#4349,
#4350,#4351,#4352,#4353,#4354,#4355,#4356,#4357,#4358,#4359,#4360,#4361,
#4362,#4363,#4364,#4365,#4366,#4367,#4368,#4369,#4370,#4371,#4372,#4373,
#4374,#4375,#4376,#4377,#4378,#4379,#4380,#4381,#4382,#4383,#4384,#4385,
#4386,#4387,#4388,#4389,#4390,#4391,#4392,#4393,#4394,#4395,#4396,#4397,
#4398,#4399,#4400,#4401,#4402,#4403,#4404,#4405,#4406,#4407,#4408,#4409,
#4410,#4411,#4412,#4413,#4414,#4415,#4416,#4417,#4418,#4419,#4420,#4421,
#4422,#4423,#4424,#4425,#4426,#4427,#4428,#4429,#4430,#4431,#4432,#4433,
#4434,#4435,#4436,#4437,#4438,#4439,#4440,#4441,#4442,#4443,#4444,#4445,
#4446,#4447,#4448,#4449,#4450,#4451,#4452,#4453,#4454,#4455,#4456,#4457,
#4458,#4459,#4460,#4461,#4462,#4463,#4464,#4465,#4466,#4467,#4468,#4469,
#4470,#4471,#4472,#4473,#4474,#4475,#4476,#4477,#4478,#4479,#4480,#4481,
#4482,#4483,#4484,#4485,#4486,#4487,#4488,#4489,#4490,#4491,#4492,#4493,
#4494,#4495,#4496,#4497,#4498,#4499,#4500,#4501,#4502,#4503,#4504,#4505,
#4506,#4507,#4508,#4509,#4510,#4511,#4512,#4513,#4514,#4515,#4516,#4517,
#4518,#4519,#4520,#4521,#4522,#4523,#4524),.UNSPECIFIED.,.F.,.F.,(4,3,3,
3,3,3,3,3,3,3,3,3,3,3,3,3,3,3,3,3,3,3,3,3,3,3,3,3,3,3,3,3,3,3,3,3,3,3,3,
3,3,3,3,3,3,3,3,3,3,3,3,3,3,3,3,3,3,3,3,3,3,3,3,3,3,3,3,3,4),(-1.33315805051156E-15,
0.209364138275986,0.427559638976882,0.656004381693218,0.896563022797785,
1.16277004332433,1.44824801631628,1.76290206627658,2.12334121554909,2.43089831669407,
2.53425430296186,2.59725069752774,2.95552500449875,3.4179475337181,3.87156830880493,
4.25446363967192,4.61449659523628,4.96324962952972,5.21053438692273,5.52034598853899,
5.83329178583613,6.14926682776934,6.4679757853553,6.65574739552483,6.78817270055178,
7.28273962763093,7.61558564978298,7.7656924017268,8.10130216503337,8.43755080246484,
8.77355074209599,9.10836120167388,9.44106005360638,9.77080996091667,10.0259037851535,
10.1728492210031,10.2617203408718,10.7412260905983,11.1516710101869,11.3636129266341,
11.4905341387829,11.5949155970086,11.8718906953964,12.1431705590864,12.4083053791237,
12.6670578707749,12.7928860563624,12.8894699221061,13.2173088608415,13.5120903280699,
13.6669841819137,13.7675888489252,13.8590342842521,14.2396514630596,14.5588761772533,
14.8451007056306,15.1087325029114,15.2619581925609,15.3629991446046,15.4433406167547,
15.8597631688766,16.2053183482268,16.5123738377354,16.7940509338306,17.0569727998819,
17.2986545403844,17.5307838093284,17.7499679075163,17.9338123364965),
 .UNSPECIFIED.);
#87=B_SPLINE_CURVE_WITH_KNOTS('',3,(#4534,#4535,#4536,#4537,#4538,#4539,
#4540,#4541,#4542,#4543,#4544,#4545,#4546,#4547,#4548,#4549,#4550,#4551,
#4552,#4553,#4554,#4555,#4556,#4557,#4558,#4559,#4560,#4561,#4562,#4563,
#4564,#4565,#4566,#4567,#4568,#4569,#4570,#4571,#4572,#4573,#4574,#4575,
#4576,#4577,#4578,#4579,#4580,#4581,#4582,#4583,#4584,#4585,#4586,#4587,
#4588,#4589,#4590,#4591,#4592,#4593,#4594,#4595,#4596,#4597,#4598,#4599,
#4600,#4601,#4602,#4603,#4604,#4605,#4606,#4607,#4608,#4609,#4610,#4611,
#4612,#4613,#4614,#4615,#4616,#4617,#4618,#4619,#4620,#4621,#4622,#4623,
#4624,#4625,#4626,#4627,#4628,#4629,#4630,#4631,#4632,#4633,#4634,#4635,
#4636,#4637,#4638,#4639,#4640,#4641,#4642,#4643,#4644,#4645,#4646,#4647,
#4648,#4649,#4650,#4651,#4652,#4653,#4654,#4655,#4656,#4657,#4658,#4659,
#4660,#4661,#4662,#4663,#4664,#4665,#4666,#4667,#4668,#4669,#4670,#4671,
#4672,#4673,#4674,#4675,#4676,#4677,#4678,#4679,#4680,#4681,#4682,#4683,
#4684,#4685,#4686,#4687,#4688,#4689,#4690,#4691,#4692,#4693,#4694,#4695,
#4696,#4697,#4698,#4699,#4700,#4701,#4702,#4703,#4704,#4705,#4706,#4707,
#4708,#4709,#4710,#4711,#4712,#4713,#4714,#4715,#4716,#4717,#4718,#4719,
#4720,#4721,#4722,#4723,#4724,#4725,#4726,#4727,#4728,#4729,#4730,#4731,
#4732,#4733,#4734,#4735,#4736,#4737,#4738,#4739,#4740,#4741,#4742,#4743,
#4744,#4745,#4746,#4747,#4748,#4749,#4750,#4751,#4752,#4753,#4754,#4755,
#4756,#4757,#4758,#4759,#4760,#4761,#4762,#4763,#4764,#4765,#4766,#4767,
#4768,#4769,#4770,#4771,#4772,#4773,#4774,#4775,#4776,#4777,#4778,#4779,
#4780,#4781,#4782,#4783,#4784,#4785,#4786,#4787,#4788,#4789,#4790,#4791,
#4792,#4793,#4794,#4795,#4796,#4797,#4798,#4799,#4800,#4801,#4802,#4803,
#4804,#4805,#4806,#4807,#4808,#4809,#4810,#4811,#4812,#4813,#4814,#4815,
#4816,#4817,#4818,#4819,#4820,#4821,#4822,#4823,#4824,#4825,#4826,#4827,
#4828,#4829,#4830,#4831,#4832,#4833,#4834),.UNSPECIFIED.,.F.,.F.,(4,3,3,
3,3,3,3,3,3,3,3,3,3,3,3,3,3,3,3,3,3,3,3,3,3,3,3,3,3,3,3,3,3,3,3,3,3,3,3,
3,3,3,3,3,3,3,3,3,3,3,3,3,3,3,3,3,3,3,3,3,3,3,3,3,3,3,3,3,3,3,3,3,3,3,3,
3,3,3,3,3,3,3,3,3,3,3,3,3,3,3,3,3,3,3,3,3,3,3,3,3,4),(-1.23751268727425E-15,
0.0583568627974133,0.118179129146633,0.179511099620143,0.24239864501633,
0.307182800321477,0.34369819455586,0.408340337839086,0.47471848845176,0.545185313353681,
0.615101616186055,0.655892451855167,0.67693143182438,0.698635623538891,
0.775103419314287,0.85363542934003,0.934298546109875,1.01716217026107,1.10229831137297,
1.18978169144578,1.27968985052124,1.34386783665699,1.37138173461691,1.47139307508137,
1.57407491383985,1.67951373412331,1.78779937090616,1.89902517365987,1.98888421369994,
2.04201526997893,2.15221318796966,2.26738514458518,2.38598168330906,2.50811225253802,
2.61727412477801,2.69579125331954,2.74024992829399,2.87746650896258,3.0186839306357,
3.16400858106868,3.31353514867282,3.46733826083058,3.62545981671285,3.78789013150608,
3.95454074532651,4.06147573025406,4.0985671151415,4.28173906768483,4.46708345674722,
4.65367441645621,4.84045597069082,5.0263433861712,5.21033550801552,5.34421477576183,
5.40046442530913,5.45105516846987,5.61924894975686,5.78319144863926,5.94277597240691,
6.09798183316937,6.24884515876502,6.3954383385419,6.53785610158674,6.67620629157953,
6.7431839426189,6.78311591662398,6.90896719245509,7.03112647609547,7.14970393991599,
7.26481154640678,7.37656096930215,7.44561016089237,7.49535093114972,7.60897943264468,
7.71958224513444,7.83051285955714,7.93451031057842,8.03520477734851,8.12640898350783,
8.15443182171135,8.24439000345512,8.33199647001414,8.41732434932248,8.50044417435522,
8.58142397834724,8.66032938807846,8.73700884462683,8.78632604992366,8.81472531103236,
8.83678062143603,8.90785249768516,8.97710539113486,9.04370231656219,9.10004853647912,
9.15167610719058,9.19095486459037,9.25511406922569,9.31706477937333,9.37784342393689,
9.43672585991452,9.49447207589764),.UNSPECIFIED.);
#88=B_SPLINE_CURVE_WITH_KNOTS('',3,(#4845,#4846,#4847,#4848,#4849,#4850,
#4851,#4852,#4853,#4854,#4855,#4856,#4857,#4858,#4859,#4860,#4861,#4862,
#4863,#4864,#4865,#4866,#4867,#4868),.UNSPECIFIED.,.F.,.F.,(4,2,2,2,2,2,
2,2,2,2,2,4),(-1.4343522552446,-1.42324732357188,-1.40999281698571,-1.37955907801899,
-1.25362493041154,-1.07998232967288,-0.92444161576411,-0.71718014417863,
-0.514990955273955,-0.307554263507098,-0.179267288540229,-1.00000004477074E-6),
 .UNSPECIFIED.);
#89=B_SPLINE_CURVE_WITH_KNOTS('',3,(#4871,#4872,#4873,#4874,#4875,#4876,
#4877,#4878,#4879,#4880,#4881,#4882,#4883,#4884,#4885,#4886,#4887,#4888,
#4889,#4890,#4891,#4892,#4893,#4894,#4895,#4896,#4897,#4898,#4899,#4900,
#4901,#4902,#4903,#4904,#4905,#4906,#4907,#4908,#4909,#4910,#4911,#4912,
#4913,#4914,#4915,#4916,#4917,#4918,#4919,#4920,#4921,#4922,#4923,#4924,
#4925,#4926,#4927,#4928,#4929,#4930,#4931,#4932,#4933,#4934,#4935,#4936,
#4937,#4938,#4939,#4940,#4941,#4942,#4943,#4944,#4945,#4946,#4947,#4948,
#4949,#4950,#4951,#4952,#4953,#4954,#4955,#4956,#4957,#4958,#4959,#4960,
#4961,#4962,#4963,#4964,#4965,#4966,#4967,#4968,#4969,#4970,#4971,#4972,
#4973,#4974,#4975,#4976,#4977,#4978,#4979,#4980,#4981,#4982,#4983,#4984,
#4985,#4986,#4987,#4988,#4989,#4990,#4991,#4992,#4993,#4994,#4995,#4996,
#4997,#4998,#4999,#5000,#5001,#5002,#5003,#5004,#5005,#5006,#5007,#5008,
#5009,#5010,#5011,#5012,#5013,#5014,#5015,#5016,#5017,#5018,#5019,#5020,
#5021,#5022,#5023,#5024,#5025,#5026,#5027,#5028,#5029,#5030,#5031,#5032,
#5033,#5034,#5035,#5036,#5037,#5038,#5039,#5040,#5041,#5042,#5043,#5044,
#5045,#5046,#5047,#5048,#5049,#5050,#5051,#5052,#5053,#5054,#5055,#5056,
#5057,#5058,#5059,#5060,#5061,#5062,#5063,#5064,#5065,#5066,#5067,#5068,
#5069,#5070,#5071,#5072,#5073,#5074,#5075,#5076,#5077,#5078,#5079,#5080,
#5081,#5082,#5083,#5084,#5085,#5086,#5087,#5088,#5089,#5090,#5091,#5092,
#5093,#5094,#5095,#5096,#5097,#5098,#5099,#5100,#5101,#5102,#5103,#5104,
#5105,#5106,#5107,#5108,#5109,#5110,#5111,#5112,#5113,#5114,#5115,#5116,
#5117,#5118,#5119,#5120,#5121,#5122,#5123,#5124,#5125,#5126,#5127,#5128,
#5129,#5130,#5131,#5132,#5133,#5134,#5135,#5136,#5137,#5138,#5139,#5140,
#5141,#5142,#5143,#5144,#5145,#5146,#5147,#5148,#5149,#5150,#5151,#5152,
#5153,#5154,#5155,#5156,#5157,#5158,#5159,#5160,#5161,#5162,#5163,#5164,
#5165,#5166,#5167,#5168),.UNSPECIFIED.,.F.,.F.,(4,3,3,3,3,3,3,3,3,3,3,3,
3,3,3,3,3,3,3,3,3,3,3,3,3,3,3,3,3,3,3,3,3,3,3,3,3,3,3,3,3,3,3,3,3,3,3,3,
3,3,3,3,3,3,3,3,3,3,3,3,3,3,3,3,3,3,3,3,3,3,3,3,3,3,3,3,3,3,3,3,3,3,3,3,
3,3,3,3,3,3,3,3,3,3,3,3,3,3,3,4),(-1.23994339596443E-15,0.058342049546896,
0.118149266259682,0.179465947347664,0.242337960212668,0.30676576748294,
0.342747049585236,0.40736100489514,0.473710004393872,0.543572479331883,
0.61288915368444,0.657462633172881,0.687630787838762,0.763777938590487,
0.841979206817655,0.922301113933406,1.00481267453109,1.08958549669493,1.17669388503685,
1.26621494594434,1.32605165866728,1.34863231464503,1.44794936499103,1.54991597313955,
1.6546178499441,1.76214402237582,1.87258699369451,1.9863241223843,2.06084375004024,
2.17576973514053,2.29163127923694,2.41093943555532,2.53380342610789,2.64133941626964,
2.68986831962008,2.72938029441177,2.86623603510093,3.00708265409913,3.15202741902997,
3.30116656257419,3.45457726971781,3.61230552477543,3.77434798068812,3.94062570786399,
3.99999299918998,4.03936728645028,4.22136571981723,4.40584963877618,4.59196039597568,
4.7786800687632,4.9649195692348,5.14963193049063,5.28295927005215,5.3693978384115,
5.40666019199855,5.57587791869593,5.74091141505877,5.90161719636618,6.05794975014613,
6.20992906957789,6.35761738557041,6.50110325395642,6.64049095772276,6.72128954759317,
6.76552256715521,6.89193133475086,7.01463065216219,7.1337311257532,7.24934521190335,
7.33227914705089,7.39323892902043,7.45134968502338,7.56625257177784,7.68186846082043,
7.79025835679786,7.89473905275869,7.98982453673998,8.03478855073461,8.06725377978283,
8.0898124131266,8.18157660043275,8.2709311664018,8.35795131494448,8.44270958208983,
8.52527593150241,8.60571784882686,8.68410043414482,8.72417349470487,8.74692649456117,
8.82036921383072,8.89483641165929,8.96357518299513,9.03068613631304,9.07163476716147,
9.106454137461,9.17281316708475,9.23688516712259,9.29973591549082,9.36063899661461,
9.41610679645928),.UNSPECIFIED.);
#90=B_SPLINE_CURVE_WITH_KNOTS('',3,(#5171,#5172,#5173,#5174,#5175,#5176,
#5177,#5178,#5179,#5180,#5181,#5182,#5183,#5184,#5185,#5186,#5187,#5188,
#5189,#5190,#5191,#5192),.UNSPECIFIED.,.F.,.F.,(4,3,3,3,3,3,3,4),(-0.879486788813733,
-0.741681018927374,-0.607139152617346,-0.475770063288851,-0.348934568969247,
-0.224623944762309,-0.103957235615314,-0.0499224330574775),
 .UNSPECIFIED.);
#91=B_SPLINE_CURVE_WITH_KNOTS('',3,(#5194,#5195,#5196,#5197,#5198,#5199,
#5200,#5201,#5202,#5203,#5204,#5205,#5206,#5207,#5208,#5209),
 .UNSPECIFIED.,.F.,.F.,(4,2,2,2,2,2,2,4),(0.242190611747243,0.246123843929268,
0.252684087433669,0.26646375172015,0.346523514917846,0.417107434080428,
0.495546777919261,0.557290466910527),.UNSPECIFIED.);
#92=B_SPLINE_CURVE_WITH_KNOTS('',3,(#5213,#5214,#5215,#5216,#5217,#5218,
#5219,#5220,#5221,#5222,#5223,#5224,#5225,#5226,#5227,#5228,#5229,#5230,
#5231,#5232,#5233,#5234,#5235,#5236,#5237,#5238,#5239,#5240,#5241,#5242,
#5243,#5244,#5245,#5246),.UNSPECIFIED.,.F.,.F.,(4,3,3,3,3,3,3,3,3,3,3,4),
(0.205916685849196,0.21290245572472,0.250598588939702,0.286916970550397,
0.327988748080539,0.355611049592105,0.417879177515093,0.470514937718849,
0.503876200502622,0.513308285753523,0.519007790900189,0.520703154997199),
 .UNSPECIFIED.);
#93=B_SPLINE_CURVE_WITH_KNOTS('',3,(#5248,#5249,#5250,#5251,#5252,#5253,
#5254,#5255,#5256,#5257,#5258,#5259,#5260,#5261,#5262,#5263,#5264,#5265,
#5266,#5267,#5268,#5269),.UNSPECIFIED.,.F.,.F.,(4,3,3,3,3,3,3,4),(-0.881919655001371,
-0.760482863466048,-0.636214056220204,-0.50903546522679,-0.377348728559879,
-0.242978402163499,-0.104571565505042,-0.0499879980002287),
 .UNSPECIFIED.);
#94=B_SPLINE_CURVE_WITH_KNOTS('',3,(#5271,#5272,#5273,#5274,#5275,#5276,
#5277,#5278,#5279,#5280,#5281,#5282,#5283,#5284,#5285,#5286,#5287,#5288,
#5289,#5290,#5291,#5292,#5293,#5294,#5295,#5296,#5297,#5298,#5299,#5300,
#5301,#5302,#5303,#5304,#5305,#5306,#5307,#5308,#5309,#5310),
 .UNSPECIFIED.,.F.,.F.,(4,3,3,3,3,3,3,3,3,3,3,3,3,4),(-0.314901305074229,
-0.308009892121333,-0.300041183838129,-0.282221037277394,-0.248126188476325,
-0.223412531704265,-0.182284219292518,-0.157333875114752,-0.111902769867863,
-0.0890854674304922,-0.0541564263698128,-0.0434432140470007,-0.0105864576974904,
-1.00000006854208E-6),.UNSPECIFIED.);
#95=B_SPLINE_CURVE_WITH_KNOTS('',3,(#5313,#5314,#5315,#5316,#5317,#5318,
#5319,#5320,#5321,#5322,#5323,#5324,#5325,#5326,#5327,#5328,#5329,#5330,
#5331,#5332,#5333,#5334,#5335,#5336,#5337,#5338,#5339,#5340,#5341,#5342,
#5343,#5344,#5345,#5346),.UNSPECIFIED.,.F.,.F.,(4,3,3,3,3,3,3,3,3,3,3,4),
(0.205431108240615,0.244779754244403,0.253123645239738,0.292453821047629,
0.324342660015562,0.365332981644548,0.389960333286787,0.447950528771039,
0.496521598783032,0.509968362045777,0.517726629573738,0.520477545630096),
 .UNSPECIFIED.);
#96=B_SPLINE_CURVE_WITH_KNOTS('',3,(#5445,#5446,#5447,#5448,#5449,#5450,
#5451),.UNSPECIFIED.,.F.,.F.,(4,3,4),(-0.0693745208870021,-0.0346849520941204,
0.),.UNSPECIFIED.);
#97=B_SPLINE_CURVE_WITH_KNOTS('',3,(#5521,#5522,#5523,#5524,#5525,#5526,
#5527,#5528,#5529,#5530,#5531,#5532,#5533,#5534,#5535,#5536,#5537,#5538,
#5539,#5540,#5541,#5542,#5543,#5544,#5545,#5546,#5547,#5548,#5549,#5550,
#5551,#5552,#5553,#5554,#5555,#5556,#5557,#5558,#5559,#5560,#5561,#5562,
#5563,#5564,#5565,#5566,#5567,#5568,#5569,#5570,#5571,#5572,#5573,#5574,
#5575,#5576,#5577,#5578,#5579,#5580,#5581,#5582,#5583,#5584,#5585,#5586,
#5587,#5588,#5589,#5590,#5591,#5592,#5593,#5594,#5595,#5596,#5597,#5598,
#5599,#5600,#5601,#5602,#5603,#5604,#5605,#5606,#5607,#5608,#5609,#5610,
#5611,#5612,#5613,#5614,#5615,#5616,#5617,#5618,#5619,#5620,#5621,#5622,
#5623,#5624,#5625,#5626,#5627,#5628,#5629,#5630,#5631,#5632,#5633,#5634,
#5635,#5636,#5637,#5638,#5639,#5640,#5641,#5642,#5643,#5644,#5645,#5646,
#5647,#5648,#5649,#5650,#5651,#5652,#5653,#5654,#5655,#5656,#5657,#5658,
#5659,#5660,#5661,#5662,#5663,#5664,#5665,#5666,#5667,#5668,#5669,#5670,
#5671,#5672,#5673,#5674,#5675,#5676,#5677,#5678,#5679,#5680,#5681,#5682,
#5683,#5684,#5685,#5686,#5687,#5688,#5689,#5690,#5691,#5692,#5693,#5694,
#5695,#5696,#5697,#5698,#5699,#5700,#5701,#5702,#5703,#5704,#5705,#5706,
#5707,#5708,#5709,#5710,#5711,#5712,#5713,#5714,#5715,#5716,#5717,#5718,
#5719,#5720,#5721,#5722,#5723,#5724,#5725,#5726,#5727,#5728,#5729,#5730,
#5731,#5732,#5733,#5734,#5735,#5736,#5737,#5738,#5739,#5740,#5741,#5742,
#5743,#5744,#5745,#5746,#5747,#5748,#5749,#5750,#5751,#5752,#5753,#5754,
#5755,#5756,#5757,#5758,#5759,#5760,#5761,#5762,#5763,#5764,#5765,#5766,
#5767,#5768,#5769,#5770,#5771,#5772,#5773,#5774,#5775,#5776,#5777,#5778,
#5779,#5780,#5781,#5782,#5783,#5784,#5785,#5786,#5787,#5788,#5789,#5790,
#5791,#5792,#5793,#5794,#5795,#5796,#5797,#5798,#5799,#5800,#5801,#5802,
#5803,#5804,#5805,#5806,#5807,#5808,#5809,#5810,#5811,#5812,#5813,#5814,
#5815,#5816,#5817,#5818),.UNSPECIFIED.,.F.,.F.,(4,3,3,3,3,3,3,3,3,3,3,3,
3,3,3,3,3,3,3,3,3,3,3,3,3,3,3,3,3,3,3,3,3,3,3,3,3,3,3,3,3,3,3,3,3,3,3,3,
3,3,3,3,3,3,3,3,3,3,3,3,3,3,3,3,3,3,3,3,3,3,3,3,3,3,3,3,3,3,3,3,3,3,3,3,
3,3,3,3,3,3,3,3,3,3,3,3,3,3,3,4),(0.0783652607797447,0.13873756706666,0.20063709869195,
0.264110365654374,0.32920553847029,0.399391623642505,0.44467687645908,0.515378401454693,
0.585527570786279,0.657560972517578,0.726599340512734,0.749067189777814,
0.772277762409561,0.850706563705041,0.931264009429861,1.01401942759392,
1.09904475185551,1.18641462459951,1.27620650205172,1.36850076057854,1.41325916897947,
1.43892883184362,1.54068789656676,1.64518279951099,1.75250258733381,1.8627397571182,
1.97635608396107,2.07493254842961,2.13641740917498,2.25138701334252,2.36955981089352,
2.49125195353475,2.61657287438082,2.72404004940452,2.76499300575122,2.81061481788608,
2.9497247455765,3.09289030353117,3.24021217794638,3.39177511846407,3.54763734945987,
3.70781465038671,3.87225700164136,4.04795122271187,4.09634920885483,4.14131308292308,
4.32501596240889,4.51065536609805,4.69726014805523,4.88375296845466,5.06905900154092,
5.25221475595854,5.38478529720663,5.4502596191746,5.482715076565,5.65014422752489,
5.81328859352401,5.97206223122209,6.1264583476332,6.27652205454185,6.42233136845186,
6.56398441118218,6.70159095328251,6.77214246439343,6.83278484501199,6.95720078304707,
7.07796729568075,7.19519531374704,7.30899672470367,7.41941810400169,7.47506227384562,
7.52981662874866,7.64245964852031,7.75210715360292,7.86100496124634,7.96348296864446,
8.05916978784779,8.1488761808509,8.17129171748201,8.26080116551007,8.34797256454028,
8.43287856373435,8.51558923485901,8.59617216710223,8.67469255990312,8.75119138105989,
8.80445106779478,8.8369078193583,8.90798197503483,8.97723714027481,9.04383658550366,
9.10886858758786,9.14840293042503,9.18209586157005,9.2464467176205,9.3085546662347,
9.36948710698182,9.43197959143973,9.49018610880722,9.49447207589764),
 .UNSPECIFIED.);
#98=B_SPLINE_CURVE_WITH_KNOTS('',3,(#5822,#5823,#5824,#5825,#5826,#5827,
#5828,#5829,#5830,#5831,#5832,#5833,#5834,#5835,#5836,#5837),
 .UNSPECIFIED.,.F.,.F.,(4,1,1,1,1,1,1,1,1,1,1,1,1,4),(-9.49447207589764,
-9.15818254678629,-8.82189301767493,-8.14931395945223,-7.47673490122952,
-6.80415584300681,-5.4589977265614,-4.11383961011598,-2.76868149367057,
-2.09610243544787,-1.42352337722516,-0.750944319002452,-0.414654789891098,
-0.0941724419784164),.UNSPECIFIED.);
#99=B_SPLINE_CURVE_WITH_KNOTS('',3,(#5838,#5839,#5840,#5841,#5842,#5843,
#5844),.UNSPECIFIED.,.F.,.F.,(4,3,4),(0.,0.0346893000236313,0.0693743277323125),
 .UNSPECIFIED.);
#100=B_SPLINE_CURVE_WITH_KNOTS('',3,(#5920,#5921,#5922,#5923,#5924,#5925,
#5926,#5927,#5928,#5929,#5930,#5931,#5932,#5933,#5934,#5935),
 .UNSPECIFIED.,.F.,.F.,(4,1,1,1,1,1,1,1,1,1,1,1,1,4),(-9.49447207589764,
-9.15538378747272,-8.81629549904781,-8.13811892219798,-7.45994234534814,
-6.78176576849831,-5.42541261479865,-4.06905946109899,-2.71270630739932,
-2.03452973054949,-1.35635315369966,-0.67817657684983,-0.339088288424915,
8.31706580683307E-16),.UNSPECIFIED.);
#101=B_SPLINE_CURVE_WITH_KNOTS('',3,(#5936,#5937,#5938,#5939,#5940,#5941,
#5942,#5943,#5944,#5945,#5946,#5947,#5948,#5949,#5950,#5951,#5952,#5953,
#5954,#5955,#5956,#5957,#5958,#5959,#5960,#5961,#5962,#5963,#5964,#5965,
#5966,#5967,#5968,#5969,#5970,#5971,#5972,#5973,#5974,#5975,#5976,#5977,
#5978,#5979,#5980,#5981,#5982,#5983,#5984,#5985,#5986,#5987,#5988,#5989,
#5990,#5991,#5992,#5993,#5994,#5995,#5996,#5997,#5998,#5999,#6000,#6001,
#6002,#6003,#6004,#6005,#6006,#6007,#6008,#6009,#6010,#6011,#6012,#6013,
#6014,#6015,#6016,#6017,#6018,#6019,#6020,#6021,#6022,#6023,#6024,#6025,
#6026,#6027,#6028,#6029,#6030,#6031,#6032,#6033,#6034,#6035,#6036,#6037,
#6038,#6039,#6040,#6041,#6042,#6043,#6044,#6045,#6046,#6047,#6048,#6049,
#6050,#6051,#6052,#6053,#6054,#6055,#6056,#6057,#6058,#6059,#6060,#6061,
#6062,#6063,#6064,#6065,#6066,#6067,#6068,#6069,#6070,#6071,#6072,#6073,
#6074,#6075,#6076,#6077,#6078,#6079,#6080,#6081,#6082,#6083,#6084,#6085,
#6086,#6087,#6088,#6089,#6090,#6091,#6092,#6093,#6094,#6095,#6096,#6097,
#6098,#6099,#6100,#6101,#6102,#6103,#6104,#6105,#6106,#6107,#6108,#6109,
#6110,#6111,#6112,#6113,#6114,#6115,#6116,#6117,#6118,#6119,#6120,#6121,
#6122,#6123,#6124,#6125,#6126,#6127,#6128,#6129,#6130,#6131,#6132,#6133,
#6134,#6135,#6136,#6137,#6138,#6139,#6140,#6141,#6142,#6143,#6144,#6145,
#6146,#6147,#6148,#6149,#6150,#6151,#6152,#6153,#6154,#6155,#6156,#6157,
#6158,#6159,#6160,#6161,#6162,#6163,#6164,#6165,#6166,#6167,#6168,#6169,
#6170,#6171,#6172,#6173,#6174,#6175,#6176,#6177,#6178,#6179,#6180,#6181,
#6182,#6183,#6184,#6185,#6186,#6187,#6188,#6189,#6190,#6191,#6192,#6193,
#6194,#6195,#6196,#6197,#6198,#6199,#6200,#6201,#6202,#6203,#6204,#6205,
#6206,#6207,#6208,#6209,#6210,#6211,#6212,#6213,#6214,#6215,#6216,#6217,
#6218,#6219,#6220,#6221,#6222,#6223,#6224,#6225,#6226,#6227,#6228,#6229,
#6230,#6231,#6232,#6233,#6234,#6235,#6236,#6237,#6238,#6239),
 .UNSPECIFIED.,.F.,.F.,(4,3,3,3,3,3,3,3,3,3,3,3,3,3,3,3,3,3,3,3,3,3,3,3,
3,3,3,3,3,3,3,3,3,3,3,3,3,3,3,3,3,3,3,3,3,3,3,3,3,3,3,3,3,3,3,3,3,3,3,3,
3,3,3,3,3,3,3,3,3,3,3,3,3,3,3,3,3,3,3,3,3,3,3,3,3,3,3,3,3,3,3,3,3,3,3,3,
3,3,3,3,3,4),(-8.31706580683307E-16,0.0583586922755351,0.118182774508813,
0.179516545222235,0.242405873049233,0.30719337289229,0.34373463780501,0.408372197607031,
0.474745745128255,0.545212357087391,0.615128448640596,0.655885005745246,
0.676902291738531,0.698653576600765,0.775141440407177,0.85369355832887,
0.934376809786308,1.01726058177315,1.10241686975971,1.18992038132027,1.27984864198183,
1.3440253875593,1.37143301244896,1.47140560041725,1.57404879521134,1.6794491070071,
1.78769639857036,1.89888404790812,1.98773951562291,2.04148346950182,2.15142761910478,
2.26634420359072,2.38468147890794,2.506548387252,2.61573469488709,2.69038489048485,
2.7427276976164,2.88059759322236,3.02247337092193,3.16846177676445,3.31865830616265,
3.47313914664164,3.63194899639563,3.79508295564265,3.96246041195005,4.02671846982476,
4.06458175283535,4.10477031073202,4.28797981055583,4.47334977255429,4.65995154028874,
4.84672775259855,5.03259419515845,5.21655196870574,5.35023697205549,5.41661331425511,
5.45014331153732,5.61780758821994,5.78125495568533,5.94036437050834,6.09510600370289,
6.24551039506477,6.3916466551996,6.53360769237123,6.67150043287093,6.76682495750481,
6.80806551880127,6.93340741368848,7.05507491986917,7.17317956362034,7.28783388449687,
7.39914963945508,7.45389400290293,7.5102790454892,7.62354354581339,7.7337955583702,
7.84383784071567,7.94700248041454,8.04371933013223,8.13439137674257,8.15533514952779,
8.24525340572881,8.33282052178056,8.41810961821552,8.50119122130629,8.58213335806012,
8.66100164933616,8.73765797268783,8.78720460650908,8.81120070469469,8.8297916099201,
8.90104802816284,8.97047996482256,9.03723863782669,9.10242550027587,9.15369319276425,
9.19179079197533,9.2559296994836,9.31786327932379,9.37862510027937,9.43749611565472,
9.49447207589764),.UNSPECIFIED.);
#102=B_SPLINE_CURVE_WITH_KNOTS('',3,(#6306,#6307,#6308,#6309,#6310,#6311,
#6312,#6313,#6314,#6315,#6316,#6317,#6318,#6319,#6320,#6321),
 .UNSPECIFIED.,.F.,.F.,(4,1,1,1,1,1,1,1,1,1,1,1,1,4),(-9.49447207589764,
-9.15538378747272,-8.8162954990478,-8.13811892219797,-7.45994234534814,
-6.78176576849831,-5.42541261479865,-4.06905946109899,-2.71270630739932,
-2.03452973054949,-1.35635315369966,-0.67817657684983,-0.339088288424914,
1.23751268727425E-15),.UNSPECIFIED.);
#103=B_SPLINE_CURVE_WITH_KNOTS('',3,(#6386,#6387,#6388,#6389,#6390,#6391,
#6392,#6393,#6394,#6395,#6396,#6397,#6398,#6399,#6400,#6401),
 .UNSPECIFIED.,.F.,.F.,(4,1,1,1,1,1,1,1,1,1,1,1,1,4),(-9.4002996131587,
-9.0798172680143,-8.74352773956933,-8.07094868267938,-7.39836962578943,
-6.72579056889948,-5.38063245511959,-4.03547434133969,-2.69031622755979,
-2.01773717066984,-1.3451581137799,-0.672579056889947,-0.336289528444973,
1.23994339596443E-15),.UNSPECIFIED.);
#104=B_SPLINE_CURVE_WITH_KNOTS('',3,(#6417,#6418,#6419,#6420,#6421,#6422,
#6423,#6424,#6425,#6426,#6427,#6428,#6429,#6430,#6431,#6432,#6433,#6434,
#6435,#6436,#6437,#6438,#6439,#6440),.UNSPECIFIED.,.F.,.F.,(4,2,2,2,2,2,
2,2,2,2,2,4),(-1.44775386739553,-1.26369893041398,-1.13349860810263,-0.926067147124933,
-0.72385594693359,-0.516589068866441,-0.363720811757635,-0.197001580513735,
-0.060600489290274,-0.0289010131876699,-0.0130228852586878,0.),
 .UNSPECIFIED.);
#105=B_SPLINE_CURVE_WITH_KNOTS('',3,(#6488,#6489,#6490,#6491,#6492,#6493,
#6494,#6495,#6496,#6497),.UNSPECIFIED.,.F.,.F.,(4,2,2,2,4),(-0.182860593514168,
-0.14577473977868,-0.108688886043191,-0.0543444430215917,7.41073868937292E-15),
 .UNSPECIFIED.);
#106=B_SPLINE_CURVE_WITH_KNOTS('',3,(#6505,#6506,#6507,#6508,#6509,#6510,
#6511,#6512,#6513,#6514),.UNSPECIFIED.,.F.,.F.,(4,2,2,2,4),(-0.365721187028336,
-0.31137674400674,-0.257032300985143,-0.219946447249657,-0.18286059351417),
 .UNSPECIFIED.);
#107=B_SPLINE_CURVE_WITH_KNOTS('',3,(#6561,#6562,#6563,#6564,#6565,#6566,
#6567,#6568,#6569,#6570),.UNSPECIFIED.,.F.,.F.,(4,2,2,2,4),(-0.182860593514168,
-0.14577473977868,-0.108688886043192,-0.0543444430215933,5.24580379135386E-15),
 .UNSPECIFIED.);
#108=B_SPLINE_CURVE_WITH_KNOTS('',3,(#6578,#6579,#6580,#6581,#6582,#6583,
#6584,#6585,#6586,#6587),.UNSPECIFIED.,.F.,.F.,(4,2,2,2,4),(-0.365721187028329,
-0.311376744006732,-0.257032300985134,-0.219946447249647,-0.18286059351416),
 .UNSPECIFIED.);
#109=B_SPLINE_CURVE_WITH_KNOTS('',3,(#6634,#6635,#6636,#6637,#6638,#6639,
#6640,#6641,#6642,#6643),.UNSPECIFIED.,.F.,.F.,(4,2,2,2,4),(-0.182860593514168,
-0.14577473977868,-0.108688886043192,-0.0543444430215933,5.24580379135386E-15),
 .UNSPECIFIED.);
#110=B_SPLINE_CURVE_WITH_KNOTS('',3,(#6651,#6652,#6653,#6654,#6655,#6656,
#6657,#6658,#6659,#6660),.UNSPECIFIED.,.F.,.F.,(4,2,2,2,4),(-0.365721187028329,
-0.311376744006732,-0.257032300985134,-0.219946447249647,-0.18286059351416),
 .UNSPECIFIED.);
#111=B_SPLINE_CURVE_WITH_KNOTS('',3,(#6707,#6708,#6709,#6710,#6711,#6712,
#6713,#6714,#6715,#6716),.UNSPECIFIED.,.F.,.F.,(4,2,2,2,4),(-0.182860593514169,
-0.145774739778681,-0.108688886043192,-0.0543444430215925,6.88338275267597E-15),
 .UNSPECIFIED.);
#112=B_SPLINE_CURVE_WITH_KNOTS('',3,(#6724,#6725,#6726,#6727,#6728,#6729,
#6730,#6731,#6732,#6733),.UNSPECIFIED.,.F.,.F.,(4,2,2,2,4),(-0.365721187028335,
-0.311376744006738,-0.257032300985141,-0.219946447249654,-0.182860593514168),
 .UNSPECIFIED.);
#113=B_SPLINE_CURVE_WITH_KNOTS('',2,(#6824,#6825,#6826),.UNSPECIFIED.,.F.,
 .F.,(3,3),(0.0064419800346414,0.0681944804632626),.UNSPECIFIED.);
#114=B_SPLINE_CURVE_WITH_KNOTS('',2,(#6827,#6828,#6829),.UNSPECIFIED.,.F.,
 .F.,(3,3),(0.00596440239015734,0.067849682464466),.UNSPECIFIED.);
#115=B_SPLINE_CURVE_WITH_KNOTS('',2,(#6833,#6834,#6835),.UNSPECIFIED.,.F.,
 .F.,(3,3),(0.00596440239016435,0.0678496824644702),.UNSPECIFIED.);
#116=B_SPLINE_CURVE_WITH_KNOTS('',2,(#6839,#6840,#6841),.UNSPECIFIED.,.F.,
 .F.,(3,3),(0.00644198003464819,0.068194480463267),.UNSPECIFIED.);
#117=B_SPLINE_CURVE_WITH_KNOTS('',2,(#6907,#6908,#6909),.UNSPECIFIED.,.F.,
 .F.,(3,3),(0.00534926013519345,0.067192959548839),.UNSPECIFIED.);
#118=B_SPLINE_CURVE_WITH_KNOTS('',2,(#6910,#6911,#6912),.UNSPECIFIED.,.F.,
 .F.,(3,3),(0.00534926013519325,0.0671929595488367),.UNSPECIFIED.);
#119=B_SPLINE_CURVE_WITH_KNOTS('',3,(#6922,#6923,#6924,#6925,#6926,#6927,
#6928,#6929,#6930,#6931,#6932,#6933,#6934,#6935),.UNSPECIFIED.,.F.,.F.,
(4,2,2,2,2,2,4),(-2.03579908487899,-1.97903245574379,-1.78112856255313,
-1.58322466936247,-1.38531917572544,-1.18741368208841,-0.991346493670575),
 .UNSPECIFIED.);
#120=B_SPLINE_CURVE_WITH_KNOTS('',3,(#6937,#6938,#6939,#6940),
 .UNSPECIFIED.,.F.,.F.,(4,4),(-0.810179751308635,-0.686127180186586),
 .UNSPECIFIED.);
#121=B_SPLINE_CURVE_WITH_KNOTS('',3,(#6942,#6943,#6944,#6945,#6946,#6947,
#6948,#6949,#6950,#6951,#6952,#6953,#6954),.UNSPECIFIED.,.F.,.F.,(4,3,3,
3,4),(2.51085499695878,2.54193039216485,2.57269228479069,2.6040279762605,
2.60750590283044),.UNSPECIFIED.);
#122=B_SPLINE_CURVE_WITH_KNOTS('',3,(#6956,#6957,#6958,#6959,#6960,#6961),
 .UNSPECIFIED.,.F.,.F.,(4,2,4),(-3.10846704760304,-2.97067994246555,-2.83235922864236),
 .UNSPECIFIED.);
#123=B_SPLINE_CURVE_WITH_KNOTS('',3,(#6963,#6964,#6965,#6966,#6967,#6968,
#6969,#6970,#6971,#6972,#6973,#6974,#6975),.UNSPECIFIED.,.F.,.F.,(4,3,3,
3,4),(2.14207589750498,2.17340858921606,2.17689317564195,2.20796588821305,
2.23872343786737),.UNSPECIFIED.);
#124=B_SPLINE_CURVE_WITH_KNOTS('',3,(#6977,#6978,#6979,#6980),
 .UNSPECIFIED.,.F.,.F.,(4,4),(-1.43423826754381,-1.3102337000763),
 .UNSPECIFIED.);
#125=B_SPLINE_CURVE_WITH_KNOTS('',3,(#6982,#6983,#6984,#6985,#6986,#6987,
#6988,#6989,#6990,#6991,#6992,#6993,#6994,#6995,#6996),.UNSPECIFIED.,.F.,
 .F.,(4,2,2,3,2,2,4),(-0.585294698197751,-0.395805823857882,-0.197902911928941,
0.,0.197902911928942,0.395805823857884,0.452563777542152),.UNSPECIFIED.);
#126=B_SPLINE_CURVE_WITH_KNOTS('',3,(#7004,#7005,#7006,#7007,#7008,#7009,
#7010,#7011),.UNSPECIFIED.,.F.,.F.,(4,2,2,4),(-0.265112117094763,-0.235387150939438,
-0.195293269953844,-0.145600845599912),.UNSPECIFIED.);
#127=B_SPLINE_CURVE_WITH_KNOTS('',3,(#7018,#7019,#7020,#7021,#7022,#7023,
#7024,#7025),.UNSPECIFIED.,.F.,.F.,(4,2,2,4),(-0.476432588642623,-0.452538651901614,
-0.344980393685774,-0.330233630044277),.UNSPECIFIED.);
#128=B_SPLINE_CURVE_WITH_KNOTS('',3,(#7029,#7030,#7031,#7032,#7033,#7034),
 .UNSPECIFIED.,.F.,.F.,(4,2,4),(0.46854061743349,0.532381564735562,0.607643597401524),
 .UNSPECIFIED.);
#129=B_SPLINE_CURVE_WITH_KNOTS('',3,(#7038,#7039,#7040,#7041,#7042,#7043,
#7044,#7045,#7046,#7047),.UNSPECIFIED.,.F.,.F.,(4,2,2,2,4),(0.607643597401426,
0.682905630067382,0.758167662733339,0.834586267430845,0.911004872128351),
 .UNSPECIFIED.);
#130=B_SPLINE_CURVE_WITH_KNOTS('',3,(#7051,#7052,#7053,#7054,#7055,#7056,
#7057,#7058,#7059,#7060),.UNSPECIFIED.,.F.,.F.,(4,2,2,2,4),(0.931646434432223,
1.01242681060858,1.09320718678494,1.16838106300839,1.24355493923183),
 .UNSPECIFIED.);
#131=B_SPLINE_CURVE_WITH_KNOTS('',3,(#7063,#7064,#7065,#7066,#7067,#7068),
 .UNSPECIFIED.,.F.,.F.,(4,2,4),(0.,0.0751738966171058,0.140806684299997),
 .UNSPECIFIED.);
#132=B_SPLINE_CURVE_WITH_KNOTS('',3,(#7092,#7093,#7094,#7095),
 .UNSPECIFIED.,.F.,.F.,(4,4),(-0.365138720213378,-0.30965989256619),
 .UNSPECIFIED.);
#133=B_SPLINE_CURVE_WITH_KNOTS('',3,(#7103,#7104,#7105,#7106),
 .UNSPECIFIED.,.F.,.F.,(4,4),(-0.30331501029298,-0.250244722763261),
 .UNSPECIFIED.);
#134=B_SPLINE_CURVE_WITH_KNOTS('',3,(#7111,#7112,#7113,#7114,#7115,#7116),
 .UNSPECIFIED.,.F.,.F.,(4,2,4),(-0.181085860613669,-0.144359426264196,-0.112402377004488),
 .UNSPECIFIED.);
#135=B_SPLINE_CURVE_WITH_KNOTS('',3,(#7125,#7126,#7127,#7128,#7129,#7130,
#7131,#7132),.UNSPECIFIED.,.F.,.F.,(4,2,2,4),(0.185736334439439,0.206685057245918,
0.227633780052396,0.261570520618466),.UNSPECIFIED.);
#136=B_SPLINE_CURVE_WITH_KNOTS('',3,(#7134,#7135,#7136,#7137,#7138,#7139,
#7140,#7141,#7142,#7143),.UNSPECIFIED.,.F.,.F.,(4,2,2,2,4),(0.161785798308644,
0.215291932301915,0.270016064068211,0.324740195834507,0.36300775533818),
 .UNSPECIFIED.);
#137=B_SPLINE_CURVE_WITH_KNOTS('',3,(#7144,#7145,#7146,#7147,#7148,#7149,
#7150,#7151,#7152,#7153,#7154,#7155,#7156,#7157),.UNSPECIFIED.,.F.,.F.,
(4,2,2,2,2,2,4),(-1.04114717180535,-1.0002954920732,-0.9643675414311,-0.928439590789003,
-0.892511640146906,-0.856583689504809,-0.804989528597277),.UNSPECIFIED.);
#138=B_SPLINE_SURFACE_WITH_KNOTS('',3,1,((#3439,#3440),(#3441,#3442),(#3443,
#3444),(#3445,#3446),(#3447,#3448),(#3449,#3450),(#3451,#3452)),
 .UNSPECIFIED.,.F.,.F.,.F.,(4,3,4),(2,2),(15.6004799423316,17.0306788281195,
17.1661763323832),(0.,1.35245000001832),.UNSPECIFIED.);
#139=B_SPLINE_SURFACE_WITH_KNOTS('',3,3,((#3637,#3638,#3639,#3640,#3641,
#3642,#3643,#3644,#3645,#3646,#3647,#3648,#3649),(#3650,#3651,#3652,#3653,
#3654,#3655,#3656,#3657,#3658,#3659,#3660,#3661,#3662),(#3663,#3664,#3665,
#3666,#3667,#3668,#3669,#3670,#3671,#3672,#3673,#3674,#3675),(#3676,#3677,
#3678,#3679,#3680,#3681,#3682,#3683,#3684,#3685,#3686,#3687,#3688)),
 .UNSPECIFIED.,.F.,.F.,.F.,(4,4),(4,1,1,1,1,1,1,1,1,1,4),(0.,1.00194008320072),
(-0.00194008320071656,2.56197319092797,5.12394638185595,6.72517962618593,
7.68591957278392,10.2478927637119,11.5288793591759,12.8098659546399,13.7706059012379,
15.3718391455678,17.9357524196965),.UNSPECIFIED.);
#140=B_SPLINE_SURFACE_WITH_KNOTS('',3,3,((#3913,#3914,#3915,#3916,#3917,
#3918,#3919,#3920,#3921,#3922,#3923),(#3924,#3925,#3926,#3927,#3928,#3929,
#3930,#3931,#3932,#3933,#3934),(#3935,#3936,#3937,#3938,#3939,#3940,#3941,
#3942,#3943,#3944,#3945),(#3946,#3947,#3948,#3949,#3950,#3951,#3952,#3953,
#3954,#3955,#3956)),.UNSPECIFIED.,.F.,.F.,.F.,(4,4),(4,1,1,1,1,1,1,1,4),
(0.,1.),(-2.22044604925031E-16,2.56197319092942,5.12394638185884,7.68591957278826,
10.2478927637177,11.5288793591824,12.8098659546471,15.3718391455765,17.9338123365059),
 .UNSPECIFIED.);
#141=B_SPLINE_SURFACE_WITH_KNOTS('',3,3,((#3982,#3983,#3984,#3985,#3986,
#3987,#3988,#3989,#3990,#3991,#3992,#3993,#3994),(#3995,#3996,#3997,#3998,
#3999,#4000,#4001,#4002,#4003,#4004,#4005,#4006,#4007),(#4008,#4009,#4010,
#4011,#4012,#4013,#4014,#4015,#4016,#4017,#4018,#4019,#4020),(#4021,#4022,
#4023,#4024,#4025,#4026,#4027,#4028,#4029,#4030,#4031,#4032,#4033)),
 .UNSPECIFIED.,.F.,.F.,.F.,(4,4),(4,1,1,1,1,1,1,1,1,1,4),(0.,1.00194008320081),
(-0.00194008320081077,2.56197319092774,5.12394638185548,6.72517962618531,
7.68591957278321,10.247892763711,11.5288793591748,12.8098659546387,13.7706059012366,
15.3718391455664,17.935752419695),.UNSPECIFIED.);
#142=B_SPLINE_SURFACE_WITH_KNOTS('',3,3,((#4255,#4256,#4257,#4258,#4259,
#4260,#4261,#4262,#4263,#4264,#4265,#4266,#4267),(#4268,#4269,#4270,#4271,
#4272,#4273,#4274,#4275,#4276,#4277,#4278,#4279,#4280),(#4281,#4282,#4283,
#4284,#4285,#4286,#4287,#4288,#4289,#4290,#4291,#4292,#4293),(#4294,#4295,
#4296,#4297,#4298,#4299,#4300,#4301,#4302,#4303,#4304,#4305,#4306)),
 .UNSPECIFIED.,.F.,.F.,.F.,(4,4),(4,1,1,1,1,1,1,1,1,1,4),(0.,1.00194008320078),
(-0.00194008320078047,2.56197319092807,5.12394638185613,6.72517962618617,
7.6859195727842,10.2478927637123,11.5288793591763,12.8098659546403,13.7706059012384,
15.3718391455684,17.9357524196973),.UNSPECIFIED.);
#143=B_SPLINE_SURFACE_WITH_KNOTS('',3,3,((#5455,#5456,#5457,#5458,#5459,
#5460,#5461,#5462,#5463,#5464,#5465,#5466,#5467,#5468,#5469,#5470),(#5471,
#5472,#5473,#5474,#5475,#5476,#5477,#5478,#5479,#5480,#5481,#5482,#5483,
#5484,#5485,#5486),(#5487,#5488,#5489,#5490,#5491,#5492,#5493,#5494,#5495,
#5496,#5497,#5498,#5499,#5500,#5501,#5502),(#5503,#5504,#5505,#5506,#5507,
#5508,#5509,#5510,#5511,#5512,#5513,#5514,#5515,#5516,#5517,#5518)),
 .UNSPECIFIED.,.F.,.F.,.F.,(4,4),(4,1,1,1,1,1,1,1,1,1,1,1,1,4),(0.,1.0028798326582),
(0.0754854281215471,0.414654789891098,0.750944319002452,1.42352337722516,
2.09610243544787,2.76868149367057,4.11383961011598,5.4589977265614,6.80415584300681,
7.47673490122952,8.14931395945223,8.82189301767493,9.15818254678629,9.49735190855584),
 .UNSPECIFIED.);
#144=B_SPLINE_SURFACE_WITH_KNOTS('',3,3,((#5854,#5855,#5856,#5857,#5858,
#5859,#5860,#5861,#5862,#5863,#5864,#5865,#5866,#5867,#5868,#5869),(#5870,
#5871,#5872,#5873,#5874,#5875,#5876,#5877,#5878,#5879,#5880,#5881,#5882,
#5883,#5884,#5885),(#5886,#5887,#5888,#5889,#5890,#5891,#5892,#5893,#5894,
#5895,#5896,#5897,#5898,#5899,#5900,#5901),(#5902,#5903,#5904,#5905,#5906,
#5907,#5908,#5909,#5910,#5911,#5912,#5913,#5914,#5915,#5916,#5917)),
 .UNSPECIFIED.,.F.,.F.,.F.,(4,4),(4,1,1,1,1,1,1,1,1,1,1,1,1,4),(0.,1.00289316338393),
(-0.00289316338393011,0.339088288424915,0.67817657684983,1.35635315369966,
2.03452973054949,2.71270630739932,4.06905946109899,5.42541261479865,6.78176576849831,
7.45994234534814,8.13811892219798,8.81629549904781,9.15538378747272,9.49736523928157),
 .UNSPECIFIED.);
#145=B_SPLINE_SURFACE_WITH_KNOTS('',3,3,((#6240,#6241,#6242,#6243,#6244,
#6245,#6246,#6247,#6248,#6249,#6250,#6251,#6252,#6253,#6254,#6255),(#6256,
#6257,#6258,#6259,#6260,#6261,#6262,#6263,#6264,#6265,#6266,#6267,#6268,
#6269,#6270,#6271),(#6272,#6273,#6274,#6275,#6276,#6277,#6278,#6279,#6280,
#6281,#6282,#6283,#6284,#6285,#6286,#6287),(#6288,#6289,#6290,#6291,#6292,
#6293,#6294,#6295,#6296,#6297,#6298,#6299,#6300,#6301,#6302,#6303)),
 .UNSPECIFIED.,.F.,.F.,.F.,(4,4),(4,1,1,1,1,1,1,1,1,1,1,1,1,4),(0.,1.00289316338404),
(-0.00289316338404139,0.339088288424914,0.67817657684983,1.35635315369966,
2.03452973054949,2.71270630739932,4.06905946109899,5.42541261479865,6.78176576849831,
7.45994234534814,8.13811892219797,8.8162954990478,9.15538378747272,9.49736523928168),
 .UNSPECIFIED.);
#146=B_SPLINE_SURFACE_WITH_KNOTS('',3,3,((#6322,#6323,#6324,#6325,#6326,
#6327,#6328,#6329,#6330,#6331,#6332,#6333,#6334,#6335,#6336,#6337),(#6338,
#6339,#6340,#6341,#6342,#6343,#6344,#6345,#6346,#6347,#6348,#6349,#6350,
#6351,#6352,#6353),(#6354,#6355,#6356,#6357,#6358,#6359,#6360,#6361,#6362,
#6363,#6364,#6365,#6366,#6367,#6368,#6369),(#6370,#6371,#6372,#6373,#6374,
#6375,#6376,#6377,#6378,#6379,#6380,#6381,#6382,#6383,#6384,#6385)),
 .UNSPECIFIED.,.F.,.F.,.F.,(4,4),(4,1,1,1,1,1,1,1,1,1,1,1,1,4),(0.,1.00281765699529),
(-0.00281765699528649,0.336289528444973,0.672579056889947,1.3451581137799,
2.01773717066984,2.69031622755979,4.03547434133969,5.38063245511959,6.72579056889948,
7.39836962578943,8.07094868267938,8.74352773956933,9.0798172680143,9.41892445345457),
 .UNSPECIFIED.);
#147=CYLINDRICAL_SURFACE('',#2548,52.4);
#148=CYLINDRICAL_SURFACE('',#2589,1.00992063492063);
#149=CYLINDRICAL_SURFACE('',#2590,50.4);
#150=CYLINDRICAL_SURFACE('',#2592,1.00992063492062);
#151=CYLINDRICAL_SURFACE('',#2608,1.00992063492062);
#152=CYLINDRICAL_SURFACE('',#2609,50.4);
#153=CYLINDRICAL_SURFACE('',#2611,1.00992063492062);
#154=CYLINDRICAL_SURFACE('',#2627,1.00992063492062);
#155=CYLINDRICAL_SURFACE('',#2628,50.4);
#156=CYLINDRICAL_SURFACE('',#2630,1.00992063492062);
#157=CYLINDRICAL_SURFACE('',#2646,1.00992063492063);
#158=CYLINDRICAL_SURFACE('',#2647,50.4);
#159=CYLINDRICAL_SURFACE('',#2649,1.00992063492062);
#160=CYLINDRICAL_SURFACE('',#2707,5.25);
#161=CYLINDRICAL_SURFACE('',#2716,52.4);
#162=CYLINDRICAL_SURFACE('',#2727,2.00000000000031);
#163=CYLINDRICAL_SURFACE('',#2731,2.00000054172489);
#164=CYLINDRICAL_SURFACE('',#2733,1.99999999999967);
#165=CYLINDRICAL_SURFACE('',#2735,1.99999999999999);
#166=CYLINDRICAL_SURFACE('',#2736,1.);
#167=CYLINDRICAL_SURFACE('',#2740,50.4);
#168=CYLINDRICAL_SURFACE('',#2741,51.0082127838241);
#169=CYLINDRICAL_SURFACE('',#2742,1.00000000000032);
#170=CYLINDRICAL_SURFACE('',#2743,1.50000000000009);
#171=CYLINDRICAL_SURFACE('',#2744,1.7);
#172=CYLINDRICAL_SURFACE('',#2750,53.);
#173=CYLINDRICAL_SURFACE('',#2755,52.4);
#174=FACE_OUTER_BOUND('',#314,.T.);
#175=FACE_OUTER_BOUND('',#315,.T.);
#176=FACE_OUTER_BOUND('',#316,.T.);
#177=FACE_OUTER_BOUND('',#317,.T.);
#178=FACE_OUTER_BOUND('',#318,.T.);
#179=FACE_OUTER_BOUND('',#319,.T.);
#180=FACE_OUTER_BOUND('',#320,.T.);
#181=FACE_OUTER_BOUND('',#321,.T.);
#182=FACE_OUTER_BOUND('',#322,.T.);
#183=FACE_OUTER_BOUND('',#323,.T.);
#184=FACE_OUTER_BOUND('',#325,.T.);
#185=FACE_OUTER_BOUND('',#333,.T.);
#186=FACE_OUTER_BOUND('',#334,.T.);
#187=FACE_OUTER_BOUND('',#335,.T.);
#188=FACE_OUTER_BOUND('',#336,.T.);
#189=FACE_OUTER_BOUND('',#337,.T.);
#190=FACE_OUTER_BOUND('',#338,.T.);
#191=FACE_OUTER_BOUND('',#339,.T.);
#192=FACE_OUTER_BOUND('',#340,.T.);
#193=FACE_OUTER_BOUND('',#341,.T.);
#194=FACE_OUTER_BOUND('',#343,.T.);
#195=FACE_OUTER_BOUND('',#344,.T.);
#196=FACE_OUTER_BOUND('',#345,.T.);
#197=FACE_OUTER_BOUND('',#346,.T.);
#198=FACE_OUTER_BOUND('',#347,.T.);
#199=FACE_OUTER_BOUND('',#348,.T.);
#200=FACE_OUTER_BOUND('',#349,.T.);
#201=FACE_OUTER_BOUND('',#350,.T.);
#202=FACE_OUTER_BOUND('',#351,.T.);
#203=FACE_OUTER_BOUND('',#352,.T.);
#204=FACE_OUTER_BOUND('',#353,.T.);
#205=FACE_OUTER_BOUND('',#354,.T.);
#206=FACE_OUTER_BOUND('',#355,.T.);
#207=FACE_OUTER_BOUND('',#356,.T.);
#208=FACE_OUTER_BOUND('',#357,.T.);
#209=FACE_OUTER_BOUND('',#358,.T.);
#210=FACE_OUTER_BOUND('',#359,.T.);
#211=FACE_OUTER_BOUND('',#360,.T.);
#212=FACE_OUTER_BOUND('',#361,.T.);
#213=FACE_OUTER_BOUND('',#362,.T.);
#214=FACE_OUTER_BOUND('',#363,.T.);
#215=FACE_OUTER_BOUND('',#364,.T.);
#216=FACE_OUTER_BOUND('',#365,.T.);
#217=FACE_OUTER_BOUND('',#366,.T.);
#218=FACE_OUTER_BOUND('',#367,.T.);
#219=FACE_OUTER_BOUND('',#368,.T.);
#220=FACE_OUTER_BOUND('',#369,.T.);
#221=FACE_OUTER_BOUND('',#370,.T.);
#222=FACE_OUTER_BOUND('',#371,.T.);
#223=FACE_OUTER_BOUND('',#372,.T.);
#224=FACE_OUTER_BOUND('',#373,.T.);
#225=FACE_OUTER_BOUND('',#374,.T.);
#226=FACE_OUTER_BOUND('',#375,.T.);
#227=FACE_OUTER_BOUND('',#376,.T.);
#228=FACE_OUTER_BOUND('',#377,.T.);
#229=FACE_OUTER_BOUND('',#378,.T.);
#230=FACE_OUTER_BOUND('',#379,.T.);
#231=FACE_OUTER_BOUND('',#380,.T.);
#232=FACE_OUTER_BOUND('',#381,.T.);
#233=FACE_OUTER_BOUND('',#382,.T.);
#234=FACE_OUTER_BOUND('',#383,.T.);
#235=FACE_OUTER_BOUND('',#384,.T.);
#236=FACE_OUTER_BOUND('',#385,.T.);
#237=FACE_OUTER_BOUND('',#386,.T.);
#238=FACE_OUTER_BOUND('',#387,.T.);
#239=FACE_OUTER_BOUND('',#388,.T.);
#240=FACE_OUTER_BOUND('',#389,.T.);
#241=FACE_OUTER_BOUND('',#390,.T.);
#242=FACE_OUTER_BOUND('',#391,.T.);
#243=FACE_OUTER_BOUND('',#392,.T.);
#244=FACE_OUTER_BOUND('',#393,.T.);
#245=FACE_OUTER_BOUND('',#394,.T.);
#246=FACE_OUTER_BOUND('',#395,.T.);
#247=FACE_OUTER_BOUND('',#396,.T.);
#248=FACE_OUTER_BOUND('',#397,.T.);
#249=FACE_OUTER_BOUND('',#398,.T.);
#250=FACE_OUTER_BOUND('',#399,.T.);
#251=FACE_OUTER_BOUND('',#400,.T.);
#252=FACE_OUTER_BOUND('',#401,.T.);
#253=FACE_OUTER_BOUND('',#402,.T.);
#254=FACE_OUTER_BOUND('',#403,.T.);
#255=FACE_OUTER_BOUND('',#404,.T.);
#256=FACE_OUTER_BOUND('',#405,.T.);
#257=FACE_OUTER_BOUND('',#406,.T.);
#258=FACE_OUTER_BOUND('',#407,.T.);
#259=FACE_OUTER_BOUND('',#408,.T.);
#260=FACE_OUTER_BOUND('',#409,.T.);
#261=FACE_OUTER_BOUND('',#410,.T.);
#262=FACE_OUTER_BOUND('',#411,.T.);
#263=FACE_OUTER_BOUND('',#412,.T.);
#264=FACE_OUTER_BOUND('',#413,.T.);
#265=FACE_OUTER_BOUND('',#414,.T.);
#266=FACE_OUTER_BOUND('',#415,.T.);
#267=FACE_OUTER_BOUND('',#416,.T.);
#268=FACE_OUTER_BOUND('',#417,.T.);
#269=FACE_OUTER_BOUND('',#418,.T.);
#270=FACE_OUTER_BOUND('',#419,.T.);
#271=FACE_OUTER_BOUND('',#420,.T.);
#272=FACE_OUTER_BOUND('',#421,.T.);
#273=FACE_OUTER_BOUND('',#422,.T.);
#274=FACE_OUTER_BOUND('',#423,.T.);
#275=FACE_OUTER_BOUND('',#424,.T.);
#276=FACE_OUTER_BOUND('',#425,.T.);
#277=FACE_OUTER_BOUND('',#426,.T.);
#278=FACE_OUTER_BOUND('',#427,.T.);
#279=FACE_OUTER_BOUND('',#428,.T.);
#280=FACE_OUTER_BOUND('',#429,.T.);
#281=FACE_OUTER_BOUND('',#430,.T.);
#282=FACE_OUTER_BOUND('',#431,.T.);
#283=FACE_OUTER_BOUND('',#432,.T.);
#284=FACE_OUTER_BOUND('',#433,.T.);
#285=FACE_OUTER_BOUND('',#434,.T.);
#286=FACE_OUTER_BOUND('',#439,.T.);
#287=FACE_OUTER_BOUND('',#440,.T.);
#288=FACE_OUTER_BOUND('',#441,.T.);
#289=FACE_OUTER_BOUND('',#442,.T.);
#290=FACE_OUTER_BOUND('',#443,.T.);
#291=FACE_OUTER_BOUND('',#444,.T.);
#292=FACE_OUTER_BOUND('',#445,.T.);
#293=FACE_OUTER_BOUND('',#446,.T.);
#294=FACE_OUTER_BOUND('',#447,.T.);
#295=FACE_OUTER_BOUND('',#448,.T.);
#296=FACE_OUTER_BOUND('',#449,.T.);
#297=FACE_OUTER_BOUND('',#450,.T.);
#298=FACE_OUTER_BOUND('',#451,.T.);
#299=FACE_OUTER_BOUND('',#452,.T.);
#300=FACE_OUTER_BOUND('',#453,.T.);
#301=FACE_OUTER_BOUND('',#454,.T.);
#302=FACE_OUTER_BOUND('',#455,.T.);
#303=FACE_OUTER_BOUND('',#456,.T.);
#304=FACE_OUTER_BOUND('',#457,.T.);
#305=FACE_OUTER_BOUND('',#458,.T.);
#306=FACE_OUTER_BOUND('',#459,.T.);
#307=FACE_OUTER_BOUND('',#460,.T.);
#308=FACE_OUTER_BOUND('',#461,.T.);
#309=FACE_OUTER_BOUND('',#462,.T.);
#310=FACE_OUTER_BOUND('',#463,.T.);
#311=FACE_OUTER_BOUND('',#464,.T.);
#312=FACE_OUTER_BOUND('',#465,.T.);
#313=FACE_OUTER_BOUND('',#466,.T.);
#314=EDGE_LOOP('',(#1580,#1581,#1582,#1583));
#315=EDGE_LOOP('',(#1584,#1585,#1586,#1587));
#316=EDGE_LOOP('',(#1588,#1589,#1590,#1591,#1592,#1593,#1594,#1595,#1596));
#317=EDGE_LOOP('',(#1597,#1598,#1599,#1600,#1601,#1602,#1603,#1604));
#318=EDGE_LOOP('',(#1605,#1606,#1607,#1608));
#319=EDGE_LOOP('',(#1609,#1610,#1611,#1612));
#320=EDGE_LOOP('',(#1613,#1614,#1615,#1616));
#321=EDGE_LOOP('',(#1617,#1618,#1619,#1620));
#322=EDGE_LOOP('',(#1621,#1622,#1623,#1624));
#323=EDGE_LOOP('',(#1625,#1626,#1627,#1628,#1629,#1630));
#324=EDGE_LOOP('',(#1631,#1632,#1633,#1634,#1635,#1636,#1637,#1638));
#325=EDGE_LOOP('',(#1639,#1640,#1641,#1642));
#326=EDGE_LOOP('',(#1643,#1644,#1645,#1646,#1647,#1648,#1649,#1650,#1651));
#327=EDGE_LOOP('',(#1652,#1653,#1654));
#328=EDGE_LOOP('',(#1655,#1656,#1657,#1658,#1659,#1660,#1661,#1662,#1663,
#1664));
#329=EDGE_LOOP('',(#1665,#1666,#1667,#1668));
#330=EDGE_LOOP('',(#1669,#1670,#1671,#1672));
#331=EDGE_LOOP('',(#1673,#1674,#1675,#1676,#1677,#1678,#1679,#1680,#1681,
#1682,#1683,#1684,#1685,#1686));
#332=EDGE_LOOP('',(#1687,#1688,#1689,#1690));
#333=EDGE_LOOP('',(#1691,#1692,#1693,#1694));
#334=EDGE_LOOP('',(#1695,#1696,#1697,#1698));
#335=EDGE_LOOP('',(#1699,#1700,#1701,#1702));
#336=EDGE_LOOP('',(#1703,#1704,#1705,#1706));
#337=EDGE_LOOP('',(#1707,#1708,#1709,#1710));
#338=EDGE_LOOP('',(#1711,#1712,#1713,#1714));
#339=EDGE_LOOP('',(#1715,#1716,#1717,#1718));
#340=EDGE_LOOP('',(#1719,#1720,#1721,#1722));
#341=EDGE_LOOP('',(#1723,#1724,#1725,#1726,#1727,#1728));
#342=EDGE_LOOP('',(#1729,#1730,#1731,#1732,#1733,#1734,#1735,#1736));
#343=EDGE_LOOP('',(#1737,#1738,#1739,#1740));
#344=EDGE_LOOP('',(#1741,#1742,#1743,#1744,#1745,#1746,#1747));
#345=EDGE_LOOP('',(#1748,#1749,#1750,#1751));
#346=EDGE_LOOP('',(#1752,#1753,#1754,#1755));
#347=EDGE_LOOP('',(#1756,#1757,#1758,#1759));
#348=EDGE_LOOP('',(#1760,#1761,#1762,#1763));
#349=EDGE_LOOP('',(#1764,#1765,#1766,#1767));
#350=EDGE_LOOP('',(#1768,#1769,#1770,#1771));
#351=EDGE_LOOP('',(#1772,#1773,#1774,#1775));
#352=EDGE_LOOP('',(#1776,#1777,#1778,#1779));
#353=EDGE_LOOP('',(#1780,#1781,#1782,#1783));
#354=EDGE_LOOP('',(#1784,#1785,#1786,#1787));
#355=EDGE_LOOP('',(#1788,#1789,#1790,#1791));
#356=EDGE_LOOP('',(#1792,#1793,#1794,#1795));
#357=EDGE_LOOP('',(#1796,#1797,#1798,#1799));
#358=EDGE_LOOP('',(#1800,#1801,#1802,#1803));
#359=EDGE_LOOP('',(#1804,#1805,#1806,#1807));
#360=EDGE_LOOP('',(#1808,#1809,#1810,#1811));
#361=EDGE_LOOP('',(#1812,#1813,#1814,#1815));
#362=EDGE_LOOP('',(#1816,#1817,#1818,#1819));
#363=EDGE_LOOP('',(#1820,#1821,#1822,#1823));
#364=EDGE_LOOP('',(#1824,#1825,#1826,#1827));
#365=EDGE_LOOP('',(#1828,#1829,#1830,#1831));
#366=EDGE_LOOP('',(#1832,#1833,#1834,#1835));
#367=EDGE_LOOP('',(#1836,#1837,#1838,#1839));
#368=EDGE_LOOP('',(#1840,#1841,#1842,#1843));
#369=EDGE_LOOP('',(#1844,#1845,#1846,#1847));
#370=EDGE_LOOP('',(#1848,#1849,#1850,#1851));
#371=EDGE_LOOP('',(#1852,#1853,#1854,#1855));
#372=EDGE_LOOP('',(#1856,#1857,#1858,#1859));
#373=EDGE_LOOP('',(#1860,#1861,#1862,#1863));
#374=EDGE_LOOP('',(#1864,#1865,#1866,#1867));
#375=EDGE_LOOP('',(#1868,#1869,#1870,#1871));
#376=EDGE_LOOP('',(#1872,#1873,#1874,#1875));
#377=EDGE_LOOP('',(#1876,#1877,#1878,#1879));
#378=EDGE_LOOP('',(#1880,#1881,#1882,#1883));
#379=EDGE_LOOP('',(#1884,#1885,#1886,#1887));
#380=EDGE_LOOP('',(#1888,#1889,#1890,#1891));
#381=EDGE_LOOP('',(#1892,#1893,#1894,#1895));
#382=EDGE_LOOP('',(#1896,#1897,#1898,#1899));
#383=EDGE_LOOP('',(#1900,#1901,#1902,#1903));
#384=EDGE_LOOP('',(#1904,#1905,#1906,#1907));
#385=EDGE_LOOP('',(#1908,#1909,#1910,#1911));
#386=EDGE_LOOP('',(#1912,#1913,#1914,#1915));
#387=EDGE_LOOP('',(#1916,#1917,#1918,#1919));
#388=EDGE_LOOP('',(#1920,#1921,#1922,#1923));
#389=EDGE_LOOP('',(#1924,#1925,#1926,#1927));
#390=EDGE_LOOP('',(#1928,#1929,#1930,#1931));
#391=EDGE_LOOP('',(#1932,#1933,#1934,#1935));
#392=EDGE_LOOP('',(#1936,#1937,#1938,#1939));
#393=EDGE_LOOP('',(#1940,#1941,#1942,#1943));
#394=EDGE_LOOP('',(#1944,#1945,#1946,#1947));
#395=EDGE_LOOP('',(#1948,#1949,#1950,#1951));
#396=EDGE_LOOP('',(#1952,#1953,#1954,#1955));
#397=EDGE_LOOP('',(#1956,#1957,#1958,#1959));
#398=EDGE_LOOP('',(#1960,#1961,#1962,#1963));
#399=EDGE_LOOP('',(#1964,#1965,#1966,#1967));
#400=EDGE_LOOP('',(#1968,#1969,#1970,#1971));
#401=EDGE_LOOP('',(#1972,#1973,#1974,#1975));
#402=EDGE_LOOP('',(#1976,#1977,#1978,#1979));
#403=EDGE_LOOP('',(#1980,#1981,#1982,#1983));
#404=EDGE_LOOP('',(#1984,#1985,#1986,#1987,#1988,#1989,#1990,#1991,#1992,
#1993,#1994,#1995,#1996,#1997));
#405=EDGE_LOOP('',(#1998,#1999,#2000,#2001));
#406=EDGE_LOOP('',(#2002,#2003,#2004,#2005));
#407=EDGE_LOOP('',(#2006,#2007,#2008,#2009));
#408=EDGE_LOOP('',(#2010,#2011,#2012,#2013));
#409=EDGE_LOOP('',(#2014,#2015,#2016,#2017));
#410=EDGE_LOOP('',(#2018,#2019,#2020,#2021));
#411=EDGE_LOOP('',(#2022,#2023,#2024,#2025));
#412=EDGE_LOOP('',(#2026,#2027,#2028,#2029));
#413=EDGE_LOOP('',(#2030,#2031,#2032,#2033));
#414=EDGE_LOOP('',(#2034,#2035,#2036,#2037));
#415=EDGE_LOOP('',(#2038,#2039,#2040,#2041));
#416=EDGE_LOOP('',(#2042,#2043,#2044,#2045));
#417=EDGE_LOOP('',(#2046,#2047,#2048,#2049));
#418=EDGE_LOOP('',(#2050,#2051,#2052,#2053));
#419=EDGE_LOOP('',(#2054,#2055,#2056,#2057));
#420=EDGE_LOOP('',(#2058,#2059,#2060,#2061));
#421=EDGE_LOOP('',(#2062,#2063,#2064,#2065));
#422=EDGE_LOOP('',(#2066,#2067,#2068,#2069));
#423=EDGE_LOOP('',(#2070,#2071,#2072,#2073));
#424=EDGE_LOOP('',(#2074,#2075,#2076,#2077));
#425=EDGE_LOOP('',(#2078,#2079,#2080,#2081,#2082,#2083,#2084,#2085,#2086,
#2087));
#426=EDGE_LOOP('',(#2088,#2089,#2090,#2091));
#427=EDGE_LOOP('',(#2092,#2093,#2094,#2095));
#428=EDGE_LOOP('',(#2096,#2097,#2098,#2099));
#429=EDGE_LOOP('',(#2100,#2101,#2102));
#430=EDGE_LOOP('',(#2103,#2104,#2105,#2106,#2107,#2108,#2109,#2110,#2111,
#2112,#2113));
#431=EDGE_LOOP('',(#2114,#2115,#2116,#2117));
#432=EDGE_LOOP('',(#2118,#2119,#2120,#2121));
#433=EDGE_LOOP('',(#2122,#2123,#2124,#2125,#2126,#2127));
#434=EDGE_LOOP('',(#2128,#2129,#2130,#2131,#2132,#2133,#2134,#2135,#2136,
#2137,#2138,#2139,#2140,#2141,#2142,#2143,#2144,#2145));
#435=EDGE_LOOP('',(#2146,#2147,#2148,#2149,#2150,#2151));
#436=EDGE_LOOP('',(#2152,#2153,#2154,#2155,#2156,#2157));
#437=EDGE_LOOP('',(#2158,#2159,#2160,#2161,#2162,#2163));
#438=EDGE_LOOP('',(#2164,#2165,#2166,#2167,#2168,#2169));
#439=EDGE_LOOP('',(#2170,#2171,#2172,#2173));
#440=EDGE_LOOP('',(#2174,#2175,#2176,#2177));
#441=EDGE_LOOP('',(#2178,#2179,#2180,#2181));
#442=EDGE_LOOP('',(#2182,#2183,#2184,#2185,#2186,#2187));
#443=EDGE_LOOP('',(#2188,#2189,#2190,#2191));
#444=EDGE_LOOP('',(#2192,#2193,#2194,#2195));
#445=EDGE_LOOP('',(#2196,#2197,#2198,#2199));
#446=EDGE_LOOP('',(#2200,#2201,#2202,#2203,#2204,#2205));
#447=EDGE_LOOP('',(#2206,#2207,#2208,#2209));
#448=EDGE_LOOP('',(#2210,#2211,#2212,#2213,#2214,#2215,#2216,#2217,#2218));
#449=EDGE_LOOP('',(#2219,#2220,#2221,#2222));
#450=EDGE_LOOP('',(#2223,#2224,#2225,#2226));
#451=EDGE_LOOP('',(#2227,#2228,#2229,#2230));
#452=EDGE_LOOP('',(#2231,#2232,#2233,#2234));
#453=EDGE_LOOP('',(#2235,#2236,#2237,#2238));
#454=EDGE_LOOP('',(#2239,#2240,#2241,#2242,#2243,#2244,#2245,#2246,#2247));
#455=EDGE_LOOP('',(#2248,#2249,#2250,#2251,#2252,#2253));
#456=EDGE_LOOP('',(#2254,#2255,#2256,#2257,#2258,#2259));
#457=EDGE_LOOP('',(#2260,#2261,#2262,#2263,#2264,#2265));
#458=EDGE_LOOP('',(#2266,#2267,#2268,#2269,#2270,#2271));
#459=EDGE_LOOP('',(#2272,#2273,#2274,#2275,#2276,#2277,#2278,#2279,#2280,
#2281));
#460=EDGE_LOOP('',(#2282,#2283,#2284,#2285,#2286,#2287));
#461=EDGE_LOOP('',(#2288,#2289,#2290,#2291));
#462=EDGE_LOOP('',(#2292,#2293,#2294,#2295));
#463=EDGE_LOOP('',(#2296,#2297,#2298,#2299,#2300,#2301));
#464=EDGE_LOOP('',(#2302,#2303,#2304,#2305,#2306,#2307));
#465=EDGE_LOOP('',(#2308,#2309,#2310,#2311,#2312,#2313));
#466=EDGE_LOOP('',(#2314,#2315,#2316,#2317,#2318,#2319));
#467=CIRCLE('',#2546,53.);
#468=CIRCLE('',#2547,52.4);
#469=CIRCLE('',#2549,52.4);
#470=CIRCLE('',#2552,1.);
#471=CIRCLE('',#2553,1.7);
#472=CIRCLE('',#2554,1.50000000000009);
#473=CIRCLE('',#2555,1.00000000000032);
#474=CIRCLE('',#2556,51.0082127838241);
#475=CIRCLE('',#2557,52.9828427124745);
#476=CIRCLE('',#2558,50.4);
#477=CIRCLE('',#2559,0.481541658466058);
#478=CIRCLE('',#2560,3.64595846454302);
#479=CIRCLE('',#2561,3.98991679787635);
#480=CIRCLE('',#2562,1.30704165026545);
#481=CIRCLE('',#2563,1.65100006560484);
#482=CIRCLE('',#2564,2.47649993439515);
#483=CIRCLE('',#2565,2.82045826772848);
#484=CIRCLE('',#2567,201.811421993379);
#485=CIRCLE('',#2569,52.4);
#486=CIRCLE('',#2570,201.811420099884);
#487=CIRCLE('',#2571,52.8);
#488=CIRCLE('',#2578,0.609920634920624);
#489=CIRCLE('',#2579,1.00992063492062);
#490=CIRCLE('',#2581,50.8);
#491=CIRCLE('',#2582,50.4);
#492=CIRCLE('',#2584,0.609920634920627);
#493=CIRCLE('',#2585,1.00992063492063);
#494=CIRCLE('',#2591,50.4);
#495=CIRCLE('',#2597,0.609920634920619);
#496=CIRCLE('',#2598,1.00992063492062);
#497=CIRCLE('',#2600,50.8);
#498=CIRCLE('',#2601,50.4);
#499=CIRCLE('',#2603,0.609920634920623);
#500=CIRCLE('',#2604,1.00992063492062);
#501=CIRCLE('',#2610,50.4);
#502=CIRCLE('',#2616,0.609920634920619);
#503=CIRCLE('',#2617,1.00992063492062);
#504=CIRCLE('',#2619,50.8);
#505=CIRCLE('',#2620,50.4);
#506=CIRCLE('',#2622,0.609920634920623);
#507=CIRCLE('',#2623,1.00992063492062);
#508=CIRCLE('',#2629,50.4);
#509=CIRCLE('',#2635,0.60992063492062);
#510=CIRCLE('',#2636,1.00992063492062);
#511=CIRCLE('',#2638,50.8);
#512=CIRCLE('',#2639,50.4);
#513=CIRCLE('',#2641,0.609920634920627);
#514=CIRCLE('',#2642,1.00992063492063);
#515=CIRCLE('',#2648,50.4);
#516=CIRCLE('',#2653,2.7146620793034);
#517=CIRCLE('',#2656,2.58229612282023);
#518=CIRCLE('',#2675,1.54520387717976);
#519=CIRCLE('',#2678,1.41283783869053);
#520=CIRCLE('',#2681,131.757330446145);
#521=CIRCLE('',#2682,133.000507390596);
#522=CIRCLE('',#2684,3.88412060945127);
#523=CIRCLE('',#2685,133.000507412357);
#524=CIRCLE('',#2687,131.757330465045);
#525=CIRCLE('',#2689,3.7517546529681);
#526=CIRCLE('',#2703,0.375745470040978);
#527=CIRCLE('',#2710,53.);
#528=CIRCLE('',#2711,52.4);
#529=CIRCLE('',#2713,52.4);
#530=CIRCLE('',#2714,52.4);
#531=CIRCLE('',#2715,53.);
#532=CIRCLE('',#2717,52.4);
#533=CIRCLE('',#2718,52.4);
#534=CIRCLE('',#2719,52.4);
#535=CIRCLE('',#2720,52.4);
#536=CIRCLE('',#2721,52.4);
#537=CIRCLE('',#2722,52.4);
#538=CIRCLE('',#2723,52.4);
#539=CIRCLE('',#2724,52.4);
#540=CIRCLE('',#2725,52.4);
#541=CIRCLE('',#2726,52.4);
#542=CIRCLE('',#2729,53.);
#543=CIRCLE('',#2738,50.4);
#544=CIRCLE('',#2739,51.0082127838241);
#545=CIRCLE('',#2751,53.);
#546=CIRCLE('',#2752,53.);
#547=CIRCLE('',#2754,52.4);
#548=CIRCLE('',#2756,52.4);
#549=LINE('',#3413,#760);
#550=LINE('',#3417,#761);
#551=LINE('',#3421,#762);
#552=LINE('',#3423,#763);
#553=LINE('',#3427,#764);
#554=LINE('',#3429,#765);
#555=LINE('',#3431,#766);
#556=LINE('',#3433,#767);
#557=LINE('',#3435,#768);
#558=LINE('',#3437,#769);
#559=LINE('',#3438,#770);
#560=LINE('',#3493,#771);
#561=LINE('',#3597,#772);
#562=LINE('',#3691,#773);
#563=LINE('',#3707,#774);
#564=LINE('',#3959,#775);
#565=LINE('',#4036,#776);
#566=LINE('',#4532,#777);
#567=LINE('',#4835,#778);
#568=LINE('',#4843,#779);
#569=LINE('',#4870,#780);
#570=LINE('',#5211,#781);
#571=LINE('',#5312,#782);
#572=LINE('',#5360,#783);
#573=LINE('',#5367,#784);
#574=LINE('',#5368,#785);
#575=LINE('',#5371,#786);
#576=LINE('',#5373,#787);
#577=LINE('',#5375,#788);
#578=LINE('',#5377,#789);
#579=LINE('',#5379,#790);
#580=LINE('',#5381,#791);
#581=LINE('',#5383,#792);
#582=LINE('',#5385,#793);
#583=LINE('',#5387,#794);
#584=LINE('',#5388,#795);
#585=LINE('',#5391,#796);
#586=LINE('',#5395,#797);
#587=LINE('',#5399,#798);
#588=LINE('',#5403,#799);
#589=LINE('',#5407,#800);
#590=LINE('',#5409,#801);
#591=LINE('',#5411,#802);
#592=LINE('',#5413,#803);
#593=LINE('',#5415,#804);
#594=LINE('',#5417,#805);
#595=LINE('',#5419,#806);
#596=LINE('',#5421,#807);
#597=LINE('',#5423,#808);
#598=LINE('',#5425,#809);
#599=LINE('',#5427,#810);
#600=LINE('',#5429,#811);
#601=LINE('',#5431,#812);
#602=LINE('',#5432,#813);
#603=LINE('',#5435,#814);
#604=LINE('',#5439,#815);
#605=LINE('',#5444,#816);
#606=LINE('',#5453,#817);
#607=LINE('',#5820,#818);
#608=LINE('',#5852,#819);
#609=LINE('',#5853,#820);
#610=LINE('',#5919,#821);
#611=LINE('',#6305,#822);
#612=LINE('',#6408,#823);
#613=LINE('',#6416,#824);
#614=LINE('',#6443,#825);
#615=LINE('',#6444,#826);
#616=LINE('',#6451,#827);
#617=LINE('',#6453,#828);
#618=LINE('',#6454,#829);
#619=LINE('',#6458,#830);
#620=LINE('',#6464,#831);
#621=LINE('',#6470,#832);
#622=LINE('',#6477,#833);
#623=LINE('',#6478,#834);
#624=LINE('',#6481,#835);
#625=LINE('',#6483,#836);
#626=LINE('',#6484,#837);
#627=LINE('',#6487,#838);
#628=LINE('',#6500,#839);
#629=LINE('',#6504,#840);
#630=LINE('',#6517,#841);
#631=LINE('',#6518,#842);
#632=LINE('',#6524,#843);
#633=LINE('',#6526,#844);
#634=LINE('',#6527,#845);
#635=LINE('',#6531,#846);
#636=LINE('',#6537,#847);
#637=LINE('',#6543,#848);
#638=LINE('',#6550,#849);
#639=LINE('',#6551,#850);
#640=LINE('',#6554,#851);
#641=LINE('',#6556,#852);
#642=LINE('',#6557,#853);
#643=LINE('',#6560,#854);
#644=LINE('',#6573,#855);
#645=LINE('',#6577,#856);
#646=LINE('',#6590,#857);
#647=LINE('',#6591,#858);
#648=LINE('',#6597,#859);
#649=LINE('',#6599,#860);
#650=LINE('',#6600,#861);
#651=LINE('',#6604,#862);
#652=LINE('',#6610,#863);
#653=LINE('',#6616,#864);
#654=LINE('',#6623,#865);
#655=LINE('',#6624,#866);
#656=LINE('',#6627,#867);
#657=LINE('',#6629,#868);
#658=LINE('',#6630,#869);
#659=LINE('',#6633,#870);
#660=LINE('',#6646,#871);
#661=LINE('',#6650,#872);
#662=LINE('',#6663,#873);
#663=LINE('',#6664,#874);
#664=LINE('',#6670,#875);
#665=LINE('',#6672,#876);
#666=LINE('',#6673,#877);
#667=LINE('',#6677,#878);
#668=LINE('',#6683,#879);
#669=LINE('',#6689,#880);
#670=LINE('',#6696,#881);
#671=LINE('',#6697,#882);
#672=LINE('',#6700,#883);
#673=LINE('',#6702,#884);
#674=LINE('',#6703,#885);
#675=LINE('',#6706,#886);
#676=LINE('',#6719,#887);
#677=LINE('',#6723,#888);
#678=LINE('',#6736,#889);
#679=LINE('',#6737,#890);
#680=LINE('',#6741,#891);
#681=LINE('',#6756,#892);
#682=LINE('',#6766,#893);
#683=LINE('',#6767,#894);
#684=LINE('',#6768,#895);
#685=LINE('',#6771,#896);
#686=LINE('',#6772,#897);
#687=LINE('',#6775,#898);
#688=LINE('',#6776,#899);
#689=LINE('',#6779,#900);
#690=LINE('',#6780,#901);
#691=LINE('',#6783,#902);
#692=LINE('',#6784,#903);
#693=LINE('',#6787,#904);
#694=LINE('',#6788,#905);
#695=LINE('',#6791,#906);
#696=LINE('',#6792,#907);
#697=LINE('',#6795,#908);
#698=LINE('',#6796,#909);
#699=LINE('',#6799,#910);
#700=LINE('',#6800,#911);
#701=LINE('',#6803,#912);
#702=LINE('',#6804,#913);
#703=LINE('',#6807,#914);
#704=LINE('',#6808,#915);
#705=LINE('',#6811,#916);
#706=LINE('',#6812,#917);
#707=LINE('',#6815,#918);
#708=LINE('',#6816,#919);
#709=LINE('',#6818,#920);
#710=LINE('',#6823,#921);
#711=LINE('',#6838,#922);
#712=LINE('',#6848,#923);
#713=LINE('',#6857,#924);
#714=LINE('',#6865,#925);
#715=LINE('',#6866,#926);
#716=LINE('',#6867,#927);
#717=LINE('',#6870,#928);
#718=LINE('',#6871,#929);
#719=LINE('',#6874,#930);
#720=LINE('',#6875,#931);
#721=LINE('',#6878,#932);
#722=LINE('',#6879,#933);
#723=LINE('',#6882,#934);
#724=LINE('',#6883,#935);
#725=LINE('',#6886,#936);
#726=LINE('',#6887,#937);
#727=LINE('',#6890,#938);
#728=LINE('',#6891,#939);
#729=LINE('',#6894,#940);
#730=LINE('',#6895,#941);
#731=LINE('',#6898,#942);
#732=LINE('',#6899,#943);
#733=LINE('',#6901,#944);
#734=LINE('',#6915,#945);
#735=LINE('',#6916,#946);
#736=LINE('',#6918,#947);
#737=LINE('',#6997,#948);
#738=LINE('',#6999,#949);
#739=LINE('',#7036,#950);
#740=LINE('',#7062,#951);
#741=LINE('',#7070,#952);
#742=LINE('',#7081,#953);
#743=LINE('',#7082,#954);
#744=LINE('',#7085,#955);
#745=LINE('',#7088,#956);
#746=LINE('',#7090,#957);
#747=LINE('',#7097,#958);
#748=LINE('',#7099,#959);
#749=LINE('',#7101,#960);
#750=LINE('',#7109,#961);
#751=LINE('',#7117,#962);
#752=LINE('',#7121,#963);
#753=LINE('',#7160,#964);
#754=LINE('',#7161,#965);
#755=LINE('',#7163,#966);
#756=LINE('',#7165,#967);
#757=LINE('',#7169,#968);
#758=LINE('',#7171,#969);
#759=LINE('',#7172,#970);
#760=VECTOR('',#2766,10.);
#761=VECTOR('',#2769,10.);
#762=VECTOR('',#2774,10.);
#763=VECTOR('',#2775,10.);
#764=VECTOR('',#2780,10.);
#765=VECTOR('',#2781,10.);
#766=VECTOR('',#2782,10.);
#767=VECTOR('',#2783,10.);
#768=VECTOR('',#2784,10.);
#769=VECTOR('',#2785,10.);
#770=VECTOR('',#2786,10.);
#771=VECTOR('',#2787,10.);
#772=VECTOR('',#2788,10.);
#773=VECTOR('',#2789,10.);
#774=VECTOR('',#2790,10.);
#775=VECTOR('',#2791,10.);
#776=VECTOR('',#2792,10.);
#777=VECTOR('',#2793,10.);
#778=VECTOR('',#2794,10.);
#779=VECTOR('',#2795,10.);
#780=VECTOR('',#2796,10.);
#781=VECTOR('',#2797,10.);
#782=VECTOR('',#2798,10.);
#783=VECTOR('',#2811,10.);
#784=VECTOR('',#2818,10.);
#785=VECTOR('',#2819,10.);
#786=VECTOR('',#2820,9.99999999999999);
#787=VECTOR('',#2821,10.);
#788=VECTOR('',#2822,10.);
#789=VECTOR('',#2823,10.);
#790=VECTOR('',#2824,10.);
#791=VECTOR('',#2825,10.);
#792=VECTOR('',#2826,10.);
#793=VECTOR('',#2827,10.);
#794=VECTOR('',#2828,10.);
#795=VECTOR('',#2829,10.);
#796=VECTOR('',#2830,10.);
#797=VECTOR('',#2833,10.);
#798=VECTOR('',#2836,10.);
#799=VECTOR('',#2839,10.);
#800=VECTOR('',#2842,10.);
#801=VECTOR('',#2843,10.);
#802=VECTOR('',#2844,10.);
#803=VECTOR('',#2845,10.);
#804=VECTOR('',#2846,10.);
#805=VECTOR('',#2847,10.);
#806=VECTOR('',#2848,10.);
#807=VECTOR('',#2849,10.);
#808=VECTOR('',#2850,10.);
#809=VECTOR('',#2851,9.99999999999999);
#810=VECTOR('',#2852,10.);
#811=VECTOR('',#2853,10.);
#812=VECTOR('',#2854,10.);
#813=VECTOR('',#2855,10.);
#814=VECTOR('',#2856,10.);
#815=VECTOR('',#2859,10.);
#816=VECTOR('',#2864,10.);
#817=VECTOR('',#2865,10.);
#818=VECTOR('',#2868,10.);
#819=VECTOR('',#2879,10.);
#820=VECTOR('',#2880,10.);
#821=VECTOR('',#2881,10.);
#822=VECTOR('',#2882,10.);
#823=VECTOR('',#2883,10.);
#824=VECTOR('',#2884,10.);
#825=VECTOR('',#2887,10.);
#826=VECTOR('',#2888,10.);
#827=VECTOR('',#2895,10.);
#828=VECTOR('',#2896,10.);
#829=VECTOR('',#2897,10.);
#830=VECTOR('',#2900,10.);
#831=VECTOR('',#2907,10.);
#832=VECTOR('',#2914,10.);
#833=VECTOR('',#2923,10.);
#834=VECTOR('',#2924,10.);
#835=VECTOR('',#2927,10.);
#836=VECTOR('',#2928,10.);
#837=VECTOR('',#2929,10.);
#838=VECTOR('',#2932,10.);
#839=VECTOR('',#2935,10.);
#840=VECTOR('',#2940,10.);
#841=VECTOR('',#2943,10.);
#842=VECTOR('',#2944,10.);
#843=VECTOR('',#2949,9.99999999999999);
#844=VECTOR('',#2950,10.);
#845=VECTOR('',#2951,9.99999999999999);
#846=VECTOR('',#2954,10.);
#847=VECTOR('',#2961,10.);
#848=VECTOR('',#2968,10.);
#849=VECTOR('',#2977,10.);
#850=VECTOR('',#2978,10.);
#851=VECTOR('',#2981,10.);
#852=VECTOR('',#2982,10.);
#853=VECTOR('',#2983,10.);
#854=VECTOR('',#2986,10.);
#855=VECTOR('',#2989,10.);
#856=VECTOR('',#2994,10.);
#857=VECTOR('',#2997,10.);
#858=VECTOR('',#2998,10.);
#859=VECTOR('',#3003,9.99999999999999);
#860=VECTOR('',#3004,10.);
#861=VECTOR('',#3005,9.99999999999999);
#862=VECTOR('',#3008,10.);
#863=VECTOR('',#3015,10.);
#864=VECTOR('',#3022,10.);
#865=VECTOR('',#3031,10.);
#866=VECTOR('',#3032,10.);
#867=VECTOR('',#3035,10.);
#868=VECTOR('',#3036,10.);
#869=VECTOR('',#3037,10.);
#870=VECTOR('',#3040,10.);
#871=VECTOR('',#3043,10.);
#872=VECTOR('',#3048,10.);
#873=VECTOR('',#3051,10.);
#874=VECTOR('',#3052,10.);
#875=VECTOR('',#3057,9.99999999999999);
#876=VECTOR('',#3058,10.);
#877=VECTOR('',#3059,9.99999999999999);
#878=VECTOR('',#3062,10.);
#879=VECTOR('',#3069,10.);
#880=VECTOR('',#3076,10.);
#881=VECTOR('',#3085,10.);
#882=VECTOR('',#3086,10.);
#883=VECTOR('',#3089,10.);
#884=VECTOR('',#3090,10.);
#885=VECTOR('',#3091,10.);
#886=VECTOR('',#3094,10.);
#887=VECTOR('',#3097,10.);
#888=VECTOR('',#3102,10.);
#889=VECTOR('',#3105,10.);
#890=VECTOR('',#3106,10.);
#891=VECTOR('',#3109,10.);
#892=VECTOR('',#3116,9.99999999999999);
#893=VECTOR('',#3125,10.);
#894=VECTOR('',#3126,10.);
#895=VECTOR('',#3127,10.);
#896=VECTOR('',#3130,10.);
#897=VECTOR('',#3131,10.);
#898=VECTOR('',#3134,10.);
#899=VECTOR('',#3135,10.);
#900=VECTOR('',#3138,10.);
#901=VECTOR('',#3139,10.);
#902=VECTOR('',#3142,10.);
#903=VECTOR('',#3143,10.);
#904=VECTOR('',#3146,9.99999999999999);
#905=VECTOR('',#3147,10.);
#906=VECTOR('',#3150,10.);
#907=VECTOR('',#3151,10.);
#908=VECTOR('',#3154,10.);
#909=VECTOR('',#3155,10.);
#910=VECTOR('',#3158,10.);
#911=VECTOR('',#3159,10.);
#912=VECTOR('',#3162,10.);
#913=VECTOR('',#3163,10.);
#914=VECTOR('',#3166,10.);
#915=VECTOR('',#3167,10.);
#916=VECTOR('',#3170,10.);
#917=VECTOR('',#3171,10.);
#918=VECTOR('',#3174,10.);
#919=VECTOR('',#3175,10.);
#920=VECTOR('',#3178,10.);
#921=VECTOR('',#3183,9.99999999999999);
#922=VECTOR('',#3190,10.);
#923=VECTOR('',#3199,10.);
#924=VECTOR('',#3212,10.);
#925=VECTOR('',#3223,9.99999999999999);
#926=VECTOR('',#3224,10.);
#927=VECTOR('',#3225,10.);
#928=VECTOR('',#3228,10.);
#929=VECTOR('',#3229,10.);
#930=VECTOR('',#3232,10.);
#931=VECTOR('',#3233,10.);
#932=VECTOR('',#3236,10.);
#933=VECTOR('',#3237,10.);
#934=VECTOR('',#3240,10.);
#935=VECTOR('',#3241,10.);
#936=VECTOR('',#3244,10.);
#937=VECTOR('',#3245,10.);
#938=VECTOR('',#3248,10.);
#939=VECTOR('',#3249,10.);
#940=VECTOR('',#3252,10.);
#941=VECTOR('',#3253,10.);
#942=VECTOR('',#3256,10.);
#943=VECTOR('',#3257,10.);
#944=VECTOR('',#3260,10.);
#945=VECTOR('',#3269,9.99999999999999);
#946=VECTOR('',#3270,10.);
#947=VECTOR('',#3273,10.);
#948=VECTOR('',#3278,10.);
#949=VECTOR('',#3281,10.);
#950=VECTOR('',#3298,10.);
#951=VECTOR('',#3301,10.);
#952=VECTOR('',#3302,10.);
#953=VECTOR('',#3323,10.);
#954=VECTOR('',#3324,10.);
#955=VECTOR('',#3327,10.);
#956=VECTOR('',#3330,10.);
#957=VECTOR('',#3333,10.);
#958=VECTOR('',#3338,10.);
#959=VECTOR('',#3341,10.);
#960=VECTOR('',#3344,10.);
#961=VECTOR('',#3349,10.);
#962=VECTOR('',#3350,10.);
#963=VECTOR('',#3355,10.);
#964=VECTOR('',#3362,10.);
#965=VECTOR('',#3363,10.);
#966=VECTOR('',#3366,10.);
#967=VECTOR('',#3369,10.);
#968=VECTOR('',#3374,10.);
#969=VECTOR('',#3375,10.);
#970=VECTOR('',#3376,10.);
#971=VERTEX_POINT('',#3411);
#972=VERTEX_POINT('',#3412);
#973=VERTEX_POINT('',#3414);
#974=VERTEX_POINT('',#3416);
#975=VERTEX_POINT('',#3420);
#976=VERTEX_POINT('',#3422);
#977=VERTEX_POINT('',#3426);
#978=VERTEX_POINT('',#3428);
#979=VERTEX_POINT('',#3430);
#980=VERTEX_POINT('',#3432);
#981=VERTEX_POINT('',#3434);
#982=VERTEX_POINT('',#3436);
#983=VERTEX_POINT('',#3453);
#984=VERTEX_POINT('',#3454);
#985=VERTEX_POINT('',#3492);
#986=VERTEX_POINT('',#3494);
#987=VERTEX_POINT('',#3535);
#988=VERTEX_POINT('',#3558);
#989=VERTEX_POINT('',#3596);
#990=VERTEX_POINT('',#3598);
#991=VERTEX_POINT('',#3689);
#992=VERTEX_POINT('',#3690);
#993=VERTEX_POINT('',#3692);
#994=VERTEX_POINT('',#3706);
#995=VERTEX_POINT('',#3957);
#996=VERTEX_POINT('',#3958);
#997=VERTEX_POINT('',#4034);
#998=VERTEX_POINT('',#4035);
#999=VERTEX_POINT('',#4531);
#1000=VERTEX_POINT('',#4533);
#1001=VERTEX_POINT('',#4842);
#1002=VERTEX_POINT('',#4844);
#1003=VERTEX_POINT('',#4869);
#1004=VERTEX_POINT('',#5169);
#1005=VERTEX_POINT('',#5170);
#1006=VERTEX_POINT('',#5193);
#1007=VERTEX_POINT('',#5210);
#1008=VERTEX_POINT('',#5212);
#1009=VERTEX_POINT('',#5247);
#1010=VERTEX_POINT('',#5270);
#1011=VERTEX_POINT('',#5311);
#1012=VERTEX_POINT('',#5348);
#1013=VERTEX_POINT('',#5349);
#1014=VERTEX_POINT('',#5351);
#1015=VERTEX_POINT('',#5353);
#1016=VERTEX_POINT('',#5355);
#1017=VERTEX_POINT('',#5357);
#1018=VERTEX_POINT('',#5359);
#1019=VERTEX_POINT('',#5363);
#1020=VERTEX_POINT('',#5364);
#1021=VERTEX_POINT('',#5366);
#1022=VERTEX_POINT('',#5369);
#1023=VERTEX_POINT('',#5370);
#1024=VERTEX_POINT('',#5372);
#1025=VERTEX_POINT('',#5374);
#1026=VERTEX_POINT('',#5376);
#1027=VERTEX_POINT('',#5378);
#1028=VERTEX_POINT('',#5380);
#1029=VERTEX_POINT('',#5382);
#1030=VERTEX_POINT('',#5384);
#1031=VERTEX_POINT('',#5386);
#1032=VERTEX_POINT('',#5389);
#1033=VERTEX_POINT('',#5390);
#1034=VERTEX_POINT('',#5392);
#1035=VERTEX_POINT('',#5394);
#1036=VERTEX_POINT('',#5397);
#1037=VERTEX_POINT('',#5398);
#1038=VERTEX_POINT('',#5400);
#1039=VERTEX_POINT('',#5402);
#1040=VERTEX_POINT('',#5405);
#1041=VERTEX_POINT('',#5406);
#1042=VERTEX_POINT('',#5408);
#1043=VERTEX_POINT('',#5410);
#1044=VERTEX_POINT('',#5412);
#1045=VERTEX_POINT('',#5414);
#1046=VERTEX_POINT('',#5416);
#1047=VERTEX_POINT('',#5418);
#1048=VERTEX_POINT('',#5420);
#1049=VERTEX_POINT('',#5422);
#1050=VERTEX_POINT('',#5424);
#1051=VERTEX_POINT('',#5426);
#1052=VERTEX_POINT('',#5428);
#1053=VERTEX_POINT('',#5430);
#1054=VERTEX_POINT('',#5433);
#1055=VERTEX_POINT('',#5434);
#1056=VERTEX_POINT('',#5436);
#1057=VERTEX_POINT('',#5438);
#1058=VERTEX_POINT('',#5442);
#1059=VERTEX_POINT('',#5443);
#1060=VERTEX_POINT('',#5452);
#1061=VERTEX_POINT('',#5519);
#1062=VERTEX_POINT('',#5520);
#1063=VERTEX_POINT('',#5819);
#1064=VERTEX_POINT('',#5821);
#1065=VERTEX_POINT('',#5846);
#1066=VERTEX_POINT('',#5848);
#1067=VERTEX_POINT('',#5918);
#1068=VERTEX_POINT('',#6304);
#1069=VERTEX_POINT('',#6415);
#1070=VERTEX_POINT('',#6442);
#1071=VERTEX_POINT('',#6447);
#1072=VERTEX_POINT('',#6448);
#1073=VERTEX_POINT('',#6450);
#1074=VERTEX_POINT('',#6452);
#1075=VERTEX_POINT('',#6456);
#1076=VERTEX_POINT('',#6457);
#1077=VERTEX_POINT('',#6462);
#1078=VERTEX_POINT('',#6463);
#1079=VERTEX_POINT('',#6468);
#1080=VERTEX_POINT('',#6469);
#1081=VERTEX_POINT('',#6474);
#1082=VERTEX_POINT('',#6475);
#1083=VERTEX_POINT('',#6480);
#1084=VERTEX_POINT('',#6482);
#1085=VERTEX_POINT('',#6486);
#1086=VERTEX_POINT('',#6499);
#1087=VERTEX_POINT('',#6503);
#1088=VERTEX_POINT('',#6516);
#1089=VERTEX_POINT('',#6520);
#1090=VERTEX_POINT('',#6521);
#1091=VERTEX_POINT('',#6523);
#1092=VERTEX_POINT('',#6525);
#1093=VERTEX_POINT('',#6529);
#1094=VERTEX_POINT('',#6530);
#1095=VERTEX_POINT('',#6535);
#1096=VERTEX_POINT('',#6536);
#1097=VERTEX_POINT('',#6541);
#1098=VERTEX_POINT('',#6542);
#1099=VERTEX_POINT('',#6547);
#1100=VERTEX_POINT('',#6548);
#1101=VERTEX_POINT('',#6553);
#1102=VERTEX_POINT('',#6555);
#1103=VERTEX_POINT('',#6559);
#1104=VERTEX_POINT('',#6572);
#1105=VERTEX_POINT('',#6576);
#1106=VERTEX_POINT('',#6589);
#1107=VERTEX_POINT('',#6593);
#1108=VERTEX_POINT('',#6594);
#1109=VERTEX_POINT('',#6596);
#1110=VERTEX_POINT('',#6598);
#1111=VERTEX_POINT('',#6602);
#1112=VERTEX_POINT('',#6603);
#1113=VERTEX_POINT('',#6608);
#1114=VERTEX_POINT('',#6609);
#1115=VERTEX_POINT('',#6614);
#1116=VERTEX_POINT('',#6615);
#1117=VERTEX_POINT('',#6620);
#1118=VERTEX_POINT('',#6621);
#1119=VERTEX_POINT('',#6626);
#1120=VERTEX_POINT('',#6628);
#1121=VERTEX_POINT('',#6632);
#1122=VERTEX_POINT('',#6645);
#1123=VERTEX_POINT('',#6649);
#1124=VERTEX_POINT('',#6662);
#1125=VERTEX_POINT('',#6666);
#1126=VERTEX_POINT('',#6667);
#1127=VERTEX_POINT('',#6669);
#1128=VERTEX_POINT('',#6671);
#1129=VERTEX_POINT('',#6675);
#1130=VERTEX_POINT('',#6676);
#1131=VERTEX_POINT('',#6681);
#1132=VERTEX_POINT('',#6682);
#1133=VERTEX_POINT('',#6687);
#1134=VERTEX_POINT('',#6688);
#1135=VERTEX_POINT('',#6693);
#1136=VERTEX_POINT('',#6694);
#1137=VERTEX_POINT('',#6699);
#1138=VERTEX_POINT('',#6701);
#1139=VERTEX_POINT('',#6705);
#1140=VERTEX_POINT('',#6718);
#1141=VERTEX_POINT('',#6722);
#1142=VERTEX_POINT('',#6735);
#1143=VERTEX_POINT('',#6739);
#1144=VERTEX_POINT('',#6740);
#1145=VERTEX_POINT('',#6749);
#1146=VERTEX_POINT('',#6755);
#1147=VERTEX_POINT('',#6764);
#1148=VERTEX_POINT('',#6765);
#1149=VERTEX_POINT('',#6770);
#1150=VERTEX_POINT('',#6774);
#1151=VERTEX_POINT('',#6778);
#1152=VERTEX_POINT('',#6782);
#1153=VERTEX_POINT('',#6786);
#1154=VERTEX_POINT('',#6790);
#1155=VERTEX_POINT('',#6794);
#1156=VERTEX_POINT('',#6798);
#1157=VERTEX_POINT('',#6802);
#1158=VERTEX_POINT('',#6806);
#1159=VERTEX_POINT('',#6810);
#1160=VERTEX_POINT('',#6814);
#1161=VERTEX_POINT('',#6821);
#1162=VERTEX_POINT('',#6822);
#1163=VERTEX_POINT('',#6831);
#1164=VERTEX_POINT('',#6837);
#1165=VERTEX_POINT('',#6846);
#1166=VERTEX_POINT('',#6847);
#1167=VERTEX_POINT('',#6852);
#1168=VERTEX_POINT('',#6856);
#1169=VERTEX_POINT('',#6863);
#1170=VERTEX_POINT('',#6864);
#1171=VERTEX_POINT('',#6869);
#1172=VERTEX_POINT('',#6873);
#1173=VERTEX_POINT('',#6877);
#1174=VERTEX_POINT('',#6881);
#1175=VERTEX_POINT('',#6885);
#1176=VERTEX_POINT('',#6889);
#1177=VERTEX_POINT('',#6893);
#1178=VERTEX_POINT('',#6897);
#1179=VERTEX_POINT('',#6904);
#1180=VERTEX_POINT('',#6905);
#1181=VERTEX_POINT('',#6914);
#1182=VERTEX_POINT('',#6921);
#1183=VERTEX_POINT('',#6936);
#1184=VERTEX_POINT('',#6941);
#1185=VERTEX_POINT('',#6955);
#1186=VERTEX_POINT('',#6962);
#1187=VERTEX_POINT('',#6976);
#1188=VERTEX_POINT('',#6981);
#1189=VERTEX_POINT('',#7001);
#1190=VERTEX_POINT('',#7003);
#1191=VERTEX_POINT('',#7015);
#1192=VERTEX_POINT('',#7017);
#1193=VERTEX_POINT('',#7028);
#1194=VERTEX_POINT('',#7035);
#1195=VERTEX_POINT('',#7037);
#1196=VERTEX_POINT('',#7048);
#1197=VERTEX_POINT('',#7050);
#1198=VERTEX_POINT('',#7061);
#1199=VERTEX_POINT('',#7069);
#1200=VERTEX_POINT('',#7084);
#1201=VERTEX_POINT('',#7086);
#1202=VERTEX_POINT('',#7108);
#1203=VERTEX_POINT('',#7110);
#1204=VERTEX_POINT('',#7120);
#1205=VERTEX_POINT('',#7122);
#1206=VERTEX_POINT('',#7124);
#1207=VERTEX_POINT('',#7133);
#1208=VERTEX_POINT('',#7168);
#1209=VERTEX_POINT('',#7170);
#1210=EDGE_CURVE('',#971,#972,#549,.T.);
#1211=EDGE_CURVE('',#973,#971,#467,.T.);
#1212=EDGE_CURVE('',#974,#973,#550,.T.);
#1213=EDGE_CURVE('',#974,#972,#468,.T.);
#1214=EDGE_CURVE('',#972,#975,#551,.T.);
#1215=EDGE_CURVE('',#976,#974,#552,.T.);
#1216=EDGE_CURVE('',#976,#975,#469,.T.);
#1217=EDGE_CURVE('',#977,#975,#553,.T.);
#1218=EDGE_CURVE('',#978,#977,#554,.T.);
#1219=EDGE_CURVE('',#979,#978,#555,.T.);
#1220=EDGE_CURVE('',#979,#980,#556,.T.);
#1221=EDGE_CURVE('',#981,#980,#557,.T.);
#1222=EDGE_CURVE('',#982,#981,#558,.T.);
#1223=EDGE_CURVE('',#971,#982,#559,.T.);
#1224=EDGE_CURVE('',#983,#984,#73,.T.);
#1225=EDGE_CURVE('',#985,#983,#560,.T.);
#1226=EDGE_CURVE('',#986,#985,#74,.T.);
#1227=EDGE_CURVE('',#987,#986,#75,.T.);
#1228=EDGE_CURVE('',#988,#987,#76,.T.);
#1229=EDGE_CURVE('',#989,#988,#561,.T.);
#1230=EDGE_CURVE('',#990,#989,#77,.T.);
#1231=EDGE_CURVE('',#984,#990,#78,.T.);
#1232=EDGE_CURVE('',#991,#992,#562,.T.);
#1233=EDGE_CURVE('',#992,#993,#79,.T.);
#1234=EDGE_CURVE('',#993,#994,#563,.T.);
#1235=EDGE_CURVE('',#994,#991,#80,.T.);
#1236=EDGE_CURVE('',#995,#996,#564,.T.);
#1237=EDGE_CURVE('',#996,#992,#81,.T.);
#1238=EDGE_CURVE('',#991,#995,#82,.T.);
#1239=EDGE_CURVE('',#997,#998,#565,.T.);
#1240=EDGE_CURVE('',#998,#996,#83,.T.);
#1241=EDGE_CURVE('',#995,#997,#84,.T.);
#1242=EDGE_CURVE('',#993,#998,#85,.T.);
#1243=EDGE_CURVE('',#997,#994,#86,.T.);
#1244=EDGE_CURVE('',#999,#991,#566,.T.);
#1245=EDGE_CURVE('',#1000,#999,#87,.T.);
#1246=EDGE_CURVE('',#1000,#995,#567,.T.);
#1247=EDGE_CURVE('',#1001,#994,#568,.T.);
#1248=EDGE_CURVE('',#1001,#1002,#88,.T.);
#1249=EDGE_CURVE('',#1002,#1003,#569,.T.);
#1250=EDGE_CURVE('',#999,#1003,#89,.T.);
#1251=EDGE_CURVE('',#1004,#1005,#90,.T.);
#1252=EDGE_CURVE('',#1005,#1006,#91,.T.);
#1253=EDGE_CURVE('',#1006,#1007,#570,.T.);
#1254=EDGE_CURVE('',#1007,#1008,#92,.T.);
#1255=EDGE_CURVE('',#1008,#1009,#93,.T.);
#1256=EDGE_CURVE('',#1009,#1010,#94,.T.);
#1257=EDGE_CURVE('',#1010,#1011,#571,.T.);
#1258=EDGE_CURVE('',#1011,#1004,#95,.T.);
#1259=EDGE_CURVE('',#1012,#1013,#470,.T.);
#1260=EDGE_CURVE('',#1012,#1014,#471,.T.);
#1261=EDGE_CURVE('',#1014,#1015,#472,.T.);
#1262=EDGE_CURVE('',#1015,#1016,#473,.T.);
#1263=EDGE_CURVE('',#1016,#1017,#474,.T.);
#1264=EDGE_CURVE('',#1018,#1017,#572,.T.);
#1265=EDGE_CURVE('',#1018,#980,#475,.T.);
#1266=EDGE_CURVE('',#1013,#979,#476,.T.);
#1267=EDGE_CURVE('',#1019,#1020,#477,.T.);
#1268=EDGE_CURVE('',#1020,#1021,#573,.T.);
#1269=EDGE_CURVE('',#1021,#1019,#574,.T.);
#1270=EDGE_CURVE('',#1022,#1023,#575,.T.);
#1271=EDGE_CURVE('',#1023,#1024,#576,.T.);
#1272=EDGE_CURVE('',#1024,#1025,#577,.T.);
#1273=EDGE_CURVE('',#1025,#1026,#578,.T.);
#1274=EDGE_CURVE('',#1026,#1027,#579,.T.);
#1275=EDGE_CURVE('',#1027,#1028,#580,.T.);
#1276=EDGE_CURVE('',#1028,#1029,#581,.T.);
#1277=EDGE_CURVE('',#1029,#1030,#582,.T.);
#1278=EDGE_CURVE('',#1030,#1031,#583,.T.);
#1279=EDGE_CURVE('',#1031,#1022,#584,.T.);
#1280=EDGE_CURVE('',#1032,#1033,#585,.T.);
#1281=EDGE_CURVE('',#1033,#1034,#478,.T.);
#1282=EDGE_CURVE('',#1034,#1035,#586,.T.);
#1283=EDGE_CURVE('',#1035,#1032,#479,.T.);
#1284=EDGE_CURVE('',#1036,#1037,#587,.T.);
#1285=EDGE_CURVE('',#1037,#1038,#480,.T.);
#1286=EDGE_CURVE('',#1038,#1039,#588,.T.);
#1287=EDGE_CURVE('',#1039,#1036,#481,.T.);
#1288=EDGE_CURVE('',#1040,#1041,#589,.T.);
#1289=EDGE_CURVE('',#1041,#1042,#590,.T.);
#1290=EDGE_CURVE('',#1042,#1043,#591,.T.);
#1291=EDGE_CURVE('',#1043,#1044,#592,.T.);
#1292=EDGE_CURVE('',#1044,#1045,#593,.T.);
#1293=EDGE_CURVE('',#1045,#1046,#594,.T.);
#1294=EDGE_CURVE('',#1046,#1047,#595,.T.);
#1295=EDGE_CURVE('',#1047,#1048,#596,.T.);
#1296=EDGE_CURVE('',#1048,#1049,#597,.T.);
#1297=EDGE_CURVE('',#1049,#1050,#598,.T.);
#1298=EDGE_CURVE('',#1050,#1051,#599,.T.);
#1299=EDGE_CURVE('',#1051,#1052,#600,.T.);
#1300=EDGE_CURVE('',#1052,#1053,#601,.T.);
#1301=EDGE_CURVE('',#1053,#1040,#602,.T.);
#1302=EDGE_CURVE('',#1054,#1055,#603,.T.);
#1303=EDGE_CURVE('',#1055,#1056,#482,.T.);
#1304=EDGE_CURVE('',#1056,#1057,#604,.T.);
#1305=EDGE_CURVE('',#1057,#1054,#483,.T.);
#1306=EDGE_CURVE('',#1058,#1059,#605,.T.);
#1307=EDGE_CURVE('',#1059,#1003,#96,.T.);
#1308=EDGE_CURVE('',#1003,#1060,#606,.T.);
#1309=EDGE_CURVE('',#1058,#1060,#484,.T.);
#1310=EDGE_CURVE('',#1061,#1062,#97,.T.);
#1311=EDGE_CURVE('',#1062,#1063,#607,.T.);
#1312=EDGE_CURVE('',#1063,#1064,#98,.T.);
#1313=EDGE_CURVE('',#1064,#1061,#99,.T.);
#1314=EDGE_CURVE('',#1060,#1065,#485,.T.);
#1315=EDGE_CURVE('',#1065,#1066,#486,.T.);
#1316=EDGE_CURVE('',#1066,#1058,#487,.T.);
#1317=EDGE_CURVE('',#1064,#1066,#608,.T.);
#1318=EDGE_CURVE('',#1065,#1061,#609,.T.);
#1319=EDGE_CURVE('',#1000,#1067,#610,.T.);
#1320=EDGE_CURVE('',#1067,#1063,#100,.T.);
#1321=EDGE_CURVE('',#1062,#1000,#101,.T.);
#1322=EDGE_CURVE('',#999,#1068,#611,.T.);
#1323=EDGE_CURVE('',#1068,#1067,#102,.T.);
#1324=EDGE_CURVE('',#1059,#1068,#103,.T.);
#1325=EDGE_CURVE('',#1062,#997,#612,.T.);
#1326=EDGE_CURVE('',#1061,#1069,#613,.T.);
#1327=EDGE_CURVE('',#1069,#1001,#104,.T.);
#1328=EDGE_CURVE('',#1070,#1065,#614,.T.);
#1329=EDGE_CURVE('',#1070,#1069,#615,.T.);
#1330=EDGE_CURVE('',#1071,#1072,#19,.F.);
#1331=EDGE_CURVE('',#1072,#1073,#616,.T.);
#1332=EDGE_CURVE('',#1073,#1074,#617,.T.);
#1333=EDGE_CURVE('',#1074,#1071,#618,.T.);
#1334=EDGE_CURVE('',#1075,#1076,#619,.T.);
#1335=EDGE_CURVE('',#1076,#1074,#488,.T.);
#1336=EDGE_CURVE('',#1073,#1075,#489,.T.);
#1337=EDGE_CURVE('',#1077,#1078,#620,.T.);
#1338=EDGE_CURVE('',#1078,#1076,#490,.T.);
#1339=EDGE_CURVE('',#1075,#1077,#491,.T.);
#1340=EDGE_CURVE('',#1079,#1080,#621,.T.);
#1341=EDGE_CURVE('',#1080,#1078,#492,.T.);
#1342=EDGE_CURVE('',#1077,#1079,#493,.T.);
#1343=EDGE_CURVE('',#1081,#1082,#20,.F.);
#1344=EDGE_CURVE('',#1082,#1080,#622,.T.);
#1345=EDGE_CURVE('',#1079,#1081,#623,.T.);
#1346=EDGE_CURVE('',#1083,#1079,#624,.T.);
#1347=EDGE_CURVE('',#1084,#1083,#625,.T.);
#1348=EDGE_CURVE('',#1081,#1084,#626,.T.);
#1349=EDGE_CURVE('',#1085,#1077,#627,.T.);
#1350=EDGE_CURVE('',#1085,#1083,#105,.T.);
#1351=EDGE_CURVE('',#1086,#1075,#628,.T.);
#1352=EDGE_CURVE('',#1085,#1086,#494,.T.);
#1353=EDGE_CURVE('',#1087,#1073,#629,.T.);
#1354=EDGE_CURVE('',#1087,#1086,#106,.T.);
#1355=EDGE_CURVE('',#1088,#1072,#630,.T.);
#1356=EDGE_CURVE('',#1087,#1088,#631,.T.);
#1357=EDGE_CURVE('',#1089,#1090,#21,.F.);
#1358=EDGE_CURVE('',#1090,#1091,#632,.T.);
#1359=EDGE_CURVE('',#1091,#1092,#633,.T.);
#1360=EDGE_CURVE('',#1092,#1089,#634,.T.);
#1361=EDGE_CURVE('',#1093,#1094,#635,.T.);
#1362=EDGE_CURVE('',#1094,#1092,#495,.T.);
#1363=EDGE_CURVE('',#1091,#1093,#496,.T.);
#1364=EDGE_CURVE('',#1095,#1096,#636,.T.);
#1365=EDGE_CURVE('',#1096,#1094,#497,.T.);
#1366=EDGE_CURVE('',#1093,#1095,#498,.T.);
#1367=EDGE_CURVE('',#1097,#1098,#637,.T.);
#1368=EDGE_CURVE('',#1098,#1096,#499,.T.);
#1369=EDGE_CURVE('',#1095,#1097,#500,.T.);
#1370=EDGE_CURVE('',#1099,#1100,#22,.F.);
#1371=EDGE_CURVE('',#1100,#1098,#638,.T.);
#1372=EDGE_CURVE('',#1097,#1099,#639,.T.);
#1373=EDGE_CURVE('',#1101,#1097,#640,.T.);
#1374=EDGE_CURVE('',#1102,#1101,#641,.T.);
#1375=EDGE_CURVE('',#1099,#1102,#642,.T.);
#1376=EDGE_CURVE('',#1103,#1095,#643,.T.);
#1377=EDGE_CURVE('',#1103,#1101,#107,.T.);
#1378=EDGE_CURVE('',#1104,#1093,#644,.T.);
#1379=EDGE_CURVE('',#1103,#1104,#501,.T.);
#1380=EDGE_CURVE('',#1105,#1091,#645,.T.);
#1381=EDGE_CURVE('',#1105,#1104,#108,.T.);
#1382=EDGE_CURVE('',#1106,#1090,#646,.T.);
#1383=EDGE_CURVE('',#1105,#1106,#647,.T.);
#1384=EDGE_CURVE('',#1107,#1108,#23,.F.);
#1385=EDGE_CURVE('',#1108,#1109,#648,.T.);
#1386=EDGE_CURVE('',#1109,#1110,#649,.T.);
#1387=EDGE_CURVE('',#1110,#1107,#650,.T.);
#1388=EDGE_CURVE('',#1111,#1112,#651,.T.);
#1389=EDGE_CURVE('',#1112,#1110,#502,.T.);
#1390=EDGE_CURVE('',#1109,#1111,#503,.T.);
#1391=EDGE_CURVE('',#1113,#1114,#652,.T.);
#1392=EDGE_CURVE('',#1114,#1112,#504,.T.);
#1393=EDGE_CURVE('',#1111,#1113,#505,.T.);
#1394=EDGE_CURVE('',#1115,#1116,#653,.T.);
#1395=EDGE_CURVE('',#1116,#1114,#506,.T.);
#1396=EDGE_CURVE('',#1113,#1115,#507,.T.);
#1397=EDGE_CURVE('',#1117,#1118,#24,.F.);
#1398=EDGE_CURVE('',#1118,#1116,#654,.T.);
#1399=EDGE_CURVE('',#1115,#1117,#655,.T.);
#1400=EDGE_CURVE('',#1119,#1115,#656,.T.);
#1401=EDGE_CURVE('',#1120,#1119,#657,.T.);
#1402=EDGE_CURVE('',#1117,#1120,#658,.T.);
#1403=EDGE_CURVE('',#1121,#1113,#659,.T.);
#1404=EDGE_CURVE('',#1121,#1119,#109,.T.);
#1405=EDGE_CURVE('',#1122,#1111,#660,.T.);
#1406=EDGE_CURVE('',#1121,#1122,#508,.T.);
#1407=EDGE_CURVE('',#1123,#1109,#661,.T.);
#1408=EDGE_CURVE('',#1123,#1122,#110,.T.);
#1409=EDGE_CURVE('',#1124,#1108,#662,.T.);
#1410=EDGE_CURVE('',#1123,#1124,#663,.T.);
#1411=EDGE_CURVE('',#1125,#1126,#25,.F.);
#1412=EDGE_CURVE('',#1126,#1127,#664,.T.);
#1413=EDGE_CURVE('',#1127,#1128,#665,.T.);
#1414=EDGE_CURVE('',#1128,#1125,#666,.T.);
#1415=EDGE_CURVE('',#1129,#1130,#667,.T.);
#1416=EDGE_CURVE('',#1130,#1128,#509,.T.);
#1417=EDGE_CURVE('',#1127,#1129,#510,.T.);
#1418=EDGE_CURVE('',#1131,#1132,#668,.T.);
#1419=EDGE_CURVE('',#1132,#1130,#511,.T.);
#1420=EDGE_CURVE('',#1129,#1131,#512,.T.);
#1421=EDGE_CURVE('',#1133,#1134,#669,.T.);
#1422=EDGE_CURVE('',#1134,#1132,#513,.T.);
#1423=EDGE_CURVE('',#1131,#1133,#514,.T.);
#1424=EDGE_CURVE('',#1135,#1136,#26,.F.);
#1425=EDGE_CURVE('',#1136,#1134,#670,.T.);
#1426=EDGE_CURVE('',#1133,#1135,#671,.T.);
#1427=EDGE_CURVE('',#1137,#1133,#672,.T.);
#1428=EDGE_CURVE('',#1138,#1137,#673,.T.);
#1429=EDGE_CURVE('',#1135,#1138,#674,.T.);
#1430=EDGE_CURVE('',#1139,#1131,#675,.T.);
#1431=EDGE_CURVE('',#1139,#1137,#111,.T.);
#1432=EDGE_CURVE('',#1140,#1129,#676,.T.);
#1433=EDGE_CURVE('',#1139,#1140,#515,.T.);
#1434=EDGE_CURVE('',#1141,#1127,#677,.T.);
#1435=EDGE_CURVE('',#1141,#1140,#112,.T.);
#1436=EDGE_CURVE('',#1142,#1126,#678,.T.);
#1437=EDGE_CURVE('',#1141,#1142,#679,.T.);
#1438=EDGE_CURVE('',#1143,#1144,#680,.T.);
#1439=EDGE_CURVE('',#1055,#1143,#15,.T.);
#1440=EDGE_CURVE('',#1054,#1144,#16,.T.);
#1441=EDGE_CURVE('',#1144,#1145,#516,.T.);
#1442=EDGE_CURVE('',#1057,#1145,#17,.T.);
#1443=EDGE_CURVE('',#1145,#1146,#681,.T.);
#1444=EDGE_CURVE('',#1056,#1146,#18,.T.);
#1445=EDGE_CURVE('',#1146,#1143,#517,.T.);
#1446=EDGE_CURVE('',#1147,#1148,#682,.T.);
#1447=EDGE_CURVE('',#1041,#1147,#683,.T.);
#1448=EDGE_CURVE('',#1040,#1148,#684,.T.);
#1449=EDGE_CURVE('',#1148,#1149,#685,.T.);
#1450=EDGE_CURVE('',#1053,#1149,#686,.T.);
#1451=EDGE_CURVE('',#1149,#1150,#687,.T.);
#1452=EDGE_CURVE('',#1052,#1150,#688,.T.);
#1453=EDGE_CURVE('',#1150,#1151,#689,.T.);
#1454=EDGE_CURVE('',#1051,#1151,#690,.T.);
#1455=EDGE_CURVE('',#1151,#1152,#691,.T.);
#1456=EDGE_CURVE('',#1050,#1152,#692,.T.);
#1457=EDGE_CURVE('',#1152,#1153,#693,.T.);
#1458=EDGE_CURVE('',#1049,#1153,#694,.T.);
#1459=EDGE_CURVE('',#1153,#1154,#695,.T.);
#1460=EDGE_CURVE('',#1048,#1154,#696,.T.);
#1461=EDGE_CURVE('',#1154,#1155,#697,.T.);
#1462=EDGE_CURVE('',#1047,#1155,#698,.T.);
#1463=EDGE_CURVE('',#1155,#1156,#699,.T.);
#1464=EDGE_CURVE('',#1046,#1156,#700,.T.);
#1465=EDGE_CURVE('',#1156,#1157,#701,.T.);
#1466=EDGE_CURVE('',#1045,#1157,#702,.T.);
#1467=EDGE_CURVE('',#1157,#1158,#703,.T.);
#1468=EDGE_CURVE('',#1044,#1158,#704,.T.);
#1469=EDGE_CURVE('',#1158,#1159,#705,.T.);
#1470=EDGE_CURVE('',#1043,#1159,#706,.T.);
#1471=EDGE_CURVE('',#1159,#1160,#707,.T.);
#1472=EDGE_CURVE('',#1042,#1160,#708,.T.);
#1473=EDGE_CURVE('',#1160,#1147,#709,.T.);
#1474=EDGE_CURVE('',#1161,#1162,#710,.T.);
#1475=EDGE_CURVE('',#1037,#1161,#113,.T.);
#1476=EDGE_CURVE('',#1036,#1162,#114,.T.);
#1477=EDGE_CURVE('',#1162,#1163,#518,.T.);
#1478=EDGE_CURVE('',#1039,#1163,#115,.T.);
#1479=EDGE_CURVE('',#1163,#1164,#711,.T.);
#1480=EDGE_CURVE('',#1038,#1164,#116,.T.);
#1481=EDGE_CURVE('',#1164,#1161,#519,.T.);
#1482=EDGE_CURVE('',#1165,#1166,#712,.T.);
#1483=EDGE_CURVE('',#1033,#1165,#520,.T.);
#1484=EDGE_CURVE('',#1032,#1166,#521,.T.);
#1485=EDGE_CURVE('',#1166,#1167,#522,.T.);
#1486=EDGE_CURVE('',#1035,#1167,#523,.T.);
#1487=EDGE_CURVE('',#1167,#1168,#713,.T.);
#1488=EDGE_CURVE('',#1034,#1168,#524,.T.);
#1489=EDGE_CURVE('',#1168,#1165,#525,.T.);
#1490=EDGE_CURVE('',#1169,#1170,#714,.T.);
#1491=EDGE_CURVE('',#1023,#1169,#715,.T.);
#1492=EDGE_CURVE('',#1022,#1170,#716,.T.);
#1493=EDGE_CURVE('',#1170,#1171,#717,.T.);
#1494=EDGE_CURVE('',#1031,#1171,#718,.T.);
#1495=EDGE_CURVE('',#1171,#1172,#719,.T.);
#1496=EDGE_CURVE('',#1030,#1172,#720,.T.);
#1497=EDGE_CURVE('',#1172,#1173,#721,.T.);
#1498=EDGE_CURVE('',#1029,#1173,#722,.T.);
#1499=EDGE_CURVE('',#1173,#1174,#723,.T.);
#1500=EDGE_CURVE('',#1028,#1174,#724,.T.);
#1501=EDGE_CURVE('',#1174,#1175,#725,.T.);
#1502=EDGE_CURVE('',#1027,#1175,#726,.T.);
#1503=EDGE_CURVE('',#1175,#1176,#727,.T.);
#1504=EDGE_CURVE('',#1026,#1176,#728,.T.);
#1505=EDGE_CURVE('',#1176,#1177,#729,.T.);
#1506=EDGE_CURVE('',#1025,#1177,#730,.T.);
#1507=EDGE_CURVE('',#1177,#1178,#731,.T.);
#1508=EDGE_CURVE('',#1024,#1178,#732,.T.);
#1509=EDGE_CURVE('',#1178,#1169,#733,.T.);
#1510=EDGE_CURVE('',#1179,#1180,#526,.T.);
#1511=EDGE_CURVE('',#1020,#1179,#117,.T.);
#1512=EDGE_CURVE('',#1019,#1180,#118,.T.);
#1513=EDGE_CURVE('',#1180,#1181,#734,.T.);
#1514=EDGE_CURVE('',#1021,#1181,#735,.T.);
#1515=EDGE_CURVE('',#1181,#1179,#736,.T.);
#1516=EDGE_CURVE('',#1182,#1070,#119,.T.);
#1517=EDGE_CURVE('',#1183,#1182,#120,.T.);
#1518=EDGE_CURVE('',#1184,#1183,#121,.T.);
#1519=EDGE_CURVE('',#1185,#1184,#122,.T.);
#1520=EDGE_CURVE('',#1186,#1185,#123,.T.);
#1521=EDGE_CURVE('',#1187,#1186,#124,.T.);
#1522=EDGE_CURVE('',#1188,#1187,#125,.T.);
#1523=EDGE_CURVE('',#1188,#1002,#737,.T.);
#1524=EDGE_CURVE('',#1060,#1188,#738,.T.);
#1525=EDGE_CURVE('',#1189,#1186,#527,.T.);
#1526=EDGE_CURVE('',#1189,#1190,#126,.T.);
#1527=EDGE_CURVE('',#1187,#1190,#528,.T.);
#1528=EDGE_CURVE('',#975,#1182,#529,.T.);
#1529=EDGE_CURVE('',#1191,#976,#530,.T.);
#1530=EDGE_CURVE('',#1191,#1192,#127,.T.);
#1531=EDGE_CURVE('',#1183,#1192,#531,.T.);
#1532=EDGE_CURVE('',#1190,#1193,#128,.T.);
#1533=EDGE_CURVE('',#1193,#1194,#739,.T.);
#1534=EDGE_CURVE('',#1194,#1195,#129,.T.);
#1535=EDGE_CURVE('',#1195,#1196,#532,.T.);
#1536=EDGE_CURVE('',#1196,#1197,#130,.T.);
#1537=EDGE_CURVE('',#1197,#1198,#740,.T.);
#1538=EDGE_CURVE('',#1198,#1191,#131,.T.);
#1539=EDGE_CURVE('',#976,#1199,#741,.T.);
#1540=EDGE_CURVE('',#1199,#977,#533,.T.);
#1541=EDGE_CURVE('',#1107,#1118,#534,.T.);
#1542=EDGE_CURVE('',#1120,#1124,#535,.T.);
#1543=EDGE_CURVE('',#1138,#1142,#536,.T.);
#1544=EDGE_CURVE('',#1125,#1136,#537,.T.);
#1545=EDGE_CURVE('',#1089,#1100,#538,.T.);
#1546=EDGE_CURVE('',#1102,#1106,#539,.T.);
#1547=EDGE_CURVE('',#1071,#1082,#540,.T.);
#1548=EDGE_CURVE('',#1084,#1088,#541,.T.);
#1549=EDGE_CURVE('',#1197,#1011,#742,.T.);
#1550=EDGE_CURVE('',#1196,#1004,#743,.T.);
#1551=EDGE_CURVE('',#1200,#1008,#744,.T.);
#1552=EDGE_CURVE('',#1201,#1200,#542,.T.);
#1553=EDGE_CURVE('',#1201,#1009,#745,.T.);
#1554=EDGE_CURVE('',#1198,#1010,#746,.T.);
#1555=EDGE_CURVE('',#1192,#1201,#132,.T.);
#1556=EDGE_CURVE('',#1195,#1005,#747,.T.);
#1557=EDGE_CURVE('',#1194,#1006,#748,.T.);
#1558=EDGE_CURVE('',#1193,#1007,#749,.T.);
#1559=EDGE_CURVE('',#1200,#1189,#133,.T.);
#1560=EDGE_CURVE('',#1013,#1202,#750,.T.);
#1561=EDGE_CURVE('',#1202,#1203,#134,.T.);
#1562=EDGE_CURVE('',#1203,#1012,#751,.T.);
#1563=EDGE_CURVE('',#1202,#978,#543,.T.);
#1564=EDGE_CURVE('',#1199,#1204,#752,.T.);
#1565=EDGE_CURVE('',#1204,#1205,#544,.T.);
#1566=EDGE_CURVE('',#1205,#1206,#135,.T.);
#1567=EDGE_CURVE('',#1206,#1207,#136,.T.);
#1568=EDGE_CURVE('',#1207,#1203,#137,.T.);
#1569=EDGE_CURVE('',#1017,#1204,#753,.T.);
#1570=EDGE_CURVE('',#1205,#1016,#754,.T.);
#1571=EDGE_CURVE('',#1206,#1015,#755,.T.);
#1572=EDGE_CURVE('',#1207,#1014,#756,.T.);
#1573=EDGE_CURVE('',#1208,#973,#757,.T.);
#1574=EDGE_CURVE('',#1209,#1208,#758,.T.);
#1575=EDGE_CURVE('',#1018,#1209,#759,.T.);
#1576=EDGE_CURVE('',#973,#1185,#545,.T.);
#1577=EDGE_CURVE('',#1184,#971,#546,.T.);
#1578=EDGE_CURVE('',#1208,#982,#547,.T.);
#1579=EDGE_CURVE('',#981,#1209,#548,.T.);
#1580=ORIENTED_EDGE('',*,*,#1210,.F.);
#1581=ORIENTED_EDGE('',*,*,#1211,.F.);
#1582=ORIENTED_EDGE('',*,*,#1212,.F.);
#1583=ORIENTED_EDGE('',*,*,#1213,.T.);
#1584=ORIENTED_EDGE('',*,*,#1214,.F.);
#1585=ORIENTED_EDGE('',*,*,#1213,.F.);
#1586=ORIENTED_EDGE('',*,*,#1215,.F.);
#1587=ORIENTED_EDGE('',*,*,#1216,.T.);
#1588=ORIENTED_EDGE('',*,*,#1210,.T.);
#1589=ORIENTED_EDGE('',*,*,#1214,.T.);
#1590=ORIENTED_EDGE('',*,*,#1217,.F.);
#1591=ORIENTED_EDGE('',*,*,#1218,.F.);
#1592=ORIENTED_EDGE('',*,*,#1219,.F.);
#1593=ORIENTED_EDGE('',*,*,#1220,.T.);
#1594=ORIENTED_EDGE('',*,*,#1221,.F.);
#1595=ORIENTED_EDGE('',*,*,#1222,.F.);
#1596=ORIENTED_EDGE('',*,*,#1223,.F.);
#1597=ORIENTED_EDGE('',*,*,#1224,.F.);
#1598=ORIENTED_EDGE('',*,*,#1225,.F.);
#1599=ORIENTED_EDGE('',*,*,#1226,.F.);
#1600=ORIENTED_EDGE('',*,*,#1227,.F.);
#1601=ORIENTED_EDGE('',*,*,#1228,.F.);
#1602=ORIENTED_EDGE('',*,*,#1229,.F.);
#1603=ORIENTED_EDGE('',*,*,#1230,.F.);
#1604=ORIENTED_EDGE('',*,*,#1231,.F.);
#1605=ORIENTED_EDGE('',*,*,#1232,.T.);
#1606=ORIENTED_EDGE('',*,*,#1233,.T.);
#1607=ORIENTED_EDGE('',*,*,#1234,.T.);
#1608=ORIENTED_EDGE('',*,*,#1235,.T.);
#1609=ORIENTED_EDGE('',*,*,#1236,.T.);
#1610=ORIENTED_EDGE('',*,*,#1237,.T.);
#1611=ORIENTED_EDGE('',*,*,#1232,.F.);
#1612=ORIENTED_EDGE('',*,*,#1238,.T.);
#1613=ORIENTED_EDGE('',*,*,#1239,.T.);
#1614=ORIENTED_EDGE('',*,*,#1240,.T.);
#1615=ORIENTED_EDGE('',*,*,#1236,.F.);
#1616=ORIENTED_EDGE('',*,*,#1241,.T.);
#1617=ORIENTED_EDGE('',*,*,#1234,.F.);
#1618=ORIENTED_EDGE('',*,*,#1242,.T.);
#1619=ORIENTED_EDGE('',*,*,#1239,.F.);
#1620=ORIENTED_EDGE('',*,*,#1243,.T.);
#1621=ORIENTED_EDGE('',*,*,#1238,.F.);
#1622=ORIENTED_EDGE('',*,*,#1244,.F.);
#1623=ORIENTED_EDGE('',*,*,#1245,.F.);
#1624=ORIENTED_EDGE('',*,*,#1246,.T.);
#1625=ORIENTED_EDGE('',*,*,#1235,.F.);
#1626=ORIENTED_EDGE('',*,*,#1247,.F.);
#1627=ORIENTED_EDGE('',*,*,#1248,.T.);
#1628=ORIENTED_EDGE('',*,*,#1249,.T.);
#1629=ORIENTED_EDGE('',*,*,#1250,.F.);
#1630=ORIENTED_EDGE('',*,*,#1244,.T.);
#1631=ORIENTED_EDGE('',*,*,#1251,.T.);
#1632=ORIENTED_EDGE('',*,*,#1252,.T.);
#1633=ORIENTED_EDGE('',*,*,#1253,.T.);
#1634=ORIENTED_EDGE('',*,*,#1254,.T.);
#1635=ORIENTED_EDGE('',*,*,#1255,.T.);
#1636=ORIENTED_EDGE('',*,*,#1256,.T.);
#1637=ORIENTED_EDGE('',*,*,#1257,.T.);
#1638=ORIENTED_EDGE('',*,*,#1258,.T.);
#1639=ORIENTED_EDGE('',*,*,#1233,.F.);
#1640=ORIENTED_EDGE('',*,*,#1237,.F.);
#1641=ORIENTED_EDGE('',*,*,#1240,.F.);
#1642=ORIENTED_EDGE('',*,*,#1242,.F.);
#1643=ORIENTED_EDGE('',*,*,#1259,.F.);
#1644=ORIENTED_EDGE('',*,*,#1260,.T.);
#1645=ORIENTED_EDGE('',*,*,#1261,.T.);
#1646=ORIENTED_EDGE('',*,*,#1262,.T.);
#1647=ORIENTED_EDGE('',*,*,#1263,.T.);
#1648=ORIENTED_EDGE('',*,*,#1264,.F.);
#1649=ORIENTED_EDGE('',*,*,#1265,.T.);
#1650=ORIENTED_EDGE('',*,*,#1220,.F.);
#1651=ORIENTED_EDGE('',*,*,#1266,.F.);
#1652=ORIENTED_EDGE('',*,*,#1267,.T.);
#1653=ORIENTED_EDGE('',*,*,#1268,.T.);
#1654=ORIENTED_EDGE('',*,*,#1269,.T.);
#1655=ORIENTED_EDGE('',*,*,#1270,.T.);
#1656=ORIENTED_EDGE('',*,*,#1271,.T.);
#1657=ORIENTED_EDGE('',*,*,#1272,.T.);
#1658=ORIENTED_EDGE('',*,*,#1273,.T.);
#1659=ORIENTED_EDGE('',*,*,#1274,.T.);
#1660=ORIENTED_EDGE('',*,*,#1275,.T.);
#1661=ORIENTED_EDGE('',*,*,#1276,.T.);
#1662=ORIENTED_EDGE('',*,*,#1277,.T.);
#1663=ORIENTED_EDGE('',*,*,#1278,.T.);
#1664=ORIENTED_EDGE('',*,*,#1279,.T.);
#1665=ORIENTED_EDGE('',*,*,#1280,.T.);
#1666=ORIENTED_EDGE('',*,*,#1281,.T.);
#1667=ORIENTED_EDGE('',*,*,#1282,.T.);
#1668=ORIENTED_EDGE('',*,*,#1283,.T.);
#1669=ORIENTED_EDGE('',*,*,#1284,.T.);
#1670=ORIENTED_EDGE('',*,*,#1285,.T.);
#1671=ORIENTED_EDGE('',*,*,#1286,.T.);
#1672=ORIENTED_EDGE('',*,*,#1287,.T.);
#1673=ORIENTED_EDGE('',*,*,#1288,.T.);
#1674=ORIENTED_EDGE('',*,*,#1289,.T.);
#1675=ORIENTED_EDGE('',*,*,#1290,.T.);
#1676=ORIENTED_EDGE('',*,*,#1291,.T.);
#1677=ORIENTED_EDGE('',*,*,#1292,.T.);
#1678=ORIENTED_EDGE('',*,*,#1293,.T.);
#1679=ORIENTED_EDGE('',*,*,#1294,.T.);
#1680=ORIENTED_EDGE('',*,*,#1295,.T.);
#1681=ORIENTED_EDGE('',*,*,#1296,.T.);
#1682=ORIENTED_EDGE('',*,*,#1297,.T.);
#1683=ORIENTED_EDGE('',*,*,#1298,.T.);
#1684=ORIENTED_EDGE('',*,*,#1299,.T.);
#1685=ORIENTED_EDGE('',*,*,#1300,.T.);
#1686=ORIENTED_EDGE('',*,*,#1301,.T.);
#1687=ORIENTED_EDGE('',*,*,#1302,.T.);
#1688=ORIENTED_EDGE('',*,*,#1303,.T.);
#1689=ORIENTED_EDGE('',*,*,#1304,.T.);
#1690=ORIENTED_EDGE('',*,*,#1305,.T.);
#1691=ORIENTED_EDGE('',*,*,#1306,.T.);
#1692=ORIENTED_EDGE('',*,*,#1307,.T.);
#1693=ORIENTED_EDGE('',*,*,#1308,.T.);
#1694=ORIENTED_EDGE('',*,*,#1309,.F.);
#1695=ORIENTED_EDGE('',*,*,#1310,.T.);
#1696=ORIENTED_EDGE('',*,*,#1311,.T.);
#1697=ORIENTED_EDGE('',*,*,#1312,.T.);
#1698=ORIENTED_EDGE('',*,*,#1313,.T.);
#1699=ORIENTED_EDGE('',*,*,#1314,.T.);
#1700=ORIENTED_EDGE('',*,*,#1315,.T.);
#1701=ORIENTED_EDGE('',*,*,#1316,.T.);
#1702=ORIENTED_EDGE('',*,*,#1309,.T.);
#1703=ORIENTED_EDGE('',*,*,#1317,.T.);
#1704=ORIENTED_EDGE('',*,*,#1315,.F.);
#1705=ORIENTED_EDGE('',*,*,#1318,.T.);
#1706=ORIENTED_EDGE('',*,*,#1313,.F.);
#1707=ORIENTED_EDGE('',*,*,#1319,.T.);
#1708=ORIENTED_EDGE('',*,*,#1320,.T.);
#1709=ORIENTED_EDGE('',*,*,#1311,.F.);
#1710=ORIENTED_EDGE('',*,*,#1321,.T.);
#1711=ORIENTED_EDGE('',*,*,#1322,.T.);
#1712=ORIENTED_EDGE('',*,*,#1323,.T.);
#1713=ORIENTED_EDGE('',*,*,#1319,.F.);
#1714=ORIENTED_EDGE('',*,*,#1245,.T.);
#1715=ORIENTED_EDGE('',*,*,#1324,.T.);
#1716=ORIENTED_EDGE('',*,*,#1322,.F.);
#1717=ORIENTED_EDGE('',*,*,#1250,.T.);
#1718=ORIENTED_EDGE('',*,*,#1307,.F.);
#1719=ORIENTED_EDGE('',*,*,#1241,.F.);
#1720=ORIENTED_EDGE('',*,*,#1246,.F.);
#1721=ORIENTED_EDGE('',*,*,#1321,.F.);
#1722=ORIENTED_EDGE('',*,*,#1325,.T.);
#1723=ORIENTED_EDGE('',*,*,#1243,.F.);
#1724=ORIENTED_EDGE('',*,*,#1325,.F.);
#1725=ORIENTED_EDGE('',*,*,#1310,.F.);
#1726=ORIENTED_EDGE('',*,*,#1326,.T.);
#1727=ORIENTED_EDGE('',*,*,#1327,.T.);
#1728=ORIENTED_EDGE('',*,*,#1247,.T.);
#1729=ORIENTED_EDGE('',*,*,#1225,.T.);
#1730=ORIENTED_EDGE('',*,*,#1224,.T.);
#1731=ORIENTED_EDGE('',*,*,#1231,.T.);
#1732=ORIENTED_EDGE('',*,*,#1230,.T.);
#1733=ORIENTED_EDGE('',*,*,#1229,.T.);
#1734=ORIENTED_EDGE('',*,*,#1228,.T.);
#1735=ORIENTED_EDGE('',*,*,#1227,.T.);
#1736=ORIENTED_EDGE('',*,*,#1226,.T.);
#1737=ORIENTED_EDGE('',*,*,#1318,.F.);
#1738=ORIENTED_EDGE('',*,*,#1328,.F.);
#1739=ORIENTED_EDGE('',*,*,#1329,.T.);
#1740=ORIENTED_EDGE('',*,*,#1326,.F.);
#1741=ORIENTED_EDGE('',*,*,#1312,.F.);
#1742=ORIENTED_EDGE('',*,*,#1320,.F.);
#1743=ORIENTED_EDGE('',*,*,#1323,.F.);
#1744=ORIENTED_EDGE('',*,*,#1324,.F.);
#1745=ORIENTED_EDGE('',*,*,#1306,.F.);
#1746=ORIENTED_EDGE('',*,*,#1316,.F.);
#1747=ORIENTED_EDGE('',*,*,#1317,.F.);
#1748=ORIENTED_EDGE('',*,*,#1330,.T.);
#1749=ORIENTED_EDGE('',*,*,#1331,.T.);
#1750=ORIENTED_EDGE('',*,*,#1332,.T.);
#1751=ORIENTED_EDGE('',*,*,#1333,.T.);
#1752=ORIENTED_EDGE('',*,*,#1334,.T.);
#1753=ORIENTED_EDGE('',*,*,#1335,.T.);
#1754=ORIENTED_EDGE('',*,*,#1332,.F.);
#1755=ORIENTED_EDGE('',*,*,#1336,.T.);
#1756=ORIENTED_EDGE('',*,*,#1337,.T.);
#1757=ORIENTED_EDGE('',*,*,#1338,.T.);
#1758=ORIENTED_EDGE('',*,*,#1334,.F.);
#1759=ORIENTED_EDGE('',*,*,#1339,.T.);
#1760=ORIENTED_EDGE('',*,*,#1340,.T.);
#1761=ORIENTED_EDGE('',*,*,#1341,.T.);
#1762=ORIENTED_EDGE('',*,*,#1337,.F.);
#1763=ORIENTED_EDGE('',*,*,#1342,.T.);
#1764=ORIENTED_EDGE('',*,*,#1343,.T.);
#1765=ORIENTED_EDGE('',*,*,#1344,.T.);
#1766=ORIENTED_EDGE('',*,*,#1340,.F.);
#1767=ORIENTED_EDGE('',*,*,#1345,.T.);
#1768=ORIENTED_EDGE('',*,*,#1345,.F.);
#1769=ORIENTED_EDGE('',*,*,#1346,.F.);
#1770=ORIENTED_EDGE('',*,*,#1347,.F.);
#1771=ORIENTED_EDGE('',*,*,#1348,.F.);
#1772=ORIENTED_EDGE('',*,*,#1342,.F.);
#1773=ORIENTED_EDGE('',*,*,#1349,.F.);
#1774=ORIENTED_EDGE('',*,*,#1350,.T.);
#1775=ORIENTED_EDGE('',*,*,#1346,.T.);
#1776=ORIENTED_EDGE('',*,*,#1339,.F.);
#1777=ORIENTED_EDGE('',*,*,#1351,.F.);
#1778=ORIENTED_EDGE('',*,*,#1352,.F.);
#1779=ORIENTED_EDGE('',*,*,#1349,.T.);
#1780=ORIENTED_EDGE('',*,*,#1336,.F.);
#1781=ORIENTED_EDGE('',*,*,#1353,.F.);
#1782=ORIENTED_EDGE('',*,*,#1354,.T.);
#1783=ORIENTED_EDGE('',*,*,#1351,.T.);
#1784=ORIENTED_EDGE('',*,*,#1331,.F.);
#1785=ORIENTED_EDGE('',*,*,#1355,.F.);
#1786=ORIENTED_EDGE('',*,*,#1356,.F.);
#1787=ORIENTED_EDGE('',*,*,#1353,.T.);
#1788=ORIENTED_EDGE('',*,*,#1357,.T.);
#1789=ORIENTED_EDGE('',*,*,#1358,.T.);
#1790=ORIENTED_EDGE('',*,*,#1359,.T.);
#1791=ORIENTED_EDGE('',*,*,#1360,.T.);
#1792=ORIENTED_EDGE('',*,*,#1361,.T.);
#1793=ORIENTED_EDGE('',*,*,#1362,.T.);
#1794=ORIENTED_EDGE('',*,*,#1359,.F.);
#1795=ORIENTED_EDGE('',*,*,#1363,.T.);
#1796=ORIENTED_EDGE('',*,*,#1364,.T.);
#1797=ORIENTED_EDGE('',*,*,#1365,.T.);
#1798=ORIENTED_EDGE('',*,*,#1361,.F.);
#1799=ORIENTED_EDGE('',*,*,#1366,.T.);
#1800=ORIENTED_EDGE('',*,*,#1367,.T.);
#1801=ORIENTED_EDGE('',*,*,#1368,.T.);
#1802=ORIENTED_EDGE('',*,*,#1364,.F.);
#1803=ORIENTED_EDGE('',*,*,#1369,.T.);
#1804=ORIENTED_EDGE('',*,*,#1370,.T.);
#1805=ORIENTED_EDGE('',*,*,#1371,.T.);
#1806=ORIENTED_EDGE('',*,*,#1367,.F.);
#1807=ORIENTED_EDGE('',*,*,#1372,.T.);
#1808=ORIENTED_EDGE('',*,*,#1372,.F.);
#1809=ORIENTED_EDGE('',*,*,#1373,.F.);
#1810=ORIENTED_EDGE('',*,*,#1374,.F.);
#1811=ORIENTED_EDGE('',*,*,#1375,.F.);
#1812=ORIENTED_EDGE('',*,*,#1369,.F.);
#1813=ORIENTED_EDGE('',*,*,#1376,.F.);
#1814=ORIENTED_EDGE('',*,*,#1377,.T.);
#1815=ORIENTED_EDGE('',*,*,#1373,.T.);
#1816=ORIENTED_EDGE('',*,*,#1366,.F.);
#1817=ORIENTED_EDGE('',*,*,#1378,.F.);
#1818=ORIENTED_EDGE('',*,*,#1379,.F.);
#1819=ORIENTED_EDGE('',*,*,#1376,.T.);
#1820=ORIENTED_EDGE('',*,*,#1363,.F.);
#1821=ORIENTED_EDGE('',*,*,#1380,.F.);
#1822=ORIENTED_EDGE('',*,*,#1381,.T.);
#1823=ORIENTED_EDGE('',*,*,#1378,.T.);
#1824=ORIENTED_EDGE('',*,*,#1358,.F.);
#1825=ORIENTED_EDGE('',*,*,#1382,.F.);
#1826=ORIENTED_EDGE('',*,*,#1383,.F.);
#1827=ORIENTED_EDGE('',*,*,#1380,.T.);
#1828=ORIENTED_EDGE('',*,*,#1384,.T.);
#1829=ORIENTED_EDGE('',*,*,#1385,.T.);
#1830=ORIENTED_EDGE('',*,*,#1386,.T.);
#1831=ORIENTED_EDGE('',*,*,#1387,.T.);
#1832=ORIENTED_EDGE('',*,*,#1388,.T.);
#1833=ORIENTED_EDGE('',*,*,#1389,.T.);
#1834=ORIENTED_EDGE('',*,*,#1386,.F.);
#1835=ORIENTED_EDGE('',*,*,#1390,.T.);
#1836=ORIENTED_EDGE('',*,*,#1391,.T.);
#1837=ORIENTED_EDGE('',*,*,#1392,.T.);
#1838=ORIENTED_EDGE('',*,*,#1388,.F.);
#1839=ORIENTED_EDGE('',*,*,#1393,.T.);
#1840=ORIENTED_EDGE('',*,*,#1394,.T.);
#1841=ORIENTED_EDGE('',*,*,#1395,.T.);
#1842=ORIENTED_EDGE('',*,*,#1391,.F.);
#1843=ORIENTED_EDGE('',*,*,#1396,.T.);
#1844=ORIENTED_EDGE('',*,*,#1397,.T.);
#1845=ORIENTED_EDGE('',*,*,#1398,.T.);
#1846=ORIENTED_EDGE('',*,*,#1394,.F.);
#1847=ORIENTED_EDGE('',*,*,#1399,.T.);
#1848=ORIENTED_EDGE('',*,*,#1399,.F.);
#1849=ORIENTED_EDGE('',*,*,#1400,.F.);
#1850=ORIENTED_EDGE('',*,*,#1401,.F.);
#1851=ORIENTED_EDGE('',*,*,#1402,.F.);
#1852=ORIENTED_EDGE('',*,*,#1396,.F.);
#1853=ORIENTED_EDGE('',*,*,#1403,.F.);
#1854=ORIENTED_EDGE('',*,*,#1404,.T.);
#1855=ORIENTED_EDGE('',*,*,#1400,.T.);
#1856=ORIENTED_EDGE('',*,*,#1393,.F.);
#1857=ORIENTED_EDGE('',*,*,#1405,.F.);
#1858=ORIENTED_EDGE('',*,*,#1406,.F.);
#1859=ORIENTED_EDGE('',*,*,#1403,.T.);
#1860=ORIENTED_EDGE('',*,*,#1390,.F.);
#1861=ORIENTED_EDGE('',*,*,#1407,.F.);
#1862=ORIENTED_EDGE('',*,*,#1408,.T.);
#1863=ORIENTED_EDGE('',*,*,#1405,.T.);
#1864=ORIENTED_EDGE('',*,*,#1385,.F.);
#1865=ORIENTED_EDGE('',*,*,#1409,.F.);
#1866=ORIENTED_EDGE('',*,*,#1410,.F.);
#1867=ORIENTED_EDGE('',*,*,#1407,.T.);
#1868=ORIENTED_EDGE('',*,*,#1411,.T.);
#1869=ORIENTED_EDGE('',*,*,#1412,.T.);
#1870=ORIENTED_EDGE('',*,*,#1413,.T.);
#1871=ORIENTED_EDGE('',*,*,#1414,.T.);
#1872=ORIENTED_EDGE('',*,*,#1415,.T.);
#1873=ORIENTED_EDGE('',*,*,#1416,.T.);
#1874=ORIENTED_EDGE('',*,*,#1413,.F.);
#1875=ORIENTED_EDGE('',*,*,#1417,.T.);
#1876=ORIENTED_EDGE('',*,*,#1418,.T.);
#1877=ORIENTED_EDGE('',*,*,#1419,.T.);
#1878=ORIENTED_EDGE('',*,*,#1415,.F.);
#1879=ORIENTED_EDGE('',*,*,#1420,.T.);
#1880=ORIENTED_EDGE('',*,*,#1421,.T.);
#1881=ORIENTED_EDGE('',*,*,#1422,.T.);
#1882=ORIENTED_EDGE('',*,*,#1418,.F.);
#1883=ORIENTED_EDGE('',*,*,#1423,.T.);
#1884=ORIENTED_EDGE('',*,*,#1424,.T.);
#1885=ORIENTED_EDGE('',*,*,#1425,.T.);
#1886=ORIENTED_EDGE('',*,*,#1421,.F.);
#1887=ORIENTED_EDGE('',*,*,#1426,.T.);
#1888=ORIENTED_EDGE('',*,*,#1426,.F.);
#1889=ORIENTED_EDGE('',*,*,#1427,.F.);
#1890=ORIENTED_EDGE('',*,*,#1428,.F.);
#1891=ORIENTED_EDGE('',*,*,#1429,.F.);
#1892=ORIENTED_EDGE('',*,*,#1423,.F.);
#1893=ORIENTED_EDGE('',*,*,#1430,.F.);
#1894=ORIENTED_EDGE('',*,*,#1431,.T.);
#1895=ORIENTED_EDGE('',*,*,#1427,.T.);
#1896=ORIENTED_EDGE('',*,*,#1420,.F.);
#1897=ORIENTED_EDGE('',*,*,#1432,.F.);
#1898=ORIENTED_EDGE('',*,*,#1433,.F.);
#1899=ORIENTED_EDGE('',*,*,#1430,.T.);
#1900=ORIENTED_EDGE('',*,*,#1417,.F.);
#1901=ORIENTED_EDGE('',*,*,#1434,.F.);
#1902=ORIENTED_EDGE('',*,*,#1435,.T.);
#1903=ORIENTED_EDGE('',*,*,#1432,.T.);
#1904=ORIENTED_EDGE('',*,*,#1412,.F.);
#1905=ORIENTED_EDGE('',*,*,#1436,.F.);
#1906=ORIENTED_EDGE('',*,*,#1437,.F.);
#1907=ORIENTED_EDGE('',*,*,#1434,.T.);
#1908=ORIENTED_EDGE('',*,*,#1438,.F.);
#1909=ORIENTED_EDGE('',*,*,#1439,.F.);
#1910=ORIENTED_EDGE('',*,*,#1302,.F.);
#1911=ORIENTED_EDGE('',*,*,#1440,.T.);
#1912=ORIENTED_EDGE('',*,*,#1441,.F.);
#1913=ORIENTED_EDGE('',*,*,#1440,.F.);
#1914=ORIENTED_EDGE('',*,*,#1305,.F.);
#1915=ORIENTED_EDGE('',*,*,#1442,.T.);
#1916=ORIENTED_EDGE('',*,*,#1443,.F.);
#1917=ORIENTED_EDGE('',*,*,#1442,.F.);
#1918=ORIENTED_EDGE('',*,*,#1304,.F.);
#1919=ORIENTED_EDGE('',*,*,#1444,.T.);
#1920=ORIENTED_EDGE('',*,*,#1445,.F.);
#1921=ORIENTED_EDGE('',*,*,#1444,.F.);
#1922=ORIENTED_EDGE('',*,*,#1303,.F.);
#1923=ORIENTED_EDGE('',*,*,#1439,.T.);
#1924=ORIENTED_EDGE('',*,*,#1438,.T.);
#1925=ORIENTED_EDGE('',*,*,#1441,.T.);
#1926=ORIENTED_EDGE('',*,*,#1443,.T.);
#1927=ORIENTED_EDGE('',*,*,#1445,.T.);
#1928=ORIENTED_EDGE('',*,*,#1446,.F.);
#1929=ORIENTED_EDGE('',*,*,#1447,.F.);
#1930=ORIENTED_EDGE('',*,*,#1288,.F.);
#1931=ORIENTED_EDGE('',*,*,#1448,.T.);
#1932=ORIENTED_EDGE('',*,*,#1449,.F.);
#1933=ORIENTED_EDGE('',*,*,#1448,.F.);
#1934=ORIENTED_EDGE('',*,*,#1301,.F.);
#1935=ORIENTED_EDGE('',*,*,#1450,.T.);
#1936=ORIENTED_EDGE('',*,*,#1451,.F.);
#1937=ORIENTED_EDGE('',*,*,#1450,.F.);
#1938=ORIENTED_EDGE('',*,*,#1300,.F.);
#1939=ORIENTED_EDGE('',*,*,#1452,.T.);
#1940=ORIENTED_EDGE('',*,*,#1453,.F.);
#1941=ORIENTED_EDGE('',*,*,#1452,.F.);
#1942=ORIENTED_EDGE('',*,*,#1299,.F.);
#1943=ORIENTED_EDGE('',*,*,#1454,.T.);
#1944=ORIENTED_EDGE('',*,*,#1455,.F.);
#1945=ORIENTED_EDGE('',*,*,#1454,.F.);
#1946=ORIENTED_EDGE('',*,*,#1298,.F.);
#1947=ORIENTED_EDGE('',*,*,#1456,.T.);
#1948=ORIENTED_EDGE('',*,*,#1457,.F.);
#1949=ORIENTED_EDGE('',*,*,#1456,.F.);
#1950=ORIENTED_EDGE('',*,*,#1297,.F.);
#1951=ORIENTED_EDGE('',*,*,#1458,.T.);
#1952=ORIENTED_EDGE('',*,*,#1459,.F.);
#1953=ORIENTED_EDGE('',*,*,#1458,.F.);
#1954=ORIENTED_EDGE('',*,*,#1296,.F.);
#1955=ORIENTED_EDGE('',*,*,#1460,.T.);
#1956=ORIENTED_EDGE('',*,*,#1461,.F.);
#1957=ORIENTED_EDGE('',*,*,#1460,.F.);
#1958=ORIENTED_EDGE('',*,*,#1295,.F.);
#1959=ORIENTED_EDGE('',*,*,#1462,.T.);
#1960=ORIENTED_EDGE('',*,*,#1463,.F.);
#1961=ORIENTED_EDGE('',*,*,#1462,.F.);
#1962=ORIENTED_EDGE('',*,*,#1294,.F.);
#1963=ORIENTED_EDGE('',*,*,#1464,.T.);
#1964=ORIENTED_EDGE('',*,*,#1465,.F.);
#1965=ORIENTED_EDGE('',*,*,#1464,.F.);
#1966=ORIENTED_EDGE('',*,*,#1293,.F.);
#1967=ORIENTED_EDGE('',*,*,#1466,.T.);
#1968=ORIENTED_EDGE('',*,*,#1467,.F.);
#1969=ORIENTED_EDGE('',*,*,#1466,.F.);
#1970=ORIENTED_EDGE('',*,*,#1292,.F.);
#1971=ORIENTED_EDGE('',*,*,#1468,.T.);
#1972=ORIENTED_EDGE('',*,*,#1469,.F.);
#1973=ORIENTED_EDGE('',*,*,#1468,.F.);
#1974=ORIENTED_EDGE('',*,*,#1291,.F.);
#1975=ORIENTED_EDGE('',*,*,#1470,.T.);
#1976=ORIENTED_EDGE('',*,*,#1471,.F.);
#1977=ORIENTED_EDGE('',*,*,#1470,.F.);
#1978=ORIENTED_EDGE('',*,*,#1290,.F.);
#1979=ORIENTED_EDGE('',*,*,#1472,.T.);
#1980=ORIENTED_EDGE('',*,*,#1473,.F.);
#1981=ORIENTED_EDGE('',*,*,#1472,.F.);
#1982=ORIENTED_EDGE('',*,*,#1289,.F.);
#1983=ORIENTED_EDGE('',*,*,#1447,.T.);
#1984=ORIENTED_EDGE('',*,*,#1446,.T.);
#1985=ORIENTED_EDGE('',*,*,#1449,.T.);
#1986=ORIENTED_EDGE('',*,*,#1451,.T.);
#1987=ORIENTED_EDGE('',*,*,#1453,.T.);
#1988=ORIENTED_EDGE('',*,*,#1455,.T.);
#1989=ORIENTED_EDGE('',*,*,#1457,.T.);
#1990=ORIENTED_EDGE('',*,*,#1459,.T.);
#1991=ORIENTED_EDGE('',*,*,#1461,.T.);
#1992=ORIENTED_EDGE('',*,*,#1463,.T.);
#1993=ORIENTED_EDGE('',*,*,#1465,.T.);
#1994=ORIENTED_EDGE('',*,*,#1467,.T.);
#1995=ORIENTED_EDGE('',*,*,#1469,.T.);
#1996=ORIENTED_EDGE('',*,*,#1471,.T.);
#1997=ORIENTED_EDGE('',*,*,#1473,.T.);
#1998=ORIENTED_EDGE('',*,*,#1474,.F.);
#1999=ORIENTED_EDGE('',*,*,#1475,.F.);
#2000=ORIENTED_EDGE('',*,*,#1284,.F.);
#2001=ORIENTED_EDGE('',*,*,#1476,.T.);
#2002=ORIENTED_EDGE('',*,*,#1477,.F.);
#2003=ORIENTED_EDGE('',*,*,#1476,.F.);
#2004=ORIENTED_EDGE('',*,*,#1287,.F.);
#2005=ORIENTED_EDGE('',*,*,#1478,.T.);
#2006=ORIENTED_EDGE('',*,*,#1479,.F.);
#2007=ORIENTED_EDGE('',*,*,#1478,.F.);
#2008=ORIENTED_EDGE('',*,*,#1286,.F.);
#2009=ORIENTED_EDGE('',*,*,#1480,.T.);
#2010=ORIENTED_EDGE('',*,*,#1481,.F.);
#2011=ORIENTED_EDGE('',*,*,#1480,.F.);
#2012=ORIENTED_EDGE('',*,*,#1285,.F.);
#2013=ORIENTED_EDGE('',*,*,#1475,.T.);
#2014=ORIENTED_EDGE('',*,*,#1474,.T.);
#2015=ORIENTED_EDGE('',*,*,#1477,.T.);
#2016=ORIENTED_EDGE('',*,*,#1479,.T.);
#2017=ORIENTED_EDGE('',*,*,#1481,.T.);
#2018=ORIENTED_EDGE('',*,*,#1482,.F.);
#2019=ORIENTED_EDGE('',*,*,#1483,.F.);
#2020=ORIENTED_EDGE('',*,*,#1280,.F.);
#2021=ORIENTED_EDGE('',*,*,#1484,.T.);
#2022=ORIENTED_EDGE('',*,*,#1485,.F.);
#2023=ORIENTED_EDGE('',*,*,#1484,.F.);
#2024=ORIENTED_EDGE('',*,*,#1283,.F.);
#2025=ORIENTED_EDGE('',*,*,#1486,.T.);
#2026=ORIENTED_EDGE('',*,*,#1487,.F.);
#2027=ORIENTED_EDGE('',*,*,#1486,.F.);
#2028=ORIENTED_EDGE('',*,*,#1282,.F.);
#2029=ORIENTED_EDGE('',*,*,#1488,.T.);
#2030=ORIENTED_EDGE('',*,*,#1489,.F.);
#2031=ORIENTED_EDGE('',*,*,#1488,.F.);
#2032=ORIENTED_EDGE('',*,*,#1281,.F.);
#2033=ORIENTED_EDGE('',*,*,#1483,.T.);
#2034=ORIENTED_EDGE('',*,*,#1482,.T.);
#2035=ORIENTED_EDGE('',*,*,#1485,.T.);
#2036=ORIENTED_EDGE('',*,*,#1487,.T.);
#2037=ORIENTED_EDGE('',*,*,#1489,.T.);
#2038=ORIENTED_EDGE('',*,*,#1490,.F.);
#2039=ORIENTED_EDGE('',*,*,#1491,.F.);
#2040=ORIENTED_EDGE('',*,*,#1270,.F.);
#2041=ORIENTED_EDGE('',*,*,#1492,.T.);
#2042=ORIENTED_EDGE('',*,*,#1493,.F.);
#2043=ORIENTED_EDGE('',*,*,#1492,.F.);
#2044=ORIENTED_EDGE('',*,*,#1279,.F.);
#2045=ORIENTED_EDGE('',*,*,#1494,.T.);
#2046=ORIENTED_EDGE('',*,*,#1495,.F.);
#2047=ORIENTED_EDGE('',*,*,#1494,.F.);
#2048=ORIENTED_EDGE('',*,*,#1278,.F.);
#2049=ORIENTED_EDGE('',*,*,#1496,.T.);
#2050=ORIENTED_EDGE('',*,*,#1497,.F.);
#2051=ORIENTED_EDGE('',*,*,#1496,.F.);
#2052=ORIENTED_EDGE('',*,*,#1277,.F.);
#2053=ORIENTED_EDGE('',*,*,#1498,.T.);
#2054=ORIENTED_EDGE('',*,*,#1499,.F.);
#2055=ORIENTED_EDGE('',*,*,#1498,.F.);
#2056=ORIENTED_EDGE('',*,*,#1276,.F.);
#2057=ORIENTED_EDGE('',*,*,#1500,.T.);
#2058=ORIENTED_EDGE('',*,*,#1501,.F.);
#2059=ORIENTED_EDGE('',*,*,#1500,.F.);
#2060=ORIENTED_EDGE('',*,*,#1275,.F.);
#2061=ORIENTED_EDGE('',*,*,#1502,.T.);
#2062=ORIENTED_EDGE('',*,*,#1503,.F.);
#2063=ORIENTED_EDGE('',*,*,#1502,.F.);
#2064=ORIENTED_EDGE('',*,*,#1274,.F.);
#2065=ORIENTED_EDGE('',*,*,#1504,.T.);
#2066=ORIENTED_EDGE('',*,*,#1505,.F.);
#2067=ORIENTED_EDGE('',*,*,#1504,.F.);
#2068=ORIENTED_EDGE('',*,*,#1273,.F.);
#2069=ORIENTED_EDGE('',*,*,#1506,.T.);
#2070=ORIENTED_EDGE('',*,*,#1507,.F.);
#2071=ORIENTED_EDGE('',*,*,#1506,.F.);
#2072=ORIENTED_EDGE('',*,*,#1272,.F.);
#2073=ORIENTED_EDGE('',*,*,#1508,.T.);
#2074=ORIENTED_EDGE('',*,*,#1509,.F.);
#2075=ORIENTED_EDGE('',*,*,#1508,.F.);
#2076=ORIENTED_EDGE('',*,*,#1271,.F.);
#2077=ORIENTED_EDGE('',*,*,#1491,.T.);
#2078=ORIENTED_EDGE('',*,*,#1490,.T.);
#2079=ORIENTED_EDGE('',*,*,#1493,.T.);
#2080=ORIENTED_EDGE('',*,*,#1495,.T.);
#2081=ORIENTED_EDGE('',*,*,#1497,.T.);
#2082=ORIENTED_EDGE('',*,*,#1499,.T.);
#2083=ORIENTED_EDGE('',*,*,#1501,.T.);
#2084=ORIENTED_EDGE('',*,*,#1503,.T.);
#2085=ORIENTED_EDGE('',*,*,#1505,.T.);
#2086=ORIENTED_EDGE('',*,*,#1507,.T.);
#2087=ORIENTED_EDGE('',*,*,#1509,.T.);
#2088=ORIENTED_EDGE('',*,*,#1510,.F.);
#2089=ORIENTED_EDGE('',*,*,#1511,.F.);
#2090=ORIENTED_EDGE('',*,*,#1267,.F.);
#2091=ORIENTED_EDGE('',*,*,#1512,.T.);
#2092=ORIENTED_EDGE('',*,*,#1513,.F.);
#2093=ORIENTED_EDGE('',*,*,#1512,.F.);
#2094=ORIENTED_EDGE('',*,*,#1269,.F.);
#2095=ORIENTED_EDGE('',*,*,#1514,.T.);
#2096=ORIENTED_EDGE('',*,*,#1515,.F.);
#2097=ORIENTED_EDGE('',*,*,#1514,.F.);
#2098=ORIENTED_EDGE('',*,*,#1268,.F.);
#2099=ORIENTED_EDGE('',*,*,#1511,.T.);
#2100=ORIENTED_EDGE('',*,*,#1510,.T.);
#2101=ORIENTED_EDGE('',*,*,#1513,.T.);
#2102=ORIENTED_EDGE('',*,*,#1515,.T.);
#2103=ORIENTED_EDGE('',*,*,#1327,.F.);
#2104=ORIENTED_EDGE('',*,*,#1329,.F.);
#2105=ORIENTED_EDGE('',*,*,#1516,.F.);
#2106=ORIENTED_EDGE('',*,*,#1517,.F.);
#2107=ORIENTED_EDGE('',*,*,#1518,.F.);
#2108=ORIENTED_EDGE('',*,*,#1519,.F.);
#2109=ORIENTED_EDGE('',*,*,#1520,.F.);
#2110=ORIENTED_EDGE('',*,*,#1521,.F.);
#2111=ORIENTED_EDGE('',*,*,#1522,.F.);
#2112=ORIENTED_EDGE('',*,*,#1523,.T.);
#2113=ORIENTED_EDGE('',*,*,#1248,.F.);
#2114=ORIENTED_EDGE('',*,*,#1308,.F.);
#2115=ORIENTED_EDGE('',*,*,#1249,.F.);
#2116=ORIENTED_EDGE('',*,*,#1523,.F.);
#2117=ORIENTED_EDGE('',*,*,#1524,.F.);
#2118=ORIENTED_EDGE('',*,*,#1521,.T.);
#2119=ORIENTED_EDGE('',*,*,#1525,.F.);
#2120=ORIENTED_EDGE('',*,*,#1526,.T.);
#2121=ORIENTED_EDGE('',*,*,#1527,.F.);
#2122=ORIENTED_EDGE('',*,*,#1517,.T.);
#2123=ORIENTED_EDGE('',*,*,#1528,.F.);
#2124=ORIENTED_EDGE('',*,*,#1216,.F.);
#2125=ORIENTED_EDGE('',*,*,#1529,.F.);
#2126=ORIENTED_EDGE('',*,*,#1530,.T.);
#2127=ORIENTED_EDGE('',*,*,#1531,.F.);
#2128=ORIENTED_EDGE('',*,*,#1528,.T.);
#2129=ORIENTED_EDGE('',*,*,#1516,.T.);
#2130=ORIENTED_EDGE('',*,*,#1328,.T.);
#2131=ORIENTED_EDGE('',*,*,#1314,.F.);
#2132=ORIENTED_EDGE('',*,*,#1524,.T.);
#2133=ORIENTED_EDGE('',*,*,#1522,.T.);
#2134=ORIENTED_EDGE('',*,*,#1527,.T.);
#2135=ORIENTED_EDGE('',*,*,#1532,.T.);
#2136=ORIENTED_EDGE('',*,*,#1533,.T.);
#2137=ORIENTED_EDGE('',*,*,#1534,.T.);
#2138=ORIENTED_EDGE('',*,*,#1535,.T.);
#2139=ORIENTED_EDGE('',*,*,#1536,.T.);
#2140=ORIENTED_EDGE('',*,*,#1537,.T.);
#2141=ORIENTED_EDGE('',*,*,#1538,.T.);
#2142=ORIENTED_EDGE('',*,*,#1529,.T.);
#2143=ORIENTED_EDGE('',*,*,#1539,.T.);
#2144=ORIENTED_EDGE('',*,*,#1540,.T.);
#2145=ORIENTED_EDGE('',*,*,#1217,.T.);
#2146=ORIENTED_EDGE('',*,*,#1409,.T.);
#2147=ORIENTED_EDGE('',*,*,#1384,.F.);
#2148=ORIENTED_EDGE('',*,*,#1541,.T.);
#2149=ORIENTED_EDGE('',*,*,#1397,.F.);
#2150=ORIENTED_EDGE('',*,*,#1402,.T.);
#2151=ORIENTED_EDGE('',*,*,#1542,.T.);
#2152=ORIENTED_EDGE('',*,*,#1429,.T.);
#2153=ORIENTED_EDGE('',*,*,#1543,.T.);
#2154=ORIENTED_EDGE('',*,*,#1436,.T.);
#2155=ORIENTED_EDGE('',*,*,#1411,.F.);
#2156=ORIENTED_EDGE('',*,*,#1544,.T.);
#2157=ORIENTED_EDGE('',*,*,#1424,.F.);
#2158=ORIENTED_EDGE('',*,*,#1382,.T.);
#2159=ORIENTED_EDGE('',*,*,#1357,.F.);
#2160=ORIENTED_EDGE('',*,*,#1545,.T.);
#2161=ORIENTED_EDGE('',*,*,#1370,.F.);
#2162=ORIENTED_EDGE('',*,*,#1375,.T.);
#2163=ORIENTED_EDGE('',*,*,#1546,.T.);
#2164=ORIENTED_EDGE('',*,*,#1355,.T.);
#2165=ORIENTED_EDGE('',*,*,#1330,.F.);
#2166=ORIENTED_EDGE('',*,*,#1547,.T.);
#2167=ORIENTED_EDGE('',*,*,#1343,.F.);
#2168=ORIENTED_EDGE('',*,*,#1348,.T.);
#2169=ORIENTED_EDGE('',*,*,#1548,.T.);
#2170=ORIENTED_EDGE('',*,*,#1258,.F.);
#2171=ORIENTED_EDGE('',*,*,#1549,.F.);
#2172=ORIENTED_EDGE('',*,*,#1536,.F.);
#2173=ORIENTED_EDGE('',*,*,#1550,.T.);
#2174=ORIENTED_EDGE('',*,*,#1255,.F.);
#2175=ORIENTED_EDGE('',*,*,#1551,.F.);
#2176=ORIENTED_EDGE('',*,*,#1552,.F.);
#2177=ORIENTED_EDGE('',*,*,#1553,.T.);
#2178=ORIENTED_EDGE('',*,*,#1257,.F.);
#2179=ORIENTED_EDGE('',*,*,#1554,.F.);
#2180=ORIENTED_EDGE('',*,*,#1537,.F.);
#2181=ORIENTED_EDGE('',*,*,#1549,.T.);
#2182=ORIENTED_EDGE('',*,*,#1256,.F.);
#2183=ORIENTED_EDGE('',*,*,#1553,.F.);
#2184=ORIENTED_EDGE('',*,*,#1555,.F.);
#2185=ORIENTED_EDGE('',*,*,#1530,.F.);
#2186=ORIENTED_EDGE('',*,*,#1538,.F.);
#2187=ORIENTED_EDGE('',*,*,#1554,.T.);
#2188=ORIENTED_EDGE('',*,*,#1251,.F.);
#2189=ORIENTED_EDGE('',*,*,#1550,.F.);
#2190=ORIENTED_EDGE('',*,*,#1535,.F.);
#2191=ORIENTED_EDGE('',*,*,#1556,.T.);
#2192=ORIENTED_EDGE('',*,*,#1252,.F.);
#2193=ORIENTED_EDGE('',*,*,#1556,.F.);
#2194=ORIENTED_EDGE('',*,*,#1534,.F.);
#2195=ORIENTED_EDGE('',*,*,#1557,.T.);
#2196=ORIENTED_EDGE('',*,*,#1253,.F.);
#2197=ORIENTED_EDGE('',*,*,#1557,.F.);
#2198=ORIENTED_EDGE('',*,*,#1533,.F.);
#2199=ORIENTED_EDGE('',*,*,#1558,.T.);
#2200=ORIENTED_EDGE('',*,*,#1254,.F.);
#2201=ORIENTED_EDGE('',*,*,#1558,.F.);
#2202=ORIENTED_EDGE('',*,*,#1532,.F.);
#2203=ORIENTED_EDGE('',*,*,#1526,.F.);
#2204=ORIENTED_EDGE('',*,*,#1559,.F.);
#2205=ORIENTED_EDGE('',*,*,#1551,.T.);
#2206=ORIENTED_EDGE('',*,*,#1259,.T.);
#2207=ORIENTED_EDGE('',*,*,#1560,.T.);
#2208=ORIENTED_EDGE('',*,*,#1561,.T.);
#2209=ORIENTED_EDGE('',*,*,#1562,.T.);
#2210=ORIENTED_EDGE('',*,*,#1561,.F.);
#2211=ORIENTED_EDGE('',*,*,#1563,.T.);
#2212=ORIENTED_EDGE('',*,*,#1218,.T.);
#2213=ORIENTED_EDGE('',*,*,#1540,.F.);
#2214=ORIENTED_EDGE('',*,*,#1564,.T.);
#2215=ORIENTED_EDGE('',*,*,#1565,.T.);
#2216=ORIENTED_EDGE('',*,*,#1566,.T.);
#2217=ORIENTED_EDGE('',*,*,#1567,.T.);
#2218=ORIENTED_EDGE('',*,*,#1568,.T.);
#2219=ORIENTED_EDGE('',*,*,#1560,.F.);
#2220=ORIENTED_EDGE('',*,*,#1266,.T.);
#2221=ORIENTED_EDGE('',*,*,#1219,.T.);
#2222=ORIENTED_EDGE('',*,*,#1563,.F.);
#2223=ORIENTED_EDGE('',*,*,#1565,.F.);
#2224=ORIENTED_EDGE('',*,*,#1569,.F.);
#2225=ORIENTED_EDGE('',*,*,#1263,.F.);
#2226=ORIENTED_EDGE('',*,*,#1570,.F.);
#2227=ORIENTED_EDGE('',*,*,#1566,.F.);
#2228=ORIENTED_EDGE('',*,*,#1570,.T.);
#2229=ORIENTED_EDGE('',*,*,#1262,.F.);
#2230=ORIENTED_EDGE('',*,*,#1571,.F.);
#2231=ORIENTED_EDGE('',*,*,#1567,.F.);
#2232=ORIENTED_EDGE('',*,*,#1571,.T.);
#2233=ORIENTED_EDGE('',*,*,#1261,.F.);
#2234=ORIENTED_EDGE('',*,*,#1572,.F.);
#2235=ORIENTED_EDGE('',*,*,#1562,.F.);
#2236=ORIENTED_EDGE('',*,*,#1568,.F.);
#2237=ORIENTED_EDGE('',*,*,#1572,.T.);
#2238=ORIENTED_EDGE('',*,*,#1260,.F.);
#2239=ORIENTED_EDGE('',*,*,#1212,.T.);
#2240=ORIENTED_EDGE('',*,*,#1573,.F.);
#2241=ORIENTED_EDGE('',*,*,#1574,.F.);
#2242=ORIENTED_EDGE('',*,*,#1575,.F.);
#2243=ORIENTED_EDGE('',*,*,#1264,.T.);
#2244=ORIENTED_EDGE('',*,*,#1569,.T.);
#2245=ORIENTED_EDGE('',*,*,#1564,.F.);
#2246=ORIENTED_EDGE('',*,*,#1539,.F.);
#2247=ORIENTED_EDGE('',*,*,#1215,.T.);
#2248=ORIENTED_EDGE('',*,*,#1377,.F.);
#2249=ORIENTED_EDGE('',*,*,#1379,.T.);
#2250=ORIENTED_EDGE('',*,*,#1381,.F.);
#2251=ORIENTED_EDGE('',*,*,#1383,.T.);
#2252=ORIENTED_EDGE('',*,*,#1546,.F.);
#2253=ORIENTED_EDGE('',*,*,#1374,.T.);
#2254=ORIENTED_EDGE('',*,*,#1350,.F.);
#2255=ORIENTED_EDGE('',*,*,#1352,.T.);
#2256=ORIENTED_EDGE('',*,*,#1354,.F.);
#2257=ORIENTED_EDGE('',*,*,#1356,.T.);
#2258=ORIENTED_EDGE('',*,*,#1548,.F.);
#2259=ORIENTED_EDGE('',*,*,#1347,.T.);
#2260=ORIENTED_EDGE('',*,*,#1431,.F.);
#2261=ORIENTED_EDGE('',*,*,#1433,.T.);
#2262=ORIENTED_EDGE('',*,*,#1435,.F.);
#2263=ORIENTED_EDGE('',*,*,#1437,.T.);
#2264=ORIENTED_EDGE('',*,*,#1543,.F.);
#2265=ORIENTED_EDGE('',*,*,#1428,.T.);
#2266=ORIENTED_EDGE('',*,*,#1404,.F.);
#2267=ORIENTED_EDGE('',*,*,#1406,.T.);
#2268=ORIENTED_EDGE('',*,*,#1408,.F.);
#2269=ORIENTED_EDGE('',*,*,#1410,.T.);
#2270=ORIENTED_EDGE('',*,*,#1542,.F.);
#2271=ORIENTED_EDGE('',*,*,#1401,.T.);
#2272=ORIENTED_EDGE('',*,*,#1518,.T.);
#2273=ORIENTED_EDGE('',*,*,#1531,.T.);
#2274=ORIENTED_EDGE('',*,*,#1555,.T.);
#2275=ORIENTED_EDGE('',*,*,#1552,.T.);
#2276=ORIENTED_EDGE('',*,*,#1559,.T.);
#2277=ORIENTED_EDGE('',*,*,#1525,.T.);
#2278=ORIENTED_EDGE('',*,*,#1520,.T.);
#2279=ORIENTED_EDGE('',*,*,#1576,.F.);
#2280=ORIENTED_EDGE('',*,*,#1211,.T.);
#2281=ORIENTED_EDGE('',*,*,#1577,.F.);
#2282=ORIENTED_EDGE('',*,*,#1519,.T.);
#2283=ORIENTED_EDGE('',*,*,#1577,.T.);
#2284=ORIENTED_EDGE('',*,*,#1223,.T.);
#2285=ORIENTED_EDGE('',*,*,#1578,.F.);
#2286=ORIENTED_EDGE('',*,*,#1573,.T.);
#2287=ORIENTED_EDGE('',*,*,#1576,.T.);
#2288=ORIENTED_EDGE('',*,*,#1222,.T.);
#2289=ORIENTED_EDGE('',*,*,#1579,.T.);
#2290=ORIENTED_EDGE('',*,*,#1574,.T.);
#2291=ORIENTED_EDGE('',*,*,#1578,.T.);
#2292=ORIENTED_EDGE('',*,*,#1221,.T.);
#2293=ORIENTED_EDGE('',*,*,#1265,.F.);
#2294=ORIENTED_EDGE('',*,*,#1575,.T.);
#2295=ORIENTED_EDGE('',*,*,#1579,.F.);
#2296=ORIENTED_EDGE('',*,*,#1398,.F.);
#2297=ORIENTED_EDGE('',*,*,#1541,.F.);
#2298=ORIENTED_EDGE('',*,*,#1387,.F.);
#2299=ORIENTED_EDGE('',*,*,#1389,.F.);
#2300=ORIENTED_EDGE('',*,*,#1392,.F.);
#2301=ORIENTED_EDGE('',*,*,#1395,.F.);
#2302=ORIENTED_EDGE('',*,*,#1425,.F.);
#2303=ORIENTED_EDGE('',*,*,#1544,.F.);
#2304=ORIENTED_EDGE('',*,*,#1414,.F.);
#2305=ORIENTED_EDGE('',*,*,#1416,.F.);
#2306=ORIENTED_EDGE('',*,*,#1419,.F.);
#2307=ORIENTED_EDGE('',*,*,#1422,.F.);
#2308=ORIENTED_EDGE('',*,*,#1371,.F.);
#2309=ORIENTED_EDGE('',*,*,#1545,.F.);
#2310=ORIENTED_EDGE('',*,*,#1360,.F.);
#2311=ORIENTED_EDGE('',*,*,#1362,.F.);
#2312=ORIENTED_EDGE('',*,*,#1365,.F.);
#2313=ORIENTED_EDGE('',*,*,#1368,.F.);
#2314=ORIENTED_EDGE('',*,*,#1344,.F.);
#2315=ORIENTED_EDGE('',*,*,#1547,.F.);
#2316=ORIENTED_EDGE('',*,*,#1333,.F.);
#2317=ORIENTED_EDGE('',*,*,#1335,.F.);
#2318=ORIENTED_EDGE('',*,*,#1338,.F.);
#2319=ORIENTED_EDGE('',*,*,#1341,.F.);
#2320=PLANE('',#2545);
#2321=PLANE('',#2550);
#2322=PLANE('',#2551);
#2323=PLANE('',#2566);
#2324=PLANE('',#2572);
#2325=PLANE('',#2573);
#2326=PLANE('',#2574);
#2327=PLANE('',#2575);
#2328=PLANE('',#2586);
#2329=PLANE('',#2588);
#2330=PLANE('',#2593);
#2331=PLANE('',#2594);
#2332=PLANE('',#2605);
#2333=PLANE('',#2607);
#2334=PLANE('',#2612);
#2335=PLANE('',#2613);
#2336=PLANE('',#2624);
#2337=PLANE('',#2626);
#2338=PLANE('',#2631);
#2339=PLANE('',#2632);
#2340=PLANE('',#2643);
#2341=PLANE('',#2645);
#2342=PLANE('',#2650);
#2343=PLANE('',#2651);
#2344=PLANE('',#2654);
#2345=PLANE('',#2657);
#2346=PLANE('',#2658);
#2347=PLANE('',#2659);
#2348=PLANE('',#2660);
#2349=PLANE('',#2661);
#2350=PLANE('',#2662);
#2351=PLANE('',#2663);
#2352=PLANE('',#2664);
#2353=PLANE('',#2665);
#2354=PLANE('',#2666);
#2355=PLANE('',#2667);
#2356=PLANE('',#2668);
#2357=PLANE('',#2669);
#2358=PLANE('',#2670);
#2359=PLANE('',#2671);
#2360=PLANE('',#2672);
#2361=PLANE('',#2673);
#2362=PLANE('',#2676);
#2363=PLANE('',#2679);
#2364=PLANE('',#2680);
#2365=PLANE('',#2686);
#2366=PLANE('',#2690);
#2367=PLANE('',#2691);
#2368=PLANE('',#2692);
#2369=PLANE('',#2693);
#2370=PLANE('',#2694);
#2371=PLANE('',#2695);
#2372=PLANE('',#2696);
#2373=PLANE('',#2697);
#2374=PLANE('',#2698);
#2375=PLANE('',#2699);
#2376=PLANE('',#2700);
#2377=PLANE('',#2701);
#2378=PLANE('',#2704);
#2379=PLANE('',#2705);
#2380=PLANE('',#2706);
#2381=PLANE('',#2708);
#2382=PLANE('',#2728);
#2383=PLANE('',#2730);
#2384=PLANE('',#2732);
#2385=PLANE('',#2734);
#2386=PLANE('',#2745);
#2387=PLANE('',#2758);
#2388=PLANE('',#2759);
#2389=PLANE('',#2760);
#2390=PLANE('',#2761);
#2391=ADVANCED_FACE('',(#174),#2320,.F.);
#2392=ADVANCED_FACE('',(#175),#147,.T.);
#2393=ADVANCED_FACE('',(#176),#2321,.T.);
#2394=ADVANCED_FACE('',(#177),#138,.F.);
#2395=ADVANCED_FACE('',(#178),#139,.T.);
#2396=ADVANCED_FACE('',(#179),#140,.T.);
#2397=ADVANCED_FACE('',(#180),#141,.T.);
#2398=ADVANCED_FACE('',(#181),#142,.T.);
#2399=ADVANCED_FACE('',(#182),#69,.T.);
#2400=ADVANCED_FACE('',(#183,#56),#70,.T.);
#2401=ADVANCED_FACE('',(#184,#57,#58,#59,#60,#61,#62,#63),#2322,.F.);
#2402=ADVANCED_FACE('',(#185),#2323,.T.);
#2403=ADVANCED_FACE('',(#186),#143,.T.);
#2404=ADVANCED_FACE('',(#187),#27,.F.);
#2405=ADVANCED_FACE('',(#188),#2324,.T.);
#2406=ADVANCED_FACE('',(#189),#144,.T.);
#2407=ADVANCED_FACE('',(#190),#145,.T.);
#2408=ADVANCED_FACE('',(#191),#146,.T.);
#2409=ADVANCED_FACE('',(#192),#71,.T.);
#2410=ADVANCED_FACE('',(#193,#64),#72,.T.);
#2411=ADVANCED_FACE('',(#194),#2325,.F.);
#2412=ADVANCED_FACE('',(#195),#2326,.F.);
#2413=ADVANCED_FACE('',(#196),#2327,.T.);
#2414=ADVANCED_FACE('',(#197),#28,.T.);
#2415=ADVANCED_FACE('',(#198),#29,.F.);
#2416=ADVANCED_FACE('',(#199),#30,.T.);
#2417=ADVANCED_FACE('',(#200),#2328,.T.);
#2418=ADVANCED_FACE('',(#201),#2329,.T.);
#2419=ADVANCED_FACE('',(#202),#148,.T.);
#2420=ADVANCED_FACE('',(#203),#149,.F.);
#2421=ADVANCED_FACE('',(#204),#150,.T.);
#2422=ADVANCED_FACE('',(#205),#2330,.T.);
#2423=ADVANCED_FACE('',(#206),#2331,.T.);
#2424=ADVANCED_FACE('',(#207),#31,.T.);
#2425=ADVANCED_FACE('',(#208),#32,.F.);
#2426=ADVANCED_FACE('',(#209),#33,.T.);
#2427=ADVANCED_FACE('',(#210),#2332,.T.);
#2428=ADVANCED_FACE('',(#211),#2333,.T.);
#2429=ADVANCED_FACE('',(#212),#151,.T.);
#2430=ADVANCED_FACE('',(#213),#152,.F.);
#2431=ADVANCED_FACE('',(#214),#153,.T.);
#2432=ADVANCED_FACE('',(#215),#2334,.T.);
#2433=ADVANCED_FACE('',(#216),#2335,.T.);
#2434=ADVANCED_FACE('',(#217),#34,.T.);
#2435=ADVANCED_FACE('',(#218),#35,.F.);
#2436=ADVANCED_FACE('',(#219),#36,.T.);
#2437=ADVANCED_FACE('',(#220),#2336,.T.);
#2438=ADVANCED_FACE('',(#221),#2337,.T.);
#2439=ADVANCED_FACE('',(#222),#154,.T.);
#2440=ADVANCED_FACE('',(#223),#155,.F.);
#2441=ADVANCED_FACE('',(#224),#156,.T.);
#2442=ADVANCED_FACE('',(#225),#2338,.T.);
#2443=ADVANCED_FACE('',(#226),#2339,.T.);
#2444=ADVANCED_FACE('',(#227),#37,.T.);
#2445=ADVANCED_FACE('',(#228),#38,.F.);
#2446=ADVANCED_FACE('',(#229),#39,.T.);
#2447=ADVANCED_FACE('',(#230),#2340,.T.);
#2448=ADVANCED_FACE('',(#231),#2341,.T.);
#2449=ADVANCED_FACE('',(#232),#157,.T.);
#2450=ADVANCED_FACE('',(#233),#158,.F.);
#2451=ADVANCED_FACE('',(#234),#159,.T.);
#2452=ADVANCED_FACE('',(#235),#2342,.T.);
#2453=ADVANCED_FACE('',(#236),#2343,.F.);
#2454=ADVANCED_FACE('',(#237),#40,.F.);
#2455=ADVANCED_FACE('',(#238),#2344,.F.);
#2456=ADVANCED_FACE('',(#239),#41,.T.);
#2457=ADVANCED_FACE('',(#240),#2345,.T.);
#2458=ADVANCED_FACE('',(#241),#2346,.F.);
#2459=ADVANCED_FACE('',(#242),#2347,.F.);
#2460=ADVANCED_FACE('',(#243),#2348,.F.);
#2461=ADVANCED_FACE('',(#244),#2349,.F.);
#2462=ADVANCED_FACE('',(#245),#2350,.F.);
#2463=ADVANCED_FACE('',(#246),#2351,.F.);
#2464=ADVANCED_FACE('',(#247),#2352,.F.);
#2465=ADVANCED_FACE('',(#248),#2353,.F.);
#2466=ADVANCED_FACE('',(#249),#2354,.F.);
#2467=ADVANCED_FACE('',(#250),#2355,.F.);
#2468=ADVANCED_FACE('',(#251),#2356,.F.);
#2469=ADVANCED_FACE('',(#252),#2357,.F.);
#2470=ADVANCED_FACE('',(#253),#2358,.F.);
#2471=ADVANCED_FACE('',(#254),#2359,.F.);
#2472=ADVANCED_FACE('',(#255),#2360,.T.);
#2473=ADVANCED_FACE('',(#256),#2361,.F.);
#2474=ADVANCED_FACE('',(#257),#42,.F.);
#2475=ADVANCED_FACE('',(#258),#2362,.F.);
#2476=ADVANCED_FACE('',(#259),#43,.T.);
#2477=ADVANCED_FACE('',(#260),#2363,.T.);
#2478=ADVANCED_FACE('',(#261),#2364,.F.);
#2479=ADVANCED_FACE('',(#262),#44,.F.);
#2480=ADVANCED_FACE('',(#263),#2365,.F.);
#2481=ADVANCED_FACE('',(#264),#45,.T.);
#2482=ADVANCED_FACE('',(#265),#2366,.T.);
#2483=ADVANCED_FACE('',(#266),#2367,.F.);
#2484=ADVANCED_FACE('',(#267),#2368,.F.);
#2485=ADVANCED_FACE('',(#268),#2369,.F.);
#2486=ADVANCED_FACE('',(#269),#2370,.F.);
#2487=ADVANCED_FACE('',(#270),#2371,.F.);
#2488=ADVANCED_FACE('',(#271),#2372,.F.);
#2489=ADVANCED_FACE('',(#272),#2373,.F.);
#2490=ADVANCED_FACE('',(#273),#2374,.F.);
#2491=ADVANCED_FACE('',(#274),#2375,.F.);
#2492=ADVANCED_FACE('',(#275),#2376,.F.);
#2493=ADVANCED_FACE('',(#276),#2377,.T.);
#2494=ADVANCED_FACE('',(#277),#46,.F.);
#2495=ADVANCED_FACE('',(#278),#2378,.F.);
#2496=ADVANCED_FACE('',(#279),#2379,.F.);
#2497=ADVANCED_FACE('',(#280),#2380,.T.);
#2498=ADVANCED_FACE('',(#281),#160,.F.);
#2499=ADVANCED_FACE('',(#282),#2381,.F.);
#2500=ADVANCED_FACE('',(#283),#47,.F.);
#2501=ADVANCED_FACE('',(#284),#48,.F.);
#2502=ADVANCED_FACE('',(#285,#65,#66,#67,#68),#161,.F.);
#2503=ADVANCED_FACE('',(#286),#162,.F.);
#2504=ADVANCED_FACE('',(#287),#2382,.F.);
#2505=ADVANCED_FACE('',(#288),#2383,.F.);
#2506=ADVANCED_FACE('',(#289),#163,.F.);
#2507=ADVANCED_FACE('',(#290),#2384,.F.);
#2508=ADVANCED_FACE('',(#291),#164,.F.);
#2509=ADVANCED_FACE('',(#292),#2385,.F.);
#2510=ADVANCED_FACE('',(#293),#165,.F.);
#2511=ADVANCED_FACE('',(#294),#166,.T.);
#2512=ADVANCED_FACE('',(#295),#49,.F.);
#2513=ADVANCED_FACE('',(#296),#167,.F.);
#2514=ADVANCED_FACE('',(#297),#168,.F.);
#2515=ADVANCED_FACE('',(#298),#169,.F.);
#2516=ADVANCED_FACE('',(#299),#170,.T.);
#2517=ADVANCED_FACE('',(#300),#171,.F.);
#2518=ADVANCED_FACE('',(#301),#2386,.T.);
#2519=ADVANCED_FACE('',(#302),#50,.F.);
#2520=ADVANCED_FACE('',(#303),#51,.F.);
#2521=ADVANCED_FACE('',(#304),#52,.F.);
#2522=ADVANCED_FACE('',(#305),#53,.F.);
#2523=ADVANCED_FACE('',(#306),#172,.F.);
#2524=ADVANCED_FACE('',(#307),#54,.F.);
#2525=ADVANCED_FACE('',(#308),#173,.F.);
#2526=ADVANCED_FACE('',(#309),#55,.F.);
#2527=ADVANCED_FACE('',(#310),#2387,.F.);
#2528=ADVANCED_FACE('',(#311),#2388,.F.);
#2529=ADVANCED_FACE('',(#312),#2389,.F.);
#2530=ADVANCED_FACE('',(#313),#2390,.F.);
#2531=CLOSED_SHELL('',(#2391,#2392,#2393,#2394,#2395,#2396,#2397,#2398,
#2399,#2400,#2401,#2402,#2403,#2404,#2405,#2406,#2407,#2408,#2409,#2410,
#2411,#2412,#2413,#2414,#2415,#2416,#2417,#2418,#2419,#2420,#2421,#2422,
#2423,#2424,#2425,#2426,#2427,#2428,#2429,#2430,#2431,#2432,#2433,#2434,
#2435,#2436,#2437,#2438,#2439,#2440,#2441,#2442,#2443,#2444,#2445,#2446,
#2447,#2448,#2449,#2450,#2451,#2452,#2453,#2454,#2455,#2456,#2457,#2458,
#2459,#2460,#2461,#2462,#2463,#2464,#2465,#2466,#2467,#2468,#2469,#2470,
#2471,#2472,#2473,#2474,#2475,#2476,#2477,#2478,#2479,#2480,#2481,#2482,
#2483,#2484,#2485,#2486,#2487,#2488,#2489,#2490,#2491,#2492,#2493,#2494,
#2495,#2496,#2497,#2498,#2499,#2500,#2501,#2502,#2503,#2504,#2505,#2506,
#2507,#2508,#2509,#2510,#2511,#2512,#2513,#2514,#2515,#2516,#2517,#2518,
#2519,#2520,#2521,#2522,#2523,#2524,#2525,#2526,#2527,#2528,#2529,#2530));
#2532=DERIVED_UNIT_ELEMENT(#2534,1.);
#2533=DERIVED_UNIT_ELEMENT(#7194,-3.);
#2534=(
MASS_UNIT()
NAMED_UNIT(*)
SI_UNIT(.KILO.,.GRAM.)
);
#2535=DERIVED_UNIT((#2532,#2533));
#2536=MEASURE_REPRESENTATION_ITEM('density measure',
POSITIVE_RATIO_MEASURE(7850.),#2535);
#2537=PROPERTY_DEFINITION_REPRESENTATION(#2542,#2539);
#2538=PROPERTY_DEFINITION_REPRESENTATION(#2543,#2540);
#2539=REPRESENTATION('material name',(#2541),#7191);
#2540=REPRESENTATION('density',(#2536),#7191);
#2541=DESCRIPTIVE_REPRESENTATION_ITEM('Steel','Steel');
#2542=PROPERTY_DEFINITION('material property','material name',#7201);
#2543=PROPERTY_DEFINITION('material property','density of part',#7201);
#2544=AXIS2_PLACEMENT_3D('',#3409,#2762,#2763);
#2545=AXIS2_PLACEMENT_3D('',#3410,#2764,#2765);
#2546=AXIS2_PLACEMENT_3D('',#3415,#2767,#2768);
#2547=AXIS2_PLACEMENT_3D('',#3418,#2770,#2771);
#2548=AXIS2_PLACEMENT_3D('',#3419,#2772,#2773);
#2549=AXIS2_PLACEMENT_3D('',#3424,#2776,#2777);
#2550=AXIS2_PLACEMENT_3D('',#3425,#2778,#2779);
#2551=AXIS2_PLACEMENT_3D('',#5347,#2799,#2800);
#2552=AXIS2_PLACEMENT_3D('',#5350,#2801,#2802);
#2553=AXIS2_PLACEMENT_3D('',#5352,#2803,#2804);
#2554=AXIS2_PLACEMENT_3D('',#5354,#2805,#2806);
#2555=AXIS2_PLACEMENT_3D('',#5356,#2807,#2808);
#2556=AXIS2_PLACEMENT_3D('',#5358,#2809,#2810);
#2557=AXIS2_PLACEMENT_3D('',#5361,#2812,#2813);
#2558=AXIS2_PLACEMENT_3D('',#5362,#2814,#2815);
#2559=AXIS2_PLACEMENT_3D('',#5365,#2816,#2817);
#2560=AXIS2_PLACEMENT_3D('',#5393,#2831,#2832);
#2561=AXIS2_PLACEMENT_3D('',#5396,#2834,#2835);
#2562=AXIS2_PLACEMENT_3D('',#5401,#2837,#2838);
#2563=AXIS2_PLACEMENT_3D('',#5404,#2840,#2841);
#2564=AXIS2_PLACEMENT_3D('',#5437,#2857,#2858);
#2565=AXIS2_PLACEMENT_3D('',#5440,#2860,#2861);
#2566=AXIS2_PLACEMENT_3D('',#5441,#2862,#2863);
#2567=AXIS2_PLACEMENT_3D('',#5454,#2866,#2867);
#2568=AXIS2_PLACEMENT_3D('',#5845,#2869,#2870);
#2569=AXIS2_PLACEMENT_3D('',#5847,#2871,#2872);
#2570=AXIS2_PLACEMENT_3D('',#5849,#2873,#2874);
#2571=AXIS2_PLACEMENT_3D('',#5850,#2875,#2876);
#2572=AXIS2_PLACEMENT_3D('',#5851,#2877,#2878);
#2573=AXIS2_PLACEMENT_3D('',#6441,#2885,#2886);
#2574=AXIS2_PLACEMENT_3D('',#6445,#2889,#2890);
#2575=AXIS2_PLACEMENT_3D('',#6446,#2891,#2892);
#2576=AXIS2_PLACEMENT_3D('',#6449,#2893,#2894);
#2577=AXIS2_PLACEMENT_3D('',#6455,#2898,#2899);
#2578=AXIS2_PLACEMENT_3D('',#6459,#2901,#2902);
#2579=AXIS2_PLACEMENT_3D('',#6460,#2903,#2904);
#2580=AXIS2_PLACEMENT_3D('',#6461,#2905,#2906);
#2581=AXIS2_PLACEMENT_3D('',#6465,#2908,#2909);
#2582=AXIS2_PLACEMENT_3D('',#6466,#2910,#2911);
#2583=AXIS2_PLACEMENT_3D('',#6467,#2912,#2913);
#2584=AXIS2_PLACEMENT_3D('',#6471,#2915,#2916);
#2585=AXIS2_PLACEMENT_3D('',#6472,#2917,#2918);
#2586=AXIS2_PLACEMENT_3D('',#6473,#2919,#2920);
#2587=AXIS2_PLACEMENT_3D('',#6476,#2921,#2922);
#2588=AXIS2_PLACEMENT_3D('',#6479,#2925,#2926);
#2589=AXIS2_PLACEMENT_3D('',#6485,#2930,#2931);
#2590=AXIS2_PLACEMENT_3D('',#6498,#2933,#2934);
#2591=AXIS2_PLACEMENT_3D('',#6501,#2936,#2937);
#2592=AXIS2_PLACEMENT_3D('',#6502,#2938,#2939);
#2593=AXIS2_PLACEMENT_3D('',#6515,#2941,#2942);
#2594=AXIS2_PLACEMENT_3D('',#6519,#2945,#2946);
#2595=AXIS2_PLACEMENT_3D('',#6522,#2947,#2948);
#2596=AXIS2_PLACEMENT_3D('',#6528,#2952,#2953);
#2597=AXIS2_PLACEMENT_3D('',#6532,#2955,#2956);
#2598=AXIS2_PLACEMENT_3D('',#6533,#2957,#2958);
#2599=AXIS2_PLACEMENT_3D('',#6534,#2959,#2960);
#2600=AXIS2_PLACEMENT_3D('',#6538,#2962,#2963);
#2601=AXIS2_PLACEMENT_3D('',#6539,#2964,#2965);
#2602=AXIS2_PLACEMENT_3D('',#6540,#2966,#2967);
#2603=AXIS2_PLACEMENT_3D('',#6544,#2969,#2970);
#2604=AXIS2_PLACEMENT_3D('',#6545,#2971,#2972);
#2605=AXIS2_PLACEMENT_3D('',#6546,#2973,#2974);
#2606=AXIS2_PLACEMENT_3D('',#6549,#2975,#2976);
#2607=AXIS2_PLACEMENT_3D('',#6552,#2979,#2980);
#2608=AXIS2_PLACEMENT_3D('',#6558,#2984,#2985);
#2609=AXIS2_PLACEMENT_3D('',#6571,#2987,#2988);
#2610=AXIS2_PLACEMENT_3D('',#6574,#2990,#2991);
#2611=AXIS2_PLACEMENT_3D('',#6575,#2992,#2993);
#2612=AXIS2_PLACEMENT_3D('',#6588,#2995,#2996);
#2613=AXIS2_PLACEMENT_3D('',#6592,#2999,#3000);
#2614=AXIS2_PLACEMENT_3D('',#6595,#3001,#3002);
#2615=AXIS2_PLACEMENT_3D('',#6601,#3006,#3007);
#2616=AXIS2_PLACEMENT_3D('',#6605,#3009,#3010);
#2617=AXIS2_PLACEMENT_3D('',#6606,#3011,#3012);
#2618=AXIS2_PLACEMENT_3D('',#6607,#3013,#3014);
#2619=AXIS2_PLACEMENT_3D('',#6611,#3016,#3017);
#2620=AXIS2_PLACEMENT_3D('',#6612,#3018,#3019);
#2621=AXIS2_PLACEMENT_3D('',#6613,#3020,#3021);
#2622=AXIS2_PLACEMENT_3D('',#6617,#3023,#3024);
#2623=AXIS2_PLACEMENT_3D('',#6618,#3025,#3026);
#2624=AXIS2_PLACEMENT_3D('',#6619,#3027,#3028);
#2625=AXIS2_PLACEMENT_3D('',#6622,#3029,#3030);
#2626=AXIS2_PLACEMENT_3D('',#6625,#3033,#3034);
#2627=AXIS2_PLACEMENT_3D('',#6631,#3038,#3039);
#2628=AXIS2_PLACEMENT_3D('',#6644,#3041,#3042);
#2629=AXIS2_PLACEMENT_3D('',#6647,#3044,#3045);
#2630=AXIS2_PLACEMENT_3D('',#6648,#3046,#3047);
#2631=AXIS2_PLACEMENT_3D('',#6661,#3049,#3050);
#2632=AXIS2_PLACEMENT_3D('',#6665,#3053,#3054);
#2633=AXIS2_PLACEMENT_3D('',#6668,#3055,#3056);
#2634=AXIS2_PLACEMENT_3D('',#6674,#3060,#3061);
#2635=AXIS2_PLACEMENT_3D('',#6678,#3063,#3064);
#2636=AXIS2_PLACEMENT_3D('',#6679,#3065,#3066);
#2637=AXIS2_PLACEMENT_3D('',#6680,#3067,#3068);
#2638=AXIS2_PLACEMENT_3D('',#6684,#3070,#3071);
#2639=AXIS2_PLACEMENT_3D('',#6685,#3072,#3073);
#2640=AXIS2_PLACEMENT_3D('',#6686,#3074,#3075);
#2641=AXIS2_PLACEMENT_3D('',#6690,#3077,#3078);
#2642=AXIS2_PLACEMENT_3D('',#6691,#3079,#3080);
#2643=AXIS2_PLACEMENT_3D('',#6692,#3081,#3082);
#2644=AXIS2_PLACEMENT_3D('',#6695,#3083,#3084);
#2645=AXIS2_PLACEMENT_3D('',#6698,#3087,#3088);
#2646=AXIS2_PLACEMENT_3D('',#6704,#3092,#3093);
#2647=AXIS2_PLACEMENT_3D('',#6717,#3095,#3096);
#2648=AXIS2_PLACEMENT_3D('',#6720,#3098,#3099);
#2649=AXIS2_PLACEMENT_3D('',#6721,#3100,#3101);
#2650=AXIS2_PLACEMENT_3D('',#6734,#3103,#3104);
#2651=AXIS2_PLACEMENT_3D('',#6738,#3107,#3108);
#2652=AXIS2_PLACEMENT_3D('',#6748,#3110,#3111);
#2653=AXIS2_PLACEMENT_3D('',#6750,#3112,#3113);
#2654=AXIS2_PLACEMENT_3D('',#6754,#3114,#3115);
#2655=AXIS2_PLACEMENT_3D('',#6760,#3117,#3118);
#2656=AXIS2_PLACEMENT_3D('',#6761,#3119,#3120);
#2657=AXIS2_PLACEMENT_3D('',#6762,#3121,#3122);
#2658=AXIS2_PLACEMENT_3D('',#6763,#3123,#3124);
#2659=AXIS2_PLACEMENT_3D('',#6769,#3128,#3129);
#2660=AXIS2_PLACEMENT_3D('',#6773,#3132,#3133);
#2661=AXIS2_PLACEMENT_3D('',#6777,#3136,#3137);
#2662=AXIS2_PLACEMENT_3D('',#6781,#3140,#3141);
#2663=AXIS2_PLACEMENT_3D('',#6785,#3144,#3145);
#2664=AXIS2_PLACEMENT_3D('',#6789,#3148,#3149);
#2665=AXIS2_PLACEMENT_3D('',#6793,#3152,#3153);
#2666=AXIS2_PLACEMENT_3D('',#6797,#3156,#3157);
#2667=AXIS2_PLACEMENT_3D('',#6801,#3160,#3161);
#2668=AXIS2_PLACEMENT_3D('',#6805,#3164,#3165);
#2669=AXIS2_PLACEMENT_3D('',#6809,#3168,#3169);
#2670=AXIS2_PLACEMENT_3D('',#6813,#3172,#3173);
#2671=AXIS2_PLACEMENT_3D('',#6817,#3176,#3177);
#2672=AXIS2_PLACEMENT_3D('',#6819,#3179,#3180);
#2673=AXIS2_PLACEMENT_3D('',#6820,#3181,#3182);
#2674=AXIS2_PLACEMENT_3D('',#6830,#3184,#3185);
#2675=AXIS2_PLACEMENT_3D('',#6832,#3186,#3187);
#2676=AXIS2_PLACEMENT_3D('',#6836,#3188,#3189);
#2677=AXIS2_PLACEMENT_3D('',#6842,#3191,#3192);
#2678=AXIS2_PLACEMENT_3D('',#6843,#3193,#3194);
#2679=AXIS2_PLACEMENT_3D('',#6844,#3195,#3196);
#2680=AXIS2_PLACEMENT_3D('',#6845,#3197,#3198);
#2681=AXIS2_PLACEMENT_3D('',#6849,#3200,#3201);
#2682=AXIS2_PLACEMENT_3D('',#6850,#3202,#3203);
#2683=AXIS2_PLACEMENT_3D('',#6851,#3204,#3205);
#2684=AXIS2_PLACEMENT_3D('',#6853,#3206,#3207);
#2685=AXIS2_PLACEMENT_3D('',#6854,#3208,#3209);
#2686=AXIS2_PLACEMENT_3D('',#6855,#3210,#3211);
#2687=AXIS2_PLACEMENT_3D('',#6858,#3213,#3214);
#2688=AXIS2_PLACEMENT_3D('',#6859,#3215,#3216);
#2689=AXIS2_PLACEMENT_3D('',#6860,#3217,#3218);
#2690=AXIS2_PLACEMENT_3D('',#6861,#3219,#3220);
#2691=AXIS2_PLACEMENT_3D('',#6862,#3221,#3222);
#2692=AXIS2_PLACEMENT_3D('',#6868,#3226,#3227);
#2693=AXIS2_PLACEMENT_3D('',#6872,#3230,#3231);
#2694=AXIS2_PLACEMENT_3D('',#6876,#3234,#3235);
#2695=AXIS2_PLACEMENT_3D('',#6880,#3238,#3239);
#2696=AXIS2_PLACEMENT_3D('',#6884,#3242,#3243);
#2697=AXIS2_PLACEMENT_3D('',#6888,#3246,#3247);
#2698=AXIS2_PLACEMENT_3D('',#6892,#3250,#3251);
#2699=AXIS2_PLACEMENT_3D('',#6896,#3254,#3255);
#2700=AXIS2_PLACEMENT_3D('',#6900,#3258,#3259);
#2701=AXIS2_PLACEMENT_3D('',#6902,#3261,#3262);
#2702=AXIS2_PLACEMENT_3D('',#6903,#3263,#3264);
#2703=AXIS2_PLACEMENT_3D('',#6906,#3265,#3266);
#2704=AXIS2_PLACEMENT_3D('',#6913,#3267,#3268);
#2705=AXIS2_PLACEMENT_3D('',#6917,#3271,#3272);
#2706=AXIS2_PLACEMENT_3D('',#6919,#3274,#3275);
#2707=AXIS2_PLACEMENT_3D('',#6920,#3276,#3277);
#2708=AXIS2_PLACEMENT_3D('',#6998,#3279,#3280);
#2709=AXIS2_PLACEMENT_3D('',#7000,#3282,#3283);
#2710=AXIS2_PLACEMENT_3D('',#7002,#3284,#3285);
#2711=AXIS2_PLACEMENT_3D('',#7012,#3286,#3287);
#2712=AXIS2_PLACEMENT_3D('',#7013,#3288,#3289);
#2713=AXIS2_PLACEMENT_3D('',#7014,#3290,#3291);
#2714=AXIS2_PLACEMENT_3D('',#7016,#3292,#3293);
#2715=AXIS2_PLACEMENT_3D('',#7026,#3294,#3295);
#2716=AXIS2_PLACEMENT_3D('',#7027,#3296,#3297);
#2717=AXIS2_PLACEMENT_3D('',#7049,#3299,#3300);
#2718=AXIS2_PLACEMENT_3D('',#7071,#3303,#3304);
#2719=AXIS2_PLACEMENT_3D('',#7072,#3305,#3306);
#2720=AXIS2_PLACEMENT_3D('',#7073,#3307,#3308);
#2721=AXIS2_PLACEMENT_3D('',#7074,#3309,#3310);
#2722=AXIS2_PLACEMENT_3D('',#7075,#3311,#3312);
#2723=AXIS2_PLACEMENT_3D('',#7076,#3313,#3314);
#2724=AXIS2_PLACEMENT_3D('',#7077,#3315,#3316);
#2725=AXIS2_PLACEMENT_3D('',#7078,#3317,#3318);
#2726=AXIS2_PLACEMENT_3D('',#7079,#3319,#3320);
#2727=AXIS2_PLACEMENT_3D('',#7080,#3321,#3322);
#2728=AXIS2_PLACEMENT_3D('',#7083,#3325,#3326);
#2729=AXIS2_PLACEMENT_3D('',#7087,#3328,#3329);
#2730=AXIS2_PLACEMENT_3D('',#7089,#3331,#3332);
#2731=AXIS2_PLACEMENT_3D('',#7091,#3334,#3335);
#2732=AXIS2_PLACEMENT_3D('',#7096,#3336,#3337);
#2733=AXIS2_PLACEMENT_3D('',#7098,#3339,#3340);
#2734=AXIS2_PLACEMENT_3D('',#7100,#3342,#3343);
#2735=AXIS2_PLACEMENT_3D('',#7102,#3345,#3346);
#2736=AXIS2_PLACEMENT_3D('',#7107,#3347,#3348);
#2737=AXIS2_PLACEMENT_3D('',#7118,#3351,#3352);
#2738=AXIS2_PLACEMENT_3D('',#7119,#3353,#3354);
#2739=AXIS2_PLACEMENT_3D('',#7123,#3356,#3357);
#2740=AXIS2_PLACEMENT_3D('',#7158,#3358,#3359);
#2741=AXIS2_PLACEMENT_3D('',#7159,#3360,#3361);
#2742=AXIS2_PLACEMENT_3D('',#7162,#3364,#3365);
#2743=AXIS2_PLACEMENT_3D('',#7164,#3367,#3368);
#2744=AXIS2_PLACEMENT_3D('',#7166,#3370,#3371);
#2745=AXIS2_PLACEMENT_3D('',#7167,#3372,#3373);
#2746=AXIS2_PLACEMENT_3D('',#7173,#3377,#3378);
#2747=AXIS2_PLACEMENT_3D('',#7174,#3379,#3380);
#2748=AXIS2_PLACEMENT_3D('',#7175,#3381,#3382);
#2749=AXIS2_PLACEMENT_3D('',#7176,#3383,#3384);
#2750=AXIS2_PLACEMENT_3D('',#7177,#3385,#3386);
#2751=AXIS2_PLACEMENT_3D('',#7178,#3387,#3388);
#2752=AXIS2_PLACEMENT_3D('',#7179,#3389,#3390);
#2753=AXIS2_PLACEMENT_3D('',#7180,#3391,#3392);
#2754=AXIS2_PLACEMENT_3D('',#7181,#3393,#3394);
#2755=AXIS2_PLACEMENT_3D('',#7182,#3395,#3396);
#2756=AXIS2_PLACEMENT_3D('',#7183,#3397,#3398);
#2757=AXIS2_PLACEMENT_3D('',#7184,#3399,#3400);
#2758=AXIS2_PLACEMENT_3D('',#7185,#3401,#3402);
#2759=AXIS2_PLACEMENT_3D('',#7186,#3403,#3404);
#2760=AXIS2_PLACEMENT_3D('',#7187,#3405,#3406);
#2761=AXIS2_PLACEMENT_3D('',#7188,#3407,#3408);
#2762=DIRECTION('axis',(0.,0.,1.));
#2763=DIRECTION('refdir',(1.,0.,0.));
#2764=DIRECTION('center_axis',(0.,0.,1.));
#2765=DIRECTION('ref_axis',(1.,0.,0.));
#2766=DIRECTION('',(0.998134798421867,0.0610485395348551,0.));
#2767=DIRECTION('center_axis',(0.,0.,1.));
#2768=DIRECTION('ref_axis',(1.,0.,0.));
#2769=DIRECTION('',(-0.993571855676587,0.11320321376791,0.));
#2770=DIRECTION('center_axis',(0.,0.,1.));
#2771=DIRECTION('ref_axis',(1.,0.,0.));
#2772=DIRECTION('center_axis',(0.,0.,1.));
#2773=DIRECTION('ref_axis',(-0.999657324975558,0.0261769483078563,0.));
#2774=DIRECTION('',(0.,0.,-1.));
#2775=DIRECTION('',(0.,0.,1.));
#2776=DIRECTION('center_axis',(0.,0.,1.));
#2777=DIRECTION('ref_axis',(1.,0.,0.));
#2778=DIRECTION('center_axis',(0.0610485395348551,-0.998134798421867,0.));
#2779=DIRECTION('ref_axis',(-0.998134798421867,-0.0610485395348551,0.));
#2780=DIRECTION('',(0.,0.,1.));
#2781=DIRECTION('',(-0.705787884502371,-0.0431678362866312,-0.707106781186546));
#2782=DIRECTION('',(0.,0.,-1.));
#2783=DIRECTION('',(-0.998134798421867,-0.0610485395348551,0.));
#2784=DIRECTION('',(-0.705787884502315,-0.0431678362866278,0.707106781186602));
#2785=DIRECTION('',(0.,0.,1.));
#2786=DIRECTION('',(0.705787884502347,0.0431678362866297,0.707106781186571));
#2787=DIRECTION('',(5.64627797058794E-14,0.,1.));
#2788=DIRECTION('',(0.,0.,-1.));
#2789=DIRECTION('',(0.707106781186555,-1.2721212359752E-15,0.70710678118654));
#2790=DIRECTION('',(2.5801286589708E-16,0.707106781186547,-0.707106781186547));
#2791=DIRECTION('',(4.24884517915817E-15,0.707106781186555,0.70710678118654));
#2792=DIRECTION('',(-0.707106781186547,4.87045526763325E-15,0.707106781186547));
#2793=DIRECTION('',(0.,0.,1.));
#2794=DIRECTION('',(0.,0.,1.));
#2795=DIRECTION('',(0.,0.,1.));
#2796=DIRECTION('',(0.,0.,-1.));
#2797=DIRECTION('',(5.99520433297585E-14,0.,1.));
#2798=DIRECTION('',(-1.14828799177126E-13,0.,-1.));
#2799=DIRECTION('center_axis',(0.,0.,-1.));
#2800=DIRECTION('ref_axis',(-1.,0.,0.));
#2801=DIRECTION('center_axis',(0.,0.,-1.));
#2802=DIRECTION('ref_axis',(0.94222265572752,0.334987263987424,0.));
#2803=DIRECTION('center_axis',(0.,0.,-1.));
#2804=DIRECTION('ref_axis',(-0.416490987449441,-0.909139844783733,0.));
#2805=DIRECTION('center_axis',(0.,0.,1.));
#2806=DIRECTION('ref_axis',(0.6530677316631,0.75729950340695,0.));
#2807=DIRECTION('center_axis',(0.,0.,-1.));
#2808=DIRECTION('ref_axis',(-0.806050908861941,-0.591846206647334,0.));
#2809=DIRECTION('center_axis',(0.,0.,-1.));
#2810=DIRECTION('ref_axis',(-0.645233713850248,-0.763985244956352,0.));
#2811=DIRECTION('',(0.993571855676587,-0.11320321376791,0.));
#2812=DIRECTION('center_axis',(0.,0.,-1.));
#2813=DIRECTION('ref_axis',(-1.,0.,0.));
#2814=DIRECTION('center_axis',(0.,0.,1.));
#2815=DIRECTION('ref_axis',(-0.636078220277763,-0.771624583387721,0.));
#2816=DIRECTION('center_axis',(0.,0.,-1.));
#2817=DIRECTION('ref_axis',(0.707106781186548,0.707106781186548,0.));
#2818=DIRECTION('',(-0.707106781186552,0.707106781186543,0.));
#2819=DIRECTION('',(0.707106781186547,0.707106781186547,0.));
#2820=DIRECTION('',(-0.707106781186547,0.707106781186547,0.));
#2821=DIRECTION('',(0.707106781186553,0.707106781186542,0.));
#2822=DIRECTION('',(0.707106781186549,-0.707106781186546,0.));
#2823=DIRECTION('',(0.707106781186548,0.707106781186546,0.));
#2824=DIRECTION('',(0.,1.,0.));
#2825=DIRECTION('',(-1.,-6.43318941537682E-9,0.));
#2826=DIRECTION('',(-7.02447702710458E-8,0.999999999999998,0.));
#2827=DIRECTION('',(1.,0.,0.));
#2828=DIRECTION('',(-4.55641646416297E-8,-0.999999999999999,0.));
#2829=DIRECTION('',(-0.707106781186547,-0.707106781186547,0.));
#2830=DIRECTION('',(-0.707106781186547,0.707106781186547,0.));
#2831=DIRECTION('center_axis',(0.,0.,1.));
#2832=DIRECTION('ref_axis',(0.707106781186548,0.707106781186547,0.));
#2833=DIRECTION('',(0.707106781186547,0.707106781186547,0.));
#2834=DIRECTION('center_axis',(0.,0.,-1.));
#2835=DIRECTION('ref_axis',(0.707106781186548,0.707106781186547,0.));
#2836=DIRECTION('',(-0.707106781186547,0.707106781186547,0.));
#2837=DIRECTION('center_axis',(0.,0.,1.));
#2838=DIRECTION('ref_axis',(0.707106781186549,0.707106781186546,0.));
#2839=DIRECTION('',(0.707106781186547,0.707106781186547,0.));
#2840=DIRECTION('center_axis',(0.,0.,-1.));
#2841=DIRECTION('ref_axis',(0.707106781186549,0.707106781186546,0.));
#2842=DIRECTION('',(-1.12391501098754E-6,0.999999999999368,0.));
#2843=DIRECTION('',(0.999999999999911,-4.21468425179732E-7,0.));
#2844=DIRECTION('',(-4.55641628968818E-8,-0.999999999999999,0.));
#2845=DIRECTION('',(-0.707106781186548,-0.707106781186547,0.));
#2846=DIRECTION('',(-0.707106781186547,0.707106781186547,0.));
#2847=DIRECTION('',(0.707106781186548,0.707106781186547,0.));
#2848=DIRECTION('',(0.,1.,0.));
#2849=DIRECTION('',(1.,0.,0.));
#2850=DIRECTION('',(-4.55641628968817E-8,-0.999999999999999,0.));
#2851=DIRECTION('',(-0.707106781186547,-0.707106781186548,0.));
#2852=DIRECTION('',(0.707106781186545,-0.70710678118655,0.));
#2853=DIRECTION('',(0.707106781186546,0.707106781186549,0.));
#2854=DIRECTION('',(1.0293101298853E-7,0.999999999999995,0.));
#2855=DIRECTION('',(-1.,0.,0.));
#2856=DIRECTION('',(-0.707106781186541,0.707106781186554,0.));
#2857=DIRECTION('center_axis',(0.,0.,1.));
#2858=DIRECTION('ref_axis',(0.707106781186549,0.707106781186546,0.));
#2859=DIRECTION('',(0.707106781186547,0.707106781186547,0.));
#2860=DIRECTION('center_axis',(0.,0.,-1.));
#2861=DIRECTION('ref_axis',(0.707106781186549,0.707106781186546,0.));
#2862=DIRECTION('center_axis',(0.70710678118654,-1.40186826668193E-14,-0.707106781186555));
#2863=DIRECTION('ref_axis',(-0.707106781186555,0.,-0.70710678118654));
#2864=DIRECTION('',(1.98254111540206E-14,1.,0.));
#2865=DIRECTION('',(-1.98254111540206E-14,-1.,0.));
#2866=DIRECTION('center_axis',(0.707106781127605,-1.23097705938437E-10,
-0.70710678124549));
#2867=DIRECTION('ref_axis',(0.397545505118018,0.826991622018056,0.397545504907808));
#2868=DIRECTION('',(-0.707106781186555,1.99178624291303E-14,-0.70710678118654));
#2869=DIRECTION('center_axis',(0.,0.,-1.));
#2870=DIRECTION('ref_axis',(4.55348718124741E-9,-1.,0.));
#2871=DIRECTION('center_axis',(0.,0.,1.));
#2872=DIRECTION('ref_axis',(1.,0.,0.));
#2873=DIRECTION('center_axis',(-0.707106781330692,3.00966476704277E-10,
-0.707106781042403));
#2874=DIRECTION('ref_axis',(-0.395563458845425,0.828890282031245,0.395563459359439));
#2875=DIRECTION('center_axis',(0.,0.,-1.));
#2876=DIRECTION('ref_axis',(1.,0.,0.));
#2877=DIRECTION('center_axis',(-0.707106781186524,1.4018682666819E-14,-0.707106781186571));
#2878=DIRECTION('ref_axis',(-0.707106781186571,7.88860905221012E-31,0.707106781186524));
#2879=DIRECTION('',(-1.98254111540206E-14,-1.,0.));
#2880=DIRECTION('',(1.98254111540206E-14,1.,0.));
#2881=DIRECTION('',(2.90399980627611E-16,0.707106781186555,-0.70710678118654));
#2882=DIRECTION('',(0.707106781186555,-1.74239988376567E-16,-0.70710678118654));
#2883=DIRECTION('',(0.,0.,1.));
#2884=DIRECTION('',(0.,0.,1.));
#2885=DIRECTION('center_axis',(1.,-1.98254111540206E-14,9.7116501008845E-34));
#2886=DIRECTION('ref_axis',(-2.426941360201E-30,-1.22464674570883E-16,-1.));
#2887=DIRECTION('',(0.,0.,-1.));
#2888=DIRECTION('',(1.98254111540206E-14,1.,0.));
#2889=DIRECTION('center_axis',(0.,0.,1.));
#2890=DIRECTION('ref_axis',(1.,0.,0.));
#2891=DIRECTION('center_axis',(-0.609811309291439,-0.357952744172014,0.707106781186537));
#2892=DIRECTION('ref_axis',(0.757284689643493,-2.77555756156289E-17,0.653084909358315));
#2893=DIRECTION('center_axis',(0.609811309291439,0.357952744172014,-0.707106781186537));
#2894=DIRECTION('ref_axis',(0.609811309291421,0.357952744172004,0.707106781186558));
#2895=DIRECTION('',(0.506221625496721,-0.862403424088435,0.));
#2896=DIRECTION('',(0.609811309291423,0.357952744172002,0.707106781186558));
#2897=DIRECTION('',(-0.506221625496721,0.862403424088435,0.));
#2898=DIRECTION('center_axis',(0.,0.,-1.));
#2899=DIRECTION('ref_axis',(0.489182481247329,-0.872181460500455,0.));
#2900=DIRECTION('',(-0.345904249727645,0.616725425145066,0.707106781186542));
#2901=DIRECTION('center_axis',(0.,0.,-1.));
#2902=DIRECTION('ref_axis',(0.48918248124733,-0.872181460500455,0.));
#2903=DIRECTION('center_axis',(0.,0.,1.));
#2904=DIRECTION('ref_axis',(0.48918248124733,-0.872181460500454,0.));
#2905=DIRECTION('center_axis',(0.,0.,1.));
#2906=DIRECTION('ref_axis',(-0.453990499739547,0.891006524188368,0.));
#2907=DIRECTION('',(-0.295623933110279,0.642344526070256,0.707106781186539));
#2908=DIRECTION('center_axis',(0.,0.,1.));
#2909=DIRECTION('ref_axis',(-0.453990499739547,0.891006524188368,0.));
#2910=DIRECTION('center_axis',(0.,0.,-1.));
#2911=DIRECTION('ref_axis',(-0.453990499739547,0.891006524188368,0.));
#2912=DIRECTION('center_axis',(0.,0.,-1.));
#2913=DIRECTION('ref_axis',(0.916449912152658,0.400149420236222,0.));
#2914=DIRECTION('',(-0.648027947500963,-0.282948368536907,0.707106781186542));
#2915=DIRECTION('center_axis',(0.,0.,-1.));
#2916=DIRECTION('ref_axis',(0.916449912152658,0.400149420236222,0.));
#2917=DIRECTION('center_axis',(0.,0.,1.));
#2918=DIRECTION('ref_axis',(0.916449912152658,0.400149420236222,0.));
#2919=DIRECTION('center_axis',(0.648027947500973,0.282948368536883,0.707106781186542));
#2920=DIRECTION('ref_axis',(0.737233732949061,5.55111512312578E-17,-0.675637789797161));
#2921=DIRECTION('center_axis',(-0.648027947500973,-0.282948368536883,-0.707106781186542));
#2922=DIRECTION('ref_axis',(0.648027947500963,0.282948368536879,-0.707106781186553));
#2923=DIRECTION('',(0.400149420236198,-0.916449912152669,0.));
#2924=DIRECTION('',(-0.400149420236198,0.916449912152669,0.));
#2925=DIRECTION('center_axis',(0.916449912152669,0.400149420236198,0.));
#2926=DIRECTION('ref_axis',(-0.400149420236198,0.916449912152669,0.));
#2927=DIRECTION('',(0.,0.,1.));
#2928=DIRECTION('',(0.282948368536882,-0.648027947500971,0.707106781186544));
#2929=DIRECTION('',(0.,0.,-1.));
#2930=DIRECTION('center_axis',(0.,0.,1.));
#2931=DIRECTION('ref_axis',(0.916449912152658,0.400149420236222,0.));
#2932=DIRECTION('',(0.,0.,1.));
#2933=DIRECTION('center_axis',(0.,0.,1.));
#2934=DIRECTION('ref_axis',(-0.453990499739547,0.891006524188368,0.));
#2935=DIRECTION('',(0.,0.,1.));
#2936=DIRECTION('center_axis',(0.,0.,1.));
#2937=DIRECTION('ref_axis',(-0.453990499739547,0.891006524188368,0.));
#2938=DIRECTION('center_axis',(0.,0.,1.));
#2939=DIRECTION('ref_axis',(0.48918248124733,-0.872181460500454,0.));
#2940=DIRECTION('',(0.,0.,1.));
#2941=DIRECTION('center_axis',(-0.862403424088435,-0.506221625496721,0.));
#2942=DIRECTION('ref_axis',(0.506221625496721,-0.862403424088435,0.));
#2943=DIRECTION('',(0.,0.,1.));
#2944=DIRECTION('',(-0.35795274417201,0.609811309291434,-0.707106781186544));
#2945=DIRECTION('center_axis',(-0.35795274417201,0.609811309291437,0.707106781186541));
#2946=DIRECTION('ref_axis',(0.892195803823268,-1.66533453693773E-16,0.451648810072775));
#2947=DIRECTION('center_axis',(0.35795274417201,-0.609811309291437,-0.707106781186541));
#2948=DIRECTION('ref_axis',(0.357952744172004,-0.609811309291426,0.707106781186554));
#2949=DIRECTION('',(-0.862403424088436,-0.506221625496719,0.));
#2950=DIRECTION('',(0.357952744172,-0.609811309291427,0.707106781186554));
#2951=DIRECTION('',(0.862403424088436,0.506221625496719,0.));
#2952=DIRECTION('center_axis',(0.,0.,-1.));
#2953=DIRECTION('ref_axis',(-0.872181460500451,-0.489182481247337,0.));
#2954=DIRECTION('',(0.616725425145066,0.345904249727645,0.707106781186542));
#2955=DIRECTION('center_axis',(0.,0.,-1.));
#2956=DIRECTION('ref_axis',(-0.872181460500451,-0.489182481247337,0.));
#2957=DIRECTION('center_axis',(0.,0.,1.));
#2958=DIRECTION('ref_axis',(-0.872181460500451,-0.489182481247337,0.));
#2959=DIRECTION('center_axis',(0.,0.,1.));
#2960=DIRECTION('ref_axis',(0.891006524188368,0.453990499739547,0.));
#2961=DIRECTION('',(0.642344526070256,0.295623933110279,0.707106781186539));
#2962=DIRECTION('center_axis',(0.,0.,1.));
#2963=DIRECTION('ref_axis',(0.891006524188368,0.453990499739547,0.));
#2964=DIRECTION('center_axis',(0.,0.,-1.));
#2965=DIRECTION('ref_axis',(0.891006524188368,0.453990499739547,0.));
#2966=DIRECTION('center_axis',(0.,0.,-1.));
#2967=DIRECTION('ref_axis',(0.400149420236215,-0.916449912152661,0.));
#2968=DIRECTION('',(-0.282948368536892,0.648027947500966,0.707106781186545));
#2969=DIRECTION('center_axis',(0.,0.,-1.));
#2970=DIRECTION('ref_axis',(0.400149420236215,-0.916449912152661,0.));
#2971=DIRECTION('center_axis',(0.,0.,1.));
#2972=DIRECTION('ref_axis',(0.400149420236215,-0.916449912152661,0.));
#2973=DIRECTION('center_axis',(0.282948368536886,-0.648027947500972,0.707106781186542));
#2974=DIRECTION('ref_axis',(0.928428846611764,-1.38777878078145E-16,-0.371510264702269));
#2975=DIRECTION('center_axis',(-0.282948368536886,0.648027947500972,-0.707106781186542));
#2976=DIRECTION('ref_axis',(0.282948368536881,-0.648027947500962,-0.707106781186553));
#2977=DIRECTION('',(-0.916449912152667,-0.400149420236202,0.));
#2978=DIRECTION('',(0.916449912152667,0.400149420236202,0.));
#2979=DIRECTION('center_axis',(0.400149420236202,-0.916449912152667,0.));
#2980=DIRECTION('ref_axis',(0.916449912152667,0.400149420236202,0.));
#2981=DIRECTION('',(0.,0.,1.));
#2982=DIRECTION('',(-0.648027947500969,-0.282948368536885,0.707106781186545));
#2983=DIRECTION('',(0.,0.,-1.));
#2984=DIRECTION('center_axis',(0.,0.,1.));
#2985=DIRECTION('ref_axis',(0.400149420236215,-0.916449912152661,0.));
#2986=DIRECTION('',(0.,0.,1.));
#2987=DIRECTION('center_axis',(0.,0.,1.));
#2988=DIRECTION('ref_axis',(0.891006524188368,0.453990499739547,0.));
#2989=DIRECTION('',(0.,0.,1.));
#2990=DIRECTION('center_axis',(0.,0.,1.));
#2991=DIRECTION('ref_axis',(0.891006524188368,0.453990499739547,0.));
#2992=DIRECTION('center_axis',(0.,0.,1.));
#2993=DIRECTION('ref_axis',(-0.872181460500451,-0.489182481247337,0.));
#2994=DIRECTION('',(0.,0.,1.));
#2995=DIRECTION('center_axis',(-0.506221625496719,0.862403424088436,0.));
#2996=DIRECTION('ref_axis',(-0.862403424088436,-0.506221625496719,0.));
#2997=DIRECTION('',(0.,0.,1.));
#2998=DIRECTION('',(0.609811309291433,0.357952744172008,-0.707106781186546));
#2999=DIRECTION('center_axis',(0.60981130929144,0.357952744172012,0.707106781186537));
#3000=DIRECTION('ref_axis',(0.757284689643492,-3.33066907387547E-16,-0.653084909358316));
#3001=DIRECTION('center_axis',(-0.60981130929144,-0.357952744172012,-0.707106781186537));
#3002=DIRECTION('ref_axis',(0.609811309291422,0.357952744172002,-0.707106781186558));
#3003=DIRECTION('',(-0.506221625496719,0.862403424088436,0.));
#3004=DIRECTION('',(-0.609811309291427,-0.357952744172,0.707106781186554));
#3005=DIRECTION('',(0.506221625496719,-0.862403424088436,0.));
#3006=DIRECTION('center_axis',(0.,0.,-1.));
#3007=DIRECTION('ref_axis',(-0.489182481247337,0.872181460500451,0.));
#3008=DIRECTION('',(0.345904249727645,-0.616725425145066,0.707106781186542));
#3009=DIRECTION('center_axis',(0.,0.,-1.));
#3010=DIRECTION('ref_axis',(-0.489182481247337,0.872181460500451,0.));
#3011=DIRECTION('center_axis',(0.,0.,1.));
#3012=DIRECTION('ref_axis',(-0.489182481247337,0.872181460500451,0.));
#3013=DIRECTION('center_axis',(0.,0.,1.));
#3014=DIRECTION('ref_axis',(0.453990499739547,-0.891006524188368,0.));
#3015=DIRECTION('',(0.295623933110279,-0.642344526070256,0.707106781186539));
#3016=DIRECTION('center_axis',(0.,0.,1.));
#3017=DIRECTION('ref_axis',(0.453990499739547,-0.891006524188368,0.));
#3018=DIRECTION('center_axis',(0.,0.,-1.));
#3019=DIRECTION('ref_axis',(0.453990499739547,-0.891006524188368,0.));
#3020=DIRECTION('center_axis',(0.,0.,-1.));
#3021=DIRECTION('ref_axis',(-0.916449912152661,-0.400149420236215,0.));
#3022=DIRECTION('',(0.648027947500966,0.282948368536892,0.707106781186545));
#3023=DIRECTION('center_axis',(0.,0.,-1.));
#3024=DIRECTION('ref_axis',(-0.916449912152661,-0.400149420236215,0.));
#3025=DIRECTION('center_axis',(0.,0.,1.));
#3026=DIRECTION('ref_axis',(-0.916449912152662,-0.400149420236215,0.));
#3027=DIRECTION('center_axis',(-0.648027947500972,-0.282948368536886,0.707106781186542));
#3028=DIRECTION('ref_axis',(0.737233732949061,8.32667268468867E-17,0.675637789797161));
#3029=DIRECTION('center_axis',(0.648027947500972,0.282948368536886,-0.707106781186542));
#3030=DIRECTION('ref_axis',(0.648027947500962,0.282948368536881,0.707106781186553));
#3031=DIRECTION('',(-0.400149420236202,0.916449912152667,0.));
#3032=DIRECTION('',(0.400149420236202,-0.916449912152667,0.));
#3033=DIRECTION('center_axis',(-0.916449912152667,-0.400149420236202,0.));
#3034=DIRECTION('ref_axis',(0.400149420236202,-0.916449912152667,0.));
#3035=DIRECTION('',(0.,0.,1.));
#3036=DIRECTION('',(-0.282948368536885,0.648027947500969,0.707106781186545));
#3037=DIRECTION('',(0.,0.,-1.));
#3038=DIRECTION('center_axis',(0.,0.,1.));
#3039=DIRECTION('ref_axis',(-0.916449912152662,-0.400149420236215,0.));
#3040=DIRECTION('',(0.,0.,1.));
#3041=DIRECTION('center_axis',(0.,0.,1.));
#3042=DIRECTION('ref_axis',(0.453990499739547,-0.891006524188368,0.));
#3043=DIRECTION('',(0.,0.,1.));
#3044=DIRECTION('center_axis',(0.,0.,1.));
#3045=DIRECTION('ref_axis',(0.453990499739547,-0.891006524188368,0.));
#3046=DIRECTION('center_axis',(0.,0.,1.));
#3047=DIRECTION('ref_axis',(-0.489182481247337,0.872181460500451,0.));
#3048=DIRECTION('',(0.,0.,1.));
#3049=DIRECTION('center_axis',(0.862403424088436,0.506221625496719,0.));
#3050=DIRECTION('ref_axis',(-0.506221625496719,0.862403424088436,0.));
#3051=DIRECTION('',(0.,0.,1.));
#3052=DIRECTION('',(0.357952744172008,-0.609811309291433,-0.707106781186546));
#3053=DIRECTION('center_axis',(0.357952744172011,-0.609811309291441,0.707106781186537));
#3054=DIRECTION('ref_axis',(0.892195803823266,1.94289029309402E-16,-0.451648810072777));
#3055=DIRECTION('center_axis',(-0.357952744172011,0.609811309291441,-0.707106781186537));
#3056=DIRECTION('ref_axis',(0.357952744172001,-0.609811309291423,-0.707106781186558));
#3057=DIRECTION('',(0.862403424088438,0.506221625496717,0.));
#3058=DIRECTION('',(-0.357952744172002,0.609811309291423,0.707106781186558));
#3059=DIRECTION('',(-0.862403424088438,-0.506221625496717,0.));
#3060=DIRECTION('center_axis',(0.,0.,-1.));
#3061=DIRECTION('ref_axis',(0.872181460500458,0.489182481247323,0.));
#3062=DIRECTION('',(-0.616725425145084,-0.345904249727645,0.707106781186526));
#3063=DIRECTION('center_axis',(0.,0.,-1.));
#3064=DIRECTION('ref_axis',(0.872181460500458,0.489182481247323,0.));
#3065=DIRECTION('center_axis',(0.,0.,1.));
#3066=DIRECTION('ref_axis',(0.872181460500458,0.489182481247323,0.));
#3067=DIRECTION('center_axis',(0.,0.,1.));
#3068=DIRECTION('ref_axis',(-0.636078220277763,-0.771624583387721,0.));
#3069=DIRECTION('',(-0.642344526070257,-0.295623933110271,0.707106781186541));
#3070=DIRECTION('center_axis',(0.,0.,1.));
#3071=DIRECTION('ref_axis',(-0.636078220277763,-0.771624583387721,0.));
#3072=DIRECTION('center_axis',(0.,0.,-1.));
#3073=DIRECTION('ref_axis',(-0.636078220277763,-0.771624583387721,0.));
#3074=DIRECTION('center_axis',(0.,0.,-1.));
#3075=DIRECTION('ref_axis',(-0.400149420236222,0.916449912152658,0.));
#3076=DIRECTION('',(0.282948368536905,-0.648027947500968,0.707106781186538));
#3077=DIRECTION('center_axis',(0.,0.,-1.));
#3078=DIRECTION('ref_axis',(-0.400149420236222,0.916449912152658,0.));
#3079=DIRECTION('center_axis',(0.,0.,1.));
#3080=DIRECTION('ref_axis',(-0.400149420236222,0.916449912152658,0.));
#3081=DIRECTION('center_axis',(-0.282948368536885,0.648027947500973,0.707106781186542));
#3082=DIRECTION('ref_axis',(0.928428846611765,1.66533453693774E-16,0.371510264702267));
#3083=DIRECTION('center_axis',(0.282948368536885,-0.648027947500973,-0.707106781186542));
#3084=DIRECTION('ref_axis',(0.28294836853688,-0.648027947500962,0.707106781186553));
#3085=DIRECTION('',(0.916449912152668,0.4001494202362,0.));
#3086=DIRECTION('',(-0.916449912152668,-0.4001494202362,0.));
#3087=DIRECTION('center_axis',(-0.4001494202362,0.916449912152668,0.));
#3088=DIRECTION('ref_axis',(-0.916449912152668,-0.4001494202362,0.));
#3089=DIRECTION('',(0.,0.,1.));
#3090=DIRECTION('',(0.648027947500969,0.282948368536883,0.707106781186546));
#3091=DIRECTION('',(0.,0.,-1.));
#3092=DIRECTION('center_axis',(0.,0.,1.));
#3093=DIRECTION('ref_axis',(-0.400149420236222,0.916449912152658,0.));
#3094=DIRECTION('',(0.,0.,1.));
#3095=DIRECTION('center_axis',(0.,0.,1.));
#3096=DIRECTION('ref_axis',(-0.636078220277763,-0.771624583387721,0.));
#3097=DIRECTION('',(0.,0.,1.));
#3098=DIRECTION('center_axis',(0.,0.,1.));
#3099=DIRECTION('ref_axis',(-0.636078220277763,-0.771624583387721,0.));
#3100=DIRECTION('center_axis',(0.,0.,1.));
#3101=DIRECTION('ref_axis',(0.872181460500458,0.489182481247323,0.));
#3102=DIRECTION('',(0.,0.,1.));
#3103=DIRECTION('center_axis',(0.506221625496717,-0.862403424088438,0.));
#3104=DIRECTION('ref_axis',(0.862403424088437,0.506221625496717,0.));
#3105=DIRECTION('',(0.,0.,1.));
#3106=DIRECTION('',(-0.609811309291433,-0.357952744172007,-0.707106781186546));
#3107=DIRECTION('center_axis',(-0.696364240320027,-0.696364240320014,-0.17364817766692));
#3108=DIRECTION('ref_axis',(-0.707106781186541,0.707106781186554,2.77555756156289E-17));
#3109=DIRECTION('',(0.707106781186541,-0.707106781186554,0.));
#3110=DIRECTION('center_axis',(0.,0.,1.));
#3111=DIRECTION('ref_axis',(0.707106781186549,0.707106781186546,0.));
#3112=DIRECTION('center_axis',(0.,0.,1.));
#3113=DIRECTION('ref_axis',(0.707106781186549,0.707106781186546,0.));
#3114=DIRECTION('center_axis',(-0.696364240320019,0.696364240320019,-0.173648177666929));
#3115=DIRECTION('ref_axis',(0.707106781186548,0.707106781186548,0.));
#3116=DIRECTION('',(-0.707106781186547,-0.707106781186547,0.));
#3117=DIRECTION('center_axis',(0.,0.,-1.));
#3118=DIRECTION('ref_axis',(0.707106781186549,0.707106781186546,0.));
#3119=DIRECTION('center_axis',(0.,0.,-1.));
#3120=DIRECTION('ref_axis',(0.707106781186549,0.707106781186546,0.));
#3121=DIRECTION('center_axis',(0.,0.,1.));
#3122=DIRECTION('ref_axis',(-1.,0.,0.));
#3123=DIRECTION('center_axis',(-0.984807753011584,-1.10684021654733E-6,
-0.173648177666941));
#3124=DIRECTION('ref_axis',(-1.12391501098754E-6,0.999999999999369,-2.38228016415272E-22));
#3125=DIRECTION('',(1.12391501098754E-6,-0.999999999999368,0.));
#3126=DIRECTION('',(0.171088054295278,-0.171087934115088,-0.970287481356782));
#3127=DIRECTION('',(0.171087683086396,0.171087875374506,-0.970287557168475));
#3128=DIRECTION('center_axis',(0.,-0.984807753012209,-0.173648177666927));
#3129=DIRECTION('ref_axis',(-1.,0.,0.));
#3130=DIRECTION('',(1.,0.,0.));
#3131=DIRECTION('',(0.171087886840807,0.171087869230562,-0.970287522324436));
#3132=DIRECTION('center_axis',(-0.984807753012204,1.01367259616505E-7,-0.173648177666923));
#3133=DIRECTION('ref_axis',(1.0293101298853E-7,0.999999999999995,4.96308367531817E-23));
#3134=DIRECTION('',(-1.0293101298853E-7,-0.999999999999995,0.));
#3135=DIRECTION('',(0.173200716642226,-0.0717420962891897,-0.982270117317356));
#3136=DIRECTION('center_axis',(-0.696364240320021,0.696364240320018,-0.173648177666924));
#3137=DIRECTION('ref_axis',(0.707106781186546,0.707106781186549,0.));
#3138=DIRECTION('',(-0.707106781186546,-0.707106781186549,0.));
#3139=DIRECTION('',(-3.26276379799615E-15,-0.24195478575236,-0.970287525247815));
#3140=DIRECTION('center_axis',(0.696364240320022,0.696364240320017,-0.173648177666928));
#3141=DIRECTION('ref_axis',(0.707106781186545,-0.70710678118655,1.38777878078145E-17));
#3142=DIRECTION('',(-0.707106781186545,0.70710678118655,0.));
#3143=DIRECTION('',(-0.241954785752362,7.77509671011848E-16,-0.970287525247815));
#3144=DIRECTION('center_axis',(0.69636424032002,-0.696364240320018,-0.173648177666929));
#3145=DIRECTION('ref_axis',(-0.707106781186547,-0.707106781186549,-1.38777878078145E-17));
#3146=DIRECTION('',(0.707106781186547,0.707106781186548,0.));
#3147=DIRECTION('',(-0.173200720685525,0.071742092143619,-0.982270116907193));
#3148=DIRECTION('center_axis',(0.984807753012208,-4.48719408803603E-8,-0.173648177666927));
#3149=DIRECTION('ref_axis',(-4.55641628968817E-8,-0.999999999999999,-4.96308367531817E-24));
#3150=DIRECTION('',(4.55641628968817E-8,0.999999999999999,0.));
#3151=DIRECTION('',(-0.171087877313326,-0.171087869517851,-0.970287523953732));
#3152=DIRECTION('center_axis',(0.,0.984807753012209,-0.173648177666927));
#3153=DIRECTION('ref_axis',(1.,0.,0.));
#3154=DIRECTION('',(-1.,0.,0.));
#3155=DIRECTION('',(0.171087869746033,-0.171087869746033,-0.970287525247815));
#3156=DIRECTION('center_axis',(-0.984807753012209,0.,-0.173648177666927));
#3157=DIRECTION('ref_axis',(0.,1.,0.));
#3158=DIRECTION('',(0.,-1.,0.));
#3159=DIRECTION('',(0.17320072389695,-0.0717420888509566,-0.982270116581419));
#3160=DIRECTION('center_axis',(-0.696364240320019,0.69636424032002,-0.173648177666929));
#3161=DIRECTION('ref_axis',(0.707106781186548,0.707106781186547,1.38777878078145E-17));
#3162=DIRECTION('',(-0.707106781186548,-0.707106781186547,0.));
#3163=DIRECTION('',(0.241954785752363,-2.77682025361374E-17,-0.970287525247814));
#3164=DIRECTION('center_axis',(-0.696364240320019,-0.696364240320019,-0.173648177666929));
#3165=DIRECTION('ref_axis',(-0.707106781186548,0.707106781186548,0.));
#3166=DIRECTION('',(0.707106781186547,-0.707106781186547,0.));
#3167=DIRECTION('',(0.,0.241954785752363,-0.970287525247814));
#3168=DIRECTION('center_axis',(0.696364240320019,-0.69636424032002,-0.173648177666929));
#3169=DIRECTION('ref_axis',(-0.707106781186548,-0.707106781186547,1.38777878078145E-17));
#3170=DIRECTION('',(0.707106781186548,0.707106781186547,0.));
#3171=DIRECTION('',(-0.173200720685525,0.071742092143619,-0.982270116907193));
#3172=DIRECTION('center_axis',(0.984807753012208,-4.48719408803604E-8,-0.173648177666927));
#3173=DIRECTION('ref_axis',(-4.55641628968818E-8,-0.999999999999999,-6.61744490042422E-24));
#3174=DIRECTION('',(4.55641628968818E-8,0.999999999999999,0.));
#3175=DIRECTION('',(-0.171087879424004,-0.171087799520408,-0.970287535923997));
#3176=DIRECTION('center_axis',(4.15065372766846E-7,0.984807753012121,-0.173648177666928));
#3177=DIRECTION('ref_axis',(0.999999999999911,-4.21468425179732E-7,-1.32348898008484E-23));
#3178=DIRECTION('',(-0.999999999999911,4.21468425179732E-7,0.));
#3179=DIRECTION('center_axis',(0.,0.,1.));
#3180=DIRECTION('ref_axis',(-1.,0.,0.));
#3181=DIRECTION('center_axis',(-0.696364240320019,-0.696364240320019,-0.173648177666929));
#3182=DIRECTION('ref_axis',(-0.707106781186548,0.707106781186548,0.));
#3183=DIRECTION('',(0.707106781186547,-0.707106781186547,0.));
#3184=DIRECTION('center_axis',(0.,0.,1.));
#3185=DIRECTION('ref_axis',(0.707106781186549,0.707106781186546,0.));
#3186=DIRECTION('center_axis',(0.,0.,1.));
#3187=DIRECTION('ref_axis',(0.707106781186549,0.707106781186546,0.));
#3188=DIRECTION('center_axis',(-0.696364240320019,0.696364240320019,-0.173648177666929));
#3189=DIRECTION('ref_axis',(0.707106781186548,0.707106781186548,0.));
#3190=DIRECTION('',(-0.707106781186547,-0.707106781186547,0.));
#3191=DIRECTION('center_axis',(0.,0.,-1.));
#3192=DIRECTION('ref_axis',(0.707106781186549,0.707106781186546,0.));
#3193=DIRECTION('center_axis',(0.,0.,-1.));
#3194=DIRECTION('ref_axis',(0.707106781186549,0.707106781186546,0.));
#3195=DIRECTION('center_axis',(0.,0.,1.));
#3196=DIRECTION('ref_axis',(-1.,0.,0.));
#3197=DIRECTION('center_axis',(-0.696364240320019,-0.696364240320019,-0.173648177666929));
#3198=DIRECTION('ref_axis',(-0.707106781186548,0.707106781186548,0.));
#3199=DIRECTION('',(0.707106781186547,-0.707106781186547,0.));
#3200=DIRECTION('center_axis',(0.696364240303194,0.696364240337852,0.173648177662887));
#3201=DIRECTION('ref_axis',(0.676808944465493,-0.717680535595626,0.16390332979742));
#3202=DIRECTION('center_axis',(0.696364240459802,0.696364240188535,0.17364817763365));
#3203=DIRECTION('ref_axis',(0.717680880787984,-0.674548289885371,-0.172970396207284));
#3204=DIRECTION('center_axis',(0.,0.,1.));
#3205=DIRECTION('ref_axis',(0.707106781186548,0.707106781186547,0.));
#3206=DIRECTION('center_axis',(0.,0.,1.));
#3207=DIRECTION('ref_axis',(0.707106781186548,0.707106781186547,0.));
#3208=DIRECTION('center_axis',(-0.696364240323677,0.696364240316583,-0.173648177666039));
#3209=DIRECTION('ref_axis',(0.717680880920079,0.674548289753542,-0.17297039617331));
#3210=DIRECTION('center_axis',(-0.696364240320019,0.696364240320019,-0.173648177666929));
#3211=DIRECTION('ref_axis',(0.707106781186548,0.707106781186548,0.));
#3212=DIRECTION('',(-0.707106781186547,-0.707106781186547,0.));
#3213=DIRECTION('center_axis',(-0.69636424033748,0.696364240301496,-0.173648177671189));
#3214=DIRECTION('ref_axis',(0.676808944430161,0.717680535630911,0.163903329788807));
#3215=DIRECTION('center_axis',(0.,0.,-1.));
#3216=DIRECTION('ref_axis',(0.707106781186548,0.707106781186547,0.));
#3217=DIRECTION('center_axis',(0.,0.,-1.));
#3218=DIRECTION('ref_axis',(0.707106781186548,0.707106781186547,0.));
#3219=DIRECTION('center_axis',(0.,0.,1.));
#3220=DIRECTION('ref_axis',(-1.,0.,0.));
#3221=DIRECTION('center_axis',(-0.696364240320019,-0.696364240320019,-0.173648177666929));
#3222=DIRECTION('ref_axis',(-0.707106781186548,0.707106781186548,0.));
#3223=DIRECTION('',(0.707106781186547,-0.707106781186547,0.));
#3224=DIRECTION('',(0.241954785752364,-1.83270136738507E-15,-0.970287525247814));
#3225=DIRECTION('',(0.,0.241954785752363,-0.970287525247814));
#3226=DIRECTION('center_axis',(0.696364240320019,-0.696364240320019,-0.173648177666929));
#3227=DIRECTION('ref_axis',(-0.707106781186548,-0.707106781186548,0.));
#3228=DIRECTION('',(0.707106781186548,0.707106781186548,0.));
#3229=DIRECTION('',(-0.173200720685525,0.0717420921436188,-0.982270116907193));
#3230=DIRECTION('center_axis',(0.984807753012208,-4.48719425986017E-8,-0.173648177666927));
#3231=DIRECTION('ref_axis',(-4.55641646416297E-8,-0.999999999999999,1.65436122510605E-24));
#3232=DIRECTION('',(4.55641646416297E-8,0.999999999999999,0.));
#3233=DIRECTION('',(-0.171087877313327,-0.171087869517851,-0.970287523953731));
#3234=DIRECTION('center_axis',(0.,0.984807753012209,-0.173648177666927));
#3235=DIRECTION('ref_axis',(1.,0.,0.));
#3236=DIRECTION('',(-1.,0.,0.));
#3237=DIRECTION('',(0.17108788141228,-0.171087869394252,-0.970287523252769));
#3238=DIRECTION('center_axis',(-0.984807753012206,-6.91775943714874E-8,
-0.173648177666926));
#3239=DIRECTION('ref_axis',(-7.02447702710458E-8,0.999999999999998,-6.61744490042422E-24));
#3240=DIRECTION('',(7.02447702710457E-8,-0.999999999999998,0.));
#3241=DIRECTION('',(0.171087858047567,0.171087871166243,-0.970287527060149));
#3242=DIRECTION('center_axis',(6.33545481285916E-9,-0.984807753012207,-0.173648177666934));
#3243=DIRECTION('ref_axis',(-1.,-6.43318941537682E-9,0.));
#3244=DIRECTION('',(1.,6.43318941537682E-9,0.));
#3245=DIRECTION('',(0.171087869713816,0.171087870814463,-0.970287525065103));
#3246=DIRECTION('center_axis',(-0.984807753012209,0.,-0.173648177666927));
#3247=DIRECTION('ref_axis',(0.,1.,0.));
#3248=DIRECTION('',(0.,-1.,0.));
#3249=DIRECTION('',(0.17320072389695,-0.0717420888509566,-0.982270116581419));
#3250=DIRECTION('center_axis',(-0.696364240320018,0.69636424032002,-0.173648177666929));
#3251=DIRECTION('ref_axis',(0.707106781186549,0.707106781186546,0.));
#3252=DIRECTION('',(-0.707106781186549,-0.707106781186547,0.));
#3253=DIRECTION('',(-2.77682025361374E-16,-0.241954785752362,-0.970287525247815));
#3254=DIRECTION('center_axis',(0.696364240320018,0.69636424032002,-0.173648177666929));
#3255=DIRECTION('ref_axis',(0.707106781186549,-0.707106781186547,1.11022302462516E-16));
#3256=DIRECTION('',(-0.707106781186549,0.707106781186546,0.));
#3257=DIRECTION('',(-1.38841012680687E-17,-0.241954785752363,-0.970287525247814));
#3258=DIRECTION('center_axis',(-0.696364240320014,0.696364240320024,-0.17364817766693));
#3259=DIRECTION('ref_axis',(0.707106781186553,0.707106781186543,-9.71445146547011E-17));
#3260=DIRECTION('',(-0.707106781186553,-0.707106781186542,0.));
#3261=DIRECTION('center_axis',(0.,0.,1.));
#3262=DIRECTION('ref_axis',(-1.,0.,0.));
#3263=DIRECTION('center_axis',(0.,0.,1.));
#3264=DIRECTION('ref_axis',(0.707106781186548,0.707106781186548,0.));
#3265=DIRECTION('center_axis',(0.,0.,1.));
#3266=DIRECTION('ref_axis',(0.707106781186548,0.707106781186548,0.));
#3267=DIRECTION('center_axis',(-0.696364240320019,0.696364240320019,-0.173648177666929));
#3268=DIRECTION('ref_axis',(0.707106781186548,0.707106781186548,0.));
#3269=DIRECTION('',(-0.707106781186547,-0.707106781186547,0.));
#3270=DIRECTION('',(0.241954785752363,1.38841012680687E-17,-0.970287525247814));
#3271=DIRECTION('center_axis',(-0.696364240320015,-0.696364240320024,-0.173648177666928));
#3272=DIRECTION('ref_axis',(-0.707106781186552,0.707106781186543,-2.77555756156289E-17));
#3273=DIRECTION('',(0.707106781186552,-0.707106781186543,0.));
#3274=DIRECTION('center_axis',(0.,0.,1.));
#3275=DIRECTION('ref_axis',(-1.,0.,0.));
#3276=DIRECTION('center_axis',(1.98254111540206E-14,1.,0.));
#3277=DIRECTION('ref_axis',(0.00663629040514594,-1.315671858195E-16,0.99997797958238));
#3278=DIRECTION('',(1.98254111540206E-14,1.,0.));
#3279=DIRECTION('center_axis',(-1.,1.98254111540206E-14,-9.7116501008845E-34));
#3280=DIRECTION('ref_axis',(2.426941360201E-30,1.22464674570883E-16,1.));
#3281=DIRECTION('',(0.,0.,1.));
#3282=DIRECTION('center_axis',(0.,0.,1.));
#3283=DIRECTION('ref_axis',(-1.,0.,0.));
#3284=DIRECTION('center_axis',(0.,0.,-1.));
#3285=DIRECTION('ref_axis',(1.,0.,0.));
#3286=DIRECTION('center_axis',(0.,0.,1.));
#3287=DIRECTION('ref_axis',(1.,0.,0.));
#3288=DIRECTION('center_axis',(0.,0.,1.));
#3289=DIRECTION('ref_axis',(0.152579180137508,-0.988291249474853,0.));
#3290=DIRECTION('center_axis',(0.,0.,1.));
#3291=DIRECTION('ref_axis',(1.,0.,0.));
#3292=DIRECTION('center_axis',(0.,0.,1.));
#3293=DIRECTION('ref_axis',(1.,0.,0.));
#3294=DIRECTION('center_axis',(0.,0.,-1.));
#3295=DIRECTION('ref_axis',(1.,0.,0.));
#3296=DIRECTION('center_axis',(0.,0.,1.));
#3297=DIRECTION('ref_axis',(4.55348718124741E-9,-1.,0.));
#3298=DIRECTION('',(0.,0.,-1.));
#3299=DIRECTION('center_axis',(-1.33689954445749E-46,2.65603822628937E-60,
1.));
#3300=DIRECTION('ref_axis',(1.,3.55085629478794E-106,1.33689954445749E-46));
#3301=DIRECTION('',(0.,0.,1.));
#3302=DIRECTION('',(0.,0.,-1.));
#3303=DIRECTION('center_axis',(0.,0.,1.));
#3304=DIRECTION('ref_axis',(1.,0.,0.));
#3305=DIRECTION('center_axis',(0.,0.,-1.));
#3306=DIRECTION('ref_axis',(1.,0.,0.));
#3307=DIRECTION('center_axis',(0.,0.,1.));
#3308=DIRECTION('ref_axis',(1.,0.,0.));
#3309=DIRECTION('center_axis',(0.,0.,1.));
#3310=DIRECTION('ref_axis',(1.,0.,0.));
#3311=DIRECTION('center_axis',(0.,0.,-1.));
#3312=DIRECTION('ref_axis',(1.,0.,0.));
#3313=DIRECTION('center_axis',(0.,0.,-1.));
#3314=DIRECTION('ref_axis',(1.,0.,0.));
#3315=DIRECTION('center_axis',(0.,0.,1.));
#3316=DIRECTION('ref_axis',(1.,0.,0.));
#3317=DIRECTION('center_axis',(0.,0.,-1.));
#3318=DIRECTION('ref_axis',(1.,0.,0.));
#3319=DIRECTION('center_axis',(0.,0.,1.));
#3320=DIRECTION('ref_axis',(1.,0.,0.));
#3321=DIRECTION('center_axis',(1.98671488617133E-14,1.,0.));
#3322=DIRECTION('ref_axis',(6.08255980000665E-33,-1.20843121007005E-46,
-1.));
#3323=DIRECTION('',(1.98671488617133E-14,1.,0.));
#3324=DIRECTION('',(1.98671488617133E-14,1.,0.));
#3325=DIRECTION('center_axis',(3.59500788926245E-14,-7.14225568950109E-28,
1.));
#3326=DIRECTION('ref_axis',(1.,-1.9817480989559E-14,-3.59500788926245E-14));
#3327=DIRECTION('',(1.98671488617133E-14,1.,0.));
#3328=DIRECTION('center_axis',(-3.59500788926245E-14,7.14225568950109E-28,
-1.));
#3329=DIRECTION('ref_axis',(-1.,-2.5676465550886E-41,3.59500788926245E-14));
#3330=DIRECTION('',(1.98671488617133E-14,1.,0.));
#3331=DIRECTION('center_axis',(-1.,1.98671488617133E-14,-6.08255980000664E-33));
#3332=DIRECTION('ref_axis',(2.426941360201E-30,1.22464674570883E-16,1.));
#3333=DIRECTION('',(1.98671488617133E-14,1.,0.));
#3334=DIRECTION('center_axis',(1.98671488617133E-14,1.,0.));
#3335=DIRECTION('ref_axis',(-1.,1.98671488617133E-14,-1.33689954445749E-46));
#3336=DIRECTION('center_axis',(1.33689954445749E-46,-2.65603822628937E-60,
-1.));
#3337=DIRECTION('ref_axis',(-1.,1.9817480989559E-14,-1.33689954445749E-46));
#3338=DIRECTION('',(1.98671488617133E-14,1.,0.));
#3339=DIRECTION('center_axis',(1.98671488617133E-14,1.,0.));
#3340=DIRECTION('ref_axis',(1.,-1.98671488617133E-14,-2.13162820728065E-13));
#3341=DIRECTION('',(1.98671488617133E-14,1.,0.));
#3342=DIRECTION('center_axis',(1.,-1.98671488617133E-14,-2.22044604925034E-14));
#3343=DIRECTION('ref_axis',(-2.22044604925034E-14,-1.22464674570443E-16,
-1.));
#3344=DIRECTION('',(1.98671488617133E-14,1.,0.));
#3345=DIRECTION('center_axis',(1.98671488617133E-14,1.,0.));
#3346=DIRECTION('ref_axis',(-6.08255980000675E-33,1.20843121007007E-46,
1.));
#3347=DIRECTION('center_axis',(0.,0.,1.));
#3348=DIRECTION('ref_axis',(0.94222265572752,0.334987263987424,0.));
#3349=DIRECTION('',(0.,0.,-1.));
#3350=DIRECTION('',(0.,0.,1.));
#3351=DIRECTION('center_axis',(0.,0.,-1.));
#3352=DIRECTION('ref_axis',(-0.636078220277763,-0.771624583387721,0.));
#3353=DIRECTION('center_axis',(0.,0.,1.));
#3354=DIRECTION('ref_axis',(-0.636078220277763,-0.771624583387721,0.));
#3355=DIRECTION('',(0.702561396745018,-0.0800467601073996,0.707106781186546));
#3356=DIRECTION('center_axis',(0.,0.,1.));
#3357=DIRECTION('ref_axis',(-0.645233713850248,-0.763985244956352,0.));
#3358=DIRECTION('center_axis',(0.,0.,-1.));
#3359=DIRECTION('ref_axis',(-0.636078220277763,-0.771624583387721,0.));
#3360=DIRECTION('center_axis',(0.,0.,1.));
#3361=DIRECTION('ref_axis',(-0.645233713850248,-0.763985244956352,0.));
#3362=DIRECTION('',(0.,0.,-1.));
#3363=DIRECTION('',(0.,0.,1.));
#3364=DIRECTION('center_axis',(0.,0.,1.));
#3365=DIRECTION('ref_axis',(-0.806050908861941,-0.591846206647334,0.));
#3366=DIRECTION('',(0.,0.,1.));
#3367=DIRECTION('center_axis',(0.,0.,1.));
#3368=DIRECTION('ref_axis',(0.6530677316631,0.75729950340695,0.));
#3369=DIRECTION('',(0.,0.,1.));
#3370=DIRECTION('center_axis',(0.,0.,1.));
#3371=DIRECTION('ref_axis',(-0.416490987449441,-0.909139844783733,0.));
#3372=DIRECTION('center_axis',(0.11320321376791,0.993571855676587,0.));
#3373=DIRECTION('ref_axis',(0.993571855676587,-0.11320321376791,0.));
#3374=DIRECTION('',(-0.702561396744993,0.0800467601073968,-0.707106781186571));
#3375=DIRECTION('',(0.,0.,-1.));
#3376=DIRECTION('',(0.702561396744962,-0.0800467601073932,-0.707106781186602));
#3377=DIRECTION('center_axis',(0.,0.,-1.));
#3378=DIRECTION('ref_axis',(0.891006524188368,0.453990499739547,0.));
#3379=DIRECTION('center_axis',(0.,0.,-1.));
#3380=DIRECTION('ref_axis',(-0.453990499739547,0.891006524188368,0.));
#3381=DIRECTION('center_axis',(0.,0.,-1.));
#3382=DIRECTION('ref_axis',(-0.636078220277763,-0.771624583387721,0.));
#3383=DIRECTION('center_axis',(0.,0.,-1.));
#3384=DIRECTION('ref_axis',(0.453990499739547,-0.891006524188368,0.));
#3385=DIRECTION('center_axis',(0.,0.,-1.));
#3386=DIRECTION('ref_axis',(-0.00060486279213868,-0.999999817070485,0.));
#3387=DIRECTION('center_axis',(0.,0.,-1.));
#3388=DIRECTION('ref_axis',(1.,0.,0.));
#3389=DIRECTION('center_axis',(0.,0.,-1.));
#3390=DIRECTION('ref_axis',(1.,0.,0.));
#3391=DIRECTION('center_axis',(0.,0.,-1.));
#3392=DIRECTION('ref_axis',(0.999657324975558,-0.0261769483078563,0.));
#3393=DIRECTION('center_axis',(0.,0.,-1.));
#3394=DIRECTION('ref_axis',(1.,0.,0.));
#3395=DIRECTION('center_axis',(0.,0.,1.));
#3396=DIRECTION('ref_axis',(1.,0.,0.));
#3397=DIRECTION('center_axis',(0.,0.,1.));
#3398=DIRECTION('ref_axis',(1.,0.,0.));
#3399=DIRECTION('center_axis',(0.,0.,1.));
#3400=DIRECTION('ref_axis',(0.999657324975558,-0.0261769483078566,0.));
#3401=DIRECTION('center_axis',(0.,0.,-1.));
#3402=DIRECTION('ref_axis',(1.,0.,0.));
#3403=DIRECTION('center_axis',(0.,0.,-1.));
#3404=DIRECTION('ref_axis',(1.,0.,0.));
#3405=DIRECTION('center_axis',(0.,0.,-1.));
#3406=DIRECTION('ref_axis',(1.,0.,0.));
#3407=DIRECTION('center_axis',(0.,0.,-1.));
#3408=DIRECTION('ref_axis',(1.,0.,0.));
#3409=CARTESIAN_POINT('',(0.,0.,0.));
#3410=CARTESIAN_POINT('Origin',(52.4,0.,152.477842712475));
#3411=CARTESIAN_POINT('',(-52.901144316359,-3.23557259534732,152.477842712475));
#3412=CARTESIAN_POINT('',(-52.3022634373058,-3.19894347162641,152.477842712475));
#3413=CARTESIAN_POINT('',(0.949357666270278,0.0580652023290343,152.477842712475));
#3414=CARTESIAN_POINT('',(-52.6593083508593,5.99977032969722,152.477842712475));
#3415=CARTESIAN_POINT('Origin',(0.,0.,152.477842712475));
#3416=CARTESIAN_POINT('',(-52.0631652374534,5.93184840143647,152.477842712475));
#3417=CARTESIAN_POINT('',(-0.912513661797698,0.103967799138449,152.477842712475));
#3418=CARTESIAN_POINT('Origin',(0.,0.,152.477842712475));
#3419=CARTESIAN_POINT('Origin',(0.,0.,151.995));
#3420=CARTESIAN_POINT('',(-52.3022634373058,-3.19894347162641,151.512157287525));
#3421=CARTESIAN_POINT('',(-52.3022634373058,-3.19894347162641,151.995));
#3422=CARTESIAN_POINT('',(-52.0631652374534,5.93184840143648,151.512157287525));
#3423=CARTESIAN_POINT('',(-52.0631652374534,5.93184840143647,151.995));
#3424=CARTESIAN_POINT('Origin',(0.,0.,151.512157287525));
#3425=CARTESIAN_POINT('Origin',(-50.3059938404621,-3.0768463925567,154.295));
#3426=CARTESIAN_POINT('',(-52.3022634373058,-3.19894347162641,151.295));
#3427=CARTESIAN_POINT('',(-52.3022634373058,-3.19894347162641,142.));
#3428=CARTESIAN_POINT('',(-50.3059938404621,-3.0768463925567,153.295));
#3429=CARTESIAN_POINT('',(-51.304128638884,-3.13789493209155,152.295));
#3430=CARTESIAN_POINT('',(-50.3059938404621,-3.0768463925567,154.295));
#3431=CARTESIAN_POINT('',(-50.3059938404621,-3.0768463925567,154.295));
#3432=CARTESIAN_POINT('',(-52.8840190306332,-3.23452516800151,154.295));
#3433=CARTESIAN_POINT('',(-52.754036585165,-3.2265751010631,154.295));
#3434=CARTESIAN_POINT('',(-52.3022634373058,-3.19894347162641,153.712157287525));
#3435=CARTESIAN_POINT('',(-52.5018903969902,-3.21115317953338,153.912157287525));
#3436=CARTESIAN_POINT('',(-52.3022634373058,-3.19894347162641,153.077842712475));
#3437=CARTESIAN_POINT('',(-52.3022634373058,-3.19894347162641,142.));
#3438=CARTESIAN_POINT('',(-52.5018903969902,-3.21115317953338,152.877842712475));
#3439=CARTESIAN_POINT('Ctrl Pts',(19.7031155894927,54.5193085719124,154.295));
#3440=CARTESIAN_POINT('Ctrl Pts',(19.7031155894927,54.5193085719124,140.770499999817));
#3441=CARTESIAN_POINT('Ctrl Pts',(16.3869775094233,54.7202706756161,154.295));
#3442=CARTESIAN_POINT('Ctrl Pts',(16.3869775094233,54.7202706756161,140.770499999817));
#3443=CARTESIAN_POINT('Ctrl Pts',(12.6720026112713,54.8554024776474,154.295));
#3444=CARTESIAN_POINT('Ctrl Pts',(12.6720026112713,54.8554024776474,140.770499999817));
#3445=CARTESIAN_POINT('Ctrl Pts',(8.49182875018284,54.9299727332866,154.295));
#3446=CARTESIAN_POINT('Ctrl Pts',(8.49182875018284,54.9299727332866,140.770499999817));
#3447=CARTESIAN_POINT('Ctrl Pts',(8.0957977287675,54.9370375433853,154.295));
#3448=CARTESIAN_POINT('Ctrl Pts',(8.0957977287675,54.9370375433853,140.770499999817));
#3449=CARTESIAN_POINT('Ctrl Pts',(7.69554336400785,54.943559350186,154.295));
#3450=CARTESIAN_POINT('Ctrl Pts',(7.69554336400785,54.943559350186,140.770499999817));
#3451=CARTESIAN_POINT('Ctrl Pts',(7.29103211644594,54.9495417259936,154.295));
#3452=CARTESIAN_POINT('Ctrl Pts',(7.29103211644594,54.9495417259936,140.770499999817));
#3453=CARTESIAN_POINT('',(19.6999995231639,54.5194973829275,150.184999458275));
#3454=CARTESIAN_POINT('',(17.6999995231639,54.6302671064026,152.185));
#3455=CARTESIAN_POINT('Ctrl Pts',(19.6999995259723,54.519497382761,150.184999458275));
#3456=CARTESIAN_POINT('Ctrl Pts',(19.6999995259723,54.519497382761,150.305955932289));
#3457=CARTESIAN_POINT('Ctrl Pts',(19.6890233331262,54.5201633409117,150.426783072043));
#3458=CARTESIAN_POINT('Ctrl Pts',(19.6671516380877,54.5214845068299,150.545981642747));
#3459=CARTESIAN_POINT('Ctrl Pts',(19.6604007033833,54.5218922989481,150.582773567939));
#3460=CARTESIAN_POINT('Ctrl Pts',(19.6526113674395,54.5223624525996,150.619410336941));
#3461=CARTESIAN_POINT('Ctrl Pts',(19.6437850174048,54.5228944894312,150.655847862396));
#3462=CARTESIAN_POINT('Ctrl Pts',(19.6119034974118,54.5248162512937,150.787463274401));
#3463=CARTESIAN_POINT('Ctrl Pts',(19.5667943849131,54.5275281740357,150.915226951617));
#3464=CARTESIAN_POINT('Ctrl Pts',(19.5093256311101,54.5309505201058,151.037239090579));
#3465=CARTESIAN_POINT('Ctrl Pts',(19.4660629546047,54.5335268740569,151.129090250528));
#3466=CARTESIAN_POINT('Ctrl Pts',(19.4157944440368,54.5365055928191,151.217681938725));
#3467=CARTESIAN_POINT('Ctrl Pts',(19.3588714705978,54.5398496254057,151.302203654293));
#3468=CARTESIAN_POINT('Ctrl Pts',(19.2367578639172,54.5470233876905,151.483523267574));
#3469=CARTESIAN_POINT('Ctrl Pts',(19.0857680267343,54.5557745751493,151.643557976161));
#3470=CARTESIAN_POINT('Ctrl Pts',(18.9119495602708,54.5655792451989,151.775967563414));
#3471=CARTESIAN_POINT('Ctrl Pts',(18.8023155335531,54.5717634296532,151.859483409124));
#3472=CARTESIAN_POINT('Ctrl Pts',(18.6844742522724,54.5783168636977,151.931346114673));
#3473=CARTESIAN_POINT('Ctrl Pts',(18.5603420927075,54.5850969427873,151.990495718488));
#3474=CARTESIAN_POINT('Ctrl Pts',(18.5105466129086,54.5878167640852,152.014223517249));
#3475=CARTESIAN_POINT('Ctrl Pts',(18.4597393380642,54.5905731487755,152.035905518041));
#3476=CARTESIAN_POINT('Ctrl Pts',(18.4080464062255,54.593357301735,152.055473297102));
#3477=CARTESIAN_POINT('Ctrl Pts',(18.2917660015681,54.5996201005595,152.099489938963));
#3478=CARTESIAN_POINT('Ctrl Pts',(18.171714963003,54.6059843685443,152.132538239345));
#3479=CARTESIAN_POINT('Ctrl Pts',(18.0494561849196,54.612354222215,152.154233673896));
#3480=CARTESIAN_POINT('Ctrl Pts',(18.01271156846,54.6142686682261,152.160754190737));
#3481=CARTESIAN_POINT('Ctrl Pts',(17.9757678780694,54.6161836754723,152.166249214246));
#3482=CARTESIAN_POINT('Ctrl Pts',(17.9386684663477,54.6180967899459,152.170708305281));
#3483=CARTESIAN_POINT('Ctrl Pts',(17.8942237733631,54.620388680342,152.176050247992));
#3484=CARTESIAN_POINT('Ctrl Pts',(17.8496118656402,54.6226749474088,152.179898570613));
#3485=CARTESIAN_POINT('Ctrl Pts',(17.8049081250375,54.6249516142548,152.182246690549));
#3486=CARTESIAN_POINT('Ctrl Pts',(17.7791157808151,54.6262651637291,152.183601465717));
#3487=CARTESIAN_POINT('Ctrl Pts',(17.7532994118888,54.627575187716,152.184456502475));
#3488=CARTESIAN_POINT('Ctrl Pts',(17.7274735449202,54.6288809564678,152.184811296268));
#3489=CARTESIAN_POINT('Ctrl Pts',(17.718316420788,54.6293439452443,152.184937096142));
#3490=CARTESIAN_POINT('Ctrl Pts',(17.7091586388688,54.6298063721266,152.18499999752));
#3491=CARTESIAN_POINT('Ctrl Pts',(17.7000008471393,54.6302682054144,152.185));
#3492=CARTESIAN_POINT('',(19.6999995231637,54.5194973829275,146.685));
#3493=CARTESIAN_POINT('',(19.6999995231637,54.5194973829275,146.685));
#3494=CARTESIAN_POINT('',(17.6999995231637,54.6302671064027,144.685));
#3495=CARTESIAN_POINT('Ctrl Pts',(17.7000008471391,54.6302682054144,144.685));
#3496=CARTESIAN_POINT('Ctrl Pts',(17.7229438916843,54.6291111730198,144.685));
#3497=CARTESIAN_POINT('Ctrl Pts',(17.7458850663395,54.6279505051719,144.685394787788));
#3498=CARTESIAN_POINT('Ctrl Pts',(17.7688141847243,54.6267867059391,144.686184170429));
#3499=CARTESIAN_POINT('Ctrl Pts',(17.7953276788672,54.625440976739,144.687096952669));
#3500=CARTESIAN_POINT('Ctrl Pts',(17.8218202066014,54.6240913060685,144.688537175171));
#3501=CARTESIAN_POINT('Ctrl Pts',(17.8482760409742,54.622738499781,144.690503961455));
#3502=CARTESIAN_POINT('Ctrl Pts',(17.9074383457509,54.6197132639576,144.694902220375));
#3503=CARTESIAN_POINT('Ctrl Pts',(17.9663752131607,54.6166744517705,144.701930648616));
#3504=CARTESIAN_POINT('Ctrl Pts',(18.0249117963201,54.6136315621117,144.711568273595));
#3505=CARTESIAN_POINT('Ctrl Pts',(18.1496378391365,54.6071479656089,144.732103514309));
#3506=CARTESIAN_POINT('Ctrl Pts',(18.2719925861627,54.6006739114209,144.764392408121));
#3507=CARTESIAN_POINT('Ctrl Pts',(18.3903444956052,54.5943099392463,144.80791980649));
#3508=CARTESIAN_POINT('Ctrl Pts',(18.4552972016139,54.5908173279681,144.831808075998));
#3509=CARTESIAN_POINT('Ctrl Pts',(18.5190452519917,54.5873580295736,144.859081297282));
#3510=CARTESIAN_POINT('Ctrl Pts',(18.5813254562016,54.5839497290089,144.889654317644));
#3511=CARTESIAN_POINT('Ctrl Pts',(18.7179878456745,54.5764708437817,144.956741156377));
#3512=CARTESIAN_POINT('Ctrl Pts',(18.8463676431588,54.5693031838969,145.039124363987));
#3513=CARTESIAN_POINT('Ctrl Pts',(18.9640358401229,54.5626341932851,145.135090552675));
#3514=CARTESIAN_POINT('Ctrl Pts',(19.0164101831146,54.5596658126119,145.177805289636));
#3515=CARTESIAN_POINT('Ctrl Pts',(19.0666632011441,54.5567963666885,145.223211028929));
#3516=CARTESIAN_POINT('Ctrl Pts',(19.1145837221311,54.5540429187277,145.271156681105));
#3517=CARTESIAN_POINT('Ctrl Pts',(19.2333007361125,54.5472216005676,145.389935954421));
#3518=CARTESIAN_POINT('Ctrl Pts',(19.3364362810512,54.5411856588857,145.523050097507));
#3519=CARTESIAN_POINT('Ctrl Pts',(19.4216875544024,54.5361488810453,145.667264866779));
#3520=CARTESIAN_POINT('Ctrl Pts',(19.4518293420419,54.5343680573452,145.718254028336));
#3521=CARTESIAN_POINT('Ctrl Pts',(19.479735080836,54.5327120826,145.770630852035));
#3522=CARTESIAN_POINT('Ctrl Pts',(19.5053012098099,54.5311901365686,145.824252390196));
#3523=CARTESIAN_POINT('Ctrl Pts',(19.5608486486984,54.5278834097558,145.940755718372));
#3524=CARTESIAN_POINT('Ctrl Pts',(19.6049688685025,54.5252329655984,146.062325746402));
#3525=CARTESIAN_POINT('Ctrl Pts',(19.6370713796601,54.5232990532829,146.18725382913));
#3526=CARTESIAN_POINT('Ctrl Pts',(19.6427979109912,54.52295407686,146.209538832829));
#3527=CARTESIAN_POINT('Ctrl Pts',(19.6481419024255,54.5226318793159,146.231930691082));
#3528=CARTESIAN_POINT('Ctrl Pts',(19.6530998239198,54.5223327735808,146.254419705272));
#3529=CARTESIAN_POINT('Ctrl Pts',(19.6792354941005,54.5207560384809,146.372970484717));
#3530=CARTESIAN_POINT('Ctrl Pts',(19.694511749759,54.519829822831,146.493611213058));
#3531=CARTESIAN_POINT('Ctrl Pts',(19.6987682621566,54.5195719738179,146.614845610772));
#3532=CARTESIAN_POINT('Ctrl Pts',(19.699588648181,54.5195222768578,146.63821192485));
#3533=CARTESIAN_POINT('Ctrl Pts',(19.6999995259719,54.519497382761,146.661600292215));
#3534=CARTESIAN_POINT('Ctrl Pts',(19.6999995259719,54.519497382761,146.685));
#3535=CARTESIAN_POINT('',(9.29999952316405,54.9146838850479,144.685));
#3536=CARTESIAN_POINT('Ctrl Pts',(9.29999952309508,54.9146838850493,144.685));
#3537=CARTESIAN_POINT('Ctrl Pts',(9.76952642631196,54.905286915187,144.685));
#3538=CARTESIAN_POINT('Ctrl Pts',(10.2288694909609,54.8951831282233,144.685));
#3539=CARTESIAN_POINT('Ctrl Pts',(10.6786605602055,54.8844012329344,144.685));
#3540=CARTESIAN_POINT('Ctrl Pts',(11.1389411635999,54.8733678941053,144.685));
#3541=CARTESIAN_POINT('Ctrl Pts',(11.5892188738612,54.8616244412905,144.685));
#3542=CARTESIAN_POINT('Ctrl Pts',(12.0301152398811,54.84919873954,144.685));
#3543=CARTESIAN_POINT('Ctrl Pts',(12.4813352994175,54.8364820870208,144.685));
#3544=CARTESIAN_POINT('Ctrl Pts',(12.9227293607247,54.8230508530108,144.685));
#3545=CARTESIAN_POINT('Ctrl Pts',(13.3549089243011,54.8089320362361,144.685));
#3546=CARTESIAN_POINT('Ctrl Pts',(13.8024081136271,54.794312744642,144.685));
#3547=CARTESIAN_POINT('Ctrl Pts',(14.2400278911078,54.7789562573147,144.685));
#3548=CARTESIAN_POINT('Ctrl Pts',(14.6683909360197,54.7628895870842,144.685));
#3549=CARTESIAN_POINT('Ctrl Pts',(15.1054834148354,54.7464955008045,144.685));
#3550=CARTESIAN_POINT('Ctrl Pts',(15.5329378274941,54.7293619816297,144.685));
#3551=CARTESIAN_POINT('Ctrl Pts',(15.9513606454314,54.7115148105449,144.685));
#3552=CARTESIAN_POINT('Ctrl Pts',(16.3823529645886,54.6931315070382,144.685));
#3553=CARTESIAN_POINT('Ctrl Pts',(16.8037627903527,54.6739910257364,144.685));
#3554=CARTESIAN_POINT('Ctrl Pts',(17.2161975767593,54.6541185905105,144.685));
#3555=CARTESIAN_POINT('Ctrl Pts',(17.3788496567697,54.6462814898805,144.685));
#3556=CARTESIAN_POINT('Ctrl Pts',(17.5401052848066,54.6383305187572,144.685));
#3557=CARTESIAN_POINT('Ctrl Pts',(17.6999995230882,54.6302671064065,144.685));
#3558=CARTESIAN_POINT('',(7.2999995231639,54.9494090070157,146.685));
#3559=CARTESIAN_POINT('Ctrl Pts',(7.29999952313466,54.9494090070128,146.685));
#3560=CARTESIAN_POINT('Ctrl Pts',(7.29999952313466,54.9494090070128,146.661751000621));
#3561=CARTESIAN_POINT('Ctrl Pts',(7.30040490738522,54.9494030034107,146.638485461129));
#3562=CARTESIAN_POINT('Ctrl Pts',(7.30121742182523,54.9493909666995,146.615213815829));
#3563=CARTESIAN_POINT('Ctrl Pts',(7.30590984206332,54.9493214524801,146.480815786692));
#3564=CARTESIAN_POINT('Ctrl Pts',(7.32412545878566,54.9490521661043,146.347519988442));
#3565=CARTESIAN_POINT('Ctrl Pts',(7.35544181801886,54.9485840644623,146.217316546864));
#3566=CARTESIAN_POINT('Ctrl Pts',(7.38157781001816,54.9481933964196,146.108651421329));
#3567=CARTESIAN_POINT('Ctrl Pts',(7.41683766803118,54.9476641101724,146.002140193255));
#3568=CARTESIAN_POINT('Ctrl Pts',(7.46094834005303,54.9469932676546,145.898939730335));
#3569=CARTESIAN_POINT('Ctrl Pts',(7.52376164444864,54.9460379923585,145.751982955613));
#3570=CARTESIAN_POINT('Ctrl Pts',(7.60386045151277,54.9448059036972,145.613315005413));
#3571=CARTESIAN_POINT('Ctrl Pts',(7.69939108947948,54.9432962325177,145.485808946025));
#3572=CARTESIAN_POINT('Ctrl Pts',(7.74072971756763,54.9426429579583,145.430633709261));
#3573=CARTESIAN_POINT('Ctrl Pts',(7.78495724508138,54.9419376090532,145.377548560309));
#3574=CARTESIAN_POINT('Ctrl Pts',(7.83192065980453,54.9411797547968,145.326786300678));
#3575=CARTESIAN_POINT('Ctrl Pts',(7.97286772858234,54.938905275042,145.174438100666));
#3576=CARTESIAN_POINT('Ctrl Pts',(8.13667032388313,54.9361861420721,145.044958334004));
#3577=CARTESIAN_POINT('Ctrl Pts',(8.31743489146262,54.9330439169588,144.942999212182));
#3578=CARTESIAN_POINT('Ctrl Pts',(8.37416626710221,54.9320577571398,144.911000235184));
#3579=CARTESIAN_POINT('Ctrl Pts',(8.43237026612379,54.9310334150916,144.881824366083));
#3580=CARTESIAN_POINT('Ctrl Pts',(8.49182875018288,54.9299727332866,144.855558105704));
#3581=CARTESIAN_POINT('Ctrl Pts',(8.59251730467215,54.9281765469322,144.811078132303));
#3582=CARTESIAN_POINT('Ctrl Pts',(8.69680535842311,54.9262759765194,144.774942021377));
#3583=CARTESIAN_POINT('Ctrl Pts',(8.80364846994776,54.9242816750279,144.747569840419));
#3584=CARTESIAN_POINT('Ctrl Pts',(8.91135620532366,54.9222712347268,144.719976151118));
#3585=CARTESIAN_POINT('Ctrl Pts',(9.02117619735137,54.9201745057911,144.701412527296));
#3586=CARTESIAN_POINT('Ctrl Pts',(9.13196638707236,54.9180082798423,144.69207128751));
#3587=CARTESIAN_POINT('Ctrl Pts',(9.16328961817425,54.91739583215,144.689430279192));
#3588=CARTESIAN_POINT('Ctrl Pts',(9.19467066566518,54.9167782382918,144.687528115271));
#3589=CARTESIAN_POINT('Ctrl Pts',(9.22608337296286,54.916155956206,144.686366367793));
#3590=CARTESIAN_POINT('Ctrl Pts',(9.24506505983486,54.9157799311921,144.685664361226));
#3591=CARTESIAN_POINT('Ctrl Pts',(9.26405575351229,54.9154022454082,144.685232804422));
#3592=CARTESIAN_POINT('Ctrl Pts',(9.28304967345017,54.915023005971,144.685071826101));
#3593=CARTESIAN_POINT('Ctrl Pts',(9.28869956886108,54.914910198127,144.685023941796));
#3594=CARTESIAN_POINT('Ctrl Pts',(9.29434958836624,54.9147972560598,144.685));
#3595=CARTESIAN_POINT('Ctrl Pts',(9.29999957978841,54.914684182673,144.685));
#3596=CARTESIAN_POINT('',(7.2999995231639,54.9494090070157,150.185));
#3597=CARTESIAN_POINT('',(7.2999995231639,54.9494090070157,150.185));
#3598=CARTESIAN_POINT('',(9.29999952316389,54.9146838850479,152.185));
#3599=CARTESIAN_POINT('Ctrl Pts',(9.29999952316389,54.9146838850479,152.185));
#3600=CARTESIAN_POINT('Ctrl Pts',(9.28689150399223,54.9149462249911,152.185));
#3601=CARTESIAN_POINT('Ctrl Pts',(9.27378368959849,54.9152078507764,152.184871134875));
#3602=CARTESIAN_POINT('Ctrl Pts',(9.23881894938915,54.9159038414415,152.184183568208));
#3603=CARTESIAN_POINT('Ctrl Pts',(9.2169683902596,54.9163368173644,152.183395315499));
#3604=CARTESIAN_POINT('Ctrl Pts',(9.14927474113122,54.9176721223471,152.179841099376));
#3605=CARTESIAN_POINT('Ctrl Pts',(9.10351068197983,54.9185662033984,152.175854376382));
#3606=CARTESIAN_POINT('Ctrl Pts',(8.79306790734454,54.9245737483939,152.138000826986));
#3607=CARTESIAN_POINT('Ctrl Pts',(8.53732349194775,54.929228434342,152.053027553299));
#3608=CARTESIAN_POINT('Ctrl Pts',(8.10166434530222,54.936788294786,151.803436630152));
#3609=CARTESIAN_POINT('Ctrl Pts',(7.91975649188165,54.9397815080123,151.651383300316));
#3610=CARTESIAN_POINT('Ctrl Pts',(7.60031145767337,54.9448852160557,151.271009696251));
#3611=CARTESIAN_POINT('Ctrl Pts',(7.47304538339046,54.9468168602616,151.03975184116));
#3612=CARTESIAN_POINT('Ctrl Pts',(7.33156413875202,54.9489450617521,150.594414072409));
#3613=CARTESIAN_POINT('Ctrl Pts',(7.29999952316389,54.9494090070157,150.390140255019));
#3614=CARTESIAN_POINT('Ctrl Pts',(7.2999995231639,54.9494090070157,150.185));
#3615=CARTESIAN_POINT('Ctrl Pts',(17.6999995230816,54.6302671064068,152.185));
#3616=CARTESIAN_POINT('Ctrl Pts',(17.2951665226144,54.6506826976816,152.185));
#3617=CARTESIAN_POINT('Ctrl Pts',(16.8816099869895,54.67037768406,152.185));
#3618=CARTESIAN_POINT('Ctrl Pts',(16.4587456638953,54.689328052476,152.185));
#3619=CARTESIAN_POINT('Ctrl Pts',(16.0458968022317,54.7078295850041,152.185));
#3620=CARTESIAN_POINT('Ctrl Pts',(15.6241759977373,54.7256213613606,152.185));
#3621=CARTESIAN_POINT('Ctrl Pts',(15.1929903895939,54.7426784058833,152.185));
#3622=CARTESIAN_POINT('Ctrl Pts',(14.7719730347036,54.7593332098275,152.185));
#3623=CARTESIAN_POINT('Ctrl Pts',(14.341932173858,54.7752875337985,152.185));
#3624=CARTESIAN_POINT('Ctrl Pts',(13.9022661452155,54.7905154843377,152.185));
#3625=CARTESIAN_POINT('Ctrl Pts',(13.4777731509039,54.8052179127732,152.185));
#3626=CARTESIAN_POINT('Ctrl Pts',(13.044307924626,54.8192432398806,152.185));
#3627=CARTESIAN_POINT('Ctrl Pts',(12.6012805540777,54.8325656049198,152.185));
#3628=CARTESIAN_POINT('Ctrl Pts',(12.1670723754264,54.8456227662681,152.185));
#3629=CARTESIAN_POINT('Ctrl Pts',(11.723679149961,54.8580046831681,152.185));
#3630=CARTESIAN_POINT('Ctrl Pts',(11.2704961689499,54.8696844173051,152.185));
#3631=CARTESIAN_POINT('Ctrl Pts',(10.8305973322691,54.8810217836117,152.185));
#3632=CARTESIAN_POINT('Ctrl Pts',(10.3814743664524,54.8916975346861,152.185));
#3633=CARTESIAN_POINT('Ctrl Pts',(9.92252526332327,54.901684473187,152.185));
#3634=CARTESIAN_POINT('Ctrl Pts',(9.7170069213681,54.9061566445627,152.185));
#3635=CARTESIAN_POINT('Ctrl Pts',(9.50951750168063,54.9104906554029,152.185));
#3636=CARTESIAN_POINT('Ctrl Pts',(9.2999995231051,54.9146838850491,152.185));
#3637=CARTESIAN_POINT('Ctrl Pts',(0.0193906560609273,54.5999996836463,154.295));
#3638=CARTESIAN_POINT('Ctrl Pts',(-8.52372981422716,54.600278397337,154.295));
#3639=CARTESIAN_POINT('Ctrl Pts',(-22.3652833261634,54.2326576958145,154.295));
#3640=CARTESIAN_POINT('Ctrl Pts',(-33.9334200150976,52.6713233408919,154.295));
#3641=CARTESIAN_POINT('Ctrl Pts',(-40.0625258872109,50.7090626344073,154.295));
#3642=CARTESIAN_POINT('Ctrl Pts',(-44.9791519546023,48.1521083884665,154.295));
#3643=CARTESIAN_POINT('Ctrl Pts',(-48.2439360115122,44.9275239502379,154.295));
#3644=CARTESIAN_POINT('Ctrl Pts',(-50.7751563683353,39.8973033289923,154.295));
#3645=CARTESIAN_POINT('Ctrl Pts',(-52.101222257126,35.5676103171318,154.295));
#3646=CARTESIAN_POINT('Ctrl Pts',(-53.2406305758938,29.7210714104134,154.295));
#3647=CARTESIAN_POINT('Ctrl Pts',(-54.3015991197885,19.8660150402475,154.295));
#3648=CARTESIAN_POINT('Ctrl Pts',(-54.6002783657977,8.56453680039184,154.295));
#3649=CARTESIAN_POINT('Ctrl Pts',(-54.5999996836804,-0.0194834884023436,
154.295));
#3650=CARTESIAN_POINT('Ctrl Pts',(0.0193949823758496,54.733591694626,154.161407988907));
#3651=CARTESIAN_POINT('Ctrl Pts',(-8.52563070030507,54.733870508392,154.161407988907));
#3652=CARTESIAN_POINT('Ctrl Pts',(-22.3725744633012,54.3661179132458,154.161407988907));
#3653=CARTESIAN_POINT('Ctrl Pts',(-33.9577100307194,52.8034967103215,154.161407988907));
#3654=CARTESIAN_POINT('Ctrl Pts',(-40.1112742155009,50.8341154329482,154.161407988907));
#3655=CARTESIAN_POINT('Ctrl Pts',(-45.0592718158577,48.2617581568886,154.161407988907));
#3656=CARTESIAN_POINT('Ctrl Pts',(-48.354775702285,45.007173427572,154.161407988907));
#3657=CARTESIAN_POINT('Ctrl Pts',(-50.9004242667613,39.9450845522529,154.161407988907));
#3658=CARTESIAN_POINT('Ctrl Pts',(-52.231312548519,35.5991051324104,154.161407988907));
#3659=CARTESIAN_POINT('Ctrl Pts',(-53.3731612460455,29.739140589672,154.161407988907));
#3660=CARTESIAN_POINT('Ctrl Pts',(-54.4351973646175,19.8723384869261,154.161407988907));
#3661=CARTESIAN_POINT('Ctrl Pts',(-54.7338703712683,8.56644677525397,154.161407988907));
#3662=CARTESIAN_POINT('Ctrl Pts',(-54.7335916947802,-0.019487835416186,
154.161407988907));
#3663=CARTESIAN_POINT('Ctrl Pts',(0.0193993086907718,54.8671837056059,154.027815977813));
#3664=CARTESIAN_POINT('Ctrl Pts',(-8.52753158638297,54.8674626194473,154.027815977813));
#3665=CARTESIAN_POINT('Ctrl Pts',(-22.379865600439,54.4995781306772,154.027815977813));
#3666=CARTESIAN_POINT('Ctrl Pts',(-33.9820000463413,52.935670079751,154.027815977813));
#3667=CARTESIAN_POINT('Ctrl Pts',(-40.160022543791,50.959168231489,154.027815977813));
#3668=CARTESIAN_POINT('Ctrl Pts',(-45.1393916771131,48.3714079253107,154.027815977813));
#3669=CARTESIAN_POINT('Ctrl Pts',(-48.4656153930577,45.0868229049063,154.027815977813));
#3670=CARTESIAN_POINT('Ctrl Pts',(-51.0256921651873,39.9928657755134,154.027815977813));
#3671=CARTESIAN_POINT('Ctrl Pts',(-52.361402839912,35.630599947689,154.027815977813));
#3672=CARTESIAN_POINT('Ctrl Pts',(-53.5056919161971,29.7572097689306,154.027815977813));
#3673=CARTESIAN_POINT('Ctrl Pts',(-54.5687956094466,19.8786619336046,154.027815977813));
#3674=CARTESIAN_POINT('Ctrl Pts',(-54.8674623767388,8.5683567501161,154.027815977813));
#3675=CARTESIAN_POINT('Ctrl Pts',(-54.8671837058799,-0.0194921824300286,
154.027815977813));
#3676=CARTESIAN_POINT('Ctrl Pts',(0.019403635005694,55.0007757165857,153.89422396672));
#3677=CARTESIAN_POINT('Ctrl Pts',(-8.52943247246087,55.0010547305024,153.89422396672));
#3678=CARTESIAN_POINT('Ctrl Pts',(-22.3871567375769,54.6330383481086,153.89422396672));
#3679=CARTESIAN_POINT('Ctrl Pts',(-34.0062900619631,53.0678434491806,153.89422396672));
#3680=CARTESIAN_POINT('Ctrl Pts',(-40.2087708720812,51.0842210300298,153.89422396672));
#3681=CARTESIAN_POINT('Ctrl Pts',(-45.2195115383686,48.4810576937328,153.89422396672));
#3682=CARTESIAN_POINT('Ctrl Pts',(-48.5764550838305,45.1664723822405,153.89422396672));
#3683=CARTESIAN_POINT('Ctrl Pts',(-51.1509600636132,40.040646998774,153.89422396672));
#3684=CARTESIAN_POINT('Ctrl Pts',(-52.491493131305,35.6620947629676,153.89422396672));
#3685=CARTESIAN_POINT('Ctrl Pts',(-53.6382225863488,29.7752789481891,153.89422396672));
#3686=CARTESIAN_POINT('Ctrl Pts',(-54.7023938542756,19.8849853802832,153.89422396672));
#3687=CARTESIAN_POINT('Ctrl Pts',(-55.0010543822093,8.57026672497822,153.89422396672));
#3688=CARTESIAN_POINT('Ctrl Pts',(-55.0007757169796,-0.019496529443871,
153.89422396672));
#3689=CARTESIAN_POINT('',(-55.,-1.48235019027926E-14,153.895));
#3690=CARTESIAN_POINT('',(-54.6,-1.55431223447522E-14,154.295));
#3691=CARTESIAN_POINT('',(-55.,-1.48235019027926E-14,153.895));
#3692=CARTESIAN_POINT('',(-1.77635683940025E-14,54.6,154.295));
#3693=CARTESIAN_POINT('Ctrl Pts',(-54.6,-1.55431223447522E-14,154.295));
#3694=CARTESIAN_POINT('Ctrl Pts',(-54.6,8.5750643147725,154.295));
#3695=CARTESIAN_POINT('Ctrl Pts',(-54.3011975566125,19.8697450544482,154.295));
#3696=CARTESIAN_POINT('Ctrl Pts',(-53.2406305758938,29.7210714104134,154.295));
#3697=CARTESIAN_POINT('Ctrl Pts',(-52.101222257126,35.5676103171318,154.295));
#3698=CARTESIAN_POINT('Ctrl Pts',(-50.7751563683353,39.8973033289923,154.295));
#3699=CARTESIAN_POINT('Ctrl Pts',(-48.2439360115122,44.9275239502379,154.295));
#3700=CARTESIAN_POINT('Ctrl Pts',(-44.9791519546023,48.1521083884665,154.295));
#3701=CARTESIAN_POINT('Ctrl Pts',(-40.0625258872109,50.7090626344073,154.295));
#3702=CARTESIAN_POINT('Ctrl Pts',(-33.9334200150976,52.6713233408919,154.295));
#3703=CARTESIAN_POINT('Ctrl Pts',(-22.3686195456189,54.2322074111929,154.295));
#3704=CARTESIAN_POINT('Ctrl Pts',(-8.53420680000893,54.6,154.295));
#3705=CARTESIAN_POINT('Ctrl Pts',(-1.55431223447522E-14,54.6,154.295));
#3706=CARTESIAN_POINT('',(-1.76176142763151E-14,55.,153.895));
#3707=CARTESIAN_POINT('',(-1.77635683940025E-14,54.6,154.295));
#3708=CARTESIAN_POINT('Ctrl Pts',(-1.74716601586278E-14,55.,153.895));
#3709=CARTESIAN_POINT('Ctrl Pts',(-0.697880460921804,55.,153.895));
#3710=CARTESIAN_POINT('Ctrl Pts',(-1.38529401891482,54.998780001616,153.895));
#3711=CARTESIAN_POINT('Ctrl Pts',(-2.06226653120794,54.9963241220066,153.895));
#3712=CARTESIAN_POINT('Ctrl Pts',(-2.76779498275101,54.9937646489018,153.895));
#3713=CARTESIAN_POINT('Ctrl Pts',(-3.4619832075604,54.9898628561863,153.895));
#3714=CARTESIAN_POINT('Ctrl Pts',(-4.14491743999754,54.9846024649266,153.895));
#3715=CARTESIAN_POINT('Ctrl Pts',(-4.85993096916751,54.9790949786404,153.895));
#3716=CARTESIAN_POINT('Ctrl Pts',(-5.56260868407623,54.9720982920772,153.895));
#3717=CARTESIAN_POINT('Ctrl Pts',(-6.25310673072499,54.9635951224478,153.895));
#3718=CARTESIAN_POINT('Ctrl Pts',(-6.98022029782055,54.9546410493251,153.895));
#3719=CARTESIAN_POINT('Ctrl Pts',(-7.69382853796606,54.9440165255704,153.895));
#3720=CARTESIAN_POINT('Ctrl Pts',(-8.39417121613134,54.9317023399152,153.895));
#3721=CARTESIAN_POINT('Ctrl Pts',(-9.16918448062059,54.9180752149066,153.895));
#3722=CARTESIAN_POINT('Ctrl Pts',(-9.92795262010228,54.9023789766206,153.895));
#3723=CARTESIAN_POINT('Ctrl Pts',(-10.6708673316283,54.8845879528236,153.895));
#3724=CARTESIAN_POINT('Ctrl Pts',(-11.4675622705172,54.8655090216936,153.895));
#3725=CARTESIAN_POINT('Ctrl Pts',(-12.2460259884479,54.8440211387321,153.895));
#3726=CARTESIAN_POINT('Ctrl Pts',(-13.006809608758,54.8200917508573,153.895));
#3727=CARTESIAN_POINT('Ctrl Pts',(-13.8453459229698,54.7937167604209,153.895));
#3728=CARTESIAN_POINT('Ctrl Pts',(-14.6624042788791,54.764375889211,153.895));
#3729=CARTESIAN_POINT('Ctrl Pts',(-15.4587929223186,54.7320222868637,153.895));
#3730=CARTESIAN_POINT('Ctrl Pts',(-16.3710635418971,54.6949609335884,153.895));
#3731=CARTESIAN_POINT('Ctrl Pts',(-17.2562125546678,54.6539466911849,153.895));
#3732=CARTESIAN_POINT('Ctrl Pts',(-18.1155296359849,54.608900338237,153.895));
#3733=CARTESIAN_POINT('Ctrl Pts',(-18.8487714889276,54.5704629883671,153.895));
#3734=CARTESIAN_POINT('Ctrl Pts',(-19.5632073806215,54.5290898045643,153.895));
#3735=CARTESIAN_POINT('Ctrl Pts',(-20.2596621565326,54.484724272587,153.895));
#3736=CARTESIAN_POINT('Ctrl Pts',(-20.493708999686,54.4698150307191,153.895));
#3737=CARTESIAN_POINT('Ctrl Pts',(-20.725725289084,54.4545677913701,153.895));
#3738=CARTESIAN_POINT('Ctrl Pts',(-20.9557425452937,54.4389802069501,153.895));
#3739=CARTESIAN_POINT('Ctrl Pts',(-21.0959401238435,54.4294794345858,153.895));
#3740=CARTESIAN_POINT('Ctrl Pts',(-21.2353982337972,54.4198519845279,153.895));
#3741=CARTESIAN_POINT('Ctrl Pts',(-21.3740983390562,54.4100991521677,153.895));
#3742=CARTESIAN_POINT('Ctrl Pts',(-22.1629162022006,54.3546326594234,153.895));
#3743=CARTESIAN_POINT('Ctrl Pts',(-22.9273730360628,54.2951007336613,153.895));
#3744=CARTESIAN_POINT('Ctrl Pts',(-23.6686521630349,54.2314332957789,153.895));
#3745=CARTESIAN_POINT('Ctrl Pts',(-24.6254167483806,54.1492581102258,153.895));
#3746=CARTESIAN_POINT('Ctrl Pts',(-25.5435724987603,54.0601949703865,153.895));
#3747=CARTESIAN_POINT('Ctrl Pts',(-26.4257518983459,53.9640688410497,153.895));
#3748=CARTESIAN_POINT('Ctrl Pts',(-27.2911398883185,53.8697723772128,153.895));
#3749=CARTESIAN_POINT('Ctrl Pts',(-28.1219136766695,53.7686796307704,153.895));
#3750=CARTESIAN_POINT('Ctrl Pts',(-28.9205569879159,53.6605921510904,153.895));
#3751=CARTESIAN_POINT('Ctrl Pts',(-29.5946813043284,53.5693569309039,153.895));
#3752=CARTESIAN_POINT('Ctrl Pts',(-30.2459141208775,53.4731376477762,153.895));
#3753=CARTESIAN_POINT('Ctrl Pts',(-30.8757121122346,53.3717931040051,153.895));
#3754=CARTESIAN_POINT('Ctrl Pts',(-31.4679053670011,53.2764997622475,153.895));
#3755=CARTESIAN_POINT('Ctrl Pts',(-32.0411474623378,53.1766748782062,153.895));
#3756=CARTESIAN_POINT('Ctrl Pts',(-32.5966057788173,53.0721827621075,153.895));
#3757=CARTESIAN_POINT('Ctrl Pts',(-33.1346614492796,52.9709644097714,153.895));
#3758=CARTESIAN_POINT('Ctrl Pts',(-33.6560304123402,52.865366706318,153.895));
#3759=CARTESIAN_POINT('Ctrl Pts',(-34.1617274875295,52.7552488254781,153.895));
#3760=CARTESIAN_POINT('Ctrl Pts',(-34.520294055594,52.6771692941686,153.895));
#3761=CARTESIAN_POINT('Ctrl Pts',(-34.8709801840937,52.5968169185707,153.895));
#3762=CARTESIAN_POINT('Ctrl Pts',(-35.2141320543913,52.5141359308391,153.895));
#3763=CARTESIAN_POINT('Ctrl Pts',(-35.6440511145283,52.410548756723,153.895));
#3764=CARTESIAN_POINT('Ctrl Pts',(-36.0621549310678,52.3033052165953,153.895));
#3765=CARTESIAN_POINT('Ctrl Pts',(-36.469153134213,52.1922657075084,153.895));
#3766=CARTESIAN_POINT('Ctrl Pts',(-36.8802687171255,52.0801028720172,153.895));
#3767=CARTESIAN_POINT('Ctrl Pts',(-37.280052748189,51.9640669939565,153.895));
#3768=CARTESIAN_POINT('Ctrl Pts',(-37.6691865337579,51.843996234086,153.895));
#3769=CARTESIAN_POINT('Ctrl Pts',(-38.0620870464538,51.7227632163875,153.895));
#3770=CARTESIAN_POINT('Ctrl Pts',(-38.4441300154737,51.5974169634268,153.895));
#3771=CARTESIAN_POINT('Ctrl Pts',(-38.8159675999327,51.4677707361495,153.895));
#3772=CARTESIAN_POINT('Ctrl Pts',(-39.191022440362,51.337002768854,153.895));
#3773=CARTESIAN_POINT('Ctrl Pts',(-39.5556944012936,51.2018602549772,153.895));
#3774=CARTESIAN_POINT('Ctrl Pts',(-39.9106048665385,51.0621289162865,153.895));
#3775=CARTESIAN_POINT('Ctrl Pts',(-40.1197050759686,50.9798043441891,153.895));
#3776=CARTESIAN_POINT('Ctrl Pts',(-40.3254160475004,50.8958864916112,153.895));
#3777=CARTESIAN_POINT('Ctrl Pts',(-40.5278574722694,50.8103275512615,153.895));
#3778=CARTESIAN_POINT('Ctrl Pts',(-40.6706286143664,50.7499873928958,153.895));
#3779=CARTESIAN_POINT('Ctrl Pts',(-40.8117711922706,50.6888320087143,153.895));
#3780=CARTESIAN_POINT('Ctrl Pts',(-40.9513408109466,50.6268367593899,153.895));
#3781=CARTESIAN_POINT('Ctrl Pts',(-41.4725895075776,50.3953039715656,153.895));
#3782=CARTESIAN_POINT('Ctrl Pts',(-41.9718233393098,50.1520906833725,153.895));
#3783=CARTESIAN_POINT('Ctrl Pts',(-42.4503868660035,49.896529596759,153.895));
#3784=CARTESIAN_POINT('Ctrl Pts',(-42.7724625194408,49.7245357038419,153.895));
#3785=CARTESIAN_POINT('Ctrl Pts',(-43.085176621915,49.5469479561173,153.895));
#3786=CARTESIAN_POINT('Ctrl Pts',(-43.3889383802769,49.3635498545349,153.895));
#3787=CARTESIAN_POINT('Ctrl Pts',(-43.5259287241605,49.2808410595277,153.895));
#3788=CARTESIAN_POINT('Ctrl Pts',(-43.661098616615,49.1969501020342,153.895));
#3789=CARTESIAN_POINT('Ctrl Pts',(-43.7944780812089,49.111861194442,153.895));
#3790=CARTESIAN_POINT('Ctrl Pts',(-44.0926888534929,48.9216187990092,153.895));
#3791=CARTESIAN_POINT('Ctrl Pts',(-44.3819731248567,48.725378010169,153.895));
#3792=CARTESIAN_POINT('Ctrl Pts',(-44.6628580230181,48.5228088267701,153.895));
#3793=CARTESIAN_POINT('Ctrl Pts',(-44.9442776198474,48.31985402822,153.895));
#3794=CARTESIAN_POINT('Ctrl Pts',(-45.2172656629885,48.1105468955112,153.895));
#3795=CARTESIAN_POINT('Ctrl Pts',(-45.4823109150842,47.8945233370352,153.895));
#3796=CARTESIAN_POINT('Ctrl Pts',(-45.7471601331612,47.6786595549218,153.895));
#3797=CARTESIAN_POINT('Ctrl Pts',(-46.0040781263504,47.4560894594554,153.895));
#3798=CARTESIAN_POINT('Ctrl Pts',(-46.2535139503957,47.2264149801838,153.895));
#3799=CARTESIAN_POINT('Ctrl Pts',(-46.5020667417301,46.9975535760943,153.895));
#3800=CARTESIAN_POINT('Ctrl Pts',(-46.7431900641283,46.7616381800673,153.895));
#3801=CARTESIAN_POINT('Ctrl Pts',(-46.9772925786052,46.5182377078845,153.895));
#3802=CARTESIAN_POINT('Ctrl Pts',(-47.2099186378366,46.2763723320021,153.895));
#3803=CARTESIAN_POINT('Ctrl Pts',(-47.4356119893836,46.0271161727421,153.895));
#3804=CARTESIAN_POINT('Ctrl Pts',(-47.6547410658007,45.7700068027996,153.895));
#3805=CARTESIAN_POINT('Ctrl Pts',(-47.8719278466306,45.5151763745788,153.895));
#3806=CARTESIAN_POINT('Ctrl Pts',(-48.082666032216,45.2526315040616,153.895));
#3807=CARTESIAN_POINT('Ctrl Pts',(-48.287284899637,44.9818805485576,153.895));
#3808=CARTESIAN_POINT('Ctrl Pts',(-48.4455776185811,44.7724281874747,153.895));
#3809=CARTESIAN_POINT('Ctrl Pts',(-48.6002076076573,44.5580640762176,153.895));
#3810=CARTESIAN_POINT('Ctrl Pts',(-48.7513159748369,44.3385423160986,153.895));
#3811=CARTESIAN_POINT('Ctrl Pts',(-48.8383611432206,44.2120879778639,153.895));
#3812=CARTESIAN_POINT('Ctrl Pts',(-48.9242375615199,44.083921888468,153.895));
#3813=CARTESIAN_POINT('Ctrl Pts',(-49.0089707806932,43.9539944884086,153.895));
#3814=CARTESIAN_POINT('Ctrl Pts',(-49.0602165785777,43.8754157049271,153.895));
#3815=CARTESIAN_POINT('Ctrl Pts',(-49.1110455299576,43.7961905466997,153.895));
#3816=CARTESIAN_POINT('Ctrl Pts',(-49.1614587440757,43.7163146399202,153.895));
#3817=CARTESIAN_POINT('Ctrl Pts',(-49.4334641601016,43.2853427284068,153.895));
#3818=CARTESIAN_POINT('Ctrl Pts',(-49.6932892262731,42.8355476784346,153.895));
#3819=CARTESIAN_POINT('Ctrl Pts',(-49.9414493475413,42.3658165261697,153.895));
#3820=CARTESIAN_POINT('Ctrl Pts',(-50.1538681997901,41.9637384174082,153.895));
#3821=CARTESIAN_POINT('Ctrl Pts',(-50.3577405639098,41.5470519055538,153.895));
#3822=CARTESIAN_POINT('Ctrl Pts',(-50.5533862554911,41.1150956443877,153.895));
#3823=CARTESIAN_POINT('Ctrl Pts',(-50.6544120468851,40.8920458916477,153.895));
#3824=CARTESIAN_POINT('Ctrl Pts',(-50.7532441963626,40.6649253646,153.895));
#3825=CARTESIAN_POINT('Ctrl Pts',(-50.8499260117129,40.4336495452633,153.895));
#3826=CARTESIAN_POINT('Ctrl Pts',(-50.9078238235802,40.2951502439327,153.895));
#3827=CARTESIAN_POINT('Ctrl Pts',(-50.9649504715216,40.1551608691336,153.895));
#3828=CARTESIAN_POINT('Ctrl Pts',(-51.0213151521468,40.0136643215188,153.895));
#3829=CARTESIAN_POINT('Ctrl Pts',(-51.0676701104848,39.8972959415886,153.895));
#3830=CARTESIAN_POINT('Ctrl Pts',(-51.113508519416,39.7799115811,153.895));
#3831=CARTESIAN_POINT('Ctrl Pts',(-51.1588478670123,39.6614688462835,153.895));
#3832=CARTESIAN_POINT('Ctrl Pts',(-51.2791553486728,39.3471822960299,153.895));
#3833=CARTESIAN_POINT('Ctrl Pts',(-51.3959391986169,39.0254747199519,153.895));
#3834=CARTESIAN_POINT('Ctrl Pts',(-51.509379827518,38.6958490383001,153.895));
#3835=CARTESIAN_POINT('Ctrl Pts',(-51.6204878604197,38.3730012064698,153.895));
#3836=CARTESIAN_POINT('Ctrl Pts',(-51.7283885792129,38.0425577272193,153.895));
#3837=CARTESIAN_POINT('Ctrl Pts',(-51.8332329291388,37.7040055643269,153.895));
#3838=CARTESIAN_POINT('Ctrl Pts',(-51.9357023401432,37.3731223002276,153.895));
#3839=CARTESIAN_POINT('Ctrl Pts',(-52.0352521426195,37.0344937157202,153.895));
#3840=CARTESIAN_POINT('Ctrl Pts',(-52.1320075633165,36.6875939695614,153.895));
#3841=CARTESIAN_POINT('Ctrl Pts',(-52.2264338864329,36.349044798013,153.895));
#3842=CARTESIAN_POINT('Ctrl Pts',(-52.3181986305247,36.0026180389391,153.895));
#3843=CARTESIAN_POINT('Ctrl Pts',(-52.407404880616,35.6477773823302,153.895));
#3844=CARTESIAN_POINT('Ctrl Pts',(-52.4507847935952,35.4752226926148,153.895));
#3845=CARTESIAN_POINT('Ctrl Pts',(-52.4935594918702,35.3006775804723,153.895));
#3846=CARTESIAN_POINT('Ctrl Pts',(-52.5357397603014,35.1240759641983,153.895));
#3847=CARTESIAN_POINT('Ctrl Pts',(-52.5681167142897,34.9885191596298,153.895));
#3848=CARTESIAN_POINT('Ctrl Pts',(-52.6001427093235,34.8517534151458,153.895));
#3849=CARTESIAN_POINT('Ctrl Pts',(-52.6318188160156,34.713763998937,153.895));
#3850=CARTESIAN_POINT('Ctrl Pts',(-52.7393384432395,34.2453803451043,153.895));
#3851=CARTESIAN_POINT('Ctrl Pts',(-52.84283426951,33.7628751140232,153.895));
#3852=CARTESIAN_POINT('Ctrl Pts',(-52.9424131621435,33.2653312437933,153.895));
#3853=CARTESIAN_POINT('Ctrl Pts',(-53.0319510681488,32.8179569548451,153.895));
#3854=CARTESIAN_POINT('Ctrl Pts',(-53.1183219363624,32.3584231985964,153.895));
#3855=CARTESIAN_POINT('Ctrl Pts',(-53.2015945152862,31.8860284138286,153.895));
#3856=CARTESIAN_POINT('Ctrl Pts',(-53.2453503550928,31.6378070810093,153.895));
#3857=CARTESIAN_POINT('Ctrl Pts',(-53.2882506159983,31.3860342618916,153.895));
#3858=CARTESIAN_POINT('Ctrl Pts',(-53.3303043801949,31.1306046794282,153.895));
#3859=CARTESIAN_POINT('Ctrl Pts',(-53.3576186006066,30.9647013400156,153.895));
#3860=CARTESIAN_POINT('Ctrl Pts',(-53.3845757059695,30.7972553116738,153.895));
#3861=CARTESIAN_POINT('Ctrl Pts',(-53.4111780510369,30.6282372294046,153.895));
#3862=CARTESIAN_POINT('Ctrl Pts',(-53.4353584714808,30.474606852776,153.895));
#3863=CARTESIAN_POINT('Ctrl Pts',(-53.4592443450901,30.3196867113227,153.895));
#3864=CARTESIAN_POINT('Ctrl Pts',(-53.4828366699565,30.1634604668782,153.895));
#3865=CARTESIAN_POINT('Ctrl Pts',(-53.581033412372,29.5132105075714,153.895));
#3866=CARTESIAN_POINT('Ctrl Pts',(-53.6741471082255,28.8403188350774,153.895));
#3867=CARTESIAN_POINT('Ctrl Pts',(-53.7622672603532,28.1434812633741,153.895));
#3868=CARTESIAN_POINT('Ctrl Pts',(-53.8361738834472,27.5590416031372,153.895));
#3869=CARTESIAN_POINT('Ctrl Pts',(-53.9065677188746,26.9577570449014,153.895));
#3870=CARTESIAN_POINT('Ctrl Pts',(-53.9734978310318,26.3388941873275,153.895));
#3871=CARTESIAN_POINT('Ctrl Pts',(-54.033508973449,25.7840069193162,153.895));
#3872=CARTESIAN_POINT('Ctrl Pts',(-54.0907354148977,25.2149873039185,153.895));
#3873=CARTESIAN_POINT('Ctrl Pts',(-54.1452110830796,24.6313470347812,153.895));
#3874=CARTESIAN_POINT('Ctrl Pts',(-54.1953867909139,24.0937755904664,153.895));
#3875=CARTESIAN_POINT('Ctrl Pts',(-54.2432287865079,23.5438000941472,153.895));
#3876=CARTESIAN_POINT('Ctrl Pts',(-54.2887632760791,22.9810817582833,153.895));
#3877=CARTESIAN_POINT('Ctrl Pts',(-54.3152284203646,22.6540236954625,153.895));
#3878=CARTESIAN_POINT('Ctrl Pts',(-54.3409140729369,22.3226618567571,153.895));
#3879=CARTESIAN_POINT('Ctrl Pts',(-54.3658254392714,21.9869381643981,153.895));
#3880=CARTESIAN_POINT('Ctrl Pts',(-54.3822526334543,21.765553347038,153.895));
#3881=CARTESIAN_POINT('Ctrl Pts',(-54.3983431365115,21.5422719445482,153.895));
#3882=CARTESIAN_POINT('Ctrl Pts',(-54.4140984668856,21.3170790779667,153.895));
#3883=CARTESIAN_POINT('Ctrl Pts',(-54.4266261245269,21.1380197330468,153.895));
#3884=CARTESIAN_POINT('Ctrl Pts',(-54.4389413241256,20.9577597421405,153.895));
#3885=CARTESIAN_POINT('Ctrl Pts',(-54.4510449607892,20.7762916625303,153.895));
#3886=CARTESIAN_POINT('Ctrl Pts',(-54.5137800227605,19.8357139224198,153.895));
#3887=CARTESIAN_POINT('Ctrl Pts',(-54.5708382898669,18.8626178205983,153.895));
#3888=CARTESIAN_POINT('Ctrl Pts',(-54.622395515765,17.8549615365641,153.895));
#3889=CARTESIAN_POINT('Ctrl Pts',(-54.6651786607928,17.0187896094076,153.895));
#3890=CARTESIAN_POINT('Ctrl Pts',(-54.7041730267287,16.1588181657989,153.895));
#3891=CARTESIAN_POINT('Ctrl Pts',(-54.7394643036345,15.2739099205983,153.895));
#3892=CARTESIAN_POINT('Ctrl Pts',(-54.770823637694,14.4875928556974,153.895));
#3893=CARTESIAN_POINT('Ctrl Pts',(-54.7992587865357,13.6815853210957,153.895));
#3894=CARTESIAN_POINT('Ctrl Pts',(-54.8248230901879,12.8551280672794,153.895));
#3895=CARTESIAN_POINT('Ctrl Pts',(-54.8482744827286,12.0969781977918,153.895));
#3896=CARTESIAN_POINT('Ctrl Pts',(-54.869309830396,11.3216187489245,153.895));
#3897=CARTESIAN_POINT('Ctrl Pts',(-54.8879669480419,10.5285067290527,153.895));
#3898=CARTESIAN_POINT('Ctrl Pts',(-54.9053817973662,9.78820339895123,153.895));
#3899=CARTESIAN_POINT('Ctrl Pts',(-54.920724489347,9.03243243768204,153.895));
#3900=CARTESIAN_POINT('Ctrl Pts',(-54.9340242631909,8.26079823359028,153.895));
#3901=CARTESIAN_POINT('Ctrl Pts',(-54.9462496156846,7.55150044763354,153.895));
#3902=CARTESIAN_POINT('Ctrl Pts',(-54.9567487346095,6.82879878117666,153.895));
#3903=CARTESIAN_POINT('Ctrl Pts',(-54.9655439793554,6.09242973006232,153.895));
#3904=CARTESIAN_POINT('Ctrl Pts',(-54.9739915920248,5.38516566803023,153.895));
#3905=CARTESIAN_POINT('Ctrl Pts',(-54.9808673189714,4.66529291132472,153.895));
#3906=CARTESIAN_POINT('Ctrl Pts',(-54.9861913093638,3.93262405611041,153.895));
#3907=CARTESIAN_POINT('Ctrl Pts',(-54.9912183963753,3.2408140011812,153.895));
#3908=CARTESIAN_POINT('Ctrl Pts',(-54.99486196401,2.53759510453452,153.895));
#3909=CARTESIAN_POINT('Ctrl Pts',(-54.9971397654489,1.82285489631416,153.895));
#3910=CARTESIAN_POINT('Ctrl Pts',(-54.9990503105519,1.22335426320739,153.895));
#3911=CARTESIAN_POINT('Ctrl Pts',(-55.,0.615748614791265,153.895));
#3912=CARTESIAN_POINT('Ctrl Pts',(-55.,2.8421709430404E-14,153.895));
#3913=CARTESIAN_POINT('Ctrl Pts',(-54.6,-6.66133814775094E-15,154.295));
#3914=CARTESIAN_POINT('Ctrl Pts',(-54.6,-8.53420680001374,154.295));
#3915=CARTESIAN_POINT('Ctrl Pts',(-54.2302159159618,-22.3732889511428,154.295));
#3916=CARTESIAN_POINT('Ctrl Pts',(-52.4521074858937,-35.5763459748,154.295));
#3917=CARTESIAN_POINT('Ctrl Pts',(-49.2297134306828,-43.8674540876007,154.295));
#3918=CARTESIAN_POINT('Ctrl Pts',(-44.9261258118615,-48.2549218179224,154.295));
#3919=CARTESIAN_POINT('Ctrl Pts',(-39.8976712065756,-50.7722917642459,154.295));
#3920=CARTESIAN_POINT('Ctrl Pts',(-33.6050268340861,-52.7067523222198,154.295));
#3921=CARTESIAN_POINT('Ctrl Pts',(-22.4872024620559,-54.2321859174332,154.295));
#3922=CARTESIAN_POINT('Ctrl Pts',(-8.57506431476765,-54.6,154.295));
#3923=CARTESIAN_POINT('Ctrl Pts',(1.33226762955019E-14,-54.6,154.295));
#3924=CARTESIAN_POINT('Ctrl Pts',(-54.7333333333333,-7.40148683083438E-15,
154.161666666667));
#3925=CARTESIAN_POINT('Ctrl Pts',(-54.7333333333333,-8.53610807881963,154.161666666667));
#3926=CARTESIAN_POINT('Ctrl Pts',(-54.3635498804658,-22.380928764189,154.161666666667));
#3927=CARTESIAN_POINT('Ctrl Pts',(-52.5836057472339,-35.6023582679985,154.161666666667));
#3928=CARTESIAN_POINT('Ctrl Pts',(-49.3492324974674,-43.9363772516503,154.161666666667));
#3929=CARTESIAN_POINT('Ctrl Pts',(-45.0054419042923,-48.3657146297039,154.161666666667));
#3930=CARTESIAN_POINT('Ctrl Pts',(-39.9453854754011,-50.897255963485,154.161666666667));
#3931=CARTESIAN_POINT('Ctrl Pts',(-33.6290021696232,-52.8387339605906,154.161666666667));
#3932=CARTESIAN_POINT('Ctrl Pts',(-22.4944265261488,-54.365369496519,154.161666666667));
#3933=CARTESIAN_POINT('Ctrl Pts',(-8.57697469594575,-54.7333333333334,154.161666666667));
#3934=CARTESIAN_POINT('Ctrl Pts',(1.25825276124184E-14,-54.7333333333334,
154.161666666667));
#3935=CARTESIAN_POINT('Ctrl Pts',(-54.8666666666667,-8.14163551391781E-15,
154.028333333333));
#3936=CARTESIAN_POINT('Ctrl Pts',(-54.8666666666667,-8.53800935762552,154.028333333333));
#3937=CARTESIAN_POINT('Ctrl Pts',(-54.4968838449699,-22.3885685772352,154.028333333333));
#3938=CARTESIAN_POINT('Ctrl Pts',(-52.715104008574,-35.628370561197,154.028333333333));
#3939=CARTESIAN_POINT('Ctrl Pts',(-49.4687515642519,-44.0053004156999,154.028333333333));
#3940=CARTESIAN_POINT('Ctrl Pts',(-45.0847579967231,-48.4765074414855,154.028333333333));
#3941=CARTESIAN_POINT('Ctrl Pts',(-39.9930997442266,-51.0222201627242,154.028333333333));
#3942=CARTESIAN_POINT('Ctrl Pts',(-33.6529775051602,-52.9707155989613,154.028333333333));
#3943=CARTESIAN_POINT('Ctrl Pts',(-22.5016505902417,-54.4985530756049,154.028333333333));
#3944=CARTESIAN_POINT('Ctrl Pts',(-8.57888507712384,-54.8666666666667,154.028333333333));
#3945=CARTESIAN_POINT('Ctrl Pts',(1.1842378929335E-14,-54.8666666666667,
154.028333333333));
#3946=CARTESIAN_POINT('Ctrl Pts',(-55.,-8.88178419700125E-15,153.895));
#3947=CARTESIAN_POINT('Ctrl Pts',(-55.,-8.5399106364314,153.895));
#3948=CARTESIAN_POINT('Ctrl Pts',(-54.630217809474,-22.3962083902814,153.895));
#3949=CARTESIAN_POINT('Ctrl Pts',(-52.8466022699141,-35.6543828543954,153.895));
#3950=CARTESIAN_POINT('Ctrl Pts',(-49.5882706310366,-44.0742235797494,153.895));
#3951=CARTESIAN_POINT('Ctrl Pts',(-45.1640740891539,-48.587300253267,153.895));
#3952=CARTESIAN_POINT('Ctrl Pts',(-40.0408140130522,-51.1471843619633,153.895));
#3953=CARTESIAN_POINT('Ctrl Pts',(-33.6769528406972,-53.1026972373321,153.895));
#3954=CARTESIAN_POINT('Ctrl Pts',(-22.5088746543346,-54.6317366546907,153.895));
#3955=CARTESIAN_POINT('Ctrl Pts',(-8.58079545830195,-55.,153.895));
#3956=CARTESIAN_POINT('Ctrl Pts',(1.11022302462516E-14,-55.,153.895));
#3957=CARTESIAN_POINT('',(1.09191665047863E-14,-55.,153.895));
#3958=CARTESIAN_POINT('',(1.33226762955019E-14,-54.6,154.295));
#3959=CARTESIAN_POINT('',(1.09191665047863E-14,-55.,153.895));
#3960=CARTESIAN_POINT('Ctrl Pts',(1.33226762955019E-14,-54.6,154.295));
#3961=CARTESIAN_POINT('Ctrl Pts',(-8.57506431476765,-54.6,154.295));
#3962=CARTESIAN_POINT('Ctrl Pts',(-22.4872024620559,-54.2321859174332,154.295));
#3963=CARTESIAN_POINT('Ctrl Pts',(-33.6050268340861,-52.7067523222198,154.295));
#3964=CARTESIAN_POINT('Ctrl Pts',(-39.8976712065756,-50.7722917642459,154.295));
#3965=CARTESIAN_POINT('Ctrl Pts',(-44.9261258118615,-48.2549218179224,154.295));
#3966=CARTESIAN_POINT('Ctrl Pts',(-49.2297134306828,-43.8674540876007,154.295));
#3967=CARTESIAN_POINT('Ctrl Pts',(-52.4521074858937,-35.5763459748,154.295));
#3968=CARTESIAN_POINT('Ctrl Pts',(-54.2302159159618,-22.3732889511428,154.295));
#3969=CARTESIAN_POINT('Ctrl Pts',(-54.6,-8.53420680001374,154.295));
#3970=CARTESIAN_POINT('Ctrl Pts',(-54.6,-6.66133814775094E-15,154.295));
#3971=CARTESIAN_POINT('Ctrl Pts',(-55.,-8.88178419700125E-15,153.895));
#3972=CARTESIAN_POINT('Ctrl Pts',(-55.,-8.5399106364314,153.895));
#3973=CARTESIAN_POINT('Ctrl Pts',(-54.630217809474,-22.3962083902814,153.895));
#3974=CARTESIAN_POINT('Ctrl Pts',(-52.8466022699141,-35.6543828543954,153.895));
#3975=CARTESIAN_POINT('Ctrl Pts',(-49.5882706310366,-44.0742235797494,153.895));
#3976=CARTESIAN_POINT('Ctrl Pts',(-45.1640740891539,-48.587300253267,153.895));
#3977=CARTESIAN_POINT('Ctrl Pts',(-40.0408140130522,-51.1471843619633,153.895));
#3978=CARTESIAN_POINT('Ctrl Pts',(-33.6769528406972,-53.1026972373321,153.895));
#3979=CARTESIAN_POINT('Ctrl Pts',(-22.5088746543346,-54.6317366546907,153.895));
#3980=CARTESIAN_POINT('Ctrl Pts',(-8.58079545830195,-55.,153.895));
#3981=CARTESIAN_POINT('Ctrl Pts',(1.11022302462516E-14,-55.,153.895));
#3982=CARTESIAN_POINT('Ctrl Pts',(-0.0193906560618774,-54.5999996836463,
154.295));
#3983=CARTESIAN_POINT('Ctrl Pts',(8.52372981422586,-54.600278397337,154.295));
#3984=CARTESIAN_POINT('Ctrl Pts',(22.3652833261617,-54.2326576958146,154.295));
#3985=CARTESIAN_POINT('Ctrl Pts',(33.9334200150965,-52.6713233408921,154.295));
#3986=CARTESIAN_POINT('Ctrl Pts',(40.0625258872095,-50.7090626344078,154.295));
#3987=CARTESIAN_POINT('Ctrl Pts',(44.9791519545999,-48.152108388468,154.295));
#3988=CARTESIAN_POINT('Ctrl Pts',(48.2439360115093,-44.9275239502415,154.295));
#3989=CARTESIAN_POINT('Ctrl Pts',(50.7751563683327,-39.8973033289988,154.295));
#3990=CARTESIAN_POINT('Ctrl Pts',(52.1012222571245,-35.5676103171383,154.295));
#3991=CARTESIAN_POINT('Ctrl Pts',(53.2406305758929,-29.7210714104195,154.295));
#3992=CARTESIAN_POINT('Ctrl Pts',(54.3015991197884,-19.8660150402523,154.295));
#3993=CARTESIAN_POINT('Ctrl Pts',(54.6002783657978,-8.5645368003937,154.295));
#3994=CARTESIAN_POINT('Ctrl Pts',(54.5999996836804,0.0194834884032761,154.295));
#3995=CARTESIAN_POINT('Ctrl Pts',(-0.0193949823767976,-54.733591694626,
154.161407988907));
#3996=CARTESIAN_POINT('Ctrl Pts',(8.52563070030377,-54.7338705083921,154.161407988907));
#3997=CARTESIAN_POINT('Ctrl Pts',(22.3725744632994,-54.3661179132459,154.161407988907));
#3998=CARTESIAN_POINT('Ctrl Pts',(33.9577100307183,-52.8034967103217,154.161407988907));
#3999=CARTESIAN_POINT('Ctrl Pts',(40.1112742154996,-50.8341154329487,154.161407988907));
#4000=CARTESIAN_POINT('Ctrl Pts',(45.0592718158554,-48.2617581568902,154.161407988907));
#4001=CARTESIAN_POINT('Ctrl Pts',(48.3547757022819,-45.0071734275758,154.161407988907));
#4002=CARTESIAN_POINT('Ctrl Pts',(50.9004242667587,-39.9450845522595,154.161407988907));
#4003=CARTESIAN_POINT('Ctrl Pts',(52.2313125485175,-35.5991051324169,154.161407988907));
#4004=CARTESIAN_POINT('Ctrl Pts',(53.3731612460446,-29.7391405896781,154.161407988907));
#4005=CARTESIAN_POINT('Ctrl Pts',(54.4351973646175,-19.8723384869308,154.161407988907));
#4006=CARTESIAN_POINT('Ctrl Pts',(54.7338703712684,-8.56644677525584,154.161407988907));
#4007=CARTESIAN_POINT('Ctrl Pts',(54.7335916947802,0.0194878354171181,154.161407988907));
#4008=CARTESIAN_POINT('Ctrl Pts',(-0.0193993086917178,-54.8671837056059,
154.027815977813));
#4009=CARTESIAN_POINT('Ctrl Pts',(8.52753158638167,-54.8674626194473,154.027815977813));
#4010=CARTESIAN_POINT('Ctrl Pts',(22.3798656004373,-54.4995781306773,154.027815977813));
#4011=CARTESIAN_POINT('Ctrl Pts',(33.9820000463402,-52.9356700797512,154.027815977813));
#4012=CARTESIAN_POINT('Ctrl Pts',(40.1600225437897,-50.9591682314895,154.027815977813));
#4013=CARTESIAN_POINT('Ctrl Pts',(45.1393916771108,-48.3714079253122,154.027815977813));
#4014=CARTESIAN_POINT('Ctrl Pts',(48.4656153930547,-45.08682290491,154.027815977813));
#4015=CARTESIAN_POINT('Ctrl Pts',(51.0256921651847,-39.99286577552,154.027815977813));
#4016=CARTESIAN_POINT('Ctrl Pts',(52.3614028399104,-35.6305999476956,154.027815977813));
#4017=CARTESIAN_POINT('Ctrl Pts',(53.5056919161963,-29.7572097689367,154.027815977813));
#4018=CARTESIAN_POINT('Ctrl Pts',(54.5687956094465,-19.8786619336094,154.027815977813));
#4019=CARTESIAN_POINT('Ctrl Pts',(54.8674623767389,-8.56835675011794,154.027815977813));
#4020=CARTESIAN_POINT('Ctrl Pts',(54.8671837058799,0.01949218243096,154.027815977813));
#4021=CARTESIAN_POINT('Ctrl Pts',(-0.019403635006638,-55.0007757165857,
153.89422396672));
#4022=CARTESIAN_POINT('Ctrl Pts',(8.52943247245958,-55.0010547305024,153.89422396672));
#4023=CARTESIAN_POINT('Ctrl Pts',(22.3871567375751,-54.6330383481088,153.89422396672));
#4024=CARTESIAN_POINT('Ctrl Pts',(34.006290061962,-53.0678434491808,153.89422396672));
#4025=CARTESIAN_POINT('Ctrl Pts',(40.2087708720798,-51.0842210300304,153.89422396672));
#4026=CARTESIAN_POINT('Ctrl Pts',(45.2195115383662,-48.4810576937343,153.89422396672));
#4027=CARTESIAN_POINT('Ctrl Pts',(48.5764550838274,-45.1664723822442,153.89422396672));
#4028=CARTESIAN_POINT('Ctrl Pts',(51.1509600636107,-40.0406469987806,153.89422396672));
#4029=CARTESIAN_POINT('Ctrl Pts',(52.4914931313035,-35.6620947629743,153.89422396672));
#4030=CARTESIAN_POINT('Ctrl Pts',(53.6382225863479,-29.7752789481953,153.89422396672));
#4031=CARTESIAN_POINT('Ctrl Pts',(54.7023938542756,-19.884985380288,153.89422396672));
#4032=CARTESIAN_POINT('Ctrl Pts',(55.0010543822094,-8.57026672498009,153.89422396672));
#4033=CARTESIAN_POINT('Ctrl Pts',(55.0007757169797,0.019496529444802,153.89422396672));
#4034=CARTESIAN_POINT('',(55.,-2.49596060502704E-14,153.895));
#4035=CARTESIAN_POINT('',(54.6,-2.22044604925031E-14,154.295));
#4036=CARTESIAN_POINT('',(55.,-2.49596060502704E-14,153.895));
#4037=CARTESIAN_POINT('Ctrl Pts',(54.6,-2.22044604925031E-14,154.295));
#4038=CARTESIAN_POINT('Ctrl Pts',(54.6,-8.57506431477488,154.295));
#4039=CARTESIAN_POINT('Ctrl Pts',(54.3011975566124,-19.8697450544532,154.295));
#4040=CARTESIAN_POINT('Ctrl Pts',(53.2406305758929,-29.7210714104195,154.295));
#4041=CARTESIAN_POINT('Ctrl Pts',(52.1012222571245,-35.5676103171383,154.295));
#4042=CARTESIAN_POINT('Ctrl Pts',(50.7751563683327,-39.8973033289988,154.295));
#4043=CARTESIAN_POINT('Ctrl Pts',(48.2439360115093,-44.9275239502415,154.295));
#4044=CARTESIAN_POINT('Ctrl Pts',(44.9791519545999,-48.152108388468,154.295));
#4045=CARTESIAN_POINT('Ctrl Pts',(40.0625258872095,-50.7090626344078,154.295));
#4046=CARTESIAN_POINT('Ctrl Pts',(33.9334200150965,-52.6713233408921,154.295));
#4047=CARTESIAN_POINT('Ctrl Pts',(22.3686195456173,-54.232207411193,154.295));
#4048=CARTESIAN_POINT('Ctrl Pts',(8.53420680000814,-54.6,154.295));
#4049=CARTESIAN_POINT('Ctrl Pts',(4.44089209850063E-15,-54.6,154.295));
#4050=CARTESIAN_POINT('Ctrl Pts',(1.0736102763321E-14,-55.,153.895));
#4051=CARTESIAN_POINT('Ctrl Pts',(0.69788046093328,-55.,153.895));
#4052=CARTESIAN_POINT('Ctrl Pts',(1.38529401893738,-54.9987800016159,153.895));
#4053=CARTESIAN_POINT('Ctrl Pts',(2.06226653124129,-54.9963241220065,153.895));
#4054=CARTESIAN_POINT('Ctrl Pts',(2.767794982771,-54.9937646489017,153.895));
#4055=CARTESIAN_POINT('Ctrl Pts',(3.46198320756763,-54.9898628561863,153.895));
#4056=CARTESIAN_POINT('Ctrl Pts',(4.14491743999223,-54.9846024649266,153.895));
#4057=CARTESIAN_POINT('Ctrl Pts',(4.85993096939228,-54.9790949786387,153.895));
#4058=CARTESIAN_POINT('Ctrl Pts',(5.56260868452303,-54.9720982920727,153.895));
#4059=CARTESIAN_POINT('Ctrl Pts',(6.25310673138616,-54.9635951224397,153.895));
#4060=CARTESIAN_POINT('Ctrl Pts',(6.98022029861115,-54.9546410493142,153.895));
#4061=CARTESIAN_POINT('Ctrl Pts',(7.69382853888105,-54.9440165255562,153.895));
#4062=CARTESIAN_POINT('Ctrl Pts',(8.39417121716584,-54.931702339897,153.895));
#4063=CARTESIAN_POINT('Ctrl Pts',(9.16918448163518,-54.9180752148866,153.895));
#4064=CARTESIAN_POINT('Ctrl Pts',(9.92795262109734,-54.9023789765989,153.895));
#4065=CARTESIAN_POINT('Ctrl Pts',(10.6708673326043,-54.8845879528003,153.895));
#4066=CARTESIAN_POINT('Ctrl Pts',(11.4675622715092,-54.8655090216675,153.895));
#4067=CARTESIAN_POINT('Ctrl Pts',(12.2460259894547,-54.8440211387031,153.895));
#4068=CARTESIAN_POINT('Ctrl Pts',(13.0068096097785,-54.8200917508252,153.895));
#4069=CARTESIAN_POINT('Ctrl Pts',(13.8453459240099,-54.7937167603853,153.895));
#4070=CARTESIAN_POINT('Ctrl Pts',(14.6624042799371,-54.7643758891715,153.895));
#4071=CARTESIAN_POINT('Ctrl Pts',(15.4587929233932,-54.7320222868201,153.895));
#4072=CARTESIAN_POINT('Ctrl Pts',(16.3710635430603,-54.6949609335372,153.895));
#4073=CARTESIAN_POINT('Ctrl Pts',(17.2562125559136,-54.6539466911251,153.895));
#4074=CARTESIAN_POINT('Ctrl Pts',(18.1155296373077,-54.6089003381677,153.895));
#4075=CARTESIAN_POINT('Ctrl Pts',(18.8487714936233,-54.5704629881162,153.895));
#4076=CARTESIAN_POINT('Ctrl Pts',(19.5632073885165,-54.5290898041047,153.895));
#4077=CARTESIAN_POINT('Ctrl Pts',(20.2596621674646,-54.4847242718906,153.895));
#4078=CARTESIAN_POINT('Ctrl Pts',(20.4937090193936,-54.4698150294491,153.895));
#4079=CARTESIAN_POINT('Ctrl Pts',(20.7257253174143,-54.454567789501,153.895));
#4080=CARTESIAN_POINT('Ctrl Pts',(20.9557425820974,-54.4389802044561,153.895));
#4081=CARTESIAN_POINT('Ctrl Pts',(21.0959401491715,-54.4294794328385,153.895));
#4082=CARTESIAN_POINT('Ctrl Pts',(21.2353982477686,-54.4198519835478,153.895));
#4083=CARTESIAN_POINT('Ctrl Pts',(21.3740983417931,-54.4100991519752,153.895));
#4084=CARTESIAN_POINT('Ctrl Pts',(22.1629162050275,-54.3546326592113,153.895));
#4085=CARTESIAN_POINT('Ctrl Pts',(22.9273730389719,-54.2951007334279,153.895));
#4086=CARTESIAN_POINT('Ctrl Pts',(23.6686521660194,-54.2314332955226,153.895));
#4087=CARTESIAN_POINT('Ctrl Pts',(24.62541675158,-54.1492581099298,153.895));
#4088=CARTESIAN_POINT('Ctrl Pts',(25.5435725021536,-54.0601949700464,153.895));
#4089=CARTESIAN_POINT('Ctrl Pts',(26.4257519019143,-53.9640688406608,153.895));
#4090=CARTESIAN_POINT('Ctrl Pts',(27.2911398917546,-53.8697723768093,153.895));
#4091=CARTESIAN_POINT('Ctrl Pts',(28.1219136799796,-53.7686796303527,153.895));
#4092=CARTESIAN_POINT('Ctrl Pts',(28.9205569911062,-53.6605921506586,153.895));
#4093=CARTESIAN_POINT('Ctrl Pts',(29.5946813074209,-53.5693569304598,153.895));
#4094=CARTESIAN_POINT('Ctrl Pts',(30.2459141238763,-53.4731376473201,153.895));
#4095=CARTESIAN_POINT('Ctrl Pts',(30.8757121151436,-53.371793103537,153.895));
#4096=CARTESIAN_POINT('Ctrl Pts',(31.4679053697984,-53.2764997617726,153.895));
#4097=CARTESIAN_POINT('Ctrl Pts',(32.0411474650285,-53.1766748777249,153.895));
#4098=CARTESIAN_POINT('Ctrl Pts',(32.5966057814063,-53.0721827616205,153.895));
#4099=CARTESIAN_POINT('Ctrl Pts',(33.1346614518144,-52.9709644092704,153.895));
#4100=CARTESIAN_POINT('Ctrl Pts',(33.6560304148226,-52.8653667058029,153.895));
#4101=CARTESIAN_POINT('Ctrl Pts',(34.161727489961,-52.7552488249486,153.895));
#4102=CARTESIAN_POINT('Ctrl Pts',(34.5202940597222,-52.6771692932516,153.895));
#4103=CARTESIAN_POINT('Ctrl Pts',(34.8709801898432,-52.5968169172442,153.895));
#4104=CARTESIAN_POINT('Ctrl Pts',(35.2141320616919,-52.5141359290801,153.895));
#4105=CARTESIAN_POINT('Ctrl Pts',(35.6440511217496,-52.4105487549095,153.895));
#4106=CARTESIAN_POINT('Ctrl Pts',(36.0621549382109,-52.3033052147255,153.895));
#4107=CARTESIAN_POINT('Ctrl Pts',(36.4691531412791,-52.1922657055806,153.895));
#4108=CARTESIAN_POINT('Ctrl Pts',(36.8802687240877,-52.0801028700379,153.895));
#4109=CARTESIAN_POINT('Ctrl Pts',(37.2800527550499,-51.9640669919244,153.895));
#4110=CARTESIAN_POINT('Ctrl Pts',(37.66918654052,-51.8439962319995,153.895));
#4111=CARTESIAN_POINT('Ctrl Pts',(38.0620870531199,-51.722763214245,153.895));
#4112=CARTESIAN_POINT('Ctrl Pts',(38.4441300220461,-51.5974169612266,153.895));
#4113=CARTESIAN_POINT('Ctrl Pts',(38.8159676064136,-51.4677707338898,153.895));
#4114=CARTESIAN_POINT('Ctrl Pts',(39.191022446751,-51.3370027665343,153.895));
#4115=CARTESIAN_POINT('Ctrl Pts',(39.555694407593,-51.2018602525955,153.895));
#4116=CARTESIAN_POINT('Ctrl Pts',(39.9106048727501,-51.0621289138409,153.895));
#4117=CARTESIAN_POINT('Ctrl Pts',(40.1197050773434,-50.9798043435898,153.895));
#4118=CARTESIAN_POINT('Ctrl Pts',(40.3254160441942,-50.8958864929304,153.895));
#4119=CARTESIAN_POINT('Ctrl Pts',(40.52785746443,-50.8103275545747,153.895));
#4120=CARTESIAN_POINT('Ctrl Pts',(40.6706286102457,-50.7499873946924,153.895));
#4121=CARTESIAN_POINT('Ctrl Pts',(40.8117711917844,-50.6888320089528,153.895));
#4122=CARTESIAN_POINT('Ctrl Pts',(40.9513408140146,-50.6268367580272,153.895));
#4123=CARTESIAN_POINT('Ctrl Pts',(41.472589510603,-50.3953039701375,153.895));
#4124=CARTESIAN_POINT('Ctrl Pts',(41.9718233422917,-50.1520906818759,153.895));
#4125=CARTESIAN_POINT('Ctrl Pts',(42.450386868941,-49.8965295951903,153.895));
#4126=CARTESIAN_POINT('Ctrl Pts',(42.7724625222907,-49.7245357022556,153.895));
#4127=CARTESIAN_POINT('Ctrl Pts',(43.0851766246803,-49.5469479545139,153.895));
#4128=CARTESIAN_POINT('Ctrl Pts',(43.3889383829605,-49.3635498529147,153.895));
#4129=CARTESIAN_POINT('Ctrl Pts',(43.5259287260658,-49.2808410583476,153.895));
#4130=CARTESIAN_POINT('Ctrl Pts',(43.6610986177624,-49.196950101307,153.895));
#4131=CARTESIAN_POINT('Ctrl Pts',(43.7944780816181,-49.1118611941809,153.895));
#4132=CARTESIAN_POINT('Ctrl Pts',(44.0926888538943,-48.9216187987424,153.895));
#4133=CARTESIAN_POINT('Ctrl Pts',(44.3819731252506,-48.7253780098963,153.895));
#4134=CARTESIAN_POINT('Ctrl Pts',(44.6628580234046,-48.5228088264914,153.895));
#4135=CARTESIAN_POINT('Ctrl Pts',(44.9442776202254,-48.319854027936,153.895));
#4136=CARTESIAN_POINT('Ctrl Pts',(45.2172656633582,-48.1105468952219,153.895));
#4137=CARTESIAN_POINT('Ctrl Pts',(45.482310915446,-47.8945233367403,153.895));
#4138=CARTESIAN_POINT('Ctrl Pts',(45.7471601335148,-47.6786595546216,153.895));
#4139=CARTESIAN_POINT('Ctrl Pts',(46.004078126696,-47.4560894591499,153.895));
#4140=CARTESIAN_POINT('Ctrl Pts',(46.2535139507335,-47.2264149798728,153.895));
#4141=CARTESIAN_POINT('Ctrl Pts',(46.5020667420601,-46.9975535757778,153.895));
#4142=CARTESIAN_POINT('Ctrl Pts',(46.7431900644509,-46.7616381797453,153.895));
#4143=CARTESIAN_POINT('Ctrl Pts',(46.9772925789204,-46.5182377075568,153.895));
#4144=CARTESIAN_POINT('Ctrl Pts',(47.2099186381436,-46.2763723316697,153.895));
#4145=CARTESIAN_POINT('Ctrl Pts',(47.4356119896828,-46.0271161724049,153.895));
#4146=CARTESIAN_POINT('Ctrl Pts',(47.6547410660923,-45.7700068024574,153.895));
#4147=CARTESIAN_POINT('Ctrl Pts',(47.8719278469144,-45.5151763742321,153.895));
#4148=CARTESIAN_POINT('Ctrl Pts',(48.0826660324923,-45.2526315037103,153.895));
#4149=CARTESIAN_POINT('Ctrl Pts',(48.2872848999061,-44.9818805482016,153.895));
#4150=CARTESIAN_POINT('Ctrl Pts',(48.4455776188432,-44.772428187117,153.895));
#4151=CARTESIAN_POINT('Ctrl Pts',(48.6002076079125,-44.5580640758581,153.895));
#4152=CARTESIAN_POINT('Ctrl Pts',(48.7513159750855,-44.3385423157374,153.895));
#4153=CARTESIAN_POINT('Ctrl Pts',(48.8383611434792,-44.2120879774817,153.895));
#4154=CARTESIAN_POINT('Ctrl Pts',(48.9242375617882,-44.0839218880642,153.895));
#4155=CARTESIAN_POINT('Ctrl Pts',(49.0089707809709,-43.9539944879828,153.895));
#4156=CARTESIAN_POINT('Ctrl Pts',(49.0602165787771,-43.8754157046168,153.895));
#4157=CARTESIAN_POINT('Ctrl Pts',(49.1110455300798,-43.7961905465069,153.895));
#4158=CARTESIAN_POINT('Ctrl Pts',(49.1614587441221,-43.7163146398468,153.895));
#4159=CARTESIAN_POINT('Ctrl Pts',(49.4334641601455,-43.285342728333,153.895));
#4160=CARTESIAN_POINT('Ctrl Pts',(49.6932892263146,-42.8355476783605,153.895));
#4161=CARTESIAN_POINT('Ctrl Pts',(49.9414493475806,-42.3658165260954,153.895));
#4162=CARTESIAN_POINT('Ctrl Pts',(50.1538681998224,-41.9637384173433,153.895));
#4163=CARTESIAN_POINT('Ctrl Pts',(50.3577405639356,-41.5470519054991,153.895));
#4164=CARTESIAN_POINT('Ctrl Pts',(50.553386255511,-41.115095644344,153.895));
#4165=CARTESIAN_POINT('Ctrl Pts',(50.6544120469044,-40.892045891604,153.895));
#4166=CARTESIAN_POINT('Ctrl Pts',(50.7532441963813,-40.6649253645563,153.895));
#4167=CARTESIAN_POINT('Ctrl Pts',(50.8499260117312,-40.4336495452196,153.895));
#4168=CARTESIAN_POINT('Ctrl Pts',(50.907823823599,-40.295150243887,153.895));
#4169=CARTESIAN_POINT('Ctrl Pts',(50.9649504715409,-40.1551608690859,153.895));
#4170=CARTESIAN_POINT('Ctrl Pts',(51.0213151521667,-40.013664321469,153.895));
#4171=CARTESIAN_POINT('Ctrl Pts',(51.0676701103889,-39.8972959418287,153.895));
#4172=CARTESIAN_POINT('Ctrl Pts',(51.113508519207,-39.779911581635,153.895));
#4173=CARTESIAN_POINT('Ctrl Pts',(51.1588478666925,-39.6614688471188,153.895));
#4174=CARTESIAN_POINT('Ctrl Pts',(51.2791553483605,-39.3471822968754,153.895));
#4175=CARTESIAN_POINT('Ctrl Pts',(51.3959391983117,-39.025474720808,153.895));
#4176=CARTESIAN_POINT('Ctrl Pts',(51.5093798272197,-38.695849039167,153.895));
#4177=CARTESIAN_POINT('Ctrl Pts',(51.6204878601303,-38.3730012073409,153.895));
#4178=CARTESIAN_POINT('Ctrl Pts',(51.7283885789322,-38.0425577280946,153.895));
#4179=CARTESIAN_POINT('Ctrl Pts',(51.8332329288665,-37.7040055652064,153.895));
#4180=CARTESIAN_POINT('Ctrl Pts',(51.9357023398785,-37.3731223011128,153.895));
#4181=CARTESIAN_POINT('Ctrl Pts',(52.0352521423623,-37.0344937166112,153.895));
#4182=CARTESIAN_POINT('Ctrl Pts',(52.1320075630664,-36.6875939704582,153.895));
#4183=CARTESIAN_POINT('Ctrl Pts',(52.2264338861895,-36.3490447989165,153.895));
#4184=CARTESIAN_POINT('Ctrl Pts',(52.3181986302879,-36.0026180398492,153.895));
#4185=CARTESIAN_POINT('Ctrl Pts',(52.4074048803855,-35.6477773832472,153.895));
#4186=CARTESIAN_POINT('Ctrl Pts',(52.4507847932908,-35.4752226938411,153.895));
#4187=CARTESIAN_POINT('Ctrl Pts',(52.4935594914941,-35.300677582015,153.895));
#4188=CARTESIAN_POINT('Ctrl Pts',(52.5357397598556,-35.1240759660649,153.895));
#4189=CARTESIAN_POINT('Ctrl Pts',(52.5681167138115,-34.9885191616567,153.895));
#4190=CARTESIAN_POINT('Ctrl Pts',(52.6001427088136,-34.8517534173358,153.895));
#4191=CARTESIAN_POINT('Ctrl Pts',(52.6318188154748,-34.7137640012929,153.895));
#4192=CARTESIAN_POINT('Ctrl Pts',(52.7393384427094,-34.2453803475201,153.895));
#4193=CARTESIAN_POINT('Ctrl Pts',(52.8428342689905,-33.7628751165011,153.895));
#4194=CARTESIAN_POINT('Ctrl Pts',(52.9424131616346,-33.2653312463358,153.895));
#4195=CARTESIAN_POINT('Ctrl Pts',(53.0319510676626,-32.8179569573808,153.895));
#4196=CARTESIAN_POINT('Ctrl Pts',(53.1183219358979,-32.3584232011236,153.895));
#4197=CARTESIAN_POINT('Ctrl Pts',(53.2015945148426,-31.8860284163455,153.895));
#4198=CARTESIAN_POINT('Ctrl Pts',(53.2453503546343,-31.6378070836673,153.895));
#4199=CARTESIAN_POINT('Ctrl Pts',(53.2882506155257,-31.3860342646944,153.895));
#4200=CARTESIAN_POINT('Ctrl Pts',(53.330304379709,-31.1306046823796,153.895));
#4201=CARTESIAN_POINT('Ctrl Pts',(53.3576185997986,-30.9647013449679,153.895));
#4202=CARTESIAN_POINT('Ctrl Pts',(53.3845757048478,-30.7972553186641,153.895));
#4203=CARTESIAN_POINT('Ctrl Pts',(53.4111780496099,-30.6282372384709,153.895));
#4204=CARTESIAN_POINT('Ctrl Pts',(53.4353584705324,-30.4746068589265,153.895));
#4205=CARTESIAN_POINT('Ctrl Pts',(53.4592443446089,-30.3196867145071,153.895));
#4206=CARTESIAN_POINT('Ctrl Pts',(53.4828366699311,-30.1634604670464,153.895));
#4207=CARTESIAN_POINT('Ctrl Pts',(53.5810334123518,-29.5132105077149,153.895));
#4208=CARTESIAN_POINT('Ctrl Pts',(53.6741471082101,-28.8403188351942,153.895));
#4209=CARTESIAN_POINT('Ctrl Pts',(53.7622672603421,-28.1434812634621,153.895));
#4210=CARTESIAN_POINT('Ctrl Pts',(53.8361738834374,-27.5590416032194,153.895));
#4211=CARTESIAN_POINT('Ctrl Pts',(53.906567718866,-26.9577570449774,153.895));
#4212=CARTESIAN_POINT('Ctrl Pts',(53.9734978310243,-26.3388941873969,153.895));
#4213=CARTESIAN_POINT('Ctrl Pts',(54.0335089734426,-25.7840069193792,153.895));
#4214=CARTESIAN_POINT('Ctrl Pts',(54.0907354148922,-25.2149873039745,153.895));
#4215=CARTESIAN_POINT('Ctrl Pts',(54.1452110830751,-24.63134703483,153.895));
#4216=CARTESIAN_POINT('Ctrl Pts',(54.1953867909097,-24.0937755905139,153.895));
#4217=CARTESIAN_POINT('Ctrl Pts',(54.243228786504,-23.5438000941934,153.895));
#4218=CARTESIAN_POINT('Ctrl Pts',(54.2887632760755,-22.9810817583281,153.895));
#4219=CARTESIAN_POINT('Ctrl Pts',(54.3152284203521,-22.6540236956182,153.895));
#4220=CARTESIAN_POINT('Ctrl Pts',(54.340914072916,-22.3226618570267,153.895));
#4221=CARTESIAN_POINT('Ctrl Pts',(54.3658254392428,-21.9869381647846,153.895));
#4222=CARTESIAN_POINT('Ctrl Pts',(54.3822526333925,-21.7655533478796,153.895));
#4223=CARTESIAN_POINT('Ctrl Pts',(54.3983431364178,-21.5422719458527,153.895));
#4224=CARTESIAN_POINT('Ctrl Pts',(54.4140984667614,-21.317079079742,153.895));
#4225=CARTESIAN_POINT('Ctrl Pts',(54.4266261244261,-21.1380197345159,153.895));
#4226=CARTESIAN_POINT('Ctrl Pts',(54.4389413240474,-20.9577597432989,153.895));
#4227=CARTESIAN_POINT('Ctrl Pts',(54.4510449607329,-20.776291663374,153.895));
#4228=CARTESIAN_POINT('Ctrl Pts',(54.5137800227115,-19.8357139232261,153.895));
#4229=CARTESIAN_POINT('Ctrl Pts',(54.5708382898243,-18.8626178213638,153.895));
#4230=CARTESIAN_POINT('Ctrl Pts',(54.6223955157281,-17.8549615372852,153.895));
#4231=CARTESIAN_POINT('Ctrl Pts',(54.6651786607603,-17.0187896100996,153.895));
#4232=CARTESIAN_POINT('Ctrl Pts',(54.7041730267002,-16.1588181664598,153.895));
#4233=CARTESIAN_POINT('Ctrl Pts',(54.7394643036096,-15.2739099212256,153.895));
#4234=CARTESIAN_POINT('Ctrl Pts',(54.7708236376714,-14.487592856313,153.895));
#4235=CARTESIAN_POINT('Ctrl Pts',(54.7992587865154,-13.6815853216987,153.895));
#4236=CARTESIAN_POINT('Ctrl Pts',(54.8248230901697,-12.8551280678688,153.895));
#4237=CARTESIAN_POINT('Ctrl Pts',(54.8482744827121,-12.0969781983759,153.895));
#4238=CARTESIAN_POINT('Ctrl Pts',(54.869309830381,-11.3216187495029,153.895));
#4239=CARTESIAN_POINT('Ctrl Pts',(54.8879669480285,-10.5285067296248,153.895));
#4240=CARTESIAN_POINT('Ctrl Pts',(54.9053817973538,-9.78820339953224,153.895));
#4241=CARTESIAN_POINT('Ctrl Pts',(54.9207244893356,-9.03243243827211,153.895));
#4242=CARTESIAN_POINT('Ctrl Pts',(54.9340242631806,-8.26079823418954,153.895));
#4243=CARTESIAN_POINT('Ctrl Pts',(54.9462496156754,-7.55150044823073,153.895));
#4244=CARTESIAN_POINT('Ctrl Pts',(54.9567487346015,-6.82879878177152,153.895));
#4245=CARTESIAN_POINT('Ctrl Pts',(54.9655439793483,-6.09242973065451,153.895));
#4246=CARTESIAN_POINT('Ctrl Pts',(54.9739915920186,-5.38516566862627,153.895));
#4247=CARTESIAN_POINT('Ctrl Pts',(54.9808673189662,-4.66529291192456,153.895));
#4248=CARTESIAN_POINT('Ctrl Pts',(54.9861913093595,-3.93262405671398,153.895));
#4249=CARTESIAN_POINT('Ctrl Pts',(54.9912183963719,-3.24081400178523,153.895));
#4250=CARTESIAN_POINT('Ctrl Pts',(54.9948619640073,-2.53759510513883,153.895));
#4251=CARTESIAN_POINT('Ctrl Pts',(54.997139765447,-1.8228548969186,153.895));
#4252=CARTESIAN_POINT('Ctrl Pts',(54.9990503105513,-1.2233542636158,153.895));
#4253=CARTESIAN_POINT('Ctrl Pts',(55.,-0.615748614998265,153.895));
#4254=CARTESIAN_POINT('Ctrl Pts',(55.,-9.9475983006414E-14,153.895));
#4255=CARTESIAN_POINT('Ctrl Pts',(54.5999996836463,-0.0193906560615927,
154.295));
#4256=CARTESIAN_POINT('Ctrl Pts',(54.600278397337,8.5237298142271,154.295));
#4257=CARTESIAN_POINT('Ctrl Pts',(54.2326576958144,22.3652833261642,154.295));
#4258=CARTESIAN_POINT('Ctrl Pts',(52.6713233408916,33.9334200150996,154.295));
#4259=CARTESIAN_POINT('Ctrl Pts',(50.7090626344066,40.0625258872127,154.295));
#4260=CARTESIAN_POINT('Ctrl Pts',(48.152108388466,44.9791519546028,154.295));
#4261=CARTESIAN_POINT('Ctrl Pts',(44.9275239502382,48.2439360115118,154.295));
#4262=CARTESIAN_POINT('Ctrl Pts',(39.897303328994,50.7751563683346,154.295));
#4263=CARTESIAN_POINT('Ctrl Pts',(35.5676103171336,52.1012222571256,154.295));
#4264=CARTESIAN_POINT('Ctrl Pts',(29.7210714104152,53.2406305758935,154.295));
#4265=CARTESIAN_POINT('Ctrl Pts',(19.866015040249,54.3015991197885,154.295));
#4266=CARTESIAN_POINT('Ctrl Pts',(8.56453680039231,54.6002783657978,154.295));
#4267=CARTESIAN_POINT('Ctrl Pts',(-0.0194834884030138,54.5999996836804,
154.295));
#4268=CARTESIAN_POINT('Ctrl Pts',(54.733591694626,-0.0193949823765158,154.161407988907));
#4269=CARTESIAN_POINT('Ctrl Pts',(54.7338705083921,8.52563070030502,154.161407988907));
#4270=CARTESIAN_POINT('Ctrl Pts',(54.3661179132458,22.372574463302,154.161407988907));
#4271=CARTESIAN_POINT('Ctrl Pts',(52.8034967103212,33.9577100307215,154.161407988907));
#4272=CARTESIAN_POINT('Ctrl Pts',(50.8341154329474,40.1112742155027,154.161407988907));
#4273=CARTESIAN_POINT('Ctrl Pts',(48.2617581568881,45.0592718158582,154.161407988907));
#4274=CARTESIAN_POINT('Ctrl Pts',(45.0071734275723,48.3547757022845,154.161407988907));
#4275=CARTESIAN_POINT('Ctrl Pts',(39.9450845522546,50.9004242667606,154.161407988907));
#4276=CARTESIAN_POINT('Ctrl Pts',(35.5991051324122,52.2313125485186,154.161407988907));
#4277=CARTESIAN_POINT('Ctrl Pts',(29.7391405896737,53.3731612460452,154.161407988907));
#4278=CARTESIAN_POINT('Ctrl Pts',(19.8723384869276,54.4351973646174,154.161407988907));
#4279=CARTESIAN_POINT('Ctrl Pts',(8.56644677525443,54.7338703712683,154.161407988907));
#4280=CARTESIAN_POINT('Ctrl Pts',(-0.0194878354168564,54.7335916947802,
154.161407988907));
#4281=CARTESIAN_POINT('Ctrl Pts',(54.8671837056059,-0.0193993086914388,
154.027815977813));
#4282=CARTESIAN_POINT('Ctrl Pts',(54.8674626194473,8.5275315863829,154.027815977813));
#4283=CARTESIAN_POINT('Ctrl Pts',(54.4995781306772,22.3798656004399,154.027815977813));
#4284=CARTESIAN_POINT('Ctrl Pts',(52.9356700797507,33.9820000463433,154.027815977814));
#4285=CARTESIAN_POINT('Ctrl Pts',(50.9591682314883,40.160022543793,154.027815977813));
#4286=CARTESIAN_POINT('Ctrl Pts',(48.3714079253102,45.1393916771137,154.027815977813));
#4287=CARTESIAN_POINT('Ctrl Pts',(45.0868229049066,48.4656153930573,154.027815977813));
#4288=CARTESIAN_POINT('Ctrl Pts',(39.9928657755151,51.0256921651866,154.027815977813));
#4289=CARTESIAN_POINT('Ctrl Pts',(35.6305999476908,52.3614028399115,154.027815977813));
#4290=CARTESIAN_POINT('Ctrl Pts',(29.7572097689324,53.5056919161969,154.027815977813));
#4291=CARTESIAN_POINT('Ctrl Pts',(19.8786619336061,54.5687956094465,154.027815977813));
#4292=CARTESIAN_POINT('Ctrl Pts',(8.56835675011657,54.8674623767389,154.027815977813));
#4293=CARTESIAN_POINT('Ctrl Pts',(-0.0194921824306991,54.86718370588,154.027815977813));
#4294=CARTESIAN_POINT('Ctrl Pts',(55.0007757165857,-0.0194036350063619,
153.89422396672));
#4295=CARTESIAN_POINT('Ctrl Pts',(55.0010547305024,8.5294324724608,153.89422396672));
#4296=CARTESIAN_POINT('Ctrl Pts',(54.6330383481086,22.3871567375777,153.89422396672));
#4297=CARTESIAN_POINT('Ctrl Pts',(53.0678434491803,34.0062900619652,153.89422396672));
#4298=CARTESIAN_POINT('Ctrl Pts',(51.0842210300291,40.208770872083,153.89422396672));
#4299=CARTESIAN_POINT('Ctrl Pts',(48.4810576937322,45.2195115383692,153.89422396672));
#4300=CARTESIAN_POINT('Ctrl Pts',(45.1664723822408,48.57645508383,153.89422396672));
#4301=CARTESIAN_POINT('Ctrl Pts',(40.0406469987757,51.1509600636126,153.89422396672));
#4302=CARTESIAN_POINT('Ctrl Pts',(35.6620947629695,52.4914931313046,153.89422396672));
#4303=CARTESIAN_POINT('Ctrl Pts',(29.7752789481909,53.6382225863485,153.89422396672));
#4304=CARTESIAN_POINT('Ctrl Pts',(19.8849853802847,54.7023938542756,153.89422396672));
#4305=CARTESIAN_POINT('Ctrl Pts',(8.57026672497868,55.0010543822094,153.89422396672));
#4306=CARTESIAN_POINT('Ctrl Pts',(-0.0194965294445417,55.0007757169797,
153.89422396672));
#4307=CARTESIAN_POINT('Ctrl Pts',(-6.66133814775094E-15,54.6,154.295));
#4308=CARTESIAN_POINT('Ctrl Pts',(8.57506431477333,54.6,154.295));
#4309=CARTESIAN_POINT('Ctrl Pts',(19.8697450544498,54.3011975566125,154.295));
#4310=CARTESIAN_POINT('Ctrl Pts',(29.7210714104152,53.2406305758935,154.295));
#4311=CARTESIAN_POINT('Ctrl Pts',(35.5676103171336,52.1012222571256,154.295));
#4312=CARTESIAN_POINT('Ctrl Pts',(39.897303328994,50.7751563683346,154.295));
#4313=CARTESIAN_POINT('Ctrl Pts',(44.9275239502382,48.2439360115118,154.295));
#4314=CARTESIAN_POINT('Ctrl Pts',(48.152108388466,44.9791519546028,154.295));
#4315=CARTESIAN_POINT('Ctrl Pts',(50.7090626344066,40.0625258872127,154.295));
#4316=CARTESIAN_POINT('Ctrl Pts',(52.6713233408916,33.9334200150996,154.295));
#4317=CARTESIAN_POINT('Ctrl Pts',(54.2322074111928,22.3686195456198,154.295));
#4318=CARTESIAN_POINT('Ctrl Pts',(54.6,8.53420680000921,154.295));
#4319=CARTESIAN_POINT('Ctrl Pts',(54.6,-2.22044604925031E-14,154.295));
#4320=CARTESIAN_POINT('Ctrl Pts',(55.,-2.95981661418161E-15,153.895));
#4321=CARTESIAN_POINT('Ctrl Pts',(55.,0.697880460919953,153.895));
#4322=CARTESIAN_POINT('Ctrl Pts',(54.998780001616,1.38529401891111,153.895));
#4323=CARTESIAN_POINT('Ctrl Pts',(54.9963241220066,2.06226653120252,153.895));
#4324=CARTESIAN_POINT('Ctrl Pts',(54.9937646489019,2.7677949827153,153.895));
#4325=CARTESIAN_POINT('Ctrl Pts',(54.9898628561867,3.46198320749549,153.895));
#4326=CARTESIAN_POINT('Ctrl Pts',(54.9846024649273,4.14491743990428,153.895));
#4327=CARTESIAN_POINT('Ctrl Pts',(54.979094978641,4.85993096911847,153.895));
#4328=CARTESIAN_POINT('Ctrl Pts',(54.9720982920773,5.56260868406987,153.895));
#4329=CARTESIAN_POINT('Ctrl Pts',(54.9635951224474,6.2531067307599,153.895));
#4330=CARTESIAN_POINT('Ctrl Pts',(54.9546410493226,6.98022029801483,153.895));
#4331=CARTESIAN_POINT('Ctrl Pts',(54.9440165255652,7.69382853831375,153.895));
#4332=CARTESIAN_POINT('Ctrl Pts',(54.9317023399065,8.39417121662672,153.895));
#4333=CARTESIAN_POINT('Ctrl Pts',(54.918075214897,9.16918448110651,153.895));
#4334=CARTESIAN_POINT('Ctrl Pts',(54.9023789766102,9.9279526205789,153.895));
#4335=CARTESIAN_POINT('Ctrl Pts',(54.8845879528124,10.6708673320959,153.895));
#4336=CARTESIAN_POINT('Ctrl Pts',(54.8655090216814,11.4675622709832,153.895));
#4337=CARTESIAN_POINT('Ctrl Pts',(54.8440211387187,12.2460259889122,153.895));
#4338=CARTESIAN_POINT('Ctrl Pts',(54.8200917508428,13.0068096092204,153.895));
#4339=CARTESIAN_POINT('Ctrl Pts',(54.7937167604037,13.8453459234747,153.895));
#4340=CARTESIAN_POINT('Ctrl Pts',(54.7643758891907,14.6624042794239,153.895));
#4341=CARTESIAN_POINT('Ctrl Pts',(54.73202228684,15.4587929229011,153.895));
#4342=CARTESIAN_POINT('Ctrl Pts',(54.6949609335581,16.371063542591,153.895));
#4343=CARTESIAN_POINT('Ctrl Pts',(54.6539466911468,17.2562125554662,153.895));
#4344=CARTESIAN_POINT('Ctrl Pts',(54.60890033819,18.1155296368811,153.895));
#4345=CARTESIAN_POINT('Ctrl Pts',(54.5704629881949,18.8487714921507,153.895));
#4346=CARTESIAN_POINT('Ctrl Pts',(54.5290898042482,19.5632073860516,153.895));
#4347=CARTESIAN_POINT('Ctrl Pts',(54.4847242721076,20.2596621640578,153.895));
#4348=CARTESIAN_POINT('Ctrl Pts',(54.4698150298446,20.4937090132568,153.895));
#4349=CARTESIAN_POINT('Ctrl Pts',(54.4545677900828,20.725725308595,153.895));
#4350=CARTESIAN_POINT('Ctrl Pts',(54.4389802052323,20.9557425706421,153.895));
#4351=CARTESIAN_POINT('Ctrl Pts',(54.4294794333755,21.0959401413888,153.895));
#4352=CARTESIAN_POINT('Ctrl Pts',(54.419851983839,21.2353982436204,153.895));
#4353=CARTESIAN_POINT('Ctrl Pts',(54.4100991520141,21.3740983412404,153.895));
#4354=CARTESIAN_POINT('Ctrl Pts',(54.3546326592543,22.1629162044538,153.895));
#4355=CARTESIAN_POINT('Ctrl Pts',(54.2951007334754,22.9273730383791,153.895));
#4356=CARTESIAN_POINT('Ctrl Pts',(54.231433295575,23.6686521654089,153.895));
#4357=CARTESIAN_POINT('Ctrl Pts',(54.1492581099979,24.6254167508369,153.895));
#4358=CARTESIAN_POINT('Ctrl Pts',(54.0601949701325,25.5435725012893,153.895));
#4359=CARTESIAN_POINT('Ctrl Pts',(53.9640688407671,26.4257519009392,153.895));
#4360=CARTESIAN_POINT('Ctrl Pts',(53.8697723769195,27.2911398908158,153.895));
#4361=CARTESIAN_POINT('Ctrl Pts',(53.7686796304668,28.1219136790754,153.895));
#4362=CARTESIAN_POINT('Ctrl Pts',(53.6605921507765,28.9205569902348,153.895));
#4363=CARTESIAN_POINT('Ctrl Pts',(53.5693569305848,29.5946813065485,153.895));
#4364=CARTESIAN_POINT('Ctrl Pts',(53.4731376474526,30.2459141230038,153.895));
#4365=CARTESIAN_POINT('Ctrl Pts',(53.3717931036773,30.8757121142715,153.895));
#4366=CARTESIAN_POINT('Ctrl Pts',(53.2764997619093,31.4679053689952,153.895));
#4367=CARTESIAN_POINT('Ctrl Pts',(53.1766748778572,32.0411474642903,153.895));
#4368=CARTESIAN_POINT('Ctrl Pts',(53.0721827617478,32.5966057807297,153.895));
#4369=CARTESIAN_POINT('Ctrl Pts',(52.9709644094006,33.1346614511559,153.895));
#4370=CARTESIAN_POINT('Ctrl Pts',(52.865366705936,33.6560304141816,153.895));
#4371=CARTESIAN_POINT('Ctrl Pts',(52.7552488250845,34.1617274893368,153.895));
#4372=CARTESIAN_POINT('Ctrl Pts',(52.677169293802,34.5202940572162,153.895));
#4373=CARTESIAN_POINT('Ctrl Pts',(52.5968169182329,34.8709801855382,153.895));
#4374=CARTESIAN_POINT('Ctrl Pts',(52.5141359305321,35.2141320556653,153.895));
#4375=CARTESIAN_POINT('Ctrl Pts',(52.4105487564061,35.6440511157904,153.895));
#4376=CARTESIAN_POINT('Ctrl Pts',(52.3033052162681,36.0621549323181,153.895));
#4377=CARTESIAN_POINT('Ctrl Pts',(52.1922657071705,36.4691531354516,153.895));
#4378=CARTESIAN_POINT('Ctrl Pts',(52.0801028716771,36.8802687183209,153.895));
#4379=CARTESIAN_POINT('Ctrl Pts',(51.9640669936145,37.2800527493429,153.895));
#4380=CARTESIAN_POINT('Ctrl Pts',(51.8439962337422,37.6691865348721,153.895));
#4381=CARTESIAN_POINT('Ctrl Pts',(51.7227632160334,38.0620870475557,153.895));
#4382=CARTESIAN_POINT('Ctrl Pts',(51.597416963062,38.4441300165636,153.895));
#4383=CARTESIAN_POINT('Ctrl Pts',(51.4677707357736,38.8159676010106,153.895));
#4384=CARTESIAN_POINT('Ctrl Pts',(51.3370027684645,39.1910224414352,153.895));
#4385=CARTESIAN_POINT('Ctrl Pts',(51.2018602545734,39.5556944023619,153.895));
#4386=CARTESIAN_POINT('Ctrl Pts',(51.0621289158679,39.9106048676015,153.895));
#4387=CARTESIAN_POINT('Ctrl Pts',(50.9798043440749,40.1197050762334,153.895));
#4388=CARTESIAN_POINT('Ctrl Pts',(50.8958864918133,40.3254160469926,153.895));
#4389=CARTESIAN_POINT('Ctrl Pts',(50.8103275517923,40.5278574710135,153.895));
#4390=CARTESIAN_POINT('Ctrl Pts',(50.7499873932357,40.6706286135832,153.895));
#4391=CARTESIAN_POINT('Ctrl Pts',(50.6888320088579,40.8117711919495,153.895));
#4392=CARTESIAN_POINT('Ctrl Pts',(50.6268367593318,40.9513408110774,153.895));
#4393=CARTESIAN_POINT('Ctrl Pts',(50.3953039715058,41.4725895077041,153.895));
#4394=CARTESIAN_POINT('Ctrl Pts',(50.152090683311,41.9718233394323,153.895));
#4395=CARTESIAN_POINT('Ctrl Pts',(49.8965295966958,42.450386866122,153.895));
#4396=CARTESIAN_POINT('Ctrl Pts',(49.724535703778,42.7724625195557,153.895));
#4397=CARTESIAN_POINT('Ctrl Pts',(49.5469479560527,43.0851766220264,153.895));
#4398=CARTESIAN_POINT('Ctrl Pts',(49.3635498544696,43.388938380385,153.895));
#4399=CARTESIAN_POINT('Ctrl Pts',(49.2808410596842,43.5259287238993,153.895));
#4400=CARTESIAN_POINT('Ctrl Pts',(49.1969501024187,43.6610986159944,153.895));
#4401=CARTESIAN_POINT('Ctrl Pts',(49.1118611950611,43.7944780802383,153.895));
#4402=CARTESIAN_POINT('Ctrl Pts',(48.9216187996425,44.0926888525399,153.895));
#4403=CARTESIAN_POINT('Ctrl Pts',(48.7253780108169,44.3819731239209,153.895));
#4404=CARTESIAN_POINT('Ctrl Pts',(48.5228088274331,44.6628580220989,153.895));
#4405=CARTESIAN_POINT('Ctrl Pts',(48.3198540288977,44.9442776189453,153.895));
#4406=CARTESIAN_POINT('Ctrl Pts',(48.1105468962042,45.2172656621028,153.895));
#4407=CARTESIAN_POINT('Ctrl Pts',(47.8945233377438,45.4823109142148,153.895));
#4408=CARTESIAN_POINT('Ctrl Pts',(47.6786595556449,45.7471601323094,153.895));
#4409=CARTESIAN_POINT('Ctrl Pts',(47.4560894601933,46.0040781255158,153.895));
#4410=CARTESIAN_POINT('Ctrl Pts',(47.226414980937,46.2535139495777,153.895));
#4411=CARTESIAN_POINT('Ctrl Pts',(46.997553576862,46.5020667409295,153.895));
#4412=CARTESIAN_POINT('Ctrl Pts',(46.7616381808499,46.7431900633446,153.895));
#4413=CARTESIAN_POINT('Ctrl Pts',(46.5182377086823,46.9772925778378,153.895));
#4414=CARTESIAN_POINT('Ctrl Pts',(46.2763723328155,47.2099186370852,153.895));
#4415=CARTESIAN_POINT('Ctrl Pts',(46.0271161735714,47.4356119886477,153.895));
#4416=CARTESIAN_POINT('Ctrl Pts',(45.7700068036453,47.6547410650799,153.895));
#4417=CARTESIAN_POINT('Ctrl Pts',(45.5151763754389,47.8719278459264,153.895));
#4418=CARTESIAN_POINT('Ctrl Pts',(45.2526315049365,48.0826660315278,153.895));
#4419=CARTESIAN_POINT('Ctrl Pts',(44.9818805494476,48.2872848989644,153.895));
#4420=CARTESIAN_POINT('Ctrl Pts',(44.7724281883695,48.4455776179258,153.895));
#4421=CARTESIAN_POINT('Ctrl Pts',(44.5580640771169,48.6002076070188,153.895));
#4422=CARTESIAN_POINT('Ctrl Pts',(44.3385423170024,48.7513159742148,153.895));
#4423=CARTESIAN_POINT('Ctrl Pts',(44.2120879788192,48.8383611425742,153.895));
#4424=CARTESIAN_POINT('Ctrl Pts',(44.0839218894761,48.92423756085,153.895));
#4425=CARTESIAN_POINT('Ctrl Pts',(43.9539944894709,49.0089707800004,153.895));
#4426=CARTESIAN_POINT('Ctrl Pts',(43.8754157063101,49.0602165776833,153.895));
#4427=CARTESIAN_POINT('Ctrl Pts',(43.7961905484089,49.1110455288648,153.895));
#4428=CARTESIAN_POINT('Ctrl Pts',(43.7163146419605,49.161458742788,153.895));
#4429=CARTESIAN_POINT('Ctrl Pts',(43.2853427304641,49.4334641588791,153.895));
#4430=CARTESIAN_POINT('Ctrl Pts',(42.835547680507,49.6932892251125,153.895));
#4431=CARTESIAN_POINT('Ctrl Pts',(42.3658165282549,49.9414493464397,153.895));
#4432=CARTESIAN_POINT('Ctrl Pts',(41.9637384194433,50.1538681987712,153.895));
#4433=CARTESIAN_POINT('Ctrl Pts',(41.5470519075328,50.3577405629687,153.895));
#4434=CARTESIAN_POINT('Ctrl Pts',(41.1150956463038,50.5533862546233,153.895));
#4435=CARTESIAN_POINT('Ctrl Pts',(40.8920458935671,50.6544120460389,153.895));
#4436=CARTESIAN_POINT('Ctrl Pts',(40.6649253665223,50.7532441955374,153.895));
#4437=CARTESIAN_POINT('Ctrl Pts',(40.433649547188,50.8499260109084,153.895));
#4438=CARTESIAN_POINT('Ctrl Pts',(40.2951502459515,50.9078238227492,153.895));
#4439=CARTESIAN_POINT('Ctrl Pts',(40.1551608712485,50.9649504706649,153.895));
#4440=CARTESIAN_POINT('Ctrl Pts',(40.0136643237315,51.0213151512654,153.895));
#4441=CARTESIAN_POINT('Ctrl Pts',(39.8972959427993,51.0676701100142,153.895));
#4442=CARTESIAN_POINT('Ctrl Pts',(39.7799115812912,51.1135085193472,153.895));
#4443=CARTESIAN_POINT('Ctrl Pts',(39.6614688454367,51.1588478673364,153.895));
#4444=CARTESIAN_POINT('Ctrl Pts',(39.3471822951786,51.2791553489873,153.895));
#4445=CARTESIAN_POINT('Ctrl Pts',(39.0254747190962,51.395939198922,153.895));
#4446=CARTESIAN_POINT('Ctrl Pts',(38.69584903744,51.509379827814,153.895));
#4447=CARTESIAN_POINT('Ctrl Pts',(38.3730012055993,51.6204878607089,153.895));
#4448=CARTESIAN_POINT('Ctrl Pts',(38.042557726338,51.7283885794956,153.895));
#4449=CARTESIAN_POINT('Ctrl Pts',(37.7040055634345,51.8332329294152,153.895));
#4450=CARTESIAN_POINT('Ctrl Pts',(37.3731222993259,51.9357023404129,153.895));
#4451=CARTESIAN_POINT('Ctrl Pts',(37.034493714809,52.0352521428828,153.895));
#4452=CARTESIAN_POINT('Ctrl Pts',(36.6875939686404,52.1320075635734,153.895));
#4453=CARTESIAN_POINT('Ctrl Pts',(36.3490447970844,52.2264338866831,153.895));
#4454=CARTESIAN_POINT('Ctrl Pts',(36.0026180380027,52.3181986307684,153.895));
#4455=CARTESIAN_POINT('Ctrl Pts',(35.6477773813858,52.4074048808534,153.895));
#4456=CARTESIAN_POINT('Ctrl Pts',(35.4752226913427,52.450784793911,153.895));
#4457=CARTESIAN_POINT('Ctrl Pts',(35.3006775788649,52.4935594922621,153.895));
#4458=CARTESIAN_POINT('Ctrl Pts',(35.1240759622478,52.5357397607672,153.895));
#4459=CARTESIAN_POINT('Ctrl Pts',(34.9885191571502,52.5681167148758,153.895));
#4460=CARTESIAN_POINT('Ctrl Pts',(34.8517534121279,52.6001427100271,153.895));
#4461=CARTESIAN_POINT('Ctrl Pts',(34.7137639953712,52.6318188168341,153.895));
#4462=CARTESIAN_POINT('Ctrl Pts',(34.2453803414563,52.7393384440401,153.895));
#4463=CARTESIAN_POINT('Ctrl Pts',(33.7628751102901,52.8428342702926,153.895));
#4464=CARTESIAN_POINT('Ctrl Pts',(33.2653312399721,52.9424131629083,153.895));
#4465=CARTESIAN_POINT('Ctrl Pts',(32.8179569510343,53.0319510688796,153.895));
#4466=CARTESIAN_POINT('Ctrl Pts',(32.3584231947983,53.1183219370606,153.895));
#4467=CARTESIAN_POINT('Ctrl Pts',(31.8860284100459,53.201594515953,153.895));
#4468=CARTESIAN_POINT('Ctrl Pts',(31.6378070770225,53.2453503557805,153.895));
#4469=CARTESIAN_POINT('Ctrl Pts',(31.3860342576955,53.2882506167058,153.895));
#4470=CARTESIAN_POINT('Ctrl Pts',(31.1306046750172,53.3303043809211,153.895));
#4471=CARTESIAN_POINT('Ctrl Pts',(30.9647013323569,53.3576186018567,153.895));
#4472=CARTESIAN_POINT('Ctrl Pts',(30.7972553007074,53.3845757077296,153.895));
#4473=CARTESIAN_POINT('Ctrl Pts',(30.6282372150685,53.4111780532933,153.895));
#4474=CARTESIAN_POINT('Ctrl Pts',(30.4746068430538,53.4353584729801,153.895));
#4475=CARTESIAN_POINT('Ctrl Pts',(30.3196867062938,53.4592443458501,153.895));
#4476=CARTESIAN_POINT('Ctrl Pts',(30.1634604666219,53.4828366699952,153.895));
#4477=CARTESIAN_POINT('Ctrl Pts',(29.5132105073204,53.5810334124077,153.895));
#4478=CARTESIAN_POINT('Ctrl Pts',(28.8403188348324,53.6741471082583,153.895));
#4479=CARTESIAN_POINT('Ctrl Pts',(28.1434812631357,53.7622672603834,153.895));
#4480=CARTESIAN_POINT('Ctrl Pts',(27.5590416028942,53.8361738834764,153.895));
#4481=CARTESIAN_POINT('Ctrl Pts',(26.9577570446537,53.9065677189029,153.895));
#4482=CARTESIAN_POINT('Ctrl Pts',(26.338894187075,53.9734978310592,153.895));
#4483=CARTESIAN_POINT('Ctrl Pts',(25.7840069190637,54.0335089734751,153.895));
#4484=CARTESIAN_POINT('Ctrl Pts',(25.2149873036659,54.0907354149224,153.895));
#4485=CARTESIAN_POINT('Ctrl Pts',(24.6313470345289,54.1452110831032,153.895));
#4486=CARTESIAN_POINT('Ctrl Pts',(24.0937755902142,54.1953867909364,153.895));
#4487=CARTESIAN_POINT('Ctrl Pts',(23.5438000938953,54.2432287865293,153.895));
#4488=CARTESIAN_POINT('Ctrl Pts',(22.981081758032,54.2887632760995,153.895));
#4489=CARTESIAN_POINT('Ctrl Pts',(22.6540236945494,54.3152284204379,153.895));
#4490=CARTESIAN_POINT('Ctrl Pts',(22.322661855165,54.34091407306,153.895));
#4491=CARTESIAN_POINT('Ctrl Pts',(21.9869381621093,54.3658254394413,153.895));
#4492=CARTESIAN_POINT('Ctrl Pts',(21.7655533431042,54.3822526337429,153.895));
#4493=CARTESIAN_POINT('Ctrl Pts',(21.5422719389415,54.3983431369139,153.895));
#4494=CARTESIAN_POINT('Ctrl Pts',(21.3170790706587,54.414098467397,153.895));
#4495=CARTESIAN_POINT('Ctrl Pts',(21.1380197270005,54.4266261249419,153.895));
#4496=CARTESIAN_POINT('Ctrl Pts',(20.9577597373735,54.4389413244473,153.895));
#4497=CARTESIAN_POINT('Ctrl Pts',(20.7762916590598,54.4510449610207,153.895));
#4498=CARTESIAN_POINT('Ctrl Pts',(19.8357139190991,54.5137800229627,153.895));
#4499=CARTESIAN_POINT('Ctrl Pts',(18.8626178174408,54.5708382900428,153.895));
#4500=CARTESIAN_POINT('Ctrl Pts',(17.8549615335847,54.6223955159175,153.895));
#4501=CARTESIAN_POINT('Ctrl Pts',(17.0187896064954,54.6651786609299,153.895));
#4502=CARTESIAN_POINT('Ctrl Pts',(16.1588181629595,54.7041730268518,153.895));
#4503=CARTESIAN_POINT('Ctrl Pts',(15.2739099178379,54.7394643037446,153.895));
#4504=CARTESIAN_POINT('Ctrl Pts',(14.4875928529715,54.770823637794,153.895));
#4505=CARTESIAN_POINT('Ctrl Pts',(13.6815853184074,54.7992587866264,153.895));
#4506=CARTESIAN_POINT('Ctrl Pts',(12.8551280646321,54.8248230902698,153.895));
#4507=CARTESIAN_POINT('Ctrl Pts',(12.0969781951648,54.848274482803,153.895));
#4508=CARTESIAN_POINT('Ctrl Pts',(11.3216187463199,54.8693098304633,153.895));
#4509=CARTESIAN_POINT('Ctrl Pts',(10.5285067264727,54.8879669481026,153.895));
#4510=CARTESIAN_POINT('Ctrl Pts',(9.78820339639459,54.9053817974207,153.895));
#4511=CARTESIAN_POINT('Ctrl Pts',(9.03243243515068,54.9207244893956,153.895));
#4512=CARTESIAN_POINT('Ctrl Pts',(8.26079823108635,54.9340242632341,153.895));
#4513=CARTESIAN_POINT('Ctrl Pts',(7.5515004451307,54.9462496157232,153.895));
#4514=CARTESIAN_POINT('Ctrl Pts',(6.82879877867582,54.9567487346436,153.895));
#4515=CARTESIAN_POINT('Ctrl Pts',(6.09242972756446,54.9655439793852,153.895));
#4516=CARTESIAN_POINT('Ctrl Pts',(5.38516566552958,54.9739915920506,153.895));
#4517=CARTESIAN_POINT('Ctrl Pts',(4.66529290882204,54.9808673189933,153.895));
#4518=CARTESIAN_POINT('Ctrl Pts',(3.93262405360645,54.986191309382,153.895));
#4519=CARTESIAN_POINT('Ctrl Pts',(3.2408139986685,54.9912183963901,153.895));
#4520=CARTESIAN_POINT('Ctrl Pts',(2.53759510201346,54.9948619640214,153.895));
#4521=CARTESIAN_POINT('Ctrl Pts',(1.82285489378535,54.997139765457,153.895));
#4522=CARTESIAN_POINT('Ctrl Pts',(1.22335426149871,54.9990503105545,153.895));
#4523=CARTESIAN_POINT('Ctrl Pts',(0.615748613925501,55.,153.895));
#4524=CARTESIAN_POINT('Ctrl Pts',(2.8421709430404E-14,55.,153.895));
#4525=CARTESIAN_POINT('Ctrl Pts',(-55.,-1.4103881460833E-14,142.));
#4526=CARTESIAN_POINT('Ctrl Pts',(-55.,-1.4103881460833E-14,159.2374));
#4527=CARTESIAN_POINT('Ctrl Pts',(-55.,-55.,142.));
#4528=CARTESIAN_POINT('Ctrl Pts',(-55.,-55.,159.2374));
#4529=CARTESIAN_POINT('Ctrl Pts',(-2.21265268615263E-14,-55.,142.));
#4530=CARTESIAN_POINT('Ctrl Pts',(-2.21265268615263E-14,-55.,159.2374));
#4531=CARTESIAN_POINT('',(-55.,-1.4103881460833E-14,142.4));
#4532=CARTESIAN_POINT('',(-55.,-1.4103881460833E-14,142.));
#4533=CARTESIAN_POINT('',(1.0736102763321E-14,-55.,142.4));
#4534=CARTESIAN_POINT('Ctrl Pts',(-2.8421709430404E-14,-55.,142.4));
#4535=CARTESIAN_POINT('Ctrl Pts',(-0.525859023777303,-55.,142.4));
#4536=CARTESIAN_POINT('Ctrl Pts',(-1.04061128814979,-54.9993076228629,142.4));
#4537=CARTESIAN_POINT('Ctrl Pts',(-1.54491009863744,-54.9979551879797,142.4));
#4538=CARTESIAN_POINT('Ctrl Pts',(-2.06187239432006,-54.9965687920029,142.4));
#4539=CARTESIAN_POINT('Ctrl Pts',(-2.56784950884051,-54.9944887653464,142.4));
#4540=CARTESIAN_POINT('Ctrl Pts',(-3.06349048184119,-54.9917471553487,142.4));
#4541=CARTESIAN_POINT('Ctrl Pts',(-3.57163969411081,-54.9889363567334,142.4));
#4542=CARTESIAN_POINT('Ctrl Pts',(-4.06892434498071,-54.9854301541066,142.4));
#4543=CARTESIAN_POINT('Ctrl Pts',(-4.55598922668647,-54.9812603204456,142.4));
#4544=CARTESIAN_POINT('Ctrl Pts',(-5.05540763151971,-54.9769847264671,142.4));
#4545=CARTESIAN_POINT('Ctrl Pts',(-5.54408113939165,-54.9720114036648,142.4));
#4546=CARTESIAN_POINT('Ctrl Pts',(-6.02265031291181,-54.9663718483021,142.4));
#4547=CARTESIAN_POINT('Ctrl Pts',(-6.5156525356296,-54.9605622109858,142.4));
#4548=CARTESIAN_POINT('Ctrl Pts',(-6.99793166203974,-54.9540455442832,142.4));
#4549=CARTESIAN_POINT('Ctrl Pts',(-7.47013265128294,-54.9468534875668,142.4));
#4550=CARTESIAN_POINT('Ctrl Pts',(-7.73628731825151,-54.942799706436,142.4));
#4551=CARTESIAN_POINT('Ctrl Pts',(-7.99923684983835,-54.938531346653,142.4));
#4552=CARTESIAN_POINT('Ctrl Pts',(-8.25909714098266,-54.9340535792211,142.4));
#4553=CARTESIAN_POINT('Ctrl Pts',(-8.71912027714135,-54.9261267174141,142.4));
#4554=CARTESIAN_POINT('Ctrl Pts',(-9.16948636594838,-54.917543392348,142.4));
#4555=CARTESIAN_POINT('Ctrl Pts',(-9.61080149166897,-54.9083297215304,142.4));
#4556=CARTESIAN_POINT('Ctrl Pts',(-10.063968425729,-54.8988686115151,142.4));
#4557=CARTESIAN_POINT('Ctrl Pts',(-10.5075915804875,-54.8887428379082,142.4));
#4558=CARTESIAN_POINT('Ctrl Pts',(-10.9422727630589,-54.877977763471,142.4));
#4559=CARTESIAN_POINT('Ctrl Pts',(-11.403728867179,-54.8665495960933,142.4));
#4560=CARTESIAN_POINT('Ctrl Pts',(-11.855107634571,-54.8544009549373,142.4));
#4561=CARTESIAN_POINT('Ctrl Pts',(-12.2970680964048,-54.8415588900527,142.4));
#4562=CARTESIAN_POINT('Ctrl Pts',(-12.7355757421306,-54.8288171537999,142.4));
#4563=CARTESIAN_POINT('Ctrl Pts',(-13.1648111912595,-54.8153927623217,142.4));
#4564=CARTESIAN_POINT('Ctrl Pts',(-13.5853634233327,-54.8013091509722,142.4));
#4565=CARTESIAN_POINT('Ctrl Pts',(-13.8307236082084,-54.7930924368024,142.4));
#4566=CARTESIAN_POINT('Ctrl Pts',(-14.073127183859,-54.7846512811658,142.4));
#4567=CARTESIAN_POINT('Ctrl Pts',(-14.3126833297981,-54.7759899091533,142.4));
#4568=CARTESIAN_POINT('Ctrl Pts',(-14.4362409101526,-54.7715225715936,142.4));
#4569=CARTESIAN_POINT('Ctrl Pts',(-14.5590409102097,-54.7669966457723,142.4));
#4570=CARTESIAN_POINT('Ctrl Pts',(-14.6810977528456,-54.762412680455,142.4));
#4571=CARTESIAN_POINT('Ctrl Pts',(-14.8070137961382,-54.7576837790443,142.4));
#4572=CARTESIAN_POINT('Ctrl Pts',(-14.9321301213688,-54.7528934393205,142.4));
#4573=CARTESIAN_POINT('Ctrl Pts',(-15.0564580544662,-54.7480424461504,142.4));
#4574=CARTESIAN_POINT('Ctrl Pts',(-15.4944878655882,-54.730951519203,142.4));
#4575=CARTESIAN_POINT('Ctrl Pts',(-15.9227504413792,-54.7131073822855,142.4));
#4576=CARTESIAN_POINT('Ctrl Pts',(-16.3418657492135,-54.6945364273409,142.4));
#4577=CARTESIAN_POINT('Ctrl Pts',(-16.7722948889976,-54.6754641576997,142.4));
#4578=CARTESIAN_POINT('Ctrl Pts',(-17.1930760821854,-54.6556252929636,142.4));
#4579=CARTESIAN_POINT('Ctrl Pts',(-17.6048244085434,-54.6350454138018,142.4));
#4580=CARTESIAN_POINT('Ctrl Pts',(-18.0277462631848,-54.6139070627601,142.4));
#4581=CARTESIAN_POINT('Ctrl Pts',(-18.4411381928769,-54.5919869270791,142.4));
#4582=CARTESIAN_POINT('Ctrl Pts',(-18.8456104248402,-54.5693097067515,142.4));
#4583=CARTESIAN_POINT('Ctrl Pts',(-19.2611167473225,-54.5460138469177,142.4));
#4584=CARTESIAN_POINT('Ctrl Pts',(-19.6672099109654,-54.5219190252989,142.4));
#4585=CARTESIAN_POINT('Ctrl Pts',(-20.0644953236955,-54.4970489815944,142.4));
#4586=CARTESIAN_POINT('Ctrl Pts',(-20.4726762028973,-54.4714968823231,142.4));
#4587=CARTESIAN_POINT('Ctrl Pts',(-20.8715594448217,-54.4451264506841,142.4));
#4588=CARTESIAN_POINT('Ctrl Pts',(-21.261745669378,-54.4179603746303,142.4));
#4589=CARTESIAN_POINT('Ctrl Pts',(-21.6626894910762,-54.390045318516,142.4));
#4590=CARTESIAN_POINT('Ctrl Pts',(-22.0544499630054,-54.3612901343254,142.4));
#4591=CARTESIAN_POINT('Ctrl Pts',(-22.4376229461527,-54.3317163530652,142.4));
#4592=CARTESIAN_POINT('Ctrl Pts',(-22.8314163443223,-54.3013228745806,142.4));
#4593=CARTESIAN_POINT('Ctrl Pts',(-23.2161394562782,-54.2700647859343,142.4));
#4594=CARTESIAN_POINT('Ctrl Pts',(-23.5923834107445,-54.2379623399812,142.4));
#4595=CARTESIAN_POINT('Ctrl Pts',(-23.860952799126,-54.215047063409,142.4));
#4596=CARTESIAN_POINT('Ctrl Pts',(-24.1252005782582,-54.1917014911321,142.4));
#4597=CARTESIAN_POINT('Ctrl Pts',(-24.3853258756062,-54.1679320875091,142.4));
#4598=CARTESIAN_POINT('Ctrl Pts',(-24.4968448140921,-54.1577418496218,142.4));
#4599=CARTESIAN_POINT('Ctrl Pts',(-24.6076028856734,-54.1474740018366,142.4));
#4600=CARTESIAN_POINT('Ctrl Pts',(-24.7176385711155,-54.1371267672103,142.4));
#4601=CARTESIAN_POINT('Ctrl Pts',(-25.1176115744326,-54.099515200627,142.4));
#4602=CARTESIAN_POINT('Ctrl Pts',(-25.5079787021235,-54.0608607701549,142.4));
#4603=CARTESIAN_POINT('Ctrl Pts',(-25.8893480200014,-54.0211851453059,142.4));
#4604=CARTESIAN_POINT('Ctrl Pts',(-26.2809006441729,-53.980450103715,142.4));
#4605=CARTESIAN_POINT('Ctrl Pts',(-26.6629683732346,-53.9386385961211,142.4));
#4606=CARTESIAN_POINT('Ctrl Pts',(-27.0361544178248,-53.8957711830657,142.4));
#4607=CARTESIAN_POINT('Ctrl Pts',(-27.4193604137789,-53.8517527907598,142.4));
#4608=CARTESIAN_POINT('Ctrl Pts',(-27.7932012283964,-53.8066210222919,142.4));
#4609=CARTESIAN_POINT('Ctrl Pts',(-28.1582752234918,-53.7603952513161,142.4));
#4610=CARTESIAN_POINT('Ctrl Pts',(-28.533206106875,-53.712921398399,142.4));
#4611=CARTESIAN_POINT('Ctrl Pts',(-28.898890224561,-53.6642936618877,142.4));
#4612=CARTESIAN_POINT('Ctrl Pts',(-29.255921093811,-53.6145301454473,142.4));
#4613=CARTESIAN_POINT('Ctrl Pts',(-29.6226460466302,-53.5634154526001,142.4));
#4614=CARTESIAN_POINT('Ctrl Pts',(-29.9802413138445,-53.5111024568548,142.4));
#4615=CARTESIAN_POINT('Ctrl Pts',(-30.3292955703266,-53.4576079040362,142.4));
#4616=CARTESIAN_POINT('Ctrl Pts',(-30.6112956065847,-53.4143897923694,142.4));
#4617=CARTESIAN_POINT('Ctrl Pts',(-30.8877198240903,-53.370400421501,142.4));
#4618=CARTESIAN_POINT('Ctrl Pts',(-31.1588548809398,-53.325647372587,142.4));
#4619=CARTESIAN_POINT('Ctrl Pts',(-31.3191692127895,-53.2991861867181,142.4));
#4620=CARTESIAN_POINT('Ctrl Pts',(-31.4776315792172,-53.2724584256075,142.4));
#4621=CARTESIAN_POINT('Ctrl Pts',(-31.6343061001737,-53.2454640912246,142.4));
#4622=CARTESIAN_POINT('Ctrl Pts',(-31.9592611682782,-53.1894757549318,142.4));
#4623=CARTESIAN_POINT('Ctrl Pts',(-32.27655494405,-53.1323364155031,142.4));
#4624=CARTESIAN_POINT('Ctrl Pts',(-32.5867227229035,-53.0740411046034,142.4));
#4625=CARTESIAN_POINT('Ctrl Pts',(-32.9108906438677,-53.0131144996345,142.4));
#4626=CARTESIAN_POINT('Ctrl Pts',(-33.2272747107276,-52.9509252343043,142.4));
#4627=CARTESIAN_POINT('Ctrl Pts',(-33.5364287617751,-52.8874626990887,142.4));
#4628=CARTESIAN_POINT('Ctrl Pts',(-33.8547753581527,-52.8221131362577,142.4));
#4629=CARTESIAN_POINT('Ctrl Pts',(-34.1654553967126,-52.7554134711199,142.4));
#4630=CARTESIAN_POINT('Ctrl Pts',(-34.4690162107609,-52.6873467460579,142.4));
#4631=CARTESIAN_POINT('Ctrl Pts',(-34.7816227624719,-52.6172517165838,142.4));
#4632=CARTESIAN_POINT('Ctrl Pts',(-35.0866792921469,-52.5457069587085,142.4));
#4633=CARTESIAN_POINT('Ctrl Pts',(-35.3847264763838,-52.4726880885047,142.4));
#4634=CARTESIAN_POINT('Ctrl Pts',(-35.6511248797694,-52.4074228839731,142.4));
#4635=CARTESIAN_POINT('Ctrl Pts',(-35.9119225346792,-52.3409799272054,142.4));
#4636=CARTESIAN_POINT('Ctrl Pts',(-36.1674707618119,-52.2733378566037,142.4));
#4637=CARTESIAN_POINT('Ctrl Pts',(-36.3512795641584,-52.2246847779852,142.4));
#4638=CARTESIAN_POINT('Ctrl Pts',(-36.5323718747883,-52.1754112570976,142.4));
#4639=CARTESIAN_POINT('Ctrl Pts',(-36.7108689599225,-52.1255081614122,142.4));
#4640=CARTESIAN_POINT('Ctrl Pts',(-36.8119391854807,-52.0972515815741,142.4));
#4641=CARTESIAN_POINT('Ctrl Pts',(-36.9121784584298,-52.0687927281648,142.4));
#4642=CARTESIAN_POINT('Ctrl Pts',(-37.0115895150111,-52.0401351864405,142.4));
#4643=CARTESIAN_POINT('Ctrl Pts',(-37.3184102934661,-51.9516869839687,142.4));
#4644=CARTESIAN_POINT('Ctrl Pts',(-37.6173829191374,-51.8613363269498,142.4));
#4645=CARTESIAN_POINT('Ctrl Pts',(-37.9090512297648,-51.7690459330987,142.4));
#4646=CARTESIAN_POINT('Ctrl Pts',(-38.2092237498048,-51.6740646166911,142.4));
#4647=CARTESIAN_POINT('Ctrl Pts',(-38.5016596195014,-51.5770288304024,142.4));
#4648=CARTESIAN_POINT('Ctrl Pts',(-38.7868960341797,-51.477890937184,142.4));
#4649=CARTESIAN_POINT('Ctrl Pts',(-39.080428388494,-51.3758696744678,142.4));
#4650=CARTESIAN_POINT('Ctrl Pts',(-39.3663362328955,-51.2716222888668,142.4));
#4651=CARTESIAN_POINT('Ctrl Pts',(-39.6451497622167,-51.1650890213079,142.4));
#4652=CARTESIAN_POINT('Ctrl Pts',(-39.9320249063633,-51.0554754506831,142.4));
#4653=CARTESIAN_POINT('Ctrl Pts',(-40.2113893725205,-50.9434419498046,142.4));
#4654=CARTESIAN_POINT('Ctrl Pts',(-40.4837658518657,-50.8289145428337,142.4));
#4655=CARTESIAN_POINT('Ctrl Pts',(-40.7639324528457,-50.7111115871335,142.4));
#4656=CARTESIAN_POINT('Ctrl Pts',(-41.0367054465064,-50.5906700958619,142.4));
#4657=CARTESIAN_POINT('Ctrl Pts',(-41.3025993147827,-50.4674994065999,142.4));
#4658=CARTESIAN_POINT('Ctrl Pts',(-41.5759588818393,-50.3408703628051,142.4));
#4659=CARTESIAN_POINT('Ctrl Pts',(-41.8420474133946,-50.2113567920463,142.4));
#4660=CARTESIAN_POINT('Ctrl Pts',(-42.1013701942259,-50.0788484619392,142.4));
#4661=CARTESIAN_POINT('Ctrl Pts',(-42.3677594331153,-49.9427293246594,142.4));
#4662=CARTESIAN_POINT('Ctrl Pts',(-42.62700897826,-49.8034500949203,142.4));
#4663=CARTESIAN_POINT('Ctrl Pts',(-42.8796135392516,-49.6608776615027,142.4));
#4664=CARTESIAN_POINT('Ctrl Pts',(-43.138781325737,-49.5146008807603,142.4));
#4665=CARTESIAN_POINT('Ctrl Pts',(-43.3909541432794,-49.3648576715889,142.4));
#4666=CARTESIAN_POINT('Ctrl Pts',(-43.6366142216094,-49.2114883548291,142.4));
#4667=CARTESIAN_POINT('Ctrl Pts',(-43.7942473450123,-49.113075602544,142.4));
#4668=CARTESIAN_POINT('Ctrl Pts',(-43.9491978547818,-49.0131695005004,142.4));
#4669=CARTESIAN_POINT('Ctrl Pts',(-44.1015828922468,-48.9117241665787,142.4));
#4670=CARTESIAN_POINT('Ctrl Pts',(-44.1544390466619,-48.8765369177277,142.4));
#4671=CARTESIAN_POINT('Ctrl Pts',(-44.2069892002385,-48.8411626841287,142.4));
#4672=CARTESIAN_POINT('Ctrl Pts',(-44.2592459601646,-48.8055938272492,142.4));
#4673=CARTESIAN_POINT('Ctrl Pts',(-44.517310542501,-48.6299407211675,142.4));
#4674=CARTESIAN_POINT('Ctrl Pts',(-44.7681636304021,-48.4495830879834,142.4));
#4675=CARTESIAN_POINT('Ctrl Pts',(-45.0122740668421,-48.2642632394973,142.4));
#4676=CARTESIAN_POINT('Ctrl Pts',(-45.2592796759297,-48.076745480245,142.4));
#4677=CARTESIAN_POINT('Ctrl Pts',(-45.499381501473,-47.8841473186784,142.4));
#4678=CARTESIAN_POINT('Ctrl Pts',(-45.7330190743583,-47.6861737187207,142.4));
#4679=CARTESIAN_POINT('Ctrl Pts',(-45.9682280233278,-47.4868686078403,142.4));
#4680=CARTESIAN_POINT('Ctrl Pts',(-46.1968852182621,-47.2821157385076,142.4));
#4681=CARTESIAN_POINT('Ctrl Pts',(-46.4193964426824,-47.0715824627598,142.4));
#4682=CARTESIAN_POINT('Ctrl Pts',(-46.6421349526117,-46.8608341364549,142.4));
#4683=CARTESIAN_POINT('Ctrl Pts',(-46.8587146711082,-46.64429382435,142.4));
#4684=CARTESIAN_POINT('Ctrl Pts',(-47.0695039370571,-46.4215928244244,142.4));
#4685=CARTESIAN_POINT('Ctrl Pts',(-47.2792841373495,-46.1999579126115,142.4));
#4686=CARTESIAN_POINT('Ctrl Pts',(-47.4833289380211,-45.9722213867126,142.4));
#4687=CARTESIAN_POINT('Ctrl Pts',(-47.6819669896604,-45.7379816971125,142.4));
#4688=CARTESIAN_POINT('Ctrl Pts',(-47.8785797431687,-45.5061302971762,142.4));
#4689=CARTESIAN_POINT('Ctrl Pts',(-48.0698952012596,-45.2679078896193,142.4));
#4690=CARTESIAN_POINT('Ctrl Pts',(-48.2562019405668,-45.0228843470357,142.4));
#4691=CARTESIAN_POINT('Ctrl Pts',(-48.3917654070056,-44.8445964283308,142.4));
#4692=CARTESIAN_POINT('Ctrl Pts',(-48.5246763600243,-44.6627068042318,142.4));
#4693=CARTESIAN_POINT('Ctrl Pts',(-48.6550367902644,-44.4770348767749,142.4));
#4694=CARTESIAN_POINT('Ctrl Pts',(-48.7098079930001,-44.3990244347847,142.4));
#4695=CARTESIAN_POINT('Ctrl Pts',(-48.7641288674304,-44.3203461521046,142.4));
#4696=CARTESIAN_POINT('Ctrl Pts',(-48.8180065937013,-44.2409859217618,142.4));
#4697=CARTESIAN_POINT('Ctrl Pts',(-48.8664640371485,-44.1696096009713,142.4));
#4698=CARTESIAN_POINT('Ctrl Pts',(-48.9145602401982,-44.0976859766112,142.4));
#4699=CARTESIAN_POINT('Ctrl Pts',(-48.9623173995764,-44.0251780741795,142.4));
#4700=CARTESIAN_POINT('Ctrl Pts',(-49.1210906596138,-43.784118593309,142.4));
#4701=CARTESIAN_POINT('Ctrl Pts',(-49.2760850768403,-43.5366515511963,142.4));
#4702=CARTESIAN_POINT('Ctrl Pts',(-49.4274704483092,-43.2823089791951,142.4));
#4703=CARTESIAN_POINT('Ctrl Pts',(-49.575029388378,-43.0343951948269,142.4));
#4704=CARTESIAN_POINT('Ctrl Pts',(-49.7191592932687,-42.7799492359359,142.4));
#4705=CARTESIAN_POINT('Ctrl Pts',(-49.860002108285,-42.5184913248842,142.4));
#4706=CARTESIAN_POINT('Ctrl Pts',(-49.9971009918186,-42.2639835767109,142.4));
#4707=CARTESIAN_POINT('Ctrl Pts',(-50.131085115871,-42.0028318777512,142.4));
#4708=CARTESIAN_POINT('Ctrl Pts',(-50.2620724065941,-41.7345466931263,142.4));
#4709=CARTESIAN_POINT('Ctrl Pts',(-50.3894656821175,-41.4736226885521,142.4));
#4710=CARTESIAN_POINT('Ctrl Pts',(-50.5140242387673,-41.2059514466499,142.4));
#4711=CARTESIAN_POINT('Ctrl Pts',(-50.6358454490861,-40.9310351742588,142.4));
#4712=CARTESIAN_POINT('Ctrl Pts',(-50.7542581999094,-40.6638108380801,142.4));
#4713=CARTESIAN_POINT('Ctrl Pts',(-50.8700845732653,-40.389741379594,142.4));
#4714=CARTESIAN_POINT('Ctrl Pts',(-50.983404423087,-40.108321832822,142.4));
#4715=CARTESIAN_POINT('Ctrl Pts',(-51.0935167850651,-39.8348677905635,142.4));
#4716=CARTESIAN_POINT('Ctrl Pts',(-51.2012624566038,-39.5544740130954,142.4));
#4717=CARTESIAN_POINT('Ctrl Pts',(-51.3067063804191,-39.2666291466456,142.4));
#4718=CARTESIAN_POINT('Ctrl Pts',(-51.409146942656,-38.9869829717954,142.4));
#4719=CARTESIAN_POINT('Ctrl Pts',(-51.5094149708231,-38.700304277399,142.4));
#4720=CARTESIAN_POINT('Ctrl Pts',(-51.60756271152,-38.406075891453,142.4));
#4721=CARTESIAN_POINT('Ctrl Pts',(-51.7029072688453,-38.1202509197176,142.4));
#4722=CARTESIAN_POINT('Ctrl Pts',(-51.7962508922084,-37.8273015032352,142.4));
#4723=CARTESIAN_POINT('Ctrl Pts',(-51.8876350024599,-37.5267050672604,142.4));
#4724=CARTESIAN_POINT('Ctrl Pts',(-51.9318755853408,-37.3811812830614,142.4));
#4725=CARTESIAN_POINT('Ctrl Pts',(-51.9756568235081,-37.2338645242937,142.4));
#4726=CARTESIAN_POINT('Ctrl Pts',(-52.0189828770982,-37.0846910495863,142.4));
#4727=CARTESIAN_POINT('Ctrl Pts',(-52.0448138045622,-36.9957540501271,142.4));
#4728=CARTESIAN_POINT('Ctrl Pts',(-52.0704831084239,-36.9061563826731,142.4));
#4729=CARTESIAN_POINT('Ctrl Pts',(-52.095991061661,-36.8158859553926,142.4));
#4730=CARTESIAN_POINT('Ctrl Pts',(-52.1763829916547,-36.5313859093486,142.4));
#4731=CARTESIAN_POINT('Ctrl Pts',(-52.2551487189346,-36.2402925644965,142.4));
#4732=CARTESIAN_POINT('Ctrl Pts',(-52.3323266469801,-35.9421019368434,142.4));
#4733=CARTESIAN_POINT('Ctrl Pts',(-52.4072404715769,-35.6526590748477,142.4));
#4734=CARTESIAN_POINT('Ctrl Pts',(-52.4806582618596,-35.356529393098,142.4));
#4735=CARTESIAN_POINT('Ctrl Pts',(-52.552609117113,-35.0532034999928,142.4));
#4736=CARTESIAN_POINT('Ctrl Pts',(-52.6224503087229,-34.7587713942726,142.4));
#4737=CARTESIAN_POINT('Ctrl Pts',(-52.6909093064708,-34.457559045378,142.4));
#4738=CARTESIAN_POINT('Ctrl Pts',(-52.7580073224181,-34.1490519456902,142.4));
#4739=CARTESIAN_POINT('Ctrl Pts',(-52.8231418915606,-33.8495724941459,142.4));
#4740=CARTESIAN_POINT('Ctrl Pts',(-52.8869939488153,-33.5432191241022,142.4));
#4741=CARTESIAN_POINT('Ctrl Pts',(-52.9495779982193,-33.2294724286,142.4));
#4742=CARTESIAN_POINT('Ctrl Pts',(-53.0103362019259,-32.9248790726387,142.4));
#4743=CARTESIAN_POINT('Ctrl Pts',(-53.0698992936558,-32.613317643286,142.4));
#4744=CARTESIAN_POINT('Ctrl Pts',(-53.1282760521694,-32.2942639962098,142.4));
#4745=CARTESIAN_POINT('Ctrl Pts',(-53.1643466454538,-32.0971229655564,142.4));
#4746=CARTESIAN_POINT('Ctrl Pts',(-53.1999642189597,-31.897120500707,142.4));
#4747=CARTESIAN_POINT('Ctrl Pts',(-53.2351299678298,-31.6941227215537,142.4));
#4748=CARTESIAN_POINT('Ctrl Pts',(-53.2604622185801,-31.5478897872778,142.4));
#4749=CARTESIAN_POINT('Ctrl Pts',(-53.2855603386671,-31.4001003984594,142.4));
#4750=CARTESIAN_POINT('Ctrl Pts',(-53.3104254158443,-31.2506961273986,142.4));
#4751=CARTESIAN_POINT('Ctrl Pts',(-53.3672275410341,-30.909394950321,142.4));
#4752=CARTESIAN_POINT('Ctrl Pts',(-53.4228105825748,-30.5596877871051,142.4));
#4753=CARTESIAN_POINT('Ctrl Pts',(-53.4771591499515,-30.200993883564,142.4));
#4754=CARTESIAN_POINT('Ctrl Pts',(-53.5300605288094,-29.8518512474064,142.4));
#4755=CARTESIAN_POINT('Ctrl Pts',(-53.5817923092016,-29.4941942376472,142.4));
#4756=CARTESIAN_POINT('Ctrl Pts',(-53.6323376794514,-29.1274374946146,142.4));
#4757=CARTESIAN_POINT('Ctrl Pts',(-53.6830328548435,-28.7595937668429,142.4));
#4758=CARTESIAN_POINT('Ctrl Pts',(-53.7325346004614,-28.3825967232962,142.4));
#4759=CARTESIAN_POINT('Ctrl Pts',(-53.7808230330792,-27.9958003688576,142.4));
#4760=CARTESIAN_POINT('Ctrl Pts',(-53.8260934386584,-27.6331787865714,142.4));
#4761=CARTESIAN_POINT('Ctrl Pts',(-53.8702974466574,-27.2619443538721,142.4));
#4762=CARTESIAN_POINT('Ctrl Pts',(-53.9134160644528,-26.8815153316713,142.4));
#4763=CARTESIAN_POINT('Ctrl Pts',(-53.955165224496,-26.5131688274235,142.4));
#4764=CARTESIAN_POINT('Ctrl Pts',(-53.9958968483581,-26.136202588851,142.4));
#4765=CARTESIAN_POINT('Ctrl Pts',(-54.0355911823403,-25.7500409016783,142.4));
#4766=CARTESIAN_POINT('Ctrl Pts',(-54.07154440138,-25.4002742138211,142.4));
#4767=CARTESIAN_POINT('Ctrl Pts',(-54.106646621866,-25.042963329324,142.4));
#4768=CARTESIAN_POINT('Ctrl Pts',(-54.140881223662,-24.6776435988745,142.4));
#4769=CARTESIAN_POINT('Ctrl Pts',(-54.1513999348869,-24.5653977263426,142.4));
#4770=CARTESIAN_POINT('Ctrl Pts',(-54.1618364904947,-24.4523982625613,142.4));
#4771=CARTESIAN_POINT('Ctrl Pts',(-54.1721926730572,-24.3386051918289,142.4));
#4772=CARTESIAN_POINT('Ctrl Pts',(-54.2054378192615,-23.9733096545324,142.4));
#4773=CARTESIAN_POINT('Ctrl Pts',(-54.237849890552,-23.5998922828597,142.4));
#4774=CARTESIAN_POINT('Ctrl Pts',(-54.2694105034655,-23.2177956335193,142.4));
#4775=CARTESIAN_POINT('Ctrl Pts',(-54.3001460488733,-22.8456878754045,142.4));
#4776=CARTESIAN_POINT('Ctrl Pts',(-54.3300740774802,-22.4653488442819,142.4));
#4777=CARTESIAN_POINT('Ctrl Pts',(-54.3591749108411,-22.0762159309313,142.4));
#4778=CARTESIAN_POINT('Ctrl Pts',(-54.3875188504419,-21.6972041117191,142.4));
#4779=CARTESIAN_POINT('Ctrl Pts',(-54.4150780704307,-21.3098500513696,142.4));
#4780=CARTESIAN_POINT('Ctrl Pts',(-54.4418317140843,-20.9135859183343,142.4));
#4781=CARTESIAN_POINT('Ctrl Pts',(-54.4678930459431,-20.5275760271754,142.4));
#4782=CARTESIAN_POINT('Ctrl Pts',(-54.4931899601498,-20.1331113779272,142.4));
#4783=CARTESIAN_POINT('Ctrl Pts',(-54.5177005230397,-19.7296188572867,142.4));
#4784=CARTESIAN_POINT('Ctrl Pts',(-54.5415800316621,-19.3365147425842,142.4));
#4785=CARTESIAN_POINT('Ctrl Pts',(-54.5647131649474,-18.9348417836176,142.4));
#4786=CARTESIAN_POINT('Ctrl Pts',(-54.5870770003837,-18.5240215230788,142.4));
#4787=CARTESIAN_POINT('Ctrl Pts',(-54.6088679595029,-18.1237249134835,142.4));
#4788=CARTESIAN_POINT('Ctrl Pts',(-54.6299285352083,-17.714743782724,142.4));
#4789=CARTESIAN_POINT('Ctrl Pts',(-54.6502348927964,-17.2964942645725,142.4));
#4790=CARTESIAN_POINT('Ctrl Pts',(-54.6699683999112,-16.8900437326923,142.4));
#4791=CARTESIAN_POINT('Ctrl Pts',(-54.6889896474077,-16.4748404876144,142.4));
#4792=CARTESIAN_POINT('Ctrl Pts',(-54.7072741652686,-16.0503001849272,142.4));
#4793=CARTESIAN_POINT('Ctrl Pts',(-54.7190340467504,-15.7772525890409,142.4));
#4794=CARTESIAN_POINT('Ctrl Pts',(-54.7304891236696,-15.5003416901357,142.4));
#4795=CARTESIAN_POINT('Ctrl Pts',(-54.7416322734852,-15.2194005105954,142.4));
#4796=CARTESIAN_POINT('Ctrl Pts',(-54.7480490446562,-15.057620826083,142.4));
#4797=CARTESIAN_POINT('Ctrl Pts',(-54.7543623710589,-14.8945045207402,142.4));
#4798=CARTESIAN_POINT('Ctrl Pts',(-54.7605708153748,-14.730018251038,142.4));
#4799=CARTESIAN_POINT('Ctrl Pts',(-54.7653923903443,-14.6022756410618,142.4));
#4800=CARTESIAN_POINT('Ctrl Pts',(-54.7701503813835,-14.4737153023703,142.4));
#4801=CARTESIAN_POINT('Ctrl Pts',(-54.7748439836525,-14.3443253036911,142.4));
#4802=CARTESIAN_POINT('Ctrl Pts',(-54.7899688272173,-13.927374020499,142.4));
#4803=CARTESIAN_POINT('Ctrl Pts',(-54.8044258484198,-13.5017958786523,142.4));
#4804=CARTESIAN_POINT('Ctrl Pts',(-54.8181921689288,-13.0670036247564,142.4));
#4805=CARTESIAN_POINT('Ctrl Pts',(-54.8316061601968,-12.6433392553756,142.4));
#4806=CARTESIAN_POINT('Ctrl Pts',(-54.8443643594128,-12.210926531557,142.4));
#4807=CARTESIAN_POINT('Ctrl Pts',(-54.8564428662593,-11.7691723672686,142.4));
#4808=CARTESIAN_POINT('Ctrl Pts',(-54.8680581415157,-11.3443602378275,142.4));
#4809=CARTESIAN_POINT('Ctrl Pts',(-54.8790448595107,-10.910909482087,142.4));
#4810=CARTESIAN_POINT('Ctrl Pts',(-54.8893791695691,-10.4682448986747,142.4));
#4811=CARTESIAN_POINT('Ctrl Pts',(-54.8981228060583,-10.093715957491,142.4));
#4812=CARTESIAN_POINT('Ctrl Pts',(-54.9063993802345,-9.71259064056233,142.4));
#4813=CARTESIAN_POINT('Ctrl Pts',(-54.914192882604,-9.32449153835627,142.4));
#4814=CARTESIAN_POINT('Ctrl Pts',(-54.9213337271055,-8.96889334788785,142.4));
#4815=CARTESIAN_POINT('Ctrl Pts',(-54.928069009696,-8.60744029376341,142.4));
#4816=CARTESIAN_POINT('Ctrl Pts',(-54.9343852619046,-8.2398204998175,142.4));
#4817=CARTESIAN_POINT('Ctrl Pts',(-54.9391907279523,-7.96013178886758,142.4));
#4818=CARTESIAN_POINT('Ctrl Pts',(-54.9437537773535,-7.6768640869457,142.4));
#4819=CARTESIAN_POINT('Ctrl Pts',(-54.9480679060342,-7.38987547991929,142.4));
#4820=CARTESIAN_POINT('Ctrl Pts',(-54.9551147446607,-6.92109892014173,142.4));
#4821=CARTESIAN_POINT('Ctrl Pts',(-54.9614974784736,-6.44240304479905,142.4));
#4822=CARTESIAN_POINT('Ctrl Pts',(-54.9671852369644,-5.95315871853011,142.4));
#4823=CARTESIAN_POINT('Ctrl Pts',(-54.9726772108699,-5.48075520884904,142.4));
#4824=CARTESIAN_POINT('Ctrl Pts',(-54.9775212334416,-4.998516994749,142.4));
#4825=CARTESIAN_POINT('Ctrl Pts',(-54.9816870896776,-4.50582969067221,142.4));
#4826=CARTESIAN_POINT('Ctrl Pts',(-54.9857741307278,-4.0224636975449,142.4));
#4827=CARTESIAN_POINT('Ctrl Pts',(-54.9892084325241,-3.52904042820096,142.4));
#4828=CARTESIAN_POINT('Ctrl Pts',(-54.991958995946,-3.02493089112892,142.4));
#4829=CARTESIAN_POINT('Ctrl Pts',(-54.9946237456414,-2.53654886557518,142.4));
#4830=CARTESIAN_POINT('Ctrl Pts',(-54.9966467583499,-2.03813703229977,142.4));
#4831=CARTESIAN_POINT('Ctrl Pts',(-54.9979974270114,-1.52907559252215,142.4));
#4832=CARTESIAN_POINT('Ctrl Pts',(-54.9993220326082,-1.02983721418401,142.4));
#4833=CARTESIAN_POINT('Ctrl Pts',(-55.,-0.52035642952792,142.4));
#4834=CARTESIAN_POINT('Ctrl Pts',(-55.,-1.4103881460833E-14,142.4));
#4835=CARTESIAN_POINT('',(1.0736102763321E-14,-55.,142.));
#4836=CARTESIAN_POINT('Ctrl Pts',(-1.74716601586278E-14,55.,142.));
#4837=CARTESIAN_POINT('Ctrl Pts',(-1.74716601586278E-14,55.,159.2374));
#4838=CARTESIAN_POINT('Ctrl Pts',(-55.,55.,142.));
#4839=CARTESIAN_POINT('Ctrl Pts',(-55.,55.,159.2374));
#4840=CARTESIAN_POINT('Ctrl Pts',(-55.,1.87587481638691E-14,142.));
#4841=CARTESIAN_POINT('Ctrl Pts',(-55.,1.87587481638691E-14,159.2374));
#4842=CARTESIAN_POINT('',(-1.74711435793719E-14,55.,152.665169853749));
#4843=CARTESIAN_POINT('',(-1.74716601586278E-14,55.,142.));
#4844=CARTESIAN_POINT('',(-2.05977005677583,54.9963331727913,142.6));
#4845=CARTESIAN_POINT('Ctrl Pts',(-1.74716601586278E-14,55.,152.665169853749));
#4846=CARTESIAN_POINT('Ctrl Pts',(-0.0370157787237436,55.,152.664943900313));
#4847=CARTESIAN_POINT('Ctrl Pts',(-0.0740281321096085,54.9999965678493,
152.664326469373));
#4848=CARTESIAN_POINT('Ctrl Pts',(-0.155196163593406,54.9999814782387,152.662113585941));
#4849=CARTESIAN_POINT('Ctrl Pts',(-0.199344515485705,54.9999683575739,152.660352041202));
#4850=CARTESIAN_POINT('Ctrl Pts',(-0.344771437685543,54.9999088789662,152.652709725783));
#4851=CARTESIAN_POINT('Ctrl Pts',(-0.445901913801679,54.9998414778734,152.64445081012));
#4852=CARTESIAN_POINT('Ctrl Pts',(-0.963951342885665,54.9993620649882,152.586989204355));
#4853=CARTESIAN_POINT('Ctrl Pts',(-1.37411992900509,54.9985279159868,152.490837567682));
#4854=CARTESIAN_POINT('Ctrl Pts',(-2.31214503824656,54.9956318116159,152.148372590382));
#4855=CARTESIAN_POINT('Ctrl Pts',(-2.81929638325024,54.9932381487179,151.861317044336));
#4856=CARTESIAN_POINT('Ctrl Pts',(-3.67246329626843,54.9881743786862,151.17131748094));
#4857=CARTESIAN_POINT('Ctrl Pts',(-4.02507899566083,54.9855983066132,150.787364315594));
#4858=CARTESIAN_POINT('Ctrl Pts',(-4.70293312298762,54.9801368375979,149.785870958767));
#4859=CARTESIAN_POINT('Ctrl Pts',(-4.97346454277423,54.977521612657,149.142884514838));
#4860=CARTESIAN_POINT('Ctrl Pts',(-5.24661957182454,54.974857715001,147.805663759036));
#4861=CARTESIAN_POINT('Ctrl Pts',(-5.25309866790149,54.9747890529069,147.125499700797));
#4862=CARTESIAN_POINT('Ctrl Pts',(-5.00536081229521,54.9772153648542,145.782743225097));
#4863=CARTESIAN_POINT('Ctrl Pts',(-4.74679738134066,54.9797376155421,145.134204138739));
#4864=CARTESIAN_POINT('Ctrl Pts',(-4.13699388516959,54.9847199551791,144.195879727065));
#4865=CARTESIAN_POINT('Ctrl Pts',(-3.86103896821125,54.9868046855359,143.867135538944));
#4866=CARTESIAN_POINT('Ctrl Pts',(-3.1112511466738,54.9916704251496,143.168004798528));
#4867=CARTESIAN_POINT('Ctrl Pts',(-2.60784053166242,54.994347450895,142.838089153438));
#4868=CARTESIAN_POINT('Ctrl Pts',(-2.05977005677585,54.9963331727913,142.6));
#4869=CARTESIAN_POINT('',(-2.05977005677583,54.9963331727913,142.4));
#4870=CARTESIAN_POINT('',(-2.05977005677583,54.9963331727913,142.6));
#4871=CARTESIAN_POINT('Ctrl Pts',(-55.,2.8421709430404E-14,142.4));
#4872=CARTESIAN_POINT('Ctrl Pts',(-55.,0.525725540223138,142.4));
#4873=CARTESIAN_POINT('Ctrl Pts',(-54.9993079743397,1.04034935056624,142.4));
#4874=CARTESIAN_POINT('Ctrl Pts',(-54.9979562221659,1.54452441901945,142.4));
#4875=CARTESIAN_POINT('Ctrl Pts',(-54.9965705229005,2.06136103710786,142.4));
#4876=CARTESIAN_POINT('Ctrl Pts',(-54.9944915378947,2.56721737595215,142.4));
#4877=CARTESIAN_POINT('Ctrl Pts',(-54.9917512940744,3.06274216505032,142.4));
#4878=CARTESIAN_POINT('Ctrl Pts',(-54.9889418896971,3.5707734217168,142.4));
#4879=CARTESIAN_POINT('Ctrl Pts',(-54.9854374192527,4.06794489392437,142.4));
#4880=CARTESIAN_POINT('Ctrl Pts',(-54.9812696350551,4.5549010710384,142.4));
#4881=CARTESIAN_POINT('Ctrl Pts',(-54.9769961326894,5.05420916288174,142.4));
#4882=CARTESIAN_POINT('Ctrl Pts',(-54.9720252318771,5.54277701233764,142.4));
#4883=CARTESIAN_POINT('Ctrl Pts',(-54.9663884078734,6.02124488631376,142.4));
#4884=CARTESIAN_POINT('Ctrl Pts',(-54.9606120982886,6.51155264909749,142.4));
#4885=CARTESIAN_POINT('Ctrl Pts',(-54.9541364930362,6.99125424774701,142.4));
#4886=CARTESIAN_POINT('Ctrl Pts',(-54.9469927205862,7.46098437139965,142.4));
#4887=CARTESIAN_POINT('Ctrl Pts',(-54.9430031064322,7.72331662834254,142.4));
#4888=CARTESIAN_POINT('Ctrl Pts',(-54.9388050982414,7.98253496466973,142.4));
#4889=CARTESIAN_POINT('Ctrl Pts',(-54.9344036025517,8.23875294783766,142.4));
#4890=CARTESIAN_POINT('Ctrl Pts',(-54.9264995471882,8.69886043558472,142.4));
#4891=CARTESIAN_POINT('Ctrl Pts',(-54.9179391707046,9.14931136219441,142.4));
#4892=CARTESIAN_POINT('Ctrl Pts',(-54.9087485863709,9.59071165375541,142.4));
#4893=CARTESIAN_POINT('Ctrl Pts',(-54.8993112121624,10.0439646326677,142.4));
#4894=CARTESIAN_POINT('Ctrl Pts',(-54.8892093239039,10.487674237594,142.4));
#4895=CARTESIAN_POINT('Ctrl Pts',(-54.8784682809903,10.9224421239112,142.4));
#4896=CARTESIAN_POINT('Ctrl Pts',(-54.8671584519494,11.380232908869,142.4));
#4897=CARTESIAN_POINT('Ctrl Pts',(-54.8551399896459,11.8281099671473,142.4));
#4898=CARTESIAN_POINT('Ctrl Pts',(-54.8424392992077,12.2667164484664,142.4));
#4899=CARTESIAN_POINT('Ctrl Pts',(-54.8298378329135,12.7018963166502,142.4));
#4900=CARTESIAN_POINT('Ctrl Pts',(-54.8165647336562,13.1279494359362,142.4));
#4901=CARTESIAN_POINT('Ctrl Pts',(-54.802642901984,13.5454510098005,142.4));
#4902=CARTESIAN_POINT('Ctrl Pts',(-54.7936905902311,13.8139217351036,142.4));
#4903=CARTESIAN_POINT('Ctrl Pts',(-54.7844699691321,14.0788553326272,142.4));
#4904=CARTESIAN_POINT('Ctrl Pts',(-54.7749865515996,14.3403942872658,142.4));
#4905=CARTESIAN_POINT('Ctrl Pts',(-54.7685679993537,14.5174086851824,142.4));
#4906=CARTESIAN_POINT('Ctrl Pts',(-54.7620288285684,14.6928735188865,142.4));
#4907=CARTESIAN_POINT('Ctrl Pts',(-54.7553719488405,14.8667976282355,142.4));
#4908=CARTESIAN_POINT('Ctrl Pts',(-54.7385693823662,15.3057978097392,142.4));
#4909=CARTESIAN_POINT('Ctrl Pts',(-54.7210159381879,15.7350194858039,142.4));
#4910=CARTESIAN_POINT('Ctrl Pts',(-54.7027380923828,16.155082886629,142.4));
#4911=CARTESIAN_POINT('Ctrl Pts',(-54.6839671901453,16.5864777629449,142.4));
#4912=CARTESIAN_POINT('Ctrl Pts',(-54.6644322695857,17.0082134392907,142.4));
#4913=CARTESIAN_POINT('Ctrl Pts',(-54.6441590044495,17.4209052646399,142.4));
#4914=CARTESIAN_POINT('Ctrl Pts',(-54.6233359748987,17.8447883449864,142.4));
#4915=CARTESIAN_POINT('Ctrl Pts',(-54.6017340063654,18.2591302667754,142.4));
#4916=CARTESIAN_POINT('Ctrl Pts',(-54.5793779020387,18.6645415327617,142.4));
#4917=CARTESIAN_POINT('Ctrl Pts',(-54.5564123485164,19.0810047050344,142.4));
#4918=CARTESIAN_POINT('Ctrl Pts',(-54.5326509749488,19.4880435076384,142.4));
#4919=CARTESIAN_POINT('Ctrl Pts',(-54.508117635713,19.8862636303323,142.4));
#4920=CARTESIAN_POINT('Ctrl Pts',(-54.4829119507271,20.2953971311248,142.4));
#4921=CARTESIAN_POINT('Ctrl Pts',(-54.4568914015969,20.6952218095853,142.4));
#4922=CARTESIAN_POINT('Ctrl Pts',(-54.4300788040102,21.0863385737512,142.4));
#4923=CARTESIAN_POINT('Ctrl Pts',(-54.4025274956613,21.4882309504632,142.4));
#4924=CARTESIAN_POINT('Ctrl Pts',(-54.3741398879843,21.8809288211002,142.4));
#4925=CARTESIAN_POINT('Ctrl Pts',(-54.3449376546044,22.2650283411056,142.4));
#4926=CARTESIAN_POINT('Ctrl Pts',(-54.3149265963952,22.6597664045626,142.4));
#4927=CARTESIAN_POINT('Ctrl Pts',(-54.2840551554839,23.045423057193,142.4));
#4928=CARTESIAN_POINT('Ctrl Pts',(-54.2523437443515,23.4225897285765,142.4));
#4929=CARTESIAN_POINT('Ctrl Pts',(-54.2311475411482,23.674691452299,142.4));
#4930=CARTESIAN_POINT('Ctrl Pts',(-54.2095759992433,23.9229989494292,142.4));
#4931=CARTESIAN_POINT('Ctrl Pts',(-54.1876344940827,24.1676761320848,142.4));
#4932=CARTESIAN_POINT('Ctrl Pts',(-54.1793544005227,24.2600102700368,142.4));
#4933=CARTESIAN_POINT('Ctrl Pts',(-54.1710218523891,24.3518247430736,142.4));
#4934=CARTESIAN_POINT('Ctrl Pts',(-54.1626363357378,24.443136514324,142.4));
#4935=CARTESIAN_POINT('Ctrl Pts',(-54.1257541131726,24.8447553065943,142.4));
#4936=CARTESIAN_POINT('Ctrl Pts',(-54.0878386017305,25.236748049261,142.4));
#4937=CARTESIAN_POINT('Ctrl Pts',(-54.048911773422,25.6197234650752,142.4));
#4938=CARTESIAN_POINT('Ctrl Pts',(-54.0089464639936,26.0129158123993,142.4));
#4939=CARTESIAN_POINT('Ctrl Pts',(-53.9679151508315,26.3966031392526,142.4));
#4940=CARTESIAN_POINT('Ctrl Pts',(-53.9258387252645,26.771389322655,142.4));
#4941=CARTESIAN_POINT('Ctrl Pts',(-53.8826335936426,27.1562291983277,142.4));
#4942=CARTESIAN_POINT('Ctrl Pts',(-53.8383265191015,27.5316838246843,142.4));
#4943=CARTESIAN_POINT('Ctrl Pts',(-53.7929372371244,27.8983522398238,142.4));
#4944=CARTESIAN_POINT('Ctrl Pts',(-53.7463235955225,28.274911404137,142.4));
#4945=CARTESIAN_POINT('Ctrl Pts',(-53.6985685666392,28.6422038021415,142.4));
#4946=CARTESIAN_POINT('Ctrl Pts',(-53.6496906499467,29.0008236377713,142.4));
#4947=CARTESIAN_POINT('Ctrl Pts',(-53.5994868509153,29.3691715415891,142.4));
#4948=CARTESIAN_POINT('Ctrl Pts',(-53.548098409641,29.7283698379555,142.4));
#4949=CARTESIAN_POINT('Ctrl Pts',(-53.4955425048278,30.0790078993127,142.4));
#4950=CARTESIAN_POINT('Ctrl Pts',(-53.4414190270024,30.4401043623284,142.4));
#4951=CARTESIAN_POINT('Ctrl Pts',(-53.3860573960813,30.792122194315,142.4));
#4952=CARTESIAN_POINT('Ctrl Pts',(-53.3294734955689,31.1356502296327,142.4));
#4953=CARTESIAN_POINT('Ctrl Pts',(-53.2924001911336,31.3607269620608,142.4));
#4954=CARTESIAN_POINT('Ctrl Pts',(-53.2548033187431,31.5821518424838,142.4));
#4955=CARTESIAN_POINT('Ctrl Pts',(-53.2166788222513,31.8001224857746,142.4));
#4956=CARTESIAN_POINT('Ctrl Pts',(-53.1578822950328,32.1362821217137,142.4));
#4957=CARTESIAN_POINT('Ctrl Pts',(-53.0978325543676,32.46421935605,142.4));
#4958=CARTESIAN_POINT('Ctrl Pts',(-53.036522837309,32.7845296239691,142.4));
#4959=CARTESIAN_POINT('Ctrl Pts',(-52.9747140263572,33.1074473888127,142.4));
#4960=CARTESIAN_POINT('Ctrl Pts',(-52.911624633977,33.4226131059163,142.4));
#4961=CARTESIAN_POINT('Ctrl Pts',(-52.8472426163914,33.7305786423706,142.4));
#4962=CARTESIAN_POINT('Ctrl Pts',(-52.7809453831022,34.0477054392772,142.4));
#4963=CARTESIAN_POINT('Ctrl Pts',(-52.7132774901747,34.3571971192643,142.4));
#4964=CARTESIAN_POINT('Ctrl Pts',(-52.6442203081953,34.6595990271548,142.4));
#4965=CARTESIAN_POINT('Ctrl Pts',(-52.5731049610462,34.9710136554639,142.4));
#4966=CARTESIAN_POINT('Ctrl Pts',(-52.5005162989726,35.2749094226548,142.4));
#4967=CARTESIAN_POINT('Ctrl Pts',(-52.4264279811516,35.5718249844827,142.4));
#4968=CARTESIAN_POINT('Ctrl Pts',(-52.3615826136809,35.8316985958802,142.4));
#4969=CARTESIAN_POINT('Ctrl Pts',(-52.2955883392318,36.0862239740232,142.4));
#4970=CARTESIAN_POINT('Ctrl Pts',(-52.2284237322075,36.3357300213968,142.4));
#4971=CARTESIAN_POINT('Ctrl Pts',(-52.1981136498067,36.4483272536363,142.4));
#4972=CARTESIAN_POINT('Ctrl Pts',(-52.167565177036,36.5599018927695,142.4));
#4973=CARTESIAN_POINT('Ctrl Pts',(-52.1367761116649,36.6704823380271,142.4));
#4974=CARTESIAN_POINT('Ctrl Pts',(-52.111707818528,36.7605163479432,142.4));
#4975=CARTESIAN_POINT('Ctrl Pts',(-52.0864826408848,36.8498818810182,142.4));
#4976=CARTESIAN_POINT('Ctrl Pts',(-52.061099984359,36.9385922242751,142.4));
#4977=CARTESIAN_POINT('Ctrl Pts',(-51.9731832887798,37.2458540049687,142.4));
#4978=CARTESIAN_POINT('Ctrl Pts',(-51.8833770853339,37.5452622798034,142.4));
#4979=CARTESIAN_POINT('Ctrl Pts',(-51.7916449598031,37.8373610211749,142.4));
#4980=CARTESIAN_POINT('Ctrl Pts',(-51.6972378149549,38.1379777138224,142.4));
#4981=CARTESIAN_POINT('Ctrl Pts',(-51.6007908153688,38.4308521679265,142.4));
#4982=CARTESIAN_POINT('Ctrl Pts',(-51.5022573457213,38.7165217593442,142.4));
#4983=CARTESIAN_POINT('Ctrl Pts',(-51.4008568953771,39.0105033406589,142.4));
#4984=CARTESIAN_POINT('Ctrl Pts',(-51.2972468289717,39.296854506469,142.4));
#4985=CARTESIAN_POINT('Ctrl Pts',(-51.1913685916902,39.5761056898926,142.4));
#4986=CARTESIAN_POINT('Ctrl Pts',(-51.0824264740797,39.8634377804954,142.4));
#4987=CARTESIAN_POINT('Ctrl Pts',(-50.971083064145,40.1432528464497,142.4));
#4988=CARTESIAN_POINT('Ctrl Pts',(-50.8572658063897,40.4160738917321,142.4));
#4989=CARTESIAN_POINT('Ctrl Pts',(-50.7401886555999,40.6967089315063,142.4));
#4990=CARTESIAN_POINT('Ctrl Pts',(-50.6204939816351,40.9699433920488,142.4));
#4991=CARTESIAN_POINT('Ctrl Pts',(-50.4980927963878,41.2362921662529,142.4));
#4992=CARTESIAN_POINT('Ctrl Pts',(-50.3722467865133,41.510136985654,142.4));
#4993=CARTESIAN_POINT('Ctrl Pts',(-50.2435398592277,41.7767029014161,142.4));
#4994=CARTESIAN_POINT('Ctrl Pts',(-50.1118637510925,42.0364957405992,142.4));
#4995=CARTESIAN_POINT('Ctrl Pts',(-49.9765860233357,42.3033944625459,142.4));
#4996=CARTESIAN_POINT('Ctrl Pts',(-49.8381745674186,42.563144335261,142.4));
#4997=CARTESIAN_POINT('Ctrl Pts',(-49.69649857532,42.8162407877326,142.4));
#4998=CARTESIAN_POINT('Ctrl Pts',(-49.5511196261498,43.0759523715655,142.4));
#4999=CARTESIAN_POINT('Ctrl Pts',(-49.4023033868906,43.3286579965856,142.4));
#5000=CARTESIAN_POINT('Ctrl Pts',(-49.2498928467842,43.5748408502736,142.4));
#5001=CARTESIAN_POINT('Ctrl Pts',(-49.1954766535314,43.662737223664,142.4));
#5002=CARTESIAN_POINT('Ctrl Pts',(-49.1406021237848,43.7498016453256,142.4));
#5003=CARTESIAN_POINT('Ctrl Pts',(-49.0852615968002,43.8360546284967,142.4));
#5004=CARTESIAN_POINT('Ctrl Pts',(-49.0485579885008,43.8932603668853,142.4));
#5005=CARTESIAN_POINT('Ctrl Pts',(-49.0116504693885,43.9501075210089,142.4));
#5006=CARTESIAN_POINT('Ctrl Pts',(-48.9745333207535,44.00660709076,142.4));
#5007=CARTESIAN_POINT('Ctrl Pts',(-48.8029679827461,44.2677631369037,142.4));
#5008=CARTESIAN_POINT('Ctrl Pts',(-48.6268392089685,44.5216275754792,142.4));
#5009=CARTESIAN_POINT('Ctrl Pts',(-48.4459028415523,44.7686778355476,142.4));
#5010=CARTESIAN_POINT('Ctrl Pts',(-48.2624954927878,45.0191019700529,142.4));
#5011=CARTESIAN_POINT('Ctrl Pts',(-48.0741485512521,45.2625242954164,142.4));
#5012=CARTESIAN_POINT('Ctrl Pts',(-47.8805809696121,45.4993947394549,142.4));
#5013=CARTESIAN_POINT('Ctrl Pts',(-47.6853064470868,45.7383539828781,142.4));
#5014=CARTESIAN_POINT('Ctrl Pts',(-47.4847190302638,45.9706450296322,142.4));
#5015=CARTESIAN_POINT('Ctrl Pts',(-47.2784998673456,46.1966857892731,142.4));
#5016=CARTESIAN_POINT('Ctrl Pts',(-47.071605998329,46.4234661071434,142.4));
#5017=CARTESIAN_POINT('Ctrl Pts',(-46.8590437064715,46.6439549132633,142.4));
#5018=CARTESIAN_POINT('Ctrl Pts',(-46.6404571942849,46.8585340277694,142.4));
#5019=CARTESIAN_POINT('Ctrl Pts',(-46.422432803862,47.0725613260216,142.4));
#5020=CARTESIAN_POINT('Ctrl Pts',(-46.1984153719659,47.2807090322162,142.4));
#5021=CARTESIAN_POINT('Ctrl Pts',(-45.9680147924786,47.4833200072068,142.4));
#5022=CARTESIAN_POINT('Ctrl Pts',(-45.739503467201,47.6842695990609,142.4));
#5023=CARTESIAN_POINT('Ctrl Pts',(-45.504713473051,47.8797726437087,142.4));
#5024=CARTESIAN_POINT('Ctrl Pts',(-45.2632243603159,48.0701319297215,142.4));
#5025=CARTESIAN_POINT('Ctrl Pts',(-45.0889149599317,48.2075352794074,142.4));
#5026=CARTESIAN_POINT('Ctrl Pts',(-44.9111144430214,48.3422580157475,142.4));
#5027=CARTESIAN_POINT('Ctrl Pts',(-44.7296505162604,48.4744046156148,142.4));
#5028=CARTESIAN_POINT('Ctrl Pts',(-44.6120041123821,48.5600776886967,142.4));
#5029=CARTESIAN_POINT('Ctrl Pts',(-44.4928176708293,48.6446678113294,142.4));
#5030=CARTESIAN_POINT('Ctrl Pts',(-44.3720413507303,48.7282017943028,142.4));
#5031=CARTESIAN_POINT('Ctrl Pts',(-44.3199765140504,48.7642120252584,142.4));
#5032=CARTESIAN_POINT('Ctrl Pts',(-44.2676156885745,48.8000263805247,142.4));
#5033=CARTESIAN_POINT('Ctrl Pts',(-44.2149432849123,48.8356544915538,142.4));
#5034=CARTESIAN_POINT('Ctrl Pts',(-43.9757446420629,48.9974507114511,142.4));
#5035=CARTESIAN_POINT('Ctrl Pts',(-43.7301829418308,49.1553665023743,142.4));
#5036=CARTESIAN_POINT('Ctrl Pts',(-43.477794121873,49.3095808862516,142.4));
#5037=CARTESIAN_POINT('Ctrl Pts',(-43.2316460958153,49.4599820259988,142.4));
#5038=CARTESIAN_POINT('Ctrl Pts',(-42.9790045811838,49.6068624063337,142.4));
#5039=CARTESIAN_POINT('Ctrl Pts',(-42.7193928496673,49.7503719523146,142.4));
#5040=CARTESIAN_POINT('Ctrl Pts',(-42.466588982153,49.8901182112269,142.4));
#5041=CARTESIAN_POINT('Ctrl Pts',(-42.2071758387517,50.0266679945782,142.4));
#5042=CARTESIAN_POINT('Ctrl Pts',(-41.9406662990959,50.1601460486012,142.4));
#5043=CARTESIAN_POINT('Ctrl Pts',(-41.6814091858661,50.2899918132602,142.4));
#5044=CARTESIAN_POINT('Ctrl Pts',(-41.4154368096618,50.4169306641652,142.4));
#5045=CARTESIAN_POINT('Ctrl Pts',(-41.1422533266096,50.5410657626152,142.4));
#5046=CARTESIAN_POINT('Ctrl Pts',(-40.8766769074288,50.6617441966577,142.4));
#5047=CARTESIAN_POINT('Ctrl Pts',(-40.6042855518926,50.7797727797692,142.4));
#5048=CARTESIAN_POINT('Ctrl Pts',(-40.3245759020637,50.895236262535,142.4));
#5049=CARTESIAN_POINT('Ctrl Pts',(-40.0527636100719,51.0074397346394,142.4));
#5050=CARTESIAN_POINT('Ctrl Pts',(-39.7740405996254,51.1172208523996,142.4));
#5051=CARTESIAN_POINT('Ctrl Pts',(-39.4878968723627,51.2246486960834,142.4));
#5052=CARTESIAN_POINT('Ctrl Pts',(-39.2098953194735,51.3290196975145,142.4));
#5053=CARTESIAN_POINT('Ctrl Pts',(-38.9248895084542,51.4311693997653,142.4));
#5054=CARTESIAN_POINT('Ctrl Pts',(-38.6323634328138,51.5311535470802,142.4));
#5055=CARTESIAN_POINT('Ctrl Pts',(-38.348192326391,51.6282820020565,142.4));
#5056=CARTESIAN_POINT('Ctrl Pts',(-38.0569245549499,51.7233668042743,142.4));
#5057=CARTESIAN_POINT('Ctrl Pts',(-37.7580385636947,51.8164523354239,142.4));
#5058=CARTESIAN_POINT('Ctrl Pts',(-37.584783922339,51.8704110380282,142.4));
#5059=CARTESIAN_POINT('Ctrl Pts',(-37.4089685284157,51.92369783274,142.4));
#5060=CARTESIAN_POINT('Ctrl Pts',(-37.2304826268629,51.9763203433947,142.4));
#5061=CARTESIAN_POINT('Ctrl Pts',(-37.1327708921953,52.0051284271364,142.4));
#5062=CARTESIAN_POINT('Ctrl Pts',(-37.0342661101129,52.033735213599,142.4));
#5063=CARTESIAN_POINT('Ctrl Pts',(-36.9349545100612,52.0621406488092,142.4));
#5064=CARTESIAN_POINT('Ctrl Pts',(-36.6511426180677,52.1433174731247,142.4));
#5065=CARTESIAN_POINT('Ctrl Pts',(-36.3607285998817,52.2228552471309,142.4));
#5066=CARTESIAN_POINT('Ctrl Pts',(-36.0632076109301,52.30079262748,142.4));
#5067=CARTESIAN_POINT('Ctrl Pts',(-35.7744173398575,52.3764429447132,142.4));
#5068=CARTESIAN_POINT('Ctrl Pts',(-35.478931242195,52.4505853883384,142.4));
#5069=CARTESIAN_POINT('Ctrl Pts',(-35.1762390442208,52.5232492704321,142.4));
#5070=CARTESIAN_POINT('Ctrl Pts',(-34.8824249881068,52.593781877727,142.4));
#5071=CARTESIAN_POINT('Ctrl Pts',(-34.5818215075443,52.6629213642227,142.4));
#5072=CARTESIAN_POINT('Ctrl Pts',(-34.2739131909312,52.7306891200471,142.4));
#5073=CARTESIAN_POINT('Ctrl Pts',(-33.975018169191,52.7964731335262,142.4));
#5074=CARTESIAN_POINT('Ctrl Pts',(-33.6692398718731,52.8609645334713,142.4));
#5075=CARTESIAN_POINT('Ctrl Pts',(-33.3560579653601,52.9241779720805,142.4));
#5076=CARTESIAN_POINT('Ctrl Pts',(-33.1314018807166,52.9695231319363,142.4));
#5077=CARTESIAN_POINT('Ctrl Pts',(-32.902935155795,53.0142105935979,142.4));
#5078=CARTESIAN_POINT('Ctrl Pts',(-32.6704486651848,53.0582441864223,142.4));
#5079=CARTESIAN_POINT('Ctrl Pts',(-32.4995617326734,53.0906106503208,142.4));
#5080=CARTESIAN_POINT('Ctrl Pts',(-32.3265026938009,53.1226238121106,142.4));
#5081=CARTESIAN_POINT('Ctrl Pts',(-32.1511831164402,53.1542847242804,142.4));
#5082=CARTESIAN_POINT('Ctrl Pts',(-31.9840573024463,53.184465927075,142.4));
#5083=CARTESIAN_POINT('Ctrl Pts',(-31.8148687037812,53.2143285715448,142.4));
#5084=CARTESIAN_POINT('Ctrl Pts',(-31.6435414578277,53.2438722136991,142.4));
#5085=CARTESIAN_POINT('Ctrl Pts',(-31.3047746529569,53.3022891058937,142.4));
#5086=CARTESIAN_POINT('Ctrl Pts',(-30.9576567385936,53.3594576498265,142.4));
#5087=CARTESIAN_POINT('Ctrl Pts',(-30.6016086129151,53.4153642437431,142.4));
#5088=CARTESIAN_POINT('Ctrl Pts',(-30.2433511160409,53.4716177526112,142.4));
#5089=CARTESIAN_POINT('Ctrl Pts',(-29.8760527114577,53.5265936268762,142.4));
#5090=CARTESIAN_POINT('Ctrl Pts',(-29.4990673828838,53.580274972351,142.4));
#5091=CARTESIAN_POINT('Ctrl Pts',(-29.1456436373458,53.6306012337337,142.4));
#5092=CARTESIAN_POINT('Ctrl Pts',(-28.7837058216682,53.6797897158682,142.4));
#5093=CARTESIAN_POINT('Ctrl Pts',(-28.412671446165,53.7278237851322,142.4));
#5094=CARTESIAN_POINT('Ctrl Pts',(-28.055018830777,53.77412545321,142.4));
#5095=CARTESIAN_POINT('Ctrl Pts',(-27.6889140312689,53.8193544794358,142.4));
#5096=CARTESIAN_POINT('Ctrl Pts',(-27.3137876486654,53.8634933954365,142.4));
#5097=CARTESIAN_POINT('Ctrl Pts',(-26.9723937355029,53.9036632100778,142.4));
#5098=CARTESIAN_POINT('Ctrl Pts',(-26.623527439012,53.942930132532,142.4));
#5099=CARTESIAN_POINT('Ctrl Pts',(-26.2667221119471,53.9812789837346,142.4));
#5100=CARTESIAN_POINT('Ctrl Pts',(-26.0979960451726,53.999413384591,142.4));
#5101=CARTESIAN_POINT('Ctrl Pts',(-25.9274941491407,54.017342461625,142.4));
#5102=CARTESIAN_POINT('Ctrl Pts',(-25.7551640485273,54.0350644474365,142.4));
#5103=CARTESIAN_POINT('Ctrl Pts',(-25.6307370747926,54.0478601984704,142.4));
#5104=CARTESIAN_POINT('Ctrl Pts',(-25.505356975417,54.0605479859278,142.4));
#5105=CARTESIAN_POINT('Ctrl Pts',(-25.3790033664971,54.0731271087673,142.4));
#5106=CARTESIAN_POINT('Ctrl Pts',(-25.2912059038317,54.0818677777304,142.4));
#5107=CARTESIAN_POINT('Ctrl Pts',(-25.20293436311,54.0905563881426,142.4));
#5108=CARTESIAN_POINT('Ctrl Pts',(-25.1141730121509,54.0991934987616,142.4));
#5109=CARTESIAN_POINT('Ctrl Pts',(-24.7531088860208,54.1343276057151,142.4));
#5110=CARTESIAN_POINT('Ctrl Pts',(-24.3839830779598,54.1686058364075,142.4));
#5111=CARTESIAN_POINT('Ctrl Pts',(-24.0062394752378,54.2020108864104,142.4));
#5112=CARTESIAN_POINT('Ctrl Pts',(-23.6384149822665,54.2345387584683,142.4));
#5113=CARTESIAN_POINT('Ctrl Pts',(-23.2624194837428,54.2662387102129,142.4));
#5114=CARTESIAN_POINT('Ctrl Pts',(-22.8776916519619,54.2970920183855,142.4));
#5115=CARTESIAN_POINT('Ctrl Pts',(-22.5030149613307,54.3271392737339,142.4));
#5116=CARTESIAN_POINT('Ctrl Pts',(-22.1200563924817,54.356383550721,142.4));
#5117=CARTESIAN_POINT('Ctrl Pts',(-21.728249346658,54.3848048399517,142.4));
#5118=CARTESIAN_POINT('Ctrl Pts',(-21.3466263913369,54.4124873854952,142.4));
#5119=CARTESIAN_POINT('Ctrl Pts',(-20.9566091163235,54.4393891761644,142.4));
#5120=CARTESIAN_POINT('Ctrl Pts',(-20.5576255923872,54.465489031448,142.4));
#5121=CARTESIAN_POINT('Ctrl Pts',(-20.1689601069226,54.4909139232438,142.4));
#5122=CARTESIAN_POINT('Ctrl Pts',(-19.7717862707064,54.5155778266926,142.4));
#5123=CARTESIAN_POINT('Ctrl Pts',(-19.3655267615188,54.5394584899954,142.4));
#5124=CARTESIAN_POINT('Ctrl Pts',(-18.9697203090978,54.5627247038552,142.4));
#5125=CARTESIAN_POINT('Ctrl Pts',(-18.5652898634234,54.5852474707542,142.4));
#5126=CARTESIAN_POINT('Ctrl Pts',(-18.1516526438758,54.6070035543433,142.4));
#5127=CARTESIAN_POINT('Ctrl Pts',(-17.7486046344517,54.6282026770747,142.4));
#5128=CARTESIAN_POINT('Ctrl Pts',(-17.3368153548526,54.6486738749525,142.4));
#5129=CARTESIAN_POINT('Ctrl Pts',(-16.9156964979093,54.6683930025101,142.4));
#5130=CARTESIAN_POINT('Ctrl Pts',(-16.7003996766981,54.6784743973709,142.4));
#5131=CARTESIAN_POINT('Ctrl Pts',(-16.4826635141911,54.6883591753679,142.4));
#5132=CARTESIAN_POINT('Ctrl Pts',(-16.2624040195968,54.6980438222516,142.4));
#5133=CARTESIAN_POINT('Ctrl Pts',(-16.1373433384606,54.7035426477986,142.4));
#5134=CARTESIAN_POINT('Ctrl Pts',(-16.0114664977937,54.7089770610632,142.4));
#5135=CARTESIAN_POINT('Ctrl Pts',(-15.8847661560883,54.7143460263146,142.4));
#5136=CARTESIAN_POINT('Ctrl Pts',(-15.4757995281273,54.7316761107087,142.4));
#5137=CARTESIAN_POINT('Ctrl Pts',(-15.0583116132632,54.7483222474152,142.4));
#5138=CARTESIAN_POINT('Ctrl Pts',(-14.6317185395581,54.7642624814389,142.4));
#5139=CARTESIAN_POINT('Ctrl Pts',(-14.1991747676519,54.7804250714448,142.4));
#5140=CARTESIAN_POINT('Ctrl Pts',(-13.7572706004511,54.7958619557747,142.4));
#5141=CARTESIAN_POINT('Ctrl Pts',(-13.3053400280886,54.8105470638263,142.4));
#5142=CARTESIAN_POINT('Ctrl Pts',(-12.8881744413719,54.8241025125854,142.4));
#5143=CARTESIAN_POINT('Ctrl Pts',(-12.4624653886382,54.8370173792827,142.4));
#5144=CARTESIAN_POINT('Ctrl Pts',(-12.0276402271458,54.8492684824249,142.4));
#5145=CARTESIAN_POINT('Ctrl Pts',(-11.6031122562893,54.8612294644893,142.4));
#5146=CARTESIAN_POINT('Ctrl Pts',(-11.1698949804315,54.8725577549519,142.4));
#5147=CARTESIAN_POINT('Ctrl Pts',(-10.7274073983573,54.8832291713373,142.4));
#5148=CARTESIAN_POINT('Ctrl Pts',(-10.4574177803059,54.8897404764014,142.4));
#5149=CARTESIAN_POINT('Ctrl Pts',(-10.1839758913839,54.8960071767048,142.4));
#5150=CARTESIAN_POINT('Ctrl Pts',(-9.90694019192552,54.9020232643625,142.4));
#5151=CARTESIAN_POINT('Ctrl Pts',(-9.67137166604882,54.9071388538112,142.4));
#5152=CARTESIAN_POINT('Ctrl Pts',(-9.43320175566069,54.9120732968559,142.4));
#5153=CARTESIAN_POINT('Ctrl Pts',(-9.19233583339586,54.9168227011988,142.4));
#5154=CARTESIAN_POINT('Ctrl Pts',(-8.73329166535311,54.9258741533293,142.4));
#5155=CARTESIAN_POINT('Ctrl Pts',(-8.26446859697783,54.9342534615745,142.4));
#5156=CARTESIAN_POINT('Ctrl Pts',(-7.78524171219682,54.9419302677124,142.4));
#5157=CARTESIAN_POINT('Ctrl Pts',(-7.32253113378839,54.9493424967029,142.4));
#5158=CARTESIAN_POINT('Ctrl Pts',(-6.85012155333794,54.956099814415,142.4));
#5159=CARTESIAN_POINT('Ctrl Pts',(-6.36740240965998,54.9621724639117,142.4));
#5160=CARTESIAN_POINT('Ctrl Pts',(-5.89388418931558,54.9681293649796,142.4));
#5161=CARTESIAN_POINT('Ctrl Pts',(-5.41044584948512,54.9734274584755,142.4));
#5162=CARTESIAN_POINT('Ctrl Pts',(-4.91646219802379,54.9780361829542,142.4));
#5163=CARTESIAN_POINT('Ctrl Pts',(-4.43778649121248,54.9825020887404,142.4));
#5164=CARTESIAN_POINT('Ctrl Pts',(-3.94920899134087,54.986320692654,142.4));
#5165=CARTESIAN_POINT('Ctrl Pts',(-3.45011285464319,54.9894617574861,142.4));
#5166=CARTESIAN_POINT('Ctrl Pts',(-2.9955584363319,54.9923224987194,142.4));
#5167=CARTESIAN_POINT('Ctrl Pts',(-2.53227871130837,54.994621219996,142.4));
#5168=CARTESIAN_POINT('Ctrl Pts',(-2.05977005677579,54.9963331727913,142.4));
#5169=CARTESIAN_POINT('',(-17.7000000000003,54.6302670823559,144.685));
#5170=CARTESIAN_POINT('',(-9.30000000000059,54.9146838755047,144.685));
#5171=CARTESIAN_POINT('Ctrl Pts',(-17.6999999999179,54.6302670823601,144.685));
#5172=CARTESIAN_POINT('Ctrl Pts',(-17.2951670021175,54.650682674412,144.685));
#5173=CARTESIAN_POINT('Ctrl Pts',(-16.8816104691986,54.6703776615616,144.685));
#5174=CARTESIAN_POINT('Ctrl Pts',(-16.458746148851,54.6893280307431,144.685));
#5175=CARTESIAN_POINT('Ctrl Pts',(-16.0458972898924,54.7078295640174,144.685));
#5176=CARTESIAN_POINT('Ctrl Pts',(-15.6241764881428,54.7256213411148,144.685));
#5177=CARTESIAN_POINT('Ctrl Pts',(-15.1929908827853,54.7426783863734,144.685));
#5178=CARTESIAN_POINT('Ctrl Pts',(-14.7719735306339,54.7593331910354,144.685));
#5179=CARTESIAN_POINT('Ctrl Pts',(-14.3419326725671,54.7752875157193,144.685));
#5180=CARTESIAN_POINT('Ctrl Pts',(-13.9022666467451,54.7905154669671,144.685));
#5181=CARTESIAN_POINT('Ctrl Pts',(-13.4777736552376,54.8052178960839,144.685));
#5182=CARTESIAN_POINT('Ctrl Pts',(-13.0443084318061,54.8192432238685,144.685));
#5183=CARTESIAN_POINT('Ctrl Pts',(-12.6012810641482,54.8325655895813,144.685));
#5184=CARTESIAN_POINT('Ctrl Pts',(-12.1670728883553,54.8456227515891,144.685));
#5185=CARTESIAN_POINT('Ctrl Pts',(-11.7236796657915,54.8580046691451,144.685));
#5186=CARTESIAN_POINT('Ctrl Pts',(-11.2704966877271,54.8696844039349,144.685));
#5187=CARTESIAN_POINT('Ctrl Pts',(-10.8305978540326,54.8810217708718,144.685));
#5188=CARTESIAN_POINT('Ctrl Pts',(-10.38147489125,54.8916975225739,144.685));
#5189=CARTESIAN_POINT('Ctrl Pts',(-9.92252579120489,54.9016844617001,144.685));
#5190=CARTESIAN_POINT('Ctrl Pts',(-9.71700743257603,54.9061566337487,144.685));
#5191=CARTESIAN_POINT('Ctrl Pts',(-9.50951799587861,54.9104906452369,144.685));
#5192=CARTESIAN_POINT('Ctrl Pts',(-9.29999999994182,54.9146838755059,144.685));
#5193=CARTESIAN_POINT('',(-7.30000000000065,54.9494089999532,146.685));
#5194=CARTESIAN_POINT('Ctrl Pts',(-9.3000000000006,54.9146838755047,144.685));
#5195=CARTESIAN_POINT('Ctrl Pts',(-9.28689198089855,54.9149462154637,144.685));
#5196=CARTESIAN_POINT('Ctrl Pts',(-9.27378416657922,54.9152078412646,144.685128865124));
#5197=CARTESIAN_POINT('Ctrl Pts',(-9.23881942627299,54.9159038319775,144.685816431789));
#5198=CARTESIAN_POINT('Ctrl Pts',(-9.21696886696584,54.9163368079326,144.686604684504));
#5199=CARTESIAN_POINT('Ctrl Pts',(-9.14927521773158,54.9176721130057,144.690158900643));
#5200=CARTESIAN_POINT('Ctrl Pts',(-9.10351115865514,54.918566194115,144.694145623636));
#5201=CARTESIAN_POINT('Ctrl Pts',(-8.7930683924491,54.9245737393493,144.731999172018));
#5202=CARTESIAN_POINT('Ctrl Pts',(-8.53732398474875,54.9292284254905,144.816972441386));
#5203=CARTESIAN_POINT('Ctrl Pts',(-8.10166484491745,54.9367882863809,145.066563353422));
#5204=CARTESIAN_POINT('Ctrl Pts',(-7.9197569916337,54.9397814998376,145.2186166786));
#5205=CARTESIAN_POINT('Ctrl Pts',(-7.60031195315032,54.944885208351,145.598990274662));
#5206=CARTESIAN_POINT('Ctrl Pts',(-7.47304587506232,54.9468168527705,145.83024812724));
#5207=CARTESIAN_POINT('Ctrl Pts',(-7.33156461920439,54.9489450546,146.275585904327));
#5208=CARTESIAN_POINT('Ctrl Pts',(-7.3000000000007,54.9494089999532,146.479859733233));
#5209=CARTESIAN_POINT('Ctrl Pts',(-7.30000000000065,54.9494089999532,146.685));
#5210=CARTESIAN_POINT('',(-7.30000000000044,54.9494089999532,150.185));
#5211=CARTESIAN_POINT('',(-7.30000000000065,54.9494089999532,146.685));
#5212=CARTESIAN_POINT('',(-9.30000000000043,54.9146838755047,152.185));
#5213=CARTESIAN_POINT('Ctrl Pts',(-7.30000000000044,54.9494089999532,150.185));
#5214=CARTESIAN_POINT('Ctrl Pts',(-7.30000000000044,54.9494089999532,150.20824898505));
#5215=CARTESIAN_POINT('Ctrl Pts',(-7.30040538375275,54.9494029963667,150.231514510195));
#5216=CARTESIAN_POINT('Ctrl Pts',(-7.30121789719296,54.9493909596701,150.254786141149));
#5217=CARTESIAN_POINT('Ctrl Pts',(-7.30560232660114,54.9493260080717,150.380362923126));
#5218=CARTESIAN_POINT('Ctrl Pts',(-7.32180169800809,54.9490877842147,150.504979239707));
#5219=CARTESIAN_POINT('Ctrl Pts',(-7.34945380600077,54.9486748158948,150.627006272663));
#5220=CARTESIAN_POINT('Ctrl Pts',(-7.37609526030303,54.9482769411062,150.744573353734));
#5221=CARTESIAN_POINT('Ctrl Pts',(-7.41336906142453,54.9477168618578,150.859743600171));
#5222=CARTESIAN_POINT('Ctrl Pts',(-7.4609488015655,54.9469932615395,150.971060232765));
#5223=CARTESIAN_POINT('Ctrl Pts',(-7.51475583853536,54.9461749554924,151.096946127636));
#5224=CARTESIAN_POINT('Ctrl Pts',(-7.58125008309011,54.9451539548277,151.216750422135));
#5225=CARTESIAN_POINT('Ctrl Pts',(-7.65925902370716,54.9439288647401,151.328664744893));
#5226=CARTESIAN_POINT('Ctrl Pts',(-7.71172294438215,54.9431049459859,151.403931299024));
#5227=CARTESIAN_POINT('Ctrl Pts',(-7.76939663128926,54.9421887162812,151.475631617659));
#5228=CARTESIAN_POINT('Ctrl Pts',(-7.83192111223871,54.9411797513362,151.543213672184));
#5229=CARTESIAN_POINT('Ctrl Pts',(-7.97286817910237,54.9389052718458,151.695561875852));
#5230=CARTESIAN_POINT('Ctrl Pts',(-8.1366707729837,54.9361861371743,151.82504164627));
#5231=CARTESIAN_POINT('Ctrl Pts',(-8.31743533992979,54.9330439101589,151.927000771751));
#5232=CARTESIAN_POINT('Ctrl Pts',(-8.47023711375023,54.9303877598424,152.013187658339));
#5233=CARTESIAN_POINT('Ctrl Pts',(-8.63371294380704,54.9274536436407,152.078894182174));
#5234=CARTESIAN_POINT('Ctrl Pts',(-8.80364891335283,54.924281617744,152.122430153266));
#5235=CARTESIAN_POINT('Ctrl Pts',(-8.91135664882556,54.9222711444633,152.150023845587));
#5236=CARTESIAN_POINT('Ctrl Pts',(-9.02117663817696,54.9201743663505,152.168587471373));
#5237=CARTESIAN_POINT('Ctrl Pts',(-9.13196682235456,54.9180080775249,152.177928712024));
#5238=CARTESIAN_POINT('Ctrl Pts',(-9.16329005100148,54.9173956120732,152.180569720512));
#5239=CARTESIAN_POINT('Ctrl Pts',(-9.19467109580552,54.9167779993809,152.182471884557));
#5240=CARTESIAN_POINT('Ctrl Pts',(-9.2260838001902,54.916155697466,152.183633632111));
#5241=CARTESIAN_POINT('Ctrl Pts',(-9.24506548510383,54.9157796604739,152.184335638718));
#5242=CARTESIAN_POINT('Ctrl Pts',(-9.26405617674006,54.9154019623503,152.18476719555));
#5243=CARTESIAN_POINT('Ctrl Pts',(-9.28305009455281,54.9150227102307,152.184928173887));
#5244=CARTESIAN_POINT('Ctrl Pts',(-9.28869998967399,54.9149098986075,152.1849760582));
#5245=CARTESIAN_POINT('Ctrl Pts',(-9.29435000888229,54.9147969527307,152.185));
#5246=CARTESIAN_POINT('Ctrl Pts',(-9.30000000000043,54.9146838755047,152.185));
#5247=CARTESIAN_POINT('',(-17.7000000000003,54.6302670823559,152.185));
#5248=CARTESIAN_POINT('Ctrl Pts',(-9.29999999993142,54.9146838755061,152.185));
#5249=CARTESIAN_POINT('Ctrl Pts',(-9.76952690062711,54.9052869050775,152.185));
#5250=CARTESIAN_POINT('Ctrl Pts',(-10.2288699627882,54.8951831175444,152.185));
#5251=CARTESIAN_POINT('Ctrl Pts',(-10.6786610295773,54.8844012216832,152.185));
#5252=CARTESIAN_POINT('Ctrl Pts',(-11.1389416304812,54.8733678822677,152.185));
#5253=CARTESIAN_POINT('Ctrl Pts',(-11.589219338285,54.8616244288633,152.185));
#5254=CARTESIAN_POINT('Ctrl Pts',(-12.0301157018795,54.8491987265196,152.185));
#5255=CARTESIAN_POINT('Ctrl Pts',(-12.4813357589381,54.8364820733931,152.185));
#5256=CARTESIAN_POINT('Ctrl Pts',(-12.9227298178009,54.8230508387723,152.185));
#5257=CARTESIAN_POINT('Ctrl Pts',(-13.3549093789654,54.8089320213827,152.185));
#5258=CARTESIAN_POINT('Ctrl Pts',(-13.802408565891,54.7943127291488,152.185));
#5259=CARTESIAN_POINT('Ctrl Pts',(-14.2400283410017,54.7789562411772,152.185));
#5260=CARTESIAN_POINT('Ctrl Pts',(-14.6683913835736,54.7628895702978,152.185));
#5261=CARTESIAN_POINT('Ctrl Pts',(-15.1054838600325,54.7464954833546,152.185));
#5262=CARTESIAN_POINT('Ctrl Pts',(-15.5329382703643,54.7293619635115,152.185));
#5263=CARTESIAN_POINT('Ctrl Pts',(-15.9513610860036,54.711514791753,152.185));
#5264=CARTESIAN_POINT('Ctrl Pts',(-16.3823534029198,54.693131487547,152.185));
#5265=CARTESIAN_POINT('Ctrl Pts',(-16.8037632264683,54.67399100554,152.185));
#5266=CARTESIAN_POINT('Ctrl Pts',(-17.2161980106842,54.6541185696026,152.185));
#5267=CARTESIAN_POINT('Ctrl Pts',(-17.3788501052562,54.6462814679488,152.185));
#5268=CARTESIAN_POINT('Ctrl Pts',(-17.5401057475936,54.6383304957791,152.185));
#5269=CARTESIAN_POINT('Ctrl Pts',(-17.6999999999248,54.6302670823597,152.185));
#5270=CARTESIAN_POINT('',(-19.7000000000002,54.5194973540387,150.184999458275));
#5271=CARTESIAN_POINT('Ctrl Pts',(-17.7000000000003,54.6302670823559,152.185));
#5272=CARTESIAN_POINT('Ctrl Pts',(-17.7229430326547,54.6291100729282,152.184999993785));
#5273=CARTESIAN_POINT('Ctrl Pts',(-17.7458841955027,54.6279494278965,152.184605200629));
#5274=CARTESIAN_POINT('Ctrl Pts',(-17.7688133022003,54.6267856513015,152.183815813467));
#5275=CARTESIAN_POINT('Ctrl Pts',(-17.7953267855334,54.6254399481408,152.182903025907));
#5276=CARTESIAN_POINT('Ctrl Pts',(-17.8218193026261,54.624090303265,152.181462799111));
#5277=CARTESIAN_POINT('Ctrl Pts',(-17.8482751265636,54.6227375224868,152.179496009561));
#5278=CARTESIAN_POINT('Ctrl Pts',(-17.9074373700788,54.6197123456482,152.175097746156));
#5279=CARTESIAN_POINT('Ctrl Pts',(-17.9663741776899,54.6166735909856,152.168069321936));
#5280=CARTESIAN_POINT('Ctrl Pts',(-18.024910703272,54.613630756951,152.158431709399));
#5281=CARTESIAN_POINT('Ctrl Pts',(-18.1369072001729,54.6078089773162,152.139992302005));
#5282=CARTESIAN_POINT('Ctrl Pts',(-18.2469954902196,54.6019948340747,152.112075981233));
#5283=CARTESIAN_POINT('Ctrl Pts',(-18.3539855961187,54.5962611552536,152.075055716845));
#5284=CARTESIAN_POINT('Ctrl Pts',(-18.431537392011,54.5921050972153,152.048221572103));
#5285=CARTESIAN_POINT('Ctrl Pts',(-18.5074626397701,54.5879914224647,152.016604144725));
#5286=CARTESIAN_POINT('Ctrl Pts',(-18.581325072976,54.5839493322968,151.980345477225));
#5287=CARTESIAN_POINT('Ctrl Pts',(-18.7042464705013,54.5772225112215,151.920004030457));
#5288=CARTESIAN_POINT('Ctrl Pts',(-18.8204702904286,54.5707474523447,151.847287598905));
#5289=CARTESIAN_POINT('Ctrl Pts',(-18.928221285898,54.5646605068539,151.763442963787));
#5290=CARTESIAN_POINT('Ctrl Pts',(-18.9935880433652,54.5609678830606,151.712578914644));
#5291=CARTESIAN_POINT('Ctrl Pts',(-19.055838024616,54.5574182198029,151.657619465145));
#5292=CARTESIAN_POINT('Ctrl Pts',(-19.1145837412847,54.5540427945248,151.598842969122));
#5293=CARTESIAN_POINT('Ctrl Pts',(-19.2215515176714,54.547896614738,151.491819147812));
#5294=CARTESIAN_POINT('Ctrl Pts',(-19.3158668998921,54.5423880617234,151.373157469095));
#5295=CARTESIAN_POINT('Ctrl Pts',(-19.3958514890749,54.5376734988023,151.245223807598));
#5296=CARTESIAN_POINT('Ctrl Pts',(-19.4360229212203,54.5353056583669,151.180970450115));
#5297=CARTESIAN_POINT('Ctrl Pts',(-19.4725789857286,54.5331380641364,151.114378284424));
#5298=CARTESIAN_POINT('Ctrl Pts',(-19.5053015861977,54.5311900996243,151.045747036732));
#5299=CARTESIAN_POINT('Ctrl Pts',(-19.5553937940096,54.5282081287004,150.940685376823));
#5300=CARTESIAN_POINT('Ctrl Pts',(-19.5961913617037,54.525759819498,150.831503342162));
#5301=CARTESIAN_POINT('Ctrl Pts',(-19.6272658551997,54.5238894923738,150.719453985481));
#5302=CARTESIAN_POINT('Ctrl Pts',(-19.6367968253191,54.5233158375873,150.68508692265));
#5303=CARTESIAN_POINT('Ctrl Pts',(-19.6454127533399,54.5227965245453,150.650450121548));
#5304=CARTESIAN_POINT('Ctrl Pts',(-19.6531002724455,54.5223327455779,150.615579737187));
#5305=CARTESIAN_POINT('Ctrl Pts',(-19.6766774157499,54.5209103643093,150.508634435605));
#5306=CARTESIAN_POINT('Ctrl Pts',(-19.6914154610413,54.5200173321789,150.399988346763));
#5307=CARTESIAN_POINT('Ctrl Pts',(-19.697201433755,54.5196668817064,150.290739930968));
#5308=CARTESIAN_POINT('Ctrl Pts',(-19.6990654999685,54.5195539771149,150.255543380475));
#5309=CARTESIAN_POINT('Ctrl Pts',(-19.6999999998524,54.5194973540476,150.220284312394));
#5310=CARTESIAN_POINT('Ctrl Pts',(-19.7000000000003,54.5194973540387,150.184999458275));
#5311=CARTESIAN_POINT('',(-19.7000000000006,54.5194973540387,146.685));
#5312=CARTESIAN_POINT('',(-19.7000000000002,54.5194973540387,150.184999458275));
#5313=CARTESIAN_POINT('Ctrl Pts',(-19.7000000000006,54.5194973540387,146.685));
#5314=CARTESIAN_POINT('Ctrl Pts',(-19.7000000000006,54.5194973540387,146.554402340587));
#5315=CARTESIAN_POINT('Ctrl Pts',(-19.6872081349754,54.5202742942704,146.423957812544));
#5316=CARTESIAN_POINT('Ctrl Pts',(-19.661715182692,54.5218129985091,146.295547124805));
#5317=CARTESIAN_POINT('Ctrl Pts',(-19.6563093952862,54.5221392811579,146.268317603844));
#5318=CARTESIAN_POINT('Ctrl Pts',(-19.6503325148755,54.5224998167665,146.2411797061));
#5319=CARTESIAN_POINT('Ctrl Pts',(-19.6437854731736,54.5228944606313,146.214151792738));
#5320=CARTESIAN_POINT('Ctrl Pts',(-19.6129250147494,54.5247546734013,146.086751688299));
#5321=CARTESIAN_POINT('Ctrl Pts',(-19.5696787195965,54.5273565941198,145.962958810981));
#5322=CARTESIAN_POINT('Ctrl Pts',(-19.5148172655927,54.5306250295245,145.844501164481));
#5323=CARTESIAN_POINT('Ctrl Pts',(-19.4703356929493,54.5332750713349,145.748455908233));
#5324=CARTESIAN_POINT('Ctrl Pts',(-19.418216510688,54.5363632758036,145.655913741559));
#5325=CARTESIAN_POINT('Ctrl Pts',(-19.3588717803297,54.5398495638837,145.567796161648));
#5326=CARTESIAN_POINT('Ctrl Pts',(-19.2825893046077,54.5443308831891,145.454528696961));
#5327=CARTESIAN_POINT('Ctrl Pts',(-19.1950381243753,54.5494277529558,145.34956648113));
#5328=CARTESIAN_POINT('Ctrl Pts',(-19.0976937270237,54.5550124475179,145.254457359796));
#5329=CARTESIAN_POINT('Ctrl Pts',(-19.0392083429451,54.5583677819317,145.197314949531));
#5330=CARTESIAN_POINT('Ctrl Pts',(-18.9771865092374,54.5618992071356,145.143727765647));
#5331=CARTESIAN_POINT('Ctrl Pts',(-18.9119496588828,54.5655790226473,145.09403236226));
#5332=CARTESIAN_POINT('Ctrl Pts',(-18.7583359955138,54.5742439097194,144.977014251707));
#5333=CARTESIAN_POINT('Ctrl Pts',(-18.5886015069581,54.5836322972772,144.882873792693));
#5334=CARTESIAN_POINT('Ctrl Pts',(-18.4080463126075,54.5933567633898,144.814526685781));
#5335=CARTESIAN_POINT('Ctrl Pts',(-18.2568180073293,54.601501721696,144.75728093782));
#5336=CARTESIAN_POINT('Ctrl Pts',(-18.0992069183475,54.6098174715779,144.718587315444));
#5337=CARTESIAN_POINT('Ctrl Pts',(-17.9386681741861,54.6180958649125,144.699291687424));
#5338=CARTESIAN_POINT('Ctrl Pts',(-17.8942234772358,54.6203877146769,144.693949747419));
#5339=CARTESIAN_POINT('Ctrl Pts',(-17.8496115662924,54.6226739401457,144.690101426754));
#5340=CARTESIAN_POINT('Ctrl Pts',(-17.8049078232121,54.6249505646074,144.687753308019));
#5341=CARTESIAN_POINT('Ctrl Pts',(-17.7791154751547,54.6262640897502,144.686398533418));
#5342=CARTESIAN_POINT('Ctrl Pts',(-17.7532991026409,54.6275740891492,144.685543497069));
#5343=CARTESIAN_POINT('Ctrl Pts',(-17.7274732323277,54.6288798330941,144.685188703526));
#5344=CARTESIAN_POINT('Ctrl Pts',(-17.7183159299972,54.6293428220244,144.685062901309));
#5345=CARTESIAN_POINT('Ctrl Pts',(-17.7091579698831,54.6298052490119,144.685));
#5346=CARTESIAN_POINT('Ctrl Pts',(-17.7000000000003,54.6302670823559,144.685));
#5347=CARTESIAN_POINT('Origin',(0.,0.,154.295));
#5348=CARTESIAN_POINT('',(-50.6180385044545,0.227814439662481,154.295));
#5349=CARTESIAN_POINT('',(-50.3984933475589,-0.389702830457335,154.295));
#5350=CARTESIAN_POINT('Origin',(-51.3984634536612,-0.397435029474346,154.295));
#5351=CARTESIAN_POINT('',(-50.6219878874644,2.34871423141962,154.295));
#5352=CARTESIAN_POINT('Origin',(-49.2913160908032,1.29073853719495,154.295));
#5353=CARTESIAN_POINT('',(-50.5870336976962,4.16999150688311,154.295));
#5354=CARTESIAN_POINT('Origin',(-51.7961100609892,3.28222219691205,154.295));
#5355=CARTESIAN_POINT('',(-50.7764389352883,4.85705882719284,154.295));
#5356=CARTESIAN_POINT('Origin',(-49.780982788834,4.76183771353064,154.295));
#5357=CARTESIAN_POINT('',(-50.68032463035,5.7742936158642,154.295));
#5358=CARTESIAN_POINT('Origin',(0.,0.,154.295));
#5359=CARTESIAN_POINT('',(-52.6422613528543,5.9978280696098,154.295));
#5360=CARTESIAN_POINT('',(-50.7779498349772,5.78541660275671,154.295));
#5361=CARTESIAN_POINT('Origin',(0.,0.,154.295));
#5362=CARTESIAN_POINT('Origin',(0.,0.,154.295));
#5363=CARTESIAN_POINT('',(35.2044963704051,44.0034862436284,154.295));
#5364=CARTESIAN_POINT('',(35.2044963704051,43.3224834993781,154.295));
#5365=CARTESIAN_POINT('Origin',(34.8639949982799,43.6629848715033,154.295));
#5366=CARTESIAN_POINT('',(34.8639949982799,43.6629848715033,154.295));
#5367=CARTESIAN_POINT('',(37.0637424665857,41.4632374031976,154.295));
#5368=CARTESIAN_POINT('',(15.4025007168967,24.20149059012,154.295));
#5369=CARTESIAN_POINT('',(39.8690947836548,38.6578850861285,154.295));
#5370=CARTESIAN_POINT('',(38.2690087775187,40.2579710922645,154.295));
#5371=CARTESIAN_POINT('',(38.7662493562051,39.7607305135781,154.295));
#5372=CARTESIAN_POINT('',(38.5608671130508,40.5498294277967,154.295));
#5373=CARTESIAN_POINT('',(18.7831929778388,20.772155292585,154.295));
#5374=CARTESIAN_POINT('',(39.8690950735899,39.2416014672576,154.295));
#5375=CARTESIAN_POINT('',(39.7122216720068,39.3984748688407,154.295));
#5376=CARTESIAN_POINT('',(42.9759907004542,42.3484970941218,154.295));
#5377=CARTESIAN_POINT('',(21.6448687518102,21.0173751454778,154.295));
#5378=CARTESIAN_POINT('',(42.9759907004542,46.8553638896199,154.295));
#5379=CARTESIAN_POINT('',(42.9759907004542,23.42768194481,154.295));
#5380=CARTESIAN_POINT('',(38.4691239339495,46.8553638606264,154.295));
#5381=CARTESIAN_POINT('',(19.2345618162601,46.8553637368868,154.295));
#5382=CARTESIAN_POINT('',(38.469123904956,47.2681137781793,154.295));
#5383=CARTESIAN_POINT('',(38.4691255651248,23.6340582402172,154.295));
#5384=CARTESIAN_POINT('',(43.3887405890136,47.2681137781793,154.295));
#5385=CARTESIAN_POINT('',(21.6943702945068,47.2681137781793,154.295));
#5386=CARTESIAN_POINT('',(43.3887403570654,42.1775306595391,154.295));
#5387=CARTESIAN_POINT('',(43.3887393961734,21.0887643412837,154.295));
#5388=CARTESIAN_POINT('',(20.237349816209,19.0261401186826,154.295));
#5389=CARTESIAN_POINT('',(37.6852922224284,40.8416876473548,154.295));
#5390=CARTESIAN_POINT('',(37.4420769524828,41.0849029173004,154.295));
#5391=CARTESIAN_POINT('',(38.3527834436872,40.174196426096,154.295));
#5392=CARTESIAN_POINT('',(37.4420769524828,46.2410668257061,154.295));
#5393=CARTESIAN_POINT('Origin',(34.8639949982799,43.6629848715033,154.295));
#5394=CARTESIAN_POINT('',(37.6852922224284,46.4842820956517,154.295));
#5395=CARTESIAN_POINT('',(16.6428986429084,25.4418885161317,154.295));
#5396=CARTESIAN_POINT('Origin',(34.8639949982799,43.6629848715033,154.295));
#5397=CARTESIAN_POINT('',(36.0314283404086,42.4955515293746,154.295));
#5398=CARTESIAN_POINT('',(35.7882130124759,42.7387668573073,154.295));
#5399=CARTESIAN_POINT('',(37.5258514736838,41.0011283960995,154.295));
#5400=CARTESIAN_POINT('',(35.7882130124759,44.5872028856992,154.295));
#5401=CARTESIAN_POINT('Origin',(34.8639949982799,43.6629848715033,154.295));
#5402=CARTESIAN_POINT('',(36.0314283404086,44.8304182136319,154.295));
#5403=CARTESIAN_POINT('',(15.8159667018984,24.6149565751218,154.295));
#5404=CARTESIAN_POINT('Origin',(34.8639949982799,43.6629848715033,154.295));
#5405=CARTESIAN_POINT('',(45.5900742557898,43.553363853352,154.295));
#5406=CARTESIAN_POINT('',(45.5900737918934,43.9661142058077,154.295));
#5407=CARTESIAN_POINT('',(45.5900984989525,21.9830827226158,154.295));
#5408=CARTESIAN_POINT('',(46.6907406252815,43.9661137419114,154.295));
#5409=CARTESIAN_POINT('',(23.3453795778093,43.9661235812439,154.295));
#5410=CARTESIAN_POINT('',(46.6907403933334,38.8755306232712,154.295));
#5411=CARTESIAN_POINT('',(46.6907395076678,19.4377642479234,154.295));
#5412=CARTESIAN_POINT('',(43.1710948199227,35.3558850498605,154.295));
#5413=CARTESIAN_POINT('',(23.5393498524769,15.7241400824147,154.295));
#5414=CARTESIAN_POINT('',(41.2282367561918,37.2987431135914,154.295));
#5415=CARTESIAN_POINT('',(40.2458633455417,38.2811165242415,154.295));
#5416=CARTESIAN_POINT('',(44.6269907185881,40.6974970759878,154.295));
#5417=CARTESIAN_POINT('',(23.2958687699441,19.3663751273438,154.295));
#5418=CARTESIAN_POINT('',(44.6269907185881,45.6171137600454,154.295));
#5419=CARTESIAN_POINT('',(44.6269907185881,22.8085568800227,154.295));
#5420=CARTESIAN_POINT('',(45.0397406071475,45.6171137600454,154.295));
#5421=CARTESIAN_POINT('',(22.5198703035738,45.6171137600454,154.295));
#5422=CARTESIAN_POINT('',(45.0397403751994,40.5265306414051,154.295));
#5423=CARTESIAN_POINT('',(45.0397394519206,20.2632642946036,154.295));
#5424=CARTESIAN_POINT('',(41.8119531373209,37.2987434035266,154.295));
#5425=CARTESIAN_POINT('',(22.034279002109,17.5210692683147,154.295));
#5426=CARTESIAN_POINT('',(43.1710946459616,35.9396018948859,154.295));
#5427=CARTESIAN_POINT('',(41.3632214581927,37.7474750826548,154.295));
#5428=CARTESIAN_POINT('',(46.2779902728258,39.0464975217501,154.295));
#5429=CARTESIAN_POINT('',(24.9468683241819,17.7153755731061,154.295));
#5430=CARTESIAN_POINT('',(46.2779907367221,43.553363853352,154.295));
#5431=CARTESIAN_POINT('',(46.2779884952259,21.776679544956,154.295));
#5432=CARTESIAN_POINT('',(22.7950371278949,43.553363853352,154.295));
#5433=CARTESIAN_POINT('',(36.8583601654444,41.6686197043388,154.295));
#5434=CARTESIAN_POINT('',(36.6151448954988,41.9118349742844,154.295));
#5435=CARTESIAN_POINT('',(37.9393174151954,40.5876624545878,154.295));
#5436=CARTESIAN_POINT('',(36.6151448954988,45.4141347687221,154.295));
#5437=CARTESIAN_POINT('Origin',(34.8639949982799,43.6629848715033,154.295));
#5438=CARTESIAN_POINT('',(36.8583601654444,45.6573500386677,154.295));
#5439=CARTESIAN_POINT('',(16.2294326144164,25.0284224876397,154.295));
#5440=CARTESIAN_POINT('Origin',(34.8639949982799,43.6629848715033,154.295));
#5441=CARTESIAN_POINT('Origin',(-2.25977005677648,22.0999999999973,142.2));
#5442=CARTESIAN_POINT('',(-2.45977005677587,52.7426727732658,142.));
#5443=CARTESIAN_POINT('',(-2.45977006130428,54.5947324502299,142.));
#5444=CARTESIAN_POINT('',(-2.45977005677648,22.0999999999973,142.));
#5445=CARTESIAN_POINT('Ctrl Pts',(-2.45977006353601,54.5947324510246,142.));
#5446=CARTESIAN_POINT('Ctrl Pts',(-2.39310785008121,54.6616859146534,142.066661678394));
#5447=CARTESIAN_POINT('Ctrl Pts',(-2.32644065328324,54.7286325009057,142.133329070225));
#5448=CARTESIAN_POINT('Ctrl Pts',(-2.25976966980398,54.7955703682687,142.200000185738));
#5449=CARTESIAN_POINT('Ctrl Pts',(-2.19310755930459,54.8624993271332,142.266662428254));
#5450=CARTESIAN_POINT('Ctrl Pts',(-2.12644051663499,54.9294207206565,142.333329540141));
#5451=CARTESIAN_POINT('Ctrl Pts',(-2.05977005677584,54.9963331727913,142.4));
#5452=CARTESIAN_POINT('',(-2.05977005677588,52.3595010223857,142.4));
#5453=CARTESIAN_POINT('',(-2.05977005677648,22.0999999999973,142.4));
#5454=CARTESIAN_POINT('Origin',(-82.288993751719,-114.536854193689,62.1707763474796));
#5455=CARTESIAN_POINT('Ctrl Pts',(1.98470437343494,54.5965975596796,142.));
#5456=CARTESIAN_POINT('Ctrl Pts',(4.87762605740476,54.586505670974,142.));
#5457=CARTESIAN_POINT('Ctrl Pts',(9.95669031414949,54.5231604695966,142.));
#5458=CARTESIAN_POINT('Ctrl Pts',(18.142924235011,54.2607750883093,142.));
#5459=CARTESIAN_POINT('Ctrl Pts',(25.70992416277,53.7235635237569,142.));
#5460=CARTESIAN_POINT('Ctrl Pts',(32.3100456993571,52.8116233864491,142.));
#5461=CARTESIAN_POINT('Ctrl Pts',(38.9230530946028,51.2535758906528,142.));
#5462=CARTESIAN_POINT('Ctrl Pts',(44.4719509269513,48.6613344396429,142.));
#5463=CARTESIAN_POINT('Ctrl Pts',(48.877023435132,44.1621960661593,142.));
#5464=CARTESIAN_POINT('Ctrl Pts',(51.411646802286,38.4584131533068,142.));
#5465=CARTESIAN_POINT('Ctrl Pts',(52.9311258824989,31.6379934979295,142.));
#5466=CARTESIAN_POINT('Ctrl Pts',(53.8130305385306,24.8010794254102,142.));
#5467=CARTESIAN_POINT('Ctrl Pts',(54.3217714686701,16.9201029283865,142.));
#5468=CARTESIAN_POINT('Ctrl Pts',(54.5550776232215,8.33636816474352,142.));
#5469=CARTESIAN_POINT('Ctrl Pts',(54.6003876619104,2.98267972428467,142.));
#5470=CARTESIAN_POINT('Ctrl Pts',(54.5999950005216,-0.0778797004810693,
142.));
#5471=CARTESIAN_POINT('Ctrl Pts',(1.98517062840533,54.7303140577998,142.133717311021));
#5472=CARTESIAN_POINT('Ctrl Pts',(4.87880680158038,54.720219678753,142.133717311021));
#5473=CARTESIAN_POINT('Ctrl Pts',(9.95943173730202,54.6568575188774,142.133717311021));
#5474=CARTESIAN_POINT('Ctrl Pts',(18.1494905401744,54.3943598529196,142.133717311021));
#5475=CARTESIAN_POINT('Ctrl Pts',(25.7225582306393,53.856763058038,142.133717311021));
#5476=CARTESIAN_POINT('Ctrl Pts',(32.3332277452746,52.9435344096142,142.133717311021));
#5477=CARTESIAN_POINT('Ctrl Pts',(38.9644785914057,51.3813519770113,142.133717311021));
#5478=CARTESIAN_POINT('Ctrl Pts',(44.5478828564072,48.7758951291845,142.133717311021));
#5479=CARTESIAN_POINT('Ctrl Pts',(48.9932094590621,44.2353858971083,142.133717311021));
#5480=CARTESIAN_POINT('Ctrl Pts',(51.5399384364292,38.4978115696628,142.133717311021));
#5481=CARTESIAN_POINT('Ctrl Pts',(53.0632708005279,31.6597650343378,142.133717311021));
#5482=CARTESIAN_POINT('Ctrl Pts',(53.9463047662139,24.8127295442557,142.133717311021));
#5483=CARTESIAN_POINT('Ctrl Pts',(54.4553911399285,16.9259133292807,142.133717311021));
#5484=CARTESIAN_POINT('Ctrl Pts',(54.6887837728685,8.33852340556616,142.133717311021));
#5485=CARTESIAN_POINT('Ctrl Pts',(54.7341050695115,2.98334360137743,142.133717311021));
#5486=CARTESIAN_POINT('Ctrl Pts',(54.733712310296,-0.0778970681361533,142.133717311021));
#5487=CARTESIAN_POINT('Ctrl Pts',(1.98563688337571,54.8640305559201,142.267434622043));
#5488=CARTESIAN_POINT('Ctrl Pts',(4.879987545756,54.8539336865321,142.267434622043));
#5489=CARTESIAN_POINT('Ctrl Pts',(9.96217316045456,54.7905545681581,142.267434622043));
#5490=CARTESIAN_POINT('Ctrl Pts',(18.1560568453379,54.5279446175298,142.267434622043));
#5491=CARTESIAN_POINT('Ctrl Pts',(25.7351922985086,53.9899625923192,142.267434622043));
#5492=CARTESIAN_POINT('Ctrl Pts',(32.3564097911922,53.0754454327791,142.267434622043));
#5493=CARTESIAN_POINT('Ctrl Pts',(39.0059040882086,51.50912806337,142.267434622043));
#5494=CARTESIAN_POINT('Ctrl Pts',(44.6238147858629,48.8904558187261,142.267434622043));
#5495=CARTESIAN_POINT('Ctrl Pts',(49.1093954829921,44.3085757280575,142.267434622043));
#5496=CARTESIAN_POINT('Ctrl Pts',(51.6682300705723,38.537209986019,142.267434622043));
#5497=CARTESIAN_POINT('Ctrl Pts',(53.1954157185567,31.6815365707462,142.267434622043));
#5498=CARTESIAN_POINT('Ctrl Pts',(54.0795789938973,24.8243796631011,142.267434622043));
#5499=CARTESIAN_POINT('Ctrl Pts',(54.5890108111869,16.9317237301751,142.267434622043));
#5500=CARTESIAN_POINT('Ctrl Pts',(54.8224899225156,8.34067864638881,142.267434622043));
#5501=CARTESIAN_POINT('Ctrl Pts',(54.8678224771127,2.98400747847022,142.267434622043));
#5502=CARTESIAN_POINT('Ctrl Pts',(54.8674296200705,-0.0779144357912381,
142.267434622042));
#5503=CARTESIAN_POINT('Ctrl Pts',(1.9861031383461,54.9977470540404,142.401151933063));
#5504=CARTESIAN_POINT('Ctrl Pts',(4.88116828993161,54.9876476943111,142.401151933063));
#5505=CARTESIAN_POINT('Ctrl Pts',(9.96491458360708,54.9242516174388,142.401151933063));
#5506=CARTESIAN_POINT('Ctrl Pts',(18.1626231505014,54.6615293821399,142.401151933063));
#5507=CARTESIAN_POINT('Ctrl Pts',(25.7478263663778,54.1231621266003,142.401151933063));
#5508=CARTESIAN_POINT('Ctrl Pts',(32.3795918371097,53.2073564559442,142.401151933063));
#5509=CARTESIAN_POINT('Ctrl Pts',(39.0473295850115,51.6369041497287,142.401151933063));
#5510=CARTESIAN_POINT('Ctrl Pts',(44.6997467153189,49.0050165082677,142.401151933063));
#5511=CARTESIAN_POINT('Ctrl Pts',(49.2255815069221,44.3817655590065,142.401151933063));
#5512=CARTESIAN_POINT('Ctrl Pts',(51.7965217047155,38.576608402375,142.401151933063));
#5513=CARTESIAN_POINT('Ctrl Pts',(53.3275606365857,31.7033081071545,142.401151933063));
#5514=CARTESIAN_POINT('Ctrl Pts',(54.2128532215805,24.8360297819466,142.401151933063));
#5515=CARTESIAN_POINT('Ctrl Pts',(54.7226304824452,16.9375341310693,142.401151933063));
#5516=CARTESIAN_POINT('Ctrl Pts',(54.9561960721627,8.34283388721147,142.401151933063));
#5517=CARTESIAN_POINT('Ctrl Pts',(55.0015398847138,2.98467135556299,142.401151933063));
#5518=CARTESIAN_POINT('Ctrl Pts',(55.0011469298448,-0.0779318034463221,
142.401151933063));
#5519=CARTESIAN_POINT('',(2.05976957993929,54.9963331745189,142.4));
#5520=CARTESIAN_POINT('',(55.,-1.42270610864845E-14,142.4));
#5521=CARTESIAN_POINT('Ctrl Pts',(2.05976957993933,54.9963331745189,142.4));
#5522=CARTESIAN_POINT('Ctrl Pts',(2.57405782773409,54.9944698499421,142.4));
#5523=CARTESIAN_POINT('Ctrl Pts',(3.07741380127561,54.9919114379728,142.4));
#5524=CARTESIAN_POINT('Ctrl Pts',(3.57048471598791,54.9886897407764,142.4));
#5525=CARTESIAN_POINT('Ctrl Pts',(4.07602874032411,54.985386544994,142.4));
#5526=CARTESIAN_POINT('Ctrl Pts',(4.57076062495941,54.9813860743423,142.4));
#5527=CARTESIAN_POINT('Ctrl Pts',(5.05532335081487,54.9767198404439,142.4));
#5528=CARTESIAN_POINT('Ctrl Pts',(5.55220561229062,54.9719349720909,142.4));
#5529=CARTESIAN_POINT('Ctrl Pts',(6.03839491825051,54.9664500501408,142.4));
#5530=CARTESIAN_POINT('Ctrl Pts',(6.51453003310003,54.9602962912861,142.4));
#5531=CARTESIAN_POINT('Ctrl Pts',(7.00283162947451,54.9539852880042,142.4));
#5532=CARTESIAN_POINT('Ctrl Pts',(7.48055850691016,54.9469708228093,142.4));
#5533=CARTESIAN_POINT('Ctrl Pts',(7.94834523059732,54.9392838128168,142.4));
#5534=CARTESIAN_POINT('Ctrl Pts',(8.45271625245459,54.9309956231599,142.4));
#5535=CARTESIAN_POINT('Ctrl Pts',(8.94553188147233,54.9219255966177,142.4));
#5536=CARTESIAN_POINT('Ctrl Pts',(9.42752285335086,54.9121092161483,142.4));
#5537=CARTESIAN_POINT('Ctrl Pts',(9.73851160508518,54.9057755209407,142.4));
#5538=CARTESIAN_POINT('Ctrl Pts',(10.044990514263,54.8991311166325,142.4));
#5539=CARTESIAN_POINT('Ctrl Pts',(10.3471713695266,54.8921841266063,142.4));
#5540=CARTESIAN_POINT('Ctrl Pts',(10.8189507229101,54.8813381500811,142.4));
#5541=CARTESIAN_POINT('Ctrl Pts',(11.2802478760339,54.8697549515983,142.4));
#5542=CARTESIAN_POINT('Ctrl Pts',(11.731757547527,54.8574636326141,142.4));
#5543=CARTESIAN_POINT('Ctrl Pts',(12.1797397997116,54.8452683395595,142.4));
#5544=CARTESIAN_POINT('Ctrl Pts',(12.6180863867632,54.8323759212861,142.4));
#5545=CARTESIAN_POINT('Ctrl Pts',(13.0474174414052,54.8188116389128,142.4));
#5546=CARTESIAN_POINT('Ctrl Pts',(13.4882804855356,54.8048830149433,142.4));
#5547=CARTESIAN_POINT('Ctrl Pts',(13.919637004542,54.7902459422193,142.4));
#5548=CARTESIAN_POINT('Ctrl Pts',(14.3421013416616,54.7749246482283,142.4));
#5549=CARTESIAN_POINT('Ctrl Pts',(14.7470002867328,54.7602403891584,142.4));
#5550=CARTESIAN_POINT('Ctrl Pts',(15.14373047156,54.7449275896535,142.4));
#5551=CARTESIAN_POINT('Ctrl Pts',(15.5327880050156,54.7290051027312,142.4));
#5552=CARTESIAN_POINT('Ctrl Pts',(15.6594029043964,54.723823287945,142.4));
#5553=CARTESIAN_POINT('Ctrl Pts',(15.7852048579283,54.7185768822545,142.4));
#5554=CARTESIAN_POINT('Ctrl Pts',(15.9102100465792,54.7132664841061,142.4));
#5555=CARTESIAN_POINT('Ctrl Pts',(16.0393475521897,54.7077805392579,142.4));
#5556=CARTESIAN_POINT('Ctrl Pts',(16.1676265829071,54.702226644873,142.4));
#5557=CARTESIAN_POINT('Ctrl Pts',(16.295058779116,54.6966057355782,142.4));
#5558=CARTESIAN_POINT('Ctrl Pts',(16.7256536874658,54.6776126161421,142.4));
#5559=CARTESIAN_POINT('Ctrl Pts',(17.1466028832322,54.6578537518312,142.4));
#5560=CARTESIAN_POINT('Ctrl Pts',(17.5585214209503,54.6373546923272,142.4));
#5561=CARTESIAN_POINT('Ctrl Pts',(17.9816198834687,54.6162992656711,142.4));
#5562=CARTESIAN_POINT('Ctrl Pts',(18.395190671205,54.5944629121282,142.4));
#5563=CARTESIAN_POINT('Ctrl Pts',(18.7998439833608,54.5718702956834,142.4));
#5564=CARTESIAN_POINT('Ctrl Pts',(19.2155380729341,54.5486612502067,142.4));
#5565=CARTESIAN_POINT('Ctrl Pts',(19.6218212695482,54.5246541034472,142.4));
#5566=CARTESIAN_POINT('Ctrl Pts',(20.0192989502969,54.4998725532268,142.4));
#5567=CARTESIAN_POINT('Ctrl Pts',(20.4276790834915,54.4744112675497,142.4));
#5568=CARTESIAN_POINT('Ctrl Pts',(20.8267638606822,54.4481325068121,142.4));
#5569=CARTESIAN_POINT('Ctrl Pts',(21.2171538680829,54.4210589102103,142.4));
#5570=CARTESIAN_POINT('Ctrl Pts',(21.6183087659129,54.3932387670897,142.4));
#5571=CARTESIAN_POINT('Ctrl Pts',(22.0102826104662,54.364579342663,142.4));
#5572=CARTESIAN_POINT('Ctrl Pts',(22.3936712260953,54.3351021110986,142.4));
#5573=CARTESIAN_POINT('Ctrl Pts',(22.7876878648973,54.3048077329436,142.4));
#5574=CARTESIAN_POINT('Ctrl Pts',(23.1726365291981,54.2736495718377,142.4));
#5575=CARTESIAN_POINT('Ctrl Pts',(23.5491083080378,54.2416478142824,142.4));
#5576=CARTESIAN_POINT('Ctrl Pts',(23.9360718583074,54.2087542099952,142.4));
#5577=CARTESIAN_POINT('Ctrl Pts',(24.3140792989779,54.1749693285711,142.4));
#5578=CARTESIAN_POINT('Ctrl Pts',(24.6837170075322,54.1403119272476,142.4));
#5579=CARTESIAN_POINT('Ctrl Pts',(24.8629740467451,54.1235047049207,142.4));
#5580=CARTESIAN_POINT('Ctrl Pts',(25.0402618907058,54.1064922374369,142.4));
#5581=CARTESIAN_POINT('Ctrl Pts',(25.2156430838758,54.0892764133527,142.4));
#5582=CARTESIAN_POINT('Ctrl Pts',(25.3162270023445,54.079402862975,142.4));
#5583=CARTESIAN_POINT('Ctrl Pts',(25.4161823950639,54.0694625678628,142.4));
#5584=CARTESIAN_POINT('Ctrl Pts',(25.5155380205023,54.0594540786035,142.4));
#5585=CARTESIAN_POINT('Ctrl Pts',(25.9094012189827,54.0197786644107,142.4));
#5586=CARTESIAN_POINT('Ctrl Pts',(26.2937783494362,53.9790381260321,142.4));
#5587=CARTESIAN_POINT('Ctrl Pts',(26.6692727474415,53.9372526757132,142.4));
#5588=CARTESIAN_POINT('Ctrl Pts',(27.0548624812152,53.8943438047696,142.4));
#5589=CARTESIAN_POINT('Ctrl Pts',(27.431085276912,53.8503330733473,142.4));
#5590=CARTESIAN_POINT('Ctrl Pts',(27.7985396526091,53.8052394251004,142.4));
#5591=CARTESIAN_POINT('Ctrl Pts',(28.1759276832525,53.7589267282544,142.4));
#5592=CARTESIAN_POINT('Ctrl Pts',(28.5440666471609,53.7114717651711,142.4));
#5593=CARTESIAN_POINT('Ctrl Pts',(28.9035502502558,53.662892109504,142.4));
#5594=CARTESIAN_POINT('Ctrl Pts',(29.2728060584625,53.6129918640928,142.4));
#5595=CARTESIAN_POINT('Ctrl Pts',(29.6329293819411,53.5619049400805,142.4));
#5596=CARTESIAN_POINT('Ctrl Pts',(29.9845091174827,53.509647430856,142.4));
#5597=CARTESIAN_POINT('Ctrl Pts',(30.346866008745,53.4557880451364,142.4));
#5598=CARTESIAN_POINT('Ctrl Pts',(30.7001473757453,53.4006852028651,142.4));
#5599=CARTESIAN_POINT('Ctrl Pts',(31.0449428986224,53.3443535341479,142.4));
#5600=CARTESIAN_POINT('Ctrl Pts',(31.3440964142682,53.2954787210463,142.4));
#5601=CARTESIAN_POINT('Ctrl Pts',(31.636860996139,53.2456788240307,142.4));
#5602=CARTESIAN_POINT('Ctrl Pts',(31.9235911171923,53.1949617296791,142.4));
#5603=CARTESIAN_POINT('Ctrl Pts',(32.1024326049603,53.1633280785796,142.4));
#5604=CARTESIAN_POINT('Ctrl Pts',(32.278923982208,53.1313379938877,142.4));
#5605=CARTESIAN_POINT('Ctrl Pts',(32.4531720246208,53.0989881221391,142.4));
#5606=CARTESIAN_POINT('Ctrl Pts',(32.7789957838407,53.0384975899216,142.4));
#5607=CARTESIAN_POINT('Ctrl Pts',(33.0969669746308,52.9767514511936,142.4));
#5608=CARTESIAN_POINT('Ctrl Pts',(33.4076441872644,52.9137405437927,142.4));
#5609=CARTESIAN_POINT('Ctrl Pts',(33.7269772459289,52.8489740756665,142.4));
#5610=CARTESIAN_POINT('Ctrl Pts',(34.038604021125,52.7828713916821,142.4));
#5611=CARTESIAN_POINT('Ctrl Pts',(34.3430736125505,52.715417288983,142.4));
#5612=CARTESIAN_POINT('Ctrl Pts',(34.6566107185303,52.6459543122447,142.4));
#5613=CARTESIAN_POINT('Ctrl Pts',(34.9625578042787,52.5750582411963,142.4));
#5614=CARTESIAN_POINT('Ctrl Pts',(35.26145739508,52.5027067626591,142.4));
#5615=CARTESIAN_POINT('Ctrl Pts',(35.5692699715268,52.4281978114806,142.4));
#5616=CARTESIAN_POINT('Ctrl Pts',(35.8696082957231,52.3521453835863,142.4));
#5617=CARTESIAN_POINT('Ctrl Pts',(36.16300812262,52.2745188270281,142.4));
#5618=CARTESIAN_POINT('Ctrl Pts',(36.4146089753443,52.2079512764242,142.4));
#5619=CARTESIAN_POINT('Ctrl Pts',(36.6611064049854,52.140226058873,142.4));
#5620=CARTESIAN_POINT('Ctrl Pts',(36.9028082758486,52.0713201512458,142.4));
#5621=CARTESIAN_POINT('Ctrl Pts',(36.9949145972829,52.0450618949321,142.4));
#5622=CARTESIAN_POINT('Ctrl Pts',(37.0863242499054,52.0186321465921,142.4));
#5623=CARTESIAN_POINT('Ctrl Pts',(37.1770533041177,51.9920295020077,142.4));
#5624=CARTESIAN_POINT('Ctrl Pts',(37.2781259551715,51.9623940138331,142.4));
#5625=CARTESIAN_POINT('Ctrl Pts',(37.3783454032882,51.9325464574606,142.4));
#5626=CARTESIAN_POINT('Ctrl Pts',(37.4777264614926,51.9024871075187,142.4));
#5627=CARTESIAN_POINT('Ctrl Pts',(37.7807589622568,51.8108302047971,142.4));
#5628=CARTESIAN_POINT('Ctrl Pts',(38.0760167840093,51.7171998380752,142.4));
#5629=CARTESIAN_POINT('Ctrl Pts',(38.3640398025863,51.6215534604153,142.4));
#5630=CARTESIAN_POINT('Ctrl Pts',(38.660459884481,51.5231185949002,142.4));
#5631=CARTESIAN_POINT('Ctrl Pts',(38.9492169843733,51.4225484899007,142.4));
#5632=CARTESIAN_POINT('Ctrl Pts',(39.230844151831,51.3197893275319,142.4));
#5633=CARTESIAN_POINT('Ctrl Pts',(39.5206473893474,51.2140469085465,142.4));
#5634=CARTESIAN_POINT('Ctrl Pts',(39.802900517762,51.1059865292128,142.4));
#5635=CARTESIAN_POINT('Ctrl Pts',(40.0781293276489,50.9955411585703,142.4));
#5636=CARTESIAN_POINT('Ctrl Pts',(40.3612813572251,50.8819163136003,142.4));
#5637=CARTESIAN_POINT('Ctrl Pts',(40.6369986352546,50.7657672419448,142.4));
#5638=CARTESIAN_POINT('Ctrl Pts',(40.9057990855294,50.6470114024013,142.4));
#5639=CARTESIAN_POINT('Ctrl Pts',(41.1822244288846,50.5248868907509,142.4));
#5640=CARTESIAN_POINT('Ctrl Pts',(41.4513347830212,50.4000056986534,142.4));
#5641=CARTESIAN_POINT('Ctrl Pts',(41.7136393525464,50.2722670780972,142.4));
#5642=CARTESIAN_POINT('Ctrl Pts',(41.9832058645801,50.1409919941075,142.4));
#5643=CARTESIAN_POINT('Ctrl Pts',(42.2455843485779,50.0066991682446,142.4));
#5644=CARTESIAN_POINT('Ctrl Pts',(42.5012740974151,49.8692665228898,142.4));
#5645=CARTESIAN_POINT('Ctrl Pts',(42.7637721120976,49.7281744504768,142.4));
#5646=CARTESIAN_POINT('Ctrl Pts',(43.019220253037,49.583773240759,142.4));
#5647=CARTESIAN_POINT('Ctrl Pts',(43.2681062435136,49.4359159525265,142.4));
#5648=CARTESIAN_POINT('Ctrl Pts',(43.5340221094602,49.2779416175246,142.4));
#5649=CARTESIAN_POINT('Ctrl Pts',(43.7924472391811,49.1160223623845,142.4));
#5650=CARTESIAN_POINT('Ctrl Pts',(44.0439171202947,48.9499588297725,142.4));
#5651=CARTESIAN_POINT('Ctrl Pts',(44.1131888114598,48.9042137819204,142.4));
#5652=CARTESIAN_POINT('Ctrl Pts',(44.1819323890555,48.8581541312272,142.4));
#5653=CARTESIAN_POINT('Ctrl Pts',(44.2501583045073,48.811775417904,142.4));
#5654=CARTESIAN_POINT('Ctrl Pts',(44.3135432036537,48.768687537777,142.4));
#5655=CARTESIAN_POINT('Ctrl Pts',(44.3764802232208,48.7253250944868,142.4));
#5656=CARTESIAN_POINT('Ctrl Pts',(44.4389937482379,48.6816728279372,142.4));
#5657=CARTESIAN_POINT('Ctrl Pts',(44.6943968866558,48.5033286076624,142.4));
#5658=CARTESIAN_POINT('Ctrl Pts',(44.9426693189969,48.3201927178081,142.4));
#5659=CARTESIAN_POINT('Ctrl Pts',(45.1842724524438,48.1319981176314,142.4));
#5660=CARTESIAN_POINT('Ctrl Pts',(45.4284224720191,47.9418196432813,142.4));
#5661=CARTESIAN_POINT('Ctrl Pts',(45.6657615914615,47.7464754632653,142.4));
#5662=CARTESIAN_POINT('Ctrl Pts',(45.8967206588367,47.5456609817582,142.4));
#5663=CARTESIAN_POINT('Ctrl Pts',(46.1288807797599,47.3438022072159,142.4));
#5664=CARTESIAN_POINT('Ctrl Pts',(46.3545940622551,47.1364163219431,142.4));
#5665=CARTESIAN_POINT('Ctrl Pts',(46.5742564693399,46.9231613960073,142.4));
#5666=CARTESIAN_POINT('Ctrl Pts',(46.7937870805241,46.7100344215284,142.4));
#5667=CARTESIAN_POINT('Ctrl Pts',(47.0072738165317,46.4910456826354,142.4));
#5668=CARTESIAN_POINT('Ctrl Pts',(47.215074377975,46.2658179617044,142.4));
#5669=CARTESIAN_POINT('Ctrl Pts',(47.4215525556962,46.0420235259863,142.4));
#5670=CARTESIAN_POINT('Ctrl Pts',(47.6224164487769,45.8120694911489,142.4));
#5671=CARTESIAN_POINT('Ctrl Pts',(47.8179837297966,45.5755469240121,142.4));
#5672=CARTESIAN_POINT('Ctrl Pts',(48.011281661321,45.3417689487393,142.4));
#5673=CARTESIAN_POINT('Ctrl Pts',(48.1994049581079,45.1015742155716,142.4));
#5674=CARTESIAN_POINT('Ctrl Pts',(48.3826313937938,44.8545265107336,142.4));
#5675=CARTESIAN_POINT('Ctrl Pts',(48.5152530950724,44.6757101363935,142.4));
#5676=CARTESIAN_POINT('Ctrl Pts',(48.6453087014697,44.4933026207315,142.4));
#5677=CARTESIAN_POINT('Ctrl Pts',(48.7728948650586,44.3071236990071,142.4));
#5678=CARTESIAN_POINT('Ctrl Pts',(48.8359074881861,44.2151731151907,142.4));
#5679=CARTESIAN_POINT('Ctrl Pts',(48.8983176555989,44.122302409233,142.4));
#5680=CARTESIAN_POINT('Ctrl Pts',(48.9601363916874,44.0284886524979,142.4));
#5681=CARTESIAN_POINT('Ctrl Pts',(48.9907797843144,43.9819854082819,142.4));
#5682=CARTESIAN_POINT('Ctrl Pts',(49.0212785043118,43.935249485466,142.4));
#5683=CARTESIAN_POINT('Ctrl Pts',(49.0516393034497,43.8882693655004,142.4));
#5684=CARTESIAN_POINT('Ctrl Pts',(49.2082626645372,43.6459113083265,142.4));
#5685=CARTESIAN_POINT('Ctrl Pts',(49.361177249203,43.397118323315,142.4));
#5686=CARTESIAN_POINT('Ctrl Pts',(49.5105469312376,43.141419815715,142.4));
#5687=CARTESIAN_POINT('Ctrl Pts',(49.6560939995665,42.8922650498323,142.4));
#5688=CARTESIAN_POINT('Ctrl Pts',(49.7982751599487,42.636553859127,142.4));
#5689=CARTESIAN_POINT('Ctrl Pts',(49.9372272373538,42.3738043174194,142.4));
#5690=CARTESIAN_POINT('Ctrl Pts',(50.0724567113242,42.1180939820675,142.4));
#5691=CARTESIAN_POINT('Ctrl Pts',(50.2046277032922,41.8557175335354,142.4));
#5692=CARTESIAN_POINT('Ctrl Pts',(50.3338537562587,41.5861836381825,142.4));
#5693=CARTESIAN_POINT('Ctrl Pts',(50.4595169394321,41.3240810165698,142.4));
#5694=CARTESIAN_POINT('Ctrl Pts',(50.5823952547298,41.0552103431631,142.4));
#5695=CARTESIAN_POINT('Ctrl Pts',(50.7025823424735,40.7790722790425,142.4));
#5696=CARTESIAN_POINT('Ctrl Pts',(50.8193969381292,40.5106827464316,142.4));
#5697=CARTESIAN_POINT('Ctrl Pts',(50.933669158208,40.2354281109811,142.4));
#5698=CARTESIAN_POINT('Ctrl Pts',(51.0454756858578,39.9528020432917,142.4));
#5699=CARTESIAN_POINT('Ctrl Pts',(51.1541124336971,39.6781885883011,142.4));
#5700=CARTESIAN_POINT('Ctrl Pts',(51.2604212657242,39.3966159016759,142.4));
#5701=CARTESIAN_POINT('Ctrl Pts',(51.3644644314577,39.1075713978731,142.4));
#5702=CARTESIAN_POINT('Ctrl Pts',(51.4655418633873,38.8267660614363,142.4));
#5703=CARTESIAN_POINT('Ctrl Pts',(51.5644809146238,38.5389089576786,142.4));
#5704=CARTESIAN_POINT('Ctrl Pts',(51.6613315416833,38.2434817783324,142.4));
#5705=CARTESIAN_POINT('Ctrl Pts',(51.7554155065106,37.9564938548208,142.4));
#5706=CARTESIAN_POINT('Ctrl Pts',(51.8475286302269,37.6623623298269,142.4));
#5707=CARTESIAN_POINT('Ctrl Pts',(51.9377103825214,37.3605635620345,142.4));
#5708=CARTESIAN_POINT('Ctrl Pts',(51.9839469843712,37.2058299367709,142.4));
#5709=CARTESIAN_POINT('Ctrl Pts',(52.0296757935349,37.0490800472479,142.4));
#5710=CARTESIAN_POINT('Ctrl Pts',(52.0749014900111,36.8902379256664,142.4));
#5711=CARTESIAN_POINT('Ctrl Pts',(52.1137751279568,36.753705564509,142.4));
#5712=CARTESIAN_POINT('Ctrl Pts',(52.1522786046225,36.615621450047,142.4));
#5713=CARTESIAN_POINT('Ctrl Pts',(52.1904058545516,36.4759677989068,142.4));
#5714=CARTESIAN_POINT('Ctrl Pts',(52.2686289967873,36.1894496934268,142.4));
#5715=CARTESIAN_POINT('Ctrl Pts',(52.3452759471649,35.8963048705402,142.4));
#5716=CARTESIAN_POINT('Ctrl Pts',(52.4203816531699,35.5960273711719,142.4));
#5717=CARTESIAN_POINT('Ctrl Pts',(52.4932843241329,35.3045577492425,142.4));
#5718=CARTESIAN_POINT('Ctrl Pts',(52.5647348158232,35.006367908538,142.4));
#5719=CARTESIAN_POINT('Ctrl Pts',(52.6347592986161,34.7009465879384,142.4));
#5720=CARTESIAN_POINT('Ctrl Pts',(52.7027320433357,34.4044742024378,142.4));
#5721=CARTESIAN_POINT('Ctrl Pts',(52.7693611005913,34.1011880535943,142.4));
#5722=CARTESIAN_POINT('Ctrl Pts',(52.8346651921937,33.7905718414363,142.4));
#5723=CARTESIAN_POINT('Ctrl Pts',(52.8980604272935,33.4890350263243,142.4));
#5724=CARTESIAN_POINT('Ctrl Pts',(52.9602070087647,33.1805905596318,142.4));
#5725=CARTESIAN_POINT('Ctrl Pts',(53.0211173158908,32.8647172986494,142.4));
#5726=CARTESIAN_POINT('Ctrl Pts',(53.080218517447,32.5582258336681,142.4));
#5727=CARTESIAN_POINT('Ctrl Pts',(53.1381557811418,32.2447404575857,142.4));
#5728=CARTESIAN_POINT('Ctrl Pts',(53.1949360552173,31.9237362673237,142.4));
#5729=CARTESIAN_POINT('Ctrl Pts',(53.2235490940557,31.7619740089902,142.4));
#5730=CARTESIAN_POINT('Ctrl Pts',(53.2518682568319,31.5983016196343,142.4));
#5731=CARTESIAN_POINT('Ctrl Pts',(53.279894003692,31.4326467999546,142.4));
#5732=CARTESIAN_POINT('Ctrl Pts',(53.3074715862906,31.269640993352,142.4));
#5733=CARTESIAN_POINT('Ctrl Pts',(53.3347667485033,31.1047055694108,142.4));
#5734=CARTESIAN_POINT('Ctrl Pts',(53.3617782178048,30.9377759561259,142.4));
#5735=CARTESIAN_POINT('Ctrl Pts',(53.4173473771161,30.5943611581062,142.4));
#5736=CARTESIAN_POINT('Ctrl Pts',(53.4717155834579,30.2425125427688,142.4));
#5737=CARTESIAN_POINT('Ctrl Pts',(53.5248668821146,29.881648173707,142.4));
#5738=CARTESIAN_POINT('Ctrl Pts',(53.5766047288221,29.5303802671732,142.4));
#5739=CARTESIAN_POINT('Ctrl Pts',(53.627189537714,29.1705698853114,142.4));
#5740=CARTESIAN_POINT('Ctrl Pts',(53.676603978149,28.801630490491,142.4));
#5741=CARTESIAN_POINT('Ctrl Pts',(53.7256805551786,28.4352136603136,142.4));
#5742=CARTESIAN_POINT('Ctrl Pts',(53.7736027312626,28.0597925603111,142.4));
#5743=CARTESIAN_POINT('Ctrl Pts',(53.8203507107208,27.6747390504425,142.4));
#5744=CARTESIAN_POINT('Ctrl Pts',(53.8643427789583,27.3123854155356,142.4));
#5745=CARTESIAN_POINT('Ctrl Pts',(53.9072950060097,26.9415014619176,142.4));
#5746=CARTESIAN_POINT('Ctrl Pts',(53.9491883592411,26.5615155704362,142.4));
#5747=CARTESIAN_POINT('Ctrl Pts',(53.9883054519545,26.2067112351339,142.4));
#5748=CARTESIAN_POINT('Ctrl Pts',(54.0264993530853,25.8439711656599,142.4));
#5749=CARTESIAN_POINT('Ctrl Pts',(54.063752416467,25.4727891399904,142.4));
#5750=CARTESIAN_POINT('Ctrl Pts',(54.0986771633874,25.1248059909251,142.4));
#5751=CARTESIAN_POINT('Ctrl Pts',(54.1327749941788,24.76940300546,142.4));
#5752=CARTESIAN_POINT('Ctrl Pts',(54.166029533448,24.4061281722431,142.4));
#5753=CARTESIAN_POINT('Ctrl Pts',(54.1743390676762,24.3153542590523,142.4));
#5754=CARTESIAN_POINT('Ctrl Pts',(54.182596848328,24.2240787478759,142.4));
#5755=CARTESIAN_POINT('Ctrl Pts',(54.1908027233519,24.1322921067111,142.4));
#5756=CARTESIAN_POINT('Ctrl Pts',(54.2235703236136,23.765770808461,142.4));
#5757=CARTESIAN_POINT('Ctrl Pts',(54.2555098833998,23.3911096109914,142.4));
#5758=CARTESIAN_POINT('Ctrl Pts',(54.2866027972685,23.007750194667,142.4));
#5759=CARTESIAN_POINT('Ctrl Pts',(54.3168835426152,22.6344043927588,142.4));
#5760=CARTESIAN_POINT('Ctrl Pts',(54.3463612996879,22.2528089878162,142.4));
#5761=CARTESIAN_POINT('Ctrl Pts',(54.3750161877119,21.8624004840462,142.4));
#5762=CARTESIAN_POINT('Ctrl Pts',(54.4029263959516,21.4821378695279,142.4));
#5763=CARTESIAN_POINT('Ctrl Pts',(54.4300559542868,21.0935144153648,142.4));
#5764=CARTESIAN_POINT('Ctrl Pts',(54.4563838207641,20.6959613926756,142.4));
#5765=CARTESIAN_POINT('Ctrl Pts',(54.482030954374,20.3086874941716,142.4));
#5766=CARTESIAN_POINT('Ctrl Pts',(54.506917323128,19.912939967073,142.4));
#5767=CARTESIAN_POINT('Ctrl Pts',(54.5310208230277,19.5081447894854,142.4));
#5768=CARTESIAN_POINT('Ctrl Pts',(54.5545042583913,19.113763001448,142.4));
#5769=CARTESIAN_POINT('Ctrl Pts',(54.5772445916615,18.7107932229081,142.4));
#5770=CARTESIAN_POINT('Ctrl Pts',(54.5992187429815,18.2986560762344,142.4));
#5771=CARTESIAN_POINT('Ctrl Pts',(54.6206304606378,17.8970676784955,142.4));
#5772=CARTESIAN_POINT('Ctrl Pts',(54.6413147219306,17.4867753336664,142.4));
#5773=CARTESIAN_POINT('Ctrl Pts',(54.6612475461439,17.0671942430108,142.4));
#5774=CARTESIAN_POINT('Ctrl Pts',(54.6806671835177,16.6584156102267,142.4));
#5775=CARTESIAN_POINT('Ctrl Pts',(54.6993735847798,16.2408205098898,142.4));
#5776=CARTESIAN_POINT('Ctrl Pts',(54.7173419553918,15.8138191690809,142.4));
#5777=CARTESIAN_POINT('Ctrl Pts',(54.7298518186218,15.5165340958867,142.4));
#5778=CARTESIAN_POINT('Ctrl Pts',(54.742003892996,15.2146886672734,142.4));
#5779=CARTESIAN_POINT('Ctrl Pts',(54.7537889997579,14.9080685798828,142.4));
#5780=CARTESIAN_POINT('Ctrl Pts',(54.7609709098623,14.7212125803279,142.4));
#5781=CARTESIAN_POINT('Ctrl Pts',(54.7680167653126,14.5325761709616,142.4));
#5782=CARTESIAN_POINT('Ctrl Pts',(54.7749230523533,14.3421453456955,142.4));
#5783=CARTESIAN_POINT('Ctrl Pts',(54.790046516552,13.9251378058596,142.4));
#5784=CARTESIAN_POINT('Ctrl Pts',(54.8045019842703,13.4995028011991,142.4));
#5785=CARTESIAN_POINT('Ctrl Pts',(54.8182665825986,13.0646530583835,142.4));
#5786=CARTESIAN_POINT('Ctrl Pts',(54.8316789055818,12.6409323612243,142.4));
#5787=CARTESIAN_POINT('Ctrl Pts',(54.8444352753787,12.2084627023491,142.4));
#5788=CARTESIAN_POINT('Ctrl Pts',(54.8565117963684,11.766650975309,142.4));
#5789=CARTESIAN_POINT('Ctrl Pts',(54.8681252203696,11.34178135274,142.4));
#5790=CARTESIAN_POINT('Ctrl Pts',(54.8791099361135,10.9082724364853,142.4));
#5791=CARTESIAN_POINT('Ctrl Pts',(54.8894420965113,10.4655489975696,142.4));
#5792=CARTESIAN_POINT('Ctrl Pts',(54.8995310856045,10.0332452223149,142.4));
#5793=CARTESIAN_POINT('Ctrl Pts',(54.9089978809685,9.59215570839848,142.4));
#5794=CARTESIAN_POINT('Ctrl Pts',(54.9178176953397,9.14169690468258,142.4));
#5795=CARTESIAN_POINT('Ctrl Pts',(54.9231794488446,8.86785337827438,142.4));
#5796=CARTESIAN_POINT('Ctrl Pts',(54.9283020480832,8.59054631844269,142.4));
#5797=CARTESIAN_POINT('Ctrl Pts',(54.9331794206115,8.30963520507846,142.4));
#5798=CARTESIAN_POINT('Ctrl Pts',(54.9373361351279,8.07023021890135,142.4));
#5799=CARTESIAN_POINT('Ctrl Pts',(54.9413147658343,7.82820559892096,142.4));
#5800=CARTESIAN_POINT('Ctrl Pts',(54.9451113897531,7.58346410326278,142.4));
#5801=CARTESIAN_POINT('Ctrl Pts',(54.95236264368,7.11602704090442,142.4));
#5802=CARTESIAN_POINT('Ctrl Pts',(54.9589499135346,6.63869478923726,142.4));
#5803=CARTESIAN_POINT('Ctrl Pts',(54.9648424089877,6.15083949229612,142.4));
#5804=CARTESIAN_POINT('Ctrl Pts',(54.9705295253257,5.67998807596329,142.4));
#5805=CARTESIAN_POINT('Ctrl Pts',(54.9755694573027,5.19933442037437,142.4));
#5806=CARTESIAN_POINT('Ctrl Pts',(54.9799321069508,4.70826620229491,142.4));
#5807=CARTESIAN_POINT('Ctrl Pts',(54.9842121853807,4.22649235903392,142.4));
#5808=CARTESIAN_POINT('Ctrl Pts',(54.9878403853989,3.73469462606207,142.4));
#5809=CARTESIAN_POINT('Ctrl Pts',(54.9907858274257,3.23224613885521,142.4));
#5810=CARTESIAN_POINT('Ctrl Pts',(54.9938066811421,2.7169335419417,142.4));
#5811=CARTESIAN_POINT('Ctrl Pts',(54.9961094006521,2.19041846916568,142.4));
#5812=CARTESIAN_POINT('Ctrl Pts',(54.9976577244346,1.65196633907672,142.4));
#5813=CARTESIAN_POINT('Ctrl Pts',(54.9990998584115,1.15044325940632,142.4));
#5814=CARTESIAN_POINT('Ctrl Pts',(54.9998875134997,0.638564086335276,142.4));
#5815=CARTESIAN_POINT('Ctrl Pts',(54.9999888055678,0.115684179495798,142.4));
#5816=CARTESIAN_POINT('Ctrl Pts',(54.9999962640877,0.0771825447251301,142.4));
#5817=CARTESIAN_POINT('Ctrl Pts',(55.,0.0386212411371997,142.4));
#5818=CARTESIAN_POINT('Ctrl Pts',(55.,-2.95981661418161E-15,142.4));
#5819=CARTESIAN_POINT('',(54.6,-2.95981661418161E-15,142.));
#5820=CARTESIAN_POINT('',(55.,-1.42270610864845E-14,142.4));
#5821=CARTESIAN_POINT('',(2.45976958455297,54.5947324755128,142.));
#5822=CARTESIAN_POINT('Ctrl Pts',(54.6,-2.95981661418161E-15,142.));
#5823=CARTESIAN_POINT('Ctrl Pts',(54.6,3.0283117077259,142.));
#5824=CARTESIAN_POINT('Ctrl Pts',(54.5545792079627,8.35470571949714,142.));
#5825=CARTESIAN_POINT('Ctrl Pts',(54.3217714686701,16.9201029283865,142.));
#5826=CARTESIAN_POINT('Ctrl Pts',(53.8130305385306,24.8010794254102,142.));
#5827=CARTESIAN_POINT('Ctrl Pts',(52.9311258824989,31.6379934979295,142.));
#5828=CARTESIAN_POINT('Ctrl Pts',(51.411646802286,38.4584131533068,142.));
#5829=CARTESIAN_POINT('Ctrl Pts',(48.877023435132,44.1621960661593,142.));
#5830=CARTESIAN_POINT('Ctrl Pts',(44.4719509269513,48.6613344396429,142.));
#5831=CARTESIAN_POINT('Ctrl Pts',(38.9230530946028,51.2535758906528,142.));
#5832=CARTESIAN_POINT('Ctrl Pts',(32.3100456993571,52.8116233864491,142.));
#5833=CARTESIAN_POINT('Ctrl Pts',(25.70992416277,53.7235635237569,142.));
#5834=CARTESIAN_POINT('Ctrl Pts',(18.142924235011,54.2607750883093,142.));
#5835=CARTESIAN_POINT('Ctrl Pts',(10.0701709968086,54.519523183822,142.));
#5836=CARTESIAN_POINT('Ctrl Pts',(5.15790941448906,54.5829485535646,142.));
#5837=CARTESIAN_POINT('Ctrl Pts',(2.45976958686558,54.594732476319,142.));
#5838=CARTESIAN_POINT('Ctrl Pts',(2.45976958685405,54.5947324763191,142.));
#5839=CARTESIAN_POINT('Ctrl Pts',(2.39310756496666,54.6616857320908,142.066661478867));
#5840=CARTESIAN_POINT('Ctrl Pts',(2.32644055846537,54.7286321242334,142.133328683237));
#5841=CARTESIAN_POINT('Ctrl Pts',(2.25976997596312,54.7955695870722,142.199999399737));
#5842=CARTESIAN_POINT('Ctrl Pts',(2.19310760457283,54.8624988059302,142.266661905109));
#5843=CARTESIAN_POINT('Ctrl Pts',(2.12644030098171,54.9294204603121,142.333329278958));
#5844=CARTESIAN_POINT('Ctrl Pts',(2.05976957993929,54.9963331745189,142.4));
#5845=CARTESIAN_POINT('Origin',(0.,0.,142.2));
#5846=CARTESIAN_POINT('',(2.05976957993924,52.359501041144,142.4));
#5847=CARTESIAN_POINT('Origin',(0.,0.,142.4));
#5848=CARTESIAN_POINT('',(2.45976957993925,52.7426727955041,142.));
#5849=CARTESIAN_POINT('Origin',(82.2889929491567,-114.536852128215,62.1707765270487));
#5850=CARTESIAN_POINT('Origin',(0.,0.,142.));
#5851=CARTESIAN_POINT('Origin',(2.25976957993864,22.0999999999972,142.2));
#5852=CARTESIAN_POINT('',(2.45976957993864,22.0999999999972,142.));
#5853=CARTESIAN_POINT('',(2.05976957993864,22.0999999999972,142.4));
#5854=CARTESIAN_POINT('Ctrl Pts',(54.5999949548022,0.0782405612923759,142.));
#5855=CARTESIAN_POINT('Ctrl Pts',(54.6003926518315,-3.00772238316837,142.));
#5856=CARTESIAN_POINT('Ctrl Pts',(54.5543305211377,-8.3999003709057,142.));
#5857=CARTESIAN_POINT('Ctrl Pts',(54.317432055911,-17.0315134415567,142.));
#5858=CARTESIAN_POINT('Ctrl Pts',(53.8011810296379,-24.9399249326826,142.));
#5859=CARTESIAN_POINT('Ctrl Pts',(52.9065576451258,-31.7884916387773,142.));
#5860=CARTESIAN_POINT('Ctrl Pts',(51.3643365214033,-38.6104015762251,142.));
#5861=CARTESIAN_POINT('Ctrl Pts',(48.7898559694882,-44.3035819535656,142.));
#5862=CARTESIAN_POINT('Ctrl Pts',(44.2996693130281,-48.7876274305658,142.));
#5863=CARTESIAN_POINT('Ctrl Pts',(38.6120540426672,-51.3652472780864,142.));
#5864=CARTESIAN_POINT('Ctrl Pts',(31.7890706319156,-52.9065097455979,142.));
#5865=CARTESIAN_POINT('Ctrl Pts',(24.9399723898667,-53.8012868247139,142.));
#5866=CARTESIAN_POINT('Ctrl Pts',(17.0315642084731,-54.3174148733139,142.));
#5867=CARTESIAN_POINT('Ctrl Pts',(8.39990326927704,-54.5543407213997,142.));
#5868=CARTESIAN_POINT('Ctrl Pts',(3.00772235794968,-54.6003925648651,142.));
#5869=CARTESIAN_POINT('Ctrl Pts',(-0.0782405609670465,-54.5999949559165,
142.));
#5870=CARTESIAN_POINT('Ctrl Pts',(54.7337140420336,0.078258009546031,142.133719088451));
#5871=CARTESIAN_POINT('Ctrl Pts',(54.734111835119,-3.0083918348656,142.133719088451));
#5872=CARTESIAN_POINT('Ctrl Pts',(54.6880386135961,-8.40207433953814,142.133719088451));
#5873=CARTESIAN_POINT('Ctrl Pts',(54.4510506313684,-17.0373830890263,142.133719088451));
#5874=CARTESIAN_POINT('Ctrl Pts',(53.9344508889206,-24.9517031135019,142.133719088451));
#5875=CARTESIAN_POINT('Ctrl Pts',(53.038658126424,-31.8105530386366,142.133719088451));
#5876=CARTESIAN_POINT('Ctrl Pts',(51.4924933407063,-38.6503562495551,142.133719088451));
#5877=CARTESIAN_POINT('Ctrl Pts',(48.9054148542848,-44.377961681979,142.133719088451));
#5878=CARTESIAN_POINT('Ctrl Pts',(44.3740401273917,-48.9032349905024,142.133719088451));
#5879=CARTESIAN_POINT('Ctrl Pts',(38.6520489102723,-51.4934218968419,142.133719088451));
#5880=CARTESIAN_POINT('Ctrl Pts',(31.8111551707661,-53.0386126544407,142.133719088451));
#5881=CARTESIAN_POINT('Ctrl Pts',(24.9517499161074,-53.9345581909224,142.133719088451));
#5882=CARTESIAN_POINT('Ctrl Pts',(17.0374361795397,-54.4510334991336,142.133719088451));
#5883=CARTESIAN_POINT('Ctrl Pts',(8.40207711152089,-54.6880489510322,142.133719088451));
#5884=CARTESIAN_POINT('Ctrl Pts',(3.00839181070522,-54.7341117469804,142.133719088451));
#5885=CARTESIAN_POINT('Ctrl Pts',(-0.0782580092341795,-54.7337140431629,
142.133719088451));
#5886=CARTESIAN_POINT('Ctrl Pts',(54.867433129265,0.0782754577996857,142.267438176903));
#5887=CARTESIAN_POINT('Ctrl Pts',(54.8678310184065,-3.00906128656282,142.267438176903));
#5888=CARTESIAN_POINT('Ctrl Pts',(54.8217467060544,-8.40424830817058,142.267438176903));
#5889=CARTESIAN_POINT('Ctrl Pts',(54.5846692068258,-17.0432527364959,142.267438176903));
#5890=CARTESIAN_POINT('Ctrl Pts',(54.0677207482031,-24.9634812943211,142.267438176903));
#5891=CARTESIAN_POINT('Ctrl Pts',(53.1707586077222,-31.8326144384958,142.267438176903));
#5892=CARTESIAN_POINT('Ctrl Pts',(51.6206501600093,-38.6903109228851,142.267438176903));
#5893=CARTESIAN_POINT('Ctrl Pts',(49.0209737390812,-44.4523414103924,142.267438176903));
#5894=CARTESIAN_POINT('Ctrl Pts',(44.4484109417554,-49.0188425504392,142.267438176903));
#5895=CARTESIAN_POINT('Ctrl Pts',(38.6920437778775,-51.6215965155973,142.267438176903));
#5896=CARTESIAN_POINT('Ctrl Pts',(31.8332397096168,-53.1707155632836,142.267438176903));
#5897=CARTESIAN_POINT('Ctrl Pts',(24.9635274423482,-54.0678295571307,142.267438176903));
#5898=CARTESIAN_POINT('Ctrl Pts',(17.0433081506062,-54.5846521249534,142.267438176903));
#5899=CARTESIAN_POINT('Ctrl Pts',(8.40425095376476,-54.8217571806648,142.267438176903));
#5900=CARTESIAN_POINT('Ctrl Pts',(3.00906126346077,-54.8678309290958,142.267438176903));
#5901=CARTESIAN_POINT('Ctrl Pts',(-0.0782754575013124,-54.8674331304093,
142.267438176903));
#5902=CARTESIAN_POINT('Ctrl Pts',(55.0011522164963,0.0782929060533405,142.401157265354));
#5903=CARTESIAN_POINT('Ctrl Pts',(55.0015502016939,-3.00973073826004,142.401157265354));
#5904=CARTESIAN_POINT('Ctrl Pts',(54.9554547985128,-8.40642227680302,142.401157265354));
#5905=CARTESIAN_POINT('Ctrl Pts',(54.7182877822833,-17.0491223839655,142.401157265354));
#5906=CARTESIAN_POINT('Ctrl Pts',(54.2009906074858,-24.9752594751404,142.401157265354));
#5907=CARTESIAN_POINT('Ctrl Pts',(53.3028590890204,-31.8546758383552,142.401157265354));
#5908=CARTESIAN_POINT('Ctrl Pts',(51.7488069793123,-38.7302655962152,142.401157265354));
#5909=CARTESIAN_POINT('Ctrl Pts',(49.1365326238777,-44.5267211388057,142.401157265354));
#5910=CARTESIAN_POINT('Ctrl Pts',(44.5227817561189,-49.1344501103757,142.401157265354));
#5911=CARTESIAN_POINT('Ctrl Pts',(38.7320386454825,-51.7497711343528,142.401157265354));
#5912=CARTESIAN_POINT('Ctrl Pts',(31.8553242484675,-53.3028184721264,142.401157265354));
#5913=CARTESIAN_POINT('Ctrl Pts',(24.9753049685889,-54.2011009233392,142.401157265354));
#5914=CARTESIAN_POINT('Ctrl Pts',(17.0491801216728,-54.7182707507731,142.401157265354));
#5915=CARTESIAN_POINT('Ctrl Pts',(8.40642479600861,-54.9554654102974,142.401157265354));
#5916=CARTESIAN_POINT('Ctrl Pts',(3.00973071621633,-55.0015501112112,142.401157265354));
#5917=CARTESIAN_POINT('Ctrl Pts',(-0.0782929057684457,-55.0011522176557,
142.401157265354));
#5918=CARTESIAN_POINT('',(1.09003777997676E-14,-54.6,142.));
#5919=CARTESIAN_POINT('',(1.0736102763321E-14,-55.,142.4));
#5920=CARTESIAN_POINT('Ctrl Pts',(1.09003777997676E-14,-54.6,142.));
#5921=CARTESIAN_POINT('Ctrl Pts',(3.05351473922903,-54.6,142.));
#5922=CARTESIAN_POINT('Ctrl Pts',(8.41827580783602,-54.5538364234077,142.));
#5923=CARTESIAN_POINT('Ctrl Pts',(17.0315642084731,-54.3174148733139,142.));
#5924=CARTESIAN_POINT('Ctrl Pts',(24.9399723898667,-53.8012868247139,142.));
#5925=CARTESIAN_POINT('Ctrl Pts',(31.7890706319156,-52.9065097455979,142.));
#5926=CARTESIAN_POINT('Ctrl Pts',(38.6120540426672,-51.3652472780864,142.));
#5927=CARTESIAN_POINT('Ctrl Pts',(44.2996693130281,-48.7876274305658,142.));
#5928=CARTESIAN_POINT('Ctrl Pts',(48.7898559694882,-44.3035819535656,142.));
#5929=CARTESIAN_POINT('Ctrl Pts',(51.3643365214033,-38.6104015762251,142.));
#5930=CARTESIAN_POINT('Ctrl Pts',(52.9065576451258,-31.7884916387773,142.));
#5931=CARTESIAN_POINT('Ctrl Pts',(53.8011810296379,-24.9399249326826,142.));
#5932=CARTESIAN_POINT('Ctrl Pts',(54.317432055911,-17.0315134415567,142.));
#5933=CARTESIAN_POINT('Ctrl Pts',(54.5538262814302,-8.41827280757622,142.));
#5934=CARTESIAN_POINT('Ctrl Pts',(54.6,-3.05351473922903,142.));
#5935=CARTESIAN_POINT('Ctrl Pts',(54.6,-2.87913351032336E-15,142.));
#5936=CARTESIAN_POINT('Ctrl Pts',(55.,-2.8421709430404E-14,142.4));
#5937=CARTESIAN_POINT('Ctrl Pts',(55.,-0.525875509371848,142.4));
#5938=CARTESIAN_POINT('Ctrl Pts',(54.9993075794282,-1.0406435396541,142.4));
#5939=CARTESIAN_POINT('Ctrl Pts',(54.9979550610741,-1.54495741871215,142.4));
#5940=CARTESIAN_POINT('Ctrl Pts',(54.9965685809101,-2.06193464688076,142.4));
#5941=CARTESIAN_POINT('Ctrl Pts',(54.9944884293744,-2.56792598295777,142.4));
#5942=CARTESIAN_POINT('Ctrl Pts',(54.9917466574726,-3.06358048876629,142.4));
#5943=CARTESIAN_POINT('Ctrl Pts',(54.9889356956844,-3.57174306606738,142.4));
#5944=CARTESIAN_POINT('Ctrl Pts',(54.9854292923611,-4.06904037980348,142.4));
#5945=CARTESIAN_POINT('Ctrl Pts',(54.9812592244516,-4.55611724421057,142.4));
#5946=CARTESIAN_POINT('Ctrl Pts',(54.9769833945985,-5.05554743163161,142.4));
#5947=CARTESIAN_POINT('Ctrl Pts',(54.9720098020539,-5.54423202868215,142.4));
#5948=CARTESIAN_POINT('Ctrl Pts',(54.9663699473998,-6.02281161977518,142.4));
#5949=CARTESIAN_POINT('Ctrl Pts',(54.9605598664983,-6.51583605260302,142.4));
#5950=CARTESIAN_POINT('Ctrl Pts',(54.9540426919382,-6.99813617726659,142.4));
#5951=CARTESIAN_POINT('Ctrl Pts',(54.9468500701441,-7.47035702116748,142.4));
#5952=CARTESIAN_POINT('Ctrl Pts',(54.9427933076663,-7.73669770410927,142.4));
#5953=CARTESIAN_POINT('Ctrl Pts',(54.9385216665834,-7.99982866552751,142.4));
#5954=CARTESIAN_POINT('Ctrl Pts',(54.9340403286311,-8.25986607393605,142.4));
#5955=CARTESIAN_POINT('Ctrl Pts',(54.9261133247199,-8.71984422677001,142.4));
#5956=CARTESIAN_POINT('Ctrl Pts',(54.9175299761438,-9.17016680052841,142.4));
#5957=CARTESIAN_POINT('Ctrl Pts',(54.9083163937144,-9.61143983816909,142.4));
#5958=CARTESIAN_POINT('Ctrl Pts',(54.8988553597105,-10.0645642603068,142.4));
#5959=CARTESIAN_POINT('Ctrl Pts',(54.888729778033,-10.5081463780206,142.4));
#5960=CARTESIAN_POINT('Ctrl Pts',(54.877965004073,-10.9427879564289,142.4));
#5961=CARTESIAN_POINT('Ctrl Pts',(54.8665363976808,-11.404232622125,142.4));
#5962=CARTESIAN_POINT('Ctrl Pts',(54.854387344316,-11.8556002298828,142.4));
#5963=CARTESIAN_POINT('Ctrl Pts',(54.8415448901775,-12.2975498897892,142.4));
#5964=CARTESIAN_POINT('Ctrl Pts',(54.8288027677119,-12.7360468179776,142.4));
#5965=CARTESIAN_POINT('Ctrl Pts',(54.8153780126105,-13.1652719015385,142.4));
#5966=CARTESIAN_POINT('Ctrl Pts',(54.8012940553888,-13.5858141833018,142.4));
#5967=CARTESIAN_POINT('Ctrl Pts',(54.7930840197016,-13.8309631202753,142.4));
#5968=CARTESIAN_POINT('Ctrl Pts',(54.7846499242241,-14.0731605373752,142.4));
#5969=CARTESIAN_POINT('Ctrl Pts',(54.7759959824542,-14.3125153530336,142.4));
#5970=CARTESIAN_POINT('Ctrl Pts',(54.7715333295201,-14.4359455191697,142.4));
#5971=CARTESIAN_POINT('Ctrl Pts',(54.7670122091247,-14.5586196785115,142.4));
#5972=CARTESIAN_POINT('Ctrl Pts',(54.7624331682225,-14.6805522116182,142.4));
#5973=CARTESIAN_POINT('Ctrl Pts',(54.757694210819,-14.8067430653005,142.4));
#5974=CARTESIAN_POINT('Ctrl Pts',(54.7528935448012,-14.9321307971907,142.4));
#5975=CARTESIAN_POINT('Ctrl Pts',(54.7480319624369,-15.0567267418635,142.4));
#5976=CARTESIAN_POINT('Ctrl Pts',(54.7309363263805,-15.4948653487241,142.4));
#5977=CARTESIAN_POINT('Ctrl Pts',(54.7130870827301,-15.9232322072427,142.4));
#5978=CARTESIAN_POINT('Ctrl Pts',(54.694510652784,-16.3424474213248,142.4));
#5979=CARTESIAN_POINT('Ctrl Pts',(54.6754328822324,-16.7729764136691,142.4));
#5980=CARTESIAN_POINT('Ctrl Pts',(54.6555881379578,-17.193852966851,142.4));
#5981=CARTESIAN_POINT('Ctrl Pts',(54.6350020334452,-17.60569229808,142.4));
#5982=CARTESIAN_POINT('Ctrl Pts',(54.613857424097,-18.0287049067881,142.4));
#5983=CARTESIAN_POINT('Ctrl Pts',(54.5919306753226,-18.4421831185275,142.4));
#5984=CARTESIAN_POINT('Ctrl Pts',(54.5692465239529,-18.8467372989013,142.4));
#5985=CARTESIAN_POINT('Ctrl Pts',(54.5459436947303,-19.2623251171502,142.4));
#5986=CARTESIAN_POINT('Ctrl Pts',(54.5218415785164,-19.6684953251355,142.4));
#5987=CARTESIAN_POINT('Ctrl Pts',(54.4969639565356,-20.0658534701475,142.4));
#5988=CARTESIAN_POINT('Ctrl Pts',(54.4714042372923,-20.4741064226774,142.4));
#5989=CARTESIAN_POINT('Ctrl Pts',(54.4450258968518,-20.873057307085,142.4));
#5990=CARTESIAN_POINT('Ctrl Pts',(54.417851670164,-21.2633068836808,142.4));
#5991=CARTESIAN_POINT('Ctrl Pts',(54.3899284208616,-21.664313188025,142.4));
#5992=CARTESIAN_POINT('Ctrl Pts',(54.3611647990752,-22.0561317322398,142.4));
#5993=CARTESIAN_POINT('Ctrl Pts',(54.3315823892097,-22.4393585188267,142.4));
#5994=CARTESIAN_POINT('Ctrl Pts',(54.3011802417079,-22.8332046370229,142.4));
#5995=CARTESIAN_POINT('Ctrl Pts',(54.2699132935809,-23.2179760789354,142.4));
#5996=CARTESIAN_POINT('Ctrl Pts',(54.2378018585866,-23.5942641160141,142.4));
#5997=CARTESIAN_POINT('Ctrl Pts',(54.2148857321254,-23.8627997403195,142.4));
#5998=CARTESIAN_POINT('Ctrl Pts',(54.1915394529916,-24.1270136905857,142.4));
#5999=CARTESIAN_POINT('Ctrl Pts',(54.1677695041689,-24.3871050027801,142.4));
#6000=CARTESIAN_POINT('Ctrl Pts',(54.1576181972567,-24.4981808302866,142.4));
#6001=CARTESIAN_POINT('Ctrl Pts',(54.1473898967543,-24.6085016919058,142.4));
#6002=CARTESIAN_POINT('Ctrl Pts',(54.1370828496042,-24.7181055950797,142.4));
#6003=CARTESIAN_POINT('Ctrl Pts',(54.0994866630662,-25.1178989334601,142.4));
#6004=CARTESIAN_POINT('Ctrl Pts',(54.0608488305968,-25.5080916082569,142.4));
#6005=CARTESIAN_POINT('Ctrl Pts',(54.0211910262299,-25.8892914913537,142.4));
#6006=CARTESIAN_POINT('Ctrl Pts',(53.9804738274311,-26.2806745159545,142.4));
#6007=CARTESIAN_POINT('Ctrl Pts',(53.9386814273152,-26.662577723869,142.4));
#6008=CARTESIAN_POINT('Ctrl Pts',(53.8958343918306,-27.0356041352442,142.4));
#6009=CARTESIAN_POINT('Ctrl Pts',(53.8518364345509,-27.4186504750029,142.4));
#6010=CARTESIAN_POINT('Ctrl Pts',(53.8067264155713,-27.7923365789399,142.4));
#6011=CARTESIAN_POINT('Ctrl Pts',(53.7605237147677,-28.1572606219654,142.4));
#6012=CARTESIAN_POINT('Ctrl Pts',(53.7130730275764,-28.5320416696758,142.4));
#6013=CARTESIAN_POINT('Ctrl Pts',(53.6644698241435,-28.8975807652439,142.4));
#6014=CARTESIAN_POINT('Ctrl Pts',(53.6147322150591,-29.2544712427605,142.4));
#6015=CARTESIAN_POINT('Ctrl Pts',(53.5636435664849,-29.6210560569673,142.4));
#6016=CARTESIAN_POINT('Ctrl Pts',(53.5113580383969,-29.9785158683737,142.4));
#6017=CARTESIAN_POINT('Ctrl Pts',(53.4578923840784,-30.3274391725612,142.4));
#6018=CARTESIAN_POINT('Ctrl Pts',(53.4151653748338,-30.6062807846902,142.4));
#6019=CARTESIAN_POINT('Ctrl Pts',(53.3716846317851,-30.879669525994,142.4));
#6020=CARTESIAN_POINT('Ctrl Pts',(53.3274575014227,-31.1478828557509,142.4));
#6021=CARTESIAN_POINT('Ctrl Pts',(53.3007068588846,-31.3101108558379,142.4));
#6022=CARTESIAN_POINT('Ctrl Pts',(53.2736835476458,-31.4704427324179,142.4));
#6023=CARTESIAN_POINT('Ctrl Pts',(53.2463876941878,-31.6289442270538,142.4));
#6024=CARTESIAN_POINT('Ctrl Pts',(53.1905484940634,-31.9531911568164,142.4));
#6025=CARTESIAN_POINT('Ctrl Pts',(53.1335642303391,-32.2698092266439,142.4));
#6026=CARTESIAN_POINT('Ctrl Pts',(53.0754295617471,-32.5793327435009,142.4));
#6027=CARTESIAN_POINT('Ctrl Pts',(53.0146656413482,-32.9028550546356,142.4));
#6028=CARTESIAN_POINT('Ctrl Pts',(52.9526449261351,-33.2186265296745,142.4));
#6029=CARTESIAN_POINT('Ctrl Pts',(52.8893563384366,-33.5272000172022,142.4));
#6030=CARTESIAN_POINT('Ctrl Pts',(52.8241838564975,-33.8449587281185,142.4));
#6031=CARTESIAN_POINT('Ctrl Pts',(52.7576669117995,-34.1550843645507,142.4));
#6032=CARTESIAN_POINT('Ctrl Pts',(52.6897879839314,-34.4581232187295,142.4));
#6033=CARTESIAN_POINT('Ctrl Pts',(52.6198844386721,-34.7702007798183,142.4));
#6034=CARTESIAN_POINT('Ctrl Pts',(52.5485364706024,-35.0747623124836,142.4));
#6035=CARTESIAN_POINT('Ctrl Pts',(52.475719017475,-35.3723473916179,142.4));
#6036=CARTESIAN_POINT('Ctrl Pts',(52.4104784288163,-35.6389678913047,142.4));
#6037=CARTESIAN_POINT('Ctrl Pts',(52.3440581718926,-35.8999872779659,142.4));
#6038=CARTESIAN_POINT('Ctrl Pts',(52.276436192655,-36.1557585625574,142.4));
#6039=CARTESIAN_POINT('Ctrl Pts',(52.2302033445431,-36.3306282585531,142.4));
#6040=CARTESIAN_POINT('Ctrl Pts',(52.183408685119,-36.5030441035401,142.4));
#6041=CARTESIAN_POINT('Ctrl Pts',(52.1360441484191,-36.6731108700271,142.4));
#6042=CARTESIAN_POINT('Ctrl Pts',(52.1028333471678,-36.7923573353102,142.4));
#6043=CARTESIAN_POINT('Ctrl Pts',(52.0693414065481,-36.9104518159882,142.4));
#6044=CARTESIAN_POINT('Ctrl Pts',(52.0355731285526,-37.0274021765802,142.4));
#6045=CARTESIAN_POINT('Ctrl Pts',(51.9466281671114,-37.3354470616276,142.4));
#6046=CARTESIAN_POINT('Ctrl Pts',(51.8557570453558,-37.6355926273266,142.4));
#6047=CARTESIAN_POINT('Ctrl Pts',(51.7629222436128,-37.9283844211315,142.4));
#6048=CARTESIAN_POINT('Ctrl Pts',(51.6673900780375,-38.2296834339982,142.4));
#6049=CARTESIAN_POINT('Ctrl Pts',(51.5697784930065,-38.5231949522693,142.4));
#6050=CARTESIAN_POINT('Ctrl Pts',(51.4700396304081,-38.8094578948438,142.4));
#6051=CARTESIAN_POINT('Ctrl Pts',(51.3674095846922,-39.1040188926114,142.4));
#6052=CARTESIAN_POINT('Ctrl Pts',(51.2625271836124,-39.3909048074934,142.4));
#6053=CARTESIAN_POINT('Ctrl Pts',(51.1553324784455,-39.6706475780633,142.4));
#6054=CARTESIAN_POINT('Ctrl Pts',(51.0450478802062,-39.9584539488594,142.4));
#6055=CARTESIAN_POINT('Ctrl Pts',(50.9323158018714,-40.2386992562838,142.4));
#6056=CARTESIAN_POINT('Ctrl Pts',(50.8170621292906,-40.5119079657518,142.4));
#6057=CARTESIAN_POINT('Ctrl Pts',(50.6985208801693,-40.7929098719469,142.4));
#6058=CARTESIAN_POINT('Ctrl Pts',(50.5773121931771,-41.0664678384659,142.4));
#6059=CARTESIAN_POINT('Ctrl Pts',(50.4533453443212,-41.3330981684469,142.4));
#6060=CARTESIAN_POINT('Ctrl Pts',(50.3259045783321,-41.6072002675346,142.4));
#6061=CARTESIAN_POINT('Ctrl Pts',(50.1955489812392,-41.8739808390245,142.4));
#6062=CARTESIAN_POINT('Ctrl Pts',(50.0621683666086,-42.1339470615401,142.4));
#6063=CARTESIAN_POINT('Ctrl Pts',(49.9251560352878,-42.4009917014988,142.4));
#6064=CARTESIAN_POINT('Ctrl Pts',(49.7849518128935,-42.6608456662238,142.4));
#6065=CARTESIAN_POINT('Ctrl Pts',(49.6414227760443,-42.914005670836,142.4));
#6066=CARTESIAN_POINT('Ctrl Pts',(49.4941602121675,-43.1737509611873,142.4));
#6067=CARTESIAN_POINT('Ctrl Pts',(49.3433977367666,-43.4264493161048,142.4));
#6068=CARTESIAN_POINT('Ctrl Pts',(49.188976033129,-43.6725851398321,142.4));
#6069=CARTESIAN_POINT('Ctrl Pts',(49.129691832088,-43.7670794065931,142.4));
#6070=CARTESIAN_POINT('Ctrl Pts',(49.0698681339091,-43.8606059175214,142.4));
#6071=CARTESIAN_POINT('Ctrl Pts',(49.009495268277,-43.9531902098464,142.4));
#6072=CARTESIAN_POINT('Ctrl Pts',(48.9739212877803,-44.0077443837288,142.4));
#6073=CARTESIAN_POINT('Ctrl Pts',(48.9381566286352,-44.0619713991399,142.4));
#6074=CARTESIAN_POINT('Ctrl Pts',(48.9021992512748,-44.1158763219342,142.4));
#6075=CARTESIAN_POINT('Ctrl Pts',(48.8640336452587,-44.1730916751308,142.4));
#6076=CARTESIAN_POINT('Ctrl Pts',(48.825646649638,-44.2299506184708,142.4));
#6077=CARTESIAN_POINT('Ctrl Pts',(48.7870314033994,-44.286464853523,142.4));
#6078=CARTESIAN_POINT('Ctrl Pts',(48.6109942346327,-44.5440989981339,142.4));
#6079=CARTESIAN_POINT('Ctrl Pts',(48.4302434517135,-44.7945312110615,142.4));
#6080=CARTESIAN_POINT('Ctrl Pts',(48.2445206070926,-45.0382296603184,142.4));
#6081=CARTESIAN_POINT('Ctrl Pts',(48.0566076621703,-45.2848018758492,142.4));
#6082=CARTESIAN_POINT('Ctrl Pts',(47.8636049159746,-45.5244803312085,142.4));
#6083=CARTESIAN_POINT('Ctrl Pts',(47.6652165374121,-45.7577038160749,142.4));
#6084=CARTESIAN_POINT('Ctrl Pts',(47.4655098441668,-45.9924770991036,142.4));
#6085=CARTESIAN_POINT('Ctrl Pts',(47.2603459348053,-46.2207090826021,142.4));
#6086=CARTESIAN_POINT('Ctrl Pts',(47.0493913606033,-46.442804750907,142.4));
#6087=CARTESIAN_POINT('Ctrl Pts',(46.8382395756162,-46.6651080452436,142.4));
#6088=CARTESIAN_POINT('Ctrl Pts',(46.6212865294256,-46.8812632871129,142.4));
#6089=CARTESIAN_POINT('Ctrl Pts',(46.3981627452171,-47.0916379794094,142.4));
#6090=CARTESIAN_POINT('Ctrl Pts',(46.1761257764379,-47.3009879559307,142.4));
#6091=CARTESIAN_POINT('Ctrl Pts',(45.9479782687386,-47.5046133058007,142.4));
#6092=CARTESIAN_POINT('Ctrl Pts',(45.7133179490673,-47.7028418376814,142.4));
#6093=CARTESIAN_POINT('Ctrl Pts',(45.4810673644426,-47.8990347538209,142.4));
#6094=CARTESIAN_POINT('Ctrl Pts',(45.2424372620145,-48.0899408854918,142.4));
#6095=CARTESIAN_POINT('Ctrl Pts',(44.9969968557552,-48.2758479943794,142.4));
#6096=CARTESIAN_POINT('Ctrl Pts',(44.8186314575432,-48.4109496103379,142.4));
#6097=CARTESIAN_POINT('Ctrl Pts',(44.6366686117398,-48.5434105379249,142.4));
#6098=CARTESIAN_POINT('Ctrl Pts',(44.4509281449762,-48.6733320948561,142.4));
#6099=CARTESIAN_POINT('Ctrl Pts',(44.3587055884194,-48.7378398369804,142.4));
#6100=CARTESIAN_POINT('Ctrl Pts',(44.2655515519371,-48.8017214453654,142.4));
#6101=CARTESIAN_POINT('Ctrl Pts',(44.1714427457995,-48.8649886589589,142.4));
#6102=CARTESIAN_POINT('Ctrl Pts',(44.1239036993644,-48.8969480804868,142.4));
#6103=CARTESIAN_POINT('Ctrl Pts',(44.0761199586829,-48.9287514570434,142.4));
#6104=CARTESIAN_POINT('Ctrl Pts',(44.0280799147673,-48.9604057224422,142.4));
#6105=CARTESIAN_POINT('Ctrl Pts',(43.7878592208284,-49.1186905402823,142.4));
#6106=CARTESIAN_POINT('Ctrl Pts',(43.5412891756807,-49.273210855073,142.4));
#6107=CARTESIAN_POINT('Ctrl Pts',(43.287904904155,-49.4241384952539,142.4));
#6108=CARTESIAN_POINT('Ctrl Pts',(43.040893477765,-49.5712701678644,142.4));
#6109=CARTESIAN_POINT('Ctrl Pts',(42.787406459027,-49.7149874781316,142.4));
#6110=CARTESIAN_POINT('Ctrl Pts',(42.5269668720898,-49.8554340019575,142.4));
#6111=CARTESIAN_POINT('Ctrl Pts',(42.2734394466138,-49.9921530239055,142.4));
#6112=CARTESIAN_POINT('Ctrl Pts',(42.0133237722163,-50.1257724637608,142.4));
#6113=CARTESIAN_POINT('Ctrl Pts',(41.7461329191686,-50.2564115262695,142.4));
#6114=CARTESIAN_POINT('Ctrl Pts',(41.486276838237,-50.3834643591524,142.4));
#6115=CARTESIAN_POINT('Ctrl Pts',(41.2197288585788,-50.5076981142402,142.4));
#6116=CARTESIAN_POINT('Ctrl Pts',(40.9459936637333,-50.629211149182,142.4));
#6117=CARTESIAN_POINT('Ctrl Pts',(40.6799309724905,-50.7473183042227,142.4));
#6118=CARTESIAN_POINT('Ctrl Pts',(40.4070784798745,-50.8628550515122,142.4));
#6119=CARTESIAN_POINT('Ctrl Pts',(40.1269336152348,-50.9759019934482,142.4));
#6120=CARTESIAN_POINT('Ctrl Pts',(39.854738618508,-51.0857409227815,142.4));
#6121=CARTESIAN_POINT('Ctrl Pts',(39.5756594165901,-51.1932292982832,142.4));
#6122=CARTESIAN_POINT('Ctrl Pts',(39.2891870015004,-51.2984326246103,142.4));
#6123=CARTESIAN_POINT('Ctrl Pts',(39.0108993189657,-51.4006302127073,142.4));
#6124=CARTESIAN_POINT('Ctrl Pts',(38.7256350035158,-51.5006714158369,142.4));
#6125=CARTESIAN_POINT('Ctrl Pts',(38.4328792007179,-51.5986088979232,142.4));
#6126=CARTESIAN_POINT('Ctrl Pts',(38.1485131468395,-51.6937397033299,142.4));
#6127=CARTESIAN_POINT('Ctrl Pts',(37.8570789872729,-51.7868856038542,142.4));
#6128=CARTESIAN_POINT('Ctrl Pts',(37.5580564508462,-51.8780883270177,142.4));
#6129=CARTESIAN_POINT('Ctrl Pts',(37.3513437476509,-51.941136288784,142.4));
#6130=CARTESIAN_POINT('Ctrl Pts',(37.141003664262,-52.0032554953023,142.4));
#6131=CARTESIAN_POINT('Ctrl Pts',(36.9268494533692,-52.0644579251064,142.4));
#6132=CARTESIAN_POINT('Ctrl Pts',(36.834199215719,-52.090936132761,142.4));
#6133=CARTESIAN_POINT('Ctrl Pts',(36.7408344818167,-52.1172428152799,142.4));
#6134=CARTESIAN_POINT('Ctrl Pts',(36.646753346866,-52.143375073224,142.4));
#6135=CARTESIAN_POINT('Ctrl Pts',(36.360813792283,-52.2227985006807,142.4));
#6136=CARTESIAN_POINT('Ctrl Pts',(36.0682272649968,-52.3006207738809,142.4));
#6137=CARTESIAN_POINT('Ctrl Pts',(35.7684873043211,-52.3768773638262,142.4));
#6138=CARTESIAN_POINT('Ctrl Pts',(35.4775341992087,-52.4508984972775,142.4));
#6139=CARTESIAN_POINT('Ctrl Pts',(35.1798410747241,-52.5234443717757,142.4));
#6140=CARTESIAN_POINT('Ctrl Pts',(34.8748961938271,-52.5945416186478,142.4));
#6141=CARTESIAN_POINT('Ctrl Pts',(34.5788811964572,-52.6635568822718,142.4));
#6142=CARTESIAN_POINT('Ctrl Pts',(34.2760330948701,-52.7312070986352,142.4));
#6143=CARTESIAN_POINT('Ctrl Pts',(33.965835137255,-52.7975113960908,142.4));
#6144=CARTESIAN_POINT('Ctrl Pts',(33.6646993390506,-52.8618786720465,142.4));
#6145=CARTESIAN_POINT('Ctrl Pts',(33.3566370060726,-52.924977505798,142.4));
#6146=CARTESIAN_POINT('Ctrl Pts',(33.0411265660763,-52.9868206358321,142.4));
#6147=CARTESIAN_POINT('Ctrl Pts',(32.7348033280431,-53.0468629844858,142.4));
#6148=CARTESIAN_POINT('Ctrl Pts',(32.4214595781113,-53.1057216830924,142.4));
#6149=CARTESIAN_POINT('Ctrl Pts',(32.1005690686398,-53.1634040087551,142.4));
#6150=CARTESIAN_POINT('Ctrl Pts',(31.9427572055836,-53.1917718009135,142.4));
#6151=CARTESIAN_POINT('Ctrl Pts',(31.7831193043261,-53.2198550075295,142.4));
#6152=CARTESIAN_POINT('Ctrl Pts',(31.6215880330035,-53.2476540968632,142.4));
#6153=CARTESIAN_POINT('Ctrl Pts',(31.4552156973161,-53.2762863201135,142.4));
#6154=CARTESIAN_POINT('Ctrl Pts',(31.2868267499062,-53.3046185260545,142.4));
#6155=CARTESIAN_POINT('Ctrl Pts',(31.1163469308865,-53.3326502630948,142.4));
#6156=CARTESIAN_POINT('Ctrl Pts',(30.7738924317686,-53.3889595349062,142.4));
#6157=CARTESIAN_POINT('Ctrl Pts',(30.4230132363517,-53.4440549866037,142.4));
#6158=CARTESIAN_POINT('Ctrl Pts',(30.0631277932611,-53.4979210428893,142.4));
#6159=CARTESIAN_POINT('Ctrl Pts',(29.7128141974117,-53.5503544275507,142.4));
#6160=CARTESIAN_POINT('Ctrl Pts',(29.3539672024294,-53.6016229514508,142.4));
#6161=CARTESIAN_POINT('Ctrl Pts',(28.98600064639,-53.6517096299253,142.4));
#6162=CARTESIAN_POINT('Ctrl Pts',(28.6187340658138,-53.7017010295072,142.4));
#6163=CARTESIAN_POINT('Ctrl Pts',(28.2423829717063,-53.7505150963176,142.4));
#6164=CARTESIAN_POINT('Ctrl Pts',(27.8563100584255,-53.7981320700275,142.4));
#6165=CARTESIAN_POINT('Ctrl Pts',(27.4943667022249,-53.8427729828805,142.4));
#6166=CARTESIAN_POINT('Ctrl Pts',(27.123878604775,-53.8863617539747,142.4));
#6167=CARTESIAN_POINT('Ctrl Pts',(26.7442721621419,-53.9288795436959,142.4));
#6168=CARTESIAN_POINT('Ctrl Pts',(26.3883911221734,-53.9687399715595,142.4));
#6169=CARTESIAN_POINT('Ctrl Pts',(26.0244957490598,-54.0076590985081,142.4));
#6170=CARTESIAN_POINT('Ctrl Pts',(25.6520717289975,-54.0456192032693,142.4));
#6171=CARTESIAN_POINT('Ctrl Pts',(25.3029242101892,-54.081206801483,142.4));
#6172=CARTESIAN_POINT('Ctrl Pts',(24.9462806600153,-54.1159515010201,142.4));
#6173=CARTESIAN_POINT('Ctrl Pts',(24.5816816294417,-54.1498368210773,142.4));
#6174=CARTESIAN_POINT('Ctrl Pts',(24.497465164285,-54.1576637806592,142.4));
#6175=CARTESIAN_POINT('Ctrl Pts',(24.4128205391116,-54.1654452174562,142.4));
#6176=CARTESIAN_POINT('Ctrl Pts',(24.3277328028,-54.173181692965,142.4));
#6177=CARTESIAN_POINT('Ctrl Pts',(23.9624241761408,-54.2063968349559,142.4));
#6178=CARTESIAN_POINT('Ctrl Pts',(23.5889971153351,-54.2387792183518,142.4));
#6179=CARTESIAN_POINT('Ctrl Pts',(23.206894291451,-54.2703105124804,142.4));
#6180=CARTESIAN_POINT('Ctrl Pts',(22.8347825119703,-54.3010173412033,142.4));
#6181=CARTESIAN_POINT('Ctrl Pts',(22.4544428808281,-54.3309170118061,142.4));
#6182=CARTESIAN_POINT('Ctrl Pts',(22.0653129025184,-54.3599898920183,142.4));
#6183=CARTESIAN_POINT('Ctrl Pts',(21.6863059676986,-54.3883064541692,142.4));
#6184=CARTESIAN_POINT('Ctrl Pts',(21.2989602344751,-54.4158386891423,142.4));
#6185=CARTESIAN_POINT('Ctrl Pts',(20.9027079844555,-54.4425657807502,142.4));
#6186=CARTESIAN_POINT('Ctrl Pts',(20.5167117254254,-54.4686011089405,142.4));
#6187=CARTESIAN_POINT('Ctrl Pts',(20.1222641726352,-54.4938724384563,142.4));
#6188=CARTESIAN_POINT('Ctrl Pts',(19.7187923254472,-54.5183578713545,142.4));
#6189=CARTESIAN_POINT('Ctrl Pts',(19.325710437081,-54.5422127704465,142.4));
#6190=CARTESIAN_POINT('Ctrl Pts',(18.9240631905338,-54.5653217336895,142.4));
#6191=CARTESIAN_POINT('Ctrl Pts',(18.5132722407233,-54.5876618701756,142.4));
#6192=CARTESIAN_POINT('Ctrl Pts',(18.1130063028256,-54.6094296225749,142.4));
#6193=CARTESIAN_POINT('Ctrl Pts',(17.7040593517199,-54.6304674465182,142.4));
#6194=CARTESIAN_POINT('Ctrl Pts',(17.2858476330028,-54.6507515353768,142.4));
#6195=CARTESIAN_POINT('Ctrl Pts',(16.8793652277073,-54.6704667295223,142.4));
#6196=CARTESIAN_POINT('Ctrl Pts',(16.4641305749807,-54.6894698799448,142.4));
#6197=CARTESIAN_POINT('Ctrl Pts',(16.0395591313729,-54.7077365284614,142.4));
#6198=CARTESIAN_POINT('Ctrl Pts',(15.7651383800555,-54.7195431336522,142.4));
#6199=CARTESIAN_POINT('Ctrl Pts',(15.486816062041,-54.731042001509,142.4));
#6200=CARTESIAN_POINT('Ctrl Pts',(15.2044226187836,-54.7422259042898,142.4));
#6201=CARTESIAN_POINT('Ctrl Pts',(15.0676556929855,-54.7476424181582,142.4));
#6202=CARTESIAN_POINT('Ctrl Pts',(14.9299337029299,-54.7529850463818,142.4));
#6203=CARTESIAN_POINT('Ctrl Pts',(14.7912365537542,-54.7582529237545,142.4));
#6204=CARTESIAN_POINT('Ctrl Pts',(14.6837813526872,-54.762334195977,142.4));
#6205=CARTESIAN_POINT('Ctrl Pts',(14.5757419328462,-54.7663705533831,142.4));
#6206=CARTESIAN_POINT('Ctrl Pts',(14.4671184110151,-54.7703612411557,142.4));
#6207=CARTESIAN_POINT('Ctrl Pts',(14.0507791844551,-54.7856570061307,142.4));
#6208=CARTESIAN_POINT('Ctrl Pts',(13.6258233270487,-54.8002835831028,142.4));
#6209=CARTESIAN_POINT('Ctrl Pts',(13.1916641005947,-54.8142181879378,142.4));
#6210=CARTESIAN_POINT('Ctrl Pts',(12.7686212834735,-54.8277960048438,142.4));
#6211=CARTESIAN_POINT('Ctrl Pts',(12.3368405072434,-54.8407168371596,142.4));
#6212=CARTESIAN_POINT('Ctrl Pts',(11.8957292077074,-54.8529568711762,142.4));
#6213=CARTESIAN_POINT('Ctrl Pts',(11.4716015451236,-54.864725640244,142.4));
#6214=CARTESIAN_POINT('Ctrl Pts',(11.0388480461389,-54.8758650258959,142.4));
#6215=CARTESIAN_POINT('Ctrl Pts',(10.5968942710624,-54.886351264924,142.4));
#6216=CARTESIAN_POINT('Ctrl Pts',(10.1653461493221,-54.8965906089728,142.4));
#6217=CARTESIAN_POINT('Ctrl Pts',(9.72502603944085,-54.9062072073428,142.4));
#6218=CARTESIAN_POINT('Ctrl Pts',(9.27535119710912,-54.9151763527951,142.4));
#6219=CARTESIAN_POINT('Ctrl Pts',(8.92169417681005,-54.9222303414925,142.4));
#6220=CARTESIAN_POINT('Ctrl Pts',(8.56225002183546,-54.9288838082074,142.4));
#6221=CARTESIAN_POINT('Ctrl Pts',(8.19671249165513,-54.9351235164298,142.4));
#6222=CARTESIAN_POINT('Ctrl Pts',(7.9250774395299,-54.9397603138261,142.4));
#6223=CARTESIAN_POINT('Ctrl Pts',(7.65006682021747,-54.9441687773583,142.4));
#6224=CARTESIAN_POINT('Ctrl Pts',(7.37155397890287,-54.948342908169,142.4));
#6225=CARTESIAN_POINT('Ctrl Pts',(6.90266591931762,-54.9553702326078,142.4));
#6226=CARTESIAN_POINT('Ctrl Pts',(6.42385715394734,-54.9617334797218,142.4));
#6227=CARTESIAN_POINT('Ctrl Pts',(5.93449845692449,-54.967401777226,142.4));
#6228=CARTESIAN_POINT('Ctrl Pts',(5.4619656822019,-54.9728751781565,142.4));
#6229=CARTESIAN_POINT('Ctrl Pts',(4.97959603884959,-54.977700600097,142.4));
#6230=CARTESIAN_POINT('Ctrl Pts',(4.48677497814569,-54.9818478222618,142.4));
#6231=CARTESIAN_POINT('Ctrl Pts',(4.00327789738765,-54.9859165806201,142.4));
#6232=CARTESIAN_POINT('Ctrl Pts',(3.50972130609981,-54.9893325679144,142.4));
#6233=CARTESIAN_POINT('Ctrl Pts',(3.00547604384938,-54.9920647786741,142.4));
#6234=CARTESIAN_POINT('Ctrl Pts',(2.51692204530158,-54.9947119676344,142.4));
#6235=CARTESIAN_POINT('Ctrl Pts',(2.01833432139698,-54.996717277458,142.4));
#6236=CARTESIAN_POINT('Ctrl Pts',(1.50909274824622,-54.9980500867043,142.4));
#6237=CARTESIAN_POINT('Ctrl Pts',(1.01624363666073,-54.9993399928856,142.4));
#6238=CARTESIAN_POINT('Ctrl Pts',(0.51341558466094,-55.,142.4));
#6239=CARTESIAN_POINT('Ctrl Pts',(1.0736102763321E-14,-55.,142.4));
#6240=CARTESIAN_POINT('Ctrl Pts',(0.0782405609700828,-54.5999949559165,
142.));
#6241=CARTESIAN_POINT('Ctrl Pts',(-3.0077223579479,-54.6003925648651,142.));
#6242=CARTESIAN_POINT('Ctrl Pts',(-8.39990326927634,-54.5543407213998,142.));
#6243=CARTESIAN_POINT('Ctrl Pts',(-17.0315642084731,-54.3174148733139,142.));
#6244=CARTESIAN_POINT('Ctrl Pts',(-24.9399723898668,-53.8012868247139,142.));
#6245=CARTESIAN_POINT('Ctrl Pts',(-31.7890706319155,-52.906509745598,142.));
#6246=CARTESIAN_POINT('Ctrl Pts',(-38.6120540426672,-51.3652472780864,142.));
#6247=CARTESIAN_POINT('Ctrl Pts',(-44.2996693130281,-48.7876274305659,142.));
#6248=CARTESIAN_POINT('Ctrl Pts',(-48.7898559694882,-44.3035819535655,142.));
#6249=CARTESIAN_POINT('Ctrl Pts',(-51.3643365214033,-38.6104015762251,142.));
#6250=CARTESIAN_POINT('Ctrl Pts',(-52.9065576451258,-31.7884916387773,142.));
#6251=CARTESIAN_POINT('Ctrl Pts',(-53.8011810296379,-24.9399249326826,142.));
#6252=CARTESIAN_POINT('Ctrl Pts',(-54.317432055911,-17.0315134415567,142.));
#6253=CARTESIAN_POINT('Ctrl Pts',(-54.5543305211377,-8.39990037090502,142.));
#6254=CARTESIAN_POINT('Ctrl Pts',(-54.6003926518316,-3.00772238316662,142.));
#6255=CARTESIAN_POINT('Ctrl Pts',(-54.5999949548021,0.078240561295382,142.));
#6256=CARTESIAN_POINT('Ctrl Pts',(0.0782580092372162,-54.7337140431629,
142.133719088451));
#6257=CARTESIAN_POINT('Ctrl Pts',(-3.00839181070345,-54.7341117469805,142.133719088451));
#6258=CARTESIAN_POINT('Ctrl Pts',(-8.40207711152019,-54.6880489510323,142.133719088451));
#6259=CARTESIAN_POINT('Ctrl Pts',(-17.0374361795397,-54.4510334991337,142.133719088451));
#6260=CARTESIAN_POINT('Ctrl Pts',(-24.9517499161075,-53.9345581909224,142.133719088451));
#6261=CARTESIAN_POINT('Ctrl Pts',(-31.8111551707661,-53.0386126544408,142.133719088451));
#6262=CARTESIAN_POINT('Ctrl Pts',(-38.6520489102724,-51.4934218968419,142.133719088451));
#6263=CARTESIAN_POINT('Ctrl Pts',(-44.3740401273918,-48.9032349905024,142.133719088451));
#6264=CARTESIAN_POINT('Ctrl Pts',(-48.9054148542848,-44.377961681979,142.133719088451));
#6265=CARTESIAN_POINT('Ctrl Pts',(-51.4924933407063,-38.6503562495551,142.133719088451));
#6266=CARTESIAN_POINT('Ctrl Pts',(-53.038658126424,-31.8105530386366,142.133719088451));
#6267=CARTESIAN_POINT('Ctrl Pts',(-53.9344508889206,-24.9517031135019,142.133719088451));
#6268=CARTESIAN_POINT('Ctrl Pts',(-54.4510506313684,-17.0373830890263,142.133719088451));
#6269=CARTESIAN_POINT('Ctrl Pts',(-54.6880386135961,-8.40207433953745,142.133719088451));
#6270=CARTESIAN_POINT('Ctrl Pts',(-54.734111835119,-3.00839183486384,142.133719088451));
#6271=CARTESIAN_POINT('Ctrl Pts',(-54.7337140420335,0.0782580095490375,
142.133719088451));
#6272=CARTESIAN_POINT('Ctrl Pts',(0.0782754575043495,-54.8674331304093,
142.267438176903));
#6273=CARTESIAN_POINT('Ctrl Pts',(-3.009061263459,-54.8678309290959,142.267438176903));
#6274=CARTESIAN_POINT('Ctrl Pts',(-8.40425095376404,-54.8217571806648,142.267438176903));
#6275=CARTESIAN_POINT('Ctrl Pts',(-17.0433081506063,-54.5846521249534,142.267438176903));
#6276=CARTESIAN_POINT('Ctrl Pts',(-24.9635274423482,-54.0678295571308,142.267438176903));
#6277=CARTESIAN_POINT('Ctrl Pts',(-31.8332397096169,-53.1707155632836,142.267438176903));
#6278=CARTESIAN_POINT('Ctrl Pts',(-38.6920437778775,-51.6215965155974,142.267438176903));
#6279=CARTESIAN_POINT('Ctrl Pts',(-44.4484109417553,-49.0188425504391,142.267438176903));
#6280=CARTESIAN_POINT('Ctrl Pts',(-49.0209737390813,-44.4523414103924,142.267438176903));
#6281=CARTESIAN_POINT('Ctrl Pts',(-51.6206501600092,-38.6903109228852,142.267438176903));
#6282=CARTESIAN_POINT('Ctrl Pts',(-53.1707586077222,-31.8326144384959,142.267438176903));
#6283=CARTESIAN_POINT('Ctrl Pts',(-54.0677207482031,-24.9634812943211,142.267438176903));
#6284=CARTESIAN_POINT('Ctrl Pts',(-54.5846692068258,-17.0432527364959,142.267438176903));
#6285=CARTESIAN_POINT('Ctrl Pts',(-54.8217467060544,-8.4042483081699,142.267438176903));
#6286=CARTESIAN_POINT('Ctrl Pts',(-54.8678310184065,-3.00906128656107,142.267438176903));
#6287=CARTESIAN_POINT('Ctrl Pts',(-54.867433129265,0.0782754578026933,142.267438176903));
#6288=CARTESIAN_POINT('Ctrl Pts',(0.0782929057714831,-55.0011522176557,
142.401157265354));
#6289=CARTESIAN_POINT('Ctrl Pts',(-3.00973071621456,-55.0015501112112,142.401157265354));
#6290=CARTESIAN_POINT('Ctrl Pts',(-8.4064247960079,-54.9554654102974,142.401157265354));
#6291=CARTESIAN_POINT('Ctrl Pts',(-17.0491801216729,-54.7182707507732,142.401157265354));
#6292=CARTESIAN_POINT('Ctrl Pts',(-24.9753049685889,-54.2011009233393,142.401157265354));
#6293=CARTESIAN_POINT('Ctrl Pts',(-31.8553242484674,-53.3028184721264,142.401157265354));
#6294=CARTESIAN_POINT('Ctrl Pts',(-38.7320386454827,-51.7497711343529,142.401157265354));
#6295=CARTESIAN_POINT('Ctrl Pts',(-44.522781756119,-49.1344501103757,142.401157265354));
#6296=CARTESIAN_POINT('Ctrl Pts',(-49.1365326238779,-44.5267211388058,142.401157265354));
#6297=CARTESIAN_POINT('Ctrl Pts',(-51.7488069793122,-38.7302655962152,142.401157265354));
#6298=CARTESIAN_POINT('Ctrl Pts',(-53.3028590890205,-31.8546758383552,142.401157265354));
#6299=CARTESIAN_POINT('Ctrl Pts',(-54.2009906074857,-24.9752594751404,142.401157265354));
#6300=CARTESIAN_POINT('Ctrl Pts',(-54.7182877822833,-17.0491223839655,142.401157265354));
#6301=CARTESIAN_POINT('Ctrl Pts',(-54.9554547985128,-8.40642227680234,142.401157265354));
#6302=CARTESIAN_POINT('Ctrl Pts',(-55.001550201694,-3.00973073825828,142.401157265354));
#6303=CARTESIAN_POINT('Ctrl Pts',(-55.0011522164963,0.0782929060563488,
142.401157265354));
#6304=CARTESIAN_POINT('',(-54.6,-1.4202446482701E-14,142.));
#6305=CARTESIAN_POINT('',(-55.,-1.4103881460833E-14,142.4));
#6306=CARTESIAN_POINT('Ctrl Pts',(-54.6,-1.4202446482701E-14,142.));
#6307=CARTESIAN_POINT('Ctrl Pts',(-54.6,-3.05351473922904,142.));
#6308=CARTESIAN_POINT('Ctrl Pts',(-54.5538262814302,-8.41827280757624,142.));
#6309=CARTESIAN_POINT('Ctrl Pts',(-54.317432055911,-17.0315134415567,142.));
#6310=CARTESIAN_POINT('Ctrl Pts',(-53.8011810296379,-24.9399249326826,142.));
#6311=CARTESIAN_POINT('Ctrl Pts',(-52.9065576451258,-31.7884916387773,142.));
#6312=CARTESIAN_POINT('Ctrl Pts',(-51.3643365214033,-38.6104015762251,142.));
#6313=CARTESIAN_POINT('Ctrl Pts',(-48.7898559694882,-44.3035819535655,142.));
#6314=CARTESIAN_POINT('Ctrl Pts',(-44.2996693130281,-48.7876274305659,142.));
#6315=CARTESIAN_POINT('Ctrl Pts',(-38.6120540426672,-51.3652472780864,142.));
#6316=CARTESIAN_POINT('Ctrl Pts',(-31.7890706319155,-52.906509745598,142.));
#6317=CARTESIAN_POINT('Ctrl Pts',(-24.9399723898668,-53.8012868247139,142.));
#6318=CARTESIAN_POINT('Ctrl Pts',(-17.0315642084731,-54.3174148733139,142.));
#6319=CARTESIAN_POINT('Ctrl Pts',(-8.41827580783603,-54.5538364234077,142.));
#6320=CARTESIAN_POINT('Ctrl Pts',(-3.05351473922902,-54.6,142.));
#6321=CARTESIAN_POINT('Ctrl Pts',(1.14260579163966E-14,-54.6,142.));
#6322=CARTESIAN_POINT('Ctrl Pts',(-54.59999521521,-0.0761965757750828,142.));
#6323=CARTESIAN_POINT('Ctrl Pts',(-54.6003792342029,2.98366528810879,142.));
#6324=CARTESIAN_POINT('Ctrl Pts',(-54.5550770828085,8.33676759173137,142.));
#6325=CARTESIAN_POINT('Ctrl Pts',(-54.3217538261752,16.9201536916859,142.));
#6326=CARTESIAN_POINT('Ctrl Pts',(-53.8131362781162,24.8011324198513,142.));
#6327=CARTESIAN_POINT('Ctrl Pts',(-52.9310715601526,31.6385748918815,142.));
#6328=CARTESIAN_POINT('Ctrl Pts',(-51.4125358465495,38.4600767957607,142.));
#6329=CARTESIAN_POINT('Ctrl Pts',(-48.8748180492781,44.1582670287139,142.));
#6330=CARTESIAN_POINT('Ctrl Pts',(-44.4757937380511,48.6636165868362,142.));
#6331=CARTESIAN_POINT('Ctrl Pts',(-38.9212126890537,51.2525277631145,142.));
#6332=CARTESIAN_POINT('Ctrl Pts',(-32.3095642477231,52.811684563747,142.));
#6333=CARTESIAN_POINT('Ctrl Pts',(-25.7097579394765,53.7234881538649,142.));
#6334=CARTESIAN_POINT('Ctrl Pts',(-18.1428968428243,54.2607883174682,142.));
#6335=CARTESIAN_POINT('Ctrl Pts',(-9.95705363883096,54.5231411274408,142.));
#6336=CARTESIAN_POINT('Ctrl Pts',(-4.87856165621061,54.5864940650857,142.));
#6337=CARTESIAN_POINT('Ctrl Pts',(-1.98629578387685,54.5965920050045,142.));
#6338=CARTESIAN_POINT('Ctrl Pts',(-54.7337042349692,-0.0762135677297666,
142.133709020932));
#6339=CARTESIAN_POINT('Ctrl Pts',(-54.7340883480619,2.98432939955272,142.133709020932));
#6340=CARTESIAN_POINT('Ctrl Pts',(-54.6887751268406,8.33892274994701,142.133709020932));
#6341=CARTESIAN_POINT('Ctrl Pts',(-54.4553652288611,16.925965953553,142.133709020932));
#6342=CARTESIAN_POINT('Ctrl Pts',(-53.9464042801314,24.8127811812856,142.133709020932));
#6343=CARTESIAN_POINT('Ctrl Pts',(-53.0632109492475,31.6603670564617,142.133709020932));
#6344=CARTESIAN_POINT('Ctrl Pts',(-51.5408423772534,38.4995094614296,142.133709020932));
#6345=CARTESIAN_POINT('Ctrl Pts',(-48.9910380433067,44.2314415915544,142.133709020932));
#6346=CARTESIAN_POINT('Ctrl Pts',(-44.5517415899626,48.7781228197064,142.133709020932));
#6347=CARTESIAN_POINT('Ctrl Pts',(-38.9625673745495,51.3802803362086,142.133709020932));
#6348=CARTESIAN_POINT('Ctrl Pts',(-32.332724290066,52.9435870454116,142.133709020932));
#6349=CARTESIAN_POINT('Ctrl Pts',(-25.7224025555174,53.8566779169748,142.133709020932));
#6350=CARTESIAN_POINT('Ctrl Pts',(-18.1494590337203,54.3943649318932,142.133709020932));
#6351=CARTESIAN_POINT('Ctrl Pts',(-9.95979622902576,54.6568297400796,142.133709020932));
#6352=CARTESIAN_POINT('Ctrl Pts',(-4.87974260491206,54.7201997810531,142.133709020932));
#6353=CARTESIAN_POINT('Ctrl Pts',(-1.9867624030983,54.7303002117012,142.133709020932));
#6354=CARTESIAN_POINT('Ctrl Pts',(-54.8674132547283,-0.0762305596844507,
142.267418041866));
#6355=CARTESIAN_POINT('Ctrl Pts',(-54.8677974619209,2.98499351099667,142.267418041866));
#6356=CARTESIAN_POINT('Ctrl Pts',(-54.8224731708726,8.34107790816266,142.267418041866));
#6357=CARTESIAN_POINT('Ctrl Pts',(-54.5889766315468,16.9317782154202,142.267418041866));
#6358=CARTESIAN_POINT('Ctrl Pts',(-54.0796722821467,24.8244299427198,142.267418041866));
#6359=CARTESIAN_POINT('Ctrl Pts',(-53.1953503383425,31.682159221042,142.267418041866));
#6360=CARTESIAN_POINT('Ctrl Pts',(-51.6691489079572,38.5389421270986,142.267418041866));
#6361=CARTESIAN_POINT('Ctrl Pts',(-49.1072580373353,44.3046161543947,142.267418041866));
#6362=CARTESIAN_POINT('Ctrl Pts',(-44.6276894418742,48.8926290525767,142.267418041866));
#6363=CARTESIAN_POINT('Ctrl Pts',(-39.0039220600453,51.5080329093026,142.267418041866));
#6364=CARTESIAN_POINT('Ctrl Pts',(-32.3558843324089,53.0754895270763,142.267418041866));
#6365=CARTESIAN_POINT('Ctrl Pts',(-25.7350471715582,53.9898676800847,142.267418041866));
#6366=CARTESIAN_POINT('Ctrl Pts',(-18.1560212246162,54.5279415463182,142.267418041866));
#6367=CARTESIAN_POINT('Ctrl Pts',(-9.96253881922056,54.7905183527184,142.267418041866));
#6368=CARTESIAN_POINT('Ctrl Pts',(-4.88092355361349,54.8539054970204,142.267418041866));
#6369=CARTESIAN_POINT('Ctrl Pts',(-1.98722902231975,54.864008418398,142.267418041866));
#6370=CARTESIAN_POINT('Ctrl Pts',(-55.0011222744875,-0.0762475516391345,
142.401127062798));
#6371=CARTESIAN_POINT('Ctrl Pts',(-55.0015065757799,2.9856576224406,142.401127062798));
#6372=CARTESIAN_POINT('Ctrl Pts',(-54.9561712149047,8.34323306637831,142.401127062798));
#6373=CARTESIAN_POINT('Ctrl Pts',(-54.7225880342327,16.9375904772873,142.401127062798));
#6374=CARTESIAN_POINT('Ctrl Pts',(-54.2129402841619,24.8360787041541,142.401127062798));
#6375=CARTESIAN_POINT('Ctrl Pts',(-53.3274897274374,31.7039513856221,142.401127062798));
#6376=CARTESIAN_POINT('Ctrl Pts',(-51.7974554386611,38.5783747927674,142.401127062798));
#6377=CARTESIAN_POINT('Ctrl Pts',(-49.2234780313638,44.3777907172352,142.401127062798));
#6378=CARTESIAN_POINT('Ctrl Pts',(-44.7036372937858,49.0071352854469,142.401127062798));
#6379=CARTESIAN_POINT('Ctrl Pts',(-39.0452767455411,51.6357854823967,142.401127062798));
#6380=CARTESIAN_POINT('Ctrl Pts',(-32.3790443747518,53.207392008741,142.401127062798));
#6381=CARTESIAN_POINT('Ctrl Pts',(-25.7476917875991,54.1230574431946,142.401127062798));
#6382=CARTESIAN_POINT('Ctrl Pts',(-18.162583415512,54.6615181607432,142.401127062798));
#6383=CARTESIAN_POINT('Ctrl Pts',(-9.96528140941536,54.9242069653572,142.401127062798));
#6384=CARTESIAN_POINT('Ctrl Pts',(-4.88210450231493,54.9876112129877,142.401127062798));
#6385=CARTESIAN_POINT('Ctrl Pts',(-1.98769564154119,54.9977166250947,142.401127062798));
#6386=CARTESIAN_POINT('Ctrl Pts',(-2.45977006360098,54.5947324510243,142.));
#6387=CARTESIAN_POINT('Ctrl Pts',(-5.15790919243999,54.5829482205534,142.));
#6388=CARTESIAN_POINT('Ctrl Pts',(-10.0701565785624,54.519516226094,142.));
#6389=CARTESIAN_POINT('Ctrl Pts',(-18.1428968428243,54.2607883174682,142.));
#6390=CARTESIAN_POINT('Ctrl Pts',(-25.7097579394765,53.7234881538649,142.));
#6391=CARTESIAN_POINT('Ctrl Pts',(-32.3095642477231,52.811684563747,142.));
#6392=CARTESIAN_POINT('Ctrl Pts',(-38.9212126890537,51.2525277631145,142.));
#6393=CARTESIAN_POINT('Ctrl Pts',(-44.4757937380511,48.6636165868362,142.));
#6394=CARTESIAN_POINT('Ctrl Pts',(-48.8748180492781,44.1582670287139,142.));
#6395=CARTESIAN_POINT('Ctrl Pts',(-51.4125358465495,38.4600767957607,142.));
#6396=CARTESIAN_POINT('Ctrl Pts',(-52.9310715601526,31.6385748918815,142.));
#6397=CARTESIAN_POINT('Ctrl Pts',(-53.8131362781162,24.8011324198513,142.));
#6398=CARTESIAN_POINT('Ctrl Pts',(-54.3217538261752,16.9201536916859,142.));
#6399=CARTESIAN_POINT('Ctrl Pts',(-54.5545893701059,8.35470933698534,142.));
#6400=CARTESIAN_POINT('Ctrl Pts',(-54.6,3.02831170172509,142.));
#6401=CARTESIAN_POINT('Ctrl Pts',(-54.6,-1.46624165847514E-14,142.));
#6402=CARTESIAN_POINT('Ctrl Pts',(1.0736102763321E-14,-55.,142.));
#6403=CARTESIAN_POINT('Ctrl Pts',(1.0736102763321E-14,-55.,159.2374));
#6404=CARTESIAN_POINT('Ctrl Pts',(55.,-55.,142.));
#6405=CARTESIAN_POINT('Ctrl Pts',(55.,-55.,159.2374));
#6406=CARTESIAN_POINT('Ctrl Pts',(55.,-2.54943055587874E-14,142.));
#6407=CARTESIAN_POINT('Ctrl Pts',(55.,-2.54943055587874E-14,159.2374));
#6408=CARTESIAN_POINT('',(55.,-2.54943055587874E-14,142.));
#6409=CARTESIAN_POINT('Ctrl Pts',(55.,-2.95981661418161E-15,142.));
#6410=CARTESIAN_POINT('Ctrl Pts',(55.,-2.95981661418161E-15,159.2374));
#6411=CARTESIAN_POINT('Ctrl Pts',(55.,55.,142.));
#6412=CARTESIAN_POINT('Ctrl Pts',(55.,55.,159.2374));
#6413=CARTESIAN_POINT('Ctrl Pts',(2.0056998873096E-14,55.,142.));
#6414=CARTESIAN_POINT('Ctrl Pts',(2.0056998873096E-14,55.,159.2374));
#6415=CARTESIAN_POINT('',(2.05976957993929,54.996333174519,142.572660936618));
#6416=CARTESIAN_POINT('',(2.05976957993929,54.996333174519,142.4));
#6417=CARTESIAN_POINT('Ctrl Pts',(2.05976957993941,54.9963331745189,142.572660936618));
#6418=CARTESIAN_POINT('Ctrl Pts',(2.62567517502249,54.9942828344461,142.809620035216));
#6419=CARTESIAN_POINT('Ctrl Pts',(3.14567862396877,54.9914879209299,143.143945865151));
#6420=CARTESIAN_POINT('Ctrl Pts',(3.91481183996176,54.9864228681412,143.855072810274));
#6421=CARTESIAN_POINT('Ctrl Pts',(4.19571479544458,54.9842670417434,144.188082969123));
#6422=CARTESIAN_POINT('Ctrl Pts',(4.80953877956331,54.9791716307136,145.131379219367));
#6423=CARTESIAN_POINT('Ctrl Pts',(5.06848011311619,54.976610226118,145.779747969479));
#6424=CARTESIAN_POINT('Ctrl Pts',(5.31703115211159,54.9741415036869,147.122410873969));
#6425=CARTESIAN_POINT('Ctrl Pts',(5.31094406641616,54.974206880857,147.802653842798));
#6426=CARTESIAN_POINT('Ctrl Pts',(5.03851514736565,54.9769021004571,149.140115832008));
#6427=CARTESIAN_POINT('Ctrl Pts',(4.76833125989123,54.9795523333209,149.78326828275));
#6428=CARTESIAN_POINT('Ctrl Pts',(4.09600386333756,54.9850615149425,150.777766578901));
#6429=CARTESIAN_POINT('Ctrl Pts',(3.75067410640331,54.9876349275263,151.156117392836));
#6430=CARTESIAN_POINT('Ctrl Pts',(2.92614883167768,54.9926704114166,151.830638845497));
#6431=CARTESIAN_POINT('Ctrl Pts',(2.44286200833512,54.9950577258343,152.112000946088));
#6432=CARTESIAN_POINT('Ctrl Pts',(1.50039198993127,54.9982370442148,152.47621474684));
#6433=CARTESIAN_POINT('Ctrl Pts',(1.05678999469409,54.9992281273032,152.584322347735));
#6434=CARTESIAN_POINT('Ctrl Pts',(0.499799579621509,54.9997991874717,152.645456218218));
#6435=CARTESIAN_POINT('Ctrl Pts',(0.394441285163231,54.9998787047222,152.653810900749));
#6436=CARTESIAN_POINT('Ctrl Pts',(0.236039101722933,54.9999556679151,152.661570016311));
#6437=CARTESIAN_POINT('Ctrl Pts',(0.183139223349841,54.9999742683529,152.663359919484));
#6438=CARTESIAN_POINT('Ctrl Pts',(0.0868192937561328,54.9999952797344,152.665161410806));
#6439=CARTESIAN_POINT('Ctrl Pts',(0.0434088387743548,55.,152.665434832));
#6440=CARTESIAN_POINT('Ctrl Pts',(1.86473710586201E-14,55.,152.665169853749));
#6441=CARTESIAN_POINT('Origin',(2.05976957993908,44.1999999999945,142.572660936618));
#6442=CARTESIAN_POINT('',(2.05976957993924,52.359501041144,142.572660936618));
#6443=CARTESIAN_POINT('',(2.05976957993924,52.359501041144,142.));
#6444=CARTESIAN_POINT('',(2.05976957993908,44.1999999999945,142.572660936618));
#6445=CARTESIAN_POINT('Origin',(0.,0.,142.));
#6446=CARTESIAN_POINT('Origin',(-26.1269484094937,44.9051731976565,145.4));
#6447=CARTESIAN_POINT('',(-26.1802789376899,45.3911114068025,145.6));
#6448=CARTESIAN_POINT('',(-26.526013176028,45.1899394222341,145.2));
#6449=CARTESIAN_POINT('Origin',(0.,0.,145.2));
#6450=CARTESIAN_POINT('',(-26.0197915505313,44.3275359981457,145.2));
#6451=CARTESIAN_POINT('',(-26.2994290943113,44.8039288725571,145.2));
#6452=CARTESIAN_POINT('',(-25.6748301808959,44.5300246483444,145.6));
#6453=CARTESIAN_POINT('',(-26.0197915505313,44.3275359981457,145.2));
#6454=CARTESIAN_POINT('',(-25.954467724676,45.0064175227558,145.6));
#6455=CARTESIAN_POINT('Origin',(-25.1488325369181,44.8387796635779,145.4));
#6456=CARTESIAN_POINT('',(-24.6547970548648,43.9579456092233,145.2));
#6457=CARTESIAN_POINT('',(-24.8504700473637,44.3068181934234,145.6));
#6458=CARTESIAN_POINT('',(-24.6547970548648,43.9579456092233,145.2));
#6459=CARTESIAN_POINT('Origin',(-25.1488325369181,44.8387796635779,145.6));
#6460=CARTESIAN_POINT('Origin',(-25.1488325369181,44.8387796635779,145.2));
#6461=CARTESIAN_POINT('Origin',(0.,0.,145.4));
#6462=CARTESIAN_POINT('',(-21.0709989285578,45.7839819604271,145.2));
#6463=CARTESIAN_POINT('',(-21.2382290787844,46.147346896621,145.6));
#6464=CARTESIAN_POINT('',(-21.0709989285578,45.7839819604271,145.2));
#6465=CARTESIAN_POINT('Origin',(0.,0.,145.6));
#6466=CARTESIAN_POINT('Origin',(0.,0.,145.2));
#6467=CARTESIAN_POINT('Origin',(-21.4932218772947,46.7014063280991,145.4));
#6468=CARTESIAN_POINT('',(-20.5676802001405,47.1055254846472,145.2));
#6469=CARTESIAN_POINT('',(-20.9342601650016,46.9454657165527,145.6));
#6470=CARTESIAN_POINT('',(-20.5676802001405,47.1055254846472,145.2));
#6471=CARTESIAN_POINT('Origin',(-21.4932218772947,46.7014063280991,145.6));
#6472=CARTESIAN_POINT('Origin',(-21.4932218772947,46.7014063280991,145.2));
#6473=CARTESIAN_POINT('Origin',(-20.7697210894263,47.0684402259605,145.4));
#6474=CARTESIAN_POINT('',(-20.9678296203767,48.0219753967999,145.2));
#6475=CARTESIAN_POINT('',(-21.3337986611924,47.8605164481507,145.6));
#6476=CARTESIAN_POINT('Origin',(0.,0.,145.2));
#6477=CARTESIAN_POINT('',(-20.9530110718568,46.9884103419132,145.6));
#6478=CARTESIAN_POINT('',(-20.5864311069958,47.1484701100077,145.2));
#6479=CARTESIAN_POINT('Origin',(-20.5676802001405,47.1055254846472,143.));
#6480=CARTESIAN_POINT('',(-20.5676802001405,47.1055254846472,144.));
#6481=CARTESIAN_POINT('',(-20.5676802001405,47.1055254846472,143.));
#6482=CARTESIAN_POINT('',(-20.9678296203767,48.0219753967999,143.));
#6483=CARTESIAN_POINT('',(-20.5676802001405,47.1055254846472,144.));
#6484=CARTESIAN_POINT('',(-20.9678296203767,48.0219753967999,142.));
#6485=CARTESIAN_POINT('Origin',(-21.4932218772947,46.7014063280991,143.));
#6486=CARTESIAN_POINT('',(-21.0709989285578,45.7839819604271,145.));
#6487=CARTESIAN_POINT('',(-21.0709989285578,45.7839819604271,143.));
#6488=CARTESIAN_POINT('Ctrl Pts',(-21.0709989285578,45.7839819604271,145.));
#6489=CARTESIAN_POINT('Ctrl Pts',(-20.958701437922,45.8356642345227,145.));
#6490=CARTESIAN_POINT('Ctrl Pts',(-20.853055307372,45.9108503648363,144.97537056256));
#6491=CARTESIAN_POINT('Ctrl Pts',(-20.6833734184357,46.0858274572648,144.88571899356));
#6492=CARTESIAN_POINT('Ctrl Pts',(-20.6189504594029,46.1854293960605,144.821061672923));
#6493=CARTESIAN_POINT('Ctrl Pts',(-20.5126073305722,46.4164701878856,144.653149149507));
#6494=CARTESIAN_POINT('Ctrl Pts',(-20.4824198187811,46.5648502824839,144.52946233256));
#6495=CARTESIAN_POINT('Ctrl Pts',(-20.4842228439492,46.8507022590726,144.266953084837));
#6496=CARTESIAN_POINT('Ctrl Pts',(-20.5164246285005,46.9881364250826,144.128091080601));
#6497=CARTESIAN_POINT('Ctrl Pts',(-20.5676802001405,47.1055254846472,144.));
#6498=CARTESIAN_POINT('Origin',(0.,0.,143.));
#6499=CARTESIAN_POINT('',(-24.6547970548648,43.9579456092233,145.));
#6500=CARTESIAN_POINT('',(-24.6547970548648,43.9579456092233,143.));
#6501=CARTESIAN_POINT('Origin',(0.,0.,145.));
#6502=CARTESIAN_POINT('Origin',(-25.1488325369181,44.8387796635779,143.));
#6503=CARTESIAN_POINT('',(-26.0197915505313,44.3275359981457,144.));
#6504=CARTESIAN_POINT('',(-26.0197915505313,44.3275359981457,143.));
#6505=CARTESIAN_POINT('Ctrl Pts',(-26.0197915505312,44.3275359981457,144.));
#6506=CARTESIAN_POINT('Ctrl Pts',(-25.9549490754976,44.21706981164,144.128091080601));
#6507=CARTESIAN_POINT('Ctrl Pts',(-25.8626902336445,44.110236244747,144.266953084837));
#6508=CARTESIAN_POINT('Ctrl Pts',(-25.6324909183119,43.9407579905673,144.52946233256));
#6509=CARTESIAN_POINT('Ctrl Pts',(-25.4947051259207,43.8779645692855,144.653149149507));
#6510=CARTESIAN_POINT('Ctrl Pts',(-25.2452822761311,43.8281955976318,144.821061672923));
#6511=CARTESIAN_POINT('Ctrl Pts',(-25.1268357497441,43.8217703155933,144.88571899356));
#6512=CARTESIAN_POINT('Ctrl Pts',(-24.8855397964452,43.856196892962,144.97537056256));
#6513=CARTESIAN_POINT('Ctrl Pts',(-24.7626157017812,43.8974731093916,145.));
#6514=CARTESIAN_POINT('Ctrl Pts',(-24.6547970548648,43.9579456092233,145.));
#6515=CARTESIAN_POINT('Origin',(-26.526013176028,45.1899394222341,143.));
#6516=CARTESIAN_POINT('',(-26.526013176028,45.1899394222341,143.));
#6517=CARTESIAN_POINT('',(-26.526013176028,45.1899394222341,142.));
#6518=CARTESIAN_POINT('',(-26.0197915505313,44.3275359981457,144.));
#6519=CARTESIAN_POINT('Origin',(44.9051731976565,26.1269484094937,145.4));
#6520=CARTESIAN_POINT('',(45.3911114068025,26.1802789376899,145.6));
#6521=CARTESIAN_POINT('',(45.1899394222341,26.526013176028,145.2));
#6522=CARTESIAN_POINT('Origin',(0.,0.,145.2));
#6523=CARTESIAN_POINT('',(44.3275359981457,26.0197915505313,145.2));
#6524=CARTESIAN_POINT('',(44.8039288725571,26.2994290943113,145.2));
#6525=CARTESIAN_POINT('',(44.5300246483444,25.6748301808959,145.6));
#6526=CARTESIAN_POINT('',(44.3275359981457,26.0197915505313,145.2));
#6527=CARTESIAN_POINT('',(45.0064175227558,25.954467724676,145.6));
#6528=CARTESIAN_POINT('Origin',(44.8387796635779,25.1488325369182,145.4));
#6529=CARTESIAN_POINT('',(43.9579456092233,24.6547970548648,145.2));
#6530=CARTESIAN_POINT('',(44.3068181934234,24.8504700473637,145.6));
#6531=CARTESIAN_POINT('',(43.9579456092233,24.6547970548648,145.2));
#6532=CARTESIAN_POINT('Origin',(44.8387796635779,25.1488325369182,145.6));
#6533=CARTESIAN_POINT('Origin',(44.8387796635779,25.1488325369182,145.2));
#6534=CARTESIAN_POINT('Origin',(0.,0.,145.4));
#6535=CARTESIAN_POINT('',(45.7839819604271,21.0709989285578,145.2));
#6536=CARTESIAN_POINT('',(46.147346896621,21.2382290787844,145.6));
#6537=CARTESIAN_POINT('',(45.7839819604271,21.0709989285578,145.2));
#6538=CARTESIAN_POINT('Origin',(0.,0.,145.6));
#6539=CARTESIAN_POINT('Origin',(0.,0.,145.2));
#6540=CARTESIAN_POINT('Origin',(46.7014063280991,21.4932218772947,145.4));
#6541=CARTESIAN_POINT('',(47.1055254846472,20.5676802001405,145.2));
#6542=CARTESIAN_POINT('',(46.9454657165527,20.9342601650016,145.6));
#6543=CARTESIAN_POINT('',(47.1055254846472,20.5676802001405,145.2));
#6544=CARTESIAN_POINT('Origin',(46.7014063280991,21.4932218772947,145.6));
#6545=CARTESIAN_POINT('Origin',(46.7014063280991,21.4932218772947,145.2));
#6546=CARTESIAN_POINT('Origin',(47.0684402259605,20.7697210894263,145.4));
#6547=CARTESIAN_POINT('',(48.0219753967999,20.9678296203767,145.2));
#6548=CARTESIAN_POINT('',(47.8605164481507,21.3337986611924,145.6));
#6549=CARTESIAN_POINT('Origin',(0.,0.,145.2));
#6550=CARTESIAN_POINT('',(46.9884103419132,20.9530110718568,145.6));
#6551=CARTESIAN_POINT('',(47.1484701100077,20.5864311069958,145.2));
#6552=CARTESIAN_POINT('Origin',(47.1055254846472,20.5676802001405,143.));
#6553=CARTESIAN_POINT('',(47.1055254846472,20.5676802001405,144.));
#6554=CARTESIAN_POINT('',(47.1055254846472,20.5676802001405,143.));
#6555=CARTESIAN_POINT('',(48.0219753967999,20.9678296203767,143.));
#6556=CARTESIAN_POINT('',(47.1055254846472,20.5676802001406,144.));
#6557=CARTESIAN_POINT('',(48.0219753967999,20.9678296203767,142.));
#6558=CARTESIAN_POINT('Origin',(46.7014063280991,21.4932218772947,143.));
#6559=CARTESIAN_POINT('',(45.7839819604271,21.0709989285578,145.));
#6560=CARTESIAN_POINT('',(45.7839819604271,21.0709989285578,143.));
#6561=CARTESIAN_POINT('Ctrl Pts',(45.7839819604271,21.0709989285578,145.));
#6562=CARTESIAN_POINT('Ctrl Pts',(45.8356642345227,20.958701437922,145.));
#6563=CARTESIAN_POINT('Ctrl Pts',(45.9108503648363,20.853055307372,144.97537056256));
#6564=CARTESIAN_POINT('Ctrl Pts',(46.0858274572648,20.6833734184357,144.88571899356));
#6565=CARTESIAN_POINT('Ctrl Pts',(46.1854293960605,20.618950459403,144.821061672923));
#6566=CARTESIAN_POINT('Ctrl Pts',(46.4164701878856,20.5126073305722,144.653149149507));
#6567=CARTESIAN_POINT('Ctrl Pts',(46.5648502824839,20.4824198187812,144.52946233256));
#6568=CARTESIAN_POINT('Ctrl Pts',(46.8507022590726,20.4842228439492,144.266953084837));
#6569=CARTESIAN_POINT('Ctrl Pts',(46.9881364250826,20.5164246285005,144.128091080601));
#6570=CARTESIAN_POINT('Ctrl Pts',(47.1055254846472,20.5676802001405,144.));
#6571=CARTESIAN_POINT('Origin',(0.,0.,143.));
#6572=CARTESIAN_POINT('',(43.9579456092233,24.6547970548648,145.));
#6573=CARTESIAN_POINT('',(43.9579456092233,24.6547970548648,143.));
#6574=CARTESIAN_POINT('Origin',(0.,0.,145.));
#6575=CARTESIAN_POINT('Origin',(44.8387796635779,25.1488325369182,143.));
#6576=CARTESIAN_POINT('',(44.3275359981457,26.0197915505313,144.));
#6577=CARTESIAN_POINT('',(44.3275359981457,26.0197915505313,143.));
#6578=CARTESIAN_POINT('Ctrl Pts',(44.3275359981457,26.0197915505313,144.));
#6579=CARTESIAN_POINT('Ctrl Pts',(44.21706981164,25.9549490754977,144.128091080601));
#6580=CARTESIAN_POINT('Ctrl Pts',(44.110236244747,25.8626902336446,144.266953084837));
#6581=CARTESIAN_POINT('Ctrl Pts',(43.9407579905673,25.632490918312,144.52946233256));
#6582=CARTESIAN_POINT('Ctrl Pts',(43.8779645692855,25.4947051259208,144.653149149507));
#6583=CARTESIAN_POINT('Ctrl Pts',(43.8281955976318,25.2452822761312,144.821061672923));
#6584=CARTESIAN_POINT('Ctrl Pts',(43.8217703155934,25.1268357497442,144.88571899356));
#6585=CARTESIAN_POINT('Ctrl Pts',(43.856196892962,24.8855397964454,144.97537056256));
#6586=CARTESIAN_POINT('Ctrl Pts',(43.8974731093916,24.7626157017813,145.));
#6587=CARTESIAN_POINT('Ctrl Pts',(43.9579456092233,24.6547970548649,145.));
#6588=CARTESIAN_POINT('Origin',(45.1899394222341,26.526013176028,143.));
#6589=CARTESIAN_POINT('',(45.1899394222341,26.526013176028,143.));
#6590=CARTESIAN_POINT('',(45.1899394222341,26.526013176028,142.));
#6591=CARTESIAN_POINT('',(44.3275359981457,26.0197915505313,144.));
#6592=CARTESIAN_POINT('Origin',(26.1269484094937,-44.9051731976565,145.4));
#6593=CARTESIAN_POINT('',(26.1802789376899,-45.3911114068025,145.6));
#6594=CARTESIAN_POINT('',(26.526013176028,-45.1899394222341,145.2));
#6595=CARTESIAN_POINT('Origin',(0.,0.,145.2));
#6596=CARTESIAN_POINT('',(26.0197915505313,-44.3275359981457,145.2));
#6597=CARTESIAN_POINT('',(26.2994290943113,-44.8039288725571,145.2));
#6598=CARTESIAN_POINT('',(25.6748301808959,-44.5300246483444,145.6));
#6599=CARTESIAN_POINT('',(26.0197915505313,-44.3275359981457,145.2));
#6600=CARTESIAN_POINT('',(25.954467724676,-45.0064175227558,145.6));
#6601=CARTESIAN_POINT('Origin',(25.1488325369182,-44.8387796635779,145.4));
#6602=CARTESIAN_POINT('',(24.6547970548648,-43.9579456092233,145.2));
#6603=CARTESIAN_POINT('',(24.8504700473637,-44.3068181934234,145.6));
#6604=CARTESIAN_POINT('',(24.6547970548648,-43.9579456092233,145.2));
#6605=CARTESIAN_POINT('Origin',(25.1488325369182,-44.8387796635779,145.6));
#6606=CARTESIAN_POINT('Origin',(25.1488325369182,-44.8387796635779,145.2));
#6607=CARTESIAN_POINT('Origin',(0.,0.,145.4));
#6608=CARTESIAN_POINT('',(21.0709989285578,-45.7839819604271,145.2));
#6609=CARTESIAN_POINT('',(21.2382290787844,-46.147346896621,145.6));
#6610=CARTESIAN_POINT('',(21.0709989285578,-45.7839819604271,145.2));
#6611=CARTESIAN_POINT('Origin',(0.,0.,145.6));
#6612=CARTESIAN_POINT('Origin',(0.,0.,145.2));
#6613=CARTESIAN_POINT('Origin',(21.4932218772947,-46.7014063280991,145.4));
#6614=CARTESIAN_POINT('',(20.5676802001405,-47.1055254846472,145.2));
#6615=CARTESIAN_POINT('',(20.9342601650016,-46.9454657165527,145.6));
#6616=CARTESIAN_POINT('',(20.5676802001405,-47.1055254846472,145.2));
#6617=CARTESIAN_POINT('Origin',(21.4932218772947,-46.7014063280991,145.6));
#6618=CARTESIAN_POINT('Origin',(21.4932218772947,-46.7014063280991,145.2));
#6619=CARTESIAN_POINT('Origin',(20.7697210894263,-47.0684402259605,145.4));
#6620=CARTESIAN_POINT('',(20.9678296203767,-48.0219753967999,145.2));
#6621=CARTESIAN_POINT('',(21.3337986611924,-47.8605164481507,145.6));
#6622=CARTESIAN_POINT('Origin',(0.,0.,145.2));
#6623=CARTESIAN_POINT('',(20.9530110718568,-46.9884103419132,145.6));
#6624=CARTESIAN_POINT('',(20.5864311069958,-47.1484701100077,145.2));
#6625=CARTESIAN_POINT('Origin',(20.5676802001405,-47.1055254846472,143.));
#6626=CARTESIAN_POINT('',(20.5676802001405,-47.1055254846472,144.));
#6627=CARTESIAN_POINT('',(20.5676802001405,-47.1055254846472,143.));
#6628=CARTESIAN_POINT('',(20.9678296203767,-48.0219753967999,143.));
#6629=CARTESIAN_POINT('',(20.5676802001406,-47.1055254846472,144.));
#6630=CARTESIAN_POINT('',(20.9678296203767,-48.0219753967999,142.));
#6631=CARTESIAN_POINT('Origin',(21.4932218772947,-46.7014063280991,143.));
#6632=CARTESIAN_POINT('',(21.0709989285578,-45.7839819604271,145.));
#6633=CARTESIAN_POINT('',(21.0709989285578,-45.7839819604271,143.));
#6634=CARTESIAN_POINT('Ctrl Pts',(21.0709989285578,-45.7839819604271,145.));
#6635=CARTESIAN_POINT('Ctrl Pts',(20.958701437922,-45.8356642345227,145.));
#6636=CARTESIAN_POINT('Ctrl Pts',(20.853055307372,-45.9108503648363,144.97537056256));
#6637=CARTESIAN_POINT('Ctrl Pts',(20.6833734184357,-46.0858274572648,144.88571899356));
#6638=CARTESIAN_POINT('Ctrl Pts',(20.618950459403,-46.1854293960605,144.821061672923));
#6639=CARTESIAN_POINT('Ctrl Pts',(20.5126073305722,-46.4164701878856,144.653149149507));
#6640=CARTESIAN_POINT('Ctrl Pts',(20.4824198187812,-46.5648502824839,144.52946233256));
#6641=CARTESIAN_POINT('Ctrl Pts',(20.4842228439492,-46.8507022590726,144.266953084837));
#6642=CARTESIAN_POINT('Ctrl Pts',(20.5164246285005,-46.9881364250826,144.128091080601));
#6643=CARTESIAN_POINT('Ctrl Pts',(20.5676802001405,-47.1055254846472,144.));
#6644=CARTESIAN_POINT('Origin',(0.,0.,143.));
#6645=CARTESIAN_POINT('',(24.6547970548648,-43.9579456092233,145.));
#6646=CARTESIAN_POINT('',(24.6547970548648,-43.9579456092233,143.));
#6647=CARTESIAN_POINT('Origin',(0.,0.,145.));
#6648=CARTESIAN_POINT('Origin',(25.1488325369182,-44.8387796635779,143.));
#6649=CARTESIAN_POINT('',(26.0197915505313,-44.3275359981457,144.));
#6650=CARTESIAN_POINT('',(26.0197915505313,-44.3275359981457,143.));
#6651=CARTESIAN_POINT('Ctrl Pts',(26.0197915505313,-44.3275359981457,144.));
#6652=CARTESIAN_POINT('Ctrl Pts',(25.9549490754977,-44.21706981164,144.128091080601));
#6653=CARTESIAN_POINT('Ctrl Pts',(25.8626902336446,-44.110236244747,144.266953084837));
#6654=CARTESIAN_POINT('Ctrl Pts',(25.632490918312,-43.9407579905673,144.52946233256));
#6655=CARTESIAN_POINT('Ctrl Pts',(25.4947051259208,-43.8779645692855,144.653149149507));
#6656=CARTESIAN_POINT('Ctrl Pts',(25.2452822761312,-43.8281955976318,144.821061672923));
#6657=CARTESIAN_POINT('Ctrl Pts',(25.1268357497442,-43.8217703155934,144.88571899356));
#6658=CARTESIAN_POINT('Ctrl Pts',(24.8855397964454,-43.856196892962,144.97537056256));
#6659=CARTESIAN_POINT('Ctrl Pts',(24.7626157017813,-43.8974731093916,145.));
#6660=CARTESIAN_POINT('Ctrl Pts',(24.6547970548649,-43.9579456092233,145.));
#6661=CARTESIAN_POINT('Origin',(26.526013176028,-45.1899394222341,143.));
#6662=CARTESIAN_POINT('',(26.526013176028,-45.1899394222341,143.));
#6663=CARTESIAN_POINT('',(26.526013176028,-45.1899394222341,142.));
#6664=CARTESIAN_POINT('',(26.0197915505313,-44.3275359981457,144.));
#6665=CARTESIAN_POINT('Origin',(-44.9051731976565,-26.1269484094937,145.4));
#6666=CARTESIAN_POINT('',(-45.3911114068025,-26.1802789376898,145.6));
#6667=CARTESIAN_POINT('',(-45.1899394222341,-26.526013176028,145.2));
#6668=CARTESIAN_POINT('Origin',(0.,0.,145.2));
#6669=CARTESIAN_POINT('',(-44.3275359981457,-26.0197915505313,145.2));
#6670=CARTESIAN_POINT('',(-44.8039288725571,-26.2994290943113,145.2));
#6671=CARTESIAN_POINT('',(-44.5300246483444,-25.6748301808959,145.6));
#6672=CARTESIAN_POINT('',(-44.3275359981457,-26.0197915505313,145.2));
#6673=CARTESIAN_POINT('',(-45.0064175227558,-25.954467724676,145.6));
#6674=CARTESIAN_POINT('Origin',(-44.8387796635779,-25.1488325369181,145.4));
#6675=CARTESIAN_POINT('',(-43.9579456092233,-24.6547970548648,145.2));
#6676=CARTESIAN_POINT('',(-44.3068181934235,-24.8504700473637,145.6));
#6677=CARTESIAN_POINT('',(-43.9579456092233,-24.6547970548648,145.2));
#6678=CARTESIAN_POINT('Origin',(-44.8387796635779,-25.1488325369181,145.6));
#6679=CARTESIAN_POINT('Origin',(-44.8387796635779,-25.1488325369181,145.2));
#6680=CARTESIAN_POINT('Origin',(0.,0.,145.4));
#6681=CARTESIAN_POINT('',(-45.7839819604271,-21.0709989285578,145.2));
#6682=CARTESIAN_POINT('',(-46.147346896621,-21.2382290787844,145.6));
#6683=CARTESIAN_POINT('',(-45.7839819604271,-21.0709989285578,145.2));
#6684=CARTESIAN_POINT('Origin',(0.,0.,145.6));
#6685=CARTESIAN_POINT('Origin',(0.,0.,145.2));
#6686=CARTESIAN_POINT('Origin',(-46.7014063280991,-21.4932218772947,145.4));
#6687=CARTESIAN_POINT('',(-47.1055254846472,-20.5676802001405,145.2));
#6688=CARTESIAN_POINT('',(-46.9454657165527,-20.9342601650016,145.6));
#6689=CARTESIAN_POINT('',(-47.1055254846472,-20.5676802001405,145.2));
#6690=CARTESIAN_POINT('Origin',(-46.7014063280991,-21.4932218772947,145.6));
#6691=CARTESIAN_POINT('Origin',(-46.7014063280991,-21.4932218772947,145.2));
#6692=CARTESIAN_POINT('Origin',(-47.0684402259605,-20.7697210894263,145.4));
#6693=CARTESIAN_POINT('',(-48.0219753967999,-20.9678296203767,145.2));
#6694=CARTESIAN_POINT('',(-47.8605164481507,-21.3337986611924,145.6));
#6695=CARTESIAN_POINT('Origin',(0.,0.,145.2));
#6696=CARTESIAN_POINT('',(-46.9884103419132,-20.9530110718568,145.6));
#6697=CARTESIAN_POINT('',(-47.1484701100077,-20.5864311069958,145.2));
#6698=CARTESIAN_POINT('Origin',(-47.1055254846472,-20.5676802001405,143.));
#6699=CARTESIAN_POINT('',(-47.1055254846472,-20.5676802001405,144.));
#6700=CARTESIAN_POINT('',(-47.1055254846472,-20.5676802001405,143.));
#6701=CARTESIAN_POINT('',(-48.0219753967999,-20.9678296203767,143.));
#6702=CARTESIAN_POINT('',(-47.1055254846472,-20.5676802001405,144.));
#6703=CARTESIAN_POINT('',(-48.0219753967999,-20.9678296203767,142.));
#6704=CARTESIAN_POINT('Origin',(-46.7014063280991,-21.4932218772947,143.));
#6705=CARTESIAN_POINT('',(-45.7839819604271,-21.0709989285578,145.));
#6706=CARTESIAN_POINT('',(-45.7839819604271,-21.0709989285578,143.));
#6707=CARTESIAN_POINT('Ctrl Pts',(-45.7839819604271,-21.0709989285578,145.));
#6708=CARTESIAN_POINT('Ctrl Pts',(-45.8356642345227,-20.958701437922,145.));
#6709=CARTESIAN_POINT('Ctrl Pts',(-45.9108503648363,-20.853055307372,144.97537056256));
#6710=CARTESIAN_POINT('Ctrl Pts',(-46.0858274572648,-20.6833734184357,144.88571899356));
#6711=CARTESIAN_POINT('Ctrl Pts',(-46.1854293960605,-20.6189504594029,144.821061672923));
#6712=CARTESIAN_POINT('Ctrl Pts',(-46.4164701878856,-20.5126073305722,144.653149149507));
#6713=CARTESIAN_POINT('Ctrl Pts',(-46.5648502824839,-20.4824198187811,144.52946233256));
#6714=CARTESIAN_POINT('Ctrl Pts',(-46.8507022590726,-20.4842228439492,144.266953084837));
#6715=CARTESIAN_POINT('Ctrl Pts',(-46.9881364250826,-20.5164246285005,144.128091080601));
#6716=CARTESIAN_POINT('Ctrl Pts',(-47.1055254846472,-20.5676802001405,144.));
#6717=CARTESIAN_POINT('Origin',(0.,0.,143.));
#6718=CARTESIAN_POINT('',(-43.9579456092233,-24.6547970548648,145.));
#6719=CARTESIAN_POINT('',(-43.9579456092233,-24.6547970548648,143.));
#6720=CARTESIAN_POINT('Origin',(0.,0.,145.));
#6721=CARTESIAN_POINT('Origin',(-44.8387796635779,-25.1488325369181,143.));
#6722=CARTESIAN_POINT('',(-44.3275359981457,-26.0197915505313,144.));
#6723=CARTESIAN_POINT('',(-44.3275359981457,-26.0197915505313,143.));
#6724=CARTESIAN_POINT('Ctrl Pts',(-44.3275359981457,-26.0197915505312,144.));
#6725=CARTESIAN_POINT('Ctrl Pts',(-44.21706981164,-25.9549490754976,144.128091080601));
#6726=CARTESIAN_POINT('Ctrl Pts',(-44.110236244747,-25.8626902336445,144.266953084837));
#6727=CARTESIAN_POINT('Ctrl Pts',(-43.9407579905673,-25.6324909183119,144.52946233256));
#6728=CARTESIAN_POINT('Ctrl Pts',(-43.8779645692855,-25.4947051259207,144.653149149507));
#6729=CARTESIAN_POINT('Ctrl Pts',(-43.8281955976318,-25.2452822761311,144.821061672923));
#6730=CARTESIAN_POINT('Ctrl Pts',(-43.8217703155934,-25.1268357497441,144.88571899356));
#6731=CARTESIAN_POINT('Ctrl Pts',(-43.856196892962,-24.8855397964453,144.97537056256));
#6732=CARTESIAN_POINT('Ctrl Pts',(-43.8974731093916,-24.7626157017812,145.));
#6733=CARTESIAN_POINT('Ctrl Pts',(-43.9579456092233,-24.6547970548648,145.));
#6734=CARTESIAN_POINT('Origin',(-45.1899394222341,-26.526013176028,143.));
#6735=CARTESIAN_POINT('',(-45.1899394222341,-26.526013176028,143.));
#6736=CARTESIAN_POINT('',(-45.1899394222341,-26.526013176028,142.));
#6737=CARTESIAN_POINT('',(-44.3275359981457,-26.0197915505313,144.));
#6738=CARTESIAN_POINT('Origin',(36.6151448954988,41.9118349742844,154.295));
#6739=CARTESIAN_POINT('',(36.763230196907,41.9133680773943,153.695));
#6740=CARTESIAN_POINT('',(36.8569018741889,41.8196964001124,153.695));
#6741=CARTESIAN_POINT('',(36.6899540977579,41.9866441765435,153.695));
#6742=CARTESIAN_POINT('Ctrl Pts',(36.6151448954988,41.9118349742845,154.295));
#6743=CARTESIAN_POINT('Ctrl Pts',(36.6884209946479,41.9118349742845,154.001148052901));
#6744=CARTESIAN_POINT('Ctrl Pts',(36.763230196907,41.9133680773943,153.695));
#6745=CARTESIAN_POINT('Ctrl Pts',(36.8583601654444,41.6686197043388,154.295));
#6746=CARTESIAN_POINT('Ctrl Pts',(36.8583601654444,41.7448871978534,153.989151957735));
#6747=CARTESIAN_POINT('Ctrl Pts',(36.8569018741889,41.8196964001124,153.695));
#6748=CARTESIAN_POINT('Origin',(34.8639949982799,43.6629848715033,154.295));
#6749=CARTESIAN_POINT('',(36.8569018741889,45.5062733428941,153.695));
#6750=CARTESIAN_POINT('Origin',(34.8639949982799,43.6629848715033,153.695));
#6751=CARTESIAN_POINT('Ctrl Pts',(36.8583601654444,45.6573500386677,154.295));
#6752=CARTESIAN_POINT('Ctrl Pts',(36.8583601654444,45.5810825451532,153.989151957735));
#6753=CARTESIAN_POINT('Ctrl Pts',(36.856901874189,45.5062733428941,153.695));
#6754=CARTESIAN_POINT('Origin',(36.8583601654444,45.6573500386677,154.295));
#6755=CARTESIAN_POINT('',(36.7632301969071,45.4126016656123,153.695));
#6756=CARTESIAN_POINT('',(36.9331693677035,45.5825408364087,153.695));
#6757=CARTESIAN_POINT('Ctrl Pts',(36.6151448954988,45.4141347687221,154.295));
#6758=CARTESIAN_POINT('Ctrl Pts',(36.688420994648,45.4141347687221,154.001148052901));
#6759=CARTESIAN_POINT('Ctrl Pts',(36.763230196907,45.4126016656122,153.695));
#6760=CARTESIAN_POINT('Origin',(34.8639949982799,43.6629848715033,154.295));
#6761=CARTESIAN_POINT('Origin',(34.8639949982799,43.6629848715033,153.695));
#6762=CARTESIAN_POINT('Origin',(37.1497990807536,43.6629848715033,153.695));
#6763=CARTESIAN_POINT('Origin',(45.5900737918934,43.9661142058077,154.295));
#6764=CARTESIAN_POINT('',(45.6958700992246,43.8603179727928,153.695));
#6765=CARTESIAN_POINT('',(45.695870325309,43.6591600417771,153.695));
#6766=CARTESIAN_POINT('',(45.6958699803184,43.9661143247136,153.695));
#6767=CARTESIAN_POINT('',(45.606182675441,43.9500053335757,154.203642084281));
#6768=CARTESIAN_POINT('',(45.596115062604,43.5594046669555,154.260740843634));
#6769=CARTESIAN_POINT('Origin',(45.5900742557898,43.553363853352,154.295));
#6770=CARTESIAN_POINT('',(46.3837869360369,43.6591600417771,153.695));
#6771=CARTESIAN_POINT('',(45.5900742557898,43.6591600417771,153.695));
#6772=CARTESIAN_POINT('',(46.2679227127,43.5432958303662,154.352098595719));
#6773=CARTESIAN_POINT('Origin',(46.2779907367221,43.553363853352,154.295));
#6774=CARTESIAN_POINT('',(46.3837864567402,39.0026753011464,153.695));
#6775=CARTESIAN_POINT('',(46.3837869251472,43.5533638424623,153.695));
#6776=CARTESIAN_POINT('',(46.2499896094083,39.0580957779814,154.453799660147));
#6777=CARTESIAN_POINT('Origin',(46.2779902728258,39.0464975217501,154.295));
#6778=CARTESIAN_POINT('',(43.1710946459616,35.7899834903678,153.695));
#6779=CARTESIAN_POINT('',(46.3527994750849,38.9716883194911,153.695));
#6780=CARTESIAN_POINT('',(43.1710946459616,36.030544020628,154.659696279318));
#6781=CARTESIAN_POINT('Origin',(43.1710946459616,35.9396018948859,154.295));
#6782=CARTESIAN_POINT('',(41.6623347328028,37.2987434035266,153.695));
#6783=CARTESIAN_POINT('',(43.0962854437025,35.8647926926269,153.695));
#6784=CARTESIAN_POINT('',(41.8517366488465,37.2987434035266,154.45453991083));
#6785=CARTESIAN_POINT('Origin',(41.8119531373209,37.2987434035266,154.295));
#6786=CARTESIAN_POINT('',(44.933944188771,40.5703528594949,153.695));
#6787=CARTESIAN_POINT('',(41.7371439350618,37.3735526057857,153.695));
#6788=CARTESIAN_POINT('',(45.0113798945633,40.538277937877,154.134159718738));
#6789=CARTESIAN_POINT('Origin',(45.0397403751994,40.5265306414051,154.295));
#6790=CARTESIAN_POINT('',(44.9339444139019,45.5113175716203,153.695));
#6791=CARTESIAN_POINT('',(44.9339441867743,40.5265306462257,153.695));
#6792=CARTESIAN_POINT('',(44.9652372207084,45.5426103770009,153.87247031824));
#6793=CARTESIAN_POINT('Origin',(45.0397406071475,45.6171137600454,154.295));
#6794=CARTESIAN_POINT('',(44.7327869070132,45.5113175716203,153.695));
#6795=CARTESIAN_POINT('',(45.0397406071475,45.5113175716203,153.695));
#6796=CARTESIAN_POINT('',(44.6330315317942,45.6110729468393,154.260740845889));
#6797=CARTESIAN_POINT('Origin',(44.6269907185881,45.6171137600454,154.295));
#6798=CARTESIAN_POINT('',(44.7327869070132,40.6536748598947,153.695));
#6799=CARTESIAN_POINT('',(44.7327869070132,45.6171137600454,153.695));
#6800=CARTESIAN_POINT('',(44.59642567705,40.7101575307274,154.468342964391));
#6801=CARTESIAN_POINT('Origin',(44.6269907185881,40.6974970759878,154.295));
#6802=CARTESIAN_POINT('',(41.3778551607099,37.2987431135914,153.695));
#6803=CARTESIAN_POINT('',(44.7017999208472,40.6226878737287,153.695));
#6804=CARTESIAN_POINT('',(41.3277218845437,37.2987431135914,153.896044555959));
#6805=CARTESIAN_POINT('Origin',(41.2282367561918,37.2987431135914,154.295));
#6806=CARTESIAN_POINT('',(43.1710948199227,35.5055034543786,153.695));
#6807=CARTESIAN_POINT('',(41.3030459584508,37.3735523158505,153.695));
#6808=CARTESIAN_POINT('',(43.1710948199227,35.4127545632111,154.066941773338));
#6809=CARTESIAN_POINT('Origin',(43.1710948199227,35.3558850498605,154.295));
#6810=CARTESIAN_POINT('',(46.584944206905,38.9193528413609,153.695));
#6811=CARTESIAN_POINT('',(43.0962856176636,35.4306942521196,153.695));
#6812=CARTESIAN_POINT('',(46.6598155421043,38.88834011689,154.11961645014));
#6813=CARTESIAN_POINT('Origin',(46.6907403933334,38.8755306232712,154.295));
#6814=CARTESIAN_POINT('',(46.5849444320359,43.8603175980761,153.695));
#6815=CARTESIAN_POINT('',(46.5849442049083,38.8755306280917,153.695));
#6816=CARTESIAN_POINT('',(46.6162372684049,43.8916104198302,153.872470485897));
#6817=CARTESIAN_POINT('Origin',(46.6907406252815,43.9661137419114,154.295));
#6818=CARTESIAN_POINT('',(46.6907405806918,43.8603175534863,153.695));
#6819=CARTESIAN_POINT('Origin',(43.9594886907366,40.4864994049529,153.695));
#6820=CARTESIAN_POINT('Origin',(35.7882130124759,42.7387668573073,154.295));
#6821=CARTESIAN_POINT('',(35.9350265464414,42.74157172786,153.695));
#6822=CARTESIAN_POINT('',(36.0288643338725,42.6477339404288,153.695));
#6823=CARTESIAN_POINT('',(35.863022214735,42.8135760595664,153.695));
#6824=CARTESIAN_POINT('Ctrl Pts',(35.7882130124759,42.7387668573073,154.295));
#6825=CARTESIAN_POINT('Ctrl Pts',(35.8602173441822,42.7387668573073,154.006248097031));
#6826=CARTESIAN_POINT('Ctrl Pts',(35.9350265464414,42.74157172786,153.695));
#6827=CARTESIAN_POINT('Ctrl Pts',(36.0314283404086,42.4955515293747,154.295));
#6828=CARTESIAN_POINT('Ctrl Pts',(36.0314283404085,42.57292473817,153.984717816289));
#6829=CARTESIAN_POINT('Ctrl Pts',(36.0288643338725,42.6477339404288,153.695));
#6830=CARTESIAN_POINT('Origin',(34.8639949982799,43.6629848715033,154.295));
#6831=CARTESIAN_POINT('',(36.0288643338725,44.6782358025777,153.695));
#6832=CARTESIAN_POINT('Origin',(34.8639949982799,43.6629848715033,153.695));
#6833=CARTESIAN_POINT('Ctrl Pts',(36.0314283404086,44.8304182136319,154.295));
#6834=CARTESIAN_POINT('Ctrl Pts',(36.0314283404086,44.7530450048367,153.98471781629));
#6835=CARTESIAN_POINT('Ctrl Pts',(36.0288643338725,44.6782358025777,153.695));
#6836=CARTESIAN_POINT('Origin',(36.0314283404086,44.8304182136319,154.295));
#6837=CARTESIAN_POINT('',(35.9350265464414,44.5843980151466,153.695));
#6838=CARTESIAN_POINT('',(36.1062375426676,44.7556090113728,153.695));
#6839=CARTESIAN_POINT('Ctrl Pts',(35.7882130124759,44.5872028856992,154.295));
#6840=CARTESIAN_POINT('Ctrl Pts',(35.8602173441822,44.5872028856992,154.006248097031));
#6841=CARTESIAN_POINT('Ctrl Pts',(35.9350265464414,44.5843980151466,153.695));
#6842=CARTESIAN_POINT('Origin',(34.8639949982799,43.6629848715033,154.295));
#6843=CARTESIAN_POINT('Origin',(34.8639949982799,43.6629848715033,153.695));
#6844=CARTESIAN_POINT('Origin',(36.1516040381803,43.6629848715033,153.695));
#6845=CARTESIAN_POINT('Origin',(37.4420769524828,41.0849029173004,154.295));
#6846=CARTESIAN_POINT('',(37.5906403703073,41.085957903994,153.695));
#6847=CARTESIAN_POINT('',(37.6842732019374,40.9923250723639,153.695));
#6848=CARTESIAN_POINT('',(37.5168861547419,41.1597121195595,153.695));
#6849=CARTESIAN_POINT('Origin',(-51.5838993745394,135.645629387233,132.099534814658));
#6850=CARTESIAN_POINT('Origin',(-57.7676480873943,130.707589886577,176.700150459121));
#6851=CARTESIAN_POINT('Origin',(34.8639949982799,43.6629848715033,154.295));
#6852=CARTESIAN_POINT('',(37.6842732019374,46.3336446706426,153.695));
#6853=CARTESIAN_POINT('Origin',(34.8639949982799,43.6629848715033,153.695));
#6854=CARTESIAN_POINT('Origin',(-57.7676481205806,-43.3816201407162,176.700150458367));
#6855=CARTESIAN_POINT('Origin',(37.6852922224284,46.4842820956517,154.295));
#6856=CARTESIAN_POINT('',(37.5906403703073,46.2400118390125,153.695));
#6857=CARTESIAN_POINT('',(37.7601014246875,46.4094728933927,153.695));
#6858=CARTESIAN_POINT('Origin',(-51.583899382676,-48.3196596624402,132.099534812695));
#6859=CARTESIAN_POINT('Origin',(34.8639949982799,43.6629848715033,154.295));
#6860=CARTESIAN_POINT('Origin',(34.8639949982799,43.6629848715033,153.695));
#6861=CARTESIAN_POINT('Origin',(38.1479943743196,43.6629848715033,153.695));
#6862=CARTESIAN_POINT('Origin',(38.2690087775187,40.2579710922645,154.295));
#6863=CARTESIAN_POINT('',(38.4186271820368,40.2579710922645,153.695));
#6864=CARTESIAN_POINT('',(39.8690947836548,38.8075034906466,153.695));
#6865=CARTESIAN_POINT('',(38.3438179797777,40.3327802945236,153.695));
#6866=CARTESIAN_POINT('',(38.2775517801285,40.2579710922645,154.260740835277));
#6867=CARTESIAN_POINT('',(39.8690947836548,38.7047212982979,154.107177336123));
#6868=CARTESIAN_POINT('Origin',(39.8690947836548,38.6578850861285,154.295));
#6869=CARTESIAN_POINT('',(43.2829441706371,42.2213528776289,153.695));
#6870=CARTESIAN_POINT('',(39.7942855813957,38.7326942883875,153.695));
#6871=CARTESIAN_POINT('',(43.3578155058363,42.190340153158,154.11961645014));
#6872=CARTESIAN_POINT('Origin',(43.3887403570654,42.1775306595391,154.295));
#6873=CARTESIAN_POINT('',(43.282944395768,47.1623175897542,153.695));
#6874=CARTESIAN_POINT('',(43.2829441686403,42.1775306643596,153.695));
#6875=CARTESIAN_POINT('',(43.3142372025744,47.1936103951348,153.87247031824));
#6876=CARTESIAN_POINT('Origin',(43.3887405890136,47.2681137781793,154.295));
#6877=CARTESIAN_POINT('',(38.5749201008127,47.1623175897543,153.695));
#6878=CARTESIAN_POINT('',(43.3887405890136,47.1623175897543,153.695));
#6879=CARTESIAN_POINT('',(38.5411251103121,47.1961125778809,153.886660901757));
#6880=CARTESIAN_POINT('Origin',(38.469123904956,47.2681137781793,154.295));
#6881=CARTESIAN_POINT('',(38.574920114943,46.9611600497321,153.695));
#6882=CARTESIAN_POINT('',(38.5749200933811,47.268113785611,153.695));
#6883=CARTESIAN_POINT('',(38.4751647467927,46.8614046739328,154.26074084554));
#6884=CARTESIAN_POINT('Origin',(38.4691239339495,46.8553638606264,154.295));
#6885=CARTESIAN_POINT('',(43.0817868888792,46.9611600787256,153.695));
#6886=CARTESIAN_POINT('',(38.4691239332689,46.9611600490515,153.695));
#6887=CARTESIAN_POINT('',(42.9100303181483,46.7894035068897,154.669079916986));
#6888=CARTESIAN_POINT('Origin',(42.9759907004542,46.8553638896199,154.295));
#6889=CARTESIAN_POINT('',(43.0817868888792,42.3046748780287,153.695));
#6890=CARTESIAN_POINT('',(43.0817868888792,46.8553638896199,153.695));
#6891=CARTESIAN_POINT('',(42.9479900289267,42.360095352024,154.453799699371));
#6892=CARTESIAN_POINT('Origin',(42.9759907004542,42.3484970941218,154.295));
#6893=CARTESIAN_POINT('',(39.86909507359,39.0919830627394,153.695));
#6894=CARTESIAN_POINT('',(43.0507999027132,42.2736878918627,153.695));
#6895=CARTESIAN_POINT('',(39.86909507359,39.3325435929997,154.659696279318));
#6896=CARTESIAN_POINT('Origin',(39.8690950735899,39.2416014672576,154.295));
#6897=CARTESIAN_POINT('',(38.5608671130508,40.4002110232786,153.695));
#6898=CARTESIAN_POINT('',(39.7942858713309,39.1667922649985,153.695));
#6899=CARTESIAN_POINT('',(38.5608671130508,40.5115362097504,154.141436466812));
#6900=CARTESIAN_POINT('Origin',(38.5608671130508,40.5498294277967,154.295));
#6901=CARTESIAN_POINT('',(38.6356763153099,40.4750202255376,153.695));
#6902=CARTESIAN_POINT('Origin',(40.8288746832661,42.9629994321539,153.695));
#6903=CARTESIAN_POINT('Origin',(34.8639949982799,43.6629848715033,154.295));
#6904=CARTESIAN_POINT('',(35.1937471596211,43.4828511146803,153.695));
#6905=CARTESIAN_POINT('',(35.1937471596211,43.8431186283263,153.695));
#6906=CARTESIAN_POINT('Origin',(34.8639949982799,43.6629848715033,153.695));
#6907=CARTESIAN_POINT('Ctrl Pts',(35.2044963704051,43.3224834993781,154.295));
#6908=CARTESIAN_POINT('Ctrl Pts',(35.2044963704051,43.4080419124212,153.951893495214));
#6909=CARTESIAN_POINT('Ctrl Pts',(35.1937471596211,43.4828511146803,153.695));
#6910=CARTESIAN_POINT('Ctrl Pts',(35.2044963704051,44.0034862436284,154.295));
#6911=CARTESIAN_POINT('Ctrl Pts',(35.2044963704051,43.9179278305853,153.951893495214));
#6912=CARTESIAN_POINT('Ctrl Pts',(35.1937471596211,43.8431186283263,153.695));
#6913=CARTESIAN_POINT('Origin',(35.2044963704051,44.0034862436284,154.295));
#6914=CARTESIAN_POINT('',(35.0136134027981,43.6629848715033,153.695));
#6915=CARTESIAN_POINT('',(35.2793055726642,43.9286770413694,153.695));
#6916=CARTESIAN_POINT('',(34.8739618340923,43.6629848715033,154.255030976759));
#6917=CARTESIAN_POINT('Origin',(34.8639949982799,43.6629848715033,154.295));
#6918=CARTESIAN_POINT('',(34.938804200539,43.7377940737623,153.695));
#6919=CARTESIAN_POINT('Origin',(35.104765827513,43.6629848715033,153.695));
#6920=CARTESIAN_POINT('Origin',(0.0320466968426276,44.1999999999945,147.415267663306));
#6921=CARTESIAN_POINT('',(3.315032442618,52.2950337977173,151.512157287525));
#6922=CARTESIAN_POINT('Ctrl Pts',(3.3150324426182,52.2950337977172,151.512157287525));
#6923=CARTESIAN_POINT('Ctrl Pts',(3.46726386475017,52.2853837015895,151.390168746276));
#6924=CARTESIAN_POINT('Ctrl Pts',(3.61075173889705,52.2756197475243,151.261185444215));
#6925=CARTESIAN_POINT('Ctrl Pts',(4.21024357080473,52.2326716911801,150.661686341671));
#6926=CARTESIAN_POINT('Ctrl Pts',(4.61420469208428,52.1971411530038,150.071640757316));
#6927=CARTESIAN_POINT('Ctrl Pts',(5.15011847450517,52.146991375368,148.77829033892));
#6928=CARTESIAN_POINT('Ctrl Pts',(5.28204669684279,52.1330987252088,148.074947307275));
#6929=CARTESIAN_POINT('Ctrl Pts',(5.28204669684279,52.1330987252088,146.755582684516));
#6930=CARTESIAN_POINT('Ctrl Pts',(5.15011635867489,52.1469916049448,146.05223433513));
#6931=CARTESIAN_POINT('Ctrl Pts',(4.6141946167137,52.1971420642554,144.758875800287));
#6932=CARTESIAN_POINT('Ctrl Pts',(4.21022765199746,52.2326730332934,144.168827416002));
#6933=CARTESIAN_POINT('Ctrl Pts',(3.28281432226736,52.2991132366935,143.241414086272));
#6934=CARTESIAN_POINT('Ctrl Pts',(2.6994430021436,52.3343369385465,142.840508504904));
#6935=CARTESIAN_POINT('Ctrl Pts',(2.05976957993936,52.359501041144,142.572660936618));
#6936=CARTESIAN_POINT('',(2.37762292836866,52.9466420957032,152.112157287526));
#6937=CARTESIAN_POINT('Ctrl Pts',(2.37762292836868,52.9466420957037,152.112157287526));
#6938=CARTESIAN_POINT('Ctrl Pts',(2.72163009988184,52.7592274884985,151.940363800871));
#6939=CARTESIAN_POINT('Ctrl Pts',(3.03652825462786,52.5363118748566,151.735332760427));
#6940=CARTESIAN_POINT('Ctrl Pts',(3.31503244261829,52.2950337977174,151.512157287525));
#6941=CARTESIAN_POINT('',(1.42231065434711,52.9809119627298,152.477842712475));
#6942=CARTESIAN_POINT('Ctrl Pts',(1.42231065434702,52.9809119627298,152.477842712475));
#6943=CARTESIAN_POINT('Ctrl Pts',(1.52782511996339,52.9780793510764,152.448866755157));
#6944=CARTESIAN_POINT('Ctrl Pts',(1.63270058536169,52.9749458691342,152.416514310949));
#6945=CARTESIAN_POINT('Ctrl Pts',(1.73657330001681,52.9715406250882,152.380858167876));
#6946=CARTESIAN_POINT('Ctrl Pts',(1.83939809995211,52.9681697346776,152.34556174003));
#6947=CARTESIAN_POINT('Ctrl Pts',(1.94123987254808,52.9645325378212,152.307028129656));
#6948=CARTESIAN_POINT('Ctrl Pts',(2.04175940474416,52.9606572705923,152.265376407623));
#6949=CARTESIAN_POINT('Ctrl Pts',(2.14415391882359,52.9567097183488,152.222947759728));
#6950=CARTESIAN_POINT('Ctrl Pts',(2.24520997558899,52.9525156792542,152.177269676798));
#6951=CARTESIAN_POINT('Ctrl Pts',(2.34459355870225,52.9481149728484,152.12850720864));
#6952=CARTESIAN_POINT('Ctrl Pts',(2.3556240733682,52.9476265415096,152.123095096264));
#6953=CARTESIAN_POINT('Ctrl Pts',(2.36663400931321,52.9471355643137,152.117645035676));
#6954=CARTESIAN_POINT('Ctrl Pts',(2.37762292836846,52.9466420957032,152.112157287526));
#6955=CARTESIAN_POINT('',(-1.35821726066151,52.9825938009158,152.477842712475));
#6956=CARTESIAN_POINT('Ctrl Pts',(-1.35821726066132,52.9825938009161,152.477842712475));
#6957=CARTESIAN_POINT('Ctrl Pts',(-0.906100550747681,52.8699846268446,152.602001181292));
#6958=CARTESIAN_POINT('Ctrl Pts',(-0.430140955763155,52.8130748000676,152.665013365981));
#6959=CARTESIAN_POINT('Ctrl Pts',(0.490217739848276,52.8120588457951,152.66552134304));
#6960=CARTESIAN_POINT('Ctrl Pts',(0.968298149092057,52.8683762506432,152.602521796969));
#6961=CARTESIAN_POINT('Ctrl Pts',(1.42231065434692,52.9809119627302,152.477842712475));
#6962=CARTESIAN_POINT('',(-2.31352953468306,52.9494814053183,152.112157287525));
#6963=CARTESIAN_POINT('Ctrl Pts',(-2.31352953468287,52.9494814053183,152.112157287526));
#6964=CARTESIAN_POINT('Ctrl Pts',(-2.21452629617922,52.953807168484,152.161598441493));
#6965=CARTESIAN_POINT('Ctrl Pts',(-2.11381525804258,52.957928674604,152.207976689893));
#6966=CARTESIAN_POINT('Ctrl Pts',(-2.01172784898713,52.9618065127402,152.251121838715));
#6967=CARTESIAN_POINT('Ctrl Pts',(-2.00037445480289,52.9622377767458,152.255920117819));
#6968=CARTESIAN_POINT('Ctrl Pts',(-1.98900406082456,52.962666027013,152.260678456863));
#6969=CARTESIAN_POINT('Ctrl Pts',(-1.97761713988373,52.9630912093321,152.265396657813));
#6970=CARTESIAN_POINT('Ctrl Pts',(-1.87607782410291,52.966882640044,152.307469743119));
#6971=CARTESIAN_POINT('Ctrl Pts',(-1.77318948833029,52.9704295374792,152.346360987905));
#6972=CARTESIAN_POINT('Ctrl Pts',(-1.66930190804152,52.9737032283406,152.381947935345));
#6973=CARTESIAN_POINT('Ctrl Pts',(-1.56646803404719,52.976943714957,152.417173933088));
#6974=CARTESIAN_POINT('Ctrl Pts',(-1.46265553624694,52.9799165090281,152.449162294126));
#6975=CARTESIAN_POINT('Ctrl Pts',(-1.35821726066141,52.9825938009158,152.477842712475));
#6976=CARTESIAN_POINT('',(-3.25093904893243,52.2990573079489,151.512157287525));
#6977=CARTESIAN_POINT('Ctrl Pts',(-3.25093904893275,52.2990573079491,151.512157287525));
#6978=CARTESIAN_POINT('Ctrl Pts',(-2.97248217921139,52.5399345788778,151.735294842588));
#6979=CARTESIAN_POINT('Ctrl Pts',(-2.65759992458021,52.7624588929213,151.940332230289));
#6980=CARTESIAN_POINT('Ctrl Pts',(-2.31352953468337,52.9494814053186,152.112157287525));
#6981=CARTESIAN_POINT('',(-2.05977005677588,52.3595010223857,142.6));
#6982=CARTESIAN_POINT('Ctrl Pts',(-2.05977005677587,52.3595010223857,142.6));
#6983=CARTESIAN_POINT('Ctrl Pts',(-2.67445601549693,52.3353198956108,142.867027811655));
#6984=CARTESIAN_POINT('Ctrl Pts',(-3.23416192487986,52.3020092367616,143.256860426718));
#6985=CARTESIAN_POINT('Ctrl Pts',(-4.14612907296046,52.2377999225994,144.168816649474));
#6986=CARTESIAN_POINT('Ctrl Pts',(-4.55010248122422,52.2027679643161,144.758876637616));
#6987=CARTESIAN_POINT('Ctrl Pts',(-5.08602654197304,52.1532812970866,146.052245166727));
#6988=CARTESIAN_POINT('Ctrl Pts',(-5.21795330315721,52.1395527725936,146.75559129021));
#6989=CARTESIAN_POINT('Ctrl Pts',(-5.21795330315721,52.1395527725936,147.415267663306));
#6990=CARTESIAN_POINT('Ctrl Pts',(-5.21795330315721,52.1395527725936,148.074944036402));
#6991=CARTESIAN_POINT('Ctrl Pts',(-5.08602654197304,52.1532812970866,148.778290159885));
#6992=CARTESIAN_POINT('Ctrl Pts',(-4.55010248122421,52.2027679643161,150.071658688996));
#6993=CARTESIAN_POINT('Ctrl Pts',(-4.14612907296046,52.2377999225994,150.661718677138));
#6994=CARTESIAN_POINT('Ctrl Pts',(-3.54662657555886,52.2800093862602,151.261213992527));
#6995=CARTESIAN_POINT('Ctrl Pts',(-3.40315368706353,52.2895955597571,151.390182195903));
#6996=CARTESIAN_POINT('Ctrl Pts',(-3.25093904893263,52.2990573079489,151.512157287525));
#6997=CARTESIAN_POINT('',(-2.05977005677604,44.1999999999946,142.6));
#6998=CARTESIAN_POINT('Origin',(-2.05977005677604,44.1999999999946,142.));
#6999=CARTESIAN_POINT('',(-2.05977005677588,52.3595010223857,142.));
#7000=CARTESIAN_POINT('Origin',(0.,0.,151.612157287525));
#7001=CARTESIAN_POINT('',(-8.76514975073685,52.2701841382557,152.112157287526));
#7002=CARTESIAN_POINT('Origin',(0.,0.,152.112157287526));
#7003=CARTESIAN_POINT('',(-7.80378693557143,51.8156434821011,151.512157287525));
#7004=CARTESIAN_POINT('Ctrl Pts',(-8.76514975073694,52.2701841382561,152.112157287526));
#7005=CARTESIAN_POINT('Ctrl Pts',(-8.66682893859185,52.2590031936521,152.084869991764));
#7006=CARTESIAN_POINT('Ctrl Pts',(-8.56740465715864,52.2388987017266,152.048866067344));
#7007=CARTESIAN_POINT('Ctrl Pts',(-8.34624666001591,52.1730753545801,151.948464798401));
#7008=CARTESIAN_POINT('Ctrl Pts',(-8.22884478625094,52.1206406687115,151.878313584404));
#7009=CARTESIAN_POINT('Ctrl Pts',(-8.00870274204265,51.9944182781421,151.719636218144));
#7010=CARTESIAN_POINT('Ctrl Pts',(-7.89935942481881,51.9102114343542,151.619903979162));
#7011=CARTESIAN_POINT('Ctrl Pts',(-7.80378693557118,51.8156434821012,151.512157287525));
#7012=CARTESIAN_POINT('Origin',(0.,0.,151.512157287525));
#7013=CARTESIAN_POINT('Origin',(0.,0.,151.612157287525));
#7014=CARTESIAN_POINT('Origin',(0.,0.,151.512157287525));
#7015=CARTESIAN_POINT('',(-19.1962127663164,48.7572088560278,151.512157287525));
#7016=CARTESIAN_POINT('Origin',(0.,0.,151.512157287525));
#7017=CARTESIAN_POINT('',(-18.2348497813172,49.7643472121638,152.112157287526));
#7018=CARTESIAN_POINT('Ctrl Pts',(-19.1962127663167,48.7572088560278,151.512157287525));
#7019=CARTESIAN_POINT('Ctrl Pts',(-19.1573751103644,48.8195557901713,151.555942145971));
#7020=CARTESIAN_POINT('Ctrl Pts',(-19.1161434281886,48.8814725137437,151.598549399641));
#7021=CARTESIAN_POINT('Ctrl Pts',(-18.8765624502841,49.2174625429466,151.824617262627));
#7022=CARTESIAN_POINT('Ctrl Pts',(-18.6326730935664,49.4750503014541,151.978470754649));
#7023=CARTESIAN_POINT('Ctrl Pts',(-18.3168302405382,49.7084333009854,152.08793046141));
#7024=CARTESIAN_POINT('Ctrl Pts',(-18.2767011071993,49.7366415396248,152.100542154178));
#7025=CARTESIAN_POINT('Ctrl Pts',(-18.2348497813174,49.7643472121642,152.112157287526));
#7026=CARTESIAN_POINT('Origin',(0.,0.,152.112157287526));
#7027=CARTESIAN_POINT('Origin',(0.,0.,142.));
#7028=CARTESIAN_POINT('',(-7.3000000000005,51.8890161787636,150.185));
#7029=CARTESIAN_POINT('Ctrl Pts',(-7.80378693557124,51.8156434821011,151.512157287525));
#7030=CARTESIAN_POINT('Ctrl Pts',(-7.66066169192421,51.8371991134021,151.350800482716));
#7031=CARTESIAN_POINT('Ctrl Pts',(-7.53788073224492,51.855066618453,151.157533129375));
#7032=CARTESIAN_POINT('Ctrl Pts',(-7.35010771496371,51.8820436294528,150.703305160062));
#7033=CARTESIAN_POINT('Ctrl Pts',(-7.3000000000005,51.8890161787636,150.43587344222));
#7034=CARTESIAN_POINT('Ctrl Pts',(-7.3000000000005,51.8890161787636,150.185));
#7035=CARTESIAN_POINT('',(-7.30000000000071,51.8890161787636,146.685));
#7036=CARTESIAN_POINT('',(-7.30000000000068,51.8890161787636,142.));
#7037=CARTESIAN_POINT('',(-9.30000000000065,51.5681103008438,144.685));
#7038=CARTESIAN_POINT('Ctrl Pts',(-7.30000000000071,51.8890161787636,146.685));
#7039=CARTESIAN_POINT('Ctrl Pts',(-7.30000000000071,51.8890161787636,146.43412655778));
#7040=CARTESIAN_POINT('Ctrl Pts',(-7.3501077149639,51.8820436294528,146.166694839938));
#7041=CARTESIAN_POINT('Ctrl Pts',(-7.55329788333629,51.8528516641395,145.675172368283));
#7042=CARTESIAN_POINT('Ctrl Pts',(-7.70636657374514,51.8305275716774,145.451082147492));
#7043=CARTESIAN_POINT('Ctrl Pts',(-8.06096474569025,51.7765729115573,145.094736052454));
#7044=CARTESIAN_POINT('Ctrl Pts',(-8.28705902100316,51.7411574338674,144.939864566444));
#7045=CARTESIAN_POINT('Ctrl Pts',(-8.78124991982169,51.6595815862216,144.735013987753));
#7046=CARTESIAN_POINT('Ctrl Pts',(-9.0493153284942,51.6133197807221,144.685));
#7047=CARTESIAN_POINT('Ctrl Pts',(-9.30000000000038,51.5681103008438,144.685));
#7048=CARTESIAN_POINT('',(-17.7000000000004,49.3200770477904,144.685));
#7049=CARTESIAN_POINT('Origin',(0.,0.,144.685));
#7050=CARTESIAN_POINT('',(-19.7000000000007,48.555844138476,146.685));
#7051=CARTESIAN_POINT('Ctrl Pts',(-17.7000000000004,49.3200770477905,144.685));
#7052=CARTESIAN_POINT('Ctrl Pts',(-17.9534411181281,49.2291220440804,144.685));
#7053=CARTESIAN_POINT('Ctrl Pts',(-18.2239037121057,49.1296291470923,144.73595777596));
#7054=CARTESIAN_POINT('Ctrl Pts',(-18.7230483409191,48.9415834180203,144.945283713965));
#7055=CARTESIAN_POINT('Ctrl Pts',(-18.9517563838377,48.8531350922013,145.103683725901));
#7056=CARTESIAN_POINT('Ctrl Pts',(-19.3015532701215,48.7159403516934,145.462934575721));
#7057=CARTESIAN_POINT('Ctrl Pts',(-19.4506568109167,48.6563817421361,145.682949054947));
#7058=CARTESIAN_POINT('Ctrl Pts',(-19.6499455831442,48.5762408308541,146.16864983827));
#7059=CARTESIAN_POINT('Ctrl Pts',(-19.7000000000007,48.555844138476,146.434420412589));
#7060=CARTESIAN_POINT('Ctrl Pts',(-19.7000000000007,48.555844138476,146.685));
#7061=CARTESIAN_POINT('',(-19.7000000000004,48.5558441384761,150.184999458275));
#7062=CARTESIAN_POINT('',(-19.7000000000004,48.5558441384761,142.));
#7063=CARTESIAN_POINT('Ctrl Pts',(-19.7000000000004,48.5558441384761,150.184999458275));
#7064=CARTESIAN_POINT('Ctrl Pts',(-19.7000000000004,48.5558441384761,150.435579113665));
#7065=CARTESIAN_POINT('Ctrl Pts',(-19.6499455695482,48.5762408364183,150.701349760072));
#7066=CARTESIAN_POINT('Ctrl Pts',(-19.4633036624234,48.651296005443,151.156227972403));
#7067=CARTESIAN_POINT('Ctrl Pts',(-19.3389689691937,48.7010042760602,151.351216572079));
#7068=CARTESIAN_POINT('Ctrl Pts',(-19.1962127663166,48.7572088560277,151.512157287525));
#7069=CARTESIAN_POINT('',(-52.0631652374534,5.93184840143648,151.295));
#7070=CARTESIAN_POINT('',(-52.0631652374534,5.93184840143648,142.));
#7071=CARTESIAN_POINT('Origin',(0.,0.,151.295));
#7072=CARTESIAN_POINT('Origin',(0.,0.,145.6));
#7073=CARTESIAN_POINT('Origin',(0.,0.,143.));
#7074=CARTESIAN_POINT('Origin',(0.,0.,143.));
#7075=CARTESIAN_POINT('Origin',(0.,0.,145.6));
#7076=CARTESIAN_POINT('Origin',(0.,0.,145.6));
#7077=CARTESIAN_POINT('Origin',(0.,0.,143.));
#7078=CARTESIAN_POINT('Origin',(0.,0.,145.6));
#7079=CARTESIAN_POINT('Origin',(0.,0.,143.));
#7080=CARTESIAN_POINT('Origin',(-17.7000000000005,42.1999999999949,146.685));
#7081=CARTESIAN_POINT('',(-19.7000000000008,42.1999999999949,146.685));
#7082=CARTESIAN_POINT('',(-17.7000000000005,42.1999999999949,144.685));
#7083=CARTESIAN_POINT('Origin',(-17.7000000000005,42.1999999999949,152.185));
#7084=CARTESIAN_POINT('',(-9.30000000000048,52.1776772192859,152.185));
#7085=CARTESIAN_POINT('',(-9.30000000000068,42.1999999999947,152.185));
#7086=CARTESIAN_POINT('',(-17.7000000000004,49.9570815800922,152.185));
#7087=CARTESIAN_POINT('Origin',(0.,0.,152.185));
#7088=CARTESIAN_POINT('',(-17.7000000000005,42.1999999999949,152.185));
#7089=CARTESIAN_POINT('Origin',(-19.7000000000005,42.1999999999949,146.685));
#7090=CARTESIAN_POINT('',(-19.7000000000005,42.1999999999949,150.184999458275));
#7091=CARTESIAN_POINT('Origin',(-17.6999994582756,42.1999999999949,150.184999458275));
#7092=CARTESIAN_POINT('Ctrl Pts',(-18.2348497813171,49.7643472121638,152.112157287526));
#7093=CARTESIAN_POINT('Ctrl Pts',(-18.0568569315461,49.8295680592069,152.161556216744));
#7094=CARTESIAN_POINT('Ctrl Pts',(-17.8743116092521,49.8953222602943,152.185));
#7095=CARTESIAN_POINT('Ctrl Pts',(-17.6999994582754,49.9570817720276,152.185));
#7096=CARTESIAN_POINT('Origin',(-9.30000000000084,42.1999999999947,144.685));
#7097=CARTESIAN_POINT('',(-9.30000000000084,42.1999999999947,144.685));
#7098=CARTESIAN_POINT('Origin',(-9.30000000000057,42.1999999999947,146.685));
#7099=CARTESIAN_POINT('',(-7.3000000000009,42.1999999999947,146.685));
#7100=CARTESIAN_POINT('Origin',(-7.30000000000069,42.1999999999947,150.185));
#7101=CARTESIAN_POINT('',(-7.30000000000069,42.1999999999947,150.185));
#7102=CARTESIAN_POINT('Origin',(-9.30000000000068,42.1999999999947,150.185));
#7103=CARTESIAN_POINT('Ctrl Pts',(-9.30000000000048,52.177677219286,152.185));
#7104=CARTESIAN_POINT('Ctrl Pts',(-9.12584375266335,52.2087183308599,152.185));
#7105=CARTESIAN_POINT('Ctrl Pts',(-8.9431289580059,52.2403389324285,152.161552437567));
#7106=CARTESIAN_POINT('Ctrl Pts',(-8.76514975073698,52.2701841382557,152.112157287526));
#7107=CARTESIAN_POINT('Origin',(-51.3984634536612,-0.397435029474346,154.295));
#7108=CARTESIAN_POINT('',(-50.3984933475589,-0.389702830457335,153.295));
#7109=CARTESIAN_POINT('',(-50.3984933475588,-0.389702830457335,154.295));
#7110=CARTESIAN_POINT('',(-50.6180385049605,0.22781444029408,153.076448839774));
#7111=CARTESIAN_POINT('Ctrl Pts',(-50.3984933475589,-0.389702830457333,
153.295));
#7112=CARTESIAN_POINT('Ctrl Pts',(-50.3994399345574,-0.267285042279987,
153.295));
#7113=CARTESIAN_POINT('Ctrl Pts',(-50.4243159848611,-0.141305136971959,
153.270610918807));
#7114=CARTESIAN_POINT('Ctrl Pts',(-50.5074505366801,0.0685309084617397,
153.18759737604));
#7115=CARTESIAN_POINT('Ctrl Pts',(-50.560595886393,0.15611561479267,153.134213565652));
#7116=CARTESIAN_POINT('Ctrl Pts',(-50.618038505104,0.227814440473052,153.076448840139));
#7117=CARTESIAN_POINT('',(-50.6180385044545,0.22781443966248,154.295));
#7118=CARTESIAN_POINT('Origin',(0.,0.,152.295));
#7119=CARTESIAN_POINT('Origin',(0.,0.,153.295));
#7120=CARTESIAN_POINT('',(-50.68032463035,5.7742936158642,152.686787216176));
#7121=CARTESIAN_POINT('',(-51.0695933817768,5.81864518766857,152.295));
#7122=CARTESIAN_POINT('',(-50.7764389352883,4.85705882719284,152.686787216176));
#7123=CARTESIAN_POINT('Origin',(0.,0.,152.686787216176));
#7124=CARTESIAN_POINT('',(-50.5870336976962,4.16999150688311,152.936386863909));
#7125=CARTESIAN_POINT('Ctrl Pts',(-50.7764389352883,4.85705882719284,152.686787216176));
#7126=CARTESIAN_POINT('Ctrl Pts',(-50.7830881376731,4.78754704426595,152.686787216176));
#7127=CARTESIAN_POINT('Ctrl Pts',(-50.7823981527235,4.71675492255603,152.694067793577));
#7128=CARTESIAN_POINT('Ctrl Pts',(-50.766429372621,4.57805457421384,152.722612875842));
#7129=CARTESIAN_POINT('Ctrl Pts',(-50.7511464933945,4.51014770216518,152.74388167757));
#7130=CARTESIAN_POINT('Ctrl Pts',(-50.6952410388098,4.342179258102,152.81423845018));
#7131=CARTESIAN_POINT('Ctrl Pts',(-50.6443967520903,4.24811575877518,152.872799542801));
#7132=CARTESIAN_POINT('Ctrl Pts',(-50.5870336976963,4.16999150688319,152.936386863909));
#7133=CARTESIAN_POINT('',(-50.6219878874644,2.34871423141962,153.018554621309));
#7134=CARTESIAN_POINT('Ctrl Pts',(-50.5870336976963,4.16999150688318,152.936386863909));
#7135=CARTESIAN_POINT('Ctrl Pts',(-50.4984619278985,4.0493632849851,153.034569250234));
#7136=CARTESIAN_POINT('Ctrl Pts',(-50.4173754803126,3.89866704918137,153.127375512587));
#7137=CARTESIAN_POINT('Ctrl Pts',(-50.3109962161097,3.55930306850065,153.25853462448));
#7138=CARTESIAN_POINT('Ctrl Pts',(-50.2875765807428,3.3694089126056,153.295));
#7139=CARTESIAN_POINT('Ctrl Pts',(-50.3106487400222,3.00531165480738,153.295));
#7140=CARTESIAN_POINT('Ctrl Pts',(-50.3578512626796,2.81989269240445,153.25853462448));
#7141=CARTESIAN_POINT('Ctrl Pts',(-50.4853277075198,2.54218025788521,153.145842416299));
#7142=CARTESIAN_POINT('Ctrl Pts',(-50.5509375803092,2.43807794779965,153.085386813868));
#7143=CARTESIAN_POINT('Ctrl Pts',(-50.6219878874644,2.34871423141971,153.018554621309));
#7144=CARTESIAN_POINT('Ctrl Pts',(-50.6219878874644,2.34871423141974,153.018554621309));
#7145=CARTESIAN_POINT('Ctrl Pts',(-50.6982255856923,2.25282605985969,152.946843002707));
#7146=CARTESIAN_POINT('Ctrl Pts',(-50.7677286927998,2.14371746931333,152.882175320901));
#7147=CARTESIAN_POINT('Ctrl Pts',(-50.874687812599,1.92031556010115,152.784194264322));
#7148=CARTESIAN_POINT('Ctrl Pts',(-50.9151400897144,1.80799132539069,152.747904531874));
#7149=CARTESIAN_POINT('Ctrl Pts',(-50.9715920289176,1.57531094396959,152.699205005398));
#7150=CARTESIAN_POINT('Ctrl Pts',(-50.9875985962391,1.45495814608742,152.686787216176));
#7151=CARTESIAN_POINT('Ctrl Pts',(-50.9938684902842,1.2155205525492,152.686787216176));
#7152=CARTESIAN_POINT('Ctrl Pts',(-50.9841826381706,1.09449497498678,152.699205005398));
#7153=CARTESIAN_POINT('Ctrl Pts',(-50.9399856146487,0.859179007721734,152.747904531874));
#7154=CARTESIAN_POINT('Ctrl Pts',(-50.905467372206,0.744891600866124,152.784194264322));
#7155=CARTESIAN_POINT('Ctrl Pts',(-50.7970381667127,0.48420080940623,152.895884160742));
#7156=CARTESIAN_POINT('Ctrl Pts',(-50.7120769283399,0.345191480185854,152.981883100835));
#7157=CARTESIAN_POINT('Ctrl Pts',(-50.618038505104,0.227814440473107,153.076448840139));
#7158=CARTESIAN_POINT('Origin',(0.,0.,154.295));
#7159=CARTESIAN_POINT('Origin',(0.,0.,142.));
#7160=CARTESIAN_POINT('',(-50.6803246303705,5.77429361568427,142.));
#7161=CARTESIAN_POINT('',(-50.7764389352883,4.85705882719284,142.));
#7162=CARTESIAN_POINT('Origin',(-49.780982788834,4.76183771353064,142.));
#7163=CARTESIAN_POINT('',(-50.5870336976962,4.16999150688311,142.));
#7164=CARTESIAN_POINT('Origin',(-51.7961100609892,3.28222219691205,142.));
#7165=CARTESIAN_POINT('',(-50.6219878874644,2.34871423141962,142.));
#7166=CARTESIAN_POINT('Origin',(-49.2913160908032,1.29073853719495,142.));
#7167=CARTESIAN_POINT('Origin',(-53.5535230209683,6.10165322208834,154.295));
#7168=CARTESIAN_POINT('',(-52.0631652374534,5.93184840143648,153.077842712475));
#7169=CARTESIAN_POINT('',(-52.2618796085887,5.95448904419006,152.877842712475));
#7170=CARTESIAN_POINT('',(-52.0631652374534,5.93184840143648,153.712157287525));
#7171=CARTESIAN_POINT('',(-52.0631652374534,5.93184840143648,142.));
#7172=CARTESIAN_POINT('',(-52.2618796085887,5.95448904419006,153.912157287525));
#7173=CARTESIAN_POINT('Origin',(0.,0.,144.));
#7174=CARTESIAN_POINT('Origin',(0.,0.,144.));
#7175=CARTESIAN_POINT('Origin',(0.,0.,144.));
#7176=CARTESIAN_POINT('Origin',(0.,0.,144.));
#7177=CARTESIAN_POINT('Origin',(0.,0.,152.295));
#7178=CARTESIAN_POINT('Origin',(0.,0.,152.477842712475));
#7179=CARTESIAN_POINT('Origin',(0.,0.,152.477842712475));
#7180=CARTESIAN_POINT('Origin',(0.,0.,152.877842712475));
#7181=CARTESIAN_POINT('Origin',(0.,0.,153.077842712475));
#7182=CARTESIAN_POINT('Origin',(0.,0.,142.));
#7183=CARTESIAN_POINT('Origin',(0.,0.,153.712157287525));
#7184=CARTESIAN_POINT('Origin',(0.,0.,153.912157287525));
#7185=CARTESIAN_POINT('Origin',(23.504657209201,-45.9254172127286,145.6));
#7186=CARTESIAN_POINT('Origin',(-45.9254172127286,-23.504657209201,145.6));
#7187=CARTESIAN_POINT('Origin',(45.9254172127286,23.504657209201,145.6));
#7188=CARTESIAN_POINT('Origin',(-23.504657209201,45.9254172127286,145.6));
#7189=UNCERTAINTY_MEASURE_WITH_UNIT(LENGTH_MEASURE(0.01),#7193,
'DISTANCE_ACCURACY_VALUE',
'Maximum model space distance between geometric entities at asserted c
onnectivities');
#7190=UNCERTAINTY_MEASURE_WITH_UNIT(LENGTH_MEASURE(0.01),#7193,
'DISTANCE_ACCURACY_VALUE',
'Maximum model space distance between geometric entities at asserted c
onnectivities');
#7191=(
GEOMETRIC_REPRESENTATION_CONTEXT(3)
GLOBAL_UNCERTAINTY_ASSIGNED_CONTEXT((#7189))
GLOBAL_UNIT_ASSIGNED_CONTEXT((#7193,#7195,#7196))
REPRESENTATION_CONTEXT('','3D')
);
#7192=(
GEOMETRIC_REPRESENTATION_CONTEXT(3)
GLOBAL_UNCERTAINTY_ASSIGNED_CONTEXT((#7190))
GLOBAL_UNIT_ASSIGNED_CONTEXT((#7193,#7195,#7196))
REPRESENTATION_CONTEXT('','3D')
);
#7193=(
LENGTH_UNIT()
NAMED_UNIT(*)
SI_UNIT(.MILLI.,.METRE.)
);
#7194=(
LENGTH_UNIT()
NAMED_UNIT(*)
SI_UNIT($,.METRE.)
);
#7195=(
NAMED_UNIT(*)
PLANE_ANGLE_UNIT()
SI_UNIT($,.RADIAN.)
);
#7196=(
NAMED_UNIT(*)
SI_UNIT($,.STERADIAN.)
SOLID_ANGLE_UNIT()
);
#7197=SHAPE_DEFINITION_REPRESENTATION(#7198,#7199);
#7198=PRODUCT_DEFINITION_SHAPE('',$,#7201);
#7199=SHAPE_REPRESENTATION('',(#2544),#7191);
#7200=PRODUCT_DEFINITION_CONTEXT('part definition',#7205,'design');
#7201=PRODUCT_DEFINITION('2026-07-17-20-19-20-845','Lock Ring',#7202,#7200);
#7202=PRODUCT_DEFINITION_FORMATION('',$,#7207);
#7203=PRODUCT_RELATED_PRODUCT_CATEGORY('Lock Ring','Lock Ring',(#7207));
#7204=APPLICATION_PROTOCOL_DEFINITION('international standard',
'automotive_design',2009,#7205);
#7205=APPLICATION_CONTEXT(
'Core Data for Automotive Mechanical Design Process');
#7206=PRODUCT_CONTEXT('part definition',#7205,'mechanical');
#7207=PRODUCT('2026-07-17-20-19-20-845','Lock Ring',$,(#7206));
#7208=PRESENTATION_STYLE_ASSIGNMENT((#7210));
#7209=PRESENTATION_STYLE_ASSIGNMENT((#7211));
#7210=SURFACE_STYLE_USAGE(.BOTH.,#7212);
#7211=SURFACE_STYLE_USAGE(.BOTH.,#7213);
#7212=SURFACE_SIDE_STYLE('',(#7214));
#7213=SURFACE_SIDE_STYLE('',(#7215));
#7214=SURFACE_STYLE_FILL_AREA(#7216);
#7215=SURFACE_STYLE_FILL_AREA(#7217);
#7216=FILL_AREA_STYLE('Steel - Satin',(#7218));
#7217=FILL_AREA_STYLE('Opaque(160,160,160)',(#7219));
#7218=FILL_AREA_STYLE_COLOUR('Steel - Satin',#7220);
#7219=FILL_AREA_STYLE_COLOUR('Opaque(160,160,160)',#7221);
#7220=COLOUR_RGB('Steel - Satin',0.627450980392157,0.627450980392157,0.627450980392157);
#7221=COLOUR_RGB('Opaque(160,160,160)',0.627450980392157,0.627450980392157,
0.627450980392157);
ENDSEC;
END-ISO-10303-21;
