ISO-10303-21;
HEADER;
/* Generated by software containing ST-Developer
 * from STEP Tools, Inc. (www.steptools.com) 
 */

FILE_DESCRIPTION(
/* description */ (''),
/* implementation_level */ '2;1');

FILE_NAME(
/* name */ '3-Watt Speaker Chamber with antenna slot.step',
/* time_stamp */ '2026-07-17T18:48:03-04:00',
/* author */ (''),
/* organization */ (''),
/* preprocessor_version */ 'ST-DEVELOPER v20.1',
/* originating_system */ 'Autodesk Translation Framework v15.8.0.0',
/* authorisation */ '');

FILE_SCHEMA (('AUTOMOTIVE_DESIGN { 1 0 10303 214 3 1 1 }'));
ENDSEC;

DATA;
#10=MECHANICAL_DESIGN_GEOMETRIC_PRESENTATION_REPRESENTATION('',(#13),#5224);
#11=SHAPE_REPRESENTATION_RELATIONSHIP('SRR','None',#5231,#12);
#12=ADVANCED_BREP_SHAPE_REPRESENTATION('',(#14),#5223);
#13=STYLED_ITEM('',(#5241),#14);
#14=MANIFOLD_SOLID_BREP('3-Watt Speaker Chamber',#2550);
#15=FACE_BOUND('',#371,.T.);
#16=FACE_BOUND('',#373,.T.);
#17=FACE_BOUND('',#375,.T.);
#18=FACE_BOUND('',#377,.T.);
#19=FACE_BOUND('',#379,.T.);
#20=FACE_BOUND('',#380,.T.);
#21=FACE_BOUND('',#381,.T.);
#22=FACE_BOUND('',#382,.T.);
#23=FACE_BOUND('',#383,.T.);
#24=FACE_BOUND('',#384,.T.);
#25=FACE_BOUND('',#385,.T.);
#26=FACE_BOUND('',#386,.T.);
#27=FACE_BOUND('',#387,.T.);
#28=FACE_BOUND('',#388,.T.);
#29=FACE_BOUND('',#389,.T.);
#30=FACE_BOUND('',#390,.T.);
#31=FACE_BOUND('',#391,.T.);
#32=FACE_BOUND('',#392,.T.);
#33=FACE_BOUND('',#393,.T.);
#34=FACE_BOUND('',#399,.T.);
#35=FACE_BOUND('',#408,.T.);
#36=FACE_BOUND('',#410,.T.);
#37=FACE_BOUND('',#411,.T.);
#38=FACE_BOUND('',#442,.T.);
#39=FACE_BOUND('',#447,.T.);
#40=FACE_BOUND('',#463,.T.);
#41=FACE_BOUND('',#464,.T.);
#42=FACE_BOUND('',#465,.T.);
#43=FACE_BOUND('',#466,.T.);
#44=FACE_BOUND('',#467,.T.);
#45=FACE_BOUND('',#468,.T.);
#46=FACE_BOUND('',#469,.T.);
#47=FACE_BOUND('',#470,.T.);
#48=FACE_BOUND('',#471,.T.);
#49=CONICAL_SURFACE('',#2621,3.09000001490116,0.785398163397447);
#50=CONICAL_SURFACE('',#2625,3.09000001490116,0.785398163397447);
#51=CONICAL_SURFACE('',#2629,3.09000001490116,0.785398163397447);
#52=CONICAL_SURFACE('',#2633,3.09000001490116,0.785398163397447);
#53=CONICAL_SURFACE('',#2642,1.1,0.785398163397448);
#54=CONICAL_SURFACE('',#2649,1.1,0.785398163397448);
#55=CONICAL_SURFACE('',#2656,1.1,0.785398163397451);
#56=CONICAL_SURFACE('',#2665,1.1,0.785398163397451);
#57=(
BOUNDED_CURVE()
B_SPLINE_CURVE(2,(#3967,#3968,#3969),.UNSPECIFIED.,.F.,.F.)
B_SPLINE_CURVE_WITH_KNOTS((3,3),(-9.49447207589764,0.),.UNSPECIFIED.)
CURVE()
GEOMETRIC_REPRESENTATION_ITEM()
RATIONAL_B_SPLINE_CURVE((1.,2.33333333333333,1.))
REPRESENTATION_ITEM('')
);
#58=(
BOUNDED_CURVE()
B_SPLINE_CURVE(2,(#3979,#3980,#3981),.UNSPECIFIED.,.F.,.F.)
B_SPLINE_CURVE_WITH_KNOTS((3,3),(-9.49447207589764,0.),.UNSPECIFIED.)
CURVE()
GEOMETRIC_REPRESENTATION_ITEM()
RATIONAL_B_SPLINE_CURVE((1.,2.33333333333333,1.))
REPRESENTATION_ITEM('')
);
#59=(
BOUNDED_CURVE()
B_SPLINE_CURVE(2,(#3990,#3991,#3992),.UNSPECIFIED.,.F.,.F.)
B_SPLINE_CURVE_WITH_KNOTS((3,3),(-9.49447207589764,0.),.UNSPECIFIED.)
CURVE()
GEOMETRIC_REPRESENTATION_ITEM()
RATIONAL_B_SPLINE_CURVE((1.,2.33333333333333,1.))
REPRESENTATION_ITEM('')
);
#60=(
BOUNDED_CURVE()
B_SPLINE_CURVE(2,(#3999,#4000,#4001),.UNSPECIFIED.,.F.,.F.)
B_SPLINE_CURVE_WITH_KNOTS((3,3),(-9.49447207589764,0.),.UNSPECIFIED.)
CURVE()
GEOMETRIC_REPRESENTATION_ITEM()
RATIONAL_B_SPLINE_CURVE((1.,2.33333333333333,1.))
REPRESENTATION_ITEM('')
);
#61=(
BOUNDED_SURFACE()
B_SPLINE_SURFACE(2,1,((#3958,#3959),(#3960,#3961),(#3962,#3963)),
 .UNSPECIFIED.,.F.,.F.,.F.)
B_SPLINE_SURFACE_WITH_KNOTS((3,3),(2,2),(-9.49447207589764,0.),(0.,2.48604926116128),
 .UNSPECIFIED.)
GEOMETRIC_REPRESENTATION_ITEM()
RATIONAL_B_SPLINE_SURFACE(((1.,1.),(2.33333333333333,2.33333333333333),
(1.,1.)))
REPRESENTATION_ITEM('')
SURFACE()
);
#62=(
BOUNDED_SURFACE()
B_SPLINE_SURFACE(2,1,((#3971,#3972),(#3973,#3974),(#3975,#3976)),
 .UNSPECIFIED.,.F.,.F.,.F.)
B_SPLINE_SURFACE_WITH_KNOTS((3,3),(2,2),(-9.49447207589764,0.),(0.,2.48604926116128),
 .UNSPECIFIED.)
GEOMETRIC_REPRESENTATION_ITEM()
RATIONAL_B_SPLINE_SURFACE(((1.,1.),(2.33333333333333,2.33333333333333),
(1.,1.)))
REPRESENTATION_ITEM('')
SURFACE()
);
#63=(
BOUNDED_SURFACE()
B_SPLINE_SURFACE(2,1,((#3982,#3983),(#3984,#3985),(#3986,#3987)),
 .UNSPECIFIED.,.F.,.F.,.F.)
B_SPLINE_SURFACE_WITH_KNOTS((3,3),(2,2),(-9.49447207589764,0.),(0.,2.48604926116128),
 .UNSPECIFIED.)
GEOMETRIC_REPRESENTATION_ITEM()
RATIONAL_B_SPLINE_SURFACE(((1.,1.),(2.33333333333333,2.33333333333333),
(1.,1.)))
REPRESENTATION_ITEM('')
SURFACE()
);
#64=(
BOUNDED_SURFACE()
B_SPLINE_SURFACE(2,1,((#3993,#3994),(#3995,#3996),(#3997,#3998)),
 .UNSPECIFIED.,.F.,.F.,.F.)
B_SPLINE_SURFACE_WITH_KNOTS((3,3),(2,2),(-9.49447207589764,0.),(0.,2.48604926116128),
 .UNSPECIFIED.)
GEOMETRIC_REPRESENTATION_ITEM()
RATIONAL_B_SPLINE_SURFACE(((1.,1.),(2.33333333333333,2.33333333333333),
(1.,1.)))
REPRESENTATION_ITEM('')
SURFACE()
);
#65=(
BOUNDED_SURFACE()
B_SPLINE_SURFACE(2,2,((#4030,#4031,#4032,#4033,#4034,#4035,#4036,#4037,
#4038),(#4039,#4040,#4041,#4042,#4043,#4044,#4045,#4046,#4047),(#4048,#4049,
#4050,#4051,#4052,#4053,#4054,#4055,#4056)),.UNSPECIFIED.,.F.,.T.,.F.)
B_SPLINE_SURFACE_WITH_KNOTS((3,3),(3,2,2,2,3),(-0.785398163398458,4.98664325623181E-13),
(-3.14159265358979,-1.5707963267949,0.,1.5707963267949,3.14159265358979),
 .UNSPECIFIED.)
GEOMETRIC_REPRESENTATION_ITEM()
RATIONAL_B_SPLINE_SURFACE(((1.,0.707106781186548,1.,0.707106781186548,1.,
0.707106781186548,1.,0.707106781186548,1.),(0.923879532510964,0.65328148243796,
0.923879532510964,0.65328148243796,0.923879532510964,0.65328148243796,0.923879532510964,
0.65328148243796,0.923879532510964),(1.,0.707106781186548,1.,0.707106781186548,
1.,0.707106781186548,1.,0.707106781186548,1.)))
REPRESENTATION_ITEM('')
SURFACE()
);
#66=(
BOUNDED_SURFACE()
B_SPLINE_SURFACE(2,2,((#4074,#4075,#4076,#4077,#4078,#4079,#4080,#4081,
#4082),(#4083,#4084,#4085,#4086,#4087,#4088,#4089,#4090,#4091),(#4092,#4093,
#4094,#4095,#4096,#4097,#4098,#4099,#4100)),.UNSPECIFIED.,.F.,.T.,.F.)
B_SPLINE_SURFACE_WITH_KNOTS((3,3),(3,2,2,2,3),(-0.785398163398256,2.72148177345211E-13),
(-3.14159265358979,-1.5707963267949,0.,1.5707963267949,3.14159265358979),
 .UNSPECIFIED.)
GEOMETRIC_REPRESENTATION_ITEM()
RATIONAL_B_SPLINE_SURFACE(((1.,0.707106781186548,1.,0.707106781186548,1.,
0.707106781186548,1.,0.707106781186548,1.),(0.923879532510917,0.653281482437927,
0.923879532510917,0.653281482437927,0.923879532510917,0.653281482437927,
0.923879532510917,0.653281482437927,0.923879532510917),(1.,0.707106781186548,
1.,0.707106781186548,1.,0.707106781186548,1.,0.707106781186548,1.)))
REPRESENTATION_ITEM('')
SURFACE()
);
#67=(
BOUNDED_SURFACE()
B_SPLINE_SURFACE(2,2,((#4110,#4111,#4112,#4113,#4114,#4115,#4116,#4117,
#4118),(#4119,#4120,#4121,#4122,#4123,#4124,#4125,#4126,#4127),(#4128,#4129,
#4130,#4131,#4132,#4133,#4134,#4135,#4136)),.UNSPECIFIED.,.F.,.T.,.F.)
B_SPLINE_SURFACE_WITH_KNOTS((3,3),(3,2,2,2,3),(-0.785398163398347,2.73767028124011E-13),
(-3.14159265358979,-1.5707963267949,0.,1.5707963267949,3.14159265358979),
 .UNSPECIFIED.)
GEOMETRIC_REPRESENTATION_ITEM()
RATIONAL_B_SPLINE_SURFACE(((1.,0.707106781186548,1.,0.707106781186548,1.,
0.707106781186548,1.,0.707106781186548,1.),(0.923879532511108,0.653281482438062,
0.923879532511108,0.653281482438062,0.923879532511108,0.653281482438062,
0.923879532511108,0.653281482438062,0.923879532511108),(1.,0.707106781186548,
1.,0.707106781186548,1.,0.707106781186548,1.,0.707106781186548,1.)))
REPRESENTATION_ITEM('')
SURFACE()
);
#68=(
BOUNDED_SURFACE()
B_SPLINE_SURFACE(2,2,((#4154,#4155,#4156,#4157,#4158,#4159,#4160,#4161,
#4162),(#4163,#4164,#4165,#4166,#4167,#4168,#4169,#4170,#4171),(#4172,#4173,
#4174,#4175,#4176,#4177,#4178,#4179,#4180)),.UNSPECIFIED.,.F.,.T.,.F.)
B_SPLINE_SURFACE_WITH_KNOTS((3,3),(3,2,2,2,3),(-0.785398163398382,2.84645231167972E-13),
(-3.14159265358979,-1.5707963267949,0.,1.5707963267949,3.14159265358979),
 .UNSPECIFIED.)
GEOMETRIC_REPRESENTATION_ITEM()
RATIONAL_B_SPLINE_SURFACE(((1.,0.707106781186548,1.,0.707106781186548,1.,
0.707106781186548,1.,0.707106781186548,1.),(0.923879532510944,0.653281482437946,
0.923879532510944,0.653281482437946,0.923879532510944,0.653281482437946,
0.923879532510944,0.653281482437946,0.923879532510944),(1.,0.707106781186548,
1.,0.707106781186548,1.,0.707106781186548,1.,0.707106781186548,1.)))
REPRESENTATION_ITEM('')
SURFACE()
);
#69=(
BOUNDED_SURFACE()
B_SPLINE_SURFACE(2,1,((#4251,#4252),(#4253,#4254),(#4255,#4256)),
 .UNSPECIFIED.,.F.,.F.,.F.)
B_SPLINE_SURFACE_WITH_KNOTS((3,3),(2,2),(-9.49447207589764,0.),(0.,2.48604926116128),
 .UNSPECIFIED.)
GEOMETRIC_REPRESENTATION_ITEM()
RATIONAL_B_SPLINE_SURFACE(((1.,1.),(2.33333333333333,2.33333333333333),
(1.,1.)))
REPRESENTATION_ITEM('')
SURFACE()
);
#70=(
BOUNDED_SURFACE()
B_SPLINE_SURFACE(2,1,((#4281,#4282),(#4283,#4284),(#4285,#4286)),
 .UNSPECIFIED.,.F.,.F.,.F.)
B_SPLINE_SURFACE_WITH_KNOTS((3,3),(2,2),(-9.49447207589764,0.),(0.,2.48604926116128),
 .UNSPECIFIED.)
GEOMETRIC_REPRESENTATION_ITEM()
RATIONAL_B_SPLINE_SURFACE(((1.,1.),(2.33333333333333,2.33333333333333),
(1.,1.)))
REPRESENTATION_ITEM('')
SURFACE()
);
#71=(
BOUNDED_SURFACE()
B_SPLINE_SURFACE(2,1,((#5208,#5209),(#5210,#5211),(#5212,#5213)),
 .UNSPECIFIED.,.F.,.F.,.F.)
B_SPLINE_SURFACE_WITH_KNOTS((3,3),(2,2),(-9.49447207589764,0.),(0.,2.48604926116128),
 .UNSPECIFIED.)
GEOMETRIC_REPRESENTATION_ITEM()
RATIONAL_B_SPLINE_SURFACE(((1.,1.),(2.33333333333333,2.33333333333333),
(1.,1.)))
REPRESENTATION_ITEM('')
SURFACE()
);
#72=(
BOUNDED_SURFACE()
B_SPLINE_SURFACE(2,1,((#5215,#5216),(#5217,#5218),(#5219,#5220)),
 .UNSPECIFIED.,.F.,.F.,.F.)
B_SPLINE_SURFACE_WITH_KNOTS((3,3),(2,2),(-9.49447207589764,0.),(0.,2.48604926116128),
 .UNSPECIFIED.)
GEOMETRIC_REPRESENTATION_ITEM()
RATIONAL_B_SPLINE_SURFACE(((1.,1.),(2.33333333333333,2.33333333333333),
(1.,1.)))
REPRESENTATION_ITEM('')
SURFACE()
);
#73=B_SPLINE_CURVE_WITH_KNOTS('',3,(#3780,#3781,#3782,#3783,#3784,#3785,
#3786,#3787,#3788,#3789,#3790,#3791),.UNSPECIFIED.,.F.,.F.,(4,2,2,2,2,4),
(-17.9338123365007,-12.4106987671396,-10.0662287389779,-7.83057682227606,
-5.04908586053006,0.),.UNSPECIFIED.);
#74=B_SPLINE_CURVE_WITH_KNOTS('',3,(#3795,#3796,#3797,#3798,#3799,#3800,
#3801,#3802,#3803,#3804,#3805,#3806),.UNSPECIFIED.,.F.,.F.,(4,2,2,2,2,4),
(-17.9338123365007,-12.4106987671396,-10.0662287389779,-7.83057682227606,
-5.04908586053006,0.),.UNSPECIFIED.);
#75=B_SPLINE_CURVE_WITH_KNOTS('',3,(#3833,#3834,#3835,#3836,#3837,#3838,
#3839,#3840,#3841,#3842,#3843,#3844),.UNSPECIFIED.,.F.,.F.,(4,2,2,2,2,4),
(-17.9338123365153,-12.4106987671439,-10.0662287389796,-7.83057682227669,
-5.04908586053008,0.),.UNSPECIFIED.);
#76=B_SPLINE_CURVE_WITH_KNOTS('',3,(#3847,#3848,#3849,#3850,#3851,#3852,
#3853,#3854,#3855,#3856,#3857,#3858),.UNSPECIFIED.,.F.,.F.,(4,2,2,2,2,4),
(-17.9338123365153,-12.4106987671439,-10.0662287389796,-7.83057682227669,
-5.04908586053008,0.),.UNSPECIFIED.);
#77=B_SPLINE_CURVE_WITH_KNOTS('',3,(#3884,#3885,#3886,#3887,#3888,#3889,
#3890,#3891,#3892,#3893,#3894,#3895),.UNSPECIFIED.,.F.,.F.,(4,2,2,2,2,4),
(-17.9338123365007,-12.4106987671396,-10.0662287389779,-7.83057682227606,
-5.04908586053006,0.),.UNSPECIFIED.);
#78=B_SPLINE_CURVE_WITH_KNOTS('',3,(#3898,#3899,#3900,#3901,#3902,#3903,
#3904,#3905,#3906,#3907,#3908,#3909),.UNSPECIFIED.,.F.,.F.,(4,2,2,2,2,4),
(-17.9338123365007,-12.4106987671396,-10.0662287389779,-7.83057682227606,
-5.04908586053006,0.),.UNSPECIFIED.);
#79=B_SPLINE_CURVE_WITH_KNOTS('',3,(#3934,#3935,#3936,#3937,#3938,#3939,
#3940,#3941,#3942,#3943,#3944,#3945),.UNSPECIFIED.,.F.,.F.,(4,2,2,2,2,4),
(-17.9338123365135,-12.4106987671437,-10.0662287389796,-7.83057682227672,
-5.04908586053008,0.),.UNSPECIFIED.);
#80=B_SPLINE_CURVE_WITH_KNOTS('',3,(#3946,#3947,#3948,#3949,#3950,#3951,
#3952,#3953,#3954,#3955,#3956,#3957),.UNSPECIFIED.,.F.,.F.,(4,2,2,2,2,4),
(-17.9338123365135,-12.4106987671437,-10.0662287389796,-7.83057682227672,
-5.04908586053008,0.),.UNSPECIFIED.);
#81=B_SPLINE_CURVE_WITH_KNOTS('',3,(#4260,#4261,#4262,#4263,#4264,#4265,
#4266,#4267,#4268,#4269,#4270,#4271,#4272,#4273,#4274,#4275,#4276,#4277,
#4278,#4279),.UNSPECIFIED.,.F.,.F.,(4,1,1,1,1,1,1,1,1,1,1,1,1,1,1,1,1,4),
(-8.90998345131735,-7.63712867255773,-7.00070128317792,-6.68248758848801,
-6.36427389379811,-5.7278465044183,-5.09141911503848,-4.66713418878528,
-4.45499172565867,-4.24284926253207,-3.81856433627886,-3.60642187315226,
-3.39427941002566,-3.18213694689905,-2.96999448377245,-2.54570955751924,
-1.27285477875962,0.),.UNSPECIFIED.);
#82=B_SPLINE_CURVE_WITH_KNOTS('',3,(#4288,#4289,#4290,#4291,#4292,#4293,
#4294,#4295,#4296,#4297,#4298,#4299,#4300,#4301,#4302,#4303,#4304,#4305,
#4306),.UNSPECIFIED.,.F.,.F.,(4,1,1,1,1,1,1,1,1,1,1,1,1,1,1,1,4),(-8.90998345131735,
-7.63712867255773,-6.36427389379811,-5.9399889675449,-5.51570404129169,
-5.30356157816509,-5.09141911503849,-4.66713418878528,-4.45499172565867,
-4.24284926253207,-3.81856433627886,-3.18213694689905,-2.54570955751924,
-2.22749586282934,-1.90928216813943,-1.27285477875962,0.),.UNSPECIFIED.);
#83=B_SPLINE_CURVE_WITH_KNOTS('',3,(#4585,#4586,#4587,#4588,#4589,#4590,
#4591,#4592,#4593,#4594,#4595,#4596,#4597,#4598,#4599,#4600,#4601,#4602,
#4603,#4604),.UNSPECIFIED.,.F.,.F.,(4,1,1,1,1,1,1,1,1,1,1,1,1,1,1,1,1,4),
(0.,1.27285477875962,2.54570955751924,2.96999448377245,3.18213694689905,
3.39427941002566,3.60642187315226,3.81856433627886,4.24284926253207,4.45499172565867,
4.66713418878528,5.09141911503848,5.7278465044183,6.36427389379811,6.68248758848801,
7.00070128317792,7.63712867255773,8.90998345131735),.UNSPECIFIED.);
#84=B_SPLINE_CURVE_WITH_KNOTS('',3,(#4606,#4607,#4608,#4609,#4610,#4611,
#4612,#4613,#4614,#4615,#4616,#4617,#4618,#4619,#4620,#4621,#4622,#4623,
#4624,#4625),.UNSPECIFIED.,.F.,.F.,(4,1,1,1,1,1,1,1,1,1,1,1,1,1,1,1,1,4),
(0.,1.27285477875962,2.54570955751924,2.96999448377245,3.18213694689905,
3.39427941002566,3.60642187315226,3.81856433627886,4.24284926253207,4.45499172565867,
4.66713418878528,5.09141911503848,5.7278465044183,6.36427389379811,6.68248758848801,
7.00070128317792,7.63712867255773,8.90998345131735),.UNSPECIFIED.);
#85=B_SPLINE_CURVE_WITH_KNOTS('',3,(#4627,#4628,#4629,#4630,#4631,#4632,
#4633,#4634,#4635,#4636,#4637,#4638,#4639,#4640,#4641,#4642,#4643,#4644,
#4645),.UNSPECIFIED.,.F.,.F.,(4,1,1,1,1,1,1,1,1,1,1,1,1,1,1,1,4),(0.,1.27285477875962,
1.90928216813943,2.22749586282934,2.54570955751924,3.18213694689905,3.81856433627886,
4.24284926253207,4.45499172565867,4.66713418878528,5.09141911503849,5.30356157816509,
5.51570404129169,5.9399889675449,6.36427389379811,7.63712867255773,8.90998345131735),
 .UNSPECIFIED.);
#86=B_SPLINE_CURVE_WITH_KNOTS('',3,(#4646,#4647,#4648,#4649,#4650,#4651,
#4652,#4653,#4654,#4655,#4656,#4657,#4658,#4659,#4660,#4661,#4662,#4663,
#4664,#4665),.UNSPECIFIED.,.F.,.F.,(4,1,1,1,1,1,1,1,1,1,1,1,1,1,1,1,1,4),
(0.,1.27285477875962,2.54570955751924,2.96999448377245,3.18213694689905,
3.39427941002566,3.60642187315226,3.81856433627886,4.24284926253207,4.45499172565867,
4.66713418878528,5.09141911503848,5.7278465044183,6.36427389379811,6.68248758848801,
7.00070128317792,7.63712867255773,8.90998345131735),.UNSPECIFIED.);
#87=B_SPLINE_CURVE_WITH_KNOTS('',3,(#4796,#4797,#4798,#4799,#4800,#4801,
#4802,#4803,#4804,#4805,#4806,#4807,#4808,#4809,#4810,#4811,#4812,#4813,
#4814,#4815),.UNSPECIFIED.,.F.,.F.,(4,1,1,1,1,1,1,1,1,1,1,1,1,1,1,1,1,4),
(-8.90998345131735,-7.63712867255773,-7.00070128317792,-6.68248758848801,
-6.36427389379811,-5.7278465044183,-5.09141911503848,-4.66713418878528,
-4.45499172565867,-4.24284926253207,-3.81856433627886,-3.60642187315226,
-3.39427941002566,-3.18213694689905,-2.96999448377245,-2.54570955751924,
-1.27285477875962,0.),.UNSPECIFIED.);
#88=B_SPLINE_CURVE_WITH_KNOTS('',3,(#5173,#5174,#5175,#5176,#5177,#5178,
#5179,#5180,#5181,#5182,#5183,#5184,#5185,#5186,#5187,#5188,#5189,#5190,
#5191,#5192),.UNSPECIFIED.,.F.,.F.,(4,1,1,1,1,1,1,1,1,1,1,1,1,1,1,1,1,4),
(-8.90998345131735,-7.63712867255773,-7.00070128317792,-6.68248758848801,
-6.36427389379811,-5.7278465044183,-5.09141911503848,-4.66713418878528,
-4.45499172565867,-4.24284926253207,-3.81856433627886,-3.60642187315226,
-3.39427941002566,-3.18213694689905,-2.96999448377245,-2.54570955751924,
-1.27285477875962,0.),.UNSPECIFIED.);
#89=B_SPLINE_SURFACE_WITH_KNOTS('',3,1,((#3754,#3755),(#3756,#3757),(#3758,
#3759),(#3760,#3761),(#3762,#3763),(#3764,#3765),(#3766,#3767),(#3768,#3769),
(#3770,#3771),(#3772,#3773),(#3774,#3775),(#3776,#3777)),.UNSPECIFIED.,
 .F.,.F.,.F.,(4,2,2,2,2,4),(2,2),(-17.9338123365007,-12.4106987671396,-10.0662287389779,
-7.83057682227606,-5.04908586053006,0.),(0.,0.550000000000001),
 .UNSPECIFIED.);
#90=B_SPLINE_SURFACE_WITH_KNOTS('',3,1,((#3808,#3809),(#3810,#3811),(#3812,
#3813),(#3814,#3815),(#3816,#3817),(#3818,#3819),(#3820,#3821),(#3822,#3823),
(#3824,#3825),(#3826,#3827),(#3828,#3829),(#3830,#3831)),.UNSPECIFIED.,
 .F.,.F.,.F.,(4,2,2,2,2,4),(2,2),(-17.9338123365153,-12.4106987671439,-10.0662287389796,
-7.83057682227669,-5.04908586053008,0.),(0.,0.550000000000001),
 .UNSPECIFIED.);
#91=B_SPLINE_SURFACE_WITH_KNOTS('',3,1,((#3859,#3860),(#3861,#3862),(#3863,
#3864),(#3865,#3866),(#3867,#3868),(#3869,#3870),(#3871,#3872),(#3873,#3874),
(#3875,#3876),(#3877,#3878),(#3879,#3880),(#3881,#3882)),.UNSPECIFIED.,
 .F.,.F.,.F.,(4,2,2,2,2,4),(2,2),(-17.9338123365007,-12.4106987671396,-10.0662287389779,
-7.83057682227606,-5.04908586053006,0.),(0.,0.550000000000001),
 .UNSPECIFIED.);
#92=B_SPLINE_SURFACE_WITH_KNOTS('',3,1,((#3910,#3911),(#3912,#3913),(#3914,
#3915),(#3916,#3917),(#3918,#3919),(#3920,#3921),(#3922,#3923),(#3924,#3925),
(#3926,#3927),(#3928,#3929),(#3930,#3931),(#3932,#3933)),.UNSPECIFIED.,
 .F.,.F.,.F.,(4,2,2,2,2,4),(2,2),(-17.9338123365135,-12.4106987671437,-10.0662287389796,
-7.83057682227672,-5.04908586053008,0.),(0.,0.550000000000001),
 .UNSPECIFIED.);
#93=B_SPLINE_SURFACE_WITH_KNOTS('',3,3,((#4674,#4675,#4676,#4677,#4678,
#4679,#4680,#4681,#4682,#4683,#4684,#4685,#4686,#4687,#4688,#4689,#4690,
#4691,#4692,#4693),(#4694,#4695,#4696,#4697,#4698,#4699,#4700,#4701,#4702,
#4703,#4704,#4705,#4706,#4707,#4708,#4709,#4710,#4711,#4712,#4713),(#4714,
#4715,#4716,#4717,#4718,#4719,#4720,#4721,#4722,#4723,#4724,#4725,#4726,
#4727,#4728,#4729,#4730,#4731,#4732,#4733),(#4734,#4735,#4736,#4737,#4738,
#4739,#4740,#4741,#4742,#4743,#4744,#4745,#4746,#4747,#4748,#4749,#4750,
#4751,#4752,#4753),(#4754,#4755,#4756,#4757,#4758,#4759,#4760,#4761,#4762,
#4763,#4764,#4765,#4766,#4767,#4768,#4769,#4770,#4771,#4772,#4773),(#4774,
#4775,#4776,#4777,#4778,#4779,#4780,#4781,#4782,#4783,#4784,#4785,#4786,
#4787,#4788,#4789,#4790,#4791,#4792,#4793)),.UNSPECIFIED.,.F.,.F.,.F.,(4,
1,1,4),(4,1,1,1,1,1,1,1,1,1,1,1,1,1,1,1,1,4),(0.,0.285714285714286,0.571428571428571,
1.),(0.,1.27285477875962,2.54570955751924,2.96999448377245,3.18213694689905,
3.39427941002566,3.60642187315226,3.81856433627886,4.24284926253207,4.45499172565867,
4.66713418878528,5.09141911503848,5.7278465044183,6.36427389379811,6.68248758848801,
7.00070128317792,7.63712867255773,8.90998345131735),.UNSPECIFIED.);
#94=B_SPLINE_SURFACE_WITH_KNOTS('',3,3,((#4817,#4818,#4819,#4820,#4821,
#4822,#4823,#4824,#4825,#4826,#4827,#4828,#4829,#4830,#4831,#4832,#4833,
#4834,#4835),(#4836,#4837,#4838,#4839,#4840,#4841,#4842,#4843,#4844,#4845,
#4846,#4847,#4848,#4849,#4850,#4851,#4852,#4853,#4854),(#4855,#4856,#4857,
#4858,#4859,#4860,#4861,#4862,#4863,#4864,#4865,#4866,#4867,#4868,#4869,
#4870,#4871,#4872,#4873),(#4874,#4875,#4876,#4877,#4878,#4879,#4880,#4881,
#4882,#4883,#4884,#4885,#4886,#4887,#4888,#4889,#4890,#4891,#4892),(#4893,
#4894,#4895,#4896,#4897,#4898,#4899,#4900,#4901,#4902,#4903,#4904,#4905,
#4906,#4907,#4908,#4909,#4910,#4911),(#4912,#4913,#4914,#4915,#4916,#4917,
#4918,#4919,#4920,#4921,#4922,#4923,#4924,#4925,#4926,#4927,#4928,#4929,
#4930)),.UNSPECIFIED.,.F.,.F.,.F.,(4,1,1,4),(4,1,1,1,1,1,1,1,1,1,1,1,1,
1,1,1,4),(0.,0.285714285714286,0.571428571428571,1.),(0.,1.27285477875962,
1.90928216813943,2.22749586282934,2.54570955751924,3.18213694689905,3.81856433627886,
4.24284926253207,4.45499172565867,4.66713418878528,5.09141911503849,5.30356157816509,
5.51570404129169,5.9399889675449,6.36427389379811,7.63712867255773,8.90998345131735),
 .UNSPECIFIED.);
#95=B_SPLINE_SURFACE_WITH_KNOTS('',3,3,((#4932,#4933,#4934,#4935,#4936,
#4937,#4938,#4939,#4940,#4941,#4942,#4943,#4944,#4945,#4946,#4947,#4948,
#4949,#4950,#4951),(#4952,#4953,#4954,#4955,#4956,#4957,#4958,#4959,#4960,
#4961,#4962,#4963,#4964,#4965,#4966,#4967,#4968,#4969,#4970,#4971),(#4972,
#4973,#4974,#4975,#4976,#4977,#4978,#4979,#4980,#4981,#4982,#4983,#4984,
#4985,#4986,#4987,#4988,#4989,#4990,#4991),(#4992,#4993,#4994,#4995,#4996,
#4997,#4998,#4999,#5000,#5001,#5002,#5003,#5004,#5005,#5006,#5007,#5008,
#5009,#5010,#5011),(#5012,#5013,#5014,#5015,#5016,#5017,#5018,#5019,#5020,
#5021,#5022,#5023,#5024,#5025,#5026,#5027,#5028,#5029,#5030,#5031),(#5032,
#5033,#5034,#5035,#5036,#5037,#5038,#5039,#5040,#5041,#5042,#5043,#5044,
#5045,#5046,#5047,#5048,#5049,#5050,#5051)),.UNSPECIFIED.,.F.,.F.,.F.,(4,
1,1,4),(4,1,1,1,1,1,1,1,1,1,1,1,1,1,1,1,1,4),(0.,0.285714285714286,0.571428571428571,
1.),(0.,1.27285477875962,2.54570955751924,2.96999448377245,3.18213694689905,
3.39427941002566,3.60642187315226,3.81856433627886,4.24284926253207,4.45499172565867,
4.66713418878528,5.09141911503848,5.7278465044183,6.36427389379811,6.68248758848801,
7.00070128317792,7.63712867255773,8.90998345131735),.UNSPECIFIED.);
#96=B_SPLINE_SURFACE_WITH_KNOTS('',3,3,((#5053,#5054,#5055,#5056,#5057,
#5058,#5059,#5060,#5061,#5062,#5063,#5064,#5065,#5066,#5067,#5068,#5069,
#5070,#5071,#5072),(#5073,#5074,#5075,#5076,#5077,#5078,#5079,#5080,#5081,
#5082,#5083,#5084,#5085,#5086,#5087,#5088,#5089,#5090,#5091,#5092),(#5093,
#5094,#5095,#5096,#5097,#5098,#5099,#5100,#5101,#5102,#5103,#5104,#5105,
#5106,#5107,#5108,#5109,#5110,#5111,#5112),(#5113,#5114,#5115,#5116,#5117,
#5118,#5119,#5120,#5121,#5122,#5123,#5124,#5125,#5126,#5127,#5128,#5129,
#5130,#5131,#5132),(#5133,#5134,#5135,#5136,#5137,#5138,#5139,#5140,#5141,
#5142,#5143,#5144,#5145,#5146,#5147,#5148,#5149,#5150,#5151,#5152),(#5153,
#5154,#5155,#5156,#5157,#5158,#5159,#5160,#5161,#5162,#5163,#5164,#5165,
#5166,#5167,#5168,#5169,#5170,#5171,#5172)),.UNSPECIFIED.,.F.,.F.,.F.,(4,
1,1,4),(4,1,1,1,1,1,1,1,1,1,1,1,1,1,1,1,1,4),(0.,0.285714285714286,0.571428571428571,
1.),(0.,1.27285477875962,2.54570955751924,2.96999448377245,3.18213694689905,
3.39427941002566,3.60642187315226,3.81856433627886,4.24284926253207,4.45499172565867,
4.66713418878528,5.09141911503848,5.7278465044183,6.36427389379811,6.68248758848801,
7.00070128317792,7.63712867255773,8.90998345131735),.UNSPECIFIED.);
#97=PLANE('',#2567);
#98=PLANE('',#2583);
#99=PLANE('',#2588);
#100=PLANE('',#2592);
#101=PLANE('',#2593);
#102=PLANE('',#2594);
#103=PLANE('',#2595);
#104=PLANE('',#2596);
#105=PLANE('',#2597);
#106=PLANE('',#2598);
#107=PLANE('',#2599);
#108=PLANE('',#2600);
#109=PLANE('',#2601);
#110=PLANE('',#2602);
#111=PLANE('',#2603);
#112=PLANE('',#2604);
#113=PLANE('',#2608);
#114=PLANE('',#2620);
#115=PLANE('',#2624);
#116=PLANE('',#2628);
#117=PLANE('',#2632);
#118=PLANE('',#2636);
#119=PLANE('',#2669);
#120=PLANE('',#2670);
#121=PLANE('',#2671);
#122=PLANE('',#2672);
#123=PLANE('',#2685);
#124=PLANE('',#2687);
#125=PLANE('',#2689);
#126=PLANE('',#2691);
#127=PLANE('',#2693);
#128=PLANE('',#2696);
#129=PLANE('',#2697);
#130=PLANE('',#2698);
#131=PLANE('',#2711);
#132=PLANE('',#2715);
#133=PLANE('',#2716);
#134=PLANE('',#2717);
#135=PLANE('',#2722);
#136=PLANE('',#2732);
#137=PLANE('',#2734);
#138=PLANE('',#2736);
#139=PLANE('',#2738);
#140=PLANE('',#2741);
#141=PLANE('',#2743);
#142=PLANE('',#2745);
#143=PLANE('',#2747);
#144=PLANE('',#2749);
#145=PLANE('',#2752);
#146=PLANE('',#2755);
#147=PLANE('',#2758);
#148=PLANE('',#2761);
#149=PLANE('',#2762);
#150=PLANE('',#2763);
#151=PLANE('',#2768);
#152=PLANE('',#2769);
#153=PLANE('',#2770);
#154=PLANE('',#2773);
#155=PLANE('',#2776);
#156=PLANE('',#2777);
#157=PLANE('',#2781);
#158=PLANE('',#2785);
#159=PLANE('',#2789);
#160=PLANE('',#2793);
#161=PLANE('',#2794);
#162=PLANE('',#2795);
#163=PLANE('',#2796);
#164=PLANE('',#2811);
#165=PLANE('',#2812);
#166=FACE_OUTER_BOUND('',#309,.T.);
#167=FACE_OUTER_BOUND('',#310,.T.);
#168=FACE_OUTER_BOUND('',#311,.T.);
#169=FACE_OUTER_BOUND('',#312,.T.);
#170=FACE_OUTER_BOUND('',#313,.T.);
#171=FACE_OUTER_BOUND('',#314,.T.);
#172=FACE_OUTER_BOUND('',#315,.T.);
#173=FACE_OUTER_BOUND('',#316,.T.);
#174=FACE_OUTER_BOUND('',#317,.T.);
#175=FACE_OUTER_BOUND('',#318,.T.);
#176=FACE_OUTER_BOUND('',#319,.T.);
#177=FACE_OUTER_BOUND('',#320,.T.);
#178=FACE_OUTER_BOUND('',#321,.T.);
#179=FACE_OUTER_BOUND('',#322,.T.);
#180=FACE_OUTER_BOUND('',#323,.T.);
#181=FACE_OUTER_BOUND('',#324,.T.);
#182=FACE_OUTER_BOUND('',#325,.T.);
#183=FACE_OUTER_BOUND('',#326,.T.);
#184=FACE_OUTER_BOUND('',#327,.T.);
#185=FACE_OUTER_BOUND('',#328,.T.);
#186=FACE_OUTER_BOUND('',#329,.T.);
#187=FACE_OUTER_BOUND('',#330,.T.);
#188=FACE_OUTER_BOUND('',#331,.T.);
#189=FACE_OUTER_BOUND('',#332,.T.);
#190=FACE_OUTER_BOUND('',#333,.T.);
#191=FACE_OUTER_BOUND('',#334,.T.);
#192=FACE_OUTER_BOUND('',#335,.T.);
#193=FACE_OUTER_BOUND('',#336,.T.);
#194=FACE_OUTER_BOUND('',#337,.T.);
#195=FACE_OUTER_BOUND('',#338,.T.);
#196=FACE_OUTER_BOUND('',#339,.T.);
#197=FACE_OUTER_BOUND('',#340,.T.);
#198=FACE_OUTER_BOUND('',#341,.T.);
#199=FACE_OUTER_BOUND('',#342,.T.);
#200=FACE_OUTER_BOUND('',#343,.T.);
#201=FACE_OUTER_BOUND('',#344,.T.);
#202=FACE_OUTER_BOUND('',#345,.T.);
#203=FACE_OUTER_BOUND('',#346,.T.);
#204=FACE_OUTER_BOUND('',#347,.T.);
#205=FACE_OUTER_BOUND('',#348,.T.);
#206=FACE_OUTER_BOUND('',#349,.T.);
#207=FACE_OUTER_BOUND('',#350,.T.);
#208=FACE_OUTER_BOUND('',#351,.T.);
#209=FACE_OUTER_BOUND('',#352,.T.);
#210=FACE_OUTER_BOUND('',#353,.T.);
#211=FACE_OUTER_BOUND('',#354,.T.);
#212=FACE_OUTER_BOUND('',#355,.T.);
#213=FACE_OUTER_BOUND('',#356,.T.);
#214=FACE_OUTER_BOUND('',#357,.T.);
#215=FACE_OUTER_BOUND('',#358,.T.);
#216=FACE_OUTER_BOUND('',#359,.T.);
#217=FACE_OUTER_BOUND('',#360,.T.);
#218=FACE_OUTER_BOUND('',#361,.T.);
#219=FACE_OUTER_BOUND('',#362,.T.);
#220=FACE_OUTER_BOUND('',#363,.T.);
#221=FACE_OUTER_BOUND('',#364,.T.);
#222=FACE_OUTER_BOUND('',#365,.T.);
#223=FACE_OUTER_BOUND('',#366,.T.);
#224=FACE_OUTER_BOUND('',#367,.T.);
#225=FACE_OUTER_BOUND('',#368,.T.);
#226=FACE_OUTER_BOUND('',#369,.T.);
#227=FACE_OUTER_BOUND('',#370,.T.);
#228=FACE_OUTER_BOUND('',#372,.T.);
#229=FACE_OUTER_BOUND('',#374,.T.);
#230=FACE_OUTER_BOUND('',#376,.T.);
#231=FACE_OUTER_BOUND('',#378,.T.);
#232=FACE_OUTER_BOUND('',#394,.T.);
#233=FACE_OUTER_BOUND('',#395,.T.);
#234=FACE_OUTER_BOUND('',#396,.T.);
#235=FACE_OUTER_BOUND('',#397,.T.);
#236=FACE_OUTER_BOUND('',#398,.T.);
#237=FACE_OUTER_BOUND('',#400,.T.);
#238=FACE_OUTER_BOUND('',#401,.T.);
#239=FACE_OUTER_BOUND('',#402,.T.);
#240=FACE_OUTER_BOUND('',#403,.T.);
#241=FACE_OUTER_BOUND('',#404,.T.);
#242=FACE_OUTER_BOUND('',#405,.T.);
#243=FACE_OUTER_BOUND('',#406,.T.);
#244=FACE_OUTER_BOUND('',#407,.T.);
#245=FACE_OUTER_BOUND('',#409,.T.);
#246=FACE_OUTER_BOUND('',#412,.T.);
#247=FACE_OUTER_BOUND('',#413,.T.);
#248=FACE_OUTER_BOUND('',#414,.T.);
#249=FACE_OUTER_BOUND('',#415,.T.);
#250=FACE_OUTER_BOUND('',#416,.T.);
#251=FACE_OUTER_BOUND('',#417,.T.);
#252=FACE_OUTER_BOUND('',#418,.T.);
#253=FACE_OUTER_BOUND('',#419,.T.);
#254=FACE_OUTER_BOUND('',#420,.T.);
#255=FACE_OUTER_BOUND('',#421,.T.);
#256=FACE_OUTER_BOUND('',#422,.T.);
#257=FACE_OUTER_BOUND('',#423,.T.);
#258=FACE_OUTER_BOUND('',#424,.T.);
#259=FACE_OUTER_BOUND('',#425,.T.);
#260=FACE_OUTER_BOUND('',#426,.T.);
#261=FACE_OUTER_BOUND('',#427,.T.);
#262=FACE_OUTER_BOUND('',#428,.T.);
#263=FACE_OUTER_BOUND('',#429,.T.);
#264=FACE_OUTER_BOUND('',#430,.T.);
#265=FACE_OUTER_BOUND('',#431,.T.);
#266=FACE_OUTER_BOUND('',#432,.T.);
#267=FACE_OUTER_BOUND('',#433,.T.);
#268=FACE_OUTER_BOUND('',#434,.T.);
#269=FACE_OUTER_BOUND('',#435,.T.);
#270=FACE_OUTER_BOUND('',#436,.T.);
#271=FACE_OUTER_BOUND('',#437,.T.);
#272=FACE_OUTER_BOUND('',#438,.T.);
#273=FACE_OUTER_BOUND('',#439,.T.);
#274=FACE_OUTER_BOUND('',#440,.T.);
#275=FACE_OUTER_BOUND('',#441,.T.);
#276=FACE_OUTER_BOUND('',#443,.T.);
#277=FACE_OUTER_BOUND('',#444,.T.);
#278=FACE_OUTER_BOUND('',#445,.T.);
#279=FACE_OUTER_BOUND('',#446,.T.);
#280=FACE_OUTER_BOUND('',#448,.T.);
#281=FACE_OUTER_BOUND('',#449,.T.);
#282=FACE_OUTER_BOUND('',#450,.T.);
#283=FACE_OUTER_BOUND('',#451,.T.);
#284=FACE_OUTER_BOUND('',#452,.T.);
#285=FACE_OUTER_BOUND('',#453,.T.);
#286=FACE_OUTER_BOUND('',#454,.T.);
#287=FACE_OUTER_BOUND('',#455,.T.);
#288=FACE_OUTER_BOUND('',#456,.T.);
#289=FACE_OUTER_BOUND('',#457,.T.);
#290=FACE_OUTER_BOUND('',#458,.T.);
#291=FACE_OUTER_BOUND('',#459,.T.);
#292=FACE_OUTER_BOUND('',#460,.T.);
#293=FACE_OUTER_BOUND('',#461,.T.);
#294=FACE_OUTER_BOUND('',#462,.T.);
#295=FACE_OUTER_BOUND('',#472,.T.);
#296=FACE_OUTER_BOUND('',#473,.T.);
#297=FACE_OUTER_BOUND('',#474,.T.);
#298=FACE_OUTER_BOUND('',#475,.T.);
#299=FACE_OUTER_BOUND('',#476,.T.);
#300=FACE_OUTER_BOUND('',#477,.T.);
#301=FACE_OUTER_BOUND('',#478,.T.);
#302=FACE_OUTER_BOUND('',#479,.T.);
#303=FACE_OUTER_BOUND('',#480,.T.);
#304=FACE_OUTER_BOUND('',#481,.T.);
#305=FACE_OUTER_BOUND('',#482,.T.);
#306=FACE_OUTER_BOUND('',#483,.T.);
#307=FACE_OUTER_BOUND('',#484,.T.);
#308=FACE_OUTER_BOUND('',#485,.T.);
#309=EDGE_LOOP('',(#1639,#1640,#1641,#1642));
#310=EDGE_LOOP('',(#1643,#1644,#1645,#1646));
#311=EDGE_LOOP('',(#1647,#1648,#1649,#1650));
#312=EDGE_LOOP('',(#1651,#1652,#1653,#1654,#1655));
#313=EDGE_LOOP('',(#1656,#1657,#1658,#1659));
#314=EDGE_LOOP('',(#1660,#1661,#1662,#1663,#1664));
#315=EDGE_LOOP('',(#1665,#1666,#1667,#1668));
#316=EDGE_LOOP('',(#1669,#1670,#1671,#1672,#1673,#1674,#1675,#1676,#1677,
#1678));
#317=EDGE_LOOP('',(#1679,#1680,#1681,#1682,#1683));
#318=EDGE_LOOP('',(#1684,#1685,#1686,#1687,#1688,#1689,#1690,#1691,#1692,
#1693,#1694,#1695,#1696,#1697,#1698,#1699,#1700,#1701,#1702,#1703));
#319=EDGE_LOOP('',(#1704,#1705,#1706,#1707));
#320=EDGE_LOOP('',(#1708,#1709,#1710,#1711));
#321=EDGE_LOOP('',(#1712,#1713,#1714,#1715));
#322=EDGE_LOOP('',(#1716,#1717,#1718,#1719));
#323=EDGE_LOOP('',(#1720,#1721,#1722,#1723));
#324=EDGE_LOOP('',(#1724,#1725,#1726,#1727));
#325=EDGE_LOOP('',(#1728,#1729,#1730,#1731));
#326=EDGE_LOOP('',(#1732,#1733,#1734,#1735,#1736,#1737,#1738,#1739,#1740,
#1741,#1742,#1743));
#327=EDGE_LOOP('',(#1744,#1745,#1746,#1747));
#328=EDGE_LOOP('',(#1748,#1749,#1750,#1751,#1752,#1753));
#329=EDGE_LOOP('',(#1754,#1755,#1756,#1757));
#330=EDGE_LOOP('',(#1758,#1759,#1760,#1761,#1762,#1763));
#331=EDGE_LOOP('',(#1764,#1765,#1766,#1767));
#332=EDGE_LOOP('',(#1768,#1769,#1770,#1771,#1772,#1773,#1774,#1775));
#333=EDGE_LOOP('',(#1776,#1777,#1778,#1779,#1780,#1781,#1782,#1783,#1784,
#1785,#1786,#1787,#1788,#1789,#1790,#1791,#1792,#1793,#1794,#1795,#1796,
#1797,#1798,#1799,#1800,#1801,#1802,#1803));
#334=EDGE_LOOP('',(#1804,#1805,#1806,#1807,#1808,#1809));
#335=EDGE_LOOP('',(#1810,#1811,#1812,#1813));
#336=EDGE_LOOP('',(#1814,#1815,#1816,#1817));
#337=EDGE_LOOP('',(#1818,#1819,#1820,#1821));
#338=EDGE_LOOP('',(#1822,#1823,#1824,#1825));
#339=EDGE_LOOP('',(#1826,#1827,#1828,#1829));
#340=EDGE_LOOP('',(#1830,#1831,#1832,#1833));
#341=EDGE_LOOP('',(#1834,#1835,#1836,#1837));
#342=EDGE_LOOP('',(#1838,#1839,#1840,#1841));
#343=EDGE_LOOP('',(#1842,#1843,#1844,#1845));
#344=EDGE_LOOP('',(#1846));
#345=EDGE_LOOP('',(#1847,#1848,#1849,#1850));
#346=EDGE_LOOP('',(#1851));
#347=EDGE_LOOP('',(#1852,#1853,#1854,#1855));
#348=EDGE_LOOP('',(#1856));
#349=EDGE_LOOP('',(#1857,#1858,#1859,#1860));
#350=EDGE_LOOP('',(#1861));
#351=EDGE_LOOP('',(#1862,#1863,#1864,#1865,#1866,#1867));
#352=EDGE_LOOP('',(#1868,#1869,#1870,#1871,#1872));
#353=EDGE_LOOP('',(#1873,#1874,#1875,#1876,#1877));
#354=EDGE_LOOP('',(#1878,#1879,#1880,#1881,#1882,#1883,#1884));
#355=EDGE_LOOP('',(#1885,#1886,#1887,#1888,#1889));
#356=EDGE_LOOP('',(#1890,#1891,#1892,#1893,#1894,#1895));
#357=EDGE_LOOP('',(#1896,#1897,#1898,#1899,#1900));
#358=EDGE_LOOP('',(#1901,#1902,#1903,#1904,#1905));
#359=EDGE_LOOP('',(#1906,#1907,#1908,#1909,#1910,#1911));
#360=EDGE_LOOP('',(#1912,#1913,#1914,#1915,#1916));
#361=EDGE_LOOP('',(#1917,#1918,#1919,#1920,#1921));
#362=EDGE_LOOP('',(#1922));
#363=EDGE_LOOP('',(#1923));
#364=EDGE_LOOP('',(#1924));
#365=EDGE_LOOP('',(#1925));
#366=EDGE_LOOP('',(#1926,#1927,#1928,#1929));
#367=EDGE_LOOP('',(#1930,#1931,#1932,#1933));
#368=EDGE_LOOP('',(#1934,#1935,#1936,#1937));
#369=EDGE_LOOP('',(#1938,#1939,#1940,#1941));
#370=EDGE_LOOP('',(#1942));
#371=EDGE_LOOP('',(#1943));
#372=EDGE_LOOP('',(#1944));
#373=EDGE_LOOP('',(#1945));
#374=EDGE_LOOP('',(#1946));
#375=EDGE_LOOP('',(#1947));
#376=EDGE_LOOP('',(#1948));
#377=EDGE_LOOP('',(#1949));
#378=EDGE_LOOP('',(#1950,#1951,#1952,#1953));
#379=EDGE_LOOP('',(#1954));
#380=EDGE_LOOP('',(#1955));
#381=EDGE_LOOP('',(#1956));
#382=EDGE_LOOP('',(#1957));
#383=EDGE_LOOP('',(#1958));
#384=EDGE_LOOP('',(#1959));
#385=EDGE_LOOP('',(#1960));
#386=EDGE_LOOP('',(#1961));
#387=EDGE_LOOP('',(#1962));
#388=EDGE_LOOP('',(#1963));
#389=EDGE_LOOP('',(#1964));
#390=EDGE_LOOP('',(#1965));
#391=EDGE_LOOP('',(#1966));
#392=EDGE_LOOP('',(#1967,#1968,#1969,#1970));
#393=EDGE_LOOP('',(#1971,#1972,#1973,#1974,#1975,#1976,#1977,#1978,#1979,
#1980,#1981,#1982,#1983,#1984,#1985,#1986,#1987,#1988,#1989));
#394=EDGE_LOOP('',(#1990,#1991,#1992,#1993));
#395=EDGE_LOOP('',(#1994,#1995,#1996,#1997));
#396=EDGE_LOOP('',(#1998,#1999,#2000,#2001,#2002,#2003,#2004,#2005));
#397=EDGE_LOOP('',(#2006,#2007,#2008,#2009));
#398=EDGE_LOOP('',(#2010,#2011,#2012,#2013,#2014,#2015,#2016,#2017,#2018));
#399=EDGE_LOOP('',(#2019));
#400=EDGE_LOOP('',(#2020,#2021,#2022,#2023));
#401=EDGE_LOOP('',(#2024,#2025,#2026,#2027));
#402=EDGE_LOOP('',(#2028,#2029,#2030,#2031));
#403=EDGE_LOOP('',(#2032,#2033,#2034,#2035));
#404=EDGE_LOOP('',(#2036,#2037,#2038,#2039));
#405=EDGE_LOOP('',(#2040,#2041,#2042,#2043,#2044,#2045,#2046,#2047,#2048,
#2049,#2050,#2051));
#406=EDGE_LOOP('',(#2052,#2053,#2054,#2055,#2056,#2057,#2058,#2059,#2060,
#2061,#2062,#2063));
#407=EDGE_LOOP('',(#2064,#2065,#2066,#2067,#2068,#2069,#2070,#2071,#2072));
#408=EDGE_LOOP('',(#2073));
#409=EDGE_LOOP('',(#2074,#2075,#2076,#2077,#2078,#2079,#2080,#2081,#2082,
#2083,#2084,#2085,#2086,#2087,#2088,#2089));
#410=EDGE_LOOP('',(#2090));
#411=EDGE_LOOP('',(#2091));
#412=EDGE_LOOP('',(#2092,#2093,#2094,#2095));
#413=EDGE_LOOP('',(#2096,#2097,#2098,#2099));
#414=EDGE_LOOP('',(#2100,#2101,#2102,#2103));
#415=EDGE_LOOP('',(#2104,#2105,#2106,#2107));
#416=EDGE_LOOP('',(#2108,#2109,#2110,#2111));
#417=EDGE_LOOP('',(#2112,#2113,#2114,#2115));
#418=EDGE_LOOP('',(#2116,#2117,#2118,#2119));
#419=EDGE_LOOP('',(#2120,#2121,#2122,#2123));
#420=EDGE_LOOP('',(#2124,#2125,#2126,#2127));
#421=EDGE_LOOP('',(#2128,#2129,#2130,#2131));
#422=EDGE_LOOP('',(#2132,#2133,#2134,#2135));
#423=EDGE_LOOP('',(#2136,#2137,#2138,#2139));
#424=EDGE_LOOP('',(#2140,#2141,#2142,#2143));
#425=EDGE_LOOP('',(#2144,#2145,#2146,#2147));
#426=EDGE_LOOP('',(#2148,#2149,#2150,#2151));
#427=EDGE_LOOP('',(#2152,#2153,#2154,#2155));
#428=EDGE_LOOP('',(#2156,#2157,#2158,#2159));
#429=EDGE_LOOP('',(#2160,#2161,#2162,#2163));
#430=EDGE_LOOP('',(#2164,#2165,#2166,#2167));
#431=EDGE_LOOP('',(#2168,#2169,#2170,#2171));
#432=EDGE_LOOP('',(#2172,#2173,#2174,#2175));
#433=EDGE_LOOP('',(#2176));
#434=EDGE_LOOP('',(#2177,#2178,#2179,#2180));
#435=EDGE_LOOP('',(#2181));
#436=EDGE_LOOP('',(#2182,#2183,#2184,#2185));
#437=EDGE_LOOP('',(#2186));
#438=EDGE_LOOP('',(#2187,#2188,#2189,#2190));
#439=EDGE_LOOP('',(#2191,#2192));
#440=EDGE_LOOP('',(#2193,#2194,#2195,#2196,#2197,#2198,#2199,#2200,#2201,
#2202,#2203,#2204,#2205,#2206));
#441=EDGE_LOOP('',(#2207,#2208,#2209,#2210));
#442=EDGE_LOOP('',(#2211));
#443=EDGE_LOOP('',(#2212,#2213,#2214,#2215));
#444=EDGE_LOOP('',(#2216,#2217,#2218,#2219));
#445=EDGE_LOOP('',(#2220,#2221,#2222,#2223));
#446=EDGE_LOOP('',(#2224,#2225,#2226,#2227));
#447=EDGE_LOOP('',(#2228));
#448=EDGE_LOOP('',(#2229,#2230,#2231,#2232));
#449=EDGE_LOOP('',(#2233,#2234,#2235,#2236));
#450=EDGE_LOOP('',(#2237,#2238,#2239,#2240));
#451=EDGE_LOOP('',(#2241));
#452=EDGE_LOOP('',(#2242,#2243,#2244,#2245));
#453=EDGE_LOOP('',(#2246));
#454=EDGE_LOOP('',(#2247,#2248,#2249,#2250));
#455=EDGE_LOOP('',(#2251));
#456=EDGE_LOOP('',(#2252,#2253,#2254,#2255));
#457=EDGE_LOOP('',(#2256));
#458=EDGE_LOOP('',(#2257,#2258,#2259,#2260));
#459=EDGE_LOOP('',(#2261,#2262,#2263,#2264));
#460=EDGE_LOOP('',(#2265,#2266,#2267,#2268));
#461=EDGE_LOOP('',(#2269,#2270,#2271,#2272));
#462=EDGE_LOOP('',(#2273,#2274,#2275,#2276));
#463=EDGE_LOOP('',(#2277,#2278,#2279,#2280,#2281,#2282,#2283,#2284,#2285,
#2286,#2287,#2288,#2289,#2290,#2291,#2292));
#464=EDGE_LOOP('',(#2293));
#465=EDGE_LOOP('',(#2294));
#466=EDGE_LOOP('',(#2295));
#467=EDGE_LOOP('',(#2296));
#468=EDGE_LOOP('',(#2297));
#469=EDGE_LOOP('',(#2298));
#470=EDGE_LOOP('',(#2299));
#471=EDGE_LOOP('',(#2300));
#472=EDGE_LOOP('',(#2301,#2302,#2303,#2304));
#473=EDGE_LOOP('',(#2305,#2306,#2307,#2308));
#474=EDGE_LOOP('',(#2309,#2310,#2311,#2312));
#475=EDGE_LOOP('',(#2313,#2314,#2315,#2316));
#476=EDGE_LOOP('',(#2317,#2318,#2319,#2320));
#477=EDGE_LOOP('',(#2321,#2322,#2323,#2324));
#478=EDGE_LOOP('',(#2325,#2326,#2327,#2328));
#479=EDGE_LOOP('',(#2329,#2330,#2331,#2332));
#480=EDGE_LOOP('',(#2333,#2334,#2335,#2336));
#481=EDGE_LOOP('',(#2337,#2338,#2339,#2340));
#482=EDGE_LOOP('',(#2341,#2342,#2343,#2344,#2345,#2346));
#483=EDGE_LOOP('',(#2347,#2348,#2349,#2350,#2351,#2352));
#484=EDGE_LOOP('',(#2353,#2354,#2355,#2356));
#485=EDGE_LOOP('',(#2357,#2358,#2359,#2360));
#486=LINE('',#3534,#701);
#487=LINE('',#3537,#702);
#488=LINE('',#3540,#703);
#489=LINE('',#3542,#704);
#490=LINE('',#3543,#705);
#491=LINE('',#3548,#706);
#492=LINE('',#3555,#707);
#493=LINE('',#3557,#708);
#494=LINE('',#3560,#709);
#495=LINE('',#3565,#710);
#496=LINE('',#3572,#711);
#497=LINE('',#3574,#712);
#498=LINE('',#3580,#713);
#499=LINE('',#3582,#714);
#500=LINE('',#3583,#715);
#501=LINE('',#3594,#716);
#502=LINE('',#3596,#717);
#503=LINE('',#3598,#718);
#504=LINE('',#3600,#719);
#505=LINE('',#3602,#720);
#506=LINE('',#3604,#721);
#507=LINE('',#3606,#722);
#508=LINE('',#3608,#723);
#509=LINE('',#3610,#724);
#510=LINE('',#3612,#725);
#511=LINE('',#3614,#726);
#512=LINE('',#3616,#727);
#513=LINE('',#3618,#728);
#514=LINE('',#3620,#729);
#515=LINE('',#3622,#730);
#516=LINE('',#3626,#731);
#517=LINE('',#3628,#732);
#518=LINE('',#3633,#733);
#519=LINE('',#3634,#734);
#520=LINE('',#3635,#735);
#521=LINE('',#3638,#736);
#522=LINE('',#3639,#737);
#523=LINE('',#3642,#738);
#524=LINE('',#3643,#739);
#525=LINE('',#3646,#740);
#526=LINE('',#3647,#741);
#527=LINE('',#3650,#742);
#528=LINE('',#3651,#743);
#529=LINE('',#3654,#744);
#530=LINE('',#3655,#745);
#531=LINE('',#3658,#746);
#532=LINE('',#3659,#747);
#533=LINE('',#3662,#748);
#534=LINE('',#3664,#749);
#535=LINE('',#3665,#750);
#536=LINE('',#3667,#751);
#537=LINE('',#3669,#752);
#538=LINE('',#3670,#753);
#539=LINE('',#3672,#754);
#540=LINE('',#3673,#755);
#541=LINE('',#3676,#756);
#542=LINE('',#3677,#757);
#543=LINE('',#3679,#758);
#544=LINE('',#3680,#759);
#545=LINE('',#3682,#760);
#546=LINE('',#3685,#761);
#547=LINE('',#3686,#762);
#548=LINE('',#3688,#763);
#549=LINE('',#3692,#764);
#550=LINE('',#3696,#765);
#551=LINE('',#3700,#766);
#552=LINE('',#3704,#767);
#553=LINE('',#3706,#768);
#554=LINE('',#3708,#769);
#555=LINE('',#3710,#770);
#556=LINE('',#3712,#771);
#557=LINE('',#3716,#772);
#558=LINE('',#3720,#773);
#559=LINE('',#3724,#774);
#560=LINE('',#3728,#775);
#561=LINE('',#3732,#776);
#562=LINE('',#3736,#777);
#563=LINE('',#3740,#778);
#564=LINE('',#3744,#779);
#565=LINE('',#3747,#780);
#566=LINE('',#3750,#781);
#567=LINE('',#3752,#782);
#568=LINE('',#3753,#783);
#569=LINE('',#3793,#784);
#570=LINE('',#3807,#785);
#571=LINE('',#3846,#786);
#572=LINE('',#3897,#787);
#573=LINE('',#3965,#788);
#574=LINE('',#3970,#789);
#575=LINE('',#3978,#790);
#576=LINE('',#3989,#791);
#577=LINE('',#4006,#792);
#578=LINE('',#4013,#793);
#579=LINE('',#4020,#794);
#580=LINE('',#4027,#795);
#581=LINE('',#4069,#796);
#582=LINE('',#4073,#797);
#583=LINE('',#4109,#798);
#584=LINE('',#4149,#799);
#585=LINE('',#4153,#800);
#586=LINE('',#4193,#801);
#587=LINE('',#4197,#802);
#588=LINE('',#4206,#803);
#589=LINE('',#4212,#804);
#590=LINE('',#4218,#805);
#591=LINE('',#4224,#806);
#592=LINE('',#4245,#807);
#593=LINE('',#4247,#808);
#594=LINE('',#4249,#809);
#595=LINE('',#4250,#810);
#596=LINE('',#4258,#811);
#597=LINE('',#4280,#812);
#598=LINE('',#4307,#813);
#599=LINE('',#4309,#814);
#600=LINE('',#4311,#815);
#601=LINE('',#4313,#816);
#602=LINE('',#4315,#817);
#603=LINE('',#4317,#818);
#604=LINE('',#4318,#819);
#605=LINE('',#4320,#820);
#606=LINE('',#4325,#821);
#607=LINE('',#4328,#822);
#608=LINE('',#4332,#823);
#609=LINE('',#4339,#824);
#610=LINE('',#4342,#825);
#611=LINE('',#4345,#826);
#612=LINE('',#4348,#827);
#613=LINE('',#4354,#828);
#614=LINE('',#4357,#829);
#615=LINE('',#4360,#830);
#616=LINE('',#4362,#831);
#617=LINE('',#4363,#832);
#618=LINE('',#4368,#833);
#619=LINE('',#4371,#834);
#620=LINE('',#4373,#835);
#621=LINE('',#4374,#836);
#622=LINE('',#4376,#837);
#623=LINE('',#4378,#838);
#624=LINE('',#4380,#839);
#625=LINE('',#4381,#840);
#626=LINE('',#4385,#841);
#627=LINE('',#4386,#842);
#628=LINE('',#4388,#843);
#629=LINE('',#4389,#844);
#630=LINE('',#4391,#845);
#631=LINE('',#4392,#846);
#632=LINE('',#4394,#847);
#633=LINE('',#4396,#848);
#634=LINE('',#4397,#849);
#635=LINE('',#4400,#850);
#636=LINE('',#4404,#851);
#637=LINE('',#4408,#852);
#638=LINE('',#4417,#853);
#639=LINE('',#4421,#854);
#640=LINE('',#4425,#855);
#641=LINE('',#4429,#856);
#642=LINE('',#4433,#857);
#643=LINE('',#4435,#858);
#644=LINE('',#4441,#859);
#645=LINE('',#4443,#860);
#646=LINE('',#4445,#861);
#647=LINE('',#4447,#862);
#648=LINE('',#4449,#863);
#649=LINE('',#4452,#864);
#650=LINE('',#4454,#865);
#651=LINE('',#4457,#866);
#652=LINE('',#4459,#867);
#653=LINE('',#4461,#868);
#654=LINE('',#4463,#869);
#655=LINE('',#4465,#870);
#656=LINE('',#4467,#871);
#657=LINE('',#4469,#872);
#658=LINE('',#4471,#873);
#659=LINE('',#4473,#874);
#660=LINE('',#4475,#875);
#661=LINE('',#4477,#876);
#662=LINE('',#4479,#877);
#663=LINE('',#4484,#878);
#664=LINE('',#4489,#879);
#665=LINE('',#4494,#880);
#666=LINE('',#4498,#881);
#667=LINE('',#4500,#882);
#668=LINE('',#4502,#883);
#669=LINE('',#4504,#884);
#670=LINE('',#4505,#885);
#671=LINE('',#4510,#886);
#672=LINE('',#4511,#887);
#673=LINE('',#4518,#888);
#674=LINE('',#4519,#889);
#675=LINE('',#4521,#890);
#676=LINE('',#4523,#891);
#677=LINE('',#4526,#892);
#678=LINE('',#4528,#893);
#679=LINE('',#4534,#894);
#680=LINE('',#4535,#895);
#681=LINE('',#4539,#896);
#682=LINE('',#4541,#897);
#683=LINE('',#4548,#898);
#684=LINE('',#4555,#899);
#685=LINE('',#4562,#900);
#686=LINE('',#4569,#901);
#687=LINE('',#4573,#902);
#688=LINE('',#4574,#903);
#689=LINE('',#4575,#904);
#690=LINE('',#4578,#905);
#691=LINE('',#4579,#906);
#692=LINE('',#4581,#907);
#693=LINE('',#5194,#908);
#694=LINE('',#5196,#909);
#695=LINE('',#5198,#910);
#696=LINE('',#5200,#911);
#697=LINE('',#5202,#912);
#698=LINE('',#5204,#913);
#699=LINE('',#5206,#914);
#700=LINE('',#5214,#915);
#701=VECTOR('',#2819,10.);
#702=VECTOR('',#2822,10.);
#703=VECTOR('',#2825,10.);
#704=VECTOR('',#2826,10.);
#705=VECTOR('',#2827,10.);
#706=VECTOR('',#2832,10.);
#707=VECTOR('',#2839,10.);
#708=VECTOR('',#2840,10.);
#709=VECTOR('',#2843,10.);
#710=VECTOR('',#2848,10.);
#711=VECTOR('',#2855,10.);
#712=VECTOR('',#2858,10.);
#713=VECTOR('',#2867,10.);
#714=VECTOR('',#2868,10.);
#715=VECTOR('',#2869,10.);
#716=VECTOR('',#2882,10.);
#717=VECTOR('',#2883,10.);
#718=VECTOR('',#2884,10.);
#719=VECTOR('',#2885,10.);
#720=VECTOR('',#2886,10.);
#721=VECTOR('',#2887,10.);
#722=VECTOR('',#2888,10.);
#723=VECTOR('',#2889,10.);
#724=VECTOR('',#2890,10.);
#725=VECTOR('',#2891,10.);
#726=VECTOR('',#2892,10.);
#727=VECTOR('',#2893,10.);
#728=VECTOR('',#2894,10.);
#729=VECTOR('',#2895,10.);
#730=VECTOR('',#2896,10.);
#731=VECTOR('',#2899,10.);
#732=VECTOR('',#2900,10.);
#733=VECTOR('',#2905,10.);
#734=VECTOR('',#2906,10.);
#735=VECTOR('',#2907,10.);
#736=VECTOR('',#2910,10.);
#737=VECTOR('',#2911,10.);
#738=VECTOR('',#2914,10.);
#739=VECTOR('',#2915,10.);
#740=VECTOR('',#2918,10.);
#741=VECTOR('',#2919,10.);
#742=VECTOR('',#2922,10.);
#743=VECTOR('',#2923,10.);
#744=VECTOR('',#2926,10.);
#745=VECTOR('',#2927,10.);
#746=VECTOR('',#2930,10.);
#747=VECTOR('',#2931,10.);
#748=VECTOR('',#2934,10.);
#749=VECTOR('',#2935,10.);
#750=VECTOR('',#2936,10.);
#751=VECTOR('',#2937,10.);
#752=VECTOR('',#2938,10.);
#753=VECTOR('',#2939,10.);
#754=VECTOR('',#2940,10.);
#755=VECTOR('',#2941,10.);
#756=VECTOR('',#2944,10.);
#757=VECTOR('',#2945,10.);
#758=VECTOR('',#2948,10.);
#759=VECTOR('',#2949,10.);
#760=VECTOR('',#2952,10.);
#761=VECTOR('',#2955,10.);
#762=VECTOR('',#2956,10.);
#763=VECTOR('',#2959,10.);
#764=VECTOR('',#2964,1.4);
#765=VECTOR('',#2969,10.);
#766=VECTOR('',#2972,10.);
#767=VECTOR('',#2975,10.);
#768=VECTOR('',#2976,10.);
#769=VECTOR('',#2977,10.);
#770=VECTOR('',#2978,10.);
#771=VECTOR('',#2979,10.);
#772=VECTOR('',#2982,10.);
#773=VECTOR('',#2985,10.);
#774=VECTOR('',#2988,10.);
#775=VECTOR('',#2991,10.);
#776=VECTOR('',#2994,10.);
#777=VECTOR('',#2997,10.);
#778=VECTOR('',#3000,10.);
#779=VECTOR('',#3003,10.);
#780=VECTOR('',#3006,10.);
#781=VECTOR('',#3009,10.);
#782=VECTOR('',#3010,10.);
#783=VECTOR('',#3011,10.);
#784=VECTOR('',#3012,10.);
#785=VECTOR('',#3013,10.);
#786=VECTOR('',#3014,10.);
#787=VECTOR('',#3015,10.);
#788=VECTOR('',#3016,10.);
#789=VECTOR('',#3017,10.);
#790=VECTOR('',#3018,10.);
#791=VECTOR('',#3019,10.);
#792=VECTOR('',#3024,3.09000001490116);
#793=VECTOR('',#3033,3.09000001490116);
#794=VECTOR('',#3042,3.09000001490116);
#795=VECTOR('',#3051,3.09000001490116);
#796=VECTOR('',#3070,1.1);
#797=VECTOR('',#3075,1.6);
#798=VECTOR('',#3086,1.1);
#799=VECTOR('',#3101,1.1);
#800=VECTOR('',#3106,1.6);
#801=VECTOR('',#3121,1.1);
#802=VECTOR('',#3126,1.6);
#803=VECTOR('',#3139,1.6);
#804=VECTOR('',#3146,1.6);
#805=VECTOR('',#3153,1.6);
#806=VECTOR('',#3160,1.6);
#807=VECTOR('',#3185,10.);
#808=VECTOR('',#3186,10.);
#809=VECTOR('',#3187,10.);
#810=VECTOR('',#3188,10.);
#811=VECTOR('',#3189,10.);
#812=VECTOR('',#3190,10.);
#813=VECTOR('',#3191,10.);
#814=VECTOR('',#3194,10.);
#815=VECTOR('',#3195,10.);
#816=VECTOR('',#3196,10.);
#817=VECTOR('',#3197,10.);
#818=VECTOR('',#3198,10.);
#819=VECTOR('',#3199,10.);
#820=VECTOR('',#3202,10.);
#821=VECTOR('',#3207,10.);
#822=VECTOR('',#3210,10.);
#823=VECTOR('',#3213,10.);
#824=VECTOR('',#3220,10.);
#825=VECTOR('',#3223,10.);
#826=VECTOR('',#3226,10.);
#827=VECTOR('',#3229,10.);
#828=VECTOR('',#3234,10.);
#829=VECTOR('',#3237,10.);
#830=VECTOR('',#3240,10.);
#831=VECTOR('',#3241,10.);
#832=VECTOR('',#3242,10.);
#833=VECTOR('',#3247,10.);
#834=VECTOR('',#3252,10.);
#835=VECTOR('',#3253,10.);
#836=VECTOR('',#3254,10.);
#837=VECTOR('',#3255,10.);
#838=VECTOR('',#3256,10.);
#839=VECTOR('',#3257,10.);
#840=VECTOR('',#3258,10.);
#841=VECTOR('',#3261,10.);
#842=VECTOR('',#3262,10.);
#843=VECTOR('',#3263,10.);
#844=VECTOR('',#3264,10.);
#845=VECTOR('',#3265,10.);
#846=VECTOR('',#3266,10.);
#847=VECTOR('',#3267,10.);
#848=VECTOR('',#3268,10.);
#849=VECTOR('',#3269,10.);
#850=VECTOR('',#3272,10.);
#851=VECTOR('',#3275,10.);
#852=VECTOR('',#3278,10.);
#853=VECTOR('',#3287,10.);
#854=VECTOR('',#3290,10.);
#855=VECTOR('',#3293,10.);
#856=VECTOR('',#3296,10.);
#857=VECTOR('',#3299,10.);
#858=VECTOR('',#3302,10.);
#859=VECTOR('',#3309,10.);
#860=VECTOR('',#3312,10.);
#861=VECTOR('',#3315,10.);
#862=VECTOR('',#3318,10.);
#863=VECTOR('',#3321,10.);
#864=VECTOR('',#3326,10.);
#865=VECTOR('',#3329,10.);
#866=VECTOR('',#3334,10.);
#867=VECTOR('',#3337,10.);
#868=VECTOR('',#3340,10.);
#869=VECTOR('',#3343,10.);
#870=VECTOR('',#3346,10.);
#871=VECTOR('',#3349,10.);
#872=VECTOR('',#3352,10.);
#873=VECTOR('',#3355,10.);
#874=VECTOR('',#3358,10.);
#875=VECTOR('',#3361,10.);
#876=VECTOR('',#3364,10.);
#877=VECTOR('',#3367,10.);
#878=VECTOR('',#3374,1.4);
#879=VECTOR('',#3381,1.4);
#880=VECTOR('',#3388,1.4);
#881=VECTOR('',#3393,10.);
#882=VECTOR('',#3394,10.);
#883=VECTOR('',#3395,10.);
#884=VECTOR('',#3396,10.);
#885=VECTOR('',#3397,10.);
#886=VECTOR('',#3402,10.);
#887=VECTOR('',#3403,10.);
#888=VECTOR('',#3410,10.);
#889=VECTOR('',#3411,10.);
#890=VECTOR('',#3414,10.);
#891=VECTOR('',#3417,10.);
#892=VECTOR('',#3420,10.);
#893=VECTOR('',#3421,9.99999999999999);
#894=VECTOR('',#3428,10.);
#895=VECTOR('',#3429,10.);
#896=VECTOR('',#3434,10.);
#897=VECTOR('',#3437,9.99999999999999);
#898=VECTOR('',#3446,3.25);
#899=VECTOR('',#3455,3.25);
#900=VECTOR('',#3464,3.25);
#901=VECTOR('',#3473,3.25);
#902=VECTOR('',#3476,10.);
#903=VECTOR('',#3477,10.);
#904=VECTOR('',#3478,10.);
#905=VECTOR('',#3481,10.);
#906=VECTOR('',#3482,10.);
#907=VECTOR('',#3485,10.);
#908=VECTOR('',#3506,3.25);
#909=VECTOR('',#3509,3.25);
#910=VECTOR('',#3512,3.25);
#911=VECTOR('',#3515,3.25);
#912=VECTOR('',#3518,1.4);
#913=VECTOR('',#3521,1.4);
#914=VECTOR('',#3524,10.);
#915=VECTOR('',#3527,10.);
#916=CIRCLE('',#2565,18.8171369979433);
#917=CIRCLE('',#2566,18.8171369979433);
#918=CIRCLE('',#2569,16.55714925315);
#919=CIRCLE('',#2570,16.55714925315);
#920=CIRCLE('',#2572,16.8171369979437);
#921=CIRCLE('',#2573,16.8171369979437);
#922=CIRCLE('',#2575,1.6);
#923=CIRCLE('',#2576,1.6);
#924=CIRCLE('',#2578,16.8171369979437);
#925=CIRCLE('',#2579,16.8171369979437);
#926=CIRCLE('',#2581,0.999999999999523);
#927=CIRCLE('',#2582,0.999999999999523);
#928=CIRCLE('',#2585,1.6);
#929=CIRCLE('',#2586,1.6);
#930=CIRCLE('',#2587,1.6);
#931=CIRCLE('',#2589,1.4);
#932=CIRCLE('',#2590,1.67);
#933=CIRCLE('',#2591,1.4);
#934=CIRCLE('',#2606,1.4);
#935=CIRCLE('',#2607,1.4);
#936=CIRCLE('',#2609,3.0544);
#937=CIRCLE('',#2610,1.67);
#938=CIRCLE('',#2611,1.67000000000001);
#939=CIRCLE('',#2612,3.0544);
#940=CIRCLE('',#2613,1.67);
#941=CIRCLE('',#2614,1.67);
#942=CIRCLE('',#2615,3.0544);
#943=CIRCLE('',#2616,1.67);
#944=CIRCLE('',#2617,1.67);
#945=CIRCLE('',#2618,3.05440000000001);
#946=CIRCLE('',#2619,1.66999999999999);
#947=CIRCLE('',#2622,2.34000001490116);
#948=CIRCLE('',#2623,3.84000001490116);
#949=CIRCLE('',#2626,2.34000001490116);
#950=CIRCLE('',#2627,3.84000001490116);
#951=CIRCLE('',#2630,2.34000001490116);
#952=CIRCLE('',#2631,3.84000001490116);
#953=CIRCLE('',#2634,2.34000001490116);
#954=CIRCLE('',#2635,3.84000001490116);
#955=CIRCLE('',#2637,1.6);
#956=CIRCLE('',#2638,0.999999999998143);
#957=CIRCLE('',#2639,1.30710678118655);
#958=CIRCLE('',#2640,1.30710678118655);
#959=CIRCLE('',#2641,1.6);
#960=CIRCLE('',#2643,0.600000000000005);
#961=CIRCLE('',#2645,1.6);
#962=CIRCLE('',#2646,0.999999999998235);
#963=CIRCLE('',#2647,1.30710678118655);
#964=CIRCLE('',#2648,1.30710678118655);
#965=CIRCLE('',#2650,0.600000000000005);
#966=CIRCLE('',#2651,1.6);
#967=CIRCLE('',#2652,0.999999999998062);
#968=CIRCLE('',#2653,1.30710678118655);
#969=CIRCLE('',#2654,1.30710678118655);
#970=CIRCLE('',#2655,1.6);
#971=CIRCLE('',#2657,0.599999999999996);
#972=CIRCLE('',#2659,1.6);
#973=CIRCLE('',#2660,1.6);
#974=CIRCLE('',#2661,0.999999999998049);
#975=CIRCLE('',#2662,1.30710678118655);
#976=CIRCLE('',#2663,1.30710678118655);
#977=CIRCLE('',#2664,1.6);
#978=CIRCLE('',#2666,0.599999999999996);
#979=CIRCLE('',#2668,1.6);
#980=CIRCLE('',#2674,1.6);
#981=CIRCLE('',#2675,1.6);
#982=CIRCLE('',#2677,1.6);
#983=CIRCLE('',#2678,1.6);
#984=CIRCLE('',#2680,1.6);
#985=CIRCLE('',#2681,1.6);
#986=CIRCLE('',#2683,1.6);
#987=CIRCLE('',#2684,1.6);
#988=CIRCLE('',#2686,3.25);
#989=CIRCLE('',#2688,3.25);
#990=CIRCLE('',#2690,3.25);
#991=CIRCLE('',#2692,3.25);
#992=CIRCLE('',#2694,1.4);
#993=CIRCLE('',#2695,1.4);
#994=CIRCLE('',#2699,1.67);
#995=CIRCLE('',#2700,2.94);
#996=CIRCLE('',#2701,1.67);
#997=CIRCLE('',#2702,3.0544);
#998=CIRCLE('',#2704,2.94000000000001);
#999=CIRCLE('',#2705,2.94000000000001);
#1000=CIRCLE('',#2707,2.94);
#1001=CIRCLE('',#2709,2.94);
#1002=CIRCLE('',#2710,2.94);
#1003=CIRCLE('',#2713,2.94);
#1004=CIRCLE('',#2714,2.94);
#1005=CIRCLE('',#2718,1.67);
#1006=CIRCLE('',#2719,3.0544);
#1007=CIRCLE('',#2720,1.67000000000001);
#1008=CIRCLE('',#2721,1.4);
#1009=CIRCLE('',#2723,1.66999999999999);
#1010=CIRCLE('',#2724,3.05440000000001);
#1011=CIRCLE('',#2725,1.67);
#1012=CIRCLE('',#2726,1.67);
#1013=CIRCLE('',#2727,3.0544);
#1014=CIRCLE('',#2728,1.67);
#1015=CIRCLE('',#2729,1.4);
#1016=CIRCLE('',#2730,1.4);
#1017=CIRCLE('',#2753,1.4);
#1018=CIRCLE('',#2756,1.4);
#1019=CIRCLE('',#2759,1.4);
#1020=CIRCLE('',#2764,4.4);
#1021=CIRCLE('',#2765,1.4);
#1022=CIRCLE('',#2767,4.4);
#1023=CIRCLE('',#2771,4.4);
#1024=CIRCLE('',#2772,1.4);
#1025=CIRCLE('',#2775,4.4);
#1026=CIRCLE('',#2778,3.25);
#1027=CIRCLE('',#2780,3.25);
#1028=CIRCLE('',#2782,3.25);
#1029=CIRCLE('',#2784,3.25);
#1030=CIRCLE('',#2786,3.25);
#1031=CIRCLE('',#2788,3.25);
#1032=CIRCLE('',#2790,3.25);
#1033=CIRCLE('',#2792,3.25);
#1034=CIRCLE('',#2797,3.25);
#1035=CIRCLE('',#2798,3.25);
#1036=CIRCLE('',#2799,3.25);
#1037=CIRCLE('',#2800,3.25);
#1038=CIRCLE('',#2801,5.00000000000001);
#1039=CIRCLE('',#2802,5.);
#1040=CIRCLE('',#2803,5.);
#1041=CIRCLE('',#2804,5.00000000000002);
#1042=VERTEX_POINT('',#3530);
#1043=VERTEX_POINT('',#3531);
#1044=VERTEX_POINT('',#3533);
#1045=VERTEX_POINT('',#3535);
#1046=VERTEX_POINT('',#3539);
#1047=VERTEX_POINT('',#3541);
#1048=VERTEX_POINT('',#3545);
#1049=VERTEX_POINT('',#3547);
#1050=VERTEX_POINT('',#3551);
#1051=VERTEX_POINT('',#3552);
#1052=VERTEX_POINT('',#3554);
#1053=VERTEX_POINT('',#3556);
#1054=VERTEX_POINT('',#3558);
#1055=VERTEX_POINT('',#3562);
#1056=VERTEX_POINT('',#3564);
#1057=VERTEX_POINT('',#3568);
#1058=VERTEX_POINT('',#3569);
#1059=VERTEX_POINT('',#3571);
#1060=VERTEX_POINT('',#3579);
#1061=VERTEX_POINT('',#3581);
#1062=VERTEX_POINT('',#3586);
#1063=VERTEX_POINT('',#3590);
#1064=VERTEX_POINT('',#3591);
#1065=VERTEX_POINT('',#3593);
#1066=VERTEX_POINT('',#3595);
#1067=VERTEX_POINT('',#3597);
#1068=VERTEX_POINT('',#3599);
#1069=VERTEX_POINT('',#3601);
#1070=VERTEX_POINT('',#3603);
#1071=VERTEX_POINT('',#3605);
#1072=VERTEX_POINT('',#3607);
#1073=VERTEX_POINT('',#3609);
#1074=VERTEX_POINT('',#3611);
#1075=VERTEX_POINT('',#3613);
#1076=VERTEX_POINT('',#3615);
#1077=VERTEX_POINT('',#3617);
#1078=VERTEX_POINT('',#3619);
#1079=VERTEX_POINT('',#3621);
#1080=VERTEX_POINT('',#3623);
#1081=VERTEX_POINT('',#3625);
#1082=VERTEX_POINT('',#3627);
#1083=VERTEX_POINT('',#3631);
#1084=VERTEX_POINT('',#3632);
#1085=VERTEX_POINT('',#3637);
#1086=VERTEX_POINT('',#3641);
#1087=VERTEX_POINT('',#3645);
#1088=VERTEX_POINT('',#3649);
#1089=VERTEX_POINT('',#3653);
#1090=VERTEX_POINT('',#3657);
#1091=VERTEX_POINT('',#3661);
#1092=VERTEX_POINT('',#3663);
#1093=VERTEX_POINT('',#3666);
#1094=VERTEX_POINT('',#3668);
#1095=VERTEX_POINT('',#3671);
#1096=VERTEX_POINT('',#3675);
#1097=VERTEX_POINT('',#3684);
#1098=VERTEX_POINT('',#3690);
#1099=VERTEX_POINT('',#3695);
#1100=VERTEX_POINT('',#3697);
#1101=VERTEX_POINT('',#3699);
#1102=VERTEX_POINT('',#3701);
#1103=VERTEX_POINT('',#3703);
#1104=VERTEX_POINT('',#3705);
#1105=VERTEX_POINT('',#3707);
#1106=VERTEX_POINT('',#3709);
#1107=VERTEX_POINT('',#3711);
#1108=VERTEX_POINT('',#3713);
#1109=VERTEX_POINT('',#3715);
#1110=VERTEX_POINT('',#3717);
#1111=VERTEX_POINT('',#3719);
#1112=VERTEX_POINT('',#3721);
#1113=VERTEX_POINT('',#3723);
#1114=VERTEX_POINT('',#3725);
#1115=VERTEX_POINT('',#3727);
#1116=VERTEX_POINT('',#3729);
#1117=VERTEX_POINT('',#3731);
#1118=VERTEX_POINT('',#3733);
#1119=VERTEX_POINT('',#3735);
#1120=VERTEX_POINT('',#3737);
#1121=VERTEX_POINT('',#3739);
#1122=VERTEX_POINT('',#3741);
#1123=VERTEX_POINT('',#3743);
#1124=VERTEX_POINT('',#3745);
#1125=VERTEX_POINT('',#3749);
#1126=VERTEX_POINT('',#3751);
#1127=VERTEX_POINT('',#3778);
#1128=VERTEX_POINT('',#3779);
#1129=VERTEX_POINT('',#3792);
#1130=VERTEX_POINT('',#3794);
#1131=VERTEX_POINT('',#3832);
#1132=VERTEX_POINT('',#3845);
#1133=VERTEX_POINT('',#3883);
#1134=VERTEX_POINT('',#3896);
#1135=VERTEX_POINT('',#3964);
#1136=VERTEX_POINT('',#3966);
#1137=VERTEX_POINT('',#3977);
#1138=VERTEX_POINT('',#3988);
#1139=VERTEX_POINT('',#4003);
#1140=VERTEX_POINT('',#4005);
#1141=VERTEX_POINT('',#4010);
#1142=VERTEX_POINT('',#4012);
#1143=VERTEX_POINT('',#4017);
#1144=VERTEX_POINT('',#4019);
#1145=VERTEX_POINT('',#4024);
#1146=VERTEX_POINT('',#4026);
#1147=VERTEX_POINT('',#4057);
#1148=VERTEX_POINT('',#4058);
#1149=VERTEX_POINT('',#4060);
#1150=VERTEX_POINT('',#4062);
#1151=VERTEX_POINT('',#4067);
#1152=VERTEX_POINT('',#4071);
#1153=VERTEX_POINT('',#4101);
#1154=VERTEX_POINT('',#4103);
#1155=VERTEX_POINT('',#4107);
#1156=VERTEX_POINT('',#4137);
#1157=VERTEX_POINT('',#4138);
#1158=VERTEX_POINT('',#4140);
#1159=VERTEX_POINT('',#4142);
#1160=VERTEX_POINT('',#4147);
#1161=VERTEX_POINT('',#4151);
#1162=VERTEX_POINT('',#4181);
#1163=VERTEX_POINT('',#4182);
#1164=VERTEX_POINT('',#4184);
#1165=VERTEX_POINT('',#4186);
#1166=VERTEX_POINT('',#4191);
#1167=VERTEX_POINT('',#4195);
#1168=VERTEX_POINT('',#4203);
#1169=VERTEX_POINT('',#4205);
#1170=VERTEX_POINT('',#4209);
#1171=VERTEX_POINT('',#4211);
#1172=VERTEX_POINT('',#4215);
#1173=VERTEX_POINT('',#4217);
#1174=VERTEX_POINT('',#4221);
#1175=VERTEX_POINT('',#4223);
#1176=VERTEX_POINT('',#4227);
#1177=VERTEX_POINT('',#4230);
#1178=VERTEX_POINT('',#4233);
#1179=VERTEX_POINT('',#4236);
#1180=VERTEX_POINT('',#4239);
#1181=VERTEX_POINT('',#4241);
#1182=VERTEX_POINT('',#4243);
#1183=VERTEX_POINT('',#4244);
#1184=VERTEX_POINT('',#4246);
#1185=VERTEX_POINT('',#4248);
#1186=VERTEX_POINT('',#4257);
#1187=VERTEX_POINT('',#4259);
#1188=VERTEX_POINT('',#4287);
#1189=VERTEX_POINT('',#4310);
#1190=VERTEX_POINT('',#4312);
#1191=VERTEX_POINT('',#4314);
#1192=VERTEX_POINT('',#4316);
#1193=VERTEX_POINT('',#4322);
#1194=VERTEX_POINT('',#4324);
#1195=VERTEX_POINT('',#4326);
#1196=VERTEX_POINT('',#4329);
#1197=VERTEX_POINT('',#4331);
#1198=VERTEX_POINT('',#4335);
#1199=VERTEX_POINT('',#4336);
#1200=VERTEX_POINT('',#4338);
#1201=VERTEX_POINT('',#4340);
#1202=VERTEX_POINT('',#4344);
#1203=VERTEX_POINT('',#4346);
#1204=VERTEX_POINT('',#4350);
#1205=VERTEX_POINT('',#4351);
#1206=VERTEX_POINT('',#4353);
#1207=VERTEX_POINT('',#4355);
#1208=VERTEX_POINT('',#4359);
#1209=VERTEX_POINT('',#4361);
#1210=VERTEX_POINT('',#4365);
#1211=VERTEX_POINT('',#4367);
#1212=VERTEX_POINT('',#4372);
#1213=VERTEX_POINT('',#4375);
#1214=VERTEX_POINT('',#4377);
#1215=VERTEX_POINT('',#4379);
#1216=VERTEX_POINT('',#4383);
#1217=VERTEX_POINT('',#4384);
#1218=VERTEX_POINT('',#4387);
#1219=VERTEX_POINT('',#4390);
#1220=VERTEX_POINT('',#4393);
#1221=VERTEX_POINT('',#4395);
#1222=VERTEX_POINT('',#4399);
#1223=VERTEX_POINT('',#4401);
#1224=VERTEX_POINT('',#4403);
#1225=VERTEX_POINT('',#4405);
#1226=VERTEX_POINT('',#4407);
#1227=VERTEX_POINT('',#4410);
#1228=VERTEX_POINT('',#4413);
#1229=VERTEX_POINT('',#4414);
#1230=VERTEX_POINT('',#4416);
#1231=VERTEX_POINT('',#4418);
#1232=VERTEX_POINT('',#4420);
#1233=VERTEX_POINT('',#4422);
#1234=VERTEX_POINT('',#4424);
#1235=VERTEX_POINT('',#4426);
#1236=VERTEX_POINT('',#4428);
#1237=VERTEX_POINT('',#4430);
#1238=VERTEX_POINT('',#4432);
#1239=VERTEX_POINT('',#4436);
#1240=VERTEX_POINT('',#4438);
#1241=VERTEX_POINT('',#4481);
#1242=VERTEX_POINT('',#4486);
#1243=VERTEX_POINT('',#4491);
#1244=VERTEX_POINT('',#4497);
#1245=VERTEX_POINT('',#4499);
#1246=VERTEX_POINT('',#4501);
#1247=VERTEX_POINT('',#4503);
#1248=VERTEX_POINT('',#4507);
#1249=VERTEX_POINT('',#4508);
#1250=VERTEX_POINT('',#4512);
#1251=VERTEX_POINT('',#4515);
#1252=VERTEX_POINT('',#4516);
#1253=VERTEX_POINT('',#4525);
#1254=VERTEX_POINT('',#4527);
#1255=VERTEX_POINT('',#4530);
#1256=VERTEX_POINT('',#4533);
#1257=VERTEX_POINT('',#4537);
#1258=VERTEX_POINT('',#4543);
#1259=VERTEX_POINT('',#4546);
#1260=VERTEX_POINT('',#4550);
#1261=VERTEX_POINT('',#4553);
#1262=VERTEX_POINT('',#4557);
#1263=VERTEX_POINT('',#4560);
#1264=VERTEX_POINT('',#4564);
#1265=VERTEX_POINT('',#4567);
#1266=VERTEX_POINT('',#4571);
#1267=VERTEX_POINT('',#4572);
#1268=VERTEX_POINT('',#4577);
#1269=VERTEX_POINT('',#4583);
#1270=VERTEX_POINT('',#4584);
#1271=VERTEX_POINT('',#4605);
#1272=VERTEX_POINT('',#4626);
#1273=VERTEX_POINT('',#4666);
#1274=VERTEX_POINT('',#4668);
#1275=VERTEX_POINT('',#4670);
#1276=VERTEX_POINT('',#4672);
#1277=VERTEX_POINT('',#4794);
#1278=EDGE_CURVE('',#1042,#1043,#916,.T.);
#1279=EDGE_CURVE('',#1042,#1044,#486,.T.);
#1280=EDGE_CURVE('',#1044,#1045,#917,.T.);
#1281=EDGE_CURVE('',#1043,#1045,#487,.T.);
#1282=EDGE_CURVE('',#1046,#1042,#488,.T.);
#1283=EDGE_CURVE('',#1046,#1047,#489,.T.);
#1284=EDGE_CURVE('',#1047,#1044,#490,.T.);
#1285=EDGE_CURVE('',#1048,#1046,#918,.T.);
#1286=EDGE_CURVE('',#1048,#1049,#491,.T.);
#1287=EDGE_CURVE('',#1049,#1047,#919,.T.);
#1288=EDGE_CURVE('',#1050,#1051,#920,.T.);
#1289=EDGE_CURVE('',#1052,#1050,#492,.T.);
#1290=EDGE_CURVE('',#1052,#1053,#493,.T.);
#1291=EDGE_CURVE('',#1053,#1054,#921,.T.);
#1292=EDGE_CURVE('',#1051,#1054,#494,.T.);
#1293=EDGE_CURVE('',#1055,#1052,#922,.T.);
#1294=EDGE_CURVE('',#1055,#1056,#495,.T.);
#1295=EDGE_CURVE('',#1056,#1053,#923,.T.);
#1296=EDGE_CURVE('',#1057,#1058,#924,.T.);
#1297=EDGE_CURVE('',#1057,#1059,#496,.T.);
#1298=EDGE_CURVE('',#1059,#1056,#925,.T.);
#1299=EDGE_CURVE('',#1058,#1055,#497,.T.);
#1300=EDGE_CURVE('',#1043,#1057,#926,.T.);
#1301=EDGE_CURVE('',#1045,#1059,#927,.T.);
#1302=EDGE_CURVE('',#1060,#1049,#498,.T.);
#1303=EDGE_CURVE('',#1061,#1060,#499,.T.);
#1304=EDGE_CURVE('',#1054,#1061,#500,.T.);
#1305=EDGE_CURVE('',#1058,#1050,#928,.T.);
#1306=EDGE_CURVE('',#1062,#1055,#929,.T.);
#1307=EDGE_CURVE('',#1052,#1062,#930,.T.);
#1308=EDGE_CURVE('',#1063,#1064,#931,.T.);
#1309=EDGE_CURVE('',#1065,#1063,#501,.T.);
#1310=EDGE_CURVE('',#1066,#1065,#502,.T.);
#1311=EDGE_CURVE('',#1067,#1066,#503,.T.);
#1312=EDGE_CURVE('',#1068,#1067,#504,.T.);
#1313=EDGE_CURVE('',#1069,#1068,#505,.T.);
#1314=EDGE_CURVE('',#1070,#1069,#506,.T.);
#1315=EDGE_CURVE('',#1071,#1070,#507,.T.);
#1316=EDGE_CURVE('',#1072,#1071,#508,.T.);
#1317=EDGE_CURVE('',#1073,#1072,#509,.T.);
#1318=EDGE_CURVE('',#1074,#1073,#510,.T.);
#1319=EDGE_CURVE('',#1075,#1074,#511,.T.);
#1320=EDGE_CURVE('',#1076,#1075,#512,.T.);
#1321=EDGE_CURVE('',#1077,#1076,#513,.T.);
#1322=EDGE_CURVE('',#1078,#1077,#514,.T.);
#1323=EDGE_CURVE('',#1079,#1078,#515,.T.);
#1324=EDGE_CURVE('',#1080,#1079,#932,.T.);
#1325=EDGE_CURVE('',#1081,#1080,#516,.T.);
#1326=EDGE_CURVE('',#1082,#1081,#517,.T.);
#1327=EDGE_CURVE('',#1064,#1082,#933,.T.);
#1328=EDGE_CURVE('',#1083,#1084,#518,.T.);
#1329=EDGE_CURVE('',#1083,#1071,#519,.T.);
#1330=EDGE_CURVE('',#1084,#1070,#520,.T.);
#1331=EDGE_CURVE('',#1085,#1083,#521,.T.);
#1332=EDGE_CURVE('',#1085,#1072,#522,.T.);
#1333=EDGE_CURVE('',#1086,#1085,#523,.T.);
#1334=EDGE_CURVE('',#1086,#1073,#524,.T.);
#1335=EDGE_CURVE('',#1087,#1086,#525,.T.);
#1336=EDGE_CURVE('',#1087,#1074,#526,.T.);
#1337=EDGE_CURVE('',#1088,#1087,#527,.T.);
#1338=EDGE_CURVE('',#1088,#1075,#528,.T.);
#1339=EDGE_CURVE('',#1089,#1088,#529,.T.);
#1340=EDGE_CURVE('',#1089,#1076,#530,.T.);
#1341=EDGE_CURVE('',#1090,#1089,#531,.T.);
#1342=EDGE_CURVE('',#1090,#1077,#532,.T.);
#1343=EDGE_CURVE('',#1091,#1063,#533,.T.);
#1344=EDGE_CURVE('',#1092,#1091,#534,.T.);
#1345=EDGE_CURVE('',#1082,#1092,#535,.T.);
#1346=EDGE_CURVE('',#1093,#1081,#536,.T.);
#1347=EDGE_CURVE('',#1094,#1093,#537,.T.);
#1348=EDGE_CURVE('',#1078,#1094,#538,.T.);
#1349=EDGE_CURVE('',#1095,#1090,#539,.T.);
#1350=EDGE_CURVE('',#1095,#1065,#540,.T.);
#1351=EDGE_CURVE('',#1096,#1095,#541,.T.);
#1352=EDGE_CURVE('',#1096,#1066,#542,.T.);
#1353=EDGE_CURVE('',#1051,#1096,#543,.T.);
#1354=EDGE_CURVE('',#1061,#1067,#544,.T.);
#1355=EDGE_CURVE('',#1060,#1068,#545,.T.);
#1356=EDGE_CURVE('',#1097,#1048,#546,.T.);
#1357=EDGE_CURVE('',#1097,#1069,#547,.T.);
#1358=EDGE_CURVE('',#1084,#1097,#548,.T.);
#1359=EDGE_CURVE('',#1098,#1098,#934,.T.);
#1360=EDGE_CURVE('',#1098,#1064,#549,.T.);
#1361=EDGE_CURVE('',#1092,#1091,#935,.T.);
#1362=EDGE_CURVE('',#1093,#1099,#550,.F.);
#1363=EDGE_CURVE('',#1099,#1100,#936,.F.);
#1364=EDGE_CURVE('',#1100,#1101,#551,.F.);
#1365=EDGE_CURVE('',#1101,#1102,#937,.F.);
#1366=EDGE_CURVE('',#1102,#1103,#552,.F.);
#1367=EDGE_CURVE('',#1104,#1103,#553,.T.);
#1368=EDGE_CURVE('',#1105,#1104,#554,.T.);
#1369=EDGE_CURVE('',#1105,#1106,#555,.F.);
#1370=EDGE_CURVE('',#1106,#1107,#556,.F.);
#1371=EDGE_CURVE('',#1107,#1108,#938,.F.);
#1372=EDGE_CURVE('',#1108,#1109,#557,.F.);
#1373=EDGE_CURVE('',#1109,#1110,#939,.F.);
#1374=EDGE_CURVE('',#1110,#1111,#558,.F.);
#1375=EDGE_CURVE('',#1111,#1112,#940,.F.);
#1376=EDGE_CURVE('',#1112,#1113,#559,.F.);
#1377=EDGE_CURVE('',#1113,#1114,#941,.F.);
#1378=EDGE_CURVE('',#1114,#1115,#560,.F.);
#1379=EDGE_CURVE('',#1115,#1116,#942,.F.);
#1380=EDGE_CURVE('',#1116,#1117,#561,.F.);
#1381=EDGE_CURVE('',#1117,#1118,#943,.F.);
#1382=EDGE_CURVE('',#1118,#1119,#562,.F.);
#1383=EDGE_CURVE('',#1119,#1120,#944,.F.);
#1384=EDGE_CURVE('',#1120,#1121,#563,.F.);
#1385=EDGE_CURVE('',#1121,#1122,#945,.F.);
#1386=EDGE_CURVE('',#1122,#1123,#564,.F.);
#1387=EDGE_CURVE('',#1123,#1124,#946,.F.);
#1388=EDGE_CURVE('',#1124,#1094,#565,.F.);
#1389=EDGE_CURVE('',#1125,#1080,#566,.T.);
#1390=EDGE_CURVE('',#1126,#1125,#567,.T.);
#1391=EDGE_CURVE('',#1126,#1099,#568,.T.);
#1392=EDGE_CURVE('',#1127,#1128,#73,.T.);
#1393=EDGE_CURVE('',#1129,#1127,#569,.T.);
#1394=EDGE_CURVE('',#1129,#1130,#74,.T.);
#1395=EDGE_CURVE('',#1130,#1128,#570,.T.);
#1396=EDGE_CURVE('',#1131,#1127,#75,.T.);
#1397=EDGE_CURVE('',#1132,#1131,#571,.T.);
#1398=EDGE_CURVE('',#1132,#1129,#76,.T.);
#1399=EDGE_CURVE('',#1133,#1131,#77,.T.);
#1400=EDGE_CURVE('',#1134,#1133,#572,.T.);
#1401=EDGE_CURVE('',#1134,#1132,#78,.T.);
#1402=EDGE_CURVE('',#1128,#1133,#79,.T.);
#1403=EDGE_CURVE('',#1130,#1134,#80,.T.);
#1404=EDGE_CURVE('',#1131,#1135,#573,.T.);
#1405=EDGE_CURVE('',#1136,#1135,#57,.T.);
#1406=EDGE_CURVE('',#1133,#1136,#574,.T.);
#1407=EDGE_CURVE('',#1127,#1137,#575,.T.);
#1408=EDGE_CURVE('',#1135,#1137,#58,.T.);
#1409=EDGE_CURVE('',#1138,#1128,#576,.T.);
#1410=EDGE_CURVE('',#1137,#1138,#59,.T.);
#1411=EDGE_CURVE('',#1138,#1136,#60,.T.);
#1412=EDGE_CURVE('',#1139,#1139,#947,.T.);
#1413=EDGE_CURVE('',#1139,#1140,#577,.T.);
#1414=EDGE_CURVE('',#1140,#1140,#948,.T.);
#1415=EDGE_CURVE('',#1141,#1141,#949,.T.);
#1416=EDGE_CURVE('',#1141,#1142,#578,.T.);
#1417=EDGE_CURVE('',#1142,#1142,#950,.T.);
#1418=EDGE_CURVE('',#1143,#1143,#951,.T.);
#1419=EDGE_CURVE('',#1143,#1144,#579,.T.);
#1420=EDGE_CURVE('',#1144,#1144,#952,.T.);
#1421=EDGE_CURVE('',#1145,#1145,#953,.T.);
#1422=EDGE_CURVE('',#1145,#1146,#580,.T.);
#1423=EDGE_CURVE('',#1146,#1146,#954,.T.);
#1424=EDGE_CURVE('',#1147,#1148,#955,.T.);
#1425=EDGE_CURVE('',#1148,#1149,#956,.T.);
#1426=EDGE_CURVE('',#1149,#1150,#957,.T.);
#1427=EDGE_CURVE('',#1150,#1149,#958,.T.);
#1428=EDGE_CURVE('',#1148,#1147,#959,.T.);
#1429=EDGE_CURVE('',#1151,#1151,#960,.T.);
#1430=EDGE_CURVE('',#1151,#1150,#581,.T.);
#1431=EDGE_CURVE('',#1152,#1152,#961,.T.);
#1432=EDGE_CURVE('',#1152,#1147,#582,.T.);
#1433=EDGE_CURVE('',#1062,#1153,#962,.T.);
#1434=EDGE_CURVE('',#1153,#1154,#963,.T.);
#1435=EDGE_CURVE('',#1154,#1153,#964,.T.);
#1436=EDGE_CURVE('',#1155,#1155,#965,.T.);
#1437=EDGE_CURVE('',#1155,#1154,#583,.T.);
#1438=EDGE_CURVE('',#1156,#1157,#966,.T.);
#1439=EDGE_CURVE('',#1157,#1158,#967,.T.);
#1440=EDGE_CURVE('',#1158,#1159,#968,.T.);
#1441=EDGE_CURVE('',#1159,#1158,#969,.T.);
#1442=EDGE_CURVE('',#1157,#1156,#970,.T.);
#1443=EDGE_CURVE('',#1160,#1160,#971,.T.);
#1444=EDGE_CURVE('',#1160,#1159,#584,.T.);
#1445=EDGE_CURVE('',#1161,#1161,#972,.T.);
#1446=EDGE_CURVE('',#1161,#1156,#585,.T.);
#1447=EDGE_CURVE('',#1162,#1163,#973,.T.);
#1448=EDGE_CURVE('',#1163,#1164,#974,.T.);
#1449=EDGE_CURVE('',#1164,#1165,#975,.T.);
#1450=EDGE_CURVE('',#1165,#1164,#976,.T.);
#1451=EDGE_CURVE('',#1163,#1162,#977,.T.);
#1452=EDGE_CURVE('',#1166,#1166,#978,.T.);
#1453=EDGE_CURVE('',#1166,#1165,#586,.T.);
#1454=EDGE_CURVE('',#1167,#1167,#979,.T.);
#1455=EDGE_CURVE('',#1167,#1162,#587,.T.);
#1456=EDGE_CURVE('',#1168,#1168,#980,.T.);
#1457=EDGE_CURVE('',#1168,#1169,#588,.T.);
#1458=EDGE_CURVE('',#1169,#1169,#981,.T.);
#1459=EDGE_CURVE('',#1170,#1170,#982,.T.);
#1460=EDGE_CURVE('',#1170,#1171,#589,.T.);
#1461=EDGE_CURVE('',#1171,#1171,#983,.T.);
#1462=EDGE_CURVE('',#1172,#1172,#984,.T.);
#1463=EDGE_CURVE('',#1172,#1173,#590,.T.);
#1464=EDGE_CURVE('',#1173,#1173,#985,.T.);
#1465=EDGE_CURVE('',#1174,#1174,#986,.T.);
#1466=EDGE_CURVE('',#1174,#1175,#591,.T.);
#1467=EDGE_CURVE('',#1175,#1175,#987,.T.);
#1468=EDGE_CURVE('',#1176,#1176,#988,.F.);
#1469=EDGE_CURVE('',#1177,#1177,#989,.F.);
#1470=EDGE_CURVE('',#1178,#1178,#990,.F.);
#1471=EDGE_CURVE('',#1179,#1179,#991,.F.);
#1472=EDGE_CURVE('',#1180,#1180,#992,.T.);
#1473=EDGE_CURVE('',#1181,#1181,#993,.T.);
#1474=EDGE_CURVE('',#1182,#1183,#592,.T.);
#1475=EDGE_CURVE('',#1183,#1184,#593,.T.);
#1476=EDGE_CURVE('',#1184,#1185,#594,.T.);
#1477=EDGE_CURVE('',#1185,#1182,#595,.T.);
#1478=EDGE_CURVE('',#1186,#1134,#596,.T.);
#1479=EDGE_CURVE('',#1187,#1186,#81,.T.);
#1480=EDGE_CURVE('',#1187,#1132,#597,.T.);
#1481=EDGE_CURVE('',#1188,#1187,#82,.T.);
#1482=EDGE_CURVE('',#1188,#1129,#598,.T.);
#1483=EDGE_CURVE('',#1182,#1103,#599,.T.);
#1484=EDGE_CURVE('',#1189,#1102,#600,.T.);
#1485=EDGE_CURVE('',#1190,#1189,#601,.T.);
#1486=EDGE_CURVE('',#1190,#1191,#602,.T.);
#1487=EDGE_CURVE('',#1192,#1191,#603,.T.);
#1488=EDGE_CURVE('',#1192,#1183,#604,.T.);
#1489=EDGE_CURVE('',#1104,#1185,#605,.T.);
#1490=EDGE_CURVE('',#1125,#1193,#994,.T.);
#1491=EDGE_CURVE('',#1193,#1194,#606,.T.);
#1492=EDGE_CURVE('',#1194,#1195,#995,.T.);
#1493=EDGE_CURVE('',#1195,#1190,#607,.T.);
#1494=EDGE_CURVE('',#1189,#1196,#996,.T.);
#1495=EDGE_CURVE('',#1196,#1197,#608,.T.);
#1496=EDGE_CURVE('',#1197,#1126,#997,.T.);
#1497=EDGE_CURVE('',#1198,#1199,#998,.T.);
#1498=EDGE_CURVE('',#1200,#1198,#609,.T.);
#1499=EDGE_CURVE('',#1201,#1200,#999,.T.);
#1500=EDGE_CURVE('',#1201,#1199,#610,.T.);
#1501=EDGE_CURVE('',#1202,#1194,#611,.T.);
#1502=EDGE_CURVE('',#1203,#1202,#1000,.T.);
#1503=EDGE_CURVE('',#1203,#1195,#612,.T.);
#1504=EDGE_CURVE('',#1204,#1205,#1001,.T.);
#1505=EDGE_CURVE('',#1206,#1204,#613,.T.);
#1506=EDGE_CURVE('',#1207,#1206,#1002,.T.);
#1507=EDGE_CURVE('',#1207,#1205,#614,.T.);
#1508=EDGE_CURVE('',#1208,#1204,#615,.T.);
#1509=EDGE_CURVE('',#1209,#1208,#616,.T.);
#1510=EDGE_CURVE('',#1206,#1209,#617,.T.);
#1511=EDGE_CURVE('',#1210,#1208,#1003,.T.);
#1512=EDGE_CURVE('',#1211,#1210,#618,.T.);
#1513=EDGE_CURVE('',#1209,#1211,#1004,.T.);
#1514=EDGE_CURVE('',#1200,#1203,#619,.T.);
#1515=EDGE_CURVE('',#1212,#1198,#620,.T.);
#1516=EDGE_CURVE('',#1212,#1106,#621,.T.);
#1517=EDGE_CURVE('',#1213,#1105,#622,.T.);
#1518=EDGE_CURVE('',#1214,#1213,#623,.T.);
#1519=EDGE_CURVE('',#1215,#1214,#624,.T.);
#1520=EDGE_CURVE('',#1191,#1215,#625,.T.);
#1521=EDGE_CURVE('',#1216,#1217,#626,.T.);
#1522=EDGE_CURVE('',#1211,#1217,#627,.T.);
#1523=EDGE_CURVE('',#1218,#1210,#628,.T.);
#1524=EDGE_CURVE('',#1218,#1113,#629,.T.);
#1525=EDGE_CURVE('',#1219,#1112,#630,.T.);
#1526=EDGE_CURVE('',#1199,#1219,#631,.T.);
#1527=EDGE_CURVE('',#1220,#1201,#632,.T.);
#1528=EDGE_CURVE('',#1220,#1221,#633,.T.);
#1529=EDGE_CURVE('',#1221,#1216,#634,.T.);
#1530=EDGE_CURVE('',#1222,#1212,#635,.T.);
#1531=EDGE_CURVE('',#1219,#1223,#1005,.T.);
#1532=EDGE_CURVE('',#1223,#1224,#636,.T.);
#1533=EDGE_CURVE('',#1224,#1225,#1006,.T.);
#1534=EDGE_CURVE('',#1225,#1226,#637,.T.);
#1535=EDGE_CURVE('',#1226,#1222,#1007,.T.);
#1536=EDGE_CURVE('',#1227,#1227,#1008,.T.);
#1537=EDGE_CURVE('',#1228,#1229,#1009,.T.);
#1538=EDGE_CURVE('',#1229,#1230,#638,.T.);
#1539=EDGE_CURVE('',#1230,#1231,#1010,.T.);
#1540=EDGE_CURVE('',#1231,#1232,#639,.T.);
#1541=EDGE_CURVE('',#1232,#1233,#1011,.T.);
#1542=EDGE_CURVE('',#1233,#1234,#640,.T.);
#1543=EDGE_CURVE('',#1234,#1235,#1012,.T.);
#1544=EDGE_CURVE('',#1235,#1236,#641,.T.);
#1545=EDGE_CURVE('',#1236,#1237,#1013,.T.);
#1546=EDGE_CURVE('',#1237,#1238,#642,.T.);
#1547=EDGE_CURVE('',#1238,#1218,#1014,.T.);
#1548=EDGE_CURVE('',#1205,#1228,#643,.T.);
#1549=EDGE_CURVE('',#1239,#1239,#1015,.T.);
#1550=EDGE_CURVE('',#1240,#1240,#1016,.T.);
#1551=EDGE_CURVE('',#1223,#1111,#644,.T.);
#1552=EDGE_CURVE('',#1224,#1110,#645,.T.);
#1553=EDGE_CURVE('',#1225,#1109,#646,.T.);
#1554=EDGE_CURVE('',#1226,#1108,#647,.T.);
#1555=EDGE_CURVE('',#1222,#1107,#648,.T.);
#1556=EDGE_CURVE('',#1196,#1101,#649,.T.);
#1557=EDGE_CURVE('',#1197,#1100,#650,.T.);
#1558=EDGE_CURVE('',#1238,#1114,#651,.T.);
#1559=EDGE_CURVE('',#1237,#1115,#652,.T.);
#1560=EDGE_CURVE('',#1236,#1116,#653,.T.);
#1561=EDGE_CURVE('',#1235,#1117,#654,.T.);
#1562=EDGE_CURVE('',#1234,#1118,#655,.T.);
#1563=EDGE_CURVE('',#1233,#1119,#656,.T.);
#1564=EDGE_CURVE('',#1232,#1120,#657,.T.);
#1565=EDGE_CURVE('',#1231,#1121,#658,.T.);
#1566=EDGE_CURVE('',#1230,#1122,#659,.T.);
#1567=EDGE_CURVE('',#1229,#1123,#660,.T.);
#1568=EDGE_CURVE('',#1228,#1124,#661,.T.);
#1569=EDGE_CURVE('',#1193,#1079,#662,.T.);
#1570=EDGE_CURVE('',#1241,#1241,#1017,.T.);
#1571=EDGE_CURVE('',#1240,#1241,#663,.T.);
#1572=EDGE_CURVE('',#1242,#1242,#1018,.T.);
#1573=EDGE_CURVE('',#1227,#1242,#664,.T.);
#1574=EDGE_CURVE('',#1243,#1243,#1019,.T.);
#1575=EDGE_CURVE('',#1239,#1243,#665,.T.);
#1576=EDGE_CURVE('',#1244,#1207,#666,.T.);
#1577=EDGE_CURVE('',#1244,#1245,#667,.T.);
#1578=EDGE_CURVE('',#1245,#1246,#668,.T.);
#1579=EDGE_CURVE('',#1246,#1247,#669,.T.);
#1580=EDGE_CURVE('',#1202,#1247,#670,.T.);
#1581=EDGE_CURVE('',#1248,#1249,#1020,.T.);
#1582=EDGE_CURVE('',#1246,#1248,#671,.T.);
#1583=EDGE_CURVE('',#1249,#1245,#672,.T.);
#1584=EDGE_CURVE('',#1250,#1250,#1021,.T.);
#1585=EDGE_CURVE('',#1251,#1252,#1022,.T.);
#1586=EDGE_CURVE('',#1251,#1248,#673,.T.);
#1587=EDGE_CURVE('',#1252,#1249,#674,.T.);
#1588=EDGE_CURVE('',#1252,#1244,#675,.T.);
#1589=EDGE_CURVE('',#1247,#1251,#676,.T.);
#1590=EDGE_CURVE('',#1216,#1253,#677,.T.);
#1591=EDGE_CURVE('',#1254,#1221,#678,.T.);
#1592=EDGE_CURVE('',#1253,#1254,#1023,.T.);
#1593=EDGE_CURVE('',#1255,#1255,#1024,.T.);
#1594=EDGE_CURVE('',#1217,#1256,#679,.T.);
#1595=EDGE_CURVE('',#1256,#1253,#680,.T.);
#1596=EDGE_CURVE('',#1256,#1257,#1025,.T.);
#1597=EDGE_CURVE('',#1257,#1254,#681,.T.);
#1598=EDGE_CURVE('',#1257,#1220,#682,.T.);
#1599=EDGE_CURVE('',#1258,#1258,#1026,.T.);
#1600=EDGE_CURVE('',#1259,#1259,#1027,.T.);
#1601=EDGE_CURVE('',#1259,#1258,#683,.T.);
#1602=EDGE_CURVE('',#1260,#1260,#1028,.T.);
#1603=EDGE_CURVE('',#1261,#1261,#1029,.T.);
#1604=EDGE_CURVE('',#1261,#1260,#684,.T.);
#1605=EDGE_CURVE('',#1262,#1262,#1030,.T.);
#1606=EDGE_CURVE('',#1263,#1263,#1031,.T.);
#1607=EDGE_CURVE('',#1263,#1262,#685,.T.);
#1608=EDGE_CURVE('',#1264,#1264,#1032,.T.);
#1609=EDGE_CURVE('',#1265,#1265,#1033,.T.);
#1610=EDGE_CURVE('',#1265,#1264,#686,.T.);
#1611=EDGE_CURVE('',#1266,#1267,#687,.T.);
#1612=EDGE_CURVE('',#1266,#1214,#688,.T.);
#1613=EDGE_CURVE('',#1213,#1267,#689,.T.);
#1614=EDGE_CURVE('',#1215,#1268,#690,.T.);
#1615=EDGE_CURVE('',#1268,#1266,#691,.T.);
#1616=EDGE_CURVE('',#1192,#1268,#692,.T.);
#1617=EDGE_CURVE('',#1269,#1270,#83,.T.);
#1618=EDGE_CURVE('',#1271,#1269,#84,.T.);
#1619=EDGE_CURVE('',#1272,#1271,#85,.T.);
#1620=EDGE_CURVE('',#1270,#1272,#86,.T.);
#1621=EDGE_CURVE('',#1273,#1273,#1034,.T.);
#1622=EDGE_CURVE('',#1274,#1274,#1035,.T.);
#1623=EDGE_CURVE('',#1275,#1275,#1036,.T.);
#1624=EDGE_CURVE('',#1276,#1276,#1037,.T.);
#1625=EDGE_CURVE('',#1277,#1269,#1038,.T.);
#1626=EDGE_CURVE('',#1277,#1188,#87,.T.);
#1627=EDGE_CURVE('',#1271,#1188,#1039,.T.);
#1628=EDGE_CURVE('',#1272,#1187,#1040,.T.);
#1629=EDGE_CURVE('',#1270,#1186,#1041,.T.);
#1630=EDGE_CURVE('',#1186,#1277,#88,.T.);
#1631=EDGE_CURVE('',#1276,#1179,#693,.T.);
#1632=EDGE_CURVE('',#1275,#1178,#694,.T.);
#1633=EDGE_CURVE('',#1274,#1177,#695,.T.);
#1634=EDGE_CURVE('',#1273,#1176,#696,.T.);
#1635=EDGE_CURVE('',#1255,#1181,#697,.T.);
#1636=EDGE_CURVE('',#1250,#1180,#698,.T.);
#1637=EDGE_CURVE('',#1267,#1184,#699,.T.);
#1638=EDGE_CURVE('',#1130,#1277,#700,.T.);
#1639=ORIENTED_EDGE('',*,*,#1278,.F.);
#1640=ORIENTED_EDGE('',*,*,#1279,.T.);
#1641=ORIENTED_EDGE('',*,*,#1280,.T.);
#1642=ORIENTED_EDGE('',*,*,#1281,.F.);
#1643=ORIENTED_EDGE('',*,*,#1282,.F.);
#1644=ORIENTED_EDGE('',*,*,#1283,.T.);
#1645=ORIENTED_EDGE('',*,*,#1284,.T.);
#1646=ORIENTED_EDGE('',*,*,#1279,.F.);
#1647=ORIENTED_EDGE('',*,*,#1285,.F.);
#1648=ORIENTED_EDGE('',*,*,#1286,.T.);
#1649=ORIENTED_EDGE('',*,*,#1287,.T.);
#1650=ORIENTED_EDGE('',*,*,#1283,.F.);
#1651=ORIENTED_EDGE('',*,*,#1288,.F.);
#1652=ORIENTED_EDGE('',*,*,#1289,.F.);
#1653=ORIENTED_EDGE('',*,*,#1290,.T.);
#1654=ORIENTED_EDGE('',*,*,#1291,.T.);
#1655=ORIENTED_EDGE('',*,*,#1292,.F.);
#1656=ORIENTED_EDGE('',*,*,#1293,.F.);
#1657=ORIENTED_EDGE('',*,*,#1294,.T.);
#1658=ORIENTED_EDGE('',*,*,#1295,.T.);
#1659=ORIENTED_EDGE('',*,*,#1290,.F.);
#1660=ORIENTED_EDGE('',*,*,#1296,.F.);
#1661=ORIENTED_EDGE('',*,*,#1297,.T.);
#1662=ORIENTED_EDGE('',*,*,#1298,.T.);
#1663=ORIENTED_EDGE('',*,*,#1294,.F.);
#1664=ORIENTED_EDGE('',*,*,#1299,.F.);
#1665=ORIENTED_EDGE('',*,*,#1300,.F.);
#1666=ORIENTED_EDGE('',*,*,#1281,.T.);
#1667=ORIENTED_EDGE('',*,*,#1301,.T.);
#1668=ORIENTED_EDGE('',*,*,#1297,.F.);
#1669=ORIENTED_EDGE('',*,*,#1301,.F.);
#1670=ORIENTED_EDGE('',*,*,#1280,.F.);
#1671=ORIENTED_EDGE('',*,*,#1284,.F.);
#1672=ORIENTED_EDGE('',*,*,#1287,.F.);
#1673=ORIENTED_EDGE('',*,*,#1302,.F.);
#1674=ORIENTED_EDGE('',*,*,#1303,.F.);
#1675=ORIENTED_EDGE('',*,*,#1304,.F.);
#1676=ORIENTED_EDGE('',*,*,#1291,.F.);
#1677=ORIENTED_EDGE('',*,*,#1295,.F.);
#1678=ORIENTED_EDGE('',*,*,#1298,.F.);
#1679=ORIENTED_EDGE('',*,*,#1289,.T.);
#1680=ORIENTED_EDGE('',*,*,#1305,.F.);
#1681=ORIENTED_EDGE('',*,*,#1299,.T.);
#1682=ORIENTED_EDGE('',*,*,#1306,.F.);
#1683=ORIENTED_EDGE('',*,*,#1307,.F.);
#1684=ORIENTED_EDGE('',*,*,#1308,.F.);
#1685=ORIENTED_EDGE('',*,*,#1309,.F.);
#1686=ORIENTED_EDGE('',*,*,#1310,.F.);
#1687=ORIENTED_EDGE('',*,*,#1311,.F.);
#1688=ORIENTED_EDGE('',*,*,#1312,.F.);
#1689=ORIENTED_EDGE('',*,*,#1313,.F.);
#1690=ORIENTED_EDGE('',*,*,#1314,.F.);
#1691=ORIENTED_EDGE('',*,*,#1315,.F.);
#1692=ORIENTED_EDGE('',*,*,#1316,.F.);
#1693=ORIENTED_EDGE('',*,*,#1317,.F.);
#1694=ORIENTED_EDGE('',*,*,#1318,.F.);
#1695=ORIENTED_EDGE('',*,*,#1319,.F.);
#1696=ORIENTED_EDGE('',*,*,#1320,.F.);
#1697=ORIENTED_EDGE('',*,*,#1321,.F.);
#1698=ORIENTED_EDGE('',*,*,#1322,.F.);
#1699=ORIENTED_EDGE('',*,*,#1323,.F.);
#1700=ORIENTED_EDGE('',*,*,#1324,.F.);
#1701=ORIENTED_EDGE('',*,*,#1325,.F.);
#1702=ORIENTED_EDGE('',*,*,#1326,.F.);
#1703=ORIENTED_EDGE('',*,*,#1327,.F.);
#1704=ORIENTED_EDGE('',*,*,#1328,.F.);
#1705=ORIENTED_EDGE('',*,*,#1329,.T.);
#1706=ORIENTED_EDGE('',*,*,#1315,.T.);
#1707=ORIENTED_EDGE('',*,*,#1330,.F.);
#1708=ORIENTED_EDGE('',*,*,#1331,.F.);
#1709=ORIENTED_EDGE('',*,*,#1332,.T.);
#1710=ORIENTED_EDGE('',*,*,#1316,.T.);
#1711=ORIENTED_EDGE('',*,*,#1329,.F.);
#1712=ORIENTED_EDGE('',*,*,#1333,.F.);
#1713=ORIENTED_EDGE('',*,*,#1334,.T.);
#1714=ORIENTED_EDGE('',*,*,#1317,.T.);
#1715=ORIENTED_EDGE('',*,*,#1332,.F.);
#1716=ORIENTED_EDGE('',*,*,#1335,.F.);
#1717=ORIENTED_EDGE('',*,*,#1336,.T.);
#1718=ORIENTED_EDGE('',*,*,#1318,.T.);
#1719=ORIENTED_EDGE('',*,*,#1334,.F.);
#1720=ORIENTED_EDGE('',*,*,#1337,.F.);
#1721=ORIENTED_EDGE('',*,*,#1338,.T.);
#1722=ORIENTED_EDGE('',*,*,#1319,.T.);
#1723=ORIENTED_EDGE('',*,*,#1336,.F.);
#1724=ORIENTED_EDGE('',*,*,#1339,.F.);
#1725=ORIENTED_EDGE('',*,*,#1340,.T.);
#1726=ORIENTED_EDGE('',*,*,#1320,.T.);
#1727=ORIENTED_EDGE('',*,*,#1338,.F.);
#1728=ORIENTED_EDGE('',*,*,#1341,.F.);
#1729=ORIENTED_EDGE('',*,*,#1342,.T.);
#1730=ORIENTED_EDGE('',*,*,#1321,.T.);
#1731=ORIENTED_EDGE('',*,*,#1340,.F.);
#1732=ORIENTED_EDGE('',*,*,#1343,.F.);
#1733=ORIENTED_EDGE('',*,*,#1344,.F.);
#1734=ORIENTED_EDGE('',*,*,#1345,.F.);
#1735=ORIENTED_EDGE('',*,*,#1326,.T.);
#1736=ORIENTED_EDGE('',*,*,#1346,.F.);
#1737=ORIENTED_EDGE('',*,*,#1347,.F.);
#1738=ORIENTED_EDGE('',*,*,#1348,.F.);
#1739=ORIENTED_EDGE('',*,*,#1322,.T.);
#1740=ORIENTED_EDGE('',*,*,#1342,.F.);
#1741=ORIENTED_EDGE('',*,*,#1349,.F.);
#1742=ORIENTED_EDGE('',*,*,#1350,.T.);
#1743=ORIENTED_EDGE('',*,*,#1309,.T.);
#1744=ORIENTED_EDGE('',*,*,#1351,.F.);
#1745=ORIENTED_EDGE('',*,*,#1352,.T.);
#1746=ORIENTED_EDGE('',*,*,#1310,.T.);
#1747=ORIENTED_EDGE('',*,*,#1350,.F.);
#1748=ORIENTED_EDGE('',*,*,#1353,.F.);
#1749=ORIENTED_EDGE('',*,*,#1292,.T.);
#1750=ORIENTED_EDGE('',*,*,#1304,.T.);
#1751=ORIENTED_EDGE('',*,*,#1354,.T.);
#1752=ORIENTED_EDGE('',*,*,#1311,.T.);
#1753=ORIENTED_EDGE('',*,*,#1352,.F.);
#1754=ORIENTED_EDGE('',*,*,#1303,.T.);
#1755=ORIENTED_EDGE('',*,*,#1355,.T.);
#1756=ORIENTED_EDGE('',*,*,#1312,.T.);
#1757=ORIENTED_EDGE('',*,*,#1354,.F.);
#1758=ORIENTED_EDGE('',*,*,#1356,.F.);
#1759=ORIENTED_EDGE('',*,*,#1357,.T.);
#1760=ORIENTED_EDGE('',*,*,#1313,.T.);
#1761=ORIENTED_EDGE('',*,*,#1355,.F.);
#1762=ORIENTED_EDGE('',*,*,#1302,.T.);
#1763=ORIENTED_EDGE('',*,*,#1286,.F.);
#1764=ORIENTED_EDGE('',*,*,#1358,.F.);
#1765=ORIENTED_EDGE('',*,*,#1330,.T.);
#1766=ORIENTED_EDGE('',*,*,#1314,.T.);
#1767=ORIENTED_EDGE('',*,*,#1357,.F.);
#1768=ORIENTED_EDGE('',*,*,#1359,.F.);
#1769=ORIENTED_EDGE('',*,*,#1360,.T.);
#1770=ORIENTED_EDGE('',*,*,#1327,.T.);
#1771=ORIENTED_EDGE('',*,*,#1345,.T.);
#1772=ORIENTED_EDGE('',*,*,#1361,.T.);
#1773=ORIENTED_EDGE('',*,*,#1343,.T.);
#1774=ORIENTED_EDGE('',*,*,#1308,.T.);
#1775=ORIENTED_EDGE('',*,*,#1360,.F.);
#1776=ORIENTED_EDGE('',*,*,#1347,.T.);
#1777=ORIENTED_EDGE('',*,*,#1362,.T.);
#1778=ORIENTED_EDGE('',*,*,#1363,.T.);
#1779=ORIENTED_EDGE('',*,*,#1364,.T.);
#1780=ORIENTED_EDGE('',*,*,#1365,.T.);
#1781=ORIENTED_EDGE('',*,*,#1366,.T.);
#1782=ORIENTED_EDGE('',*,*,#1367,.F.);
#1783=ORIENTED_EDGE('',*,*,#1368,.F.);
#1784=ORIENTED_EDGE('',*,*,#1369,.T.);
#1785=ORIENTED_EDGE('',*,*,#1370,.T.);
#1786=ORIENTED_EDGE('',*,*,#1371,.T.);
#1787=ORIENTED_EDGE('',*,*,#1372,.T.);
#1788=ORIENTED_EDGE('',*,*,#1373,.T.);
#1789=ORIENTED_EDGE('',*,*,#1374,.T.);
#1790=ORIENTED_EDGE('',*,*,#1375,.T.);
#1791=ORIENTED_EDGE('',*,*,#1376,.T.);
#1792=ORIENTED_EDGE('',*,*,#1377,.T.);
#1793=ORIENTED_EDGE('',*,*,#1378,.T.);
#1794=ORIENTED_EDGE('',*,*,#1379,.T.);
#1795=ORIENTED_EDGE('',*,*,#1380,.T.);
#1796=ORIENTED_EDGE('',*,*,#1381,.T.);
#1797=ORIENTED_EDGE('',*,*,#1382,.T.);
#1798=ORIENTED_EDGE('',*,*,#1383,.T.);
#1799=ORIENTED_EDGE('',*,*,#1384,.T.);
#1800=ORIENTED_EDGE('',*,*,#1385,.T.);
#1801=ORIENTED_EDGE('',*,*,#1386,.T.);
#1802=ORIENTED_EDGE('',*,*,#1387,.T.);
#1803=ORIENTED_EDGE('',*,*,#1388,.T.);
#1804=ORIENTED_EDGE('',*,*,#1346,.T.);
#1805=ORIENTED_EDGE('',*,*,#1325,.T.);
#1806=ORIENTED_EDGE('',*,*,#1389,.F.);
#1807=ORIENTED_EDGE('',*,*,#1390,.F.);
#1808=ORIENTED_EDGE('',*,*,#1391,.T.);
#1809=ORIENTED_EDGE('',*,*,#1362,.F.);
#1810=ORIENTED_EDGE('',*,*,#1392,.F.);
#1811=ORIENTED_EDGE('',*,*,#1393,.F.);
#1812=ORIENTED_EDGE('',*,*,#1394,.T.);
#1813=ORIENTED_EDGE('',*,*,#1395,.T.);
#1814=ORIENTED_EDGE('',*,*,#1396,.F.);
#1815=ORIENTED_EDGE('',*,*,#1397,.F.);
#1816=ORIENTED_EDGE('',*,*,#1398,.T.);
#1817=ORIENTED_EDGE('',*,*,#1393,.T.);
#1818=ORIENTED_EDGE('',*,*,#1399,.F.);
#1819=ORIENTED_EDGE('',*,*,#1400,.F.);
#1820=ORIENTED_EDGE('',*,*,#1401,.T.);
#1821=ORIENTED_EDGE('',*,*,#1397,.T.);
#1822=ORIENTED_EDGE('',*,*,#1402,.F.);
#1823=ORIENTED_EDGE('',*,*,#1395,.F.);
#1824=ORIENTED_EDGE('',*,*,#1403,.T.);
#1825=ORIENTED_EDGE('',*,*,#1400,.T.);
#1826=ORIENTED_EDGE('',*,*,#1399,.T.);
#1827=ORIENTED_EDGE('',*,*,#1404,.T.);
#1828=ORIENTED_EDGE('',*,*,#1405,.F.);
#1829=ORIENTED_EDGE('',*,*,#1406,.F.);
#1830=ORIENTED_EDGE('',*,*,#1396,.T.);
#1831=ORIENTED_EDGE('',*,*,#1407,.T.);
#1832=ORIENTED_EDGE('',*,*,#1408,.F.);
#1833=ORIENTED_EDGE('',*,*,#1404,.F.);
#1834=ORIENTED_EDGE('',*,*,#1392,.T.);
#1835=ORIENTED_EDGE('',*,*,#1409,.F.);
#1836=ORIENTED_EDGE('',*,*,#1410,.F.);
#1837=ORIENTED_EDGE('',*,*,#1407,.F.);
#1838=ORIENTED_EDGE('',*,*,#1402,.T.);
#1839=ORIENTED_EDGE('',*,*,#1406,.T.);
#1840=ORIENTED_EDGE('',*,*,#1411,.F.);
#1841=ORIENTED_EDGE('',*,*,#1409,.T.);
#1842=ORIENTED_EDGE('',*,*,#1412,.T.);
#1843=ORIENTED_EDGE('',*,*,#1413,.T.);
#1844=ORIENTED_EDGE('',*,*,#1414,.F.);
#1845=ORIENTED_EDGE('',*,*,#1413,.F.);
#1846=ORIENTED_EDGE('',*,*,#1412,.F.);
#1847=ORIENTED_EDGE('',*,*,#1415,.T.);
#1848=ORIENTED_EDGE('',*,*,#1416,.T.);
#1849=ORIENTED_EDGE('',*,*,#1417,.F.);
#1850=ORIENTED_EDGE('',*,*,#1416,.F.);
#1851=ORIENTED_EDGE('',*,*,#1415,.F.);
#1852=ORIENTED_EDGE('',*,*,#1418,.T.);
#1853=ORIENTED_EDGE('',*,*,#1419,.T.);
#1854=ORIENTED_EDGE('',*,*,#1420,.F.);
#1855=ORIENTED_EDGE('',*,*,#1419,.F.);
#1856=ORIENTED_EDGE('',*,*,#1418,.F.);
#1857=ORIENTED_EDGE('',*,*,#1421,.T.);
#1858=ORIENTED_EDGE('',*,*,#1422,.T.);
#1859=ORIENTED_EDGE('',*,*,#1423,.F.);
#1860=ORIENTED_EDGE('',*,*,#1422,.F.);
#1861=ORIENTED_EDGE('',*,*,#1421,.F.);
#1862=ORIENTED_EDGE('',*,*,#1424,.T.);
#1863=ORIENTED_EDGE('',*,*,#1425,.T.);
#1864=ORIENTED_EDGE('',*,*,#1426,.T.);
#1865=ORIENTED_EDGE('',*,*,#1427,.T.);
#1866=ORIENTED_EDGE('',*,*,#1425,.F.);
#1867=ORIENTED_EDGE('',*,*,#1428,.T.);
#1868=ORIENTED_EDGE('',*,*,#1429,.T.);
#1869=ORIENTED_EDGE('',*,*,#1430,.T.);
#1870=ORIENTED_EDGE('',*,*,#1426,.F.);
#1871=ORIENTED_EDGE('',*,*,#1427,.F.);
#1872=ORIENTED_EDGE('',*,*,#1430,.F.);
#1873=ORIENTED_EDGE('',*,*,#1431,.F.);
#1874=ORIENTED_EDGE('',*,*,#1432,.T.);
#1875=ORIENTED_EDGE('',*,*,#1428,.F.);
#1876=ORIENTED_EDGE('',*,*,#1424,.F.);
#1877=ORIENTED_EDGE('',*,*,#1432,.F.);
#1878=ORIENTED_EDGE('',*,*,#1293,.T.);
#1879=ORIENTED_EDGE('',*,*,#1307,.T.);
#1880=ORIENTED_EDGE('',*,*,#1433,.T.);
#1881=ORIENTED_EDGE('',*,*,#1434,.T.);
#1882=ORIENTED_EDGE('',*,*,#1435,.T.);
#1883=ORIENTED_EDGE('',*,*,#1433,.F.);
#1884=ORIENTED_EDGE('',*,*,#1306,.T.);
#1885=ORIENTED_EDGE('',*,*,#1436,.T.);
#1886=ORIENTED_EDGE('',*,*,#1437,.T.);
#1887=ORIENTED_EDGE('',*,*,#1434,.F.);
#1888=ORIENTED_EDGE('',*,*,#1435,.F.);
#1889=ORIENTED_EDGE('',*,*,#1437,.F.);
#1890=ORIENTED_EDGE('',*,*,#1438,.T.);
#1891=ORIENTED_EDGE('',*,*,#1439,.T.);
#1892=ORIENTED_EDGE('',*,*,#1440,.T.);
#1893=ORIENTED_EDGE('',*,*,#1441,.T.);
#1894=ORIENTED_EDGE('',*,*,#1439,.F.);
#1895=ORIENTED_EDGE('',*,*,#1442,.T.);
#1896=ORIENTED_EDGE('',*,*,#1443,.T.);
#1897=ORIENTED_EDGE('',*,*,#1444,.T.);
#1898=ORIENTED_EDGE('',*,*,#1440,.F.);
#1899=ORIENTED_EDGE('',*,*,#1441,.F.);
#1900=ORIENTED_EDGE('',*,*,#1444,.F.);
#1901=ORIENTED_EDGE('',*,*,#1445,.F.);
#1902=ORIENTED_EDGE('',*,*,#1446,.T.);
#1903=ORIENTED_EDGE('',*,*,#1442,.F.);
#1904=ORIENTED_EDGE('',*,*,#1438,.F.);
#1905=ORIENTED_EDGE('',*,*,#1446,.F.);
#1906=ORIENTED_EDGE('',*,*,#1447,.T.);
#1907=ORIENTED_EDGE('',*,*,#1448,.T.);
#1908=ORIENTED_EDGE('',*,*,#1449,.T.);
#1909=ORIENTED_EDGE('',*,*,#1450,.T.);
#1910=ORIENTED_EDGE('',*,*,#1448,.F.);
#1911=ORIENTED_EDGE('',*,*,#1451,.T.);
#1912=ORIENTED_EDGE('',*,*,#1452,.T.);
#1913=ORIENTED_EDGE('',*,*,#1453,.T.);
#1914=ORIENTED_EDGE('',*,*,#1449,.F.);
#1915=ORIENTED_EDGE('',*,*,#1450,.F.);
#1916=ORIENTED_EDGE('',*,*,#1453,.F.);
#1917=ORIENTED_EDGE('',*,*,#1454,.F.);
#1918=ORIENTED_EDGE('',*,*,#1455,.T.);
#1919=ORIENTED_EDGE('',*,*,#1451,.F.);
#1920=ORIENTED_EDGE('',*,*,#1447,.F.);
#1921=ORIENTED_EDGE('',*,*,#1455,.F.);
#1922=ORIENTED_EDGE('',*,*,#1429,.F.);
#1923=ORIENTED_EDGE('',*,*,#1452,.F.);
#1924=ORIENTED_EDGE('',*,*,#1436,.F.);
#1925=ORIENTED_EDGE('',*,*,#1443,.F.);
#1926=ORIENTED_EDGE('',*,*,#1456,.F.);
#1927=ORIENTED_EDGE('',*,*,#1457,.T.);
#1928=ORIENTED_EDGE('',*,*,#1458,.F.);
#1929=ORIENTED_EDGE('',*,*,#1457,.F.);
#1930=ORIENTED_EDGE('',*,*,#1459,.F.);
#1931=ORIENTED_EDGE('',*,*,#1460,.T.);
#1932=ORIENTED_EDGE('',*,*,#1461,.F.);
#1933=ORIENTED_EDGE('',*,*,#1460,.F.);
#1934=ORIENTED_EDGE('',*,*,#1462,.F.);
#1935=ORIENTED_EDGE('',*,*,#1463,.T.);
#1936=ORIENTED_EDGE('',*,*,#1464,.F.);
#1937=ORIENTED_EDGE('',*,*,#1463,.F.);
#1938=ORIENTED_EDGE('',*,*,#1465,.F.);
#1939=ORIENTED_EDGE('',*,*,#1466,.T.);
#1940=ORIENTED_EDGE('',*,*,#1467,.F.);
#1941=ORIENTED_EDGE('',*,*,#1466,.F.);
#1942=ORIENTED_EDGE('',*,*,#1468,.T.);
#1943=ORIENTED_EDGE('',*,*,#1459,.T.);
#1944=ORIENTED_EDGE('',*,*,#1469,.T.);
#1945=ORIENTED_EDGE('',*,*,#1456,.T.);
#1946=ORIENTED_EDGE('',*,*,#1470,.T.);
#1947=ORIENTED_EDGE('',*,*,#1465,.T.);
#1948=ORIENTED_EDGE('',*,*,#1471,.T.);
#1949=ORIENTED_EDGE('',*,*,#1462,.T.);
#1950=ORIENTED_EDGE('',*,*,#1411,.T.);
#1951=ORIENTED_EDGE('',*,*,#1405,.T.);
#1952=ORIENTED_EDGE('',*,*,#1408,.T.);
#1953=ORIENTED_EDGE('',*,*,#1410,.T.);
#1954=ORIENTED_EDGE('',*,*,#1472,.T.);
#1955=ORIENTED_EDGE('',*,*,#1473,.T.);
#1956=ORIENTED_EDGE('',*,*,#1420,.T.);
#1957=ORIENTED_EDGE('',*,*,#1414,.T.);
#1958=ORIENTED_EDGE('',*,*,#1423,.T.);
#1959=ORIENTED_EDGE('',*,*,#1417,.T.);
#1960=ORIENTED_EDGE('',*,*,#1445,.T.);
#1961=ORIENTED_EDGE('',*,*,#1454,.T.);
#1962=ORIENTED_EDGE('',*,*,#1431,.T.);
#1963=ORIENTED_EDGE('',*,*,#1458,.T.);
#1964=ORIENTED_EDGE('',*,*,#1461,.T.);
#1965=ORIENTED_EDGE('',*,*,#1464,.T.);
#1966=ORIENTED_EDGE('',*,*,#1467,.T.);
#1967=ORIENTED_EDGE('',*,*,#1474,.T.);
#1968=ORIENTED_EDGE('',*,*,#1475,.T.);
#1969=ORIENTED_EDGE('',*,*,#1476,.T.);
#1970=ORIENTED_EDGE('',*,*,#1477,.T.);
#1971=ORIENTED_EDGE('',*,*,#1356,.T.);
#1972=ORIENTED_EDGE('',*,*,#1285,.T.);
#1973=ORIENTED_EDGE('',*,*,#1282,.T.);
#1974=ORIENTED_EDGE('',*,*,#1278,.T.);
#1975=ORIENTED_EDGE('',*,*,#1300,.T.);
#1976=ORIENTED_EDGE('',*,*,#1296,.T.);
#1977=ORIENTED_EDGE('',*,*,#1305,.T.);
#1978=ORIENTED_EDGE('',*,*,#1288,.T.);
#1979=ORIENTED_EDGE('',*,*,#1353,.T.);
#1980=ORIENTED_EDGE('',*,*,#1351,.T.);
#1981=ORIENTED_EDGE('',*,*,#1349,.T.);
#1982=ORIENTED_EDGE('',*,*,#1341,.T.);
#1983=ORIENTED_EDGE('',*,*,#1339,.T.);
#1984=ORIENTED_EDGE('',*,*,#1337,.T.);
#1985=ORIENTED_EDGE('',*,*,#1335,.T.);
#1986=ORIENTED_EDGE('',*,*,#1333,.T.);
#1987=ORIENTED_EDGE('',*,*,#1331,.T.);
#1988=ORIENTED_EDGE('',*,*,#1328,.T.);
#1989=ORIENTED_EDGE('',*,*,#1358,.T.);
#1990=ORIENTED_EDGE('',*,*,#1401,.F.);
#1991=ORIENTED_EDGE('',*,*,#1478,.F.);
#1992=ORIENTED_EDGE('',*,*,#1479,.F.);
#1993=ORIENTED_EDGE('',*,*,#1480,.T.);
#1994=ORIENTED_EDGE('',*,*,#1398,.F.);
#1995=ORIENTED_EDGE('',*,*,#1480,.F.);
#1996=ORIENTED_EDGE('',*,*,#1481,.F.);
#1997=ORIENTED_EDGE('',*,*,#1482,.T.);
#1998=ORIENTED_EDGE('',*,*,#1483,.T.);
#1999=ORIENTED_EDGE('',*,*,#1366,.F.);
#2000=ORIENTED_EDGE('',*,*,#1484,.F.);
#2001=ORIENTED_EDGE('',*,*,#1485,.F.);
#2002=ORIENTED_EDGE('',*,*,#1486,.T.);
#2003=ORIENTED_EDGE('',*,*,#1487,.F.);
#2004=ORIENTED_EDGE('',*,*,#1488,.T.);
#2005=ORIENTED_EDGE('',*,*,#1474,.F.);
#2006=ORIENTED_EDGE('',*,*,#1489,.F.);
#2007=ORIENTED_EDGE('',*,*,#1367,.T.);
#2008=ORIENTED_EDGE('',*,*,#1483,.F.);
#2009=ORIENTED_EDGE('',*,*,#1477,.F.);
#2010=ORIENTED_EDGE('',*,*,#1490,.T.);
#2011=ORIENTED_EDGE('',*,*,#1491,.T.);
#2012=ORIENTED_EDGE('',*,*,#1492,.T.);
#2013=ORIENTED_EDGE('',*,*,#1493,.T.);
#2014=ORIENTED_EDGE('',*,*,#1485,.T.);
#2015=ORIENTED_EDGE('',*,*,#1494,.T.);
#2016=ORIENTED_EDGE('',*,*,#1495,.T.);
#2017=ORIENTED_EDGE('',*,*,#1496,.T.);
#2018=ORIENTED_EDGE('',*,*,#1390,.T.);
#2019=ORIENTED_EDGE('',*,*,#1359,.T.);
#2020=ORIENTED_EDGE('',*,*,#1497,.F.);
#2021=ORIENTED_EDGE('',*,*,#1498,.F.);
#2022=ORIENTED_EDGE('',*,*,#1499,.F.);
#2023=ORIENTED_EDGE('',*,*,#1500,.T.);
#2024=ORIENTED_EDGE('',*,*,#1492,.F.);
#2025=ORIENTED_EDGE('',*,*,#1501,.F.);
#2026=ORIENTED_EDGE('',*,*,#1502,.F.);
#2027=ORIENTED_EDGE('',*,*,#1503,.T.);
#2028=ORIENTED_EDGE('',*,*,#1504,.F.);
#2029=ORIENTED_EDGE('',*,*,#1505,.F.);
#2030=ORIENTED_EDGE('',*,*,#1506,.F.);
#2031=ORIENTED_EDGE('',*,*,#1507,.T.);
#2032=ORIENTED_EDGE('',*,*,#1508,.F.);
#2033=ORIENTED_EDGE('',*,*,#1509,.F.);
#2034=ORIENTED_EDGE('',*,*,#1510,.F.);
#2035=ORIENTED_EDGE('',*,*,#1505,.T.);
#2036=ORIENTED_EDGE('',*,*,#1511,.F.);
#2037=ORIENTED_EDGE('',*,*,#1512,.F.);
#2038=ORIENTED_EDGE('',*,*,#1513,.F.);
#2039=ORIENTED_EDGE('',*,*,#1509,.T.);
#2040=ORIENTED_EDGE('',*,*,#1514,.F.);
#2041=ORIENTED_EDGE('',*,*,#1498,.T.);
#2042=ORIENTED_EDGE('',*,*,#1515,.F.);
#2043=ORIENTED_EDGE('',*,*,#1516,.T.);
#2044=ORIENTED_EDGE('',*,*,#1369,.F.);
#2045=ORIENTED_EDGE('',*,*,#1517,.F.);
#2046=ORIENTED_EDGE('',*,*,#1518,.F.);
#2047=ORIENTED_EDGE('',*,*,#1519,.F.);
#2048=ORIENTED_EDGE('',*,*,#1520,.F.);
#2049=ORIENTED_EDGE('',*,*,#1486,.F.);
#2050=ORIENTED_EDGE('',*,*,#1493,.F.);
#2051=ORIENTED_EDGE('',*,*,#1503,.F.);
#2052=ORIENTED_EDGE('',*,*,#1521,.T.);
#2053=ORIENTED_EDGE('',*,*,#1522,.F.);
#2054=ORIENTED_EDGE('',*,*,#1512,.T.);
#2055=ORIENTED_EDGE('',*,*,#1523,.F.);
#2056=ORIENTED_EDGE('',*,*,#1524,.T.);
#2057=ORIENTED_EDGE('',*,*,#1376,.F.);
#2058=ORIENTED_EDGE('',*,*,#1525,.F.);
#2059=ORIENTED_EDGE('',*,*,#1526,.F.);
#2060=ORIENTED_EDGE('',*,*,#1500,.F.);
#2061=ORIENTED_EDGE('',*,*,#1527,.F.);
#2062=ORIENTED_EDGE('',*,*,#1528,.T.);
#2063=ORIENTED_EDGE('',*,*,#1529,.T.);
#2064=ORIENTED_EDGE('',*,*,#1530,.T.);
#2065=ORIENTED_EDGE('',*,*,#1515,.T.);
#2066=ORIENTED_EDGE('',*,*,#1497,.T.);
#2067=ORIENTED_EDGE('',*,*,#1526,.T.);
#2068=ORIENTED_EDGE('',*,*,#1531,.T.);
#2069=ORIENTED_EDGE('',*,*,#1532,.T.);
#2070=ORIENTED_EDGE('',*,*,#1533,.T.);
#2071=ORIENTED_EDGE('',*,*,#1534,.T.);
#2072=ORIENTED_EDGE('',*,*,#1535,.T.);
#2073=ORIENTED_EDGE('',*,*,#1536,.T.);
#2074=ORIENTED_EDGE('',*,*,#1537,.T.);
#2075=ORIENTED_EDGE('',*,*,#1538,.T.);
#2076=ORIENTED_EDGE('',*,*,#1539,.T.);
#2077=ORIENTED_EDGE('',*,*,#1540,.T.);
#2078=ORIENTED_EDGE('',*,*,#1541,.T.);
#2079=ORIENTED_EDGE('',*,*,#1542,.T.);
#2080=ORIENTED_EDGE('',*,*,#1543,.T.);
#2081=ORIENTED_EDGE('',*,*,#1544,.T.);
#2082=ORIENTED_EDGE('',*,*,#1545,.T.);
#2083=ORIENTED_EDGE('',*,*,#1546,.T.);
#2084=ORIENTED_EDGE('',*,*,#1547,.T.);
#2085=ORIENTED_EDGE('',*,*,#1523,.T.);
#2086=ORIENTED_EDGE('',*,*,#1511,.T.);
#2087=ORIENTED_EDGE('',*,*,#1508,.T.);
#2088=ORIENTED_EDGE('',*,*,#1504,.T.);
#2089=ORIENTED_EDGE('',*,*,#1548,.T.);
#2090=ORIENTED_EDGE('',*,*,#1549,.T.);
#2091=ORIENTED_EDGE('',*,*,#1550,.T.);
#2092=ORIENTED_EDGE('',*,*,#1531,.F.);
#2093=ORIENTED_EDGE('',*,*,#1525,.T.);
#2094=ORIENTED_EDGE('',*,*,#1375,.F.);
#2095=ORIENTED_EDGE('',*,*,#1551,.F.);
#2096=ORIENTED_EDGE('',*,*,#1532,.F.);
#2097=ORIENTED_EDGE('',*,*,#1551,.T.);
#2098=ORIENTED_EDGE('',*,*,#1374,.F.);
#2099=ORIENTED_EDGE('',*,*,#1552,.F.);
#2100=ORIENTED_EDGE('',*,*,#1533,.F.);
#2101=ORIENTED_EDGE('',*,*,#1552,.T.);
#2102=ORIENTED_EDGE('',*,*,#1373,.F.);
#2103=ORIENTED_EDGE('',*,*,#1553,.F.);
#2104=ORIENTED_EDGE('',*,*,#1534,.F.);
#2105=ORIENTED_EDGE('',*,*,#1553,.T.);
#2106=ORIENTED_EDGE('',*,*,#1372,.F.);
#2107=ORIENTED_EDGE('',*,*,#1554,.F.);
#2108=ORIENTED_EDGE('',*,*,#1535,.F.);
#2109=ORIENTED_EDGE('',*,*,#1554,.T.);
#2110=ORIENTED_EDGE('',*,*,#1371,.F.);
#2111=ORIENTED_EDGE('',*,*,#1555,.F.);
#2112=ORIENTED_EDGE('',*,*,#1530,.F.);
#2113=ORIENTED_EDGE('',*,*,#1555,.T.);
#2114=ORIENTED_EDGE('',*,*,#1370,.F.);
#2115=ORIENTED_EDGE('',*,*,#1516,.F.);
#2116=ORIENTED_EDGE('',*,*,#1494,.F.);
#2117=ORIENTED_EDGE('',*,*,#1484,.T.);
#2118=ORIENTED_EDGE('',*,*,#1365,.F.);
#2119=ORIENTED_EDGE('',*,*,#1556,.F.);
#2120=ORIENTED_EDGE('',*,*,#1495,.F.);
#2121=ORIENTED_EDGE('',*,*,#1556,.T.);
#2122=ORIENTED_EDGE('',*,*,#1364,.F.);
#2123=ORIENTED_EDGE('',*,*,#1557,.F.);
#2124=ORIENTED_EDGE('',*,*,#1496,.F.);
#2125=ORIENTED_EDGE('',*,*,#1557,.T.);
#2126=ORIENTED_EDGE('',*,*,#1363,.F.);
#2127=ORIENTED_EDGE('',*,*,#1391,.F.);
#2128=ORIENTED_EDGE('',*,*,#1547,.F.);
#2129=ORIENTED_EDGE('',*,*,#1558,.T.);
#2130=ORIENTED_EDGE('',*,*,#1377,.F.);
#2131=ORIENTED_EDGE('',*,*,#1524,.F.);
#2132=ORIENTED_EDGE('',*,*,#1546,.F.);
#2133=ORIENTED_EDGE('',*,*,#1559,.T.);
#2134=ORIENTED_EDGE('',*,*,#1378,.F.);
#2135=ORIENTED_EDGE('',*,*,#1558,.F.);
#2136=ORIENTED_EDGE('',*,*,#1545,.F.);
#2137=ORIENTED_EDGE('',*,*,#1560,.T.);
#2138=ORIENTED_EDGE('',*,*,#1379,.F.);
#2139=ORIENTED_EDGE('',*,*,#1559,.F.);
#2140=ORIENTED_EDGE('',*,*,#1544,.F.);
#2141=ORIENTED_EDGE('',*,*,#1561,.T.);
#2142=ORIENTED_EDGE('',*,*,#1380,.F.);
#2143=ORIENTED_EDGE('',*,*,#1560,.F.);
#2144=ORIENTED_EDGE('',*,*,#1543,.F.);
#2145=ORIENTED_EDGE('',*,*,#1562,.T.);
#2146=ORIENTED_EDGE('',*,*,#1381,.F.);
#2147=ORIENTED_EDGE('',*,*,#1561,.F.);
#2148=ORIENTED_EDGE('',*,*,#1542,.F.);
#2149=ORIENTED_EDGE('',*,*,#1563,.T.);
#2150=ORIENTED_EDGE('',*,*,#1382,.F.);
#2151=ORIENTED_EDGE('',*,*,#1562,.F.);
#2152=ORIENTED_EDGE('',*,*,#1541,.F.);
#2153=ORIENTED_EDGE('',*,*,#1564,.T.);
#2154=ORIENTED_EDGE('',*,*,#1383,.F.);
#2155=ORIENTED_EDGE('',*,*,#1563,.F.);
#2156=ORIENTED_EDGE('',*,*,#1540,.F.);
#2157=ORIENTED_EDGE('',*,*,#1565,.T.);
#2158=ORIENTED_EDGE('',*,*,#1384,.F.);
#2159=ORIENTED_EDGE('',*,*,#1564,.F.);
#2160=ORIENTED_EDGE('',*,*,#1539,.F.);
#2161=ORIENTED_EDGE('',*,*,#1566,.T.);
#2162=ORIENTED_EDGE('',*,*,#1385,.F.);
#2163=ORIENTED_EDGE('',*,*,#1565,.F.);
#2164=ORIENTED_EDGE('',*,*,#1538,.F.);
#2165=ORIENTED_EDGE('',*,*,#1567,.T.);
#2166=ORIENTED_EDGE('',*,*,#1386,.F.);
#2167=ORIENTED_EDGE('',*,*,#1566,.F.);
#2168=ORIENTED_EDGE('',*,*,#1537,.F.);
#2169=ORIENTED_EDGE('',*,*,#1568,.T.);
#2170=ORIENTED_EDGE('',*,*,#1387,.F.);
#2171=ORIENTED_EDGE('',*,*,#1567,.F.);
#2172=ORIENTED_EDGE('',*,*,#1324,.T.);
#2173=ORIENTED_EDGE('',*,*,#1569,.F.);
#2174=ORIENTED_EDGE('',*,*,#1490,.F.);
#2175=ORIENTED_EDGE('',*,*,#1389,.T.);
#2176=ORIENTED_EDGE('',*,*,#1570,.F.);
#2177=ORIENTED_EDGE('',*,*,#1550,.F.);
#2178=ORIENTED_EDGE('',*,*,#1571,.T.);
#2179=ORIENTED_EDGE('',*,*,#1570,.T.);
#2180=ORIENTED_EDGE('',*,*,#1571,.F.);
#2181=ORIENTED_EDGE('',*,*,#1572,.F.);
#2182=ORIENTED_EDGE('',*,*,#1536,.F.);
#2183=ORIENTED_EDGE('',*,*,#1573,.T.);
#2184=ORIENTED_EDGE('',*,*,#1572,.T.);
#2185=ORIENTED_EDGE('',*,*,#1573,.F.);
#2186=ORIENTED_EDGE('',*,*,#1574,.F.);
#2187=ORIENTED_EDGE('',*,*,#1549,.F.);
#2188=ORIENTED_EDGE('',*,*,#1575,.T.);
#2189=ORIENTED_EDGE('',*,*,#1574,.T.);
#2190=ORIENTED_EDGE('',*,*,#1575,.F.);
#2191=ORIENTED_EDGE('',*,*,#1344,.T.);
#2192=ORIENTED_EDGE('',*,*,#1361,.F.);
#2193=ORIENTED_EDGE('',*,*,#1348,.T.);
#2194=ORIENTED_EDGE('',*,*,#1388,.F.);
#2195=ORIENTED_EDGE('',*,*,#1568,.F.);
#2196=ORIENTED_EDGE('',*,*,#1548,.F.);
#2197=ORIENTED_EDGE('',*,*,#1507,.F.);
#2198=ORIENTED_EDGE('',*,*,#1576,.F.);
#2199=ORIENTED_EDGE('',*,*,#1577,.T.);
#2200=ORIENTED_EDGE('',*,*,#1578,.T.);
#2201=ORIENTED_EDGE('',*,*,#1579,.T.);
#2202=ORIENTED_EDGE('',*,*,#1580,.F.);
#2203=ORIENTED_EDGE('',*,*,#1501,.T.);
#2204=ORIENTED_EDGE('',*,*,#1491,.F.);
#2205=ORIENTED_EDGE('',*,*,#1569,.T.);
#2206=ORIENTED_EDGE('',*,*,#1323,.T.);
#2207=ORIENTED_EDGE('',*,*,#1581,.F.);
#2208=ORIENTED_EDGE('',*,*,#1582,.F.);
#2209=ORIENTED_EDGE('',*,*,#1578,.F.);
#2210=ORIENTED_EDGE('',*,*,#1583,.F.);
#2211=ORIENTED_EDGE('',*,*,#1584,.F.);
#2212=ORIENTED_EDGE('',*,*,#1585,.F.);
#2213=ORIENTED_EDGE('',*,*,#1586,.T.);
#2214=ORIENTED_EDGE('',*,*,#1581,.T.);
#2215=ORIENTED_EDGE('',*,*,#1587,.F.);
#2216=ORIENTED_EDGE('',*,*,#1588,.F.);
#2217=ORIENTED_EDGE('',*,*,#1587,.T.);
#2218=ORIENTED_EDGE('',*,*,#1583,.T.);
#2219=ORIENTED_EDGE('',*,*,#1577,.F.);
#2220=ORIENTED_EDGE('',*,*,#1589,.F.);
#2221=ORIENTED_EDGE('',*,*,#1579,.F.);
#2222=ORIENTED_EDGE('',*,*,#1582,.T.);
#2223=ORIENTED_EDGE('',*,*,#1586,.F.);
#2224=ORIENTED_EDGE('',*,*,#1590,.F.);
#2225=ORIENTED_EDGE('',*,*,#1529,.F.);
#2226=ORIENTED_EDGE('',*,*,#1591,.F.);
#2227=ORIENTED_EDGE('',*,*,#1592,.F.);
#2228=ORIENTED_EDGE('',*,*,#1593,.F.);
#2229=ORIENTED_EDGE('',*,*,#1594,.F.);
#2230=ORIENTED_EDGE('',*,*,#1521,.F.);
#2231=ORIENTED_EDGE('',*,*,#1590,.T.);
#2232=ORIENTED_EDGE('',*,*,#1595,.F.);
#2233=ORIENTED_EDGE('',*,*,#1596,.F.);
#2234=ORIENTED_EDGE('',*,*,#1595,.T.);
#2235=ORIENTED_EDGE('',*,*,#1592,.T.);
#2236=ORIENTED_EDGE('',*,*,#1597,.F.);
#2237=ORIENTED_EDGE('',*,*,#1598,.F.);
#2238=ORIENTED_EDGE('',*,*,#1597,.T.);
#2239=ORIENTED_EDGE('',*,*,#1591,.T.);
#2240=ORIENTED_EDGE('',*,*,#1528,.F.);
#2241=ORIENTED_EDGE('',*,*,#1599,.F.);
#2242=ORIENTED_EDGE('',*,*,#1600,.F.);
#2243=ORIENTED_EDGE('',*,*,#1601,.T.);
#2244=ORIENTED_EDGE('',*,*,#1599,.T.);
#2245=ORIENTED_EDGE('',*,*,#1601,.F.);
#2246=ORIENTED_EDGE('',*,*,#1602,.F.);
#2247=ORIENTED_EDGE('',*,*,#1603,.F.);
#2248=ORIENTED_EDGE('',*,*,#1604,.T.);
#2249=ORIENTED_EDGE('',*,*,#1602,.T.);
#2250=ORIENTED_EDGE('',*,*,#1604,.F.);
#2251=ORIENTED_EDGE('',*,*,#1605,.F.);
#2252=ORIENTED_EDGE('',*,*,#1606,.F.);
#2253=ORIENTED_EDGE('',*,*,#1607,.T.);
#2254=ORIENTED_EDGE('',*,*,#1605,.T.);
#2255=ORIENTED_EDGE('',*,*,#1607,.F.);
#2256=ORIENTED_EDGE('',*,*,#1608,.F.);
#2257=ORIENTED_EDGE('',*,*,#1609,.F.);
#2258=ORIENTED_EDGE('',*,*,#1610,.T.);
#2259=ORIENTED_EDGE('',*,*,#1608,.T.);
#2260=ORIENTED_EDGE('',*,*,#1610,.F.);
#2261=ORIENTED_EDGE('',*,*,#1611,.F.);
#2262=ORIENTED_EDGE('',*,*,#1612,.T.);
#2263=ORIENTED_EDGE('',*,*,#1518,.T.);
#2264=ORIENTED_EDGE('',*,*,#1613,.T.);
#2265=ORIENTED_EDGE('',*,*,#1614,.F.);
#2266=ORIENTED_EDGE('',*,*,#1519,.T.);
#2267=ORIENTED_EDGE('',*,*,#1612,.F.);
#2268=ORIENTED_EDGE('',*,*,#1615,.F.);
#2269=ORIENTED_EDGE('',*,*,#1616,.F.);
#2270=ORIENTED_EDGE('',*,*,#1487,.T.);
#2271=ORIENTED_EDGE('',*,*,#1520,.T.);
#2272=ORIENTED_EDGE('',*,*,#1614,.T.);
#2273=ORIENTED_EDGE('',*,*,#1617,.F.);
#2274=ORIENTED_EDGE('',*,*,#1618,.F.);
#2275=ORIENTED_EDGE('',*,*,#1619,.F.);
#2276=ORIENTED_EDGE('',*,*,#1620,.F.);
#2277=ORIENTED_EDGE('',*,*,#1594,.T.);
#2278=ORIENTED_EDGE('',*,*,#1596,.T.);
#2279=ORIENTED_EDGE('',*,*,#1598,.T.);
#2280=ORIENTED_EDGE('',*,*,#1527,.T.);
#2281=ORIENTED_EDGE('',*,*,#1499,.T.);
#2282=ORIENTED_EDGE('',*,*,#1514,.T.);
#2283=ORIENTED_EDGE('',*,*,#1502,.T.);
#2284=ORIENTED_EDGE('',*,*,#1580,.T.);
#2285=ORIENTED_EDGE('',*,*,#1589,.T.);
#2286=ORIENTED_EDGE('',*,*,#1585,.T.);
#2287=ORIENTED_EDGE('',*,*,#1588,.T.);
#2288=ORIENTED_EDGE('',*,*,#1576,.T.);
#2289=ORIENTED_EDGE('',*,*,#1506,.T.);
#2290=ORIENTED_EDGE('',*,*,#1510,.T.);
#2291=ORIENTED_EDGE('',*,*,#1513,.T.);
#2292=ORIENTED_EDGE('',*,*,#1522,.T.);
#2293=ORIENTED_EDGE('',*,*,#1621,.F.);
#2294=ORIENTED_EDGE('',*,*,#1622,.F.);
#2295=ORIENTED_EDGE('',*,*,#1623,.F.);
#2296=ORIENTED_EDGE('',*,*,#1624,.F.);
#2297=ORIENTED_EDGE('',*,*,#1600,.T.);
#2298=ORIENTED_EDGE('',*,*,#1603,.T.);
#2299=ORIENTED_EDGE('',*,*,#1606,.T.);
#2300=ORIENTED_EDGE('',*,*,#1609,.T.);
#2301=ORIENTED_EDGE('',*,*,#1625,.F.);
#2302=ORIENTED_EDGE('',*,*,#1626,.T.);
#2303=ORIENTED_EDGE('',*,*,#1627,.F.);
#2304=ORIENTED_EDGE('',*,*,#1618,.T.);
#2305=ORIENTED_EDGE('',*,*,#1627,.T.);
#2306=ORIENTED_EDGE('',*,*,#1481,.T.);
#2307=ORIENTED_EDGE('',*,*,#1628,.F.);
#2308=ORIENTED_EDGE('',*,*,#1619,.T.);
#2309=ORIENTED_EDGE('',*,*,#1628,.T.);
#2310=ORIENTED_EDGE('',*,*,#1479,.T.);
#2311=ORIENTED_EDGE('',*,*,#1629,.F.);
#2312=ORIENTED_EDGE('',*,*,#1620,.T.);
#2313=ORIENTED_EDGE('',*,*,#1629,.T.);
#2314=ORIENTED_EDGE('',*,*,#1630,.T.);
#2315=ORIENTED_EDGE('',*,*,#1625,.T.);
#2316=ORIENTED_EDGE('',*,*,#1617,.T.);
#2317=ORIENTED_EDGE('',*,*,#1624,.T.);
#2318=ORIENTED_EDGE('',*,*,#1631,.T.);
#2319=ORIENTED_EDGE('',*,*,#1471,.F.);
#2320=ORIENTED_EDGE('',*,*,#1631,.F.);
#2321=ORIENTED_EDGE('',*,*,#1623,.T.);
#2322=ORIENTED_EDGE('',*,*,#1632,.T.);
#2323=ORIENTED_EDGE('',*,*,#1470,.F.);
#2324=ORIENTED_EDGE('',*,*,#1632,.F.);
#2325=ORIENTED_EDGE('',*,*,#1622,.T.);
#2326=ORIENTED_EDGE('',*,*,#1633,.T.);
#2327=ORIENTED_EDGE('',*,*,#1469,.F.);
#2328=ORIENTED_EDGE('',*,*,#1633,.F.);
#2329=ORIENTED_EDGE('',*,*,#1621,.T.);
#2330=ORIENTED_EDGE('',*,*,#1634,.T.);
#2331=ORIENTED_EDGE('',*,*,#1468,.F.);
#2332=ORIENTED_EDGE('',*,*,#1634,.F.);
#2333=ORIENTED_EDGE('',*,*,#1593,.T.);
#2334=ORIENTED_EDGE('',*,*,#1635,.T.);
#2335=ORIENTED_EDGE('',*,*,#1473,.F.);
#2336=ORIENTED_EDGE('',*,*,#1635,.F.);
#2337=ORIENTED_EDGE('',*,*,#1584,.T.);
#2338=ORIENTED_EDGE('',*,*,#1636,.T.);
#2339=ORIENTED_EDGE('',*,*,#1472,.F.);
#2340=ORIENTED_EDGE('',*,*,#1636,.F.);
#2341=ORIENTED_EDGE('',*,*,#1488,.F.);
#2342=ORIENTED_EDGE('',*,*,#1616,.T.);
#2343=ORIENTED_EDGE('',*,*,#1615,.T.);
#2344=ORIENTED_EDGE('',*,*,#1611,.T.);
#2345=ORIENTED_EDGE('',*,*,#1637,.T.);
#2346=ORIENTED_EDGE('',*,*,#1475,.F.);
#2347=ORIENTED_EDGE('',*,*,#1637,.F.);
#2348=ORIENTED_EDGE('',*,*,#1613,.F.);
#2349=ORIENTED_EDGE('',*,*,#1517,.T.);
#2350=ORIENTED_EDGE('',*,*,#1368,.T.);
#2351=ORIENTED_EDGE('',*,*,#1489,.T.);
#2352=ORIENTED_EDGE('',*,*,#1476,.F.);
#2353=ORIENTED_EDGE('',*,*,#1394,.F.);
#2354=ORIENTED_EDGE('',*,*,#1482,.F.);
#2355=ORIENTED_EDGE('',*,*,#1626,.F.);
#2356=ORIENTED_EDGE('',*,*,#1638,.F.);
#2357=ORIENTED_EDGE('',*,*,#1403,.F.);
#2358=ORIENTED_EDGE('',*,*,#1638,.T.);
#2359=ORIENTED_EDGE('',*,*,#1630,.F.);
#2360=ORIENTED_EDGE('',*,*,#1478,.T.);
#2361=CYLINDRICAL_SURFACE('',#2564,18.8171369979433);
#2362=CYLINDRICAL_SURFACE('',#2568,16.55714925315);
#2363=CYLINDRICAL_SURFACE('',#2571,16.8171369979437);
#2364=CYLINDRICAL_SURFACE('',#2574,1.6);
#2365=CYLINDRICAL_SURFACE('',#2577,16.8171369979437);
#2366=CYLINDRICAL_SURFACE('',#2580,0.999999999999523);
#2367=CYLINDRICAL_SURFACE('',#2584,1.6);
#2368=CYLINDRICAL_SURFACE('',#2605,1.4);
#2369=CYLINDRICAL_SURFACE('',#2644,1.6);
#2370=CYLINDRICAL_SURFACE('',#2658,1.6);
#2371=CYLINDRICAL_SURFACE('',#2667,1.6);
#2372=CYLINDRICAL_SURFACE('',#2673,1.6);
#2373=CYLINDRICAL_SURFACE('',#2676,1.6);
#2374=CYLINDRICAL_SURFACE('',#2679,1.6);
#2375=CYLINDRICAL_SURFACE('',#2682,1.6);
#2376=CYLINDRICAL_SURFACE('',#2703,2.94000000000001);
#2377=CYLINDRICAL_SURFACE('',#2706,2.94);
#2378=CYLINDRICAL_SURFACE('',#2708,2.94);
#2379=CYLINDRICAL_SURFACE('',#2712,2.94);
#2380=CYLINDRICAL_SURFACE('',#2731,1.67);
#2381=CYLINDRICAL_SURFACE('',#2733,3.0544);
#2382=CYLINDRICAL_SURFACE('',#2735,1.67000000000001);
#2383=CYLINDRICAL_SURFACE('',#2737,1.67);
#2384=CYLINDRICAL_SURFACE('',#2739,3.0544);
#2385=CYLINDRICAL_SURFACE('',#2740,1.67);
#2386=CYLINDRICAL_SURFACE('',#2742,3.0544);
#2387=CYLINDRICAL_SURFACE('',#2744,1.67);
#2388=CYLINDRICAL_SURFACE('',#2746,1.67);
#2389=CYLINDRICAL_SURFACE('',#2748,3.05440000000001);
#2390=CYLINDRICAL_SURFACE('',#2750,1.66999999999999);
#2391=CYLINDRICAL_SURFACE('',#2751,1.67);
#2392=CYLINDRICAL_SURFACE('',#2754,1.4);
#2393=CYLINDRICAL_SURFACE('',#2757,1.4);
#2394=CYLINDRICAL_SURFACE('',#2760,1.4);
#2395=CYLINDRICAL_SURFACE('',#2766,4.4);
#2396=CYLINDRICAL_SURFACE('',#2774,4.4);
#2397=CYLINDRICAL_SURFACE('',#2779,3.25);
#2398=CYLINDRICAL_SURFACE('',#2783,3.25);
#2399=CYLINDRICAL_SURFACE('',#2787,3.25);
#2400=CYLINDRICAL_SURFACE('',#2791,3.25);
#2401=CYLINDRICAL_SURFACE('',#2805,3.25);
#2402=CYLINDRICAL_SURFACE('',#2806,3.25);
#2403=CYLINDRICAL_SURFACE('',#2807,3.25);
#2404=CYLINDRICAL_SURFACE('',#2808,3.25);
#2405=CYLINDRICAL_SURFACE('',#2809,1.4);
#2406=CYLINDRICAL_SURFACE('',#2810,1.4);
#2407=ADVANCED_FACE('',(#166),#2361,.F.);
#2408=ADVANCED_FACE('',(#167),#97,.F.);
#2409=ADVANCED_FACE('',(#168),#2362,.F.);
#2410=ADVANCED_FACE('',(#169),#2363,.T.);
#2411=ADVANCED_FACE('',(#170),#2364,.T.);
#2412=ADVANCED_FACE('',(#171),#2365,.T.);
#2413=ADVANCED_FACE('',(#172),#2366,.F.);
#2414=ADVANCED_FACE('',(#173),#98,.T.);
#2415=ADVANCED_FACE('',(#174),#2367,.F.);
#2416=ADVANCED_FACE('',(#175),#99,.F.);
#2417=ADVANCED_FACE('',(#176),#100,.F.);
#2418=ADVANCED_FACE('',(#177),#101,.F.);
#2419=ADVANCED_FACE('',(#178),#102,.F.);
#2420=ADVANCED_FACE('',(#179),#103,.F.);
#2421=ADVANCED_FACE('',(#180),#104,.F.);
#2422=ADVANCED_FACE('',(#181),#105,.F.);
#2423=ADVANCED_FACE('',(#182),#106,.F.);
#2424=ADVANCED_FACE('',(#183),#107,.F.);
#2425=ADVANCED_FACE('',(#184),#108,.F.);
#2426=ADVANCED_FACE('',(#185),#109,.F.);
#2427=ADVANCED_FACE('',(#186),#110,.F.);
#2428=ADVANCED_FACE('',(#187),#111,.F.);
#2429=ADVANCED_FACE('',(#188),#112,.F.);
#2430=ADVANCED_FACE('',(#189),#2368,.F.);
#2431=ADVANCED_FACE('',(#190),#113,.F.);
#2432=ADVANCED_FACE('',(#191),#114,.F.);
#2433=ADVANCED_FACE('',(#192),#89,.T.);
#2434=ADVANCED_FACE('',(#193),#90,.T.);
#2435=ADVANCED_FACE('',(#194),#91,.T.);
#2436=ADVANCED_FACE('',(#195),#92,.T.);
#2437=ADVANCED_FACE('',(#196),#61,.T.);
#2438=ADVANCED_FACE('',(#197),#62,.T.);
#2439=ADVANCED_FACE('',(#198),#63,.T.);
#2440=ADVANCED_FACE('',(#199),#64,.T.);
#2441=ADVANCED_FACE('',(#200),#49,.F.);
#2442=ADVANCED_FACE('',(#201),#115,.T.);
#2443=ADVANCED_FACE('',(#202),#50,.F.);
#2444=ADVANCED_FACE('',(#203),#116,.T.);
#2445=ADVANCED_FACE('',(#204),#51,.F.);
#2446=ADVANCED_FACE('',(#205),#117,.T.);
#2447=ADVANCED_FACE('',(#206),#52,.F.);
#2448=ADVANCED_FACE('',(#207),#118,.T.);
#2449=ADVANCED_FACE('',(#208),#65,.T.);
#2450=ADVANCED_FACE('',(#209),#53,.F.);
#2451=ADVANCED_FACE('',(#210),#2369,.F.);
#2452=ADVANCED_FACE('',(#211),#66,.T.);
#2453=ADVANCED_FACE('',(#212),#54,.F.);
#2454=ADVANCED_FACE('',(#213),#67,.T.);
#2455=ADVANCED_FACE('',(#214),#55,.F.);
#2456=ADVANCED_FACE('',(#215),#2370,.F.);
#2457=ADVANCED_FACE('',(#216),#68,.T.);
#2458=ADVANCED_FACE('',(#217),#56,.F.);
#2459=ADVANCED_FACE('',(#218),#2371,.F.);
#2460=ADVANCED_FACE('',(#219),#119,.T.);
#2461=ADVANCED_FACE('',(#220),#120,.T.);
#2462=ADVANCED_FACE('',(#221),#121,.T.);
#2463=ADVANCED_FACE('',(#222),#122,.T.);
#2464=ADVANCED_FACE('',(#223),#2372,.F.);
#2465=ADVANCED_FACE('',(#224),#2373,.F.);
#2466=ADVANCED_FACE('',(#225),#2374,.F.);
#2467=ADVANCED_FACE('',(#226),#2375,.F.);
#2468=ADVANCED_FACE('',(#227,#15),#123,.F.);
#2469=ADVANCED_FACE('',(#228,#16),#124,.F.);
#2470=ADVANCED_FACE('',(#229,#17),#125,.F.);
#2471=ADVANCED_FACE('',(#230,#18),#126,.F.);
#2472=ADVANCED_FACE('',(#231,#19,#20,#21,#22,#23,#24,#25,#26,#27,#28,#29,
#30,#31,#32,#33),#127,.T.);
#2473=ADVANCED_FACE('',(#232),#69,.T.);
#2474=ADVANCED_FACE('',(#233),#70,.T.);
#2475=ADVANCED_FACE('',(#234),#128,.T.);
#2476=ADVANCED_FACE('',(#235),#129,.T.);
#2477=ADVANCED_FACE('',(#236,#34),#130,.F.);
#2478=ADVANCED_FACE('',(#237),#2376,.F.);
#2479=ADVANCED_FACE('',(#238),#2377,.F.);
#2480=ADVANCED_FACE('',(#239),#2378,.F.);
#2481=ADVANCED_FACE('',(#240),#131,.F.);
#2482=ADVANCED_FACE('',(#241),#2379,.F.);
#2483=ADVANCED_FACE('',(#242),#132,.F.);
#2484=ADVANCED_FACE('',(#243),#133,.F.);
#2485=ADVANCED_FACE('',(#244,#35),#134,.F.);
#2486=ADVANCED_FACE('',(#245,#36,#37),#135,.F.);
#2487=ADVANCED_FACE('',(#246),#2380,.F.);
#2488=ADVANCED_FACE('',(#247),#136,.F.);
#2489=ADVANCED_FACE('',(#248),#2381,.T.);
#2490=ADVANCED_FACE('',(#249),#137,.F.);
#2491=ADVANCED_FACE('',(#250),#2382,.F.);
#2492=ADVANCED_FACE('',(#251),#138,.F.);
#2493=ADVANCED_FACE('',(#252),#2383,.F.);
#2494=ADVANCED_FACE('',(#253),#139,.F.);
#2495=ADVANCED_FACE('',(#254),#2384,.T.);
#2496=ADVANCED_FACE('',(#255),#2385,.F.);
#2497=ADVANCED_FACE('',(#256),#140,.F.);
#2498=ADVANCED_FACE('',(#257),#2386,.T.);
#2499=ADVANCED_FACE('',(#258),#141,.F.);
#2500=ADVANCED_FACE('',(#259),#2387,.F.);
#2501=ADVANCED_FACE('',(#260),#142,.F.);
#2502=ADVANCED_FACE('',(#261),#2388,.F.);
#2503=ADVANCED_FACE('',(#262),#143,.F.);
#2504=ADVANCED_FACE('',(#263),#2389,.T.);
#2505=ADVANCED_FACE('',(#264),#144,.F.);
#2506=ADVANCED_FACE('',(#265),#2390,.F.);
#2507=ADVANCED_FACE('',(#266),#2391,.F.);
#2508=ADVANCED_FACE('',(#267),#145,.T.);
#2509=ADVANCED_FACE('',(#268),#2392,.F.);
#2510=ADVANCED_FACE('',(#269),#146,.T.);
#2511=ADVANCED_FACE('',(#270),#2393,.F.);
#2512=ADVANCED_FACE('',(#271),#147,.T.);
#2513=ADVANCED_FACE('',(#272),#2394,.F.);
#2514=ADVANCED_FACE('',(#273),#148,.T.);
#2515=ADVANCED_FACE('',(#274),#149,.F.);
#2516=ADVANCED_FACE('',(#275,#38),#150,.T.);
#2517=ADVANCED_FACE('',(#276),#2395,.F.);
#2518=ADVANCED_FACE('',(#277),#151,.F.);
#2519=ADVANCED_FACE('',(#278),#152,.F.);
#2520=ADVANCED_FACE('',(#279,#39),#153,.T.);
#2521=ADVANCED_FACE('',(#280),#154,.F.);
#2522=ADVANCED_FACE('',(#281),#2396,.F.);
#2523=ADVANCED_FACE('',(#282),#155,.F.);
#2524=ADVANCED_FACE('',(#283),#156,.T.);
#2525=ADVANCED_FACE('',(#284),#2397,.F.);
#2526=ADVANCED_FACE('',(#285),#157,.T.);
#2527=ADVANCED_FACE('',(#286),#2398,.F.);
#2528=ADVANCED_FACE('',(#287),#158,.T.);
#2529=ADVANCED_FACE('',(#288),#2399,.F.);
#2530=ADVANCED_FACE('',(#289),#159,.T.);
#2531=ADVANCED_FACE('',(#290),#2400,.F.);
#2532=ADVANCED_FACE('',(#291),#160,.T.);
#2533=ADVANCED_FACE('',(#292),#161,.T.);
#2534=ADVANCED_FACE('',(#293),#162,.T.);
#2535=ADVANCED_FACE('',(#294,#40,#41,#42,#43,#44,#45,#46,#47,#48),#163,
 .T.);
#2536=ADVANCED_FACE('',(#295),#93,.F.);
#2537=ADVANCED_FACE('',(#296),#94,.F.);
#2538=ADVANCED_FACE('',(#297),#95,.F.);
#2539=ADVANCED_FACE('',(#298),#96,.F.);
#2540=ADVANCED_FACE('',(#299),#2401,.F.);
#2541=ADVANCED_FACE('',(#300),#2402,.F.);
#2542=ADVANCED_FACE('',(#301),#2403,.F.);
#2543=ADVANCED_FACE('',(#302),#2404,.F.);
#2544=ADVANCED_FACE('',(#303),#2405,.F.);
#2545=ADVANCED_FACE('',(#304),#2406,.F.);
#2546=ADVANCED_FACE('',(#305),#164,.T.);
#2547=ADVANCED_FACE('',(#306),#165,.T.);
#2548=ADVANCED_FACE('',(#307),#71,.T.);
#2549=ADVANCED_FACE('',(#308),#72,.T.);
#2550=CLOSED_SHELL('',(#2407,#2408,#2409,#2410,#2411,#2412,#2413,#2414,
#2415,#2416,#2417,#2418,#2419,#2420,#2421,#2422,#2423,#2424,#2425,#2426,
#2427,#2428,#2429,#2430,#2431,#2432,#2433,#2434,#2435,#2436,#2437,#2438,
#2439,#2440,#2441,#2442,#2443,#2444,#2445,#2446,#2447,#2448,#2449,#2450,
#2451,#2452,#2453,#2454,#2455,#2456,#2457,#2458,#2459,#2460,#2461,#2462,
#2463,#2464,#2465,#2466,#2467,#2468,#2469,#2470,#2471,#2472,#2473,#2474,
#2475,#2476,#2477,#2478,#2479,#2480,#2481,#2482,#2483,#2484,#2485,#2486,
#2487,#2488,#2489,#2490,#2491,#2492,#2493,#2494,#2495,#2496,#2497,#2498,
#2499,#2500,#2501,#2502,#2503,#2504,#2505,#2506,#2507,#2508,#2509,#2510,
#2511,#2512,#2513,#2514,#2515,#2516,#2517,#2518,#2519,#2520,#2521,#2522,
#2523,#2524,#2525,#2526,#2527,#2528,#2529,#2530,#2531,#2532,#2533,#2534,
#2535,#2536,#2537,#2538,#2539,#2540,#2541,#2542,#2543,#2544,#2545,#2546,
#2547,#2548,#2549));
#2551=DERIVED_UNIT_ELEMENT(#2553,1.);
#2552=DERIVED_UNIT_ELEMENT(#5226,-3.);
#2553=(
MASS_UNIT()
NAMED_UNIT(*)
SI_UNIT(.KILO.,.GRAM.)
);
#2554=DERIVED_UNIT((#2551,#2552));
#2555=MEASURE_REPRESENTATION_ITEM('density measure',
POSITIVE_RATIO_MEASURE(7850.),#2554);
#2556=PROPERTY_DEFINITION_REPRESENTATION(#2561,#2558);
#2557=PROPERTY_DEFINITION_REPRESENTATION(#2562,#2559);
#2558=REPRESENTATION('material name',(#2560),#5223);
#2559=REPRESENTATION('density',(#2555),#5223);
#2560=DESCRIPTIVE_REPRESENTATION_ITEM('Steel','Steel');
#2561=PROPERTY_DEFINITION('material property','material name',#5233);
#2562=PROPERTY_DEFINITION('material property','density of part',#5233);
#2563=AXIS2_PLACEMENT_3D('',#3528,#2813,#2814);
#2564=AXIS2_PLACEMENT_3D('',#3529,#2815,#2816);
#2565=AXIS2_PLACEMENT_3D('',#3532,#2817,#2818);
#2566=AXIS2_PLACEMENT_3D('',#3536,#2820,#2821);
#2567=AXIS2_PLACEMENT_3D('',#3538,#2823,#2824);
#2568=AXIS2_PLACEMENT_3D('',#3544,#2828,#2829);
#2569=AXIS2_PLACEMENT_3D('',#3546,#2830,#2831);
#2570=AXIS2_PLACEMENT_3D('',#3549,#2833,#2834);
#2571=AXIS2_PLACEMENT_3D('',#3550,#2835,#2836);
#2572=AXIS2_PLACEMENT_3D('',#3553,#2837,#2838);
#2573=AXIS2_PLACEMENT_3D('',#3559,#2841,#2842);
#2574=AXIS2_PLACEMENT_3D('',#3561,#2844,#2845);
#2575=AXIS2_PLACEMENT_3D('',#3563,#2846,#2847);
#2576=AXIS2_PLACEMENT_3D('',#3566,#2849,#2850);
#2577=AXIS2_PLACEMENT_3D('',#3567,#2851,#2852);
#2578=AXIS2_PLACEMENT_3D('',#3570,#2853,#2854);
#2579=AXIS2_PLACEMENT_3D('',#3573,#2856,#2857);
#2580=AXIS2_PLACEMENT_3D('',#3575,#2859,#2860);
#2581=AXIS2_PLACEMENT_3D('',#3576,#2861,#2862);
#2582=AXIS2_PLACEMENT_3D('',#3577,#2863,#2864);
#2583=AXIS2_PLACEMENT_3D('',#3578,#2865,#2866);
#2584=AXIS2_PLACEMENT_3D('',#3584,#2870,#2871);
#2585=AXIS2_PLACEMENT_3D('',#3585,#2872,#2873);
#2586=AXIS2_PLACEMENT_3D('',#3587,#2874,#2875);
#2587=AXIS2_PLACEMENT_3D('',#3588,#2876,#2877);
#2588=AXIS2_PLACEMENT_3D('',#3589,#2878,#2879);
#2589=AXIS2_PLACEMENT_3D('',#3592,#2880,#2881);
#2590=AXIS2_PLACEMENT_3D('',#3624,#2897,#2898);
#2591=AXIS2_PLACEMENT_3D('',#3629,#2901,#2902);
#2592=AXIS2_PLACEMENT_3D('',#3630,#2903,#2904);
#2593=AXIS2_PLACEMENT_3D('',#3636,#2908,#2909);
#2594=AXIS2_PLACEMENT_3D('',#3640,#2912,#2913);
#2595=AXIS2_PLACEMENT_3D('',#3644,#2916,#2917);
#2596=AXIS2_PLACEMENT_3D('',#3648,#2920,#2921);
#2597=AXIS2_PLACEMENT_3D('',#3652,#2924,#2925);
#2598=AXIS2_PLACEMENT_3D('',#3656,#2928,#2929);
#2599=AXIS2_PLACEMENT_3D('',#3660,#2932,#2933);
#2600=AXIS2_PLACEMENT_3D('',#3674,#2942,#2943);
#2601=AXIS2_PLACEMENT_3D('',#3678,#2946,#2947);
#2602=AXIS2_PLACEMENT_3D('',#3681,#2950,#2951);
#2603=AXIS2_PLACEMENT_3D('',#3683,#2953,#2954);
#2604=AXIS2_PLACEMENT_3D('',#3687,#2957,#2958);
#2605=AXIS2_PLACEMENT_3D('',#3689,#2960,#2961);
#2606=AXIS2_PLACEMENT_3D('',#3691,#2962,#2963);
#2607=AXIS2_PLACEMENT_3D('',#3693,#2965,#2966);
#2608=AXIS2_PLACEMENT_3D('',#3694,#2967,#2968);
#2609=AXIS2_PLACEMENT_3D('',#3698,#2970,#2971);
#2610=AXIS2_PLACEMENT_3D('',#3702,#2973,#2974);
#2611=AXIS2_PLACEMENT_3D('',#3714,#2980,#2981);
#2612=AXIS2_PLACEMENT_3D('',#3718,#2983,#2984);
#2613=AXIS2_PLACEMENT_3D('',#3722,#2986,#2987);
#2614=AXIS2_PLACEMENT_3D('',#3726,#2989,#2990);
#2615=AXIS2_PLACEMENT_3D('',#3730,#2992,#2993);
#2616=AXIS2_PLACEMENT_3D('',#3734,#2995,#2996);
#2617=AXIS2_PLACEMENT_3D('',#3738,#2998,#2999);
#2618=AXIS2_PLACEMENT_3D('',#3742,#3001,#3002);
#2619=AXIS2_PLACEMENT_3D('',#3746,#3004,#3005);
#2620=AXIS2_PLACEMENT_3D('',#3748,#3007,#3008);
#2621=AXIS2_PLACEMENT_3D('',#4002,#3020,#3021);
#2622=AXIS2_PLACEMENT_3D('',#4004,#3022,#3023);
#2623=AXIS2_PLACEMENT_3D('',#4007,#3025,#3026);
#2624=AXIS2_PLACEMENT_3D('',#4008,#3027,#3028);
#2625=AXIS2_PLACEMENT_3D('',#4009,#3029,#3030);
#2626=AXIS2_PLACEMENT_3D('',#4011,#3031,#3032);
#2627=AXIS2_PLACEMENT_3D('',#4014,#3034,#3035);
#2628=AXIS2_PLACEMENT_3D('',#4015,#3036,#3037);
#2629=AXIS2_PLACEMENT_3D('',#4016,#3038,#3039);
#2630=AXIS2_PLACEMENT_3D('',#4018,#3040,#3041);
#2631=AXIS2_PLACEMENT_3D('',#4021,#3043,#3044);
#2632=AXIS2_PLACEMENT_3D('',#4022,#3045,#3046);
#2633=AXIS2_PLACEMENT_3D('',#4023,#3047,#3048);
#2634=AXIS2_PLACEMENT_3D('',#4025,#3049,#3050);
#2635=AXIS2_PLACEMENT_3D('',#4028,#3052,#3053);
#2636=AXIS2_PLACEMENT_3D('',#4029,#3054,#3055);
#2637=AXIS2_PLACEMENT_3D('',#4059,#3056,#3057);
#2638=AXIS2_PLACEMENT_3D('',#4061,#3058,#3059);
#2639=AXIS2_PLACEMENT_3D('',#4063,#3060,#3061);
#2640=AXIS2_PLACEMENT_3D('',#4064,#3062,#3063);
#2641=AXIS2_PLACEMENT_3D('',#4065,#3064,#3065);
#2642=AXIS2_PLACEMENT_3D('',#4066,#3066,#3067);
#2643=AXIS2_PLACEMENT_3D('',#4068,#3068,#3069);
#2644=AXIS2_PLACEMENT_3D('',#4070,#3071,#3072);
#2645=AXIS2_PLACEMENT_3D('',#4072,#3073,#3074);
#2646=AXIS2_PLACEMENT_3D('',#4102,#3076,#3077);
#2647=AXIS2_PLACEMENT_3D('',#4104,#3078,#3079);
#2648=AXIS2_PLACEMENT_3D('',#4105,#3080,#3081);
#2649=AXIS2_PLACEMENT_3D('',#4106,#3082,#3083);
#2650=AXIS2_PLACEMENT_3D('',#4108,#3084,#3085);
#2651=AXIS2_PLACEMENT_3D('',#4139,#3087,#3088);
#2652=AXIS2_PLACEMENT_3D('',#4141,#3089,#3090);
#2653=AXIS2_PLACEMENT_3D('',#4143,#3091,#3092);
#2654=AXIS2_PLACEMENT_3D('',#4144,#3093,#3094);
#2655=AXIS2_PLACEMENT_3D('',#4145,#3095,#3096);
#2656=AXIS2_PLACEMENT_3D('',#4146,#3097,#3098);
#2657=AXIS2_PLACEMENT_3D('',#4148,#3099,#3100);
#2658=AXIS2_PLACEMENT_3D('',#4150,#3102,#3103);
#2659=AXIS2_PLACEMENT_3D('',#4152,#3104,#3105);
#2660=AXIS2_PLACEMENT_3D('',#4183,#3107,#3108);
#2661=AXIS2_PLACEMENT_3D('',#4185,#3109,#3110);
#2662=AXIS2_PLACEMENT_3D('',#4187,#3111,#3112);
#2663=AXIS2_PLACEMENT_3D('',#4188,#3113,#3114);
#2664=AXIS2_PLACEMENT_3D('',#4189,#3115,#3116);
#2665=AXIS2_PLACEMENT_3D('',#4190,#3117,#3118);
#2666=AXIS2_PLACEMENT_3D('',#4192,#3119,#3120);
#2667=AXIS2_PLACEMENT_3D('',#4194,#3122,#3123);
#2668=AXIS2_PLACEMENT_3D('',#4196,#3124,#3125);
#2669=AXIS2_PLACEMENT_3D('',#4198,#3127,#3128);
#2670=AXIS2_PLACEMENT_3D('',#4199,#3129,#3130);
#2671=AXIS2_PLACEMENT_3D('',#4200,#3131,#3132);
#2672=AXIS2_PLACEMENT_3D('',#4201,#3133,#3134);
#2673=AXIS2_PLACEMENT_3D('',#4202,#3135,#3136);
#2674=AXIS2_PLACEMENT_3D('',#4204,#3137,#3138);
#2675=AXIS2_PLACEMENT_3D('',#4207,#3140,#3141);
#2676=AXIS2_PLACEMENT_3D('',#4208,#3142,#3143);
#2677=AXIS2_PLACEMENT_3D('',#4210,#3144,#3145);
#2678=AXIS2_PLACEMENT_3D('',#4213,#3147,#3148);
#2679=AXIS2_PLACEMENT_3D('',#4214,#3149,#3150);
#2680=AXIS2_PLACEMENT_3D('',#4216,#3151,#3152);
#2681=AXIS2_PLACEMENT_3D('',#4219,#3154,#3155);
#2682=AXIS2_PLACEMENT_3D('',#4220,#3156,#3157);
#2683=AXIS2_PLACEMENT_3D('',#4222,#3158,#3159);
#2684=AXIS2_PLACEMENT_3D('',#4225,#3161,#3162);
#2685=AXIS2_PLACEMENT_3D('',#4226,#3163,#3164);
#2686=AXIS2_PLACEMENT_3D('',#4228,#3165,#3166);
#2687=AXIS2_PLACEMENT_3D('',#4229,#3167,#3168);
#2688=AXIS2_PLACEMENT_3D('',#4231,#3169,#3170);
#2689=AXIS2_PLACEMENT_3D('',#4232,#3171,#3172);
#2690=AXIS2_PLACEMENT_3D('',#4234,#3173,#3174);
#2691=AXIS2_PLACEMENT_3D('',#4235,#3175,#3176);
#2692=AXIS2_PLACEMENT_3D('',#4237,#3177,#3178);
#2693=AXIS2_PLACEMENT_3D('',#4238,#3179,#3180);
#2694=AXIS2_PLACEMENT_3D('',#4240,#3181,#3182);
#2695=AXIS2_PLACEMENT_3D('',#4242,#3183,#3184);
#2696=AXIS2_PLACEMENT_3D('',#4308,#3192,#3193);
#2697=AXIS2_PLACEMENT_3D('',#4319,#3200,#3201);
#2698=AXIS2_PLACEMENT_3D('',#4321,#3203,#3204);
#2699=AXIS2_PLACEMENT_3D('',#4323,#3205,#3206);
#2700=AXIS2_PLACEMENT_3D('',#4327,#3208,#3209);
#2701=AXIS2_PLACEMENT_3D('',#4330,#3211,#3212);
#2702=AXIS2_PLACEMENT_3D('',#4333,#3214,#3215);
#2703=AXIS2_PLACEMENT_3D('',#4334,#3216,#3217);
#2704=AXIS2_PLACEMENT_3D('',#4337,#3218,#3219);
#2705=AXIS2_PLACEMENT_3D('',#4341,#3221,#3222);
#2706=AXIS2_PLACEMENT_3D('',#4343,#3224,#3225);
#2707=AXIS2_PLACEMENT_3D('',#4347,#3227,#3228);
#2708=AXIS2_PLACEMENT_3D('',#4349,#3230,#3231);
#2709=AXIS2_PLACEMENT_3D('',#4352,#3232,#3233);
#2710=AXIS2_PLACEMENT_3D('',#4356,#3235,#3236);
#2711=AXIS2_PLACEMENT_3D('',#4358,#3238,#3239);
#2712=AXIS2_PLACEMENT_3D('',#4364,#3243,#3244);
#2713=AXIS2_PLACEMENT_3D('',#4366,#3245,#3246);
#2714=AXIS2_PLACEMENT_3D('',#4369,#3248,#3249);
#2715=AXIS2_PLACEMENT_3D('',#4370,#3250,#3251);
#2716=AXIS2_PLACEMENT_3D('',#4382,#3259,#3260);
#2717=AXIS2_PLACEMENT_3D('',#4398,#3270,#3271);
#2718=AXIS2_PLACEMENT_3D('',#4402,#3273,#3274);
#2719=AXIS2_PLACEMENT_3D('',#4406,#3276,#3277);
#2720=AXIS2_PLACEMENT_3D('',#4409,#3279,#3280);
#2721=AXIS2_PLACEMENT_3D('',#4411,#3281,#3282);
#2722=AXIS2_PLACEMENT_3D('',#4412,#3283,#3284);
#2723=AXIS2_PLACEMENT_3D('',#4415,#3285,#3286);
#2724=AXIS2_PLACEMENT_3D('',#4419,#3288,#3289);
#2725=AXIS2_PLACEMENT_3D('',#4423,#3291,#3292);
#2726=AXIS2_PLACEMENT_3D('',#4427,#3294,#3295);
#2727=AXIS2_PLACEMENT_3D('',#4431,#3297,#3298);
#2728=AXIS2_PLACEMENT_3D('',#4434,#3300,#3301);
#2729=AXIS2_PLACEMENT_3D('',#4437,#3303,#3304);
#2730=AXIS2_PLACEMENT_3D('',#4439,#3305,#3306);
#2731=AXIS2_PLACEMENT_3D('',#4440,#3307,#3308);
#2732=AXIS2_PLACEMENT_3D('',#4442,#3310,#3311);
#2733=AXIS2_PLACEMENT_3D('',#4444,#3313,#3314);
#2734=AXIS2_PLACEMENT_3D('',#4446,#3316,#3317);
#2735=AXIS2_PLACEMENT_3D('',#4448,#3319,#3320);
#2736=AXIS2_PLACEMENT_3D('',#4450,#3322,#3323);
#2737=AXIS2_PLACEMENT_3D('',#4451,#3324,#3325);
#2738=AXIS2_PLACEMENT_3D('',#4453,#3327,#3328);
#2739=AXIS2_PLACEMENT_3D('',#4455,#3330,#3331);
#2740=AXIS2_PLACEMENT_3D('',#4456,#3332,#3333);
#2741=AXIS2_PLACEMENT_3D('',#4458,#3335,#3336);
#2742=AXIS2_PLACEMENT_3D('',#4460,#3338,#3339);
#2743=AXIS2_PLACEMENT_3D('',#4462,#3341,#3342);
#2744=AXIS2_PLACEMENT_3D('',#4464,#3344,#3345);
#2745=AXIS2_PLACEMENT_3D('',#4466,#3347,#3348);
#2746=AXIS2_PLACEMENT_3D('',#4468,#3350,#3351);
#2747=AXIS2_PLACEMENT_3D('',#4470,#3353,#3354);
#2748=AXIS2_PLACEMENT_3D('',#4472,#3356,#3357);
#2749=AXIS2_PLACEMENT_3D('',#4474,#3359,#3360);
#2750=AXIS2_PLACEMENT_3D('',#4476,#3362,#3363);
#2751=AXIS2_PLACEMENT_3D('',#4478,#3365,#3366);
#2752=AXIS2_PLACEMENT_3D('',#4480,#3368,#3369);
#2753=AXIS2_PLACEMENT_3D('',#4482,#3370,#3371);
#2754=AXIS2_PLACEMENT_3D('',#4483,#3372,#3373);
#2755=AXIS2_PLACEMENT_3D('',#4485,#3375,#3376);
#2756=AXIS2_PLACEMENT_3D('',#4487,#3377,#3378);
#2757=AXIS2_PLACEMENT_3D('',#4488,#3379,#3380);
#2758=AXIS2_PLACEMENT_3D('',#4490,#3382,#3383);
#2759=AXIS2_PLACEMENT_3D('',#4492,#3384,#3385);
#2760=AXIS2_PLACEMENT_3D('',#4493,#3386,#3387);
#2761=AXIS2_PLACEMENT_3D('',#4495,#3389,#3390);
#2762=AXIS2_PLACEMENT_3D('',#4496,#3391,#3392);
#2763=AXIS2_PLACEMENT_3D('',#4506,#3398,#3399);
#2764=AXIS2_PLACEMENT_3D('',#4509,#3400,#3401);
#2765=AXIS2_PLACEMENT_3D('',#4513,#3404,#3405);
#2766=AXIS2_PLACEMENT_3D('',#4514,#3406,#3407);
#2767=AXIS2_PLACEMENT_3D('',#4517,#3408,#3409);
#2768=AXIS2_PLACEMENT_3D('',#4520,#3412,#3413);
#2769=AXIS2_PLACEMENT_3D('',#4522,#3415,#3416);
#2770=AXIS2_PLACEMENT_3D('',#4524,#3418,#3419);
#2771=AXIS2_PLACEMENT_3D('',#4529,#3422,#3423);
#2772=AXIS2_PLACEMENT_3D('',#4531,#3424,#3425);
#2773=AXIS2_PLACEMENT_3D('',#4532,#3426,#3427);
#2774=AXIS2_PLACEMENT_3D('',#4536,#3430,#3431);
#2775=AXIS2_PLACEMENT_3D('',#4538,#3432,#3433);
#2776=AXIS2_PLACEMENT_3D('',#4540,#3435,#3436);
#2777=AXIS2_PLACEMENT_3D('',#4542,#3438,#3439);
#2778=AXIS2_PLACEMENT_3D('',#4544,#3440,#3441);
#2779=AXIS2_PLACEMENT_3D('',#4545,#3442,#3443);
#2780=AXIS2_PLACEMENT_3D('',#4547,#3444,#3445);
#2781=AXIS2_PLACEMENT_3D('',#4549,#3447,#3448);
#2782=AXIS2_PLACEMENT_3D('',#4551,#3449,#3450);
#2783=AXIS2_PLACEMENT_3D('',#4552,#3451,#3452);
#2784=AXIS2_PLACEMENT_3D('',#4554,#3453,#3454);
#2785=AXIS2_PLACEMENT_3D('',#4556,#3456,#3457);
#2786=AXIS2_PLACEMENT_3D('',#4558,#3458,#3459);
#2787=AXIS2_PLACEMENT_3D('',#4559,#3460,#3461);
#2788=AXIS2_PLACEMENT_3D('',#4561,#3462,#3463);
#2789=AXIS2_PLACEMENT_3D('',#4563,#3465,#3466);
#2790=AXIS2_PLACEMENT_3D('',#4565,#3467,#3468);
#2791=AXIS2_PLACEMENT_3D('',#4566,#3469,#3470);
#2792=AXIS2_PLACEMENT_3D('',#4568,#3471,#3472);
#2793=AXIS2_PLACEMENT_3D('',#4570,#3474,#3475);
#2794=AXIS2_PLACEMENT_3D('',#4576,#3479,#3480);
#2795=AXIS2_PLACEMENT_3D('',#4580,#3483,#3484);
#2796=AXIS2_PLACEMENT_3D('',#4582,#3486,#3487);
#2797=AXIS2_PLACEMENT_3D('',#4667,#3488,#3489);
#2798=AXIS2_PLACEMENT_3D('',#4669,#3490,#3491);
#2799=AXIS2_PLACEMENT_3D('',#4671,#3492,#3493);
#2800=AXIS2_PLACEMENT_3D('',#4673,#3494,#3495);
#2801=AXIS2_PLACEMENT_3D('',#4795,#3496,#3497);
#2802=AXIS2_PLACEMENT_3D('',#4816,#3498,#3499);
#2803=AXIS2_PLACEMENT_3D('',#4931,#3500,#3501);
#2804=AXIS2_PLACEMENT_3D('',#5052,#3502,#3503);
#2805=AXIS2_PLACEMENT_3D('',#5193,#3504,#3505);
#2806=AXIS2_PLACEMENT_3D('',#5195,#3507,#3508);
#2807=AXIS2_PLACEMENT_3D('',#5197,#3510,#3511);
#2808=AXIS2_PLACEMENT_3D('',#5199,#3513,#3514);
#2809=AXIS2_PLACEMENT_3D('',#5201,#3516,#3517);
#2810=AXIS2_PLACEMENT_3D('',#5203,#3519,#3520);
#2811=AXIS2_PLACEMENT_3D('',#5205,#3522,#3523);
#2812=AXIS2_PLACEMENT_3D('',#5207,#3525,#3526);
#2813=DIRECTION('axis',(0.,0.,1.));
#2814=DIRECTION('refdir',(1.,0.,0.));
#2815=DIRECTION('center_axis',(0.,0.,-1.));
#2816=DIRECTION('ref_axis',(0.0130818869784314,-0.999914428455297,0.));
#2817=DIRECTION('center_axis',(0.,0.,-1.));
#2818=DIRECTION('ref_axis',(0.0130818869784314,-0.999914428455297,0.));
#2819=DIRECTION('',(0.,0.,-1.));
#2820=DIRECTION('center_axis',(0.,0.,-1.));
#2821=DIRECTION('ref_axis',(0.0130818869784314,-0.999914428455297,0.));
#2822=DIRECTION('',(0.,0.,-1.));
#2823=DIRECTION('center_axis',(8.6354055418693E-16,-1.,0.));
#2824=DIRECTION('ref_axis',(-1.,-8.6354055418693E-16,0.));
#2825=DIRECTION('',(-1.,-8.6354055418693E-16,0.));
#2826=DIRECTION('',(0.,0.,-1.));
#2827=DIRECTION('',(-1.,-8.6354055418693E-16,0.));
#2828=DIRECTION('center_axis',(0.,0.,-1.));
#2829=DIRECTION('ref_axis',(0.987129864262059,-0.159920702480854,0.));
#2830=DIRECTION('center_axis',(0.,0.,-1.));
#2831=DIRECTION('ref_axis',(0.987129864262059,-0.159920702480854,0.));
#2832=DIRECTION('',(0.,0.,-1.));
#2833=DIRECTION('center_axis',(0.,0.,-1.));
#2834=DIRECTION('ref_axis',(0.987129864262059,-0.159920702480854,0.));
#2835=DIRECTION('center_axis',(0.,0.,-1.));
#2836=DIRECTION('ref_axis',(0.0130818869784312,-0.999914428455297,0.));
#2837=DIRECTION('center_axis',(0.,0.,1.));
#2838=DIRECTION('ref_axis',(0.0130818869784312,-0.999914428455297,0.));
#2839=DIRECTION('',(0.,0.,1.));
#2840=DIRECTION('',(0.,0.,-1.));
#2841=DIRECTION('center_axis',(0.,0.,1.));
#2842=DIRECTION('ref_axis',(0.0130818869784312,-0.999914428455297,0.));
#2843=DIRECTION('',(0.,0.,-1.));
#2844=DIRECTION('center_axis',(0.,0.,-1.));
#2845=DIRECTION('ref_axis',(0.997060340594973,0.0766203446392398,0.));
#2846=DIRECTION('center_axis',(0.,0.,1.));
#2847=DIRECTION('ref_axis',(-1.,0.,0.));
#2848=DIRECTION('',(0.,0.,-1.));
#2849=DIRECTION('center_axis',(0.,0.,1.));
#2850=DIRECTION('ref_axis',(-1.,0.,0.));
#2851=DIRECTION('center_axis',(0.,0.,-1.));
#2852=DIRECTION('ref_axis',(0.0130818869784312,-0.999914428455297,0.));
#2853=DIRECTION('center_axis',(0.,0.,1.));
#2854=DIRECTION('ref_axis',(0.0130818869784312,-0.999914428455297,0.));
#2855=DIRECTION('',(0.,0.,-1.));
#2856=DIRECTION('center_axis',(0.,0.,1.));
#2857=DIRECTION('ref_axis',(0.0130818869784312,-0.999914428455297,0.));
#2858=DIRECTION('',(0.,0.,-1.));
#2859=DIRECTION('center_axis',(0.,0.,-1.));
#2860=DIRECTION('ref_axis',(-0.0130818869784362,0.999914428455297,0.));
#2861=DIRECTION('center_axis',(0.,0.,-1.));
#2862=DIRECTION('ref_axis',(-0.0130818869784362,0.999914428455297,0.));
#2863=DIRECTION('center_axis',(0.,0.,-1.));
#2864=DIRECTION('ref_axis',(-0.0130818869784362,0.999914428455297,0.));
#2865=DIRECTION('center_axis',(0.,0.,1.));
#2866=DIRECTION('ref_axis',(-1.,0.,0.));
#2867=DIRECTION('',(0.925104441599783,-0.379712749499347,0.));
#2868=DIRECTION('',(0.342020143325668,0.939692620785909,0.));
#2869=DIRECTION('',(-0.939692620785908,0.342020143325669,0.));
#2870=DIRECTION('center_axis',(0.,0.,-1.));
#2871=DIRECTION('ref_axis',(-1.,0.,0.));
#2872=DIRECTION('center_axis',(0.,0.,-1.));
#2873=DIRECTION('ref_axis',(-1.,0.,0.));
#2874=DIRECTION('center_axis',(0.,0.,1.));
#2875=DIRECTION('ref_axis',(-1.,0.,0.));
#2876=DIRECTION('center_axis',(0.,0.,1.));
#2877=DIRECTION('ref_axis',(-1.,0.,0.));
#2878=DIRECTION('center_axis',(0.,0.,-1.));
#2879=DIRECTION('ref_axis',(-1.,0.,0.));
#2880=DIRECTION('center_axis',(0.,0.,1.));
#2881=DIRECTION('ref_axis',(1.,-9.4156575058936E-33,-7.40148683083438E-16));
#2882=DIRECTION('',(-0.939692620785909,0.342020143325669,0.));
#2883=DIRECTION('',(-0.342020143325669,-0.939692620785908,0.));
#2884=DIRECTION('',(-0.939692620785909,0.342020143325668,0.));
#2885=DIRECTION('',(-0.342020143325668,-0.939692620785909,0.));
#2886=DIRECTION('',(0.925104441599783,-0.379712749499347,0.));
#2887=DIRECTION('',(0.939692620785909,-0.342020143325668,0.));
#2888=DIRECTION('',(-0.342020143325669,-0.939692620785908,0.));
#2889=DIRECTION('',(0.939692620785909,-0.342020143325668,0.));
#2890=DIRECTION('',(0.342020143325669,0.939692620785908,0.));
#2891=DIRECTION('',(0.939692502292293,-0.342020468884026,0.));
#2892=DIRECTION('',(0.342020468883939,0.939692502292324,0.));
#2893=DIRECTION('',(-0.939692620785909,0.342020143325667,0.));
#2894=DIRECTION('',(0.34202014332567,0.939692620785908,0.));
#2895=DIRECTION('',(-0.939692620785909,0.342020143325669,0.));
#2896=DIRECTION('',(-1.,-1.58318119947787E-15,0.));
#2897=DIRECTION('center_axis',(0.,0.,1.));
#2898=DIRECTION('ref_axis',(-1.32960841272474E-15,1.,1.76783352469984E-16));
#2899=DIRECTION('',(-1.75716855873882E-15,1.,0.));
#2900=DIRECTION('',(-0.939692620785909,0.342020143325669,0.));
#2901=DIRECTION('center_axis',(0.,0.,1.));
#2902=DIRECTION('ref_axis',(1.,-9.4156575058936E-33,-7.40148683083438E-16));
#2903=DIRECTION('center_axis',(0.939692620785908,-0.342020143325669,0.));
#2904=DIRECTION('ref_axis',(-0.342020143325669,-0.939692620785908,0.));
#2905=DIRECTION('',(-0.342020143325669,-0.939692620785908,0.));
#2906=DIRECTION('',(0.,0.,-1.));
#2907=DIRECTION('',(0.,0.,-1.));
#2908=DIRECTION('center_axis',(0.342020143325668,0.939692620785909,0.));
#2909=DIRECTION('ref_axis',(0.939692620785909,-0.342020143325668,0.));
#2910=DIRECTION('',(0.939692620785909,-0.342020143325668,0.));
#2911=DIRECTION('',(0.,0.,-1.));
#2912=DIRECTION('center_axis',(-0.939692620785908,0.342020143325669,0.));
#2913=DIRECTION('ref_axis',(0.342020143325669,0.939692620785908,0.));
#2914=DIRECTION('',(0.342020143325669,0.939692620785908,0.));
#2915=DIRECTION('',(0.,0.,-1.));
#2916=DIRECTION('center_axis',(0.342020468884026,0.939692502292293,0.));
#2917=DIRECTION('ref_axis',(0.939692502292293,-0.342020468884026,0.));
#2918=DIRECTION('',(0.939692502292293,-0.342020468884026,0.));
#2919=DIRECTION('',(0.,0.,-1.));
#2920=DIRECTION('center_axis',(-0.939692502292325,0.342020468883939,0.));
#2921=DIRECTION('ref_axis',(0.342020468883939,0.939692502292324,0.));
#2922=DIRECTION('',(0.342020468883939,0.939692502292324,0.));
#2923=DIRECTION('',(0.,0.,-1.));
#2924=DIRECTION('center_axis',(-0.342020143325667,-0.939692620785909,0.));
#2925=DIRECTION('ref_axis',(-0.939692620785909,0.342020143325667,0.));
#2926=DIRECTION('',(-0.939692620785909,0.342020143325667,0.));
#2927=DIRECTION('',(0.,0.,-1.));
#2928=DIRECTION('center_axis',(-0.939692620785908,0.34202014332567,0.));
#2929=DIRECTION('ref_axis',(0.34202014332567,0.939692620785908,0.));
#2930=DIRECTION('',(0.34202014332567,0.939692620785908,0.));
#2931=DIRECTION('',(0.,0.,-1.));
#2932=DIRECTION('center_axis',(-0.342020143325669,-0.939692620785909,0.));
#2933=DIRECTION('ref_axis',(-0.939692620785909,0.342020143325669,0.));
#2934=DIRECTION('',(-7.40148683083438E-16,1.8503717077086E-16,-1.));
#2935=DIRECTION('',(0.939692620785909,-0.342020143325669,-8.00286519063514E-16));
#2936=DIRECTION('',(7.40148683083438E-16,-1.8503717077086E-16,1.));
#2937=DIRECTION('',(-7.07133409879931E-16,2.57375512851457E-16,-1.));
#2938=DIRECTION('',(0.939692620785909,-0.342020143325669,-8.00286519063514E-16));
#2939=DIRECTION('',(0.,0.,1.));
#2940=DIRECTION('',(-0.939692620785909,0.342020143325669,0.));
#2941=DIRECTION('',(0.,0.,-1.));
#2942=DIRECTION('center_axis',(0.939692620785908,-0.342020143325669,0.));
#2943=DIRECTION('ref_axis',(-0.342020143325669,-0.939692620785908,0.));
#2944=DIRECTION('',(-0.342020143325669,-0.939692620785908,0.));
#2945=DIRECTION('',(0.,0.,-1.));
#2946=DIRECTION('center_axis',(-0.342020143325668,-0.939692620785909,0.));
#2947=DIRECTION('ref_axis',(-0.939692620785909,0.342020143325668,0.));
#2948=DIRECTION('',(-0.939692620785909,0.342020143325668,0.));
#2949=DIRECTION('',(0.,0.,-1.));
#2950=DIRECTION('center_axis',(0.939692620785909,-0.342020143325668,0.));
#2951=DIRECTION('ref_axis',(-0.342020143325668,-0.939692620785909,0.));
#2952=DIRECTION('',(0.,0.,-1.));
#2953=DIRECTION('center_axis',(0.379712749499347,0.925104441599783,0.));
#2954=DIRECTION('ref_axis',(0.925104441599783,-0.379712749499347,0.));
#2955=DIRECTION('',(0.925104441599783,-0.379712749499347,0.));
#2956=DIRECTION('',(0.,0.,-1.));
#2957=DIRECTION('center_axis',(0.342020143325668,0.939692620785909,0.));
#2958=DIRECTION('ref_axis',(0.939692620785909,-0.342020143325668,0.));
#2959=DIRECTION('',(0.939692620785909,-0.342020143325668,0.));
#2960=DIRECTION('center_axis',(7.40148683083438E-16,-1.8503717077086E-16,
1.));
#2961=DIRECTION('ref_axis',(1.,-9.4156575058936E-33,-7.40148683083438E-16));
#2962=DIRECTION('center_axis',(7.91033905045427E-16,-1.6653345369378E-16,
1.));
#2963=DIRECTION('ref_axis',(1.,-9.41565750588992E-34,-7.91033905045427E-16));
#2964=DIRECTION('',(7.40148683083438E-16,-1.8503717077086E-16,1.));
#2965=DIRECTION('center_axis',(7.91033905045427E-16,-1.6653345369378E-16,
1.));
#2966=DIRECTION('ref_axis',(1.,-2.18952885050753E-47,-7.91033905045427E-16));
#2967=DIRECTION('center_axis',(7.91033905045427E-16,-1.6653345369378E-16,
1.));
#2968=DIRECTION('ref_axis',(1.,0.,-7.91033905045427E-16));
#2969=DIRECTION('',(-1.75716855873882E-15,1.,1.66533453693782E-16));
#2970=DIRECTION('center_axis',(-7.91033905045427E-16,1.6653345369378E-16,
-1.));
#2971=DIRECTION('ref_axis',(1.45393271951959E-15,-1.,-1.66533453693781E-16));
#2972=DIRECTION('',(-1.,-1.53366904907467E-15,7.91033905045426E-16));
#2973=DIRECTION('center_axis',(7.91033905045427E-16,-1.6653345369378E-16,
1.));
#2974=DIRECTION('ref_axis',(-2.65921682544947E-15,1.,1.66533453693782E-16));
#2975=DIRECTION('',(-1.,-1.95724546233086E-15,7.91033905045426E-16));
#2976=DIRECTION('',(0.,1.,1.6653345369378E-16));
#2977=DIRECTION('',(-1.,0.,7.91033905045427E-16));
#2978=DIRECTION('',(-1.8672048422715E-15,1.,1.66533453693782E-16));
#2979=DIRECTION('',(1.,1.17434727739852E-15,-7.91033905045426E-16));
#2980=DIRECTION('center_axis',(7.91033905045427E-16,-1.6653345369378E-16,
1.));
#2981=DIRECTION('ref_axis',(1.,-1.56228988495156E-14,-7.9103390504543E-16));
#2982=DIRECTION('',(1.,2.30050357361201E-15,-7.91033905045426E-16));
#2983=DIRECTION('center_axis',(-7.91033905045427E-16,1.6653345369378E-16,
-1.));
#2984=DIRECTION('ref_axis',(-1.,-1.09044953963969E-14,7.91033905045425E-16));
#2985=DIRECTION('',(-1.75716855873882E-15,1.,1.66533453693782E-16));
#2986=DIRECTION('center_axis',(7.91033905045427E-16,-1.6653345369378E-16,
1.));
#2987=DIRECTION('ref_axis',(1.,-1.72849093654216E-14,-7.9103390504543E-16));
#2988=DIRECTION('',(1.,1.3766793038938E-15,-7.91033905045426E-16));
#2989=DIRECTION('center_axis',(7.91033905045427E-16,-1.6653345369378E-16,
1.));
#2990=DIRECTION('ref_axis',(2.65921682544948E-15,-1.,-1.66533453693782E-16));
#2991=DIRECTION('',(8.78584279369412E-16,-1.,-1.66533453693781E-16));
#2992=DIRECTION('center_axis',(-7.91033905045427E-16,1.6653345369378E-16,
-1.));
#2993=DIRECTION('ref_axis',(1.30873636613373E-31,1.,1.6653345369378E-16));
#2994=DIRECTION('',(1.,1.150251786806E-15,-7.91033905045426E-16));
#2995=DIRECTION('center_axis',(7.91033905045427E-16,-1.6653345369378E-16,
1.));
#2996=DIRECTION('ref_axis',(7.61564797017144E-31,-1.,-1.6653345369378E-16));
#2997=DIRECTION('',(1.45698559662094E-15,-1.,-1.66533453693782E-16));
#2998=DIRECTION('center_axis',(7.91033905045427E-16,-1.6653345369378E-16,
1.));
#2999=DIRECTION('ref_axis',(-1.,-1.49580946431533E-14,7.91033905045424E-16));
#3000=DIRECTION('',(-1.,1.53366904907467E-15,7.91033905045427E-16));
#3001=DIRECTION('center_axis',(-7.91033905045427E-16,1.6653345369378E-16,
-1.));
#3002=DIRECTION('ref_axis',(1.,-5.81573087807832E-15,-7.91033905045428E-16));
#3003=DIRECTION('',(1.75716855873882E-15,-1.,-1.66533453693782E-16));
#3004=DIRECTION('center_axis',(7.91033905045427E-16,-1.6653345369378E-16,
1.));
#3005=DIRECTION('ref_axis',(-1.,-1.59553009526969E-14,7.91033905045424E-16));
#3006=DIRECTION('',(-1.,-1.58318119947787E-15,7.91033905045426E-16));
#3007=DIRECTION('center_axis',(1.,1.75716855873882E-15,-7.07133409879931E-16));
#3008=DIRECTION('ref_axis',(-1.75716855873882E-15,1.,1.66533453693782E-16));
#3009=DIRECTION('',(7.07133409879931E-16,-1.76783352469983E-16,1.));
#3010=DIRECTION('',(-1.75716855873882E-15,1.,1.66533453693782E-16));
#3011=DIRECTION('',(7.07133409879931E-16,-1.76783352469983E-16,1.));
#3012=DIRECTION('',(0.,0.,1.));
#3013=DIRECTION('',(0.,0.,1.));
#3014=DIRECTION('',(0.,0.,1.));
#3015=DIRECTION('',(0.,0.,1.));
#3016=DIRECTION('',(0.,0.,1.));
#3017=DIRECTION('',(0.,0.,1.));
#3018=DIRECTION('',(0.,0.,1.));
#3019=DIRECTION('',(0.,0.,-1.));
#3020=DIRECTION('center_axis',(0.,0.,1.));
#3021=DIRECTION('ref_axis',(-1.,0.,0.));
#3022=DIRECTION('center_axis',(0.,0.,-1.));
#3023=DIRECTION('ref_axis',(-1.,0.,0.));
#3024=DIRECTION('',(0.707106781186547,8.65956056235492E-17,0.707106781186548));
#3025=DIRECTION('center_axis',(0.,0.,-1.));
#3026=DIRECTION('ref_axis',(-1.,0.,0.));
#3027=DIRECTION('center_axis',(0.,0.,1.));
#3028=DIRECTION('ref_axis',(-1.,0.,0.));
#3029=DIRECTION('center_axis',(0.,0.,1.));
#3030=DIRECTION('ref_axis',(-1.,0.,0.));
#3031=DIRECTION('center_axis',(0.,0.,-1.));
#3032=DIRECTION('ref_axis',(-1.,0.,0.));
#3033=DIRECTION('',(0.707106781186547,8.65956056235492E-17,0.707106781186548));
#3034=DIRECTION('center_axis',(0.,0.,-1.));
#3035=DIRECTION('ref_axis',(-1.,0.,0.));
#3036=DIRECTION('center_axis',(0.,0.,1.));
#3037=DIRECTION('ref_axis',(-1.,0.,0.));
#3038=DIRECTION('center_axis',(0.,0.,1.));
#3039=DIRECTION('ref_axis',(-1.,0.,0.));
#3040=DIRECTION('center_axis',(0.,0.,-1.));
#3041=DIRECTION('ref_axis',(-1.,0.,0.));
#3042=DIRECTION('',(0.707106781186547,8.65956056235492E-17,0.707106781186548));
#3043=DIRECTION('center_axis',(0.,0.,-1.));
#3044=DIRECTION('ref_axis',(-1.,0.,0.));
#3045=DIRECTION('center_axis',(0.,0.,1.));
#3046=DIRECTION('ref_axis',(-1.,0.,0.));
#3047=DIRECTION('center_axis',(0.,0.,1.));
#3048=DIRECTION('ref_axis',(-1.,0.,0.));
#3049=DIRECTION('center_axis',(0.,0.,-1.));
#3050=DIRECTION('ref_axis',(-1.,0.,0.));
#3051=DIRECTION('',(0.707106781186547,8.65956056235492E-17,0.707106781186548));
#3052=DIRECTION('center_axis',(0.,0.,-1.));
#3053=DIRECTION('ref_axis',(-1.,0.,0.));
#3054=DIRECTION('center_axis',(0.,0.,1.));
#3055=DIRECTION('ref_axis',(-1.,0.,0.));
#3056=DIRECTION('center_axis',(0.,0.,1.));
#3057=DIRECTION('ref_axis',(-1.,0.,0.));
#3058=DIRECTION('center_axis',(1.22464679913478E-16,-1.,-7.54626171001562E-15));
#3059=DIRECTION('ref_axis',(-1.,-1.22464679914735E-16,1.66533453693777E-13));
#3060=DIRECTION('center_axis',(0.,0.,-1.));
#3061=DIRECTION('ref_axis',(-1.,-6.12323399573674E-17,0.));
#3062=DIRECTION('center_axis',(0.,0.,-1.));
#3063=DIRECTION('ref_axis',(-1.,-6.12323399573674E-17,0.));
#3064=DIRECTION('center_axis',(0.,0.,1.));
#3065=DIRECTION('ref_axis',(-1.,0.,0.));
#3066=DIRECTION('center_axis',(0.,0.,1.));
#3067=DIRECTION('ref_axis',(-1.,0.,0.));
#3068=DIRECTION('center_axis',(0.,0.,-1.));
#3069=DIRECTION('ref_axis',(-1.,0.,0.));
#3070=DIRECTION('',(0.707106781186547,8.65956056235493E-17,0.707106781186548));
#3071=DIRECTION('center_axis',(0.,0.,-1.));
#3072=DIRECTION('ref_axis',(-1.,0.,0.));
#3073=DIRECTION('center_axis',(0.,0.,-1.));
#3074=DIRECTION('ref_axis',(-1.,0.,0.));
#3075=DIRECTION('',(0.,0.,-1.));
#3076=DIRECTION('center_axis',(1.22464679913965E-16,-1.,-1.73322070659559E-14));
#3077=DIRECTION('ref_axis',(-1.,-1.22464679914735E-16,4.44089209850072E-14));
#3078=DIRECTION('center_axis',(0.,0.,-1.));
#3079=DIRECTION('ref_axis',(-1.,-6.12323399573674E-17,0.));
#3080=DIRECTION('center_axis',(0.,0.,-1.));
#3081=DIRECTION('ref_axis',(-1.,-6.12323399573674E-17,0.));
#3082=DIRECTION('center_axis',(0.,0.,1.));
#3083=DIRECTION('ref_axis',(-1.,0.,0.));
#3084=DIRECTION('center_axis',(0.,0.,-1.));
#3085=DIRECTION('ref_axis',(-1.,0.,0.));
#3086=DIRECTION('',(0.707106781186547,8.65956056235493E-17,0.707106781186548));
#3087=DIRECTION('center_axis',(0.,0.,1.));
#3088=DIRECTION('ref_axis',(-1.,0.,0.));
#3089=DIRECTION('center_axis',(-7.69704614087611E-28,-1.,-1.73322070659513E-14));
#3090=DIRECTION('ref_axis',(-1.,0.,4.44089209850071E-14));
#3091=DIRECTION('center_axis',(0.,1.3589990236205E-14,-1.));
#3092=DIRECTION('ref_axis',(-1.,0.,0.));
#3093=DIRECTION('center_axis',(0.,1.3589990236205E-14,-1.));
#3094=DIRECTION('ref_axis',(-1.,0.,0.));
#3095=DIRECTION('center_axis',(0.,0.,1.));
#3096=DIRECTION('ref_axis',(-1.,0.,0.));
#3097=DIRECTION('center_axis',(0.,0.,1.));
#3098=DIRECTION('ref_axis',(-1.,0.,0.));
#3099=DIRECTION('center_axis',(0.,0.,-1.));
#3100=DIRECTION('ref_axis',(-1.,0.,0.));
#3101=DIRECTION('',(0.707106781186549,8.65956056235496E-17,0.707106781186546));
#3102=DIRECTION('center_axis',(0.,0.,-1.));
#3103=DIRECTION('ref_axis',(-1.,0.,0.));
#3104=DIRECTION('center_axis',(0.,0.,-1.));
#3105=DIRECTION('ref_axis',(-1.,0.,0.));
#3106=DIRECTION('',(0.,0.,-1.));
#3107=DIRECTION('center_axis',(0.,0.,1.));
#3108=DIRECTION('ref_axis',(-1.,0.,0.));
#3109=DIRECTION('center_axis',(-1.39633891671764E-28,-1.,-2.51542057000494E-15));
#3110=DIRECTION('ref_axis',(-1.,0.,5.55111512312592E-14));
#3111=DIRECTION('center_axis',(0.,1.3589990236205E-14,-1.));
#3112=DIRECTION('ref_axis',(-1.,0.,0.));
#3113=DIRECTION('center_axis',(0.,1.3589990236205E-14,-1.));
#3114=DIRECTION('ref_axis',(-1.,0.,0.));
#3115=DIRECTION('center_axis',(0.,0.,1.));
#3116=DIRECTION('ref_axis',(-1.,0.,0.));
#3117=DIRECTION('center_axis',(0.,0.,1.));
#3118=DIRECTION('ref_axis',(-1.,0.,0.));
#3119=DIRECTION('center_axis',(0.,0.,-1.));
#3120=DIRECTION('ref_axis',(-1.,0.,0.));
#3121=DIRECTION('',(0.707106781186549,8.65956056235496E-17,0.707106781186546));
#3122=DIRECTION('center_axis',(0.,0.,-1.));
#3123=DIRECTION('ref_axis',(-1.,0.,0.));
#3124=DIRECTION('center_axis',(0.,0.,-1.));
#3125=DIRECTION('ref_axis',(-1.,0.,0.));
#3126=DIRECTION('',(0.,0.,-1.));
#3127=DIRECTION('center_axis',(0.,0.,1.));
#3128=DIRECTION('ref_axis',(-1.,0.,0.));
#3129=DIRECTION('center_axis',(0.,0.,1.));
#3130=DIRECTION('ref_axis',(-1.,0.,0.));
#3131=DIRECTION('center_axis',(0.,0.,1.));
#3132=DIRECTION('ref_axis',(-1.,0.,0.));
#3133=DIRECTION('center_axis',(0.,0.,1.));
#3134=DIRECTION('ref_axis',(-1.,0.,0.));
#3135=DIRECTION('center_axis',(0.,0.,1.));
#3136=DIRECTION('ref_axis',(-1.,0.,0.));
#3137=DIRECTION('center_axis',(0.,0.,1.));
#3138=DIRECTION('ref_axis',(-1.,0.,0.));
#3139=DIRECTION('',(0.,0.,1.));
#3140=DIRECTION('center_axis',(0.,0.,-1.));
#3141=DIRECTION('ref_axis',(-1.,0.,0.));
#3142=DIRECTION('center_axis',(0.,0.,1.));
#3143=DIRECTION('ref_axis',(0.,-1.,0.));
#3144=DIRECTION('center_axis',(0.,0.,1.));
#3145=DIRECTION('ref_axis',(0.,-1.,0.));
#3146=DIRECTION('',(0.,0.,1.));
#3147=DIRECTION('center_axis',(0.,0.,-1.));
#3148=DIRECTION('ref_axis',(0.,-1.,0.));
#3149=DIRECTION('center_axis',(0.,0.,1.));
#3150=DIRECTION('ref_axis',(0.,1.,0.));
#3151=DIRECTION('center_axis',(0.,0.,1.));
#3152=DIRECTION('ref_axis',(0.,1.,0.));
#3153=DIRECTION('',(0.,0.,1.));
#3154=DIRECTION('center_axis',(0.,0.,-1.));
#3155=DIRECTION('ref_axis',(0.,1.,0.));
#3156=DIRECTION('center_axis',(0.,0.,1.));
#3157=DIRECTION('ref_axis',(1.,0.,0.));
#3158=DIRECTION('center_axis',(0.,0.,1.));
#3159=DIRECTION('ref_axis',(1.,0.,0.));
#3160=DIRECTION('',(0.,0.,1.));
#3161=DIRECTION('center_axis',(0.,0.,-1.));
#3162=DIRECTION('ref_axis',(1.,0.,0.));
#3163=DIRECTION('center_axis',(0.,0.,1.));
#3164=DIRECTION('ref_axis',(1.,0.,0.));
#3165=DIRECTION('center_axis',(0.,0.,1.));
#3166=DIRECTION('ref_axis',(0.,-1.,0.));
#3167=DIRECTION('center_axis',(0.,0.,1.));
#3168=DIRECTION('ref_axis',(1.,0.,0.));
#3169=DIRECTION('center_axis',(0.,0.,1.));
#3170=DIRECTION('ref_axis',(-1.,0.,0.));
#3171=DIRECTION('center_axis',(0.,0.,1.));
#3172=DIRECTION('ref_axis',(1.,0.,0.));
#3173=DIRECTION('center_axis',(0.,0.,1.));
#3174=DIRECTION('ref_axis',(1.,0.,0.));
#3175=DIRECTION('center_axis',(0.,0.,1.));
#3176=DIRECTION('ref_axis',(1.,0.,0.));
#3177=DIRECTION('center_axis',(0.,0.,1.));
#3178=DIRECTION('ref_axis',(0.,1.,0.));
#3179=DIRECTION('center_axis',(0.,0.,1.));
#3180=DIRECTION('ref_axis',(1.,0.,0.));
#3181=DIRECTION('center_axis',(0.,0.,-1.));
#3182=DIRECTION('ref_axis',(1.,4.50410706805699E-33,0.));
#3183=DIRECTION('center_axis',(0.,0.,-1.));
#3184=DIRECTION('ref_axis',(1.,4.50410706805699E-33,0.));
#3185=DIRECTION('',(1.,1.11022302462516E-16,0.));
#3186=DIRECTION('',(0.,-1.,0.));
#3187=DIRECTION('',(-1.,0.,0.));
#3188=DIRECTION('',(0.,1.,0.));
#3189=DIRECTION('',(0.,0.,1.));
#3190=DIRECTION('',(0.,0.,1.));
#3191=DIRECTION('',(0.,0.,1.));
#3192=DIRECTION('center_axis',(1.11022302462516E-16,-1.,0.));
#3193=DIRECTION('ref_axis',(1.,1.11022302462516E-16,0.));
#3194=DIRECTION('',(0.,0.,-1.));
#3195=DIRECTION('',(7.07133409879931E-16,-1.76783352469983E-16,1.));
#3196=DIRECTION('',(-1.,-1.95724546233086E-15,7.91033905045426E-16));
#3197=DIRECTION('',(0.,0.,1.));
#3198=DIRECTION('',(-1.,-1.11022302462516E-16,0.));
#3199=DIRECTION('',(0.,0.,1.));
#3200=DIRECTION('center_axis',(1.,0.,0.));
#3201=DIRECTION('ref_axis',(0.,1.,0.));
#3202=DIRECTION('',(0.,0.,1.));
#3203=DIRECTION('center_axis',(7.91033905045427E-16,-1.6653345369378E-16,
1.));
#3204=DIRECTION('ref_axis',(1.,0.,-7.91033905045427E-16));
#3205=DIRECTION('center_axis',(7.91033905045427E-16,-1.6653345369378E-16,
1.));
#3206=DIRECTION('ref_axis',(-1.32960841272474E-15,1.,1.66533453693781E-16));
#3207=DIRECTION('',(1.,1.58318119947787E-15,-7.91033905045426E-16));
#3208=DIRECTION('center_axis',(-7.91033905045427E-16,1.6653345369378E-16,
-1.));
#3209=DIRECTION('ref_axis',(-1.51050751649681E-15,1.,1.66533453693781E-16));
#3210=DIRECTION('',(1.8672048422715E-15,-1.,-1.66533453693782E-16));
#3211=DIRECTION('center_axis',(7.91033905045427E-16,-1.6653345369378E-16,
1.));
#3212=DIRECTION('ref_axis',(-2.65921682544947E-15,1.,1.66533453693782E-16));
#3213=DIRECTION('',(-1.,-1.53366904907467E-15,7.91033905045426E-16));
#3214=DIRECTION('center_axis',(-7.91033905045427E-16,1.6653345369378E-16,
-1.));
#3215=DIRECTION('ref_axis',(1.45393271951959E-15,-1.,-1.66533453693781E-16));
#3216=DIRECTION('center_axis',(0.,0.,1.));
#3217=DIRECTION('ref_axis',(1.,-6.79728382423562E-15,0.));
#3218=DIRECTION('center_axis',(-7.91033905045427E-16,1.6653345369378E-16,
-1.));
#3219=DIRECTION('ref_axis',(1.,-6.79728382423562E-15,-7.91033905045428E-16));
#3220=DIRECTION('',(0.,0.,1.));
#3221=DIRECTION('center_axis',(7.91033905045427E-16,-1.6653345369378E-16,
1.));
#3222=DIRECTION('ref_axis',(1.,-6.79728382423562E-15,-7.91033905045428E-16));
#3223=DIRECTION('',(0.,0.,1.));
#3224=DIRECTION('center_axis',(0.,0.,1.));
#3225=DIRECTION('ref_axis',(-1.51050751649681E-15,1.,0.));
#3226=DIRECTION('',(0.,0.,1.));
#3227=DIRECTION('center_axis',(7.91033905045427E-16,-1.6653345369378E-16,
1.));
#3228=DIRECTION('ref_axis',(-1.51050751649681E-15,1.,1.66533453693781E-16));
#3229=DIRECTION('',(0.,0.,1.));
#3230=DIRECTION('center_axis',(0.,0.,1.));
#3231=DIRECTION('ref_axis',(-1.,-6.04203006598725E-15,0.));
#3232=DIRECTION('center_axis',(-7.91033905045427E-16,1.6653345369378E-16,
-1.));
#3233=DIRECTION('ref_axis',(-1.,-6.04203006598725E-15,7.91033905045426E-16));
#3234=DIRECTION('',(0.,0.,1.));
#3235=DIRECTION('center_axis',(7.91033905045427E-16,-1.6653345369378E-16,
1.));
#3236=DIRECTION('ref_axis',(-1.,-6.04203006598725E-15,7.91033905045426E-16));
#3237=DIRECTION('',(0.,0.,1.));
#3238=DIRECTION('center_axis',(-1.,-1.35796715801563E-15,0.));
#3239=DIRECTION('ref_axis',(1.35796715801563E-15,-1.,-1.66533453693782E-16));
#3240=DIRECTION('',(-1.35796715801563E-15,1.,1.66533453693782E-16));
#3241=DIRECTION('',(0.,0.,1.));
#3242=DIRECTION('',(1.35796715801563E-15,-1.,-1.66533453693782E-16));
#3243=DIRECTION('center_axis',(0.,0.,1.));
#3244=DIRECTION('ref_axis',(1.51050751649681E-15,-1.,0.));
#3245=DIRECTION('center_axis',(-7.91033905045427E-16,1.6653345369378E-16,
-1.));
#3246=DIRECTION('ref_axis',(1.51050751649681E-15,-1.,-1.66533453693781E-16));
#3247=DIRECTION('',(0.,0.,1.));
#3248=DIRECTION('center_axis',(7.91033905045427E-16,-1.6653345369378E-16,
1.));
#3249=DIRECTION('ref_axis',(1.51050751649681E-15,-1.,-1.66533453693781E-16));
#3250=DIRECTION('center_axis',(1.,1.8672048422715E-15,0.));
#3251=DIRECTION('ref_axis',(-1.8672048422715E-15,1.,1.66533453693782E-16));
#3252=DIRECTION('',(-1.8672048422715E-15,1.,1.66533453693782E-16));
#3253=DIRECTION('',(1.8672048422715E-15,-1.,-1.66533453693782E-16));
#3254=DIRECTION('',(7.07133409879931E-16,-1.76783352469983E-16,1.));
#3255=DIRECTION('',(0.,0.,1.));
#3256=DIRECTION('',(1.32031320583453E-15,-0.707106781186547,0.707106781186548));
#3257=DIRECTION('',(1.8672048422715E-15,-1.,-1.66533453693782E-16));
#3258=DIRECTION('',(1.32031320583453E-15,-0.707106781186547,-0.707106781186548));
#3259=DIRECTION('center_axis',(1.3766793038938E-15,-1.,0.));
#3260=DIRECTION('ref_axis',(1.,1.3766793038938E-15,-7.91033905045427E-16));
#3261=DIRECTION('',(-5.97707002610579E-16,-8.22850860286382E-31,-1.));
#3262=DIRECTION('',(1.,1.3766793038938E-15,-7.91033905045426E-16));
#3263=DIRECTION('',(-1.,-1.3766793038938E-15,7.91033905045426E-16));
#3264=DIRECTION('',(7.07133409879931E-16,-1.76783352469983E-16,1.));
#3265=DIRECTION('',(7.07133409879931E-16,-1.76783352469983E-16,1.));
#3266=DIRECTION('',(-1.,-1.3766793038938E-15,7.91033905045426E-16));
#3267=DIRECTION('',(1.,1.3766793038938E-15,-7.91033905045426E-16));
#3268=DIRECTION('',(8.82590363556295E-16,1.21504388732406E-30,1.));
#3269=DIRECTION('',(-1.,-1.3766793038938E-15,7.91033905045427E-16));
#3270=DIRECTION('center_axis',(7.91033905045427E-16,-1.6653345369378E-16,
1.));
#3271=DIRECTION('ref_axis',(1.,0.,-7.91033905045427E-16));
#3272=DIRECTION('',(1.,1.17434727739852E-15,-7.91033905045426E-16));
#3273=DIRECTION('center_axis',(7.91033905045427E-16,-1.6653345369378E-16,
1.));
#3274=DIRECTION('ref_axis',(1.,-1.72849093654216E-14,-7.9103390504543E-16));
#3275=DIRECTION('',(-1.75716855873882E-15,1.,1.66533453693782E-16));
#3276=DIRECTION('center_axis',(-7.91033905045427E-16,1.6653345369378E-16,
-1.));
#3277=DIRECTION('ref_axis',(-1.,-1.09044953963969E-14,7.91033905045425E-16));
#3278=DIRECTION('',(1.,2.30050357361201E-15,-7.91033905045426E-16));
#3279=DIRECTION('center_axis',(7.91033905045427E-16,-1.6653345369378E-16,
1.));
#3280=DIRECTION('ref_axis',(1.,-1.56228988495156E-14,-7.9103390504543E-16));
#3281=DIRECTION('center_axis',(7.91033905045427E-16,-1.6653345369378E-16,
1.));
#3282=DIRECTION('ref_axis',(1.,-9.4156575058897E-34,-7.91033905045427E-16));
#3283=DIRECTION('center_axis',(7.91033905045427E-16,-1.6653345369378E-16,
1.));
#3284=DIRECTION('ref_axis',(1.,0.,-7.91033905045427E-16));
#3285=DIRECTION('center_axis',(7.91033905045427E-16,-1.6653345369378E-16,
1.));
#3286=DIRECTION('ref_axis',(-1.,-1.59553009526969E-14,7.91033905045424E-16));
#3287=DIRECTION('',(1.75716855873882E-15,-1.,-1.66533453693782E-16));
#3288=DIRECTION('center_axis',(-7.91033905045427E-16,1.6653345369378E-16,
-1.));
#3289=DIRECTION('ref_axis',(1.,-5.81573087807832E-15,-7.91033905045428E-16));
#3290=DIRECTION('',(-1.,1.53366904907467E-15,7.91033905045427E-16));
#3291=DIRECTION('center_axis',(7.91033905045427E-16,-1.6653345369378E-16,
1.));
#3292=DIRECTION('ref_axis',(-1.,-1.49580946431533E-14,7.91033905045424E-16));
#3293=DIRECTION('',(1.45698559662094E-15,-1.,-1.66533453693782E-16));
#3294=DIRECTION('center_axis',(7.91033905045427E-16,-1.6653345369378E-16,
1.));
#3295=DIRECTION('ref_axis',(7.61564797017144E-31,-1.,-1.6653345369378E-16));
#3296=DIRECTION('',(1.,1.150251786806E-15,-7.91033905045426E-16));
#3297=DIRECTION('center_axis',(-7.91033905045427E-16,1.6653345369378E-16,
-1.));
#3298=DIRECTION('ref_axis',(1.30873636613373E-31,1.,1.6653345369378E-16));
#3299=DIRECTION('',(8.78584279369412E-16,-1.,-1.66533453693781E-16));
#3300=DIRECTION('center_axis',(7.91033905045427E-16,-1.6653345369378E-16,
1.));
#3301=DIRECTION('ref_axis',(2.65921682544948E-15,-1.,-1.66533453693782E-16));
#3302=DIRECTION('',(1.,1.58318119947787E-15,-7.91033905045426E-16));
#3303=DIRECTION('center_axis',(7.91033905045427E-16,-1.6653345369378E-16,
1.));
#3304=DIRECTION('ref_axis',(1.,-9.41565750588992E-34,-7.91033905045427E-16));
#3305=DIRECTION('center_axis',(7.91033905045427E-16,-1.6653345369378E-16,
1.));
#3306=DIRECTION('ref_axis',(1.,-9.41565750588992E-34,-7.91033905045427E-16));
#3307=DIRECTION('center_axis',(7.07133409879931E-16,-1.76783352469983E-16,
1.));
#3308=DIRECTION('ref_axis',(1.,-1.72849093654216E-14,-7.07133409879934E-16));
#3309=DIRECTION('',(7.07133409879931E-16,-1.76783352469983E-16,1.));
#3310=DIRECTION('center_axis',(1.,1.75716855873882E-15,-7.07133409879931E-16));
#3311=DIRECTION('ref_axis',(-1.75716855873882E-15,1.,1.66533453693782E-16));
#3312=DIRECTION('',(7.07133409879931E-16,-1.76783352469983E-16,1.));
#3313=DIRECTION('center_axis',(7.07133409879931E-16,-1.76783352469983E-16,
1.));
#3314=DIRECTION('ref_axis',(-1.,-1.09044953963969E-14,7.07133409879929E-16));
#3315=DIRECTION('',(7.07133409879931E-16,-1.76783352469983E-16,1.));
#3316=DIRECTION('center_axis',(2.30050357361201E-15,-1.,-1.76783352469984E-16));
#3317=DIRECTION('ref_axis',(1.,2.30050357361201E-15,-7.91033905045426E-16));
#3318=DIRECTION('',(7.07133409879931E-16,-1.76783352469983E-16,1.));
#3319=DIRECTION('center_axis',(7.07133409879931E-16,-1.76783352469983E-16,
1.));
#3320=DIRECTION('ref_axis',(1.,-1.56228988495156E-14,-7.07133409879934E-16));
#3321=DIRECTION('',(7.07133409879931E-16,-1.76783352469983E-16,1.));
#3322=DIRECTION('center_axis',(1.17434727739852E-15,-1.,-1.76783352469984E-16));
#3323=DIRECTION('ref_axis',(1.,1.17434727739852E-15,-7.91033905045427E-16));
#3324=DIRECTION('center_axis',(7.07133409879931E-16,-1.76783352469983E-16,
1.));
#3325=DIRECTION('ref_axis',(-2.65921682544947E-15,1.,1.76783352469985E-16));
#3326=DIRECTION('',(7.07133409879931E-16,-1.76783352469983E-16,1.));
#3327=DIRECTION('center_axis',(-1.53366904907467E-15,1.,1.76783352469984E-16));
#3328=DIRECTION('ref_axis',(-1.,-1.53366904907467E-15,7.91033905045427E-16));
#3329=DIRECTION('',(7.07133409879931E-16,-1.76783352469983E-16,1.));
#3330=DIRECTION('center_axis',(7.07133409879931E-16,-1.76783352469983E-16,
1.));
#3331=DIRECTION('ref_axis',(1.45393271951959E-15,-1.,-1.76783352469984E-16));
#3332=DIRECTION('center_axis',(7.07133409879931E-16,-1.76783352469983E-16,
1.));
#3333=DIRECTION('ref_axis',(2.65921682544948E-15,-1.,-1.76783352469985E-16));
#3334=DIRECTION('',(7.07133409879931E-16,-1.76783352469983E-16,1.));
#3335=DIRECTION('center_axis',(-1.,-8.78584279369412E-16,7.07133409879931E-16));
#3336=DIRECTION('ref_axis',(8.78584279369412E-16,-1.,-1.66533453693781E-16));
#3337=DIRECTION('',(7.07133409879931E-16,-1.76783352469983E-16,1.));
#3338=DIRECTION('center_axis',(7.07133409879931E-16,-1.76783352469983E-16,
1.));
#3339=DIRECTION('ref_axis',(1.38981654068633E-31,1.,1.76783352469983E-16));
#3340=DIRECTION('',(7.07133409879931E-16,-1.76783352469983E-16,1.));
#3341=DIRECTION('center_axis',(1.150251786806E-15,-1.,-1.76783352469984E-16));
#3342=DIRECTION('ref_axis',(1.,1.150251786806E-15,-6.92571010134409E-15));
#3343=DIRECTION('',(7.07133409879931E-16,-1.76783352469983E-16,1.));
#3344=DIRECTION('center_axis',(7.07133409879931E-16,-1.76783352469983E-16,
1.));
#3345=DIRECTION('ref_axis',(7.53456779561884E-31,-1.,-1.76783352469983E-16));
#3346=DIRECTION('',(7.07133409879931E-16,-1.76783352469983E-16,1.));
#3347=DIRECTION('center_axis',(-1.,-1.45698559662094E-15,7.07133409879931E-16));
#3348=DIRECTION('ref_axis',(1.45698559662094E-15,-1.,-1.66533453693782E-16));
#3349=DIRECTION('',(7.07133409879931E-16,-1.76783352469983E-16,1.));
#3350=DIRECTION('center_axis',(7.07133409879931E-16,-1.76783352469983E-16,
1.));
#3351=DIRECTION('ref_axis',(-1.,-1.49580946431533E-14,7.07133409879928E-16));
#3352=DIRECTION('',(7.07133409879931E-16,-1.76783352469983E-16,1.));
#3353=DIRECTION('center_axis',(1.53366904907468E-15,1.,1.76783352469982E-16));
#3354=DIRECTION('ref_axis',(-1.,1.53366904907468E-15,7.91033905045427E-16));
#3355=DIRECTION('',(7.07133409879931E-16,-1.76783352469983E-16,1.));
#3356=DIRECTION('center_axis',(7.07133409879931E-16,-1.76783352469983E-16,
1.));
#3357=DIRECTION('ref_axis',(1.,-5.81573087807832E-15,-7.07133409879932E-16));
#3358=DIRECTION('',(7.07133409879931E-16,-1.76783352469983E-16,1.));
#3359=DIRECTION('center_axis',(-1.,-1.75716855873882E-15,7.07133409879931E-16));
#3360=DIRECTION('ref_axis',(1.75716855873882E-15,-1.,-1.66533453693782E-16));
#3361=DIRECTION('',(7.07133409879931E-16,-1.76783352469983E-16,1.));
#3362=DIRECTION('center_axis',(7.07133409879931E-16,-1.76783352469983E-16,
1.));
#3363=DIRECTION('ref_axis',(-1.,-1.59553009526969E-14,7.07133409879928E-16));
#3364=DIRECTION('',(7.07133409879931E-16,-1.76783352469983E-16,1.));
#3365=DIRECTION('center_axis',(7.07133409879931E-16,-1.76783352469983E-16,
1.));
#3366=DIRECTION('ref_axis',(-1.32960841272474E-15,1.,1.76783352469984E-16));
#3367=DIRECTION('',(7.07133409879931E-16,-1.76783352469983E-16,1.));
#3368=DIRECTION('center_axis',(-7.91033905045427E-16,1.6653345369378E-16,
-1.));
#3369=DIRECTION('ref_axis',(1.,2.18952885050753E-47,-7.91033905045427E-16));
#3370=DIRECTION('center_axis',(7.91033905045427E-16,-1.6653345369378E-16,
1.));
#3371=DIRECTION('ref_axis',(1.,2.18952885050753E-47,-7.91033905045427E-16));
#3372=DIRECTION('center_axis',(7.40148683083437E-16,-1.85037170770859E-16,
1.));
#3373=DIRECTION('ref_axis',(1.,-9.41565750589377E-33,-7.40148683083437E-16));
#3374=DIRECTION('',(7.40148683083437E-16,-1.85037170770859E-16,1.));
#3375=DIRECTION('center_axis',(-7.91033905045427E-16,1.6653345369378E-16,
-1.));
#3376=DIRECTION('ref_axis',(1.,-2.18952885050753E-47,-7.91033905045427E-16));
#3377=DIRECTION('center_axis',(7.91033905045427E-16,-1.6653345369378E-16,
1.));
#3378=DIRECTION('ref_axis',(1.,-2.18952885050753E-47,-7.91033905045427E-16));
#3379=DIRECTION('center_axis',(7.40148683083438E-16,-1.8503717077086E-16,
1.));
#3380=DIRECTION('ref_axis',(1.,-9.41565750589357E-33,-7.40148683083438E-16));
#3381=DIRECTION('',(7.40148683083438E-16,-1.8503717077086E-16,1.));
#3382=DIRECTION('center_axis',(-7.91033905045427E-16,1.6653345369378E-16,
-1.));
#3383=DIRECTION('ref_axis',(1.,2.18952885050753E-47,-7.91033905045427E-16));
#3384=DIRECTION('center_axis',(7.91033905045427E-16,-1.6653345369378E-16,
1.));
#3385=DIRECTION('ref_axis',(1.,2.18952885050753E-47,-7.91033905045427E-16));
#3386=DIRECTION('center_axis',(7.40148683083437E-16,-1.85037170770859E-16,
1.));
#3387=DIRECTION('ref_axis',(1.,-9.41565750589377E-33,-7.40148683083437E-16));
#3388=DIRECTION('',(7.40148683083437E-16,-1.85037170770859E-16,1.));
#3389=DIRECTION('center_axis',(-7.91033905045427E-16,1.6653345369378E-16,
-1.));
#3390=DIRECTION('ref_axis',(1.,-2.18952885050753E-47,-7.91033905045427E-16));
#3391=DIRECTION('center_axis',(-1.58318119947787E-15,1.,0.));
#3392=DIRECTION('ref_axis',(-1.,-1.58318119947787E-15,7.91033905045427E-16));
#3393=DIRECTION('',(-1.,-1.58318119947787E-15,7.91033905045426E-16));
#3394=DIRECTION('',(8.82590363556295E-16,1.39730047042266E-30,1.));
#3395=DIRECTION('',(1.,1.58318119947787E-15,-7.91033905045427E-16));
#3396=DIRECTION('',(-5.97707002610579E-16,-9.4627848932934E-31,-1.));
#3397=DIRECTION('',(-1.,-1.58318119947787E-15,7.91033905045426E-16));
#3398=DIRECTION('center_axis',(-7.91033905045427E-16,1.6653345369378E-16,
-1.));
#3399=DIRECTION('ref_axis',(1.,0.,-7.91033905045427E-16));
#3400=DIRECTION('center_axis',(7.91033905045427E-16,-1.6653345369378E-16,
1.));
#3401=DIRECTION('ref_axis',(-0.866025403784439,0.5,7.68322183871037E-16));
#3402=DIRECTION('',(-0.500000000000003,0.866025403784437,5.39739154001489E-16));
#3403=DIRECTION('',(-0.5,-0.866025403784439,2.5129475104394E-16));
#3404=DIRECTION('center_axis',(-7.91033905045427E-16,1.6653345369378E-16,
-1.));
#3405=DIRECTION('ref_axis',(1.,7.7037197775461E-34,-7.91033905045427E-16));
#3406=DIRECTION('center_axis',(7.40148683083437E-16,-2.46716227694479E-16,
1.));
#3407=DIRECTION('ref_axis',(-0.866025403784439,0.5,7.64345675975094E-16));
#3408=DIRECTION('center_axis',(7.91033905045427E-16,-1.6653345369378E-16,
1.));
#3409=DIRECTION('ref_axis',(-0.866025403784439,0.5,7.68322183871037E-16));
#3410=DIRECTION('',(7.40148683083437E-16,-2.46716227694479E-16,1.));
#3411=DIRECTION('',(7.40148683083437E-16,-2.46716227694479E-16,1.));
#3412=DIRECTION('center_axis',(-0.866025403784439,0.5,7.64345675975094E-16));
#3413=DIRECTION('ref_axis',(-0.5,-0.866025403784439,2.5129475104394E-16));
#3414=DIRECTION('',(-0.5,-0.866025403784439,2.5129475104394E-16));
#3415=DIRECTION('center_axis',(0.866025403784437,0.500000000000003,-5.17629448280613E-16));
#3416=DIRECTION('ref_axis',(-0.500000000000003,0.866025403784437,5.39739154001489E-16));
#3417=DIRECTION('',(-0.500000000000003,0.866025403784437,5.39739154001489E-16));
#3418=DIRECTION('center_axis',(-7.91033905045427E-16,1.6653345369378E-16,
-1.));
#3419=DIRECTION('ref_axis',(1.,0.,-7.91033905045427E-16));
#3420=DIRECTION('',(0.500000000000003,-0.866025403784437,-5.39739154001489E-16));
#3421=DIRECTION('',(0.5,0.866025403784438,-2.5129475104394E-16));
#3422=DIRECTION('center_axis',(7.91033905045427E-16,-1.6653345369378E-16,
1.));
#3423=DIRECTION('ref_axis',(0.866025403784439,-0.499999999999999,-7.68322183871038E-16));
#3424=DIRECTION('center_axis',(-7.91033905045427E-16,1.6653345369378E-16,
-1.));
#3425=DIRECTION('ref_axis',(1.,7.70371977754544E-34,-7.91033905045427E-16));
#3426=DIRECTION('center_axis',(-0.866025403784437,-0.500000000000003,5.17629448280613E-16));
#3427=DIRECTION('ref_axis',(0.500000000000003,-0.866025403784437,-5.39739154001489E-16));
#3428=DIRECTION('',(0.500000000000003,-0.866025403784437,-5.39739154001489E-16));
#3429=DIRECTION('',(7.40148683083437E-16,-2.46716227694479E-16,1.));
#3430=DIRECTION('center_axis',(7.40148683083437E-16,-2.46716227694479E-16,
1.));
#3431=DIRECTION('ref_axis',(0.866025403784439,-0.499999999999999,-7.64345675975094E-16));
#3432=DIRECTION('center_axis',(7.91033905045427E-16,-1.6653345369378E-16,
1.));
#3433=DIRECTION('ref_axis',(0.866025403784439,-0.499999999999999,-7.68322183871038E-16));
#3434=DIRECTION('',(7.40148683083437E-16,-2.46716227694479E-16,1.));
#3435=DIRECTION('center_axis',(0.866025403784438,-0.5,-7.64345675975094E-16));
#3436=DIRECTION('ref_axis',(0.5,0.866025403784438,-2.5129475104394E-16));
#3437=DIRECTION('',(0.5,0.866025403784438,-2.5129475104394E-16));
#3438=DIRECTION('center_axis',(-7.91033905045427E-16,1.6653345369378E-16,
-1.));
#3439=DIRECTION('ref_axis',(-1.,0.,7.91033905045427E-16));
#3440=DIRECTION('center_axis',(7.91033905045427E-16,-1.6653345369378E-16,
1.));
#3441=DIRECTION('ref_axis',(1.,1.31733608196093E-31,-7.91033905045427E-16));
#3442=DIRECTION('center_axis',(0.,0.,1.));
#3443=DIRECTION('ref_axis',(1.,0.,0.));
#3444=DIRECTION('center_axis',(7.91033905045427E-16,-1.6653345369378E-16,
1.));
#3445=DIRECTION('ref_axis',(1.,1.31733608196093E-31,-7.91033905045427E-16));
#3446=DIRECTION('',(0.,0.,1.));
#3447=DIRECTION('center_axis',(-7.91033905045427E-16,1.6653345369378E-16,
-1.));
#3448=DIRECTION('ref_axis',(-1.,0.,7.91033905045427E-16));
#3449=DIRECTION('center_axis',(7.91033905045427E-16,-1.6653345369378E-16,
1.));
#3450=DIRECTION('ref_axis',(1.,1.31733608196093E-31,-7.91033905045427E-16));
#3451=DIRECTION('center_axis',(0.,0.,1.));
#3452=DIRECTION('ref_axis',(1.,0.,0.));
#3453=DIRECTION('center_axis',(7.91033905045427E-16,-1.6653345369378E-16,
1.));
#3454=DIRECTION('ref_axis',(1.,1.31733608196093E-31,-7.91033905045427E-16));
#3455=DIRECTION('',(0.,0.,1.));
#3456=DIRECTION('center_axis',(-7.91033905045427E-16,1.6653345369378E-16,
-1.));
#3457=DIRECTION('ref_axis',(-1.,0.,7.91033905045427E-16));
#3458=DIRECTION('center_axis',(7.91033905045427E-16,-1.6653345369378E-16,
1.));
#3459=DIRECTION('ref_axis',(1.,1.31733608196093E-31,-7.91033905045427E-16));
#3460=DIRECTION('center_axis',(0.,0.,1.));
#3461=DIRECTION('ref_axis',(1.,0.,0.));
#3462=DIRECTION('center_axis',(7.91033905045427E-16,-1.6653345369378E-16,
1.));
#3463=DIRECTION('ref_axis',(1.,1.31733608196093E-31,-7.91033905045427E-16));
#3464=DIRECTION('',(0.,0.,1.));
#3465=DIRECTION('center_axis',(-7.91033905045427E-16,1.6653345369378E-16,
-1.));
#3466=DIRECTION('ref_axis',(-1.,0.,7.91033905045427E-16));
#3467=DIRECTION('center_axis',(7.91033905045427E-16,-1.6653345369378E-16,
1.));
#3468=DIRECTION('ref_axis',(1.,1.31733608196093E-31,-7.91033905045427E-16));
#3469=DIRECTION('center_axis',(0.,0.,1.));
#3470=DIRECTION('ref_axis',(1.,0.,0.));
#3471=DIRECTION('center_axis',(7.91033905045427E-16,-1.6653345369378E-16,
1.));
#3472=DIRECTION('ref_axis',(1.,1.31733608196093E-31,-7.91033905045427E-16));
#3473=DIRECTION('',(0.,0.,1.));
#3474=DIRECTION('center_axis',(0.,0.707106781186548,0.707106781186547));
#3475=DIRECTION('ref_axis',(1.,0.,0.));
#3476=DIRECTION('',(0.,-0.707106781186547,0.707106781186548));
#3477=DIRECTION('',(-1.,0.,0.));
#3478=DIRECTION('',(1.,0.,0.));
#3479=DIRECTION('center_axis',(0.,0.,1.));
#3480=DIRECTION('ref_axis',(1.,0.,0.));
#3481=DIRECTION('',(1.,1.11022302462516E-16,0.));
#3482=DIRECTION('',(0.,-1.,0.));
#3483=DIRECTION('center_axis',(7.85046229341888E-17,-0.707106781186548,
0.707106781186547));
#3484=DIRECTION('ref_axis',(1.,-9.86076131526265E-32,-1.11022302462516E-16));
#3485=DIRECTION('',(0.,-0.707106781186547,-0.707106781186548));
#3486=DIRECTION('center_axis',(-7.91033905045427E-16,1.6653345369378E-16,
-1.));
#3487=DIRECTION('ref_axis',(-1.,0.,7.91033905045427E-16));
#3488=DIRECTION('center_axis',(-7.91033905045427E-16,1.6653345369378E-16,
-1.));
#3489=DIRECTION('ref_axis',(-1.31733608196093E-31,-1.,-1.6653345369378E-16));
#3490=DIRECTION('center_axis',(-7.91033905045427E-16,1.6653345369378E-16,
-1.));
#3491=DIRECTION('ref_axis',(-1.,-1.31733608196093E-31,7.91033905045427E-16));
#3492=DIRECTION('center_axis',(-7.91033905045427E-16,1.6653345369378E-16,
-1.));
#3493=DIRECTION('ref_axis',(1.,1.31733608196093E-31,-7.91033905045427E-16));
#3494=DIRECTION('center_axis',(-7.91033905045427E-16,1.6653345369378E-16,
-1.));
#3495=DIRECTION('ref_axis',(1.31733608196093E-31,1.,1.6653345369378E-16));
#3496=DIRECTION('center_axis',(1.57868181833504E-15,1.,1.66533453693781E-16));
#3497=DIRECTION('ref_axis',(1.,-1.57868181833504E-15,0.));
#3498=DIRECTION('center_axis',(-1.,-2.58351313920203E-16,7.91033905045428E-16));
#3499=DIRECTION('ref_axis',(-7.91033905045428E-16,-2.18952885050753E-46,
-1.));
#3500=DIRECTION('center_axis',(-1.35373048903346E-15,1.,1.66533453693781E-16));
#3501=DIRECTION('ref_axis',(0.,1.66533453693781E-16,-1.));
#3502=DIRECTION('center_axis',(1.,-2.50929389164257E-16,-7.91033905045425E-16));
#3503=DIRECTION('ref_axis',(-7.91033905045425E-16,0.,-1.));
#3504=DIRECTION('center_axis',(0.,0.,1.));
#3505=DIRECTION('ref_axis',(0.,1.,0.));
#3506=DIRECTION('',(0.,0.,1.));
#3507=DIRECTION('center_axis',(0.,0.,1.));
#3508=DIRECTION('ref_axis',(1.,0.,0.));
#3509=DIRECTION('',(0.,0.,1.));
#3510=DIRECTION('center_axis',(0.,0.,1.));
#3511=DIRECTION('ref_axis',(-1.,0.,0.));
#3512=DIRECTION('',(0.,0.,1.));
#3513=DIRECTION('center_axis',(0.,0.,1.));
#3514=DIRECTION('ref_axis',(0.,-1.,0.));
#3515=DIRECTION('',(0.,0.,1.));
#3516=DIRECTION('center_axis',(8.32667268468867E-16,-1.85037170770859E-16,
1.));
#3517=DIRECTION('ref_axis',(1.,7.70371977754829E-33,-8.32667268468867E-16));
#3518=DIRECTION('',(8.32667268468867E-16,-1.85037170770859E-16,1.));
#3519=DIRECTION('center_axis',(8.32667268468868E-16,-1.8503717077086E-16,
1.));
#3520=DIRECTION('ref_axis',(1.,7.70371977754853E-33,-8.32667268468868E-16));
#3521=DIRECTION('',(8.32667268468868E-16,-1.8503717077086E-16,1.));
#3522=DIRECTION('center_axis',(-1.,0.,0.));
#3523=DIRECTION('ref_axis',(0.,-1.,0.));
#3524=DIRECTION('',(0.,0.,1.));
#3525=DIRECTION('center_axis',(0.,1.,0.));
#3526=DIRECTION('ref_axis',(-1.,0.,0.));
#3527=DIRECTION('',(0.,0.,-1.));
#3528=CARTESIAN_POINT('',(0.,0.,0.));
#3529=CARTESIAN_POINT('Origin',(32.7349083551287,-1.18843424360887,149.));
#3530=CARTESIAN_POINT('',(50.1130927998933,6.02844529003362,149.));
#3531=CARTESIAN_POINT('',(32.9810719935218,-20.0039610303475,149.));
#3532=CARTESIAN_POINT('Origin',(32.7349083551287,-1.18843424360887,149.));
#3533=CARTESIAN_POINT('',(50.1130927998933,6.02844529003362,141.5));
#3534=CARTESIAN_POINT('',(50.1130927998933,6.02844529003362,149.));
#3535=CARTESIAN_POINT('',(32.9810719935218,-20.0039610303475,141.5));
#3536=CARTESIAN_POINT('Origin',(32.7349083551287,-1.18843424360887,141.5));
#3537=CARTESIAN_POINT('',(32.9810719935218,-20.0039610303475,149.));
#3538=CARTESIAN_POINT('Origin',(50.4961260229803,6.02844529003362,149.));
#3539=CARTESIAN_POINT('',(50.4961260229803,6.02844529003362,149.));
#3540=CARTESIAN_POINT('',(25.2480630114902,6.0284452900336,149.));
#3541=CARTESIAN_POINT('',(50.4961260229803,6.02844529003362,141.5));
#3542=CARTESIAN_POINT('',(50.4961260229803,6.02844529003362,149.));
#3543=CARTESIAN_POINT('',(47.9247979730302,6.02844529003362,141.5));
#3544=CARTESIAN_POINT('Origin',(35.1383163772305,-0.158385423349525,149.));
#3545=CARTESIAN_POINT('',(48.1093418395529,10.1319833672658,149.));
#3546=CARTESIAN_POINT('Origin',(35.1383163772305,-0.158385423349525,149.));
#3547=CARTESIAN_POINT('',(48.1093418395529,10.1319833672658,141.5));
#3548=CARTESIAN_POINT('',(48.1093418395529,10.1319833672658,149.));
#3549=CARTESIAN_POINT('Origin',(35.1383163772305,-0.158385423349525,141.5));
#3550=CARTESIAN_POINT('Origin',(32.7349083551287,-1.18843424360887,149.));
#3551=CARTESIAN_POINT('',(49.4015231457109,1.05657093009464,149.));
#3552=CARTESIAN_POINT('',(47.9247979730302,6.02844529003362,149.));
#3553=CARTESIAN_POINT('Origin',(32.7349083551287,-1.18843424360887,149.));
#3554=CARTESIAN_POINT('',(49.4015231457108,1.05657093009465,148.414213562373));
#3555=CARTESIAN_POINT('',(49.4015231457109,1.05657093009465,149.));
#3556=CARTESIAN_POINT('',(49.4015231457109,1.05657093009464,141.5));
#3557=CARTESIAN_POINT('',(49.4015231457109,1.05657093009464,149.));
#3558=CARTESIAN_POINT('',(47.9247979730302,6.02844529003362,141.5));
#3559=CARTESIAN_POINT('Origin',(32.7349083551287,-1.18843424360887,141.5));
#3560=CARTESIAN_POINT('',(47.9247979730302,6.02844529003362,149.));
#3561=CARTESIAN_POINT('Origin',(48.2,3.46944695195361E-17,149.));
#3562=CARTESIAN_POINT('',(49.5488493349584,-0.860584377956076,148.414213562373));
#3563=CARTESIAN_POINT('Origin',(48.2,3.46944695195361E-17,148.414213562373));
#3564=CARTESIAN_POINT('',(49.5488493349585,-0.860584377956086,141.5));
#3565=CARTESIAN_POINT('',(49.5488493349585,-0.860584377956086,149.));
#3566=CARTESIAN_POINT('Origin',(48.2,3.46944695195361E-17,141.5));
#3567=CARTESIAN_POINT('Origin',(32.7349083551287,-1.18843424360887,149.));
#3568=CARTESIAN_POINT('',(32.9549082406366,-18.0041321731622,149.));
#3569=CARTESIAN_POINT('',(49.5488493349585,-0.860584377956086,149.));
#3570=CARTESIAN_POINT('Origin',(32.7349083551287,-1.18843424360887,149.));
#3571=CARTESIAN_POINT('',(32.9549082406366,-18.0041321731622,141.5));
#3572=CARTESIAN_POINT('',(32.9549082406366,-18.0041321731622,149.));
#3573=CARTESIAN_POINT('Origin',(32.7349083551287,-1.18843424360887,141.5));
#3574=CARTESIAN_POINT('',(49.5488493349585,-0.860584377956096,149.));
#3575=CARTESIAN_POINT('Origin',(32.967990127615,-19.004046601617,149.));
#3576=CARTESIAN_POINT('Origin',(32.967990127615,-19.004046601617,149.));
#3577=CARTESIAN_POINT('Origin',(32.967990127615,-19.004046601617,141.5));
#3578=CARTESIAN_POINT('Origin',(41.7600177403437,-4.77428822203454,141.5));
#3579=CARTESIAN_POINT('',(47.3212222231287,10.4554701575475,141.5));
#3580=CARTESIAN_POINT('',(46.2591329563548,10.8914088662656,141.5));
#3581=CARTESIAN_POINT('',(45.9690088071667,6.74029433090827,141.5));
#3582=CARTESIAN_POINT('',(44.5485785539751,2.83769428435423,141.5));
#3583=CARTESIAN_POINT('',(44.8910523830521,7.13263838312201,141.5));
#3584=CARTESIAN_POINT('Origin',(48.2,3.46944695195361E-17,149.));
#3585=CARTESIAN_POINT('Origin',(48.2,3.46944695195361E-17,149.));
#3586=CARTESIAN_POINT('',(46.6,9.18240530413435E-15,148.414213562373));
#3587=CARTESIAN_POINT('Origin',(48.2,3.46944695195361E-17,148.414213562373));
#3588=CARTESIAN_POINT('Origin',(48.2,3.46944695195361E-17,148.414213562373));
#3589=CARTESIAN_POINT('Origin',(1.17190084963593,25.2579805712144,135.));
#3590=CARTESIAN_POINT('',(25.9750829503919,10.8249547071287,135.));
#3591=CARTESIAN_POINT('',(23.7969228236558,11.9887703356361,135.));
#3592=CARTESIAN_POINT('Origin',(25.1969228236558,11.9887703356361,135.));
#3593=CARTESIAN_POINT('',(41.9856061499164,4.99760082747333,135.));
#3594=CARTESIAN_POINT('',(41.9856061499164,4.99760082747333,135.));
#3595=CARTESIAN_POINT('',(43.0116671414803,7.81667866977335,135.));
#3596=CARTESIAN_POINT('',(45.4058075831731,14.3945270353324,135.));
#3597=CARTESIAN_POINT('',(45.9690088071667,6.74029433090827,135.));
#3598=CARTESIAN_POINT('',(43.0116671414803,7.81667866977335,135.));
#3599=CARTESIAN_POINT('',(47.3212222231287,10.4554701575475,135.));
#3600=CARTESIAN_POINT('',(47.3212222231287,10.4554701575475,135.));
#3601=CARTESIAN_POINT('',(46.2591329563548,10.8914088662656,135.));
#3602=CARTESIAN_POINT('',(46.2591329563548,10.8914088662656,135.));
#3603=CARTESIAN_POINT('',(44.379747714783,11.575449152917,135.));
#3604=CARTESIAN_POINT('',(46.2591329563548,10.8914088662656,135.));
#3605=CARTESIAN_POINT('',(45.4058075831731,14.3945270353324,135.));
#3606=CARTESIAN_POINT('',(45.4058075831731,14.3945270353324,135.));
#3607=CARTESIAN_POINT('',(-40.1062215594615,45.5183603149554,135.));
#3608=CARTESIAN_POINT('',(-41.9856061499164,46.2024003646196,135.));
#3609=CARTESIAN_POINT('',(-41.474301713538,41.7595889577104,135.));
#3610=CARTESIAN_POINT('',(-42.1583426614991,39.8802039251207,135.));
#3611=CARTESIAN_POINT('',(-44.2933792204149,42.7856503643625,135.));
#3612=CARTESIAN_POINT('',(-41.474301713538,41.7595889577104,135.));
#3613=CARTESIAN_POINT('',(-44.9774205238568,40.9062643550977,135.));
#3614=CARTESIAN_POINT('',(-44.2933792204149,42.7856503643625,135.));
#3615=CARTESIAN_POINT('',(-42.1583426614991,39.8802039251207,135.));
#3616=CARTESIAN_POINT('',(-42.1583426614991,39.8802039251207,135.));
#3617=CARTESIAN_POINT('',(-43.5264223416014,36.1214338701092,135.));
#3618=CARTESIAN_POINT('',(-41.474301713538,41.7595889577104,135.));
#3619=CARTESIAN_POINT('',(11.6991473399346,16.0209703356361,135.));
#3620=CARTESIAN_POINT('',(41.9856061499164,4.99760082747333,135.));
#3621=CARTESIAN_POINT('',(17.3229228236558,16.0209703356361,135.));
#3622=CARTESIAN_POINT('',(13.4384118366459,16.0209703356361,135.));
#3623=CARTESIAN_POINT('',(18.9929228236558,14.3509703356361,135.));
#3624=CARTESIAN_POINT('Origin',(17.3229228236558,14.3509703356361,135.));
#3625=CARTESIAN_POINT('',(18.9929228236558,13.366253164141,135.));
#3626=CARTESIAN_POINT('',(18.9929228236558,17.2771754534253,135.));
#3627=CARTESIAN_POINT('',(23.8527313167488,11.5974275284211,135.));
#3628=CARTESIAN_POINT('',(41.9856061499164,4.99760082747333,135.));
#3629=CARTESIAN_POINT('Origin',(25.1969228236558,11.9887703356361,135.));
#3630=CARTESIAN_POINT('Origin',(45.4058075831731,14.3945270353324,149.));
#3631=CARTESIAN_POINT('',(45.4058075831731,14.3945270353324,149.));
#3632=CARTESIAN_POINT('',(44.379747714783,11.575449152917,149.));
#3633=CARTESIAN_POINT('',(40.4369164270822,0.742610784245034,149.));
#3634=CARTESIAN_POINT('',(45.4058075831731,14.3945270353324,149.));
#3635=CARTESIAN_POINT('',(44.379747714783,11.575449152917,149.));
#3636=CARTESIAN_POINT('Origin',(-40.1062215594615,45.5183603149554,149.));
#3637=CARTESIAN_POINT('',(-40.1062215594615,45.5183603149554,149.));
#3638=CARTESIAN_POINT('',(-15.0842196236399,36.4110964085651,149.));
#3639=CARTESIAN_POINT('',(-40.1062215594615,45.5183603149554,149.));
#3640=CARTESIAN_POINT('Origin',(-41.4743023646548,41.7595891946975,149.));
#3641=CARTESIAN_POINT('',(-41.474301713538,41.7595889577104,149.));
#3642=CARTESIAN_POINT('',(-45.759153118149,29.9870585037391,149.));
#3643=CARTESIAN_POINT('',(-41.474301713538,41.7595889577104,149.));
#3644=CARTESIAN_POINT('Origin',(-44.2933792204149,42.7856503643625,149.));
#3645=CARTESIAN_POINT('',(-44.2933792204149,42.7856503643625,149.));
#3646=CARTESIAN_POINT('',(-17.8618379333297,33.165345719722,149.));
#3647=CARTESIAN_POINT('',(-44.2933792204149,42.7856503643625,149.));
#3648=CARTESIAN_POINT('Origin',(-44.9774205238568,40.9062643550977,149.));
#3649=CARTESIAN_POINT('',(-44.9774205238568,40.9062643550977,149.));
#3650=CARTESIAN_POINT('',(-48.9202515490133,30.0734368221865,149.));
#3651=CARTESIAN_POINT('',(-44.9774205238568,40.9062643550977,149.));
#3652=CARTESIAN_POINT('Origin',(-42.1583426614991,39.8802039251207,149.));
#3653=CARTESIAN_POINT('',(-42.1583426614991,39.8802039251207,149.));
#3654=CARTESIAN_POINT('',(-17.1363407256775,30.7729400187304,149.));
#3655=CARTESIAN_POINT('',(-42.1583426614991,39.8802039251207,149.));
#3656=CARTESIAN_POINT('Origin',(-43.5264223416014,36.1214338701092,149.));
#3657=CARTESIAN_POINT('',(-43.5264223416014,36.1214338701092,149.));
#3658=CARTESIAN_POINT('',(-46.7852127810639,27.1679807229514,149.));
#3659=CARTESIAN_POINT('',(-43.5264223416014,36.1214338701092,149.));
#3660=CARTESIAN_POINT('Origin',(41.9856061499164,4.99760082747333,149.));
#3661=CARTESIAN_POINT('',(25.9750829503919,10.8249547071287,135.282922823656));
#3662=CARTESIAN_POINT('',(25.9750829503919,10.8249547071287,123.282922823656));
#3663=CARTESIAN_POINT('',(23.8527313167487,11.5974275284211,135.282922823656));
#3664=CARTESIAN_POINT('',(33.4497566417434,8.10439597262411,135.282922823656));
#3665=CARTESIAN_POINT('',(23.8527313167487,11.5974275284211,123.282922823656));
#3666=CARTESIAN_POINT('',(18.9929228236559,13.366253164141,140.446922823656));
#3667=CARTESIAN_POINT('',(18.9929228236558,13.366253164141,136.141461411828));
#3668=CARTESIAN_POINT('',(11.6991473399345,16.0209703356361,140.446922823656));
#3669=CARTESIAN_POINT('',(21.8069171867912,12.3420429765668,140.446922823656));
#3670=CARTESIAN_POINT('',(11.6991473399346,16.0209703356361,136.141461411828));
#3671=CARTESIAN_POINT('',(41.9856061499164,4.99760082747333,149.));
#3672=CARTESIAN_POINT('',(24.2515935144207,11.4522535608945,149.));
#3673=CARTESIAN_POINT('',(41.9856061499164,4.99760082747333,149.));
#3674=CARTESIAN_POINT('Origin',(43.0116666391402,7.8166788526102,149.));
#3675=CARTESIAN_POINT('',(43.0116671414803,7.81667866977335,149.));
#3676=CARTESIAN_POINT('',(39.2398459550658,-2.54631330711607,149.));
#3677=CARTESIAN_POINT('',(43.0116671414803,7.81667866977335,149.));
#3678=CARTESIAN_POINT('Origin',(45.9690088071667,6.74029433090827,149.));
#3679=CARTESIAN_POINT('',(26.7563250876577,13.7331393251804,149.));
#3680=CARTESIAN_POINT('',(45.9690088071667,6.74029433090827,149.));
#3681=CARTESIAN_POINT('Origin',(47.3212222231287,10.4554701575475,149.));
#3682=CARTESIAN_POINT('',(47.3212222231287,10.4554701575475,149.));
#3683=CARTESIAN_POINT('Origin',(46.2591329563548,10.8914088662656,149.));
#3684=CARTESIAN_POINT('',(46.2591329563548,10.8914088662656,149.));
#3685=CARTESIAN_POINT('',(28.9084071077573,18.0130824001071,149.));
#3686=CARTESIAN_POINT('',(46.2591329563548,10.8914088662656,149.));
#3687=CARTESIAN_POINT('Origin',(44.379747714783,11.575449152917,149.));
#3688=CARTESIAN_POINT('',(26.6457348281172,18.0301019777566,149.));
#3689=CARTESIAN_POINT('Origin',(25.1969228236558,11.9887703356361,123.282922823656));
#3690=CARTESIAN_POINT('',(23.7969228236558,11.9887703356361,126.330922823656));
#3691=CARTESIAN_POINT('Origin',(25.1969228236558,11.9887703356361,126.330922823656));
#3692=CARTESIAN_POINT('',(23.7969228236558,11.9887703356361,123.282922823656));
#3693=CARTESIAN_POINT('Origin',(25.1969228236558,11.9887703356361,135.282922823656));
#3694=CARTESIAN_POINT('Origin',(-5.53707717634414,-2.96643639114686E-5,
140.446922823656));
#3695=CARTESIAN_POINT('',(18.9929228236559,9.29637033563611,140.446922823656));
#3696=CARTESIAN_POINT('',(18.9929228236559,4.64817033563612,140.446922823656));
#3697=CARTESIAN_POINT('',(22.0473228236559,6.24197033563614,140.446922823656));
#3698=CARTESIAN_POINT('Origin',(22.0473228236559,9.29637033563614,140.446922823656));
#3699=CARTESIAN_POINT('',(24.9429228236559,6.24197033563614,140.446922823656));
#3700=CARTESIAN_POINT('',(9.70292282365585,6.24197033563612,140.446922823656));
#3701=CARTESIAN_POINT('',(25.8087353193481,5.99999999999998,140.446922823656));
#3702=CARTESIAN_POINT('Origin',(24.9429228236559,4.57197033563614,140.446922823656));
#3703=CARTESIAN_POINT('',(28.,5.99999999999998,140.446922823656));
#3704=CARTESIAN_POINT('',(11.5539228236559,5.99999999999995,140.446922823656));
#3705=CARTESIAN_POINT('',(28.,-6.,140.446922823656));
#3706=CARTESIAN_POINT('',(28.,-3.00001483218196,140.446922823656));
#3707=CARTESIAN_POINT('',(28.6449228236559,-6.,140.446922823656));
#3708=CARTESIAN_POINT('',(16.2314614118279,-6.,140.446922823656));
#3709=CARTESIAN_POINT('',(28.6449228236559,-6.00005932872774,140.446922823656));
#3710=CARTESIAN_POINT('',(28.6449228236559,-3.0000444965458,140.446922823656));
#3711=CARTESIAN_POINT('',(25.8087353193482,-6.00005932872775,140.446922823656));
#3712=CARTESIAN_POINT('',(10.135829071502,-6.00005932872777,140.446922823656));
#3713=CARTESIAN_POINT('',(24.9429228236559,-6.24202966436386,140.446922823656));
#3714=CARTESIAN_POINT('Origin',(24.9429228236559,-4.57202966436386,140.446922823656));
#3715=CARTESIAN_POINT('',(22.0473228236559,-6.24202966436386,140.446922823656));
#3716=CARTESIAN_POINT('',(8.25512282365587,-6.2420296643639,140.446922823656));
#3717=CARTESIAN_POINT('',(18.9929228236559,-9.2964296643639,140.446922823656));
#3718=CARTESIAN_POINT('Origin',(22.0473228236559,-9.29642966436387,140.446922823656));
#3719=CARTESIAN_POINT('',(18.9929228236559,-14.3510296643639,140.446922823656));
#3720=CARTESIAN_POINT('',(18.9929228236559,-7.17552966436389,140.446922823656));
#3721=CARTESIAN_POINT('',(17.3229228236559,-16.0210296643639,140.446922823656));
#3722=CARTESIAN_POINT('Origin',(17.3229228236559,-14.3510296643639,140.446922823656));
#3723=CARTESIAN_POINT('',(-30.4290771763441,-16.0210296643639,140.446922823656));
#3724=CARTESIAN_POINT('',(-17.9830771763441,-16.0210296643639,140.446922823656));
#3725=CARTESIAN_POINT('',(-32.0990771763442,-14.351029664364,140.446922823656));
#3726=CARTESIAN_POINT('Origin',(-30.4290771763442,-14.3510296643639,140.446922823656));
#3727=CARTESIAN_POINT('',(-32.0990771763442,-9.29642966436398,140.446922823656));
#3728=CARTESIAN_POINT('',(-32.0990771763442,-4.64822966436396,140.446922823656));
#3729=CARTESIAN_POINT('',(-35.1534771763442,-6.24202966436396,140.446922823656));
#3730=CARTESIAN_POINT('Origin',(-35.1534771763442,-9.29642966436396,140.446922823656));
#3731=CARTESIAN_POINT('',(-38.0490771763442,-6.24202966436397,140.446922823656));
#3732=CARTESIAN_POINT('',(-21.7930771763442,-6.24202966436395,140.446922823656));
#3733=CARTESIAN_POINT('',(-39.7190771763442,-4.57202966436399,140.446922823656));
#3734=CARTESIAN_POINT('Origin',(-38.0490771763442,-4.57202966436397,140.446922823656));
#3735=CARTESIAN_POINT('',(-39.7190771763442,4.57197033563601,140.446922823656));
#3736=CARTESIAN_POINT('',(-39.7190771763442,2.28597033563602,140.446922823656));
#3737=CARTESIAN_POINT('',(-38.0490771763442,6.24197033563604,140.446922823656));
#3738=CARTESIAN_POINT('Origin',(-38.0490771763442,4.57197033563604,140.446922823656));
#3739=CARTESIAN_POINT('',(-35.1534771763442,6.24197033563603,140.446922823656));
#3740=CARTESIAN_POINT('',(-20.3452771763442,6.24197033563601,140.446922823656));
#3741=CARTESIAN_POINT('',(-32.0990771763442,9.29637033563602,140.446922823656));
#3742=CARTESIAN_POINT('Origin',(-35.1534771763442,9.29637033563604,140.446922823656));
#3743=CARTESIAN_POINT('',(-32.0990771763442,14.350970335636,140.446922823656));
#3744=CARTESIAN_POINT('',(-32.0990771763442,7.17547033563604,140.446922823656));
#3745=CARTESIAN_POINT('',(-30.4290771763442,16.0209703356361,140.446922823656));
#3746=CARTESIAN_POINT('Origin',(-30.4290771763442,14.3509703356361,140.446922823656));
#3747=CARTESIAN_POINT('',(5.89292282365584,16.0209703356361,140.446922823656));
#3748=CARTESIAN_POINT('Origin',(18.9929228236558,9.29637033563611,123.282922823656));
#3749=CARTESIAN_POINT('',(18.9929228236558,14.3509703356361,126.330922823656));
#3750=CARTESIAN_POINT('',(18.9929228236558,14.3509703356361,123.282922823656));
#3751=CARTESIAN_POINT('',(18.9929228236558,9.29637033563611,126.330922823656));
#3752=CARTESIAN_POINT('',(18.9929228236559,4.64817033563612,126.330922823656));
#3753=CARTESIAN_POINT('',(18.9929228236558,9.29637033563611,123.282922823656));
#3754=CARTESIAN_POINT('Ctrl Pts',(-8.88178419700125E-15,-55.,141.));
#3755=CARTESIAN_POINT('Ctrl Pts',(-8.88178419700125E-15,-55.,146.5));
#3756=CARTESIAN_POINT('Ctrl Pts',(18.4985182512891,-55.,141.));
#3757=CARTESIAN_POINT('Ctrl Pts',(18.4985182512891,-55.,146.5));
#3758=CARTESIAN_POINT('Ctrl Pts',(29.4702244546802,-54.1429252877041,141.));
#3759=CARTESIAN_POINT('Ctrl Pts',(29.4702244546802,-54.1429252877041,146.5));
#3760=CARTESIAN_POINT('Ctrl Pts',(39.7364814788248,-51.2825226729332,141.));
#3761=CARTESIAN_POINT('Ctrl Pts',(39.7364814788248,-51.2825226729332,146.5));
#3762=CARTESIAN_POINT('Ctrl Pts',(42.2035401066384,-50.1991998204407,141.));
#3763=CARTESIAN_POINT('Ctrl Pts',(42.2035401066384,-50.1991998204407,146.5));
#3764=CARTESIAN_POINT('Ctrl Pts',(46.1634937697336,-47.5147404266171,141.));
#3765=CARTESIAN_POINT('Ctrl Pts',(46.1634937697336,-47.5147404266171,146.5));
#3766=CARTESIAN_POINT('Ctrl Pts',(47.7253591958859,-45.9193374181498,141.));
#3767=CARTESIAN_POINT('Ctrl Pts',(47.7253591958859,-45.9193374181498,146.5));
#3768=CARTESIAN_POINT('Ctrl Pts',(50.5903342326,-41.5327801330397,141.));
#3769=CARTESIAN_POINT('Ctrl Pts',(50.5903342326,-41.5327801330397,146.5));
#3770=CARTESIAN_POINT('Ctrl Pts',(51.7834201337899,-38.4775874486166,141.));
#3771=CARTESIAN_POINT('Ctrl Pts',(51.7834201337899,-38.4775874486166,146.5));
#3772=CARTESIAN_POINT('Ctrl Pts',(54.2905407535863,-27.3599285017665,141.));
#3773=CARTESIAN_POINT('Ctrl Pts',(54.2905407535863,-27.3599285017665,146.5));
#3774=CARTESIAN_POINT('Ctrl Pts',(55.,-16.8302862017669,141.));
#3775=CARTESIAN_POINT('Ctrl Pts',(55.,-16.8302862017669,146.5));
#3776=CARTESIAN_POINT('Ctrl Pts',(55.,-8.88178419700125E-15,141.));
#3777=CARTESIAN_POINT('Ctrl Pts',(55.,-8.88178419700125E-15,146.5));
#3778=CARTESIAN_POINT('',(-3.33066907387547E-15,-55.,146.));
#3779=CARTESIAN_POINT('',(55.,-1.22124532708767E-14,146.));
#3780=CARTESIAN_POINT('Ctrl Pts',(-8.88178419700125E-15,-55.,146.));
#3781=CARTESIAN_POINT('Ctrl Pts',(18.4985182512891,-55.,146.));
#3782=CARTESIAN_POINT('Ctrl Pts',(29.4702244546802,-54.1429252877041,146.));
#3783=CARTESIAN_POINT('Ctrl Pts',(39.7364814788248,-51.2825226729332,146.));
#3784=CARTESIAN_POINT('Ctrl Pts',(42.2035401066384,-50.1991998204407,146.));
#3785=CARTESIAN_POINT('Ctrl Pts',(46.1634937697336,-47.5147404266171,146.));
#3786=CARTESIAN_POINT('Ctrl Pts',(47.7253591958859,-45.9193374181498,146.));
#3787=CARTESIAN_POINT('Ctrl Pts',(50.5903342326,-41.5327801330397,146.));
#3788=CARTESIAN_POINT('Ctrl Pts',(51.7834201337899,-38.4775874486166,146.));
#3789=CARTESIAN_POINT('Ctrl Pts',(54.2905407535863,-27.3599285017665,146.));
#3790=CARTESIAN_POINT('Ctrl Pts',(55.,-16.8302862017669,146.));
#3791=CARTESIAN_POINT('Ctrl Pts',(55.,-8.88178419700125E-15,146.));
#3792=CARTESIAN_POINT('',(-3.33066907387547E-15,-55.,141.));
#3793=CARTESIAN_POINT('',(-3.33066907387547E-15,-55.,141.));
#3794=CARTESIAN_POINT('',(55.,-1.22124532708767E-14,141.));
#3795=CARTESIAN_POINT('Ctrl Pts',(-8.88178419700125E-15,-55.,141.));
#3796=CARTESIAN_POINT('Ctrl Pts',(18.4985182512891,-55.,141.));
#3797=CARTESIAN_POINT('Ctrl Pts',(29.4702244546802,-54.1429252877041,141.));
#3798=CARTESIAN_POINT('Ctrl Pts',(39.7364814788248,-51.2825226729332,141.));
#3799=CARTESIAN_POINT('Ctrl Pts',(42.2035401066384,-50.1991998204407,141.));
#3800=CARTESIAN_POINT('Ctrl Pts',(46.1634937697336,-47.5147404266171,141.));
#3801=CARTESIAN_POINT('Ctrl Pts',(47.7253591958859,-45.9193374181498,141.));
#3802=CARTESIAN_POINT('Ctrl Pts',(50.5903342326,-41.5327801330397,141.));
#3803=CARTESIAN_POINT('Ctrl Pts',(51.7834201337899,-38.4775874486166,141.));
#3804=CARTESIAN_POINT('Ctrl Pts',(54.2905407535863,-27.3599285017665,141.));
#3805=CARTESIAN_POINT('Ctrl Pts',(55.,-16.8302862017669,141.));
#3806=CARTESIAN_POINT('Ctrl Pts',(55.,-8.88178419700125E-15,141.));
#3807=CARTESIAN_POINT('',(55.,-1.22124532708767E-14,141.));
#3808=CARTESIAN_POINT('Ctrl Pts',(-55.,4.44089209850063E-15,141.));
#3809=CARTESIAN_POINT('Ctrl Pts',(-55.,4.44089209850063E-15,146.5));
#3810=CARTESIAN_POINT('Ctrl Pts',(-55.,-18.4985182512886,141.));
#3811=CARTESIAN_POINT('Ctrl Pts',(-55.,-18.4985182512886,146.5));
#3812=CARTESIAN_POINT('Ctrl Pts',(-54.1429252877041,-29.47022445468,141.));
#3813=CARTESIAN_POINT('Ctrl Pts',(-54.1429252877041,-29.47022445468,146.5));
#3814=CARTESIAN_POINT('Ctrl Pts',(-51.2825226729337,-39.7364814788227,141.));
#3815=CARTESIAN_POINT('Ctrl Pts',(-51.2825226729337,-39.7364814788227,146.5));
#3816=CARTESIAN_POINT('Ctrl Pts',(-50.1991998204415,-42.2035401066371,141.));
#3817=CARTESIAN_POINT('Ctrl Pts',(-50.1991998204415,-42.2035401066371,146.5));
#3818=CARTESIAN_POINT('Ctrl Pts',(-47.5147404266171,-46.1634937697336,141.));
#3819=CARTESIAN_POINT('Ctrl Pts',(-47.5147404266171,-46.1634937697336,146.5));
#3820=CARTESIAN_POINT('Ctrl Pts',(-45.9193374181498,-47.7253591958858,141.));
#3821=CARTESIAN_POINT('Ctrl Pts',(-45.9193374181498,-47.7253591958858,146.5));
#3822=CARTESIAN_POINT('Ctrl Pts',(-41.5327801330402,-50.5903342325997,141.));
#3823=CARTESIAN_POINT('Ctrl Pts',(-41.5327801330402,-50.5903342325997,146.5));
#3824=CARTESIAN_POINT('Ctrl Pts',(-38.4775874486174,-51.7834201337897,141.));
#3825=CARTESIAN_POINT('Ctrl Pts',(-38.4775874486174,-51.7834201337897,146.5));
#3826=CARTESIAN_POINT('Ctrl Pts',(-27.3599285017665,-54.2905407535863,141.));
#3827=CARTESIAN_POINT('Ctrl Pts',(-27.3599285017665,-54.2905407535863,146.5));
#3828=CARTESIAN_POINT('Ctrl Pts',(-16.8302862017669,-55.,141.));
#3829=CARTESIAN_POINT('Ctrl Pts',(-16.8302862017669,-55.,146.5));
#3830=CARTESIAN_POINT('Ctrl Pts',(-4.44089209850063E-15,-55.,141.));
#3831=CARTESIAN_POINT('Ctrl Pts',(-4.44089209850063E-15,-55.,146.5));
#3832=CARTESIAN_POINT('',(-55.,-2.14622680169081E-15,146.));
#3833=CARTESIAN_POINT('Ctrl Pts',(-55.,4.44089209850063E-15,146.));
#3834=CARTESIAN_POINT('Ctrl Pts',(-55.,-18.4985182512886,146.));
#3835=CARTESIAN_POINT('Ctrl Pts',(-54.1429252877041,-29.47022445468,146.));
#3836=CARTESIAN_POINT('Ctrl Pts',(-51.2825226729337,-39.7364814788228,146.));
#3837=CARTESIAN_POINT('Ctrl Pts',(-50.1991998204415,-42.2035401066371,146.));
#3838=CARTESIAN_POINT('Ctrl Pts',(-47.5147404266171,-46.1634937697336,146.));
#3839=CARTESIAN_POINT('Ctrl Pts',(-45.9193374181498,-47.7253591958858,146.));
#3840=CARTESIAN_POINT('Ctrl Pts',(-41.5327801330402,-50.5903342325997,146.));
#3841=CARTESIAN_POINT('Ctrl Pts',(-38.4775874486174,-51.7834201337897,146.));
#3842=CARTESIAN_POINT('Ctrl Pts',(-27.3599285017665,-54.2905407535863,146.));
#3843=CARTESIAN_POINT('Ctrl Pts',(-16.8302862017669,-55.,146.));
#3844=CARTESIAN_POINT('Ctrl Pts',(-4.44089209850063E-15,-55.,146.));
#3845=CARTESIAN_POINT('',(-55.,-2.14622680169081E-15,141.));
#3846=CARTESIAN_POINT('',(-55.,-2.14622680169081E-15,141.));
#3847=CARTESIAN_POINT('Ctrl Pts',(-55.,4.44089209850063E-15,141.));
#3848=CARTESIAN_POINT('Ctrl Pts',(-55.,-18.4985182512886,141.));
#3849=CARTESIAN_POINT('Ctrl Pts',(-54.1429252877041,-29.47022445468,141.));
#3850=CARTESIAN_POINT('Ctrl Pts',(-51.2825226729337,-39.7364814788227,141.));
#3851=CARTESIAN_POINT('Ctrl Pts',(-50.1991998204415,-42.2035401066371,141.));
#3852=CARTESIAN_POINT('Ctrl Pts',(-47.5147404266171,-46.1634937697336,141.));
#3853=CARTESIAN_POINT('Ctrl Pts',(-45.9193374181498,-47.7253591958858,141.));
#3854=CARTESIAN_POINT('Ctrl Pts',(-41.5327801330402,-50.5903342325997,141.));
#3855=CARTESIAN_POINT('Ctrl Pts',(-38.4775874486174,-51.7834201337897,141.));
#3856=CARTESIAN_POINT('Ctrl Pts',(-27.3599285017665,-54.2905407535863,141.));
#3857=CARTESIAN_POINT('Ctrl Pts',(-16.8302862017669,-55.,141.));
#3858=CARTESIAN_POINT('Ctrl Pts',(-4.44089209850063E-15,-55.,141.));
#3859=CARTESIAN_POINT('Ctrl Pts',(8.88178419700125E-15,55.,141.));
#3860=CARTESIAN_POINT('Ctrl Pts',(8.88178419700125E-15,55.,146.5));
#3861=CARTESIAN_POINT('Ctrl Pts',(-18.4985182512891,55.,141.));
#3862=CARTESIAN_POINT('Ctrl Pts',(-18.4985182512891,55.,146.5));
#3863=CARTESIAN_POINT('Ctrl Pts',(-29.4702244546802,54.1429252877041,141.));
#3864=CARTESIAN_POINT('Ctrl Pts',(-29.4702244546802,54.1429252877041,146.5));
#3865=CARTESIAN_POINT('Ctrl Pts',(-39.7364814788248,51.2825226729332,141.));
#3866=CARTESIAN_POINT('Ctrl Pts',(-39.7364814788248,51.2825226729332,146.5));
#3867=CARTESIAN_POINT('Ctrl Pts',(-42.2035401066384,50.1991998204407,141.));
#3868=CARTESIAN_POINT('Ctrl Pts',(-42.2035401066384,50.1991998204407,146.5));
#3869=CARTESIAN_POINT('Ctrl Pts',(-46.1634937697336,47.5147404266171,141.));
#3870=CARTESIAN_POINT('Ctrl Pts',(-46.1634937697336,47.5147404266171,146.5));
#3871=CARTESIAN_POINT('Ctrl Pts',(-47.7253591958859,45.9193374181498,141.));
#3872=CARTESIAN_POINT('Ctrl Pts',(-47.7253591958859,45.9193374181498,146.5));
#3873=CARTESIAN_POINT('Ctrl Pts',(-50.5903342326,41.5327801330397,141.));
#3874=CARTESIAN_POINT('Ctrl Pts',(-50.5903342326,41.5327801330397,146.5));
#3875=CARTESIAN_POINT('Ctrl Pts',(-51.7834201337899,38.4775874486166,141.));
#3876=CARTESIAN_POINT('Ctrl Pts',(-51.7834201337899,38.4775874486166,146.5));
#3877=CARTESIAN_POINT('Ctrl Pts',(-54.2905407535863,27.3599285017665,141.));
#3878=CARTESIAN_POINT('Ctrl Pts',(-54.2905407535863,27.3599285017665,146.5));
#3879=CARTESIAN_POINT('Ctrl Pts',(-55.,16.8302862017669,141.));
#3880=CARTESIAN_POINT('Ctrl Pts',(-55.,16.8302862017669,146.5));
#3881=CARTESIAN_POINT('Ctrl Pts',(-55.,8.88178419700125E-15,141.));
#3882=CARTESIAN_POINT('Ctrl Pts',(-55.,8.88178419700125E-15,146.5));
#3883=CARTESIAN_POINT('',(3.33066907387547E-15,55.,146.));
#3884=CARTESIAN_POINT('Ctrl Pts',(8.88178419700125E-15,55.,146.));
#3885=CARTESIAN_POINT('Ctrl Pts',(-18.4985182512891,55.,146.));
#3886=CARTESIAN_POINT('Ctrl Pts',(-29.4702244546802,54.1429252877041,146.));
#3887=CARTESIAN_POINT('Ctrl Pts',(-39.7364814788248,51.2825226729332,146.));
#3888=CARTESIAN_POINT('Ctrl Pts',(-42.2035401066384,50.1991998204407,146.));
#3889=CARTESIAN_POINT('Ctrl Pts',(-46.1634937697336,47.5147404266171,146.));
#3890=CARTESIAN_POINT('Ctrl Pts',(-47.7253591958859,45.9193374181498,146.));
#3891=CARTESIAN_POINT('Ctrl Pts',(-50.5903342326,41.5327801330397,146.));
#3892=CARTESIAN_POINT('Ctrl Pts',(-51.7834201337899,38.4775874486166,146.));
#3893=CARTESIAN_POINT('Ctrl Pts',(-54.2905407535863,27.3599285017665,146.));
#3894=CARTESIAN_POINT('Ctrl Pts',(-55.,16.8302862017669,146.));
#3895=CARTESIAN_POINT('Ctrl Pts',(-55.,8.88178419700125E-15,146.));
#3896=CARTESIAN_POINT('',(3.33066907387547E-15,55.,141.));
#3897=CARTESIAN_POINT('',(3.33066907387547E-15,55.,141.));
#3898=CARTESIAN_POINT('Ctrl Pts',(8.88178419700125E-15,55.,141.));
#3899=CARTESIAN_POINT('Ctrl Pts',(-18.4985182512891,55.,141.));
#3900=CARTESIAN_POINT('Ctrl Pts',(-29.4702244546802,54.1429252877041,141.));
#3901=CARTESIAN_POINT('Ctrl Pts',(-39.7364814788248,51.2825226729332,141.));
#3902=CARTESIAN_POINT('Ctrl Pts',(-42.2035401066384,50.1991998204407,141.));
#3903=CARTESIAN_POINT('Ctrl Pts',(-46.1634937697336,47.5147404266171,141.));
#3904=CARTESIAN_POINT('Ctrl Pts',(-47.7253591958859,45.9193374181498,141.));
#3905=CARTESIAN_POINT('Ctrl Pts',(-50.5903342326,41.5327801330397,141.));
#3906=CARTESIAN_POINT('Ctrl Pts',(-51.7834201337899,38.4775874486166,141.));
#3907=CARTESIAN_POINT('Ctrl Pts',(-54.2905407535863,27.3599285017665,141.));
#3908=CARTESIAN_POINT('Ctrl Pts',(-55.,16.8302862017669,141.));
#3909=CARTESIAN_POINT('Ctrl Pts',(-55.,8.88178419700125E-15,141.));
#3910=CARTESIAN_POINT('Ctrl Pts',(55.,6.66133814775094E-15,141.));
#3911=CARTESIAN_POINT('Ctrl Pts',(55.,6.66133814775094E-15,146.5));
#3912=CARTESIAN_POINT('Ctrl Pts',(55.,18.4985182512892,141.));
#3913=CARTESIAN_POINT('Ctrl Pts',(55.,18.4985182512892,146.5));
#3914=CARTESIAN_POINT('Ctrl Pts',(54.142925287704,29.4702244546802,141.));
#3915=CARTESIAN_POINT('Ctrl Pts',(54.142925287704,29.4702244546802,146.5));
#3916=CARTESIAN_POINT('Ctrl Pts',(51.2825226729336,39.7364814788231,141.));
#3917=CARTESIAN_POINT('Ctrl Pts',(51.2825226729336,39.7364814788231,146.5));
#3918=CARTESIAN_POINT('Ctrl Pts',(50.1991998204414,42.2035401066373,141.));
#3919=CARTESIAN_POINT('Ctrl Pts',(50.1991998204414,42.2035401066373,146.5));
#3920=CARTESIAN_POINT('Ctrl Pts',(47.5147404266172,46.1634937697336,141.));
#3921=CARTESIAN_POINT('Ctrl Pts',(47.5147404266172,46.1634937697336,146.5));
#3922=CARTESIAN_POINT('Ctrl Pts',(45.9193374181498,47.7253591958858,141.));
#3923=CARTESIAN_POINT('Ctrl Pts',(45.9193374181498,47.7253591958858,146.5));
#3924=CARTESIAN_POINT('Ctrl Pts',(41.5327801330402,50.5903342325997,141.));
#3925=CARTESIAN_POINT('Ctrl Pts',(41.5327801330402,50.5903342325997,146.5));
#3926=CARTESIAN_POINT('Ctrl Pts',(38.4775874486174,51.7834201337897,141.));
#3927=CARTESIAN_POINT('Ctrl Pts',(38.4775874486174,51.7834201337897,146.5));
#3928=CARTESIAN_POINT('Ctrl Pts',(27.3599285017665,54.2905407535863,141.));
#3929=CARTESIAN_POINT('Ctrl Pts',(27.3599285017665,54.2905407535863,146.5));
#3930=CARTESIAN_POINT('Ctrl Pts',(16.8302862017669,55.,141.));
#3931=CARTESIAN_POINT('Ctrl Pts',(16.8302862017669,55.,146.5));
#3932=CARTESIAN_POINT('Ctrl Pts',(2.22044604925031E-15,55.,141.));
#3933=CARTESIAN_POINT('Ctrl Pts',(2.22044604925031E-15,55.,146.5));
#3934=CARTESIAN_POINT('Ctrl Pts',(55.,6.66133814775094E-15,146.));
#3935=CARTESIAN_POINT('Ctrl Pts',(55.,18.4985182512892,146.));
#3936=CARTESIAN_POINT('Ctrl Pts',(54.142925287704,29.4702244546802,146.));
#3937=CARTESIAN_POINT('Ctrl Pts',(51.2825226729336,39.7364814788231,146.));
#3938=CARTESIAN_POINT('Ctrl Pts',(50.1991998204414,42.2035401066373,146.));
#3939=CARTESIAN_POINT('Ctrl Pts',(47.5147404266172,46.1634937697336,146.));
#3940=CARTESIAN_POINT('Ctrl Pts',(45.9193374181498,47.7253591958858,146.));
#3941=CARTESIAN_POINT('Ctrl Pts',(41.5327801330402,50.5903342325997,146.));
#3942=CARTESIAN_POINT('Ctrl Pts',(38.4775874486174,51.7834201337897,146.));
#3943=CARTESIAN_POINT('Ctrl Pts',(27.3599285017665,54.2905407535863,146.));
#3944=CARTESIAN_POINT('Ctrl Pts',(16.8302862017669,55.,146.));
#3945=CARTESIAN_POINT('Ctrl Pts',(2.22044604925031E-15,55.,146.));
#3946=CARTESIAN_POINT('Ctrl Pts',(55.,6.66133814775094E-15,141.));
#3947=CARTESIAN_POINT('Ctrl Pts',(55.,18.4985182512892,141.));
#3948=CARTESIAN_POINT('Ctrl Pts',(54.142925287704,29.4702244546802,141.));
#3949=CARTESIAN_POINT('Ctrl Pts',(51.2825226729336,39.7364814788231,141.));
#3950=CARTESIAN_POINT('Ctrl Pts',(50.1991998204414,42.2035401066373,141.));
#3951=CARTESIAN_POINT('Ctrl Pts',(47.5147404266172,46.1634937697336,141.));
#3952=CARTESIAN_POINT('Ctrl Pts',(45.9193374181498,47.7253591958858,141.));
#3953=CARTESIAN_POINT('Ctrl Pts',(41.5327801330402,50.5903342325997,141.));
#3954=CARTESIAN_POINT('Ctrl Pts',(38.4775874486174,51.7834201337897,141.));
#3955=CARTESIAN_POINT('Ctrl Pts',(27.3599285017665,54.2905407535863,141.));
#3956=CARTESIAN_POINT('Ctrl Pts',(16.8302862017669,55.,141.));
#3957=CARTESIAN_POINT('Ctrl Pts',(2.22044604925031E-15,55.,141.));
#3958=CARTESIAN_POINT('Ctrl Pts',(3.33066907387547E-15,55.,128.282922823656));
#3959=CARTESIAN_POINT('Ctrl Pts',(3.33066907387547E-15,55.,153.143415435269));
#3960=CARTESIAN_POINT('Ctrl Pts',(-55.,55.,128.282922823656));
#3961=CARTESIAN_POINT('Ctrl Pts',(-55.,55.,153.143415435269));
#3962=CARTESIAN_POINT('Ctrl Pts',(-55.,1.22124532708767E-14,128.282922823656));
#3963=CARTESIAN_POINT('Ctrl Pts',(-55.,1.22124532708767E-14,153.143415435269));
#3964=CARTESIAN_POINT('',(-55.,-2.22044604925031E-15,149.));
#3965=CARTESIAN_POINT('',(-55.,-2.14622680169081E-15,145.));
#3966=CARTESIAN_POINT('',(4.44089209850063E-15,55.,149.));
#3967=CARTESIAN_POINT('Ctrl Pts',(3.33066907387547E-15,55.,149.));
#3968=CARTESIAN_POINT('Ctrl Pts',(-55.,55.,149.));
#3969=CARTESIAN_POINT('Ctrl Pts',(-55.,1.22124532708767E-14,149.));
#3970=CARTESIAN_POINT('',(3.33066907387547E-15,55.,145.));
#3971=CARTESIAN_POINT('Ctrl Pts',(-55.,-2.14622680169081E-15,128.282922823656));
#3972=CARTESIAN_POINT('Ctrl Pts',(-55.,-2.14622680169081E-15,153.143415435269));
#3973=CARTESIAN_POINT('Ctrl Pts',(-55.,-55.,128.282922823656));
#3974=CARTESIAN_POINT('Ctrl Pts',(-55.,-55.,153.143415435269));
#3975=CARTESIAN_POINT('Ctrl Pts',(-6.73555739531044E-15,-55.,128.282922823656));
#3976=CARTESIAN_POINT('Ctrl Pts',(-6.73555739531044E-15,-55.,153.143415435269));
#3977=CARTESIAN_POINT('',(-4.44089209850063E-15,-55.,149.));
#3978=CARTESIAN_POINT('',(-3.33066907387547E-15,-55.,145.));
#3979=CARTESIAN_POINT('Ctrl Pts',(-55.,-2.14622680169081E-15,149.));
#3980=CARTESIAN_POINT('Ctrl Pts',(-55.,-55.,149.));
#3981=CARTESIAN_POINT('Ctrl Pts',(-6.73555739531044E-15,-55.,149.));
#3982=CARTESIAN_POINT('Ctrl Pts',(-3.33066907387547E-15,-55.,128.282922823656));
#3983=CARTESIAN_POINT('Ctrl Pts',(-3.33066907387547E-15,-55.,153.143415435269));
#3984=CARTESIAN_POINT('Ctrl Pts',(55.,-55.,128.282922823656));
#3985=CARTESIAN_POINT('Ctrl Pts',(55.,-55.,153.143415435269));
#3986=CARTESIAN_POINT('Ctrl Pts',(55.,-1.22124532708767E-14,128.282922823656));
#3987=CARTESIAN_POINT('Ctrl Pts',(55.,-1.22124532708767E-14,153.143415435269));
#3988=CARTESIAN_POINT('',(55.,-1.22124532708767E-14,149.));
#3989=CARTESIAN_POINT('',(55.,-1.22124532708767E-14,145.));
#3990=CARTESIAN_POINT('Ctrl Pts',(-3.33066907387547E-15,-55.,149.));
#3991=CARTESIAN_POINT('Ctrl Pts',(55.,-55.,149.));
#3992=CARTESIAN_POINT('Ctrl Pts',(55.,-1.22124532708767E-14,149.));
#3993=CARTESIAN_POINT('Ctrl Pts',(55.,8.88178419700125E-15,128.282922823656));
#3994=CARTESIAN_POINT('Ctrl Pts',(55.,8.88178419700125E-15,153.143415435269));
#3995=CARTESIAN_POINT('Ctrl Pts',(55.,55.,128.282922823656));
#3996=CARTESIAN_POINT('Ctrl Pts',(55.,55.,153.143415435269));
#3997=CARTESIAN_POINT('Ctrl Pts',(0.,55.,128.282922823656));
#3998=CARTESIAN_POINT('Ctrl Pts',(0.,55.,153.143415435269));
#3999=CARTESIAN_POINT('Ctrl Pts',(55.,8.88178419700125E-15,149.));
#4000=CARTESIAN_POINT('Ctrl Pts',(55.,55.,149.));
#4001=CARTESIAN_POINT('Ctrl Pts',(0.,55.,149.));
#4002=CARTESIAN_POINT('Origin',(29.,24.5,148.25));
#4003=CARTESIAN_POINT('',(31.3400000149012,24.5,147.5));
#4004=CARTESIAN_POINT('Origin',(29.,24.5,147.5));
#4005=CARTESIAN_POINT('',(32.8400000149012,24.5,149.));
#4006=CARTESIAN_POINT('',(32.0900000149012,24.5,148.25));
#4007=CARTESIAN_POINT('Origin',(29.,24.5,149.));
#4008=CARTESIAN_POINT('Origin',(29.,24.5,147.5));
#4009=CARTESIAN_POINT('Origin',(29.,-24.5,148.25));
#4010=CARTESIAN_POINT('',(31.3400000149012,-24.5,147.5));
#4011=CARTESIAN_POINT('Origin',(29.,-24.5,147.5));
#4012=CARTESIAN_POINT('',(32.8400000149012,-24.5,149.));
#4013=CARTESIAN_POINT('',(32.0900000149012,-24.5,148.25));
#4014=CARTESIAN_POINT('Origin',(29.,-24.5,149.));
#4015=CARTESIAN_POINT('Origin',(29.,-24.5,147.5));
#4016=CARTESIAN_POINT('Origin',(-29.,-24.5,148.25));
#4017=CARTESIAN_POINT('',(-26.6599999850988,-24.5,147.5));
#4018=CARTESIAN_POINT('Origin',(-29.,-24.5,147.5));
#4019=CARTESIAN_POINT('',(-25.1599999850988,-24.5,149.));
#4020=CARTESIAN_POINT('',(-25.9099999850988,-24.5,148.25));
#4021=CARTESIAN_POINT('Origin',(-29.,-24.5,149.));
#4022=CARTESIAN_POINT('Origin',(-29.,-24.5,147.5));
#4023=CARTESIAN_POINT('Origin',(-29.,24.5,148.25));
#4024=CARTESIAN_POINT('',(-26.6599999850988,24.5,147.5));
#4025=CARTESIAN_POINT('Origin',(-29.,24.5,147.5));
#4026=CARTESIAN_POINT('',(-25.1599999850988,24.5,149.));
#4027=CARTESIAN_POINT('',(-25.9099999850988,24.5,148.25));
#4028=CARTESIAN_POINT('Origin',(-29.,24.5,149.));
#4029=CARTESIAN_POINT('Origin',(-29.,24.5,147.5));
#4030=CARTESIAN_POINT('Ctrl Pts',(-49.5071067811865,1.12969563720813E-14,
147.707106781187));
#4031=CARTESIAN_POINT('Ctrl Pts',(-49.5071067811865,-1.30710678118634,147.707106781187));
#4032=CARTESIAN_POINT('Ctrl Pts',(-48.2000000000002,-1.30710678118634,147.707106781187));
#4033=CARTESIAN_POINT('Ctrl Pts',(-46.8928932188138,-1.30710678118634,147.707106781187));
#4034=CARTESIAN_POINT('Ctrl Pts',(-46.8928932188138,1.12969563720812E-14,
147.707106781187));
#4035=CARTESIAN_POINT('Ctrl Pts',(-46.8928932188138,1.30710678118636,147.707106781187));
#4036=CARTESIAN_POINT('Ctrl Pts',(-48.2000000000002,1.30710678118636,147.707106781187));
#4037=CARTESIAN_POINT('Ctrl Pts',(-49.5071067811865,1.30710678118636,147.707106781187));
#4038=CARTESIAN_POINT('Ctrl Pts',(-49.5071067811865,1.12969563720813E-14,
147.707106781187));
#4039=CARTESIAN_POINT('Ctrl Pts',(-49.8000000000003,9.08670748982779E-15,
148.));
#4040=CARTESIAN_POINT('Ctrl Pts',(-49.8000000000003,-1.60000000000016,148.));
#4041=CARTESIAN_POINT('Ctrl Pts',(-48.2000000000001,-1.60000000000016,148.));
#4042=CARTESIAN_POINT('Ctrl Pts',(-46.6,-1.60000000000016,148.));
#4043=CARTESIAN_POINT('Ctrl Pts',(-46.6,9.08670748982771E-15,148.));
#4044=CARTESIAN_POINT('Ctrl Pts',(-46.6,1.60000000000018,148.));
#4045=CARTESIAN_POINT('Ctrl Pts',(-48.2000000000001,1.60000000000018,148.));
#4046=CARTESIAN_POINT('Ctrl Pts',(-49.8000000000003,1.60000000000018,148.));
#4047=CARTESIAN_POINT('Ctrl Pts',(-49.8000000000003,9.08670748982779E-15,
148.));
#4048=CARTESIAN_POINT('Ctrl Pts',(-49.8,5.96094354432159E-15,148.414213562374));
#4049=CARTESIAN_POINT('Ctrl Pts',(-49.8,-1.59999999999996,148.414213562374));
#4050=CARTESIAN_POINT('Ctrl Pts',(-48.2000000000001,-1.59999999999996,148.414213562373));
#4051=CARTESIAN_POINT('Ctrl Pts',(-46.6000000000001,-1.59999999999996,148.414213562373));
#4052=CARTESIAN_POINT('Ctrl Pts',(-46.6000000000001,5.96094354432154E-15,
148.414213562373));
#4053=CARTESIAN_POINT('Ctrl Pts',(-46.6000000000001,1.59999999999997,148.414213562373));
#4054=CARTESIAN_POINT('Ctrl Pts',(-48.2000000000001,1.59999999999997,148.414213562373));
#4055=CARTESIAN_POINT('Ctrl Pts',(-49.8,1.59999999999997,148.414213562374));
#4056=CARTESIAN_POINT('Ctrl Pts',(-49.8,5.96094354432159E-15,148.414213562374));
#4057=CARTESIAN_POINT('',(-46.6,2.30637957383113E-16,148.414213562373));
#4058=CARTESIAN_POINT('',(-49.8,5.76500005646192E-15,148.414213562373));
#4059=CARTESIAN_POINT('Origin',(-48.2,3.46944695195361E-17,148.414213562373));
#4060=CARTESIAN_POINT('',(-49.5071067811866,1.11368819585091E-14,147.707106781187));
#4061=CARTESIAN_POINT('Origin',(-48.8000000000019,5.88746473637624E-15,
148.414213562373));
#4062=CARTESIAN_POINT('',(-46.8928932188134,3.46944695195356E-17,147.707106781187));
#4063=CARTESIAN_POINT('Origin',(-48.2,1.14731676305731E-16,147.707106781187));
#4064=CARTESIAN_POINT('Origin',(-48.2,1.14731676305731E-16,147.707106781187));
#4065=CARTESIAN_POINT('Origin',(-48.2,3.46944695195361E-17,148.414213562373));
#4066=CARTESIAN_POINT('Origin',(-48.2,3.46944695195361E-17,147.5));
#4067=CARTESIAN_POINT('',(-47.6,-3.87843384293057E-17,147.));
#4068=CARTESIAN_POINT('Origin',(-48.2,3.46944695195361E-17,147.));
#4069=CARTESIAN_POINT('',(-47.1,1.69405617425745E-16,147.5));
#4070=CARTESIAN_POINT('Origin',(-48.2,3.46944695195361E-17,149.));
#4071=CARTESIAN_POINT('',(-46.6,2.30637957383113E-16,149.));
#4072=CARTESIAN_POINT('Origin',(-48.2,3.46944695195361E-17,149.));
#4073=CARTESIAN_POINT('',(-46.6,-1.6124901834404E-16,149.));
#4074=CARTESIAN_POINT('Ctrl Pts',(46.8928932188134,2.16340699412552E-14,
147.707106781187));
#4075=CARTESIAN_POINT('Ctrl Pts',(46.8928932188134,-1.30710678118644,147.707106781187));
#4076=CARTESIAN_POINT('Ctrl Pts',(48.1999999999999,-1.30710678118644,147.707106781187));
#4077=CARTESIAN_POINT('Ctrl Pts',(49.5071067811864,-1.30710678118644,147.707106781187));
#4078=CARTESIAN_POINT('Ctrl Pts',(49.5071067811864,2.16340699412547E-14,
147.707106781187));
#4079=CARTESIAN_POINT('Ctrl Pts',(49.5071067811864,1.30710678118648,147.707106781187));
#4080=CARTESIAN_POINT('Ctrl Pts',(48.1999999999999,1.30710678118648,147.707106781187));
#4081=CARTESIAN_POINT('Ctrl Pts',(46.8928932188134,1.30710678118648,147.707106781187));
#4082=CARTESIAN_POINT('Ctrl Pts',(46.8928932188134,2.16340699412552E-14,
147.707106781187));
#4083=CARTESIAN_POINT('Ctrl Pts',(46.5999999999998,1.65575840245714E-14,
148.));
#4084=CARTESIAN_POINT('Ctrl Pts',(46.5999999999998,-1.60000000000006,148.));
#4085=CARTESIAN_POINT('Ctrl Pts',(48.1999999999999,-1.60000000000006,148.));
#4086=CARTESIAN_POINT('Ctrl Pts',(49.8,-1.60000000000006,148.));
#4087=CARTESIAN_POINT('Ctrl Pts',(49.8,1.6557584024571E-14,148.));
#4088=CARTESIAN_POINT('Ctrl Pts',(49.8,1.6000000000001,148.));
#4089=CARTESIAN_POINT('Ctrl Pts',(48.1999999999999,1.6000000000001,148.));
#4090=CARTESIAN_POINT('Ctrl Pts',(46.5999999999998,1.6000000000001,148.));
#4091=CARTESIAN_POINT('Ctrl Pts',(46.5999999999998,1.65575840245714E-14,
148.));
#4092=CARTESIAN_POINT('Ctrl Pts',(46.6,9.37834879199509E-15,148.414213562373));
#4093=CARTESIAN_POINT('Ctrl Pts',(46.6,-1.59999999999996,148.414213562373));
#4094=CARTESIAN_POINT('Ctrl Pts',(48.1999999999999,-1.59999999999996,148.414213562373));
#4095=CARTESIAN_POINT('Ctrl Pts',(49.7999999999999,-1.59999999999996,148.414213562373));
#4096=CARTESIAN_POINT('Ctrl Pts',(49.7999999999999,9.3783487919949E-15,
148.414213562373));
#4097=CARTESIAN_POINT('Ctrl Pts',(49.7999999999999,1.59999999999997,148.414213562373));
#4098=CARTESIAN_POINT('Ctrl Pts',(48.1999999999999,1.59999999999998,148.414213562373));
#4099=CARTESIAN_POINT('Ctrl Pts',(46.6,1.59999999999997,148.414213562373));
#4100=CARTESIAN_POINT('Ctrl Pts',(46.6,9.37834879199509E-15,148.414213562373));
#4101=CARTESIAN_POINT('',(46.8928932188135,2.14739955276816E-14,147.707106781187));
#4102=CARTESIAN_POINT('Origin',(47.5999999999982,9.30486998405056E-15,148.414213562373));
#4103=CARTESIAN_POINT('',(49.5071067811865,3.46944695195356E-17,147.707106781187));
#4104=CARTESIAN_POINT('Origin',(48.2,1.14731676305731E-16,147.707106781187));
#4105=CARTESIAN_POINT('Origin',(48.2,1.14731676305731E-16,147.707106781187));
#4106=CARTESIAN_POINT('Origin',(48.2,3.46944695195361E-17,147.5));
#4107=CARTESIAN_POINT('',(48.8,-3.87843384293057E-17,147.));
#4108=CARTESIAN_POINT('Origin',(48.2,3.46944695195361E-17,147.));
#4109=CARTESIAN_POINT('',(49.3,1.69405617425745E-16,147.5));
#4110=CARTESIAN_POINT('Ctrl Pts',(32.7754400720051,-34.0825468531916,147.707106781187));
#4111=CARTESIAN_POINT('Ctrl Pts',(32.7754400720051,-35.389653634378,147.707106781187));
#4112=CARTESIAN_POINT('Ctrl Pts',(34.0825468531915,-35.389653634378,147.707106781187));
#4113=CARTESIAN_POINT('Ctrl Pts',(35.389653634378,-35.389653634378,147.707106781187));
#4114=CARTESIAN_POINT('Ctrl Pts',(35.389653634378,-34.0825468531916,147.707106781187));
#4115=CARTESIAN_POINT('Ctrl Pts',(35.389653634378,-32.7754400720051,147.707106781187));
#4116=CARTESIAN_POINT('Ctrl Pts',(34.0825468531915,-32.7754400720051,147.707106781187));
#4117=CARTESIAN_POINT('Ctrl Pts',(32.7754400720051,-32.7754400720051,147.707106781187));
#4118=CARTESIAN_POINT('Ctrl Pts',(32.7754400720051,-34.0825468531916,147.707106781187));
#4119=CARTESIAN_POINT('Ctrl Pts',(32.4825468531915,-34.0825468531916,148.));
#4120=CARTESIAN_POINT('Ctrl Pts',(32.4825468531915,-35.6825468531917,148.));
#4121=CARTESIAN_POINT('Ctrl Pts',(34.0825468531915,-35.6825468531917,148.));
#4122=CARTESIAN_POINT('Ctrl Pts',(35.6825468531916,-35.6825468531917,148.));
#4123=CARTESIAN_POINT('Ctrl Pts',(35.6825468531916,-34.0825468531916,148.));
#4124=CARTESIAN_POINT('Ctrl Pts',(35.6825468531916,-32.4825468531915,148.));
#4125=CARTESIAN_POINT('Ctrl Pts',(34.0825468531915,-32.4825468531915,148.));
#4126=CARTESIAN_POINT('Ctrl Pts',(32.4825468531915,-32.4825468531915,148.));
#4127=CARTESIAN_POINT('Ctrl Pts',(32.4825468531915,-34.0825468531916,148.));
#4128=CARTESIAN_POINT('Ctrl Pts',(32.4825468531916,-34.0825468531916,148.414213562373));
#4129=CARTESIAN_POINT('Ctrl Pts',(32.4825468531916,-35.6825468531916,148.414213562373));
#4130=CARTESIAN_POINT('Ctrl Pts',(34.0825468531916,-35.6825468531916,148.414213562373));
#4131=CARTESIAN_POINT('Ctrl Pts',(35.6825468531915,-35.6825468531916,148.414213562373));
#4132=CARTESIAN_POINT('Ctrl Pts',(35.6825468531915,-34.0825468531916,148.414213562373));
#4133=CARTESIAN_POINT('Ctrl Pts',(35.6825468531915,-32.4825468531916,148.414213562373));
#4134=CARTESIAN_POINT('Ctrl Pts',(34.0825468531916,-32.4825468531916,148.414213562373));
#4135=CARTESIAN_POINT('Ctrl Pts',(32.4825468531916,-32.4825468531916,148.414213562373));
#4136=CARTESIAN_POINT('Ctrl Pts',(32.4825468531916,-34.0825468531916,148.414213562373));
#4137=CARTESIAN_POINT('',(35.6825468531916,-34.0825468531916,148.414213562373));
#4138=CARTESIAN_POINT('',(32.4825468531916,-34.0825468531916,148.414213562373));
#4139=CARTESIAN_POINT('Origin',(34.0825468531916,-34.0825468531916,148.414213562373));
#4140=CARTESIAN_POINT('',(32.7754400720051,-34.0825468531916,147.707106781187));
#4141=CARTESIAN_POINT('Origin',(33.4825468531896,-34.0825468531916,148.414213562373));
#4142=CARTESIAN_POINT('',(35.3896536343781,-34.0825468531916,147.707106781187));
#4143=CARTESIAN_POINT('Origin',(34.0825468531916,-34.0825468531916,147.707106781187));
#4144=CARTESIAN_POINT('Origin',(34.0825468531916,-34.0825468531916,147.707106781187));
#4145=CARTESIAN_POINT('Origin',(34.0825468531916,-34.0825468531916,148.414213562373));
#4146=CARTESIAN_POINT('Origin',(34.0825468531916,-34.0825468531916,147.5));
#4147=CARTESIAN_POINT('',(34.6825468531916,-34.0825468531916,147.));
#4148=CARTESIAN_POINT('Origin',(34.0825468531916,-34.0825468531916,147.));
#4149=CARTESIAN_POINT('',(35.1825468531916,-34.0825468531916,147.5));
#4150=CARTESIAN_POINT('Origin',(34.0825468531916,-34.0825468531916,149.));
#4151=CARTESIAN_POINT('',(35.6825468531916,-34.0825468531916,149.));
#4152=CARTESIAN_POINT('Origin',(34.0825468531916,-34.0825468531916,149.));
#4153=CARTESIAN_POINT('',(35.6825468531916,-34.0825468531916,149.));
#4154=CARTESIAN_POINT('Ctrl Pts',(-35.3896536343781,-34.0825468531916,147.707106781187));
#4155=CARTESIAN_POINT('Ctrl Pts',(-35.3896536343781,-35.389653634378,147.707106781187));
#4156=CARTESIAN_POINT('Ctrl Pts',(-34.0825468531917,-35.389653634378,147.707106781187));
#4157=CARTESIAN_POINT('Ctrl Pts',(-32.7754400720053,-35.389653634378,147.707106781187));
#4158=CARTESIAN_POINT('Ctrl Pts',(-32.7754400720053,-34.0825468531916,147.707106781187));
#4159=CARTESIAN_POINT('Ctrl Pts',(-32.7754400720053,-32.7754400720052,147.707106781187));
#4160=CARTESIAN_POINT('Ctrl Pts',(-34.0825468531917,-32.7754400720052,147.707106781187));
#4161=CARTESIAN_POINT('Ctrl Pts',(-35.3896536343781,-32.7754400720052,147.707106781187));
#4162=CARTESIAN_POINT('Ctrl Pts',(-35.3896536343781,-34.0825468531916,147.707106781187));
#4163=CARTESIAN_POINT('Ctrl Pts',(-35.6825468531918,-34.0825468531916,148.));
#4164=CARTESIAN_POINT('Ctrl Pts',(-35.6825468531918,-35.6825468531917,148.));
#4165=CARTESIAN_POINT('Ctrl Pts',(-34.0825468531917,-35.6825468531917,148.));
#4166=CARTESIAN_POINT('Ctrl Pts',(-32.4825468531916,-35.6825468531917,148.));
#4167=CARTESIAN_POINT('Ctrl Pts',(-32.4825468531916,-34.0825468531916,148.));
#4168=CARTESIAN_POINT('Ctrl Pts',(-32.4825468531916,-32.4825468531915,148.));
#4169=CARTESIAN_POINT('Ctrl Pts',(-34.0825468531917,-32.4825468531915,148.));
#4170=CARTESIAN_POINT('Ctrl Pts',(-35.6825468531918,-32.4825468531915,148.));
#4171=CARTESIAN_POINT('Ctrl Pts',(-35.6825468531918,-34.0825468531916,148.));
#4172=CARTESIAN_POINT('Ctrl Pts',(-35.6825468531916,-34.0825468531916,148.414213562373));
#4173=CARTESIAN_POINT('Ctrl Pts',(-35.6825468531916,-35.6825468531916,148.414213562373));
#4174=CARTESIAN_POINT('Ctrl Pts',(-34.0825468531917,-35.6825468531916,148.414213562373));
#4175=CARTESIAN_POINT('Ctrl Pts',(-32.4825468531917,-35.6825468531916,148.414213562373));
#4176=CARTESIAN_POINT('Ctrl Pts',(-32.4825468531917,-34.0825468531916,148.414213562373));
#4177=CARTESIAN_POINT('Ctrl Pts',(-32.4825468531917,-32.4825468531916,148.414213562373));
#4178=CARTESIAN_POINT('Ctrl Pts',(-34.0825468531917,-32.4825468531916,148.414213562373));
#4179=CARTESIAN_POINT('Ctrl Pts',(-35.6825468531916,-32.4825468531916,148.414213562373));
#4180=CARTESIAN_POINT('Ctrl Pts',(-35.6825468531916,-34.0825468531916,148.414213562373));
#4181=CARTESIAN_POINT('',(-32.4825468531916,-34.0825468531916,148.414213562373));
#4182=CARTESIAN_POINT('',(-35.6825468531916,-34.0825468531916,148.414213562373));
#4183=CARTESIAN_POINT('Origin',(-34.0825468531916,-34.0825468531916,148.414213562373));
#4184=CARTESIAN_POINT('',(-35.3896536343782,-34.0825468531916,147.707106781187));
#4185=CARTESIAN_POINT('Origin',(-34.6825468531936,-34.0825468531916,148.414213562373));
#4186=CARTESIAN_POINT('',(-32.775440072005,-34.0825468531916,147.707106781187));
#4187=CARTESIAN_POINT('Origin',(-34.0825468531916,-34.0825468531916,147.707106781187));
#4188=CARTESIAN_POINT('Origin',(-34.0825468531916,-34.0825468531916,147.707106781187));
#4189=CARTESIAN_POINT('Origin',(-34.0825468531916,-34.0825468531916,148.414213562373));
#4190=CARTESIAN_POINT('Origin',(-34.0825468531916,-34.0825468531916,147.5));
#4191=CARTESIAN_POINT('',(-33.4825468531916,-34.0825468531916,147.));
#4192=CARTESIAN_POINT('Origin',(-34.0825468531916,-34.0825468531916,147.));
#4193=CARTESIAN_POINT('',(-32.9825468531916,-34.0825468531916,147.5));
#4194=CARTESIAN_POINT('Origin',(-34.0825468531916,-34.0825468531916,149.));
#4195=CARTESIAN_POINT('',(-32.4825468531916,-34.0825468531916,149.));
#4196=CARTESIAN_POINT('Origin',(-34.0825468531916,-34.0825468531916,149.));
#4197=CARTESIAN_POINT('',(-32.4825468531916,-34.0825468531916,149.));
#4198=CARTESIAN_POINT('Origin',(-48.2,0.,147.));
#4199=CARTESIAN_POINT('Origin',(-34.0825468531916,-34.0825468531916,147.));
#4200=CARTESIAN_POINT('Origin',(48.2,0.,147.));
#4201=CARTESIAN_POINT('Origin',(34.0825468531916,-34.0825468531916,147.));
#4202=CARTESIAN_POINT('Origin',(41.5692193816531,-24.,145.));
#4203=CARTESIAN_POINT('',(43.1692193816531,-24.,148.));
#4204=CARTESIAN_POINT('Origin',(41.5692193816531,-24.,148.));
#4205=CARTESIAN_POINT('',(43.1692193816531,-24.,149.));
#4206=CARTESIAN_POINT('',(43.1692193816531,-24.,145.));
#4207=CARTESIAN_POINT('Origin',(41.5692193816531,-24.,149.));
#4208=CARTESIAN_POINT('Origin',(24.,41.569219381653,145.));
#4209=CARTESIAN_POINT('',(24.,43.1692193816531,148.));
#4210=CARTESIAN_POINT('Origin',(24.,41.569219381653,148.));
#4211=CARTESIAN_POINT('',(24.,43.1692193816531,149.));
#4212=CARTESIAN_POINT('',(24.,43.169219381653,145.));
#4213=CARTESIAN_POINT('Origin',(24.,41.569219381653,149.));
#4214=CARTESIAN_POINT('Origin',(-24.,-41.569219381653,145.));
#4215=CARTESIAN_POINT('',(-24.,-43.1692193816531,148.));
#4216=CARTESIAN_POINT('Origin',(-24.,-41.569219381653,148.));
#4217=CARTESIAN_POINT('',(-24.,-43.1692193816531,149.));
#4218=CARTESIAN_POINT('',(-24.,-43.169219381653,145.));
#4219=CARTESIAN_POINT('Origin',(-24.,-41.569219381653,149.));
#4220=CARTESIAN_POINT('Origin',(-41.5692193816531,24.,145.));
#4221=CARTESIAN_POINT('',(-43.1692193816531,24.,148.));
#4222=CARTESIAN_POINT('Origin',(-41.5692193816531,24.,148.));
#4223=CARTESIAN_POINT('',(-43.1692193816531,24.,149.));
#4224=CARTESIAN_POINT('',(-43.1692193816531,24.,145.));
#4225=CARTESIAN_POINT('Origin',(-41.5692193816531,24.,149.));
#4226=CARTESIAN_POINT('Origin',(0.,0.,148.));
#4227=CARTESIAN_POINT('',(24.,44.819219381653,148.));
#4228=CARTESIAN_POINT('Origin',(24.,41.569219381653,148.));
#4229=CARTESIAN_POINT('Origin',(0.,0.,148.));
#4230=CARTESIAN_POINT('',(44.8192193816531,-24.,148.));
#4231=CARTESIAN_POINT('Origin',(41.569219381653,-24.,148.));
#4232=CARTESIAN_POINT('Origin',(0.,0.,148.));
#4233=CARTESIAN_POINT('',(-44.8192193816531,24.,148.));
#4234=CARTESIAN_POINT('Origin',(-41.569219381653,24.,148.));
#4235=CARTESIAN_POINT('Origin',(0.,0.,148.));
#4236=CARTESIAN_POINT('',(-24.,-44.819219381653,148.));
#4237=CARTESIAN_POINT('Origin',(-24.,-41.569219381653,148.));
#4238=CARTESIAN_POINT('Origin',(0.,0.,149.));
#4239=CARTESIAN_POINT('',(-7.95307717634417,18.3999703356361,149.));
#4240=CARTESIAN_POINT('Origin',(-6.55307717634417,18.3999703356361,149.));
#4241=CARTESIAN_POINT('',(-7.95307717634411,-18.4000296643639,149.));
#4242=CARTESIAN_POINT('Origin',(-6.55307717634411,-18.4000296643639,149.));
#4243=CARTESIAN_POINT('',(28.,6.,149.));
#4244=CARTESIAN_POINT('',(38.,6.,149.));
#4245=CARTESIAN_POINT('',(28.,6.,149.));
#4246=CARTESIAN_POINT('',(38.,-6.,149.));
#4247=CARTESIAN_POINT('',(38.,6.,149.));
#4248=CARTESIAN_POINT('',(28.,-6.,149.));
#4249=CARTESIAN_POINT('',(38.,-6.,149.));
#4250=CARTESIAN_POINT('',(28.,-6.,149.));
#4251=CARTESIAN_POINT('Ctrl Pts',(3.33066907387547E-15,55.,123.282922823656));
#4252=CARTESIAN_POINT('Ctrl Pts',(3.33066907387547E-15,55.,148.143415435269));
#4253=CARTESIAN_POINT('Ctrl Pts',(-55.,55.,123.282922823656));
#4254=CARTESIAN_POINT('Ctrl Pts',(-55.,55.,148.143415435269));
#4255=CARTESIAN_POINT('Ctrl Pts',(-55.,1.22124532708767E-14,123.282922823656));
#4256=CARTESIAN_POINT('Ctrl Pts',(-55.,1.22124532708767E-14,148.143415435269));
#4257=CARTESIAN_POINT('',(1.66533453693774E-15,55.,128.282922823656));
#4258=CARTESIAN_POINT('',(3.33066907387547E-15,55.,140.));
#4259=CARTESIAN_POINT('',(-55.,5.03311323459296E-15,128.282922823656));
#4260=CARTESIAN_POINT('Ctrl Pts',(-55.,1.22124532708767E-14,128.282922823656));
#4261=CARTESIAN_POINT('Ctrl Pts',(-55.,4.27857016371336,128.282922823656));
#4262=CARTESIAN_POINT('Ctrl Pts',(-54.9354136359493,10.7274704742057,128.282922823656));
#4263=CARTESIAN_POINT('Ctrl Pts',(-54.624479916232,18.2365522052165,128.282922823656));
#4264=CARTESIAN_POINT('Ctrl Pts',(-54.332446128705,22.5829947812689,128.282922823656));
#4265=CARTESIAN_POINT('Ctrl Pts',(-53.9445686512253,26.965607368236,128.282922823656));
#4266=CARTESIAN_POINT('Ctrl Pts',(-53.1958735091235,32.5636875383798,128.282922823656));
#4267=CARTESIAN_POINT('Ctrl Pts',(-51.7319675526778,38.7168145347551,128.282922823656));
#4268=CARTESIAN_POINT('Ctrl Pts',(-49.4111746443079,43.6698551579065,128.282922823656));
#4269=CARTESIAN_POINT('Ctrl Pts',(-46.8299608394988,46.8099633091804,128.282922823656));
#4270=CARTESIAN_POINT('Ctrl Pts',(-43.6971421405899,49.3910656421516,128.282922823656));
#4271=CARTESIAN_POINT('Ctrl Pts',(-40.3890801140463,50.9591321648078,128.282922823656));
#4272=CARTESIAN_POINT('Ctrl Pts',(-37.2354481527232,52.0026121850267,128.282922823656));
#4273=CARTESIAN_POINT('Ctrl Pts',(-34.9080945188746,52.6063056283567,128.282922823656));
#4274=CARTESIAN_POINT('Ctrl Pts',(-32.6213543805973,53.0818379834608,128.282922823656));
#4275=CARTESIAN_POINT('Ctrl Pts',(-29.6084611560283,53.5917030356242,128.282922823656));
#4276=CARTESIAN_POINT('Ctrl Pts',(-22.9298262699159,54.4062112602173,128.282922823656));
#4277=CARTESIAN_POINT('Ctrl Pts',(-12.8614509913425,54.9071814115401,128.282922823656));
#4278=CARTESIAN_POINT('Ctrl Pts',(-4.27857016371335,55.,128.282922823656));
#4279=CARTESIAN_POINT('Ctrl Pts',(3.33066907387547E-15,55.,128.282922823656));
#4280=CARTESIAN_POINT('',(-55.,-2.14622680169081E-15,140.));
#4281=CARTESIAN_POINT('Ctrl Pts',(-55.,-2.14622680169081E-15,123.282922823656));
#4282=CARTESIAN_POINT('Ctrl Pts',(-55.,-2.14622680169081E-15,148.143415435269));
#4283=CARTESIAN_POINT('Ctrl Pts',(-55.,-55.,123.282922823656));
#4284=CARTESIAN_POINT('Ctrl Pts',(-55.,-55.,148.143415435269));
#4285=CARTESIAN_POINT('Ctrl Pts',(-6.73555739531044E-15,-55.,123.282922823656));
#4286=CARTESIAN_POINT('Ctrl Pts',(-6.73555739531044E-15,-55.,148.143415435269));
#4287=CARTESIAN_POINT('',(-5.03311323459294E-15,-55.,128.282922823656));
#4288=CARTESIAN_POINT('Ctrl Pts',(-6.7355573953104E-15,-55.,128.282922823656));
#4289=CARTESIAN_POINT('Ctrl Pts',(-4.27857016371336,-55.,128.282922823656));
#4290=CARTESIAN_POINT('Ctrl Pts',(-12.8706577246391,-54.90221735559,128.282922823656));
#4291=CARTESIAN_POINT('Ctrl Pts',(-22.8956522652387,-54.4109546255316,128.282922823656));
#4292=CARTESIAN_POINT('Ctrl Pts',(-30.3198127701951,-53.5053159571441,128.282922823656));
#4293=CARTESIAN_POINT('Ctrl Pts',(-34.1052186880143,-52.8114855391909,128.282922823656));
#4294=CARTESIAN_POINT('Ctrl Pts',(-37.2091475350885,-52.0104629946082,128.282922823656));
#4295=CARTESIAN_POINT('Ctrl Pts',(-40.3638105273182,-50.9688005375293,128.282922823656));
#4296=CARTESIAN_POINT('Ctrl Pts',(-43.6702344246112,-49.4069507986216,128.282922823656));
#4297=CARTESIAN_POINT('Ctrl Pts',(-46.8062293963538,-46.8335728988871,128.282922823656));
#4298=CARTESIAN_POINT('Ctrl Pts',(-49.3953680057277,-43.6968030473419,128.282922823656));
#4299=CARTESIAN_POINT('Ctrl Pts',(-51.7244155714437,-38.7411496071971,128.282922823656));
#4300=CARTESIAN_POINT('Ctrl Pts',(-53.1903242734747,-32.5933814060063,128.282922823656));
#4301=CARTESIAN_POINT('Ctrl Pts',(-53.9410323351842,-26.9989749990719,128.282922823656));
#4302=CARTESIAN_POINT('Ctrl Pts',(-54.3304464480596,-22.6096184872269,128.282922823656));
#4303=CARTESIAN_POINT('Ctrl Pts',(-54.6237821209726,-18.2536528249894,128.282922823656));
#4304=CARTESIAN_POINT('Ctrl Pts',(-54.9358171709709,-10.7189401981711,128.282922823656));
#4305=CARTESIAN_POINT('Ctrl Pts',(-55.,-4.27857016371335,128.282922823656));
#4306=CARTESIAN_POINT('Ctrl Pts',(-55.,-2.14622680169081E-15,128.282922823656));
#4307=CARTESIAN_POINT('',(-3.33066907387547E-15,-55.,140.));
#4308=CARTESIAN_POINT('Origin',(28.,6.,140.));
#4309=CARTESIAN_POINT('',(28.,6.,145.));
#4310=CARTESIAN_POINT('',(25.8087353193481,5.99999999999998,126.330922823656));
#4311=CARTESIAN_POINT('',(25.8087353193481,5.99999999999998,123.282922823656));
#4312=CARTESIAN_POINT('',(28.6449228236559,6.,126.330922823656));
#4313=CARTESIAN_POINT('',(11.0459228236559,5.99999999999995,126.330922823656));
#4314=CARTESIAN_POINT('',(28.6449228236559,6.,129.782922823656));
#4315=CARTESIAN_POINT('',(28.6449228236559,6.,131.641461411828));
#4316=CARTESIAN_POINT('',(38.,6.,129.782922823656));
#4317=CARTESIAN_POINT('',(30.661230705914,6.,129.782922823656));
#4318=CARTESIAN_POINT('',(38.,6.,145.));
#4319=CARTESIAN_POINT('Origin',(28.,-6.,140.));
#4320=CARTESIAN_POINT('',(28.,-6.,140.));
#4321=CARTESIAN_POINT('Origin',(-6.55307717634415,-2.96643639080076E-5,
126.330922823656));
#4322=CARTESIAN_POINT('',(17.3229228236558,16.0209703356361,126.330922823656));
#4323=CARTESIAN_POINT('Origin',(17.3229228236558,14.3509703356361,126.330922823656));
#4324=CARTESIAN_POINT('',(25.7049228236558,16.0209703356361,126.330922823656));
#4325=CARTESIAN_POINT('',(9.57592282365584,16.0209703356361,126.330922823656));
#4326=CARTESIAN_POINT('',(28.6449228236559,13.0809703356361,126.330922823656));
#4327=CARTESIAN_POINT('Origin',(25.7049228236558,13.0809703356361,126.330922823656));
#4328=CARTESIAN_POINT('',(28.6449228236559,-6.54052966436386,126.330922823656));
#4329=CARTESIAN_POINT('',(24.9429228236558,6.24197033563614,126.330922823656));
#4330=CARTESIAN_POINT('Origin',(24.9429228236559,4.57197033563614,126.330922823656));
#4331=CARTESIAN_POINT('',(22.0473228236559,6.24197033563614,126.330922823656));
#4332=CARTESIAN_POINT('',(9.19492282365585,6.24197033563612,126.330922823656));
#4333=CARTESIAN_POINT('Origin',(22.0473228236558,9.29637033563614,126.330922823656));
#4334=CARTESIAN_POINT('Origin',(25.7049228236559,-13.0810296643639,123.282922823656));
#4335=CARTESIAN_POINT('',(28.6449228236559,-13.0810296643639,126.330922823656));
#4336=CARTESIAN_POINT('',(25.7049228236559,-16.0210296643639,126.330922823656));
#4337=CARTESIAN_POINT('Origin',(25.7049228236559,-13.0810296643639,126.330922823656));
#4338=CARTESIAN_POINT('',(28.6449228236559,-13.0810296643639,123.282922823656));
#4339=CARTESIAN_POINT('',(28.6449228236559,-13.0810296643639,123.282922823656));
#4340=CARTESIAN_POINT('',(25.7049228236559,-16.0210296643639,123.282922823656));
#4341=CARTESIAN_POINT('Origin',(25.7049228236559,-13.0810296643639,123.282922823656));
#4342=CARTESIAN_POINT('',(25.7049228236559,-16.0210296643639,123.282922823656));
#4343=CARTESIAN_POINT('Origin',(25.7049228236558,13.0809703356361,123.282922823656));
#4344=CARTESIAN_POINT('',(25.7049228236558,16.0209703356361,123.282922823656));
#4345=CARTESIAN_POINT('',(25.7049228236558,16.0209703356361,123.282922823656));
#4346=CARTESIAN_POINT('',(28.6449228236559,13.0809703356361,123.282922823656));
#4347=CARTESIAN_POINT('Origin',(25.7049228236558,13.0809703356361,123.282922823656));
#4348=CARTESIAN_POINT('',(28.6449228236559,13.0809703356361,123.282922823656));
#4349=CARTESIAN_POINT('Origin',(-38.8110771763442,13.080970335636,123.282922823656));
#4350=CARTESIAN_POINT('',(-41.7510771763442,13.080970335636,126.330922823656));
#4351=CARTESIAN_POINT('',(-38.8110771763442,16.020970335636,126.330922823656));
#4352=CARTESIAN_POINT('Origin',(-38.8110771763442,13.080970335636,126.330922823656));
#4353=CARTESIAN_POINT('',(-41.7510771763442,13.080970335636,123.282922823656));
#4354=CARTESIAN_POINT('',(-41.7510771763442,13.080970335636,123.282922823656));
#4355=CARTESIAN_POINT('',(-38.8110771763442,16.020970335636,123.282922823656));
#4356=CARTESIAN_POINT('Origin',(-38.8110771763442,13.080970335636,123.282922823656));
#4357=CARTESIAN_POINT('',(-38.8110771763442,16.020970335636,123.282922823656));
#4358=CARTESIAN_POINT('Origin',(-41.7510771763442,13.080970335636,123.282922823656));
#4359=CARTESIAN_POINT('',(-41.7510771763442,-13.081029664364,126.330922823656));
#4360=CARTESIAN_POINT('',(-41.7510771763442,6.54047033563603,126.330922823656));
#4361=CARTESIAN_POINT('',(-41.7510771763442,-13.081029664364,123.282922823656));
#4362=CARTESIAN_POINT('',(-41.7510771763442,-13.081029664364,123.282922823656));
#4363=CARTESIAN_POINT('',(-41.7510771763442,6.54048516781798,123.282922823656));
#4364=CARTESIAN_POINT('Origin',(-38.8110771763442,-13.081029664364,123.282922823656));
#4365=CARTESIAN_POINT('',(-38.8110771763442,-16.021029664364,126.330922823656));
#4366=CARTESIAN_POINT('Origin',(-38.8110771763442,-13.081029664364,126.330922823656));
#4367=CARTESIAN_POINT('',(-38.8110771763442,-16.021029664364,123.282922823656));
#4368=CARTESIAN_POINT('',(-38.8110771763442,-16.021029664364,123.282922823656));
#4369=CARTESIAN_POINT('Origin',(-38.8110771763442,-13.081029664364,123.282922823656));
#4370=CARTESIAN_POINT('Origin',(28.6449228236559,-13.0810296643639,123.282922823656));
#4371=CARTESIAN_POINT('',(28.6449228236559,-6.54051483218191,123.282922823656));
#4372=CARTESIAN_POINT('',(28.6449228236559,-6.00005932872774,126.330922823656));
#4373=CARTESIAN_POINT('',(28.6449228236559,-6.54052966436386,126.330922823656));
#4374=CARTESIAN_POINT('',(28.6449228236559,-6.00005932872774,123.282922823656));
#4375=CARTESIAN_POINT('',(28.6449228236559,-6.,129.782922823656));
#4376=CARTESIAN_POINT('',(28.6449228236559,-6.,131.641461411828));
#4377=CARTESIAN_POINT('',(28.6449228236559,-0.499999999999998,124.282922823656));
#4378=CARTESIAN_POINT('',(28.6449228236559,-4.77025741609097,128.553180239747));
#4379=CARTESIAN_POINT('',(28.6449228236559,0.500000000000003,124.282922823656));
#4380=CARTESIAN_POINT('',(28.6449228236559,13.0809703356361,124.282922823656));
#4381=CARTESIAN_POINT('',(28.6449228236559,-1.77025741609096,122.012665407565));
#4382=CARTESIAN_POINT('Origin',(-38.8110771763442,-16.021029664364,123.282922823656));
#4383=CARTESIAN_POINT('',(-13.007275835615,-16.0210296643639,132.282922823656));
#4384=CARTESIAN_POINT('',(-13.007275835615,-16.0210296643639,123.282922823656));
#4385=CARTESIAN_POINT('',(-13.007275835615,-16.0210296643639,123.282922823656));
#4386=CARTESIAN_POINT('',(-19.4055385881721,-16.0210296643639,123.282922823656));
#4387=CARTESIAN_POINT('',(-30.4290771763442,-16.0210296643639,126.330922823656));
#4388=CARTESIAN_POINT('',(-22.6820771763442,-16.0210296643639,126.330922823656));
#4389=CARTESIAN_POINT('',(-30.4290771763442,-16.0210296643639,123.282922823656));
#4390=CARTESIAN_POINT('',(17.3229228236559,-16.0210296643639,126.330922823656));
#4391=CARTESIAN_POINT('',(17.3229228236559,-16.0210296643639,123.282922823656));
#4392=CARTESIAN_POINT('',(-22.6820771763442,-16.0210296643639,126.330922823656));
#4393=CARTESIAN_POINT('',(-0.0988785170732927,-16.0210296643639,123.282922823656));
#4394=CARTESIAN_POINT('',(-19.4055385881721,-16.0210296643639,123.282922823656));
#4395=CARTESIAN_POINT('',(-0.0988785170732864,-16.0210296643639,132.282922823656));
#4396=CARTESIAN_POINT('',(-0.0988785170732864,-16.0210296643639,123.282922823656));
#4397=CARTESIAN_POINT('',(-22.6820771763441,-16.0210296643639,132.282922823656));
#4398=CARTESIAN_POINT('Origin',(-6.55307717634415,-2.96643639080076E-5,
126.330922823656));
#4399=CARTESIAN_POINT('',(25.8087353193482,-6.00005932872774,126.330922823656));
#4400=CARTESIAN_POINT('',(9.62782907150201,-6.00005932872776,126.330922823656));
#4401=CARTESIAN_POINT('',(18.9929228236559,-14.3510296643639,126.330922823656));
#4402=CARTESIAN_POINT('Origin',(17.3229228236559,-14.3510296643639,126.330922823656));
#4403=CARTESIAN_POINT('',(18.9929228236559,-9.2964296643639,126.330922823656));
#4404=CARTESIAN_POINT('',(18.9929228236559,-7.17552966436388,126.330922823656));
#4405=CARTESIAN_POINT('',(22.0473228236559,-6.24202966436386,126.330922823656));
#4406=CARTESIAN_POINT('Origin',(22.0473228236559,-9.29642966436387,126.330922823656));
#4407=CARTESIAN_POINT('',(24.9429228236559,-6.24202966436386,126.330922823656));
#4408=CARTESIAN_POINT('',(7.74712282365587,-6.2420296643639,126.330922823656));
#4409=CARTESIAN_POINT('Origin',(24.9429228236559,-4.57202966436386,126.330922823656));
#4410=CARTESIAN_POINT('',(23.7969228236559,-11.9888296643639,126.330922823656));
#4411=CARTESIAN_POINT('Origin',(25.1969228236559,-11.9888296643639,126.330922823656));
#4412=CARTESIAN_POINT('Origin',(-6.55307717634415,-2.96643639080076E-5,
126.330922823656));
#4413=CARTESIAN_POINT('',(-30.4290771763442,16.0209703356361,126.330922823656));
#4414=CARTESIAN_POINT('',(-32.0990771763442,14.350970335636,126.330922823656));
#4415=CARTESIAN_POINT('Origin',(-30.4290771763442,14.3509703356361,126.330922823656));
#4416=CARTESIAN_POINT('',(-32.0990771763442,9.29637033563603,126.330922823656));
#4417=CARTESIAN_POINT('',(-32.0990771763442,7.17547033563604,126.330922823656));
#4418=CARTESIAN_POINT('',(-35.1534771763442,6.24197033563603,126.330922823656));
#4419=CARTESIAN_POINT('Origin',(-35.1534771763442,9.29637033563604,126.330922823656));
#4420=CARTESIAN_POINT('',(-38.0490771763442,6.24197033563604,126.330922823656));
#4421=CARTESIAN_POINT('',(-20.8532771763442,6.24197033563602,126.330922823656));
#4422=CARTESIAN_POINT('',(-39.7190771763442,4.57197033563601,126.330922823656));
#4423=CARTESIAN_POINT('Origin',(-38.0490771763442,4.57197033563604,126.330922823656));
#4424=CARTESIAN_POINT('',(-39.7190771763442,-4.57202966436399,126.330922823656));
#4425=CARTESIAN_POINT('',(-39.7190771763442,2.28597033563603,126.330922823656));
#4426=CARTESIAN_POINT('',(-38.0490771763442,-6.24202966436396,126.330922823656));
#4427=CARTESIAN_POINT('Origin',(-38.0490771763442,-4.57202966436396,126.330922823656));
#4428=CARTESIAN_POINT('',(-35.1534771763442,-6.24202966436396,126.330922823656));
#4429=CARTESIAN_POINT('',(-22.3010771763442,-6.24202966436395,126.330922823656));
#4430=CARTESIAN_POINT('',(-32.0990771763442,-9.29642966436398,126.330922823656));
#4431=CARTESIAN_POINT('Origin',(-35.1534771763442,-9.29642966436396,126.330922823656));
#4432=CARTESIAN_POINT('',(-32.0990771763442,-14.351029664364,126.330922823656));
#4433=CARTESIAN_POINT('',(-32.0990771763442,-4.64822966436395,126.330922823656));
#4434=CARTESIAN_POINT('Origin',(-30.4290771763442,-14.3510296643639,126.330922823656));
#4435=CARTESIAN_POINT('',(9.57592282365584,16.0209703356361,126.330922823656));
#4436=CARTESIAN_POINT('',(-39.7030771763442,-11.988829664364,126.330922823656));
#4437=CARTESIAN_POINT('Origin',(-38.3030771763442,-11.988829664364,126.330922823656));
#4438=CARTESIAN_POINT('',(-39.7030771763442,11.988770335636,126.330922823656));
#4439=CARTESIAN_POINT('Origin',(-38.3030771763442,11.988770335636,126.330922823656));
#4440=CARTESIAN_POINT('Origin',(17.3229228236559,-14.3510296643639,123.282922823656));
#4441=CARTESIAN_POINT('',(18.9929228236559,-14.3510296643639,123.282922823656));
#4442=CARTESIAN_POINT('Origin',(18.9929228236559,-14.3510296643639,123.282922823656));
#4443=CARTESIAN_POINT('',(18.9929228236559,-9.2964296643639,123.282922823656));
#4444=CARTESIAN_POINT('Origin',(22.0473228236559,-9.29642966436387,123.282922823656));
#4445=CARTESIAN_POINT('',(22.0473228236559,-6.24202966436386,123.282922823656));
#4446=CARTESIAN_POINT('Origin',(22.0473228236559,-6.24202966436387,123.282922823656));
#4447=CARTESIAN_POINT('',(24.9429228236559,-6.24202966436386,123.282922823656));
#4448=CARTESIAN_POINT('Origin',(24.9429228236559,-4.57202966436386,123.282922823656));
#4449=CARTESIAN_POINT('',(25.8087353193482,-6.00005932872774,123.282922823656));
#4450=CARTESIAN_POINT('Origin',(25.8087353193482,-6.00005932872774,123.282922823656));
#4451=CARTESIAN_POINT('Origin',(24.9429228236559,4.57197033563614,123.282922823656));
#4452=CARTESIAN_POINT('',(24.9429228236558,6.24197033563614,123.282922823656));
#4453=CARTESIAN_POINT('Origin',(24.9429228236558,6.24197033563614,123.282922823656));
#4454=CARTESIAN_POINT('',(22.0473228236559,6.24197033563614,123.282922823656));
#4455=CARTESIAN_POINT('Origin',(22.0473228236558,9.29637033563614,123.282922823656));
#4456=CARTESIAN_POINT('Origin',(-30.4290771763442,-14.3510296643639,123.282922823656));
#4457=CARTESIAN_POINT('',(-32.0990771763442,-14.351029664364,123.282922823656));
#4458=CARTESIAN_POINT('Origin',(-32.0990771763442,-9.29642966436398,123.282922823656));
#4459=CARTESIAN_POINT('',(-32.0990771763442,-9.29642966436398,123.282922823656));
#4460=CARTESIAN_POINT('Origin',(-35.1534771763442,-9.29642966436396,123.282922823656));
#4461=CARTESIAN_POINT('',(-35.1534771763442,-6.24202966436396,123.282922823656));
#4462=CARTESIAN_POINT('Origin',(-38.0490771763442,-6.24202966436396,123.282922823656));
#4463=CARTESIAN_POINT('',(-38.0490771763442,-6.24202966436396,123.282922823656));
#4464=CARTESIAN_POINT('Origin',(-38.0490771763442,-4.57202966436396,123.282922823656));
#4465=CARTESIAN_POINT('',(-39.7190771763442,-4.57202966436399,123.282922823656));
#4466=CARTESIAN_POINT('Origin',(-39.7190771763442,4.57197033563601,123.282922823656));
#4467=CARTESIAN_POINT('',(-39.7190771763442,4.57197033563601,123.282922823656));
#4468=CARTESIAN_POINT('Origin',(-38.0490771763442,4.57197033563604,123.282922823656));
#4469=CARTESIAN_POINT('',(-38.0490771763442,6.24197033563604,123.282922823656));
#4470=CARTESIAN_POINT('Origin',(-35.1534771763442,6.24197033563604,123.282922823656));
#4471=CARTESIAN_POINT('',(-35.1534771763442,6.24197033563603,123.282922823656));
#4472=CARTESIAN_POINT('Origin',(-35.1534771763442,9.29637033563604,123.282922823656));
#4473=CARTESIAN_POINT('',(-32.0990771763442,9.29637033563603,123.282922823656));
#4474=CARTESIAN_POINT('Origin',(-32.0990771763442,14.350970335636,123.282922823656));
#4475=CARTESIAN_POINT('',(-32.0990771763442,14.350970335636,123.282922823656));
#4476=CARTESIAN_POINT('Origin',(-30.4290771763442,14.3509703356361,123.282922823656));
#4477=CARTESIAN_POINT('',(-30.4290771763442,16.0209703356361,123.282922823656));
#4478=CARTESIAN_POINT('Origin',(17.3229228236558,14.3509703356361,123.282922823656));
#4479=CARTESIAN_POINT('',(17.3229228236558,16.0209703356361,123.282922823656));
#4480=CARTESIAN_POINT('Origin',(-38.3030771763442,11.988770335636,135.282922823656));
#4481=CARTESIAN_POINT('',(-39.7030771763442,11.988770335636,135.282922823656));
#4482=CARTESIAN_POINT('Origin',(-38.3030771763442,11.988770335636,135.282922823656));
#4483=CARTESIAN_POINT('Origin',(-38.3030771763442,11.988770335636,123.282922823656));
#4484=CARTESIAN_POINT('',(-39.7030771763442,11.988770335636,123.282922823656));
#4485=CARTESIAN_POINT('Origin',(25.1969228236559,-11.9888296643639,135.282922823656));
#4486=CARTESIAN_POINT('',(23.7969228236559,-11.9888296643639,135.282922823656));
#4487=CARTESIAN_POINT('Origin',(25.1969228236559,-11.9888296643639,135.282922823656));
#4488=CARTESIAN_POINT('Origin',(25.1969228236559,-11.9888296643639,123.282922823656));
#4489=CARTESIAN_POINT('',(23.7969228236559,-11.9888296643639,123.282922823656));
#4490=CARTESIAN_POINT('Origin',(-38.3030771763442,-11.988829664364,135.282922823656));
#4491=CARTESIAN_POINT('',(-39.7030771763442,-11.988829664364,135.282922823656));
#4492=CARTESIAN_POINT('Origin',(-38.3030771763442,-11.988829664364,135.282922823656));
#4493=CARTESIAN_POINT('Origin',(-38.3030771763442,-11.988829664364,123.282922823656));
#4494=CARTESIAN_POINT('',(-39.7030771763442,-11.988829664364,123.282922823656));
#4495=CARTESIAN_POINT('Origin',(25.1969228236558,11.9887703356361,135.282922823656));
#4496=CARTESIAN_POINT('Origin',(25.7049228236558,16.0209703356361,123.282922823656));
#4497=CARTESIAN_POINT('',(-13.007275835615,16.020970335636,123.282922823656));
#4498=CARTESIAN_POINT('',(12.8524614118279,16.0209703356361,123.282922823656));
#4499=CARTESIAN_POINT('',(-13.007275835615,16.020970335636,132.282922823656));
#4500=CARTESIAN_POINT('',(-13.007275835615,16.0209703356361,123.282922823656));
#4501=CARTESIAN_POINT('',(-0.0988785170733286,16.0209703356361,132.282922823656));
#4502=CARTESIAN_POINT('',(9.57592282365584,16.0209703356361,132.282922823656));
#4503=CARTESIAN_POINT('',(-0.0988785170733354,16.0209703356361,123.282922823656));
#4504=CARTESIAN_POINT('',(-0.0988785170733564,16.0209703356361,123.282922823656));
#4505=CARTESIAN_POINT('',(12.8524614118279,16.0209703356361,123.282922823656));
#4506=CARTESIAN_POINT('Origin',(-6.55307717634417,19.4104703356361,132.282922823656));
#4507=CARTESIAN_POINT('',(-2.74256539969265,20.5999703356361,132.282922823656));
#4508=CARTESIAN_POINT('',(-10.3635889529957,20.5999703356361,132.282922823656));
#4509=CARTESIAN_POINT('Origin',(-6.55307717634418,18.3999703356361,132.282922823656));
#4510=CARTESIAN_POINT('',(-2.74256539969265,20.5999703356361,132.282922823656));
#4511=CARTESIAN_POINT('',(-10.3635889529957,20.5999703356361,132.282922823656));
#4512=CARTESIAN_POINT('',(-7.95307717634418,18.3999703356361,132.282922823656));
#4513=CARTESIAN_POINT('Origin',(-6.55307717634418,18.3999703356361,132.282922823656));
#4514=CARTESIAN_POINT('Origin',(-6.55307717634419,18.3999703356361,123.282922823656));
#4515=CARTESIAN_POINT('',(-2.74256539969266,20.5999703356361,123.282922823656));
#4516=CARTESIAN_POINT('',(-10.3635889529957,20.5999703356361,123.282922823656));
#4517=CARTESIAN_POINT('Origin',(-6.55307717634419,18.3999703356361,123.282922823656));
#4518=CARTESIAN_POINT('',(-2.74256539969266,20.5999703356361,123.282922823656));
#4519=CARTESIAN_POINT('',(-10.3635889529957,20.5999703356361,123.282922823656));
#4520=CARTESIAN_POINT('Origin',(-10.3635889529957,20.5999703356361,123.282922823656));
#4521=CARTESIAN_POINT('',(-13.5281647408379,15.1187642866911,123.282922823656));
#4522=CARTESIAN_POINT('Origin',(-0.0988785170733353,16.0209703356361,123.282922823656));
#4523=CARTESIAN_POINT('',(3.38212312354528,9.99169863285406,123.282922823656));
#4524=CARTESIAN_POINT('Origin',(-6.55307717634413,-19.4105296643639,132.282922823656));
#4525=CARTESIAN_POINT('',(-10.3635889529957,-20.6000296643639,132.282922823656));
#4526=CARTESIAN_POINT('',(-10.3635889529957,-20.6000296643639,132.282922823656));
#4527=CARTESIAN_POINT('',(-2.74256539969259,-20.6000296643639,132.282922823656));
#4528=CARTESIAN_POINT('',(-2.74256539969259,-20.6000296643639,132.282922823656));
#4529=CARTESIAN_POINT('Origin',(-6.55307717634413,-18.4000296643639,132.282922823656));
#4530=CARTESIAN_POINT('',(-7.95307717634412,-18.4000296643639,132.282922823656));
#4531=CARTESIAN_POINT('Origin',(-6.55307717634412,-18.4000296643639,132.282922823656));
#4532=CARTESIAN_POINT('Origin',(-13.007275835615,-16.0210296643639,123.282922823656));
#4533=CARTESIAN_POINT('',(-10.3635889529957,-20.6000296643639,123.282922823656));
#4534=CARTESIAN_POINT('',(-14.8500210271939,-12.829301367146,123.282922823656));
#4535=CARTESIAN_POINT('',(-10.3635889529957,-20.6000296643639,123.282922823656));
#4536=CARTESIAN_POINT('Origin',(-6.55307717634413,-18.4000296643639,123.282922823656));
#4537=CARTESIAN_POINT('',(-2.7425653996926,-20.6000296643639,123.282922823656));
#4538=CARTESIAN_POINT('Origin',(-6.55307717634413,-18.4000296643639,123.282922823656));
#4539=CARTESIAN_POINT('',(-2.7425653996926,-20.6000296643639,123.282922823656));
#4540=CARTESIAN_POINT('Origin',(-2.7425653996926,-20.6000296643639,123.282922823656));
#4541=CARTESIAN_POINT('',(2.06029252728202,-12.281235713309,123.282922823656));
#4542=CARTESIAN_POINT('Origin',(0.,-2.22044604925031E-15,128.282922823656));
#4543=CARTESIAN_POINT('',(27.8626983722081,-31.1126983722081,128.282922823656));
#4544=CARTESIAN_POINT('Origin',(31.1126983722081,-31.1126983722081,128.282922823656));
#4545=CARTESIAN_POINT('Origin',(31.1126983722081,-31.1126983722081,123.282922823656));
#4546=CARTESIAN_POINT('',(27.8626983722081,-31.1126983722081,123.282922823656));
#4547=CARTESIAN_POINT('Origin',(31.1126983722081,-31.1126983722081,123.282922823656));
#4548=CARTESIAN_POINT('',(27.8626983722081,-31.1126983722081,123.282922823656));
#4549=CARTESIAN_POINT('Origin',(0.,-2.22044604925031E-15,128.282922823656));
#4550=CARTESIAN_POINT('',(27.8626983722081,31.1126983722081,128.282922823656));
#4551=CARTESIAN_POINT('Origin',(31.1126983722081,31.1126983722081,128.282922823656));
#4552=CARTESIAN_POINT('Origin',(31.1126983722081,31.1126983722081,123.282922823656));
#4553=CARTESIAN_POINT('',(27.8626983722081,31.1126983722081,123.282922823656));
#4554=CARTESIAN_POINT('Origin',(31.1126983722081,31.1126983722081,123.282922823656));
#4555=CARTESIAN_POINT('',(27.8626983722081,31.1126983722081,123.282922823656));
#4556=CARTESIAN_POINT('Origin',(0.,-2.22044604925031E-15,128.282922823656));
#4557=CARTESIAN_POINT('',(-34.3626983722081,-31.1126983722081,128.282922823656));
#4558=CARTESIAN_POINT('Origin',(-31.1126983722081,-31.1126983722081,128.282922823656));
#4559=CARTESIAN_POINT('Origin',(-31.1126983722081,-31.1126983722081,123.282922823656));
#4560=CARTESIAN_POINT('',(-34.3626983722081,-31.1126983722081,123.282922823656));
#4561=CARTESIAN_POINT('Origin',(-31.1126983722081,-31.1126983722081,123.282922823656));
#4562=CARTESIAN_POINT('',(-34.3626983722081,-31.1126983722081,123.282922823656));
#4563=CARTESIAN_POINT('Origin',(0.,-2.22044604925031E-15,128.282922823656));
#4564=CARTESIAN_POINT('',(-34.3626983722081,31.1126983722081,128.282922823656));
#4565=CARTESIAN_POINT('Origin',(-31.1126983722081,31.1126983722081,128.282922823656));
#4566=CARTESIAN_POINT('Origin',(-31.1126983722081,31.1126983722081,123.282922823656));
#4567=CARTESIAN_POINT('',(-34.3626983722081,31.1126983722081,123.282922823656));
#4568=CARTESIAN_POINT('Origin',(-31.1126983722081,31.1126983722081,123.282922823656));
#4569=CARTESIAN_POINT('',(-34.3626983722081,31.1126983722081,123.282922823656));
#4570=CARTESIAN_POINT('Origin',(35.661230705914,-3.25,127.032922823656));
#4571=CARTESIAN_POINT('',(38.,-0.499999999999998,124.282922823656));
#4572=CARTESIAN_POINT('',(38.,-6.,129.782922823656));
#4573=CARTESIAN_POINT('',(38.,-4.17926929408606,127.962192117742));
#4574=CARTESIAN_POINT('',(35.661230705914,-0.499999999999998,124.282922823656));
#4575=CARTESIAN_POINT('',(35.661230705914,-6.,129.782922823656));
#4576=CARTESIAN_POINT('Origin',(33.3224614118279,-1.66533453693773E-14,
124.282922823656));
#4577=CARTESIAN_POINT('',(38.,0.500000000000003,124.282922823656));
#4578=CARTESIAN_POINT('',(30.661230705914,0.500000000000002,124.282922823656));
#4579=CARTESIAN_POINT('',(38.,2.99999999999999,124.282922823656));
#4580=CARTESIAN_POINT('Origin',(30.661230705914,3.25,127.032922823656));
#4581=CARTESIAN_POINT('',(38.,7.17926929408606,130.962192117742));
#4582=CARTESIAN_POINT('Origin',(1.90968570073858E-46,1.51651695951937E-30,
123.282922823656));
#4583=CARTESIAN_POINT('',(50.,1.01251390565866E-14,123.282922823656));
#4584=CARTESIAN_POINT('',(-3.54448193411069E-15,50.,123.282922823656));
#4585=CARTESIAN_POINT('Ctrl Pts',(50.,1.01251390565866E-14,123.282922823656));
#4586=CARTESIAN_POINT('Ctrl Pts',(50.,4.24284926253208,123.282922823656));
#4587=CARTESIAN_POINT('Ctrl Pts',(49.908878724701,12.7302395647241,123.282922823656));
#4588=CARTESIAN_POINT('Ctrl Pts',(49.4140813471643,22.5737740243033,123.282922823656));
#4589=CARTESIAN_POINT('Ctrl Pts',(48.6390015104351,28.9095701221449,123.282922823656));
#4590=CARTESIAN_POINT('Ctrl Pts',(48.1659900833408,31.701552825379,123.282922823656));
#4591=CARTESIAN_POINT('Ctrl Pts',(47.7335336057943,33.7796691792759,123.282922823656));
#4592=CARTESIAN_POINT('Ctrl Pts',(47.1994440277611,35.832918926841,123.282922823656));
#4593=CARTESIAN_POINT('Ctrl Pts',(46.3112470288449,38.5152281287625,123.282922823656));
#4594=CARTESIAN_POINT('Ctrl Pts',(45.0689098763902,41.0818480952902,123.282922823656));
#4595=CARTESIAN_POINT('Ctrl Pts',(43.2534747385145,43.2690790016259,123.282922823656));
#4596=CARTESIAN_POINT('Ctrl Pts',(41.0628664505799,45.0821786654171,123.282922823656));
#4597=CARTESIAN_POINT('Ctrl Pts',(37.2070445635566,46.9314486894196,123.282922823656));
#4598=CARTESIAN_POINT('Ctrl Pts',(31.6937214332292,48.2675376048374,123.282922823656));
#4599=CARTESIAN_POINT('Ctrl Pts',(26.4173148166095,48.9714714021028,123.282922823656));
#4600=CARTESIAN_POINT('Ctrl Pts',(22.1978407546257,49.3470259645414,123.282922823656));
#4601=CARTESIAN_POINT('Ctrl Pts',(17.9800810189779,49.6301346771784,123.282922823656));
#4602=CARTESIAN_POINT('Ctrl Pts',(10.6225884987097,49.9359010713407,123.282922823656));
#4603=CARTESIAN_POINT('Ctrl Pts',(4.24284926253207,50.,123.282922823656));
#4604=CARTESIAN_POINT('Ctrl Pts',(-3.54448193411069E-15,50.,123.282922823656));
#4605=CARTESIAN_POINT('',(-1.02800393294211E-14,-50.,123.282922823656));
#4606=CARTESIAN_POINT('Ctrl Pts',(-6.05377582575325E-15,-50.,123.282922823656));
#4607=CARTESIAN_POINT('Ctrl Pts',(4.24284926253207,-50.,123.282922823656));
#4608=CARTESIAN_POINT('Ctrl Pts',(12.7302395647241,-49.9088787247011,123.282922823656));
#4609=CARTESIAN_POINT('Ctrl Pts',(22.5737740243033,-49.4140813471643,123.282922823656));
#4610=CARTESIAN_POINT('Ctrl Pts',(28.9095701221449,-48.6390015104351,123.282922823656));
#4611=CARTESIAN_POINT('Ctrl Pts',(31.701552825379,-48.1659900833408,123.282922823656));
#4612=CARTESIAN_POINT('Ctrl Pts',(33.779669179276,-47.7335336057943,123.282922823656));
#4613=CARTESIAN_POINT('Ctrl Pts',(35.832918926841,-47.1994440277611,123.282922823656));
#4614=CARTESIAN_POINT('Ctrl Pts',(38.5152281287625,-46.3112470288449,123.282922823656));
#4615=CARTESIAN_POINT('Ctrl Pts',(41.0818480952902,-45.0689098763902,123.282922823656));
#4616=CARTESIAN_POINT('Ctrl Pts',(43.2690790016259,-43.2534747385145,123.282922823656));
#4617=CARTESIAN_POINT('Ctrl Pts',(45.0821786654171,-41.0628664505799,123.282922823656));
#4618=CARTESIAN_POINT('Ctrl Pts',(46.9314486894196,-37.2070445635565,123.282922823656));
#4619=CARTESIAN_POINT('Ctrl Pts',(48.2675376048374,-31.6937214332292,123.282922823656));
#4620=CARTESIAN_POINT('Ctrl Pts',(48.9714714021028,-26.4173148166095,123.282922823656));
#4621=CARTESIAN_POINT('Ctrl Pts',(49.3470259645414,-22.1978407546257,123.282922823656));
#4622=CARTESIAN_POINT('Ctrl Pts',(49.6301346771784,-17.9800810189779,123.282922823656));
#4623=CARTESIAN_POINT('Ctrl Pts',(49.9359010713407,-10.6225884987097,123.282922823656));
#4624=CARTESIAN_POINT('Ctrl Pts',(50.,-4.24284926253208,123.282922823656));
#4625=CARTESIAN_POINT('Ctrl Pts',(50.,-1.09690984112914E-14,123.282922823656));
#4626=CARTESIAN_POINT('',(-50.,1.26344329482292E-14,123.282922823656));
#4627=CARTESIAN_POINT('Ctrl Pts',(-50.,-2.54562230657125E-15,123.282922823656));
#4628=CARTESIAN_POINT('Ctrl Pts',(-50.,-4.24284926253207,123.282922823656));
#4629=CARTESIAN_POINT('Ctrl Pts',(-49.9362968047079,-10.6142494847254,123.282922823656));
#4630=CARTESIAN_POINT('Ctrl Pts',(-49.6294308855703,-17.9968531009358,123.282922823656));
#4631=CARTESIAN_POINT('Ctrl Pts',(-49.3450771298403,-22.2236143977826,123.282922823656));
#4632=CARTESIAN_POINT('Ctrl Pts',(-48.9680278900393,-26.4492241533079,123.282922823656));
#4633=CARTESIAN_POINT('Ctrl Pts',(-48.262440443883,-31.7210072694625,123.282922823656));
#4634=CARTESIAN_POINT('Ctrl Pts',(-46.9246779327077,-37.2279742105383,123.282922823656));
#4635=CARTESIAN_POINT('Ctrl Pts',(-45.0703833196751,-41.082535930226,123.282922823656));
#4636=CARTESIAN_POINT('Ctrl Pts',(-43.2527276365178,-43.2696938043635,123.282922823656));
#4637=CARTESIAN_POINT('Ctrl Pts',(-41.0622697625032,-45.0807764280119,123.282922823656));
#4638=CARTESIAN_POINT('Ctrl Pts',(-38.4942001794753,-46.3193139019444,123.282922823656));
#4639=CARTESIAN_POINT('Ctrl Pts',(-35.8103921005367,-47.2062311216302,123.282922823656));
#4640=CARTESIAN_POINT('Ctrl Pts',(-33.0691217812528,-47.9156697074714,123.282922823656));
#4641=CARTESIAN_POINT('Ctrl Pts',(-29.5840208846234,-48.5569496330696,123.282922823656));
#4642=CARTESIAN_POINT('Ctrl Pts',(-22.542453169088,-49.4181210370189,123.282922823656));
#4643=CARTESIAN_POINT('Ctrl Pts',(-12.7365220202406,-49.9048100031805,123.282922823656));
#4644=CARTESIAN_POINT('Ctrl Pts',(-4.24284926253208,-50.,123.282922823656));
#4645=CARTESIAN_POINT('Ctrl Pts',(-1.02800393294211E-14,-50.,123.282922823656));
#4646=CARTESIAN_POINT('Ctrl Pts',(-1.85656322470102E-15,50.,123.282922823656));
#4647=CARTESIAN_POINT('Ctrl Pts',(-4.24284926253207,50.,123.282922823656));
#4648=CARTESIAN_POINT('Ctrl Pts',(-12.7302395647241,49.9088787247011,123.282922823656));
#4649=CARTESIAN_POINT('Ctrl Pts',(-22.5737740243033,49.4140813471643,123.282922823656));
#4650=CARTESIAN_POINT('Ctrl Pts',(-28.9095701221449,48.6390015104351,123.282922823656));
#4651=CARTESIAN_POINT('Ctrl Pts',(-31.701552825379,48.1659900833408,123.282922823656));
#4652=CARTESIAN_POINT('Ctrl Pts',(-33.779669179276,47.7335336057943,123.282922823656));
#4653=CARTESIAN_POINT('Ctrl Pts',(-35.832918926841,47.1994440277611,123.282922823656));
#4654=CARTESIAN_POINT('Ctrl Pts',(-38.5152281287625,46.3112470288449,123.282922823656));
#4655=CARTESIAN_POINT('Ctrl Pts',(-41.0818480952902,45.0689098763902,123.282922823656));
#4656=CARTESIAN_POINT('Ctrl Pts',(-43.2690790016259,43.2534747385145,123.282922823656));
#4657=CARTESIAN_POINT('Ctrl Pts',(-45.0821786654171,41.0628664505799,123.282922823656));
#4658=CARTESIAN_POINT('Ctrl Pts',(-46.9314486894196,37.2070445635566,123.282922823656));
#4659=CARTESIAN_POINT('Ctrl Pts',(-48.2675376048374,31.6937214332292,123.282922823656));
#4660=CARTESIAN_POINT('Ctrl Pts',(-48.9714714021028,26.4173148166095,123.282922823656));
#4661=CARTESIAN_POINT('Ctrl Pts',(-49.3470259645414,22.1978407546257,123.282922823656));
#4662=CARTESIAN_POINT('Ctrl Pts',(-49.6301346771784,17.9800810189779,123.282922823656));
#4663=CARTESIAN_POINT('Ctrl Pts',(-49.9359010713407,10.6225884987097,123.282922823656));
#4664=CARTESIAN_POINT('Ctrl Pts',(-50.,4.24284926253208,123.282922823656));
#4665=CARTESIAN_POINT('Ctrl Pts',(-50.,1.26344329482292E-14,123.282922823656));
#4666=CARTESIAN_POINT('',(24.,44.819219381653,123.282922823656));
#4667=CARTESIAN_POINT('Origin',(24.,41.569219381653,123.282922823656));
#4668=CARTESIAN_POINT('',(44.8192193816531,-24.,123.282922823656));
#4669=CARTESIAN_POINT('Origin',(41.569219381653,-24.,123.282922823656));
#4670=CARTESIAN_POINT('',(-44.8192193816531,24.,123.282922823656));
#4671=CARTESIAN_POINT('Origin',(-41.569219381653,24.,123.282922823656));
#4672=CARTESIAN_POINT('',(-24.,-44.819219381653,123.282922823656));
#4673=CARTESIAN_POINT('Origin',(-24.,-41.569219381653,123.282922823656));
#4674=CARTESIAN_POINT('Ctrl Pts',(-6.05377582575325E-15,-50.,123.282922823656));
#4675=CARTESIAN_POINT('Ctrl Pts',(4.24284926253207,-50.,123.282922823656));
#4676=CARTESIAN_POINT('Ctrl Pts',(12.7302395647241,-49.9088787247011,123.282922823656));
#4677=CARTESIAN_POINT('Ctrl Pts',(22.5737740243033,-49.4140813471643,123.282922823656));
#4678=CARTESIAN_POINT('Ctrl Pts',(28.9095701221449,-48.6390015104351,123.282922823656));
#4679=CARTESIAN_POINT('Ctrl Pts',(31.701552825379,-48.1659900833408,123.282922823656));
#4680=CARTESIAN_POINT('Ctrl Pts',(33.779669179276,-47.7335336057943,123.282922823656));
#4681=CARTESIAN_POINT('Ctrl Pts',(35.832918926841,-47.1994440277611,123.282922823656));
#4682=CARTESIAN_POINT('Ctrl Pts',(38.5152281287625,-46.3112470288449,123.282922823656));
#4683=CARTESIAN_POINT('Ctrl Pts',(41.0818480952902,-45.0689098763902,123.282922823656));
#4684=CARTESIAN_POINT('Ctrl Pts',(43.2690790016259,-43.2534747385145,123.282922823656));
#4685=CARTESIAN_POINT('Ctrl Pts',(45.0821786654171,-41.0628664505799,123.282922823656));
#4686=CARTESIAN_POINT('Ctrl Pts',(46.9314486894196,-37.2070445635565,123.282922823656));
#4687=CARTESIAN_POINT('Ctrl Pts',(48.2675376048374,-31.6937214332292,123.282922823656));
#4688=CARTESIAN_POINT('Ctrl Pts',(48.9714714021028,-26.4173148166095,123.282922823656));
#4689=CARTESIAN_POINT('Ctrl Pts',(49.3470259645414,-22.1978407546257,123.282922823656));
#4690=CARTESIAN_POINT('Ctrl Pts',(49.6301346771784,-17.9800810189779,123.282922823656));
#4691=CARTESIAN_POINT('Ctrl Pts',(49.9359010713407,-10.6225884987097,123.282922823656));
#4692=CARTESIAN_POINT('Ctrl Pts',(50.,-4.24284926253208,123.282922823656));
#4693=CARTESIAN_POINT('Ctrl Pts',(50.,-1.09690984112914E-14,123.282922823656));
#4694=CARTESIAN_POINT('Ctrl Pts',(-6.23809198563495E-15,-50.7479982508547,
123.282922823656));
#4695=CARTESIAN_POINT('Ctrl Pts',(4.24819582407675,-50.7479982508547,123.282922823656));
#4696=CARTESIAN_POINT('Ctrl Pts',(12.7498695645445,-50.6566219589611,123.282922823656));
#4697=CARTESIAN_POINT('Ctrl Pts',(22.6270200176988,-50.1609072027091,123.282922823656));
#4698=CARTESIAN_POINT('Ctrl Pts',(29.014098156048,-49.3799339033674,123.282922823656));
#4699=CARTESIAN_POINT('Ctrl Pts',(31.8391385046999,-48.9014092391193,123.282922823656));
#4700=CARTESIAN_POINT('Ctrl Pts',(33.9484652466325,-48.4625113134666,123.282922823656));
#4701=CARTESIAN_POINT('Ctrl Pts',(36.042719879551,-47.9180146592998,123.282922823656));
#4702=CARTESIAN_POINT('Ctrl Pts',(38.7955567719136,-47.0065844323577,123.282922823656));
#4703=CARTESIAN_POINT('Ctrl Pts',(41.473058513727,-45.7155562050133,123.282922823656));
#4704=CARTESIAN_POINT('Ctrl Pts',(43.8017950565903,-43.7855436760401,123.282922823656));
#4705=CARTESIAN_POINT('Ctrl Pts',(45.729844690862,-41.4528354555781,123.282922823656));
#4706=CARTESIAN_POINT('Ctrl Pts',(47.6496423357792,-37.4328620369258,123.282922823656));
#4707=CARTESIAN_POINT('Ctrl Pts',(49.0048266265706,-31.8238434295871,123.282922823656));
#4708=CARTESIAN_POINT('Ctrl Pts',(49.7154514257232,-26.4993302859288,123.282922823656));
#4709=CARTESIAN_POINT('Ctrl Pts',(50.0928454091971,-22.2554532886321,123.282922823656));
#4710=CARTESIAN_POINT('Ctrl Pts',(50.3772887598278,-18.018442205114,123.282922823656));
#4711=CARTESIAN_POINT('Ctrl Pts',(50.6838270687253,-10.6382690406823,123.282922823656));
#4712=CARTESIAN_POINT('Ctrl Pts',(50.7479982508547,-4.24819582407677,123.282922823656));
#4713=CARTESIAN_POINT('Ctrl Pts',(50.7479982508547,-1.10305371312519E-14,
123.282922823656));
#4714=CARTESIAN_POINT('Ctrl Pts',(-6.33507416143674E-15,-52.2407276180337,
123.625316593718));
#4715=CARTESIAN_POINT('Ctrl Pts',(4.25887216438588,-52.2407276180337,123.625316593718));
#4716=CARTESIAN_POINT('Ctrl Pts',(12.7890457900837,-52.1488397588949,123.625316593718));
#4717=CARTESIAN_POINT('Ctrl Pts',(22.7332329440577,-51.6513088659179,123.625316593718));
#4718=CARTESIAN_POINT('Ctrl Pts',(29.222635459053,-50.8585864535875,123.625316593718));
#4719=CARTESIAN_POINT('Ctrl Pts',(32.113669615465,-50.369059521863,123.625316593718));
#4720=CARTESIAN_POINT('Ctrl Pts',(34.2852816375941,-49.9173133110875,123.625316593718));
#4721=CARTESIAN_POINT('Ctrl Pts',(36.4613646254826,-49.3520615429537,123.625316593718));
#4722=CARTESIAN_POINT('Ctrl Pts',(39.3549921378634,-48.3942592505007,123.625316593718));
#4723=CARTESIAN_POINT('Ctrl Pts',(42.2536822999913,-47.0061529126781,123.625316593718));
#4724=CARTESIAN_POINT('Ctrl Pts',(44.8649229413287,-44.8474045174597,123.625316593718));
#4725=CARTESIAN_POINT('Ctrl Pts',(47.0224676735989,-42.2309843962329,123.625316593718));
#4726=CARTESIAN_POINT('Ctrl Pts',(49.0829835074353,-37.8834056467176,123.625316593718));
#4727=CARTESIAN_POINT('Ctrl Pts',(50.4762124848483,-32.0834597380113,123.625316593718));
#4728=CARTESIAN_POINT('Ctrl Pts',(51.2001773434352,-26.6629815423801,123.625316593718));
#4729=CARTESIAN_POINT('Ctrl Pts',(51.5812322989886,-22.3704113598015,123.625316593718));
#4730=CARTESIAN_POINT('Ctrl Pts',(51.8683377709147,-18.0949806073848,123.625316593718));
#4731=CARTESIAN_POINT('Ctrl Pts',(52.1764138506814,-10.6695381101169,123.625316593718));
#4732=CARTESIAN_POINT('Ctrl Pts',(52.2407276180337,-4.25887216438589,123.625316593718));
#4733=CARTESIAN_POINT('Ctrl Pts',(52.2407276180337,-1.12101662339027E-14,
123.625316593718));
#4734=CARTESIAN_POINT('Ctrl Pts',(-5.5300815714424E-15,-54.3435657281175,
125.29801139519));
#4735=CARTESIAN_POINT('Ctrl Pts',(4.27388402950934,-54.3435657281175,125.29801139519));
#4736=CARTESIAN_POINT('Ctrl Pts',(12.8442257186167,-54.2509685436038,125.29801139519));
#4737=CARTESIAN_POINT('Ctrl Pts',(22.8830561667225,-53.7508166937118,125.29801139519));
#4738=CARTESIAN_POINT('Ctrl Pts',(29.5166723354658,-52.9414914211515,125.29801139519));
#4739=CARTESIAN_POINT('Ctrl Pts',(32.5005752918867,-52.4364648335381,125.29801139519));
#4740=CARTESIAN_POINT('Ctrl Pts',(34.7599263161503,-51.9665912745195,125.29801139519));
#4741=CARTESIAN_POINT('Ctrl Pts',(37.0512924629925,-51.3720432434707,125.29801139519));
#4742=CARTESIAN_POINT('Ctrl Pts',(40.1430693374853,-50.3489460120238,125.298011395189));
#4743=CARTESIAN_POINT('Ctrl Pts',(43.3537406902261,-48.8236928478867,125.298011395189));
#4744=CARTESIAN_POINT('Ctrl Pts',(46.3624760729619,-46.3430684879349,125.298011395189));
#4745=CARTESIAN_POINT('Ctrl Pts',(48.8428991375079,-43.3275454721298,125.29801139519));
#4746=CARTESIAN_POINT('Ctrl Pts',(51.1017716179396,-38.5185448399905,125.29801139519));
#4747=CARTESIAN_POINT('Ctrl Pts',(52.5488630159341,-32.4494403612338,125.29801139519));
#4748=CARTESIAN_POINT('Ctrl Pts',(53.2916747083589,-26.8936121710457,125.298011395189));
#4749=CARTESIAN_POINT('Ctrl Pts',(53.6779290338001,-22.5324208228766,125.29801139519));
#4750=CARTESIAN_POINT('Ctrl Pts',(53.9687903601659,-18.2028720393697,125.29801139519));
#4751=CARTESIAN_POINT('Ctrl Pts',(54.2790442258886,-10.7136881367682,125.29801139519));
#4752=CARTESIAN_POINT('Ctrl Pts',(54.3435657281175,-4.27388402950936,125.29801139519));
#4753=CARTESIAN_POINT('Ctrl Pts',(54.3435657281175,-1.16614477797551E-14,
125.29801139519));
#4754=CARTESIAN_POINT('Ctrl Pts',(-4.21820703988659E-15,-55.,127.160925447374));
#4755=CARTESIAN_POINT('Ctrl Pts',(4.27861236091251,-55.,127.160925447374));
#4756=CARTESIAN_POINT('Ctrl Pts',(12.8614636216093,-54.9071644050128,127.160925447374));
#4757=CARTESIAN_POINT('Ctrl Pts',(22.9295276801761,-54.4062881116674,127.160925447374));
#4758=CARTESIAN_POINT('Ctrl Pts',(29.6080616497365,-53.5918574111868,127.160925447374));
#4759=CARTESIAN_POINT('Ctrl Pts',(32.6211019985529,-53.0819931676847,127.160925447374));
#4760=CARTESIAN_POINT('Ctrl Pts',(34.9078474419916,-52.6065024045392,127.160925447374));
#4761=CARTESIAN_POINT('Ctrl Pts',(37.235186219917,-52.0028961919946,127.160925447374));
#4762=CARTESIAN_POINT('Ctrl Pts',(40.3890962315336,-50.9593706458465,127.160925447374));
#4763=CARTESIAN_POINT('Ctrl Pts',(43.6965749801999,-49.3918909199664,127.160925447374));
#4764=CARTESIAN_POINT('Ctrl Pts',(46.830105937016,-46.8102648932712,127.160925447374));
#4765=CARTESIAN_POINT('Ctrl Pts',(49.4119442723611,-43.669304432751,127.160925447374));
#4766=CARTESIAN_POINT('Ctrl Pts',(51.7325509274523,-38.7161401443223,127.160925447374));
#4767=CARTESIAN_POINT('Ctrl Pts',(53.1960544536492,-32.5633064698391,127.160925447374));
#4768=CARTESIAN_POINT('Ctrl Pts',(53.9446679060672,-26.9654695911566,127.160925447374));
#4769=CARTESIAN_POINT('Ctrl Pts',(54.3324822129568,-22.5828961645821,127.160925447374));
#4770=CARTESIAN_POINT('Ctrl Pts',(54.624507489209,-18.2364467811703,127.160925447374));
#4771=CARTESIAN_POINT('Ctrl Pts',(54.9354239514255,-10.727319386443,127.160925447374));
#4772=CARTESIAN_POINT('Ctrl Pts',(55.,-4.27861236091253,127.160925447374));
#4773=CARTESIAN_POINT('Ctrl Pts',(55.,-1.20256031727691E-14,127.160925447374));
#4774=CARTESIAN_POINT('Ctrl Pts',(-3.33066907387547E-15,-55.,128.282922823656));
#4775=CARTESIAN_POINT('Ctrl Pts',(4.27857016371335,-55.,128.282922823656));
#4776=CARTESIAN_POINT('Ctrl Pts',(12.8614509913425,-54.9071814115401,128.282922823656));
#4777=CARTESIAN_POINT('Ctrl Pts',(22.9298262699159,-54.4062112602173,128.282922823656));
#4778=CARTESIAN_POINT('Ctrl Pts',(29.6084611560283,-53.5917030356242,128.282922823656));
#4779=CARTESIAN_POINT('Ctrl Pts',(32.6213543805973,-53.0818379834608,128.282922823656));
#4780=CARTESIAN_POINT('Ctrl Pts',(34.9080945188746,-52.6063056283566,128.282922823656));
#4781=CARTESIAN_POINT('Ctrl Pts',(37.2354481527232,-52.0026121850267,128.282922823656));
#4782=CARTESIAN_POINT('Ctrl Pts',(40.3890801140463,-50.9591321648077,128.282922823656));
#4783=CARTESIAN_POINT('Ctrl Pts',(43.6971421405899,-49.3910656421516,128.282922823656));
#4784=CARTESIAN_POINT('Ctrl Pts',(46.8299608394988,-46.8099633091804,128.282922823656));
#4785=CARTESIAN_POINT('Ctrl Pts',(49.4111746443079,-43.6698551579066,128.282922823656));
#4786=CARTESIAN_POINT('Ctrl Pts',(51.7319675526779,-38.7168145347551,128.282922823656));
#4787=CARTESIAN_POINT('Ctrl Pts',(53.1958735091235,-32.5636875383798,128.282922823656));
#4788=CARTESIAN_POINT('Ctrl Pts',(53.9445686512253,-26.965607368236,128.282922823656));
#4789=CARTESIAN_POINT('Ctrl Pts',(54.332446128705,-22.5829947812689,128.282922823656));
#4790=CARTESIAN_POINT('Ctrl Pts',(54.624479916232,-18.2365522052165,128.282922823656));
#4791=CARTESIAN_POINT('Ctrl Pts',(54.9354136359493,-10.7274704742057,128.282922823656));
#4792=CARTESIAN_POINT('Ctrl Pts',(55.,-4.27857016371336,128.282922823656));
#4793=CARTESIAN_POINT('Ctrl Pts',(55.,-1.22124532708767E-14,128.282922823656));
#4794=CARTESIAN_POINT('',(55.,1.39906269644249E-15,128.282922823656));
#4795=CARTESIAN_POINT('Origin',(50.,9.2924717881177E-15,128.282922823656));
#4796=CARTESIAN_POINT('Ctrl Pts',(55.,-1.22124532708767E-14,128.282922823656));
#4797=CARTESIAN_POINT('Ctrl Pts',(55.,-4.27857016371336,128.282922823656));
#4798=CARTESIAN_POINT('Ctrl Pts',(54.9354136359493,-10.7274704742057,128.282922823656));
#4799=CARTESIAN_POINT('Ctrl Pts',(54.624479916232,-18.2365522052165,128.282922823656));
#4800=CARTESIAN_POINT('Ctrl Pts',(54.332446128705,-22.5829947812689,128.282922823656));
#4801=CARTESIAN_POINT('Ctrl Pts',(53.9445686512253,-26.965607368236,128.282922823656));
#4802=CARTESIAN_POINT('Ctrl Pts',(53.1958735091235,-32.5636875383798,128.282922823656));
#4803=CARTESIAN_POINT('Ctrl Pts',(51.7319675526779,-38.7168145347551,128.282922823656));
#4804=CARTESIAN_POINT('Ctrl Pts',(49.4111746443079,-43.6698551579066,128.282922823656));
#4805=CARTESIAN_POINT('Ctrl Pts',(46.8299608394988,-46.8099633091804,128.282922823656));
#4806=CARTESIAN_POINT('Ctrl Pts',(43.6971421405899,-49.3910656421516,128.282922823656));
#4807=CARTESIAN_POINT('Ctrl Pts',(40.3890801140463,-50.9591321648077,128.282922823656));
#4808=CARTESIAN_POINT('Ctrl Pts',(37.2354481527232,-52.0026121850267,128.282922823656));
#4809=CARTESIAN_POINT('Ctrl Pts',(34.9080945188746,-52.6063056283566,128.282922823656));
#4810=CARTESIAN_POINT('Ctrl Pts',(32.6213543805973,-53.0818379834608,128.282922823656));
#4811=CARTESIAN_POINT('Ctrl Pts',(29.6084611560283,-53.5917030356242,128.282922823656));
#4812=CARTESIAN_POINT('Ctrl Pts',(22.9298262699159,-54.4062112602173,128.282922823656));
#4813=CARTESIAN_POINT('Ctrl Pts',(12.8614509913425,-54.9071814115401,128.282922823656));
#4814=CARTESIAN_POINT('Ctrl Pts',(4.27857016371335,-55.,128.282922823656));
#4815=CARTESIAN_POINT('Ctrl Pts',(-3.33066907387547E-15,-55.,128.282922823656));
#4816=CARTESIAN_POINT('Origin',(-6.32486980419395E-15,-50.,128.282922823656));
#4817=CARTESIAN_POINT('Ctrl Pts',(-50.,-2.54562230657125E-15,123.282922823656));
#4818=CARTESIAN_POINT('Ctrl Pts',(-50.,-4.24284926253207,123.282922823656));
#4819=CARTESIAN_POINT('Ctrl Pts',(-49.9362968047079,-10.6142494847254,123.282922823656));
#4820=CARTESIAN_POINT('Ctrl Pts',(-49.6294308855703,-17.9968531009358,123.282922823656));
#4821=CARTESIAN_POINT('Ctrl Pts',(-49.3450771298403,-22.2236143977826,123.282922823656));
#4822=CARTESIAN_POINT('Ctrl Pts',(-48.9680278900393,-26.4492241533079,123.282922823656));
#4823=CARTESIAN_POINT('Ctrl Pts',(-48.262440443883,-31.7210072694625,123.282922823656));
#4824=CARTESIAN_POINT('Ctrl Pts',(-46.9246779327077,-37.2279742105383,123.282922823656));
#4825=CARTESIAN_POINT('Ctrl Pts',(-45.0703833196751,-41.082535930226,123.282922823656));
#4826=CARTESIAN_POINT('Ctrl Pts',(-43.2527276365178,-43.2696938043635,123.282922823656));
#4827=CARTESIAN_POINT('Ctrl Pts',(-41.0622697625032,-45.0807764280119,123.282922823656));
#4828=CARTESIAN_POINT('Ctrl Pts',(-38.4942001794753,-46.3193139019444,123.282922823656));
#4829=CARTESIAN_POINT('Ctrl Pts',(-35.8103921005367,-47.2062311216302,123.282922823656));
#4830=CARTESIAN_POINT('Ctrl Pts',(-33.0691217812528,-47.9156697074714,123.282922823656));
#4831=CARTESIAN_POINT('Ctrl Pts',(-29.5840208846234,-48.5569496330696,123.282922823656));
#4832=CARTESIAN_POINT('Ctrl Pts',(-22.542453169088,-49.4181210370189,123.282922823656));
#4833=CARTESIAN_POINT('Ctrl Pts',(-12.7365220202406,-49.9048100031805,123.282922823656));
#4834=CARTESIAN_POINT('Ctrl Pts',(-4.24284926253208,-50.,123.282922823656));
#4835=CARTESIAN_POINT('Ctrl Pts',(-1.02800393294211E-14,-50.,123.282922823656));
#4836=CARTESIAN_POINT('Ctrl Pts',(-50.7479982508547,-2.36130614668955E-15,
123.282922823656));
#4837=CARTESIAN_POINT('Ctrl Pts',(-50.7479982508547,-4.24819582407677,123.282922823656));
#4838=CARTESIAN_POINT('Ctrl Pts',(-50.6842240681528,-10.6299009960693,123.282922823656));
#4839=CARTESIAN_POINT('Ctrl Pts',(-50.3765860123264,-18.0352630383489,123.282922823656));
#4840=CARTESIAN_POINT('Ctrl Pts',(-50.0908892010542,-22.2813536359659,123.282922823656));
#4841=CARTESIAN_POINT('Ctrl Pts',(-49.7119943663022,-26.5314572832414,123.282922823656));
#4842=CARTESIAN_POINT('Ctrl Pts',(-48.9996626824221,-31.8514883124606,123.282922823656));
#4843=CARTESIAN_POINT('Ctrl Pts',(-47.6427557427918,-37.4543002409945,123.282922823656));
#4844=CARTESIAN_POINT('Ctrl Pts',(-45.7174496014874,-41.4735939899972,123.282922823656));
#4845=CARTESIAN_POINT('Ctrl Pts',(-43.7843392285264,-43.8028690966088,123.282922823656));
#4846=CARTESIAN_POINT('Ctrl Pts',(-41.4523824549222,-45.7280249968575,123.282922823656));
#4847=CARTESIAN_POINT('Ctrl Pts',(-38.7738903768505,-47.0148934944104,123.282922823656));
#4848=CARTESIAN_POINT('Ctrl Pts',(-36.0196222620542,-47.9249642515646,123.282922823656));
#4849=CARTESIAN_POINT('Ctrl Pts',(-33.2240985130341,-48.6480975852055,123.282922823656));
#4850=CARTESIAN_POINT('Ctrl Pts',(-29.6940770795717,-49.2972320513638,123.282922823656));
#4851=CARTESIAN_POINT('Ctrl Pts',(-22.595267158234,-50.1650538572726,123.282922823656));
#4852=CARTESIAN_POINT('Ctrl Pts',(-12.7565888732941,-50.6524189554685,123.282922823656));
#4853=CARTESIAN_POINT('Ctrl Pts',(-4.24819582407678,-50.7479982508547,123.282922823656));
#4854=CARTESIAN_POINT('Ctrl Pts',(-1.03414780493817E-14,-50.7479982508547,
123.282922823656));
#4855=CARTESIAN_POINT('Ctrl Pts',(-52.2407276180337,-2.05049890694393E-15,
123.625316593718));
#4856=CARTESIAN_POINT('Ctrl Pts',(-52.2407276180337,-4.25887216438588,123.625316593718));
#4857=CARTESIAN_POINT('Ctrl Pts',(-52.176813615044,-10.6611111243062,123.625316593718));
#4858=CARTESIAN_POINT('Ctrl Pts',(-51.8676374613354,-18.1118977717424,123.625316593718));
#4859=CARTESIAN_POINT('Ctrl Pts',(-51.5792619377123,-22.3965634420299,123.625316593718));
#4860=CARTESIAN_POINT('Ctrl Pts',(-51.1966940581315,-26.6955417064438,123.625316593718));
#4861=CARTESIAN_POINT('Ctrl Pts',(-50.470917306563,-32.111818269421,123.625316593718));
#4862=CARTESIAN_POINT('Ctrl Pts',(-49.0758682403912,-37.905856591455,123.625316593718));
#4863=CARTESIAN_POINT('Ctrl Pts',(-47.0088765461667,-42.2539167825827,123.625316593718));
#4864=CARTESIAN_POINT('Ctrl Pts',(-44.8452620337059,-44.8669395856179,123.625316593718));
#4865=CARTESIAN_POINT('Ctrl Pts',(-42.2308125655947,-47.0198261041245,123.625316593718));
#4866=CARTESIAN_POINT('Ctrl Pts',(-39.3320422485217,-48.403057908708,123.625316593718));
#4867=CARTESIAN_POINT('Ctrl Pts',(-36.4371129020687,-49.3593435334031,123.625316593718));
#4868=CARTESIAN_POINT('Ctrl Pts',(-33.5333196471342,-50.1097916570987,123.625316593718));
#4869=CARTESIAN_POINT('Ctrl Pts',(-29.9136653652246,-50.7745840461285,123.625316593718));
#4870=CARTESIAN_POINT('Ctrl Pts',(-22.7006054981723,-51.6556730663589,123.625316593718));
#4871=CARTESIAN_POINT('Ctrl Pts',(-12.7966354091007,-52.144367958276,123.625316593718));
#4872=CARTESIAN_POINT('Ctrl Pts',(-4.25887216438589,-52.2407276180337,123.625316593718));
#4873=CARTESIAN_POINT('Ctrl Pts',(-1.01932420539852E-14,-52.2407276180337,
123.625316593718));
#4874=CARTESIAN_POINT('Ctrl Pts',(-54.3435657281175,-1.81089283844572E-15,
125.29801139519));
#4875=CARTESIAN_POINT('Ctrl Pts',(-54.3435657281175,-4.27388402950936,125.29801139519));
#4876=CARTESIAN_POINT('Ctrl Pts',(-54.2794468654588,-10.7051824268758,125.29801139519));
#4877=CARTESIAN_POINT('Ctrl Pts',(-53.9680919691143,-18.2199290084693,125.29801139519));
#4878=CARTESIAN_POINT('Ctrl Pts',(-53.6759363320213,-22.5589323214875,125.29801139519));
#4879=CARTESIAN_POINT('Ctrl Pts',(-53.2881510138062,-26.9267876965046,125.29801139519));
#4880=CARTESIAN_POINT('Ctrl Pts',(-52.54337423448,-32.478816531518,125.29801139519));
#4881=CARTESIAN_POINT('Ctrl Pts',(-51.0943235482032,-38.5424316617651,125.29801139519));
#4882=CARTESIAN_POINT('Ctrl Pts',(-48.827619577282,-43.3535380718098,125.29801139519));
#4883=CARTESIAN_POINT('Ctrl Pts',(-46.3397130086578,-46.3657087558185,125.29801139519));
#4884=CARTESIAN_POINT('Ctrl Pts',(-43.3277935948291,-48.8390517922142,125.29801139519));
#4885=CARTESIAN_POINT('Ctrl Pts',(-40.1183515468359,-50.358407520544,125.29801139519));
#4886=CARTESIAN_POINT('Ctrl Pts',(-37.0254791794372,-51.3797587844943,125.29801139519));
#4887=CARTESIAN_POINT('Ctrl Pts',(-33.9691628368888,-52.1687495130316,125.29801139519));
#4888=CARTESIAN_POINT('Ctrl Pts',(-30.223189516154,-52.8556716357969,125.29801139519));
#4889=CARTESIAN_POINT('Ctrl Pts',(-22.8492500069665,-53.7554698825314,125.29801139519));
#4890=CARTESIAN_POINT('Ctrl Pts',(-12.8530477285046,-54.2461215903203,125.29801139519));
#4891=CARTESIAN_POINT('Ctrl Pts',(-4.27388402950936,-54.3435657281175,125.29801139519));
#4892=CARTESIAN_POINT('Ctrl Pts',(-9.04280565681563E-15,-54.3435657281175,
125.29801139519));
#4893=CARTESIAN_POINT('Ctrl Pts',(-55.,-1.9593767035832E-15,127.160925447374));
#4894=CARTESIAN_POINT('Ctrl Pts',(-55.,-4.27861236091251,127.160925447374));
#4895=CARTESIAN_POINT('Ctrl Pts',(-54.9358290172348,-10.7187826445277,127.160925447374));
#4896=CARTESIAN_POINT('Ctrl Pts',(-54.6238119692716,-18.2535412449402,127.160925447374));
#4897=CARTESIAN_POINT('Ctrl Pts',(-54.3304861388737,-22.6095126770162,127.160925447374));
#4898=CARTESIAN_POINT('Ctrl Pts',(-53.9411367901307,-26.9988294906737,127.160925447374));
#4899=CARTESIAN_POINT('Ctrl Pts',(-53.1905183236198,-32.5929818629898,127.160925447374));
#4900=CARTESIAN_POINT('Ctrl Pts',(-51.7250149547648,-38.7404613940144,127.160925447374));
#4901=CARTESIAN_POINT('Ctrl Pts',(-49.3961429621162,-43.6962555283318,127.160925447374));
#4902=CARTESIAN_POINT('Ctrl Pts',(-46.8063682141176,-46.8338858543353,127.160925447374));
#4903=CARTESIAN_POINT('Ctrl Pts',(-43.6696478792978,-49.4077924517363,127.160925447374));
#4904=CARTESIAN_POINT('Ctrl Pts',(-40.3637663280616,-50.9690793272737,127.160925447374));
#4905=CARTESIAN_POINT('Ctrl Pts',(-37.2087891565793,-52.0107990961681,127.160925447374));
#4906=CARTESIAN_POINT('Ctrl Pts',(-34.104862772009,-52.8117260141723,127.160925447374));
#4907=CARTESIAN_POINT('Ctrl Pts',(-30.3195340512559,-53.5054482058649,127.160925447374));
#4908=CARTESIAN_POINT('Ctrl Pts',(-22.8952736189987,-54.4110577046516,127.160925447374));
#4909=CARTESIAN_POINT('Ctrl Pts',(-12.8706607974944,-54.9021950844459,127.160925447374));
#4910=CARTESIAN_POINT('Ctrl Pts',(-4.27861236091252,-55.,127.160925447374));
#4911=CARTESIAN_POINT('Ctrl Pts',(-7.62309536132153E-15,-55.,127.160925447374));
#4912=CARTESIAN_POINT('Ctrl Pts',(-55.,-2.14622680169081E-15,128.282922823656));
#4913=CARTESIAN_POINT('Ctrl Pts',(-55.,-4.27857016371335,128.282922823656));
#4914=CARTESIAN_POINT('Ctrl Pts',(-54.9358171709709,-10.7189401981711,128.282922823656));
#4915=CARTESIAN_POINT('Ctrl Pts',(-54.6237821209726,-18.2536528249894,128.282922823656));
#4916=CARTESIAN_POINT('Ctrl Pts',(-54.3304464480596,-22.6096184872269,128.282922823656));
#4917=CARTESIAN_POINT('Ctrl Pts',(-53.9410323351842,-26.9989749990719,128.282922823656));
#4918=CARTESIAN_POINT('Ctrl Pts',(-53.1903242734747,-32.5933814060063,128.282922823656));
#4919=CARTESIAN_POINT('Ctrl Pts',(-51.7244155714437,-38.7411496071971,128.282922823656));
#4920=CARTESIAN_POINT('Ctrl Pts',(-49.3953680057277,-43.6968030473419,128.282922823656));
#4921=CARTESIAN_POINT('Ctrl Pts',(-46.8062293963538,-46.8335728988871,128.282922823656));
#4922=CARTESIAN_POINT('Ctrl Pts',(-43.6702344246112,-49.4069507986216,128.282922823656));
#4923=CARTESIAN_POINT('Ctrl Pts',(-40.3638105273182,-50.9688005375293,128.282922823656));
#4924=CARTESIAN_POINT('Ctrl Pts',(-37.2091475350885,-52.0104629946082,128.282922823656));
#4925=CARTESIAN_POINT('Ctrl Pts',(-34.1052186880143,-52.8114855391909,128.282922823656));
#4926=CARTESIAN_POINT('Ctrl Pts',(-30.3198127701951,-53.5053159571441,128.282922823656));
#4927=CARTESIAN_POINT('Ctrl Pts',(-22.8956522652387,-54.4109546255316,128.282922823656));
#4928=CARTESIAN_POINT('Ctrl Pts',(-12.8706577246391,-54.90221735559,128.282922823656));
#4929=CARTESIAN_POINT('Ctrl Pts',(-4.27857016371336,-55.,128.282922823656));
#4930=CARTESIAN_POINT('Ctrl Pts',(-6.7355573953104E-15,-55.,128.282922823656));
#4931=CARTESIAN_POINT('Origin',(-50.,1.18017656797603E-14,128.282922823656));
#4932=CARTESIAN_POINT('Ctrl Pts',(-1.85656322470102E-15,50.,123.282922823656));
#4933=CARTESIAN_POINT('Ctrl Pts',(-4.24284926253207,50.,123.282922823656));
#4934=CARTESIAN_POINT('Ctrl Pts',(-12.7302395647241,49.9088787247011,123.282922823656));
#4935=CARTESIAN_POINT('Ctrl Pts',(-22.5737740243033,49.4140813471643,123.282922823656));
#4936=CARTESIAN_POINT('Ctrl Pts',(-28.9095701221449,48.6390015104351,123.282922823656));
#4937=CARTESIAN_POINT('Ctrl Pts',(-31.701552825379,48.1659900833408,123.282922823656));
#4938=CARTESIAN_POINT('Ctrl Pts',(-33.779669179276,47.7335336057943,123.282922823656));
#4939=CARTESIAN_POINT('Ctrl Pts',(-35.832918926841,47.1994440277611,123.282922823656));
#4940=CARTESIAN_POINT('Ctrl Pts',(-38.5152281287625,46.3112470288449,123.282922823656));
#4941=CARTESIAN_POINT('Ctrl Pts',(-41.0818480952902,45.0689098763902,123.282922823656));
#4942=CARTESIAN_POINT('Ctrl Pts',(-43.2690790016259,43.2534747385145,123.282922823656));
#4943=CARTESIAN_POINT('Ctrl Pts',(-45.0821786654171,41.0628664505799,123.282922823656));
#4944=CARTESIAN_POINT('Ctrl Pts',(-46.9314486894196,37.2070445635566,123.282922823656));
#4945=CARTESIAN_POINT('Ctrl Pts',(-48.2675376048374,31.6937214332292,123.282922823656));
#4946=CARTESIAN_POINT('Ctrl Pts',(-48.9714714021028,26.4173148166095,123.282922823656));
#4947=CARTESIAN_POINT('Ctrl Pts',(-49.3470259645414,22.1978407546257,123.282922823656));
#4948=CARTESIAN_POINT('Ctrl Pts',(-49.6301346771784,17.9800810189779,123.282922823656));
#4949=CARTESIAN_POINT('Ctrl Pts',(-49.9359010713407,10.6225884987097,123.282922823656));
#4950=CARTESIAN_POINT('Ctrl Pts',(-50.,4.24284926253208,123.282922823656));
#4951=CARTESIAN_POINT('Ctrl Pts',(-50.,1.26344329482292E-14,123.282922823656));
#4952=CARTESIAN_POINT('Ctrl Pts',(-1.67224706481931E-15,50.7479982508547,
123.282922823656));
#4953=CARTESIAN_POINT('Ctrl Pts',(-4.24819582407676,50.7479982508547,123.282922823656));
#4954=CARTESIAN_POINT('Ctrl Pts',(-12.7498695645445,50.6566219589611,123.282922823656));
#4955=CARTESIAN_POINT('Ctrl Pts',(-22.6270200176988,50.1609072027091,123.282922823656));
#4956=CARTESIAN_POINT('Ctrl Pts',(-29.014098156048,49.3799339033674,123.282922823656));
#4957=CARTESIAN_POINT('Ctrl Pts',(-31.8391385046999,48.9014092391193,123.282922823656));
#4958=CARTESIAN_POINT('Ctrl Pts',(-33.9484652466325,48.4625113134666,123.282922823656));
#4959=CARTESIAN_POINT('Ctrl Pts',(-36.042719879551,47.9180146592998,123.282922823656));
#4960=CARTESIAN_POINT('Ctrl Pts',(-38.7955567719136,47.0065844323577,123.282922823656));
#4961=CARTESIAN_POINT('Ctrl Pts',(-41.473058513727,45.7155562050132,123.282922823656));
#4962=CARTESIAN_POINT('Ctrl Pts',(-43.8017950565903,43.7855436760401,123.282922823656));
#4963=CARTESIAN_POINT('Ctrl Pts',(-45.729844690862,41.4528354555781,123.282922823656));
#4964=CARTESIAN_POINT('Ctrl Pts',(-47.6496423357792,37.4328620369258,123.282922823656));
#4965=CARTESIAN_POINT('Ctrl Pts',(-49.0048266265705,31.8238434295871,123.282922823656));
#4966=CARTESIAN_POINT('Ctrl Pts',(-49.7154514257232,26.4993302859288,123.282922823656));
#4967=CARTESIAN_POINT('Ctrl Pts',(-50.092845409197,22.2554532886321,123.282922823656));
#4968=CARTESIAN_POINT('Ctrl Pts',(-50.3772887598278,18.018442205114,123.282922823656));
#4969=CARTESIAN_POINT('Ctrl Pts',(-50.6838270687253,10.6382690406823,123.282922823656));
#4970=CARTESIAN_POINT('Ctrl Pts',(-50.7479982508547,4.24819582407677,123.282922823656));
#4971=CARTESIAN_POINT('Ctrl Pts',(-50.7479982508547,1.26958716681897E-14,
123.282922823656));
#4972=CARTESIAN_POINT('Ctrl Pts',(-1.03357472702647E-15,52.2407276180337,
123.625316593718));
#4973=CARTESIAN_POINT('Ctrl Pts',(-4.25887216438589,52.2407276180337,123.625316593718));
#4974=CARTESIAN_POINT('Ctrl Pts',(-12.7890457900837,52.1488397588949,123.625316593718));
#4975=CARTESIAN_POINT('Ctrl Pts',(-22.7332329440577,51.6513088659178,123.625316593718));
#4976=CARTESIAN_POINT('Ctrl Pts',(-29.222635459053,50.8585864535875,123.625316593718));
#4977=CARTESIAN_POINT('Ctrl Pts',(-32.113669615465,50.369059521863,123.625316593718));
#4978=CARTESIAN_POINT('Ctrl Pts',(-34.2852816375941,49.9173133110875,123.625316593718));
#4979=CARTESIAN_POINT('Ctrl Pts',(-36.4613646254826,49.3520615429536,123.625316593718));
#4980=CARTESIAN_POINT('Ctrl Pts',(-39.3549921378634,48.3942592505007,123.625316593718));
#4981=CARTESIAN_POINT('Ctrl Pts',(-42.2536822999913,47.0061529126781,123.625316593718));
#4982=CARTESIAN_POINT('Ctrl Pts',(-44.8649229413287,44.8474045174597,123.625316593718));
#4983=CARTESIAN_POINT('Ctrl Pts',(-47.0224676735989,42.2309843962329,123.625316593718));
#4984=CARTESIAN_POINT('Ctrl Pts',(-49.0829835074353,37.8834056467176,123.625316593718));
#4985=CARTESIAN_POINT('Ctrl Pts',(-50.4762124848483,32.0834597380113,123.625316593718));
#4986=CARTESIAN_POINT('Ctrl Pts',(-51.2001773434352,26.6629815423801,123.625316593718));
#4987=CARTESIAN_POINT('Ctrl Pts',(-51.5812322989886,22.3704113598015,123.625316593718));
#4988=CARTESIAN_POINT('Ctrl Pts',(-51.8683377709147,18.0949806073848,123.625316593718));
#4989=CARTESIAN_POINT('Ctrl Pts',(-52.1764138506814,10.6695381101169,123.625316593718));
#4990=CARTESIAN_POINT('Ctrl Pts',(-52.2407276180337,4.25887216438589,123.625316593718));
#4991=CARTESIAN_POINT('Ctrl Pts',(-52.2407276180337,1.27614607367372E-14,
123.625316593718));
#4992=CARTESIAN_POINT('Ctrl Pts',(8.07749284493669E-16,54.3435657281175,
125.29801139519));
#4993=CARTESIAN_POINT('Ctrl Pts',(-4.27388402950934,54.3435657281175,125.29801139519));
#4994=CARTESIAN_POINT('Ctrl Pts',(-12.8442257186167,54.2509685436038,125.29801139519));
#4995=CARTESIAN_POINT('Ctrl Pts',(-22.8830561667225,53.7508166937118,125.29801139519));
#4996=CARTESIAN_POINT('Ctrl Pts',(-29.5166723354659,52.9414914211516,125.29801139519));
#4997=CARTESIAN_POINT('Ctrl Pts',(-32.5005752918867,52.4364648335381,125.29801139519));
#4998=CARTESIAN_POINT('Ctrl Pts',(-34.7599263161503,51.9665912745196,125.29801139519));
#4999=CARTESIAN_POINT('Ctrl Pts',(-37.0512924629925,51.3720432434707,125.29801139519));
#5000=CARTESIAN_POINT('Ctrl Pts',(-40.1430693374853,50.3489460120238,125.29801139519));
#5001=CARTESIAN_POINT('Ctrl Pts',(-43.3537406902261,48.8236928478867,125.29801139519));
#5002=CARTESIAN_POINT('Ctrl Pts',(-46.3624760729619,46.3430684879349,125.29801139519));
#5003=CARTESIAN_POINT('Ctrl Pts',(-48.8428991375078,43.3275454721297,125.29801139519));
#5004=CARTESIAN_POINT('Ctrl Pts',(-51.1017716179396,38.5185448399905,125.29801139519));
#5005=CARTESIAN_POINT('Ctrl Pts',(-52.5488630159341,32.4494403612338,125.29801139519));
#5006=CARTESIAN_POINT('Ctrl Pts',(-53.2916747083589,26.8936121710457,125.29801139519));
#5007=CARTESIAN_POINT('Ctrl Pts',(-53.6779290338001,22.5324208228766,125.29801139519));
#5008=CARTESIAN_POINT('Ctrl Pts',(-53.9687903601658,18.2028720393697,125.29801139519));
#5009=CARTESIAN_POINT('Ctrl Pts',(-54.2790442258886,10.7136881367682,125.29801139519));
#5010=CARTESIAN_POINT('Ctrl Pts',(-54.3435657281175,4.27388402950936,125.29801139519));
#5011=CARTESIAN_POINT('Ctrl Pts',(-54.3435657281175,1.26556229980601E-14,
125.29801139519));
#5012=CARTESIAN_POINT('Ctrl Pts',(2.44313110786434E-15,55.,127.160925447374));
#5013=CARTESIAN_POINT('Ctrl Pts',(-4.27861236091252,55.,127.160925447374));
#5014=CARTESIAN_POINT('Ctrl Pts',(-12.8614636216093,54.9071644050129,127.160925447374));
#5015=CARTESIAN_POINT('Ctrl Pts',(-22.9295276801761,54.4062881116674,127.160925447374));
#5016=CARTESIAN_POINT('Ctrl Pts',(-29.6080616497365,53.5918574111868,127.160925447374));
#5017=CARTESIAN_POINT('Ctrl Pts',(-32.6211019985529,53.0819931676847,127.160925447374));
#5018=CARTESIAN_POINT('Ctrl Pts',(-34.9078474419916,52.6065024045392,127.160925447374));
#5019=CARTESIAN_POINT('Ctrl Pts',(-37.235186219917,52.0028961919946,127.160925447374));
#5020=CARTESIAN_POINT('Ctrl Pts',(-40.3890962315336,50.9593706458465,127.160925447374));
#5021=CARTESIAN_POINT('Ctrl Pts',(-43.6965749801999,49.3918909199664,127.160925447374));
#5022=CARTESIAN_POINT('Ctrl Pts',(-46.830105937016,46.8102648932712,127.160925447374));
#5023=CARTESIAN_POINT('Ctrl Pts',(-49.4119442723611,43.669304432751,127.160925447374));
#5024=CARTESIAN_POINT('Ctrl Pts',(-51.7325509274523,38.7161401443223,127.160925447374));
#5025=CARTESIAN_POINT('Ctrl Pts',(-53.1960544536492,32.5633064698391,127.160925447374));
#5026=CARTESIAN_POINT('Ctrl Pts',(-53.9446679060671,26.9654695911566,127.160925447374));
#5027=CARTESIAN_POINT('Ctrl Pts',(-54.3324822129567,22.5828961645821,127.160925447374));
#5028=CARTESIAN_POINT('Ctrl Pts',(-54.624507489209,18.2364467811703,127.160925447374));
#5029=CARTESIAN_POINT('Ctrl Pts',(-54.9354239514255,10.727319386443,127.160925447374));
#5030=CARTESIAN_POINT('Ctrl Pts',(-55.,4.27861236091253,127.160925447374));
#5031=CARTESIAN_POINT('Ctrl Pts',(-55.,1.23993033689843E-14,127.160925447374));
#5032=CARTESIAN_POINT('Ctrl Pts',(3.33066907387547E-15,55.,128.282922823656));
#5033=CARTESIAN_POINT('Ctrl Pts',(-4.27857016371335,55.,128.282922823656));
#5034=CARTESIAN_POINT('Ctrl Pts',(-12.8614509913425,54.9071814115401,128.282922823656));
#5035=CARTESIAN_POINT('Ctrl Pts',(-22.9298262699159,54.4062112602173,128.282922823656));
#5036=CARTESIAN_POINT('Ctrl Pts',(-29.6084611560283,53.5917030356242,128.282922823656));
#5037=CARTESIAN_POINT('Ctrl Pts',(-32.6213543805973,53.0818379834608,128.282922823656));
#5038=CARTESIAN_POINT('Ctrl Pts',(-34.9080945188746,52.6063056283567,128.282922823656));
#5039=CARTESIAN_POINT('Ctrl Pts',(-37.2354481527232,52.0026121850267,128.282922823656));
#5040=CARTESIAN_POINT('Ctrl Pts',(-40.3890801140463,50.9591321648078,128.282922823656));
#5041=CARTESIAN_POINT('Ctrl Pts',(-43.6971421405899,49.3910656421516,128.282922823656));
#5042=CARTESIAN_POINT('Ctrl Pts',(-46.8299608394988,46.8099633091804,128.282922823656));
#5043=CARTESIAN_POINT('Ctrl Pts',(-49.4111746443079,43.6698551579065,128.282922823656));
#5044=CARTESIAN_POINT('Ctrl Pts',(-51.7319675526778,38.7168145347551,128.282922823656));
#5045=CARTESIAN_POINT('Ctrl Pts',(-53.1958735091235,32.5636875383798,128.282922823656));
#5046=CARTESIAN_POINT('Ctrl Pts',(-53.9445686512253,26.965607368236,128.282922823656));
#5047=CARTESIAN_POINT('Ctrl Pts',(-54.332446128705,22.5829947812689,128.282922823656));
#5048=CARTESIAN_POINT('Ctrl Pts',(-54.624479916232,18.2365522052165,128.282922823656));
#5049=CARTESIAN_POINT('Ctrl Pts',(-54.9354136359493,10.7274704742057,128.282922823656));
#5050=CARTESIAN_POINT('Ctrl Pts',(-55.,4.27857016371336,128.282922823656));
#5051=CARTESIAN_POINT('Ctrl Pts',(-55.,1.22124532708767E-14,128.282922823656));
#5052=CARTESIAN_POINT('Origin',(4.10687591116448E-16,50.,128.282922823656));
#5053=CARTESIAN_POINT('Ctrl Pts',(50.,1.01251390565866E-14,123.282922823656));
#5054=CARTESIAN_POINT('Ctrl Pts',(50.,4.24284926253208,123.282922823656));
#5055=CARTESIAN_POINT('Ctrl Pts',(49.908878724701,12.7302395647241,123.282922823656));
#5056=CARTESIAN_POINT('Ctrl Pts',(49.4140813471643,22.5737740243033,123.282922823656));
#5057=CARTESIAN_POINT('Ctrl Pts',(48.6390015104351,28.9095701221449,123.282922823656));
#5058=CARTESIAN_POINT('Ctrl Pts',(48.1659900833408,31.701552825379,123.282922823656));
#5059=CARTESIAN_POINT('Ctrl Pts',(47.7335336057943,33.7796691792759,123.282922823656));
#5060=CARTESIAN_POINT('Ctrl Pts',(47.1994440277611,35.832918926841,123.282922823656));
#5061=CARTESIAN_POINT('Ctrl Pts',(46.3112470288449,38.5152281287625,123.282922823656));
#5062=CARTESIAN_POINT('Ctrl Pts',(45.0689098763902,41.0818480952902,123.282922823656));
#5063=CARTESIAN_POINT('Ctrl Pts',(43.2534747385145,43.2690790016259,123.282922823656));
#5064=CARTESIAN_POINT('Ctrl Pts',(41.0628664505799,45.0821786654171,123.282922823656));
#5065=CARTESIAN_POINT('Ctrl Pts',(37.2070445635566,46.9314486894196,123.282922823656));
#5066=CARTESIAN_POINT('Ctrl Pts',(31.6937214332292,48.2675376048374,123.282922823656));
#5067=CARTESIAN_POINT('Ctrl Pts',(26.4173148166095,48.9714714021028,123.282922823656));
#5068=CARTESIAN_POINT('Ctrl Pts',(22.1978407546257,49.3470259645414,123.282922823656));
#5069=CARTESIAN_POINT('Ctrl Pts',(17.9800810189779,49.6301346771784,123.282922823656));
#5070=CARTESIAN_POINT('Ctrl Pts',(10.6225884987097,49.9359010713407,123.282922823656));
#5071=CARTESIAN_POINT('Ctrl Pts',(4.24284926253207,50.,123.282922823656));
#5072=CARTESIAN_POINT('Ctrl Pts',(-3.54448193411069E-15,50.,123.282922823656));
#5073=CARTESIAN_POINT('Ctrl Pts',(50.7479982508547,1.0063700336626E-14,
123.282922823656));
#5074=CARTESIAN_POINT('Ctrl Pts',(50.7479982508547,4.24819582407677,123.282922823656));
#5075=CARTESIAN_POINT('Ctrl Pts',(50.6566219589611,12.7498695645445,123.282922823656));
#5076=CARTESIAN_POINT('Ctrl Pts',(50.1609072027091,22.6270200176988,123.282922823656));
#5077=CARTESIAN_POINT('Ctrl Pts',(49.3799339033674,29.014098156048,123.282922823656));
#5078=CARTESIAN_POINT('Ctrl Pts',(48.9014092391193,31.8391385046999,123.282922823656));
#5079=CARTESIAN_POINT('Ctrl Pts',(48.4625113134666,33.9484652466325,123.282922823656));
#5080=CARTESIAN_POINT('Ctrl Pts',(47.9180146592998,36.042719879551,123.282922823656));
#5081=CARTESIAN_POINT('Ctrl Pts',(47.0065844323577,38.7955567719136,123.282922823656));
#5082=CARTESIAN_POINT('Ctrl Pts',(45.7155562050132,41.4730585137271,123.282922823656));
#5083=CARTESIAN_POINT('Ctrl Pts',(43.7855436760401,43.8017950565903,123.282922823656));
#5084=CARTESIAN_POINT('Ctrl Pts',(41.4528354555781,45.729844690862,123.282922823656));
#5085=CARTESIAN_POINT('Ctrl Pts',(37.4328620369258,47.6496423357792,123.282922823656));
#5086=CARTESIAN_POINT('Ctrl Pts',(31.823843429587,49.0048266265706,123.282922823656));
#5087=CARTESIAN_POINT('Ctrl Pts',(26.4993302859288,49.7154514257232,123.282922823656));
#5088=CARTESIAN_POINT('Ctrl Pts',(22.2554532886321,50.092845409197,123.282922823656));
#5089=CARTESIAN_POINT('Ctrl Pts',(18.018442205114,50.3772887598278,123.282922823656));
#5090=CARTESIAN_POINT('Ctrl Pts',(10.6382690406822,50.6838270687253,123.282922823656));
#5091=CARTESIAN_POINT('Ctrl Pts',(4.24819582407675,50.7479982508547,123.282922823656));
#5092=CARTESIAN_POINT('Ctrl Pts',(-3.60592065407126E-15,50.7479982508547,
123.282922823656));
#5093=CARTESIAN_POINT('Ctrl Pts',(52.2407276180337,9.88407123397524E-15,
123.625316593718));
#5094=CARTESIAN_POINT('Ctrl Pts',(52.2407276180337,4.25887216438589,123.625316593718));
#5095=CARTESIAN_POINT('Ctrl Pts',(52.1488397588949,12.7890457900837,123.625316593718));
#5096=CARTESIAN_POINT('Ctrl Pts',(51.6513088659179,22.7332329440577,123.625316593718));
#5097=CARTESIAN_POINT('Ctrl Pts',(50.8585864535875,29.222635459053,123.625316593718));
#5098=CARTESIAN_POINT('Ctrl Pts',(50.369059521863,32.113669615465,123.625316593718));
#5099=CARTESIAN_POINT('Ctrl Pts',(49.9173133110875,34.2852816375941,123.625316593718));
#5100=CARTESIAN_POINT('Ctrl Pts',(49.3520615429537,36.4613646254826,123.625316593718));
#5101=CARTESIAN_POINT('Ctrl Pts',(48.3942592505007,39.3549921378634,123.625316593718));
#5102=CARTESIAN_POINT('Ctrl Pts',(47.0061529126781,42.2536822999913,123.625316593718));
#5103=CARTESIAN_POINT('Ctrl Pts',(44.8474045174597,44.8649229413287,123.625316593718));
#5104=CARTESIAN_POINT('Ctrl Pts',(42.2309843962328,47.022467673599,123.625316593718));
#5105=CARTESIAN_POINT('Ctrl Pts',(37.8834056467176,49.0829835074353,123.625316593718));
#5106=CARTESIAN_POINT('Ctrl Pts',(32.0834597380113,50.4762124848483,123.625316593718));
#5107=CARTESIAN_POINT('Ctrl Pts',(26.6629815423801,51.2001773434352,123.625316593718));
#5108=CARTESIAN_POINT('Ctrl Pts',(22.3704113598015,51.5812322989886,123.625316593718));
#5109=CARTESIAN_POINT('Ctrl Pts',(18.0949806073848,51.8683377709147,123.625316593718));
#5110=CARTESIAN_POINT('Ctrl Pts',(10.6695381101169,52.1764138506814,123.625316593718));
#5111=CARTESIAN_POINT('Ctrl Pts',(4.25887216438588,52.2407276180337,123.625316593718));
#5112=CARTESIAN_POINT('Ctrl Pts',(-3.45768465867484E-15,52.2407276180337,
123.625316593718));
#5113=CARTESIAN_POINT('Ctrl Pts',(54.3435657281175,9.43278968812291E-15,
125.29801139519));
#5114=CARTESIAN_POINT('Ctrl Pts',(54.3435657281175,4.27388402950936,125.29801139519));
#5115=CARTESIAN_POINT('Ctrl Pts',(54.2509685436038,12.8442257186167,125.29801139519));
#5116=CARTESIAN_POINT('Ctrl Pts',(53.7508166937118,22.8830561667225,125.29801139519));
#5117=CARTESIAN_POINT('Ctrl Pts',(52.9414914211515,29.5166723354659,125.298011395189));
#5118=CARTESIAN_POINT('Ctrl Pts',(52.4364648335381,32.5005752918867,125.29801139519));
#5119=CARTESIAN_POINT('Ctrl Pts',(51.9665912745195,34.7599263161503,125.298011395189));
#5120=CARTESIAN_POINT('Ctrl Pts',(51.3720432434707,37.0512924629926,125.298011395189));
#5121=CARTESIAN_POINT('Ctrl Pts',(50.3489460120238,40.1430693374853,125.29801139519));
#5122=CARTESIAN_POINT('Ctrl Pts',(48.8236928478867,43.3537406902262,125.29801139519));
#5123=CARTESIAN_POINT('Ctrl Pts',(46.343068487935,46.3624760729619,125.29801139519));
#5124=CARTESIAN_POINT('Ctrl Pts',(43.3275454721297,48.8428991375079,125.298011395189));
#5125=CARTESIAN_POINT('Ctrl Pts',(38.5185448399905,51.1017716179396,125.29801139519));
#5126=CARTESIAN_POINT('Ctrl Pts',(32.4494403612337,52.5488630159341,125.29801139519));
#5127=CARTESIAN_POINT('Ctrl Pts',(26.8936121710457,53.2916747083589,125.298011395189));
#5128=CARTESIAN_POINT('Ctrl Pts',(22.5324208228766,53.6779290338001,125.29801139519));
#5129=CARTESIAN_POINT('Ctrl Pts',(18.2028720393697,53.9687903601658,125.29801139519));
#5130=CARTESIAN_POINT('Ctrl Pts',(10.7136881367682,54.2790442258886,125.29801139519));
#5131=CARTESIAN_POINT('Ctrl Pts',(4.27388402950934,54.3435657281175,125.29801139519));
#5132=CARTESIAN_POINT('Ctrl Pts',(-2.30724826150523E-15,54.3435657281175,
125.29801139519));
#5133=CARTESIAN_POINT('Ctrl Pts',(55.,9.06863429510886E-15,127.160925447374));
#5134=CARTESIAN_POINT('Ctrl Pts',(55.,4.27861236091252,127.160925447374));
#5135=CARTESIAN_POINT('Ctrl Pts',(54.9071644050129,12.8614636216093,127.160925447374));
#5136=CARTESIAN_POINT('Ctrl Pts',(54.4062881116674,22.9295276801761,127.160925447374));
#5137=CARTESIAN_POINT('Ctrl Pts',(53.5918574111868,29.6080616497365,127.160925447374));
#5138=CARTESIAN_POINT('Ctrl Pts',(53.0819931676847,32.621101998553,127.160925447374));
#5139=CARTESIAN_POINT('Ctrl Pts',(52.6065024045392,34.9078474419916,127.160925447374));
#5140=CARTESIAN_POINT('Ctrl Pts',(52.0028961919946,37.2351862199171,127.160925447374));
#5141=CARTESIAN_POINT('Ctrl Pts',(50.9593706458465,40.3890962315335,127.160925447374));
#5142=CARTESIAN_POINT('Ctrl Pts',(49.3918909199664,43.6965749801999,127.160925447374));
#5143=CARTESIAN_POINT('Ctrl Pts',(46.8102648932712,46.830105937016,127.160925447374));
#5144=CARTESIAN_POINT('Ctrl Pts',(43.669304432751,49.4119442723612,127.160925447374));
#5145=CARTESIAN_POINT('Ctrl Pts',(38.7161401443223,51.7325509274523,127.160925447374));
#5146=CARTESIAN_POINT('Ctrl Pts',(32.563306469839,53.1960544536492,127.160925447374));
#5147=CARTESIAN_POINT('Ctrl Pts',(26.9654695911566,53.9446679060672,127.160925447374));
#5148=CARTESIAN_POINT('Ctrl Pts',(22.5828961645821,54.3324822129568,127.160925447374));
#5149=CARTESIAN_POINT('Ctrl Pts',(18.2364467811702,54.624507489209,127.160925447374));
#5150=CARTESIAN_POINT('Ctrl Pts',(10.7273193864429,54.9354239514255,127.160925447374));
#5151=CARTESIAN_POINT('Ctrl Pts',(4.27861236091252,55.,127.160925447374));
#5152=CARTESIAN_POINT('Ctrl Pts',(-8.87537966011132E-16,55.,127.160925447374));
#5153=CARTESIAN_POINT('Ctrl Pts',(55.,8.88178419700125E-15,128.282922823656));
#5154=CARTESIAN_POINT('Ctrl Pts',(55.,4.27857016371336,128.282922823656));
#5155=CARTESIAN_POINT('Ctrl Pts',(54.9071814115401,12.8614509913425,128.282922823656));
#5156=CARTESIAN_POINT('Ctrl Pts',(54.4062112602174,22.9298262699159,128.282922823656));
#5157=CARTESIAN_POINT('Ctrl Pts',(53.5917030356242,29.6084611560283,128.282922823656));
#5158=CARTESIAN_POINT('Ctrl Pts',(53.0818379834608,32.6213543805973,128.282922823656));
#5159=CARTESIAN_POINT('Ctrl Pts',(52.6063056283566,34.9080945188746,128.282922823656));
#5160=CARTESIAN_POINT('Ctrl Pts',(52.0026121850267,37.2354481527233,128.282922823656));
#5161=CARTESIAN_POINT('Ctrl Pts',(50.9591321648078,40.3890801140462,128.282922823656));
#5162=CARTESIAN_POINT('Ctrl Pts',(49.3910656421516,43.6971421405899,128.282922823656));
#5163=CARTESIAN_POINT('Ctrl Pts',(46.8099633091804,46.8299608394988,128.282922823656));
#5164=CARTESIAN_POINT('Ctrl Pts',(43.6698551579065,49.4111746443079,128.282922823656));
#5165=CARTESIAN_POINT('Ctrl Pts',(38.7168145347551,51.7319675526779,128.282922823656));
#5166=CARTESIAN_POINT('Ctrl Pts',(32.5636875383798,53.1958735091235,128.282922823656));
#5167=CARTESIAN_POINT('Ctrl Pts',(26.965607368236,53.9445686512253,128.282922823656));
#5168=CARTESIAN_POINT('Ctrl Pts',(22.5829947812689,54.332446128705,128.282922823656));
#5169=CARTESIAN_POINT('Ctrl Pts',(18.2365522052164,54.624479916232,128.282922823656));
#5170=CARTESIAN_POINT('Ctrl Pts',(10.7274704742057,54.9354136359493,128.282922823656));
#5171=CARTESIAN_POINT('Ctrl Pts',(4.27857016371335,55.,128.282922823656));
#5172=CARTESIAN_POINT('Ctrl Pts',(-1.78726298839135E-30,55.,128.282922823656));
#5173=CARTESIAN_POINT('Ctrl Pts',(-1.78726298839135E-30,55.,128.282922823656));
#5174=CARTESIAN_POINT('Ctrl Pts',(4.27857016371335,55.,128.282922823656));
#5175=CARTESIAN_POINT('Ctrl Pts',(10.7274704742057,54.9354136359493,128.282922823656));
#5176=CARTESIAN_POINT('Ctrl Pts',(18.2365522052164,54.624479916232,128.282922823656));
#5177=CARTESIAN_POINT('Ctrl Pts',(22.5829947812689,54.332446128705,128.282922823656));
#5178=CARTESIAN_POINT('Ctrl Pts',(26.965607368236,53.9445686512253,128.282922823656));
#5179=CARTESIAN_POINT('Ctrl Pts',(32.5636875383798,53.1958735091235,128.282922823656));
#5180=CARTESIAN_POINT('Ctrl Pts',(38.7168145347551,51.7319675526779,128.282922823656));
#5181=CARTESIAN_POINT('Ctrl Pts',(43.6698551579065,49.4111746443079,128.282922823656));
#5182=CARTESIAN_POINT('Ctrl Pts',(46.8099633091804,46.8299608394988,128.282922823656));
#5183=CARTESIAN_POINT('Ctrl Pts',(49.3910656421516,43.6971421405899,128.282922823656));
#5184=CARTESIAN_POINT('Ctrl Pts',(50.9591321648078,40.3890801140462,128.282922823656));
#5185=CARTESIAN_POINT('Ctrl Pts',(52.0026121850267,37.2354481527233,128.282922823656));
#5186=CARTESIAN_POINT('Ctrl Pts',(52.6063056283566,34.9080945188746,128.282922823656));
#5187=CARTESIAN_POINT('Ctrl Pts',(53.0818379834608,32.6213543805973,128.282922823656));
#5188=CARTESIAN_POINT('Ctrl Pts',(53.5917030356242,29.6084611560283,128.282922823656));
#5189=CARTESIAN_POINT('Ctrl Pts',(54.4062112602174,22.9298262699159,128.282922823656));
#5190=CARTESIAN_POINT('Ctrl Pts',(54.9071814115401,12.8614509913425,128.282922823656));
#5191=CARTESIAN_POINT('Ctrl Pts',(55.,4.27857016371336,128.282922823656));
#5192=CARTESIAN_POINT('Ctrl Pts',(55.,8.88178419700125E-15,128.282922823656));
#5193=CARTESIAN_POINT('Origin',(-24.,-41.569219381653,134.));
#5194=CARTESIAN_POINT('',(-24.,-44.819219381653,134.));
#5195=CARTESIAN_POINT('Origin',(-41.569219381653,24.,134.));
#5196=CARTESIAN_POINT('',(-44.819219381653,24.,134.));
#5197=CARTESIAN_POINT('Origin',(41.569219381653,-24.,134.));
#5198=CARTESIAN_POINT('',(44.819219381653,-24.,134.));
#5199=CARTESIAN_POINT('Origin',(24.,41.569219381653,134.));
#5200=CARTESIAN_POINT('',(24.,44.819219381653,134.));
#5201=CARTESIAN_POINT('Origin',(-6.55307717634412,-18.4000296643639,123.282922823656));
#5202=CARTESIAN_POINT('',(-7.95307717634412,-18.4000296643639,123.282922823656));
#5203=CARTESIAN_POINT('Origin',(-6.55307717634419,18.3999703356361,123.282922823656));
#5204=CARTESIAN_POINT('',(-7.95307717634419,18.3999703356361,123.282922823656));
#5205=CARTESIAN_POINT('Origin',(38.,6.,140.));
#5206=CARTESIAN_POINT('',(38.,-6.,145.));
#5207=CARTESIAN_POINT('Origin',(38.,-6.,140.));
#5208=CARTESIAN_POINT('Ctrl Pts',(-3.33066907387547E-15,-55.,123.282922823656));
#5209=CARTESIAN_POINT('Ctrl Pts',(-3.33066907387547E-15,-55.,148.143415435269));
#5210=CARTESIAN_POINT('Ctrl Pts',(55.,-55.,123.282922823656));
#5211=CARTESIAN_POINT('Ctrl Pts',(55.,-55.,148.143415435269));
#5212=CARTESIAN_POINT('Ctrl Pts',(55.,-1.22124532708767E-14,123.282922823656));
#5213=CARTESIAN_POINT('Ctrl Pts',(55.,-1.22124532708767E-14,148.143415435269));
#5214=CARTESIAN_POINT('',(55.,-1.22124532708767E-14,140.));
#5215=CARTESIAN_POINT('Ctrl Pts',(55.,8.88178419700125E-15,123.282922823656));
#5216=CARTESIAN_POINT('Ctrl Pts',(55.,8.88178419700125E-15,148.143415435269));
#5217=CARTESIAN_POINT('Ctrl Pts',(55.,55.,123.282922823656));
#5218=CARTESIAN_POINT('Ctrl Pts',(55.,55.,148.143415435269));
#5219=CARTESIAN_POINT('Ctrl Pts',(0.,55.,123.282922823656));
#5220=CARTESIAN_POINT('Ctrl Pts',(0.,55.,148.143415435269));
#5221=UNCERTAINTY_MEASURE_WITH_UNIT(LENGTH_MEASURE(0.01),#5225,
'DISTANCE_ACCURACY_VALUE',
'Maximum model space distance between geometric entities at asserted c
onnectivities');
#5222=UNCERTAINTY_MEASURE_WITH_UNIT(LENGTH_MEASURE(0.01),#5225,
'DISTANCE_ACCURACY_VALUE',
'Maximum model space distance between geometric entities at asserted c
onnectivities');
#5223=(
GEOMETRIC_REPRESENTATION_CONTEXT(3)
GLOBAL_UNCERTAINTY_ASSIGNED_CONTEXT((#5221))
GLOBAL_UNIT_ASSIGNED_CONTEXT((#5225,#5227,#5228))
REPRESENTATION_CONTEXT('','3D')
);
#5224=(
GEOMETRIC_REPRESENTATION_CONTEXT(3)
GLOBAL_UNCERTAINTY_ASSIGNED_CONTEXT((#5222))
GLOBAL_UNIT_ASSIGNED_CONTEXT((#5225,#5227,#5228))
REPRESENTATION_CONTEXT('','3D')
);
#5225=(
LENGTH_UNIT()
NAMED_UNIT(*)
SI_UNIT(.MILLI.,.METRE.)
);
#5226=(
LENGTH_UNIT()
NAMED_UNIT(*)
SI_UNIT($,.METRE.)
);
#5227=(
NAMED_UNIT(*)
PLANE_ANGLE_UNIT()
SI_UNIT($,.RADIAN.)
);
#5228=(
NAMED_UNIT(*)
SI_UNIT($,.STERADIAN.)
SOLID_ANGLE_UNIT()
);
#5229=SHAPE_DEFINITION_REPRESENTATION(#5230,#5231);
#5230=PRODUCT_DEFINITION_SHAPE('',$,#5233);
#5231=SHAPE_REPRESENTATION('',(#2563),#5223);
#5232=PRODUCT_DEFINITION_CONTEXT('part definition',#5237,'design');
#5233=PRODUCT_DEFINITION('2026-07-17-18-48-02-783',
'3-Watt Speaker Chamber',#5234,#5232);
#5234=PRODUCT_DEFINITION_FORMATION('',$,#5239);
#5235=PRODUCT_RELATED_PRODUCT_CATEGORY('3-Watt Speaker Chamber',
'3-Watt Speaker Chamber',(#5239));
#5236=APPLICATION_PROTOCOL_DEFINITION('international standard',
'automotive_design',2009,#5237);
#5237=APPLICATION_CONTEXT(
'Core Data for Automotive Mechanical Design Process');
#5238=PRODUCT_CONTEXT('part definition',#5237,'mechanical');
#5239=PRODUCT('2026-07-17-18-48-02-783','3-Watt Speaker Chamber',$,(#5238));
#5240=PRESENTATION_STYLE_ASSIGNMENT((#5242));
#5241=PRESENTATION_STYLE_ASSIGNMENT((#5243));
#5242=SURFACE_STYLE_USAGE(.BOTH.,#5244);
#5243=SURFACE_STYLE_USAGE(.BOTH.,#5245);
#5244=SURFACE_SIDE_STYLE('',(#5246));
#5245=SURFACE_SIDE_STYLE('',(#5247));
#5246=SURFACE_STYLE_FILL_AREA(#5248);
#5247=SURFACE_STYLE_FILL_AREA(#5249);
#5248=FILL_AREA_STYLE('Steel - Satin',(#5250));
#5249=FILL_AREA_STYLE('Opaque(160,160,160)',(#5251));
#5250=FILL_AREA_STYLE_COLOUR('Steel - Satin',#5252);
#5251=FILL_AREA_STYLE_COLOUR('Opaque(160,160,160)',#5253);
#5252=COLOUR_RGB('Steel - Satin',0.627450980392157,0.627450980392157,0.627450980392157);
#5253=COLOUR_RGB('Opaque(160,160,160)',0.627450980392157,0.627450980392157,
0.627450980392157);
ENDSEC;
END-ISO-10303-21;
