ISO-10303-21;
HEADER;
/* Generated by software containing ST-Developer
 * from STEP Tools, Inc. (www.steptools.com) 
 */

FILE_DESCRIPTION(
/* description */ (''),
/* implementation_level */ '2;1');

FILE_NAME(
/* name */ '3-Watt Speaker Chamber for CM4 with antenna slot.step',
/* time_stamp */ '2026-07-17T18:46:02-04:00',
/* author */ (''),
/* organization */ (''),
/* preprocessor_version */ 'ST-DEVELOPER v20.1',
/* originating_system */ 'Autodesk Translation Framework v15.8.0.0',
/* authorisation */ '');

FILE_SCHEMA (('AUTOMOTIVE_DESIGN { 1 0 10303 214 3 1 1 }'));
ENDSEC;

DATA;
#10=MECHANICAL_DESIGN_GEOMETRIC_PRESENTATION_REPRESENTATION('',(#13),#5717);
#11=SHAPE_REPRESENTATION_RELATIONSHIP('SRR','None',#5724,#12);
#12=ADVANCED_BREP_SHAPE_REPRESENTATION('',(#2843),#5716);
#13=STYLED_ITEM('',(#5734),#2843);
#14=FACE_BOUND('',#381,.T.);
#15=FACE_BOUND('',#383,.T.);
#16=FACE_BOUND('',#385,.T.);
#17=FACE_BOUND('',#387,.T.);
#18=FACE_BOUND('',#389,.T.);
#19=FACE_BOUND('',#390,.T.);
#20=FACE_BOUND('',#391,.T.);
#21=FACE_BOUND('',#392,.T.);
#22=FACE_BOUND('',#393,.T.);
#23=FACE_BOUND('',#394,.T.);
#24=FACE_BOUND('',#395,.T.);
#25=FACE_BOUND('',#396,.T.);
#26=FACE_BOUND('',#397,.T.);
#27=FACE_BOUND('',#398,.T.);
#28=FACE_BOUND('',#399,.T.);
#29=FACE_BOUND('',#409,.T.);
#30=FACE_BOUND('',#410,.T.);
#31=FACE_BOUND('',#411,.T.);
#32=FACE_BOUND('',#412,.T.);
#33=FACE_BOUND('',#413,.T.);
#34=FACE_BOUND('',#414,.T.);
#35=FACE_BOUND('',#415,.T.);
#36=FACE_BOUND('',#416,.T.);
#37=FACE_BOUND('',#417,.T.);
#38=FACE_BOUND('',#433,.T.);
#39=FACE_BOUND('',#438,.T.);
#40=FACE_BOUND('',#467,.T.);
#41=FACE_BOUND('',#468,.T.);
#42=FACE_BOUND('',#470,.T.);
#43=FACE_BOUND('',#479,.T.);
#44=CONICAL_SURFACE('',#2925,3.09000001490116,0.785398163397447);
#45=CONICAL_SURFACE('',#2929,3.09000001490116,0.785398163397447);
#46=CONICAL_SURFACE('',#2934,3.09000001490116,0.785398163397447);
#47=CONICAL_SURFACE('',#2938,3.09000001490116,0.785398163397447);
#48=CONICAL_SURFACE('',#2947,1.1,0.785398163397448);
#49=CONICAL_SURFACE('',#2954,1.1,0.785398163397448);
#50=CONICAL_SURFACE('',#2961,1.1,0.785398163397451);
#51=CONICAL_SURFACE('',#2970,1.1,0.785398163397451);
#52=(
BOUNDED_CURVE()
B_SPLINE_CURVE(2,(#4423,#4424,#4425),.UNSPECIFIED.,.F.,.F.)
B_SPLINE_CURVE_WITH_KNOTS((3,3),(-9.49447207589764,0.),.UNSPECIFIED.)
CURVE()
GEOMETRIC_REPRESENTATION_ITEM()
RATIONAL_B_SPLINE_CURVE((1.,2.33333333333333,1.))
REPRESENTATION_ITEM('')
);
#53=(
BOUNDED_CURVE()
B_SPLINE_CURVE(2,(#4435,#4436,#4437),.UNSPECIFIED.,.F.,.F.)
B_SPLINE_CURVE_WITH_KNOTS((3,3),(-9.49447207589764,0.),.UNSPECIFIED.)
CURVE()
GEOMETRIC_REPRESENTATION_ITEM()
RATIONAL_B_SPLINE_CURVE((1.,2.33333333333333,1.))
REPRESENTATION_ITEM('')
);
#54=(
BOUNDED_CURVE()
B_SPLINE_CURVE(2,(#4446,#4447,#4448),.UNSPECIFIED.,.F.,.F.)
B_SPLINE_CURVE_WITH_KNOTS((3,3),(-9.49447207589764,0.),.UNSPECIFIED.)
CURVE()
GEOMETRIC_REPRESENTATION_ITEM()
RATIONAL_B_SPLINE_CURVE((1.,2.33333333333333,1.))
REPRESENTATION_ITEM('')
);
#55=(
BOUNDED_CURVE()
B_SPLINE_CURVE(2,(#4455,#4456,#4457),.UNSPECIFIED.,.F.,.F.)
B_SPLINE_CURVE_WITH_KNOTS((3,3),(-9.49447207589764,0.),.UNSPECIFIED.)
CURVE()
GEOMETRIC_REPRESENTATION_ITEM()
RATIONAL_B_SPLINE_CURVE((1.,2.33333333333333,1.))
REPRESENTATION_ITEM('')
);
#56=(
BOUNDED_SURFACE()
B_SPLINE_SURFACE(2,1,((#4414,#4415),(#4416,#4417),(#4418,#4419)),
 .UNSPECIFIED.,.F.,.F.,.F.)
B_SPLINE_SURFACE_WITH_KNOTS((3,3),(2,2),(-9.49447207589764,0.),(0.,2.48604926116128),
 .UNSPECIFIED.)
GEOMETRIC_REPRESENTATION_ITEM()
RATIONAL_B_SPLINE_SURFACE(((1.,1.),(2.33333333333333,2.33333333333333),
(1.,1.)))
REPRESENTATION_ITEM('')
SURFACE()
);
#57=(
BOUNDED_SURFACE()
B_SPLINE_SURFACE(2,1,((#4427,#4428),(#4429,#4430),(#4431,#4432)),
 .UNSPECIFIED.,.F.,.F.,.F.)
B_SPLINE_SURFACE_WITH_KNOTS((3,3),(2,2),(-9.49447207589764,0.),(0.,2.48604926116128),
 .UNSPECIFIED.)
GEOMETRIC_REPRESENTATION_ITEM()
RATIONAL_B_SPLINE_SURFACE(((1.,1.),(2.33333333333333,2.33333333333333),
(1.,1.)))
REPRESENTATION_ITEM('')
SURFACE()
);
#58=(
BOUNDED_SURFACE()
B_SPLINE_SURFACE(2,1,((#4438,#4439),(#4440,#4441),(#4442,#4443)),
 .UNSPECIFIED.,.F.,.F.,.F.)
B_SPLINE_SURFACE_WITH_KNOTS((3,3),(2,2),(-9.49447207589764,0.),(0.,2.48604926116128),
 .UNSPECIFIED.)
GEOMETRIC_REPRESENTATION_ITEM()
RATIONAL_B_SPLINE_SURFACE(((1.,1.),(2.33333333333333,2.33333333333333),
(1.,1.)))
REPRESENTATION_ITEM('')
SURFACE()
);
#59=(
BOUNDED_SURFACE()
B_SPLINE_SURFACE(2,1,((#4449,#4450),(#4451,#4452),(#4453,#4454)),
 .UNSPECIFIED.,.F.,.F.,.F.)
B_SPLINE_SURFACE_WITH_KNOTS((3,3),(2,2),(-9.49447207589764,0.),(0.,2.48604926116128),
 .UNSPECIFIED.)
GEOMETRIC_REPRESENTATION_ITEM()
RATIONAL_B_SPLINE_SURFACE(((1.,1.),(2.33333333333333,2.33333333333333),
(1.,1.)))
REPRESENTATION_ITEM('')
SURFACE()
);
#60=(
BOUNDED_SURFACE()
B_SPLINE_SURFACE(2,2,((#4486,#4487,#4488,#4489,#4490,#4491,#4492,#4493,
#4494),(#4495,#4496,#4497,#4498,#4499,#4500,#4501,#4502,#4503),(#4504,#4505,
#4506,#4507,#4508,#4509,#4510,#4511,#4512)),.UNSPECIFIED.,.F.,.T.,.F.)
B_SPLINE_SURFACE_WITH_KNOTS((3,3),(3,2,2,2,3),(-0.785398163398451,5.16427894017216E-13),
(-3.14159265358979,-1.5707963267949,0.,1.5707963267949,3.14159265358979),
 .UNSPECIFIED.)
GEOMETRIC_REPRESENTATION_ITEM()
RATIONAL_B_SPLINE_SURFACE(((1.,0.707106781186548,1.,0.707106781186548,1.,
0.707106781186548,1.,0.707106781186548,1.),(0.923879532510922,0.65328148243793,
0.923879532510922,0.65328148243793,0.923879532510922,0.65328148243793,0.923879532510922,
0.65328148243793,0.923879532510922),(1.,0.707106781186548,1.,0.707106781186548,
1.,0.707106781186548,1.,0.707106781186548,1.)))
REPRESENTATION_ITEM('')
SURFACE()
);
#61=(
BOUNDED_SURFACE()
B_SPLINE_SURFACE(2,2,((#4530,#4531,#4532,#4533,#4534,#4535,#4536,#4537,
#4538),(#4539,#4540,#4541,#4542,#4543,#4544,#4545,#4546,#4547),(#4548,#4549,
#4550,#4551,#4552,#4553,#4554,#4555,#4556)),.UNSPECIFIED.,.F.,.T.,.F.)
B_SPLINE_SURFACE_WITH_KNOTS((3,3),(3,2,2,2,3),(-0.785398163398258,2.54384608951177E-13),
(-3.14159265358979,-1.5707963267949,0.,1.5707963267949,3.14159265358979),
 .UNSPECIFIED.)
GEOMETRIC_REPRESENTATION_ITEM()
RATIONAL_B_SPLINE_SURFACE(((1.,0.707106781186548,1.,0.707106781186548,1.,
0.707106781186548,1.,0.707106781186548,1.),(0.923879532510891,0.653281482437909,
0.923879532510891,0.653281482437909,0.923879532510891,0.653281482437909,
0.923879532510891,0.653281482437909,0.923879532510891),(1.,0.707106781186548,
1.,0.707106781186548,1.,0.707106781186548,1.,0.707106781186548,1.)))
REPRESENTATION_ITEM('')
SURFACE()
);
#62=(
BOUNDED_SURFACE()
B_SPLINE_SURFACE(2,2,((#4566,#4567,#4568,#4569,#4570,#4571,#4572,#4573,
#4574),(#4575,#4576,#4577,#4578,#4579,#4580,#4581,#4582,#4583),(#4584,#4585,
#4586,#4587,#4588,#4589,#4590,#4591,#4592)),.UNSPECIFIED.,.F.,.T.,.F.)
B_SPLINE_SURFACE_WITH_KNOTS((3,3),(3,2,2,2,3),(-0.78539816339837,2.56003459729974E-13),
(-3.14159265358979,-1.5707963267949,0.,1.5707963267949,3.14159265358979),
 .UNSPECIFIED.)
GEOMETRIC_REPRESENTATION_ITEM()
RATIONAL_B_SPLINE_SURFACE(((1.,0.707106781186548,1.,0.707106781186548,1.,
0.707106781186548,1.,0.707106781186548,1.),(0.923879532511027,0.653281482438005,
0.923879532511027,0.653281482438005,0.923879532511027,0.653281482438005,
0.923879532511027,0.653281482438005,0.923879532511027),(1.,0.707106781186548,
1.,0.707106781186548,1.,0.707106781186548,1.,0.707106781186548,1.)))
REPRESENTATION_ITEM('')
SURFACE()
);
#63=(
BOUNDED_SURFACE()
B_SPLINE_SURFACE(2,2,((#4610,#4611,#4612,#4613,#4614,#4615,#4616,#4617,
#4618),(#4619,#4620,#4621,#4622,#4623,#4624,#4625,#4626,#4627),(#4628,#4629,
#4630,#4631,#4632,#4633,#4634,#4635,#4636)),.UNSPECIFIED.,.F.,.T.,.F.)
B_SPLINE_SURFACE_WITH_KNOTS((3,3),(3,2,2,2,3),(-0.785398163398396,2.66881662773935E-13),
(-3.14159265358979,-1.5707963267949,0.,1.5707963267949,3.14159265358979),
 .UNSPECIFIED.)
GEOMETRIC_REPRESENTATION_ITEM()
RATIONAL_B_SPLINE_SURFACE(((1.,0.707106781186548,1.,0.707106781186548,1.,
0.707106781186548,1.,0.707106781186548,1.),(0.923879532510985,0.653281482437975,
0.923879532510985,0.653281482437975,0.923879532510985,0.653281482437975,
0.923879532510985,0.653281482437975,0.923879532510985),(1.,0.707106781186548,
1.,0.707106781186548,1.,0.707106781186548,1.,0.707106781186548,1.)))
REPRESENTATION_ITEM('')
SURFACE()
);
#64=(
BOUNDED_SURFACE()
B_SPLINE_SURFACE(2,1,((#4715,#4716),(#4717,#4718),(#4719,#4720)),
 .UNSPECIFIED.,.F.,.F.,.F.)
B_SPLINE_SURFACE_WITH_KNOTS((3,3),(2,2),(-9.49447207589764,0.),(0.,2.48604926116128),
 .UNSPECIFIED.)
GEOMETRIC_REPRESENTATION_ITEM()
RATIONAL_B_SPLINE_SURFACE(((1.,1.),(2.33333333333333,2.33333333333333),
(1.,1.)))
REPRESENTATION_ITEM('')
SURFACE()
);
#65=(
BOUNDED_SURFACE()
B_SPLINE_SURFACE(2,1,((#4745,#4746),(#4747,#4748),(#4749,#4750)),
 .UNSPECIFIED.,.F.,.F.,.F.)
B_SPLINE_SURFACE_WITH_KNOTS((3,3),(2,2),(-9.49447207589764,0.),(0.,2.48604926116128),
 .UNSPECIFIED.)
GEOMETRIC_REPRESENTATION_ITEM()
RATIONAL_B_SPLINE_SURFACE(((1.,1.),(2.33333333333333,2.33333333333333),
(1.,1.)))
REPRESENTATION_ITEM('')
SURFACE()
);
#66=(
BOUNDED_SURFACE()
B_SPLINE_SURFACE(2,1,((#5677,#5678),(#5679,#5680),(#5681,#5682)),
 .UNSPECIFIED.,.F.,.F.,.F.)
B_SPLINE_SURFACE_WITH_KNOTS((3,3),(2,2),(-9.49447207589764,0.),(0.,2.48604926116128),
 .UNSPECIFIED.)
GEOMETRIC_REPRESENTATION_ITEM()
RATIONAL_B_SPLINE_SURFACE(((1.,1.),(2.33333333333333,2.33333333333333),
(1.,1.)))
REPRESENTATION_ITEM('')
SURFACE()
);
#67=(
BOUNDED_SURFACE()
B_SPLINE_SURFACE(2,1,((#5684,#5685),(#5686,#5687),(#5688,#5689)),
 .UNSPECIFIED.,.F.,.F.,.F.)
B_SPLINE_SURFACE_WITH_KNOTS((3,3),(2,2),(-9.49447207589764,0.),(0.,2.48604926116128),
 .UNSPECIFIED.)
GEOMETRIC_REPRESENTATION_ITEM()
RATIONAL_B_SPLINE_SURFACE(((1.,1.),(2.33333333333333,2.33333333333333),
(1.,1.)))
REPRESENTATION_ITEM('')
SURFACE()
);
#68=B_SPLINE_CURVE_WITH_KNOTS('',3,(#4236,#4237,#4238,#4239,#4240,#4241,
#4242,#4243,#4244,#4245,#4246,#4247),.UNSPECIFIED.,.F.,.F.,(4,2,2,2,2,4),
(-17.9338123365007,-12.4106987671396,-10.0662287389779,-7.83057682227606,
-5.04908586053006,0.),.UNSPECIFIED.);
#69=B_SPLINE_CURVE_WITH_KNOTS('',3,(#4251,#4252,#4253,#4254,#4255,#4256,
#4257,#4258,#4259,#4260,#4261,#4262),.UNSPECIFIED.,.F.,.F.,(4,2,2,2,2,4),
(-17.9338123365007,-12.4106987671396,-10.0662287389779,-7.83057682227606,
-5.04908586053006,0.),.UNSPECIFIED.);
#70=B_SPLINE_CURVE_WITH_KNOTS('',3,(#4289,#4290,#4291,#4292,#4293,#4294,
#4295,#4296,#4297,#4298,#4299,#4300),.UNSPECIFIED.,.F.,.F.,(4,2,2,2,2,4),
(-17.9338123365153,-12.4106987671439,-10.0662287389796,-7.83057682227669,
-5.04908586053008,0.),.UNSPECIFIED.);
#71=B_SPLINE_CURVE_WITH_KNOTS('',3,(#4303,#4304,#4305,#4306,#4307,#4308,
#4309,#4310,#4311,#4312,#4313,#4314),.UNSPECIFIED.,.F.,.F.,(4,2,2,2,2,4),
(-17.9338123365153,-12.4106987671439,-10.0662287389796,-7.83057682227669,
-5.04908586053008,0.),.UNSPECIFIED.);
#72=B_SPLINE_CURVE_WITH_KNOTS('',3,(#4340,#4341,#4342,#4343,#4344,#4345,
#4346,#4347,#4348,#4349,#4350,#4351),.UNSPECIFIED.,.F.,.F.,(4,2,2,2,2,4),
(-17.9338123365007,-12.4106987671396,-10.0662287389779,-7.83057682227606,
-5.04908586053006,0.),.UNSPECIFIED.);
#73=B_SPLINE_CURVE_WITH_KNOTS('',3,(#4354,#4355,#4356,#4357,#4358,#4359,
#4360,#4361,#4362,#4363,#4364,#4365),.UNSPECIFIED.,.F.,.F.,(4,2,2,2,2,4),
(-17.9338123365007,-12.4106987671396,-10.0662287389779,-7.83057682227606,
-5.04908586053006,0.),.UNSPECIFIED.);
#74=B_SPLINE_CURVE_WITH_KNOTS('',3,(#4390,#4391,#4392,#4393,#4394,#4395,
#4396,#4397,#4398,#4399,#4400,#4401),.UNSPECIFIED.,.F.,.F.,(4,2,2,2,2,4),
(-17.9338123365135,-12.4106987671437,-10.0662287389796,-7.83057682227672,
-5.04908586053008,0.),.UNSPECIFIED.);
#75=B_SPLINE_CURVE_WITH_KNOTS('',3,(#4402,#4403,#4404,#4405,#4406,#4407,
#4408,#4409,#4410,#4411,#4412,#4413),.UNSPECIFIED.,.F.,.F.,(4,2,2,2,2,4),
(-17.9338123365135,-12.4106987671437,-10.0662287389796,-7.83057682227672,
-5.04908586053008,0.),.UNSPECIFIED.);
#76=B_SPLINE_CURVE_WITH_KNOTS('',3,(#4724,#4725,#4726,#4727,#4728,#4729,
#4730,#4731,#4732,#4733,#4734,#4735,#4736,#4737,#4738,#4739,#4740,#4741,
#4742,#4743),.UNSPECIFIED.,.F.,.F.,(4,1,1,1,1,1,1,1,1,1,1,1,1,1,1,1,1,4),
(-8.90998345131735,-7.63712867255773,-7.00070128317792,-6.68248758848801,
-6.36427389379811,-5.7278465044183,-5.09141911503848,-4.66713418878528,
-4.45499172565867,-4.24284926253207,-3.81856433627886,-3.60642187315226,
-3.39427941002566,-3.18213694689905,-2.96999448377245,-2.54570955751924,
-1.27285477875962,0.),.UNSPECIFIED.);
#77=B_SPLINE_CURVE_WITH_KNOTS('',3,(#4753,#4754,#4755,#4756,#4757,#4758,
#4759,#4760,#4761,#4762,#4763,#4764,#4765,#4766,#4767,#4768,#4769,#4770,
#4771,#4772),.UNSPECIFIED.,.F.,.F.,(4,1,1,1,1,1,1,1,1,1,1,1,1,1,1,1,1,4),
(-8.90998345131735,-7.63712867255773,-7.00070128317792,-6.68248758848801,
-6.36427389379811,-5.7278465044183,-5.09141911503848,-4.66713418878528,
-4.45499172565867,-4.24284926253207,-3.81856433627886,-3.60642187315226,
-3.39427941002566,-3.18213694689905,-2.96999448377245,-2.54570955751924,
-1.27285477875962,0.),.UNSPECIFIED.);
#78=B_SPLINE_CURVE_WITH_KNOTS('',3,(#4897,#4898,#4899,#4900,#4901,#4902,
#4903,#4904,#4905,#4906,#4907,#4908,#4909,#4910,#4911,#4912,#4913,#4914,
#4915,#4916),.UNSPECIFIED.,.F.,.F.,(4,1,1,1,1,1,1,1,1,1,1,1,1,1,1,1,1,4),
(0.,1.27285477875962,2.54570955751924,2.96999448377245,3.18213694689905,
3.39427941002566,3.60642187315226,3.81856433627886,4.24284926253207,4.45499172565867,
4.66713418878528,5.09141911503848,5.7278465044183,6.36427389379811,6.68248758848801,
7.00070128317792,7.63712867255773,8.90998345131735),.UNSPECIFIED.);
#79=B_SPLINE_CURVE_WITH_KNOTS('',3,(#5040,#5041,#5042,#5043,#5044,#5045,
#5046,#5047,#5048,#5049,#5050,#5051,#5052,#5053,#5054,#5055,#5056,#5057,
#5058,#5059),.UNSPECIFIED.,.F.,.F.,(4,1,1,1,1,1,1,1,1,1,1,1,1,1,1,1,1,4),
(-8.90998345131735,-7.63712867255773,-7.00070128317792,-6.68248758848801,
-6.36427389379811,-5.7278465044183,-5.09141911503848,-4.66713418878528,
-4.45499172565867,-4.24284926253207,-3.81856433627886,-3.60642187315226,
-3.39427941002566,-3.18213694689905,-2.96999448377245,-2.54570955751924,
-1.27285477875962,0.),.UNSPECIFIED.);
#80=B_SPLINE_CURVE_WITH_KNOTS('',3,(#5060,#5061,#5062,#5063,#5064,#5065,
#5066,#5067,#5068,#5069,#5070,#5071,#5072,#5073,#5074,#5075,#5076,#5077,
#5078,#5079),.UNSPECIFIED.,.F.,.F.,(4,1,1,1,1,1,1,1,1,1,1,1,1,1,1,1,1,4),
(0.,1.27285477875962,2.54570955751924,2.96999448377245,3.18213694689905,
3.39427941002566,3.60642187315226,3.81856433627886,4.24284926253207,4.45499172565867,
4.66713418878528,5.09141911503848,5.7278465044183,6.36427389379811,6.68248758848801,
7.00070128317792,7.63712867255773,8.90998345131735),.UNSPECIFIED.);
#81=B_SPLINE_CURVE_WITH_KNOTS('',3,(#5196,#5197,#5198,#5199,#5200,#5201,
#5202,#5203,#5204,#5205,#5206,#5207,#5208,#5209,#5210,#5211,#5212,#5213,
#5214),.UNSPECIFIED.,.F.,.F.,(4,1,1,1,1,1,1,1,1,1,1,1,1,1,1,1,4),(-8.90998345131735,
-7.63712867255773,-6.36427389379811,-5.9399889675449,-5.51570404129169,
-5.30356157816509,-5.09141911503849,-4.66713418878528,-4.45499172565867,
-4.24284926253207,-3.81856433627886,-3.18213694689905,-2.54570955751924,
-2.22749586282934,-1.90928216813943,-1.27285477875962,0.),.UNSPECIFIED.);
#82=B_SPLINE_CURVE_WITH_KNOTS('',3,(#5215,#5216,#5217,#5218,#5219,#5220,
#5221,#5222,#5223,#5224,#5225,#5226,#5227,#5228,#5229,#5230,#5231,#5232,
#5233),.UNSPECIFIED.,.F.,.F.,(4,1,1,1,1,1,1,1,1,1,1,1,1,1,1,1,4),(0.,1.27285477875962,
1.90928216813943,2.22749586282934,2.54570955751924,3.18213694689905,3.81856433627886,
4.24284926253207,4.45499172565867,4.66713418878528,5.09141911503849,5.30356157816509,
5.51570404129169,5.9399889675449,6.36427389379811,7.63712867255773,8.90998345131735),
 .UNSPECIFIED.);
#83=B_SPLINE_CURVE_WITH_KNOTS('',3,(#5354,#5355,#5356,#5357,#5358,#5359,
#5360,#5361,#5362,#5363,#5364,#5365,#5366,#5367,#5368,#5369,#5370,#5371,
#5372,#5373),.UNSPECIFIED.,.F.,.F.,(4,1,1,1,1,1,1,1,1,1,1,1,1,1,1,1,1,4),
(0.,1.27285477875962,2.54570955751924,2.96999448377245,3.18213694689905,
3.39427941002566,3.60642187315226,3.81856433627886,4.24284926253207,4.45499172565867,
4.66713418878528,5.09141911503848,5.7278465044183,6.36427389379811,6.68248758848801,
7.00070128317792,7.63712867255773,8.90998345131735),.UNSPECIFIED.);
#84=B_SPLINE_SURFACE_WITH_KNOTS('',3,1,((#4210,#4211),(#4212,#4213),(#4214,
#4215),(#4216,#4217),(#4218,#4219),(#4220,#4221),(#4222,#4223),(#4224,#4225),
(#4226,#4227),(#4228,#4229),(#4230,#4231),(#4232,#4233)),.UNSPECIFIED.,
 .F.,.F.,.F.,(4,2,2,2,2,4),(2,2),(-17.9338123365007,-12.4106987671396,-10.0662287389779,
-7.83057682227606,-5.04908586053006,0.),(-2.90018035062786,0.5),
 .UNSPECIFIED.);
#85=B_SPLINE_SURFACE_WITH_KNOTS('',3,1,((#4264,#4265),(#4266,#4267),(#4268,
#4269),(#4270,#4271),(#4272,#4273),(#4274,#4275),(#4276,#4277),(#4278,#4279),
(#4280,#4281),(#4282,#4283),(#4284,#4285),(#4286,#4287)),.UNSPECIFIED.,
 .F.,.F.,.F.,(4,2,2,2,2,4),(2,2),(-17.9338123365153,-12.4106987671439,-10.0662287389796,
-7.83057682227669,-5.04908586053008,0.),(-2.90018035062786,0.5),
 .UNSPECIFIED.);
#86=B_SPLINE_SURFACE_WITH_KNOTS('',3,1,((#4315,#4316),(#4317,#4318),(#4319,
#4320),(#4321,#4322),(#4323,#4324),(#4325,#4326),(#4327,#4328),(#4329,#4330),
(#4331,#4332),(#4333,#4334),(#4335,#4336),(#4337,#4338)),.UNSPECIFIED.,
 .F.,.F.,.F.,(4,2,2,2,2,4),(2,2),(-17.9338123365007,-12.4106987671396,-10.0662287389779,
-7.83057682227606,-5.04908586053006,0.),(-2.90018035062786,0.500000000000002),
 .UNSPECIFIED.);
#87=B_SPLINE_SURFACE_WITH_KNOTS('',3,1,((#4366,#4367),(#4368,#4369),(#4370,
#4371),(#4372,#4373),(#4374,#4375),(#4376,#4377),(#4378,#4379),(#4380,#4381),
(#4382,#4383),(#4384,#4385),(#4386,#4387),(#4388,#4389)),.UNSPECIFIED.,
 .F.,.F.,.F.,(4,2,2,2,2,4),(2,2),(-17.9338123365135,-12.4106987671437,-10.0662287389796,
-7.83057682227672,-5.04908586053008,0.),(-2.90018035062786,0.500000000000002),
 .UNSPECIFIED.);
#88=B_SPLINE_SURFACE_WITH_KNOTS('',3,3,((#4773,#4774,#4775,#4776,#4777,
#4778,#4779,#4780,#4781,#4782,#4783,#4784,#4785,#4786,#4787,#4788,#4789,
#4790,#4791,#4792),(#4793,#4794,#4795,#4796,#4797,#4798,#4799,#4800,#4801,
#4802,#4803,#4804,#4805,#4806,#4807,#4808,#4809,#4810,#4811,#4812),(#4813,
#4814,#4815,#4816,#4817,#4818,#4819,#4820,#4821,#4822,#4823,#4824,#4825,
#4826,#4827,#4828,#4829,#4830,#4831,#4832),(#4833,#4834,#4835,#4836,#4837,
#4838,#4839,#4840,#4841,#4842,#4843,#4844,#4845,#4846,#4847,#4848,#4849,
#4850,#4851,#4852),(#4853,#4854,#4855,#4856,#4857,#4858,#4859,#4860,#4861,
#4862,#4863,#4864,#4865,#4866,#4867,#4868,#4869,#4870,#4871,#4872),(#4873,
#4874,#4875,#4876,#4877,#4878,#4879,#4880,#4881,#4882,#4883,#4884,#4885,
#4886,#4887,#4888,#4889,#4890,#4891,#4892)),.UNSPECIFIED.,.F.,.F.,.F.,(4,
1,1,4),(4,1,1,1,1,1,1,1,1,1,1,1,1,1,1,1,1,4),(0.,0.285714285714286,0.571428571428571,
1.),(0.,1.27285477875962,2.54570955751924,2.96999448377245,3.18213694689905,
3.39427941002566,3.60642187315226,3.81856433627886,4.24284926253207,4.45499172565867,
4.66713418878528,5.09141911503848,5.7278465044183,6.36427389379811,6.68248758848801,
7.00070128317792,7.63712867255773,8.90998345131735),.UNSPECIFIED.);
#89=B_SPLINE_SURFACE_WITH_KNOTS('',3,3,((#4917,#4918,#4919,#4920,#4921,
#4922,#4923,#4924,#4925,#4926,#4927,#4928,#4929,#4930,#4931,#4932,#4933,
#4934,#4935,#4936),(#4937,#4938,#4939,#4940,#4941,#4942,#4943,#4944,#4945,
#4946,#4947,#4948,#4949,#4950,#4951,#4952,#4953,#4954,#4955,#4956),(#4957,
#4958,#4959,#4960,#4961,#4962,#4963,#4964,#4965,#4966,#4967,#4968,#4969,
#4970,#4971,#4972,#4973,#4974,#4975,#4976),(#4977,#4978,#4979,#4980,#4981,
#4982,#4983,#4984,#4985,#4986,#4987,#4988,#4989,#4990,#4991,#4992,#4993,
#4994,#4995,#4996),(#4997,#4998,#4999,#5000,#5001,#5002,#5003,#5004,#5005,
#5006,#5007,#5008,#5009,#5010,#5011,#5012,#5013,#5014,#5015,#5016),(#5017,
#5018,#5019,#5020,#5021,#5022,#5023,#5024,#5025,#5026,#5027,#5028,#5029,
#5030,#5031,#5032,#5033,#5034,#5035,#5036)),.UNSPECIFIED.,.F.,.F.,.F.,(4,
1,1,4),(4,1,1,1,1,1,1,1,1,1,1,1,1,1,1,1,1,4),(0.,0.285714285714286,0.571428571428571,
1.),(0.,1.27285477875962,2.54570955751924,2.96999448377245,3.18213694689905,
3.39427941002566,3.60642187315226,3.81856433627886,4.24284926253207,4.45499172565867,
4.66713418878528,5.09141911503848,5.7278465044183,6.36427389379811,6.68248758848801,
7.00070128317792,7.63712867255773,8.90998345131735),.UNSPECIFIED.);
#90=B_SPLINE_SURFACE_WITH_KNOTS('',3,3,((#5080,#5081,#5082,#5083,#5084,
#5085,#5086,#5087,#5088,#5089,#5090,#5091,#5092,#5093,#5094,#5095,#5096,
#5097,#5098),(#5099,#5100,#5101,#5102,#5103,#5104,#5105,#5106,#5107,#5108,
#5109,#5110,#5111,#5112,#5113,#5114,#5115,#5116,#5117),(#5118,#5119,#5120,
#5121,#5122,#5123,#5124,#5125,#5126,#5127,#5128,#5129,#5130,#5131,#5132,
#5133,#5134,#5135,#5136),(#5137,#5138,#5139,#5140,#5141,#5142,#5143,#5144,
#5145,#5146,#5147,#5148,#5149,#5150,#5151,#5152,#5153,#5154,#5155),(#5156,
#5157,#5158,#5159,#5160,#5161,#5162,#5163,#5164,#5165,#5166,#5167,#5168,
#5169,#5170,#5171,#5172,#5173,#5174),(#5175,#5176,#5177,#5178,#5179,#5180,
#5181,#5182,#5183,#5184,#5185,#5186,#5187,#5188,#5189,#5190,#5191,#5192,
#5193)),.UNSPECIFIED.,.F.,.F.,.F.,(4,1,1,4),(4,1,1,1,1,1,1,1,1,1,1,1,1,
1,1,1,4),(0.,0.285714285714286,0.571428571428571,1.),(0.,1.27285477875962,
1.90928216813943,2.22749586282934,2.54570955751924,3.18213694689905,3.81856433627886,
4.24284926253207,4.45499172565867,4.66713418878528,5.09141911503849,5.30356157816509,
5.51570404129169,5.9399889675449,6.36427389379811,7.63712867255773,8.90998345131735),
 .UNSPECIFIED.);
#91=B_SPLINE_SURFACE_WITH_KNOTS('',3,3,((#5234,#5235,#5236,#5237,#5238,
#5239,#5240,#5241,#5242,#5243,#5244,#5245,#5246,#5247,#5248,#5249,#5250,
#5251,#5252,#5253),(#5254,#5255,#5256,#5257,#5258,#5259,#5260,#5261,#5262,
#5263,#5264,#5265,#5266,#5267,#5268,#5269,#5270,#5271,#5272,#5273),(#5274,
#5275,#5276,#5277,#5278,#5279,#5280,#5281,#5282,#5283,#5284,#5285,#5286,
#5287,#5288,#5289,#5290,#5291,#5292,#5293),(#5294,#5295,#5296,#5297,#5298,
#5299,#5300,#5301,#5302,#5303,#5304,#5305,#5306,#5307,#5308,#5309,#5310,
#5311,#5312,#5313),(#5314,#5315,#5316,#5317,#5318,#5319,#5320,#5321,#5322,
#5323,#5324,#5325,#5326,#5327,#5328,#5329,#5330,#5331,#5332,#5333),(#5334,
#5335,#5336,#5337,#5338,#5339,#5340,#5341,#5342,#5343,#5344,#5345,#5346,
#5347,#5348,#5349,#5350,#5351,#5352,#5353)),.UNSPECIFIED.,.F.,.F.,.F.,(4,
1,1,4),(4,1,1,1,1,1,1,1,1,1,1,1,1,1,1,1,1,4),(0.,0.285714285714286,0.571428571428571,
1.),(0.,1.27285477875962,2.54570955751924,2.96999448377245,3.18213694689905,
3.39427941002566,3.60642187315226,3.81856433627886,4.24284926253207,4.45499172565867,
4.66713418878528,5.09141911503848,5.7278465044183,6.36427389379811,6.68248758848801,
7.00070128317792,7.63712867255773,8.90998345131735),.UNSPECIFIED.);
#92=ORIENTED_CLOSED_SHELL('',*,#2841,.F.);
#93=CYLINDRICAL_SURFACE('',#2860,1.4);
#94=CYLINDRICAL_SURFACE('',#2871,1.4);
#95=CYLINDRICAL_SURFACE('',#2877,3.84000001490116);
#96=CYLINDRICAL_SURFACE('',#2882,3.84000001490116);
#97=CYLINDRICAL_SURFACE('',#2901,18.8171369979433);
#98=CYLINDRICAL_SURFACE('',#2905,16.55714925315);
#99=CYLINDRICAL_SURFACE('',#2908,16.8171369979437);
#100=CYLINDRICAL_SURFACE('',#2911,1.6);
#101=CYLINDRICAL_SURFACE('',#2914,16.8171369979437);
#102=CYLINDRICAL_SURFACE('',#2917,0.999999999999523);
#103=CYLINDRICAL_SURFACE('',#2921,1.6);
#104=CYLINDRICAL_SURFACE('',#2949,1.6);
#105=CYLINDRICAL_SURFACE('',#2963,1.6);
#106=CYLINDRICAL_SURFACE('',#2972,1.6);
#107=CYLINDRICAL_SURFACE('',#2978,1.6);
#108=CYLINDRICAL_SURFACE('',#2981,1.6);
#109=CYLINDRICAL_SURFACE('',#2984,1.6);
#110=CYLINDRICAL_SURFACE('',#2987,1.6);
#111=CYLINDRICAL_SURFACE('',#2999,1.67);
#112=CYLINDRICAL_SURFACE('',#3025,3.25);
#113=CYLINDRICAL_SURFACE('',#3028,3.25);
#114=CYLINDRICAL_SURFACE('',#3031,3.25);
#115=CYLINDRICAL_SURFACE('',#3034,3.25);
#116=CYLINDRICAL_SURFACE('',#3038,4.4);
#117=CYLINDRICAL_SURFACE('',#3044,4.4);
#118=CYLINDRICAL_SURFACE('',#3050,1.4);
#119=CYLINDRICAL_SURFACE('',#3054,1.4);
#120=CYLINDRICAL_SURFACE('',#3058,1.4);
#121=CYLINDRICAL_SURFACE('',#3062,1.66999999999999);
#122=CYLINDRICAL_SURFACE('',#3066,3.05440000000001);
#123=CYLINDRICAL_SURFACE('',#3070,1.67);
#124=CYLINDRICAL_SURFACE('',#3074,1.67);
#125=CYLINDRICAL_SURFACE('',#3078,3.0544);
#126=CYLINDRICAL_SURFACE('',#3082,1.67);
#127=CYLINDRICAL_SURFACE('',#3085,3.0544);
#128=CYLINDRICAL_SURFACE('',#3089,1.67);
#129=CYLINDRICAL_SURFACE('',#3093,1.67000000000001);
#130=CYLINDRICAL_SURFACE('',#3097,3.0544);
#131=CYLINDRICAL_SURFACE('',#3101,1.67);
#132=CYLINDRICAL_SURFACE('',#3111,2.94);
#133=CYLINDRICAL_SURFACE('',#3113,2.94);
#134=CYLINDRICAL_SURFACE('',#3114,2.94);
#135=CYLINDRICAL_SURFACE('',#3116,2.94000000000001);
#136=CYLINDRICAL_SURFACE('',#3122,1.4);
#137=CYLINDRICAL_SURFACE('',#3126,1.4);
#138=CYLINDRICAL_SURFACE('',#3127,3.25);
#139=CYLINDRICAL_SURFACE('',#3128,3.25);
#140=CYLINDRICAL_SURFACE('',#3129,3.25);
#141=CYLINDRICAL_SURFACE('',#3130,3.25);
#142=FACE_OUTER_BOUND('',#304,.T.);
#143=FACE_OUTER_BOUND('',#305,.T.);
#144=FACE_OUTER_BOUND('',#306,.T.);
#145=FACE_OUTER_BOUND('',#307,.T.);
#146=FACE_OUTER_BOUND('',#308,.T.);
#147=FACE_OUTER_BOUND('',#309,.T.);
#148=FACE_OUTER_BOUND('',#310,.T.);
#149=FACE_OUTER_BOUND('',#311,.T.);
#150=FACE_OUTER_BOUND('',#312,.T.);
#151=FACE_OUTER_BOUND('',#313,.T.);
#152=FACE_OUTER_BOUND('',#314,.T.);
#153=FACE_OUTER_BOUND('',#315,.T.);
#154=FACE_OUTER_BOUND('',#316,.T.);
#155=FACE_OUTER_BOUND('',#317,.T.);
#156=FACE_OUTER_BOUND('',#318,.T.);
#157=FACE_OUTER_BOUND('',#319,.T.);
#158=FACE_OUTER_BOUND('',#320,.T.);
#159=FACE_OUTER_BOUND('',#321,.T.);
#160=FACE_OUTER_BOUND('',#322,.T.);
#161=FACE_OUTER_BOUND('',#323,.T.);
#162=FACE_OUTER_BOUND('',#324,.T.);
#163=FACE_OUTER_BOUND('',#325,.T.);
#164=FACE_OUTER_BOUND('',#326,.T.);
#165=FACE_OUTER_BOUND('',#327,.T.);
#166=FACE_OUTER_BOUND('',#328,.T.);
#167=FACE_OUTER_BOUND('',#329,.T.);
#168=FACE_OUTER_BOUND('',#330,.T.);
#169=FACE_OUTER_BOUND('',#331,.T.);
#170=FACE_OUTER_BOUND('',#332,.T.);
#171=FACE_OUTER_BOUND('',#333,.T.);
#172=FACE_OUTER_BOUND('',#334,.T.);
#173=FACE_OUTER_BOUND('',#335,.T.);
#174=FACE_OUTER_BOUND('',#336,.T.);
#175=FACE_OUTER_BOUND('',#337,.T.);
#176=FACE_OUTER_BOUND('',#338,.T.);
#177=FACE_OUTER_BOUND('',#339,.T.);
#178=FACE_OUTER_BOUND('',#340,.T.);
#179=FACE_OUTER_BOUND('',#341,.T.);
#180=FACE_OUTER_BOUND('',#342,.T.);
#181=FACE_OUTER_BOUND('',#343,.T.);
#182=FACE_OUTER_BOUND('',#344,.T.);
#183=FACE_OUTER_BOUND('',#345,.T.);
#184=FACE_OUTER_BOUND('',#346,.T.);
#185=FACE_OUTER_BOUND('',#347,.T.);
#186=FACE_OUTER_BOUND('',#348,.T.);
#187=FACE_OUTER_BOUND('',#349,.T.);
#188=FACE_OUTER_BOUND('',#350,.T.);
#189=FACE_OUTER_BOUND('',#351,.T.);
#190=FACE_OUTER_BOUND('',#352,.T.);
#191=FACE_OUTER_BOUND('',#353,.T.);
#192=FACE_OUTER_BOUND('',#354,.T.);
#193=FACE_OUTER_BOUND('',#355,.T.);
#194=FACE_OUTER_BOUND('',#356,.T.);
#195=FACE_OUTER_BOUND('',#357,.T.);
#196=FACE_OUTER_BOUND('',#358,.T.);
#197=FACE_OUTER_BOUND('',#359,.T.);
#198=FACE_OUTER_BOUND('',#360,.T.);
#199=FACE_OUTER_BOUND('',#361,.T.);
#200=FACE_OUTER_BOUND('',#362,.T.);
#201=FACE_OUTER_BOUND('',#363,.T.);
#202=FACE_OUTER_BOUND('',#364,.T.);
#203=FACE_OUTER_BOUND('',#365,.T.);
#204=FACE_OUTER_BOUND('',#366,.T.);
#205=FACE_OUTER_BOUND('',#367,.T.);
#206=FACE_OUTER_BOUND('',#368,.T.);
#207=FACE_OUTER_BOUND('',#369,.T.);
#208=FACE_OUTER_BOUND('',#370,.T.);
#209=FACE_OUTER_BOUND('',#371,.T.);
#210=FACE_OUTER_BOUND('',#372,.T.);
#211=FACE_OUTER_BOUND('',#373,.T.);
#212=FACE_OUTER_BOUND('',#374,.T.);
#213=FACE_OUTER_BOUND('',#375,.T.);
#214=FACE_OUTER_BOUND('',#376,.T.);
#215=FACE_OUTER_BOUND('',#377,.T.);
#216=FACE_OUTER_BOUND('',#378,.T.);
#217=FACE_OUTER_BOUND('',#379,.T.);
#218=FACE_OUTER_BOUND('',#380,.T.);
#219=FACE_OUTER_BOUND('',#382,.T.);
#220=FACE_OUTER_BOUND('',#384,.T.);
#221=FACE_OUTER_BOUND('',#386,.T.);
#222=FACE_OUTER_BOUND('',#388,.T.);
#223=FACE_OUTER_BOUND('',#400,.T.);
#224=FACE_OUTER_BOUND('',#401,.T.);
#225=FACE_OUTER_BOUND('',#402,.T.);
#226=FACE_OUTER_BOUND('',#403,.T.);
#227=FACE_OUTER_BOUND('',#404,.T.);
#228=FACE_OUTER_BOUND('',#405,.T.);
#229=FACE_OUTER_BOUND('',#406,.T.);
#230=FACE_OUTER_BOUND('',#407,.T.);
#231=FACE_OUTER_BOUND('',#408,.T.);
#232=FACE_OUTER_BOUND('',#418,.T.);
#233=FACE_OUTER_BOUND('',#419,.T.);
#234=FACE_OUTER_BOUND('',#420,.T.);
#235=FACE_OUTER_BOUND('',#421,.T.);
#236=FACE_OUTER_BOUND('',#422,.T.);
#237=FACE_OUTER_BOUND('',#423,.T.);
#238=FACE_OUTER_BOUND('',#424,.T.);
#239=FACE_OUTER_BOUND('',#425,.T.);
#240=FACE_OUTER_BOUND('',#426,.T.);
#241=FACE_OUTER_BOUND('',#427,.T.);
#242=FACE_OUTER_BOUND('',#428,.T.);
#243=FACE_OUTER_BOUND('',#429,.T.);
#244=FACE_OUTER_BOUND('',#430,.T.);
#245=FACE_OUTER_BOUND('',#431,.T.);
#246=FACE_OUTER_BOUND('',#432,.T.);
#247=FACE_OUTER_BOUND('',#434,.T.);
#248=FACE_OUTER_BOUND('',#435,.T.);
#249=FACE_OUTER_BOUND('',#436,.T.);
#250=FACE_OUTER_BOUND('',#437,.T.);
#251=FACE_OUTER_BOUND('',#439,.T.);
#252=FACE_OUTER_BOUND('',#440,.T.);
#253=FACE_OUTER_BOUND('',#441,.T.);
#254=FACE_OUTER_BOUND('',#442,.T.);
#255=FACE_OUTER_BOUND('',#443,.T.);
#256=FACE_OUTER_BOUND('',#444,.T.);
#257=FACE_OUTER_BOUND('',#445,.T.);
#258=FACE_OUTER_BOUND('',#446,.T.);
#259=FACE_OUTER_BOUND('',#447,.T.);
#260=FACE_OUTER_BOUND('',#448,.T.);
#261=FACE_OUTER_BOUND('',#449,.T.);
#262=FACE_OUTER_BOUND('',#450,.T.);
#263=FACE_OUTER_BOUND('',#451,.T.);
#264=FACE_OUTER_BOUND('',#452,.T.);
#265=FACE_OUTER_BOUND('',#453,.T.);
#266=FACE_OUTER_BOUND('',#454,.T.);
#267=FACE_OUTER_BOUND('',#455,.T.);
#268=FACE_OUTER_BOUND('',#456,.T.);
#269=FACE_OUTER_BOUND('',#457,.T.);
#270=FACE_OUTER_BOUND('',#458,.T.);
#271=FACE_OUTER_BOUND('',#459,.T.);
#272=FACE_OUTER_BOUND('',#460,.T.);
#273=FACE_OUTER_BOUND('',#461,.T.);
#274=FACE_OUTER_BOUND('',#462,.T.);
#275=FACE_OUTER_BOUND('',#463,.T.);
#276=FACE_OUTER_BOUND('',#464,.T.);
#277=FACE_OUTER_BOUND('',#465,.T.);
#278=FACE_OUTER_BOUND('',#466,.T.);
#279=FACE_OUTER_BOUND('',#469,.T.);
#280=FACE_OUTER_BOUND('',#471,.T.);
#281=FACE_OUTER_BOUND('',#472,.T.);
#282=FACE_OUTER_BOUND('',#473,.T.);
#283=FACE_OUTER_BOUND('',#474,.T.);
#284=FACE_OUTER_BOUND('',#475,.T.);
#285=FACE_OUTER_BOUND('',#476,.T.);
#286=FACE_OUTER_BOUND('',#477,.T.);
#287=FACE_OUTER_BOUND('',#478,.T.);
#288=FACE_OUTER_BOUND('',#480,.T.);
#289=FACE_OUTER_BOUND('',#481,.T.);
#290=FACE_OUTER_BOUND('',#482,.T.);
#291=FACE_OUTER_BOUND('',#483,.T.);
#292=FACE_OUTER_BOUND('',#484,.T.);
#293=FACE_OUTER_BOUND('',#485,.T.);
#294=FACE_OUTER_BOUND('',#486,.T.);
#295=FACE_OUTER_BOUND('',#487,.T.);
#296=FACE_OUTER_BOUND('',#488,.T.);
#297=FACE_OUTER_BOUND('',#489,.T.);
#298=FACE_OUTER_BOUND('',#490,.T.);
#299=FACE_OUTER_BOUND('',#491,.T.);
#300=FACE_OUTER_BOUND('',#492,.T.);
#301=FACE_OUTER_BOUND('',#493,.T.);
#302=FACE_OUTER_BOUND('',#494,.T.);
#303=FACE_OUTER_BOUND('',#495,.T.);
#304=EDGE_LOOP('',(#1790,#1791));
#305=EDGE_LOOP('',(#1792,#1793,#1794,#1795));
#306=EDGE_LOOP('',(#1796,#1797,#1798,#1799));
#307=EDGE_LOOP('',(#1800,#1801));
#308=EDGE_LOOP('',(#1802,#1803,#1804,#1805,#1806,#1807,#1808,#1809,#1810));
#309=EDGE_LOOP('',(#1811,#1812,#1813,#1814,#1815,#1816,#1817,#1818,#1819,
#1820,#1821,#1822));
#310=EDGE_LOOP('',(#1823,#1824,#1825,#1826));
#311=EDGE_LOOP('',(#1827,#1828,#1829,#1830));
#312=EDGE_LOOP('',(#1831,#1832,#1833,#1834));
#313=EDGE_LOOP('',(#1835,#1836,#1837,#1838,#1839,#1840,#1841,#1842));
#314=EDGE_LOOP('',(#1843,#1844,#1845,#1846,#1847,#1848,#1849,#1850));
#315=EDGE_LOOP('',(#1851,#1852,#1853,#1854));
#316=EDGE_LOOP('',(#1855,#1856,#1857,#1858));
#317=EDGE_LOOP('',(#1859,#1860,#1861,#1862));
#318=EDGE_LOOP('',(#1863,#1864,#1865,#1866));
#319=EDGE_LOOP('',(#1867,#1868,#1869,#1870));
#320=EDGE_LOOP('',(#1871,#1872,#1873,#1874));
#321=EDGE_LOOP('',(#1875,#1876,#1877,#1878,#1879));
#322=EDGE_LOOP('',(#1880,#1881,#1882,#1883,#1884,#1885,#1886,#1887));
#323=EDGE_LOOP('',(#1888,#1889,#1890,#1891,#1892,#1893,#1894,#1895,#1896,
#1897,#1898,#1899));
#324=EDGE_LOOP('',(#1900));
#325=EDGE_LOOP('',(#1901,#1902));
#326=EDGE_LOOP('',(#1903,#1904,#1905,#1906,#1907,#1908,#1909,#1910,#1911,
#1912,#1913,#1914,#1915));
#327=EDGE_LOOP('',(#1916,#1917,#1918,#1919));
#328=EDGE_LOOP('',(#1920,#1921,#1922,#1923));
#329=EDGE_LOOP('',(#1924,#1925,#1926,#1927));
#330=EDGE_LOOP('',(#1928,#1929,#1930,#1931));
#331=EDGE_LOOP('',(#1932,#1933,#1934,#1935));
#332=EDGE_LOOP('',(#1936,#1937,#1938,#1939,#1940,#1941));
#333=EDGE_LOOP('',(#1942,#1943,#1944,#1945));
#334=EDGE_LOOP('',(#1946,#1947,#1948,#1949,#1950,#1951));
#335=EDGE_LOOP('',(#1952,#1953,#1954,#1955));
#336=EDGE_LOOP('',(#1956,#1957,#1958,#1959));
#337=EDGE_LOOP('',(#1960,#1961,#1962,#1963));
#338=EDGE_LOOP('',(#1964,#1965,#1966,#1967));
#339=EDGE_LOOP('',(#1968,#1969,#1970,#1971,#1972));
#340=EDGE_LOOP('',(#1973,#1974,#1975,#1976));
#341=EDGE_LOOP('',(#1977,#1978,#1979,#1980,#1981));
#342=EDGE_LOOP('',(#1982,#1983,#1984,#1985));
#343=EDGE_LOOP('',(#1986,#1987,#1988,#1989,#1990,#1991,#1992,#1993,#1994,
#1995));
#344=EDGE_LOOP('',(#1996,#1997,#1998,#1999,#2000));
#345=EDGE_LOOP('',(#2001,#2002,#2003,#2004));
#346=EDGE_LOOP('',(#2005,#2006,#2007,#2008));
#347=EDGE_LOOP('',(#2009,#2010,#2011,#2012));
#348=EDGE_LOOP('',(#2013,#2014,#2015,#2016));
#349=EDGE_LOOP('',(#2017,#2018,#2019,#2020));
#350=EDGE_LOOP('',(#2021,#2022,#2023,#2024));
#351=EDGE_LOOP('',(#2025,#2026,#2027,#2028));
#352=EDGE_LOOP('',(#2029,#2030,#2031,#2032));
#353=EDGE_LOOP('',(#2033,#2034,#2035,#2036));
#354=EDGE_LOOP('',(#2037));
#355=EDGE_LOOP('',(#2038,#2039,#2040,#2041,#2042,#2043));
#356=EDGE_LOOP('',(#2044));
#357=EDGE_LOOP('',(#2045,#2046,#2047,#2048,#2049,#2050));
#358=EDGE_LOOP('',(#2051));
#359=EDGE_LOOP('',(#2052,#2053,#2054,#2055));
#360=EDGE_LOOP('',(#2056));
#361=EDGE_LOOP('',(#2057,#2058,#2059,#2060,#2061,#2062));
#362=EDGE_LOOP('',(#2063,#2064,#2065,#2066,#2067));
#363=EDGE_LOOP('',(#2068,#2069,#2070,#2071,#2072));
#364=EDGE_LOOP('',(#2073,#2074,#2075,#2076,#2077,#2078,#2079));
#365=EDGE_LOOP('',(#2080,#2081,#2082,#2083,#2084));
#366=EDGE_LOOP('',(#2085,#2086,#2087,#2088,#2089,#2090));
#367=EDGE_LOOP('',(#2091,#2092,#2093,#2094,#2095));
#368=EDGE_LOOP('',(#2096,#2097,#2098,#2099,#2100));
#369=EDGE_LOOP('',(#2101,#2102,#2103,#2104,#2105,#2106));
#370=EDGE_LOOP('',(#2107,#2108,#2109,#2110,#2111));
#371=EDGE_LOOP('',(#2112,#2113,#2114,#2115,#2116));
#372=EDGE_LOOP('',(#2117));
#373=EDGE_LOOP('',(#2118));
#374=EDGE_LOOP('',(#2119));
#375=EDGE_LOOP('',(#2120));
#376=EDGE_LOOP('',(#2121,#2122,#2123,#2124));
#377=EDGE_LOOP('',(#2125,#2126,#2127,#2128));
#378=EDGE_LOOP('',(#2129,#2130,#2131,#2132));
#379=EDGE_LOOP('',(#2133,#2134,#2135,#2136));
#380=EDGE_LOOP('',(#2137));
#381=EDGE_LOOP('',(#2138));
#382=EDGE_LOOP('',(#2139));
#383=EDGE_LOOP('',(#2140));
#384=EDGE_LOOP('',(#2141));
#385=EDGE_LOOP('',(#2142));
#386=EDGE_LOOP('',(#2143));
#387=EDGE_LOOP('',(#2144));
#388=EDGE_LOOP('',(#2145,#2146,#2147,#2148));
#389=EDGE_LOOP('',(#2149,#2150,#2151,#2152,#2153,#2154,#2155,#2156,#2157,
#2158,#2159,#2160,#2161,#2162,#2163,#2164,#2165));
#390=EDGE_LOOP('',(#2166));
#391=EDGE_LOOP('',(#2167));
#392=EDGE_LOOP('',(#2168));
#393=EDGE_LOOP('',(#2169));
#394=EDGE_LOOP('',(#2170));
#395=EDGE_LOOP('',(#2171));
#396=EDGE_LOOP('',(#2172));
#397=EDGE_LOOP('',(#2173));
#398=EDGE_LOOP('',(#2174));
#399=EDGE_LOOP('',(#2175,#2176,#2177,#2178,#2179,#2180,#2181,#2182,#2183,
#2184,#2185,#2186,#2187,#2188,#2189,#2190,#2191,#2192,#2193));
#400=EDGE_LOOP('',(#2194,#2195,#2196,#2197));
#401=EDGE_LOOP('',(#2198,#2199,#2200,#2201));
#402=EDGE_LOOP('',(#2202,#2203,#2204,#2205));
#403=EDGE_LOOP('',(#2206,#2207,#2208,#2209));
#404=EDGE_LOOP('',(#2210,#2211,#2212,#2213));
#405=EDGE_LOOP('',(#2214,#2215,#2216,#2217));
#406=EDGE_LOOP('',(#2218,#2219,#2220,#2221));
#407=EDGE_LOOP('',(#2222,#2223,#2224,#2225));
#408=EDGE_LOOP('',(#2226,#2227,#2228,#2229));
#409=EDGE_LOOP('',(#2230,#2231,#2232,#2233,#2234,#2235,#2236,#2237,#2238,
#2239,#2240,#2241,#2242,#2243,#2244,#2245));
#410=EDGE_LOOP('',(#2246));
#411=EDGE_LOOP('',(#2247));
#412=EDGE_LOOP('',(#2248));
#413=EDGE_LOOP('',(#2249));
#414=EDGE_LOOP('',(#2250));
#415=EDGE_LOOP('',(#2251));
#416=EDGE_LOOP('',(#2252));
#417=EDGE_LOOP('',(#2253));
#418=EDGE_LOOP('',(#2254,#2255,#2256,#2257));
#419=EDGE_LOOP('',(#2258,#2259,#2260,#2261));
#420=EDGE_LOOP('',(#2262,#2263,#2264,#2265));
#421=EDGE_LOOP('',(#2266,#2267,#2268,#2269));
#422=EDGE_LOOP('',(#2270));
#423=EDGE_LOOP('',(#2271,#2272,#2273,#2274));
#424=EDGE_LOOP('',(#2275));
#425=EDGE_LOOP('',(#2276,#2277,#2278,#2279));
#426=EDGE_LOOP('',(#2280));
#427=EDGE_LOOP('',(#2281,#2282,#2283,#2284));
#428=EDGE_LOOP('',(#2285));
#429=EDGE_LOOP('',(#2286,#2287,#2288,#2289));
#430=EDGE_LOOP('',(#2290,#2291,#2292,#2293));
#431=EDGE_LOOP('',(#2294,#2295,#2296,#2297));
#432=EDGE_LOOP('',(#2298,#2299,#2300,#2301));
#433=EDGE_LOOP('',(#2302));
#434=EDGE_LOOP('',(#2303,#2304,#2305,#2306));
#435=EDGE_LOOP('',(#2307,#2308,#2309,#2310));
#436=EDGE_LOOP('',(#2311,#2312,#2313,#2314));
#437=EDGE_LOOP('',(#2315,#2316,#2317,#2318));
#438=EDGE_LOOP('',(#2319));
#439=EDGE_LOOP('',(#2320));
#440=EDGE_LOOP('',(#2321,#2322,#2323,#2324));
#441=EDGE_LOOP('',(#2325));
#442=EDGE_LOOP('',(#2326,#2327,#2328,#2329));
#443=EDGE_LOOP('',(#2330));
#444=EDGE_LOOP('',(#2331,#2332,#2333,#2334));
#445=EDGE_LOOP('',(#2335));
#446=EDGE_LOOP('',(#2336,#2337,#2338,#2339));
#447=EDGE_LOOP('',(#2340,#2341,#2342,#2343));
#448=EDGE_LOOP('',(#2344,#2345,#2346,#2347));
#449=EDGE_LOOP('',(#2348,#2349,#2350,#2351));
#450=EDGE_LOOP('',(#2352,#2353,#2354,#2355));
#451=EDGE_LOOP('',(#2356,#2357,#2358,#2359));
#452=EDGE_LOOP('',(#2360,#2361,#2362,#2363));
#453=EDGE_LOOP('',(#2364,#2365,#2366,#2367));
#454=EDGE_LOOP('',(#2368,#2369,#2370,#2371));
#455=EDGE_LOOP('',(#2372,#2373,#2374,#2375));
#456=EDGE_LOOP('',(#2376,#2377,#2378,#2379));
#457=EDGE_LOOP('',(#2380,#2381,#2382,#2383));
#458=EDGE_LOOP('',(#2384,#2385,#2386,#2387));
#459=EDGE_LOOP('',(#2388,#2389,#2390,#2391));
#460=EDGE_LOOP('',(#2392,#2393,#2394,#2395));
#461=EDGE_LOOP('',(#2396,#2397,#2398,#2399));
#462=EDGE_LOOP('',(#2400,#2401,#2402,#2403));
#463=EDGE_LOOP('',(#2404,#2405,#2406,#2407));
#464=EDGE_LOOP('',(#2408,#2409,#2410,#2411));
#465=EDGE_LOOP('',(#2412,#2413,#2414,#2415));
#466=EDGE_LOOP('',(#2416,#2417,#2418,#2419,#2420,#2421,#2422,#2423,#2424,
#2425,#2426,#2427,#2428,#2429,#2430,#2431));
#467=EDGE_LOOP('',(#2432));
#468=EDGE_LOOP('',(#2433));
#469=EDGE_LOOP('',(#2434,#2435,#2436,#2437,#2438,#2439,#2440,#2441,#2442));
#470=EDGE_LOOP('',(#2443));
#471=EDGE_LOOP('',(#2444,#2445,#2446,#2447,#2448,#2449,#2450,#2451,#2452,
#2453,#2454,#2455));
#472=EDGE_LOOP('',(#2456,#2457,#2458,#2459,#2460,#2461,#2462,#2463,#2464,
#2465,#2466,#2467));
#473=EDGE_LOOP('',(#2468,#2469,#2470,#2471));
#474=EDGE_LOOP('',(#2472,#2473,#2474,#2475));
#475=EDGE_LOOP('',(#2476,#2477,#2478,#2479));
#476=EDGE_LOOP('',(#2480,#2481,#2482,#2483));
#477=EDGE_LOOP('',(#2484,#2485,#2486,#2487));
#478=EDGE_LOOP('',(#2488,#2489,#2490,#2491,#2492,#2493,#2494,#2495,#2496));
#479=EDGE_LOOP('',(#2497));
#480=EDGE_LOOP('',(#2498,#2499,#2500,#2501,#2502,#2503));
#481=EDGE_LOOP('',(#2504,#2505,#2506,#2507));
#482=EDGE_LOOP('',(#2508,#2509,#2510,#2511));
#483=EDGE_LOOP('',(#2512,#2513,#2514,#2515));
#484=EDGE_LOOP('',(#2516,#2517,#2518,#2519,#2520,#2521,#2522,#2523,#2524,
#2525,#2526,#2527,#2528,#2529,#2530,#2531,#2532,#2533,#2534,#2535,#2536,
#2537,#2538,#2539,#2540,#2541,#2542,#2543));
#485=EDGE_LOOP('',(#2544,#2545,#2546,#2547));
#486=EDGE_LOOP('',(#2548,#2549,#2550,#2551));
#487=EDGE_LOOP('',(#2552,#2553,#2554,#2555));
#488=EDGE_LOOP('',(#2556,#2557,#2558,#2559));
#489=EDGE_LOOP('',(#2560,#2561,#2562,#2563));
#490=EDGE_LOOP('',(#2564,#2565,#2566,#2567));
#491=EDGE_LOOP('',(#2568,#2569,#2570,#2571));
#492=EDGE_LOOP('',(#2572,#2573,#2574,#2575));
#493=EDGE_LOOP('',(#2576,#2577,#2578,#2579));
#494=EDGE_LOOP('',(#2580,#2581,#2582,#2583,#2584,#2585,#2586,#2587));
#495=EDGE_LOOP('',(#2588,#2589,#2590,#2591,#2592,#2593));
#496=LINE('',#3940,#744);
#497=LINE('',#3944,#745);
#498=LINE('',#3945,#746);
#499=LINE('',#3946,#747);
#500=LINE('',#3955,#748);
#501=LINE('',#3957,#749);
#502=LINE('',#3959,#750);
#503=LINE('',#3961,#751);
#504=LINE('',#3963,#752);
#505=LINE('',#3965,#753);
#506=LINE('',#3967,#754);
#507=LINE('',#3972,#755);
#508=LINE('',#3974,#756);
#509=LINE('',#3975,#757);
#510=LINE('',#3977,#758);
#511=LINE('',#3979,#759);
#512=LINE('',#3980,#760);
#513=LINE('',#3982,#761);
#514=LINE('',#3984,#762);
#515=LINE('',#3986,#763);
#516=LINE('',#3987,#764);
#517=LINE('',#3990,#765);
#518=LINE('',#3991,#766);
#519=LINE('',#3995,#767);
#520=LINE('',#3996,#768);
#521=LINE('',#3997,#769);
#522=LINE('',#3999,#770);
#523=LINE('',#4002,#771);
#524=LINE('',#4004,#772);
#525=LINE('',#4006,#773);
#526=LINE('',#4008,#774);
#527=LINE('',#4010,#775);
#528=LINE('',#4011,#776);
#529=LINE('',#4015,#777);
#530=LINE('',#4020,#778);
#531=LINE('',#4022,#779);
#532=LINE('',#4024,#780);
#533=LINE('',#4025,#781);
#534=LINE('',#4028,#782);
#535=LINE('',#4030,#783);
#536=LINE('',#4031,#784);
#537=LINE('',#4034,#785);
#538=LINE('',#4036,#786);
#539=LINE('',#4037,#787);
#540=LINE('',#4042,#788);
#541=LINE('',#4045,#789);
#542=LINE('',#4046,#790);
#543=LINE('',#4049,#791);
#544=LINE('',#4051,#792);
#545=LINE('',#4052,#793);
#546=LINE('',#4062,#794);
#547=LINE('',#4064,#795);
#548=LINE('',#4066,#796);
#549=LINE('',#4068,#797);
#550=LINE('',#4070,#798);
#551=LINE('',#4072,#799);
#552=LINE('',#4074,#800);
#553=LINE('',#4076,#801);
#554=LINE('',#4078,#802);
#555=LINE('',#4080,#803);
#556=LINE('',#4082,#804);
#557=LINE('',#4083,#805);
#558=LINE('',#4091,#806);
#559=LINE('',#4093,#807);
#560=LINE('',#4095,#808);
#561=LINE('',#4097,#809);
#562=LINE('',#4099,#810);
#563=LINE('',#4101,#811);
#564=LINE('',#4103,#812);
#565=LINE('',#4105,#813);
#566=LINE('',#4107,#814);
#567=LINE('',#4109,#815);
#568=LINE('',#4111,#816);
#569=LINE('',#4113,#817);
#570=LINE('',#4114,#818);
#571=LINE('',#4117,#819);
#572=LINE('',#4119,#820);
#573=LINE('',#4120,#821);
#574=LINE('',#4123,#822);
#575=LINE('',#4125,#823);
#576=LINE('',#4126,#824);
#577=LINE('',#4129,#825);
#578=LINE('',#4130,#826);
#579=LINE('',#4133,#827);
#580=LINE('',#4134,#828);
#581=LINE('',#4137,#829);
#582=LINE('',#4138,#830);
#583=LINE('',#4141,#831);
#584=LINE('',#4143,#832);
#585=LINE('',#4145,#833);
#586=LINE('',#4146,#834);
#587=LINE('',#4149,#835);
#588=LINE('',#4150,#836);
#589=LINE('',#4153,#837);
#590=LINE('',#4155,#838);
#591=LINE('',#4157,#839);
#592=LINE('',#4158,#840);
#593=LINE('',#4160,#841);
#594=LINE('',#4166,#842);
#595=LINE('',#4169,#843);
#596=LINE('',#4172,#844);
#597=LINE('',#4174,#845);
#598=LINE('',#4175,#846);
#599=LINE('',#4183,#847);
#600=LINE('',#4185,#848);
#601=LINE('',#4191,#849);
#602=LINE('',#4198,#850);
#603=LINE('',#4200,#851);
#604=LINE('',#4249,#852);
#605=LINE('',#4263,#853);
#606=LINE('',#4302,#854);
#607=LINE('',#4353,#855);
#608=LINE('',#4421,#856);
#609=LINE('',#4426,#857);
#610=LINE('',#4434,#858);
#611=LINE('',#4445,#859);
#612=LINE('',#4462,#860);
#613=LINE('',#4469,#861);
#614=LINE('',#4476,#862);
#615=LINE('',#4483,#863);
#616=LINE('',#4525,#864);
#617=LINE('',#4529,#865);
#618=LINE('',#4565,#866);
#619=LINE('',#4605,#867);
#620=LINE('',#4609,#868);
#621=LINE('',#4649,#869);
#622=LINE('',#4653,#870);
#623=LINE('',#4662,#871);
#624=LINE('',#4668,#872);
#625=LINE('',#4674,#873);
#626=LINE('',#4680,#874);
#627=LINE('',#4696,#875);
#628=LINE('',#4698,#876);
#629=LINE('',#4699,#877);
#630=LINE('',#4701,#878);
#631=LINE('',#4703,#879);
#632=LINE('',#4705,#880);
#633=LINE('',#4706,#881);
#634=LINE('',#4711,#882);
#635=LINE('',#4714,#883);
#636=LINE('',#4722,#884);
#637=LINE('',#4744,#885);
#638=LINE('',#4752,#886);
#639=LINE('',#5377,#887);
#640=LINE('',#5381,#888);
#641=LINE('',#5383,#889);
#642=LINE('',#5387,#890);
#643=LINE('',#5390,#891);
#644=LINE('',#5393,#892);
#645=LINE('',#5397,#893);
#646=LINE('',#5400,#894);
#647=LINE('',#5420,#895);
#648=LINE('',#5422,#896);
#649=LINE('',#5424,#897);
#650=LINE('',#5425,#898);
#651=LINE('',#5428,#899);
#652=LINE('',#5430,#900);
#653=LINE('',#5431,#901);
#654=LINE('',#5433,#902);
#655=LINE('',#5434,#903);
#656=LINE('',#5437,#904);
#657=LINE('',#5442,#905);
#658=LINE('',#5447,#906);
#659=LINE('',#5452,#907);
#660=LINE('',#5457,#908);
#661=LINE('',#5459,#909);
#662=LINE('',#5460,#910);
#663=LINE('',#5463,#911);
#664=LINE('',#5467,#912);
#665=LINE('',#5468,#913);
#666=LINE('',#5470,#914);
#667=LINE('',#5473,#915);
#668=LINE('',#5474,#916);
#669=LINE('',#5477,#917);
#670=LINE('',#5478,#918);
#671=LINE('',#5491,#919);
#672=LINE('',#5498,#920);
#673=LINE('',#5505,#921);
#674=LINE('',#5513,#922);
#675=LINE('',#5516,#923);
#676=LINE('',#5518,#924);
#677=LINE('',#5519,#925);
#678=LINE('',#5525,#926);
#679=LINE('',#5528,#927);
#680=LINE('',#5530,#928);
#681=LINE('',#5531,#929);
#682=LINE('',#5537,#930);
#683=LINE('',#5540,#931);
#684=LINE('',#5542,#932);
#685=LINE('',#5543,#933);
#686=LINE('',#5549,#934);
#687=LINE('',#5552,#935);
#688=LINE('',#5554,#936);
#689=LINE('',#5555,#937);
#690=LINE('',#5561,#938);
#691=LINE('',#5564,#939);
#692=LINE('',#5566,#940);
#693=LINE('',#5567,#941);
#694=LINE('',#5573,#942);
#695=LINE('',#5579,#943);
#696=LINE('',#5582,#944);
#697=LINE('',#5585,#945);
#698=LINE('',#5587,#946);
#699=LINE('',#5588,#947);
#700=LINE('',#5593,#948);
#701=LINE('',#5598,#949);
#702=LINE('',#5600,#950);
#703=LINE('',#5602,#951);
#704=LINE('',#5603,#952);
#705=LINE('',#5608,#953);
#706=LINE('',#5612,#954);
#707=LINE('',#5614,#955);
#708=LINE('',#5615,#956);
#709=LINE('',#5620,#957);
#710=LINE('',#5624,#958);
#711=LINE('',#5626,#959);
#712=LINE('',#5627,#960);
#713=LINE('',#5632,#961);
#714=LINE('',#5636,#962);
#715=LINE('',#5640,#963);
#716=LINE('',#5644,#964);
#717=LINE('',#5647,#965);
#718=LINE('',#5649,#966);
#719=LINE('',#5650,#967);
#720=LINE('',#5651,#968);
#721=LINE('',#5653,#969);
#722=LINE('',#5654,#970);
#723=LINE('',#5656,#971);
#724=LINE('',#5658,#972);
#725=LINE('',#5659,#973);
#726=LINE('',#5661,#974);
#727=LINE('',#5663,#975);
#728=LINE('',#5669,#976);
#729=LINE('',#5670,#977);
#730=LINE('',#5675,#978);
#731=LINE('',#5676,#979);
#732=LINE('',#5683,#980);
#733=LINE('',#5691,#981);
#734=LINE('',#5693,#982);
#735=LINE('',#5695,#983);
#736=LINE('',#5697,#984);
#737=LINE('',#5699,#985);
#738=LINE('',#5702,#986);
#739=LINE('',#5704,#987);
#740=LINE('',#5706,#988);
#741=LINE('',#5708,#989);
#742=LINE('',#5710,#990);
#743=LINE('',#5712,#991);
#744=VECTOR('',#3139,10.);
#745=VECTOR('',#3142,10.);
#746=VECTOR('',#3143,10.);
#747=VECTOR('',#3144,10.);
#748=VECTOR('',#3155,10.);
#749=VECTOR('',#3156,10.);
#750=VECTOR('',#3157,10.);
#751=VECTOR('',#3158,10.);
#752=VECTOR('',#3159,10.);
#753=VECTOR('',#3160,10.);
#754=VECTOR('',#3161,10.);
#755=VECTOR('',#3166,10.);
#756=VECTOR('',#3167,10.);
#757=VECTOR('',#3168,10.);
#758=VECTOR('',#3169,10.);
#759=VECTOR('',#3170,10.);
#760=VECTOR('',#3171,10.);
#761=VECTOR('',#3172,10.);
#762=VECTOR('',#3173,10.);
#763=VECTOR('',#3174,10.);
#764=VECTOR('',#3175,10.);
#765=VECTOR('',#3178,10.);
#766=VECTOR('',#3179,10.);
#767=VECTOR('',#3182,10.);
#768=VECTOR('',#3183,10.);
#769=VECTOR('',#3184,10.);
#770=VECTOR('',#3187,10.);
#771=VECTOR('',#3190,10.);
#772=VECTOR('',#3191,10.);
#773=VECTOR('',#3192,10.);
#774=VECTOR('',#3193,10.);
#775=VECTOR('',#3194,10.);
#776=VECTOR('',#3195,10.);
#777=VECTOR('',#3200,1.4);
#778=VECTOR('',#3205,10.);
#779=VECTOR('',#3206,10.);
#780=VECTOR('',#3207,10.);
#781=VECTOR('',#3208,10.);
#782=VECTOR('',#3211,10.);
#783=VECTOR('',#3212,10.);
#784=VECTOR('',#3213,10.);
#785=VECTOR('',#3216,10.);
#786=VECTOR('',#3217,10.);
#787=VECTOR('',#3218,10.);
#788=VECTOR('',#3223,10.);
#789=VECTOR('',#3228,10.);
#790=VECTOR('',#3229,10.);
#791=VECTOR('',#3232,10.);
#792=VECTOR('',#3233,10.);
#793=VECTOR('',#3234,10.);
#794=VECTOR('',#3247,10.);
#795=VECTOR('',#3248,10.);
#796=VECTOR('',#3249,10.);
#797=VECTOR('',#3250,10.);
#798=VECTOR('',#3251,10.);
#799=VECTOR('',#3252,10.);
#800=VECTOR('',#3253,10.);
#801=VECTOR('',#3254,10.);
#802=VECTOR('',#3255,10.);
#803=VECTOR('',#3256,10.);
#804=VECTOR('',#3257,10.);
#805=VECTOR('',#3258,10.);
#806=VECTOR('',#3267,10.);
#807=VECTOR('',#3268,10.);
#808=VECTOR('',#3269,10.);
#809=VECTOR('',#3270,10.);
#810=VECTOR('',#3271,10.);
#811=VECTOR('',#3272,10.);
#812=VECTOR('',#3273,10.);
#813=VECTOR('',#3274,10.);
#814=VECTOR('',#3275,10.);
#815=VECTOR('',#3276,10.);
#816=VECTOR('',#3277,10.);
#817=VECTOR('',#3278,10.);
#818=VECTOR('',#3279,10.);
#819=VECTOR('',#3282,10.);
#820=VECTOR('',#3283,10.);
#821=VECTOR('',#3284,10.);
#822=VECTOR('',#3287,10.);
#823=VECTOR('',#3288,10.);
#824=VECTOR('',#3289,10.);
#825=VECTOR('',#3292,10.);
#826=VECTOR('',#3293,10.);
#827=VECTOR('',#3296,10.);
#828=VECTOR('',#3297,10.);
#829=VECTOR('',#3300,10.);
#830=VECTOR('',#3301,10.);
#831=VECTOR('',#3304,10.);
#832=VECTOR('',#3305,10.);
#833=VECTOR('',#3306,10.);
#834=VECTOR('',#3307,10.);
#835=VECTOR('',#3310,10.);
#836=VECTOR('',#3311,10.);
#837=VECTOR('',#3314,10.);
#838=VECTOR('',#3315,10.);
#839=VECTOR('',#3316,10.);
#840=VECTOR('',#3317,10.);
#841=VECTOR('',#3320,10.);
#842=VECTOR('',#3325,10.);
#843=VECTOR('',#3328,10.);
#844=VECTOR('',#3331,10.);
#845=VECTOR('',#3332,10.);
#846=VECTOR('',#3333,10.);
#847=VECTOR('',#3344,10.);
#848=VECTOR('',#3345,10.);
#849=VECTOR('',#3352,10.);
#850=VECTOR('',#3359,10.);
#851=VECTOR('',#3362,10.);
#852=VECTOR('',#3379,10.);
#853=VECTOR('',#3380,10.);
#854=VECTOR('',#3381,10.);
#855=VECTOR('',#3382,10.);
#856=VECTOR('',#3383,10.);
#857=VECTOR('',#3384,10.);
#858=VECTOR('',#3385,10.);
#859=VECTOR('',#3386,10.);
#860=VECTOR('',#3391,3.09000001490116);
#861=VECTOR('',#3400,3.09000001490116);
#862=VECTOR('',#3411,3.09000001490116);
#863=VECTOR('',#3420,3.09000001490116);
#864=VECTOR('',#3439,1.1);
#865=VECTOR('',#3444,1.6);
#866=VECTOR('',#3455,1.1);
#867=VECTOR('',#3470,1.1);
#868=VECTOR('',#3475,1.6);
#869=VECTOR('',#3490,1.1);
#870=VECTOR('',#3495,1.6);
#871=VECTOR('',#3508,1.6);
#872=VECTOR('',#3515,1.6);
#873=VECTOR('',#3522,1.6);
#874=VECTOR('',#3529,1.6);
#875=VECTOR('',#3550,10.);
#876=VECTOR('',#3551,10.);
#877=VECTOR('',#3552,10.);
#878=VECTOR('',#3553,10.);
#879=VECTOR('',#3554,10.);
#880=VECTOR('',#3555,10.);
#881=VECTOR('',#3556,10.);
#882=VECTOR('',#3561,10.);
#883=VECTOR('',#3566,10.);
#884=VECTOR('',#3567,10.);
#885=VECTOR('',#3568,10.);
#886=VECTOR('',#3569,10.);
#887=VECTOR('',#3580,10.);
#888=VECTOR('',#3583,9.99999999999999);
#889=VECTOR('',#3584,10.);
#890=VECTOR('',#3587,10.);
#891=VECTOR('',#3590,10.);
#892=VECTOR('',#3593,10.);
#893=VECTOR('',#3596,10.);
#894=VECTOR('',#3599,10.);
#895=VECTOR('',#3618,10.);
#896=VECTOR('',#3619,10.);
#897=VECTOR('',#3620,10.);
#898=VECTOR('',#3621,10.);
#899=VECTOR('',#3624,10.);
#900=VECTOR('',#3625,10.);
#901=VECTOR('',#3626,10.);
#902=VECTOR('',#3629,10.);
#903=VECTOR('',#3630,10.);
#904=VECTOR('',#3633,3.25);
#905=VECTOR('',#3640,3.25);
#906=VECTOR('',#3647,3.25);
#907=VECTOR('',#3654,3.25);
#908=VECTOR('',#3661,10.);
#909=VECTOR('',#3662,9.99999999999999);
#910=VECTOR('',#3663,10.);
#911=VECTOR('',#3666,10.);
#912=VECTOR('',#3671,10.);
#913=VECTOR('',#3672,10.);
#914=VECTOR('',#3675,10.);
#915=VECTOR('',#3678,10.);
#916=VECTOR('',#3679,10.);
#917=VECTOR('',#3682,10.);
#918=VECTOR('',#3683,10.);
#919=VECTOR('',#3700,1.4);
#920=VECTOR('',#3709,1.4);
#921=VECTOR('',#3718,1.4);
#922=VECTOR('',#3729,10.);
#923=VECTOR('',#3732,10.);
#924=VECTOR('',#3733,10.);
#925=VECTOR('',#3734,10.);
#926=VECTOR('',#3741,10.);
#927=VECTOR('',#3744,10.);
#928=VECTOR('',#3745,10.);
#929=VECTOR('',#3746,10.);
#930=VECTOR('',#3753,10.);
#931=VECTOR('',#3756,10.);
#932=VECTOR('',#3757,10.);
#933=VECTOR('',#3758,10.);
#934=VECTOR('',#3765,10.);
#935=VECTOR('',#3768,10.);
#936=VECTOR('',#3769,10.);
#937=VECTOR('',#3770,10.);
#938=VECTOR('',#3777,10.);
#939=VECTOR('',#3780,10.);
#940=VECTOR('',#3781,10.);
#941=VECTOR('',#3782,10.);
#942=VECTOR('',#3789,10.);
#943=VECTOR('',#3794,10.);
#944=VECTOR('',#3797,10.);
#945=VECTOR('',#3800,10.);
#946=VECTOR('',#3801,10.);
#947=VECTOR('',#3802,10.);
#948=VECTOR('',#3807,10.);
#949=VECTOR('',#3812,10.);
#950=VECTOR('',#3813,10.);
#951=VECTOR('',#3814,10.);
#952=VECTOR('',#3815,10.);
#953=VECTOR('',#3820,10.);
#954=VECTOR('',#3825,10.);
#955=VECTOR('',#3826,10.);
#956=VECTOR('',#3827,10.);
#957=VECTOR('',#3832,10.);
#958=VECTOR('',#3837,10.);
#959=VECTOR('',#3838,10.);
#960=VECTOR('',#3839,10.);
#961=VECTOR('',#3844,10.);
#962=VECTOR('',#3849,10.);
#963=VECTOR('',#3852,10.);
#964=VECTOR('',#3857,10.);
#965=VECTOR('',#3860,10.);
#966=VECTOR('',#3863,10.);
#967=VECTOR('',#3864,10.);
#968=VECTOR('',#3865,10.);
#969=VECTOR('',#3868,10.);
#970=VECTOR('',#3869,10.);
#971=VECTOR('',#3870,10.);
#972=VECTOR('',#3871,10.);
#973=VECTOR('',#3872,10.);
#974=VECTOR('',#3875,10.);
#975=VECTOR('',#3878,10.);
#976=VECTOR('',#3889,10.);
#977=VECTOR('',#3890,10.);
#978=VECTOR('',#3895,10.);
#979=VECTOR('',#3896,10.);
#980=VECTOR('',#3897,10.);
#981=VECTOR('',#3900,10.);
#982=VECTOR('',#3903,10.);
#983=VECTOR('',#3906,1.4);
#984=VECTOR('',#3909,10.);
#985=VECTOR('',#3912,10.);
#986=VECTOR('',#3917,1.4);
#987=VECTOR('',#3920,3.25);
#988=VECTOR('',#3923,3.25);
#989=VECTOR('',#3926,3.25);
#990=VECTOR('',#3929,3.25);
#991=VECTOR('',#3932,10.);
#992=CIRCLE('',#2858,1.4);
#993=CIRCLE('',#2861,1.4);
#994=CIRCLE('',#2864,1.4);
#995=CIRCLE('',#2865,1.4);
#996=CIRCLE('',#2872,1.4);
#997=CIRCLE('',#2873,1.4);
#998=CIRCLE('',#2878,3.84000001490116);
#999=CIRCLE('',#2879,3.84000001490116);
#1000=CIRCLE('',#2883,3.84000001490116);
#1001=CIRCLE('',#2884,3.84000001490116);
#1002=CIRCLE('',#2885,3.84000001490116);
#1003=CIRCLE('',#2889,1.4);
#1004=CIRCLE('',#2902,18.8171369979433);
#1005=CIRCLE('',#2903,18.8171369979433);
#1006=CIRCLE('',#2906,16.55714925315);
#1007=CIRCLE('',#2907,16.55714925315);
#1008=CIRCLE('',#2909,16.8171369979437);
#1009=CIRCLE('',#2910,16.8171369979437);
#1010=CIRCLE('',#2912,1.6);
#1011=CIRCLE('',#2913,1.6);
#1012=CIRCLE('',#2915,16.8171369979437);
#1013=CIRCLE('',#2916,16.8171369979437);
#1014=CIRCLE('',#2918,0.999999999999523);
#1015=CIRCLE('',#2919,0.999999999999523);
#1016=CIRCLE('',#2922,1.6);
#1017=CIRCLE('',#2923,1.6);
#1018=CIRCLE('',#2924,1.6);
#1019=CIRCLE('',#2926,2.34000001490116);
#1020=CIRCLE('',#2927,3.84000001490116);
#1021=CIRCLE('',#2930,2.34000001490116);
#1022=CIRCLE('',#2931,3.84000001490116);
#1023=CIRCLE('',#2932,3.84000001490116);
#1024=CIRCLE('',#2935,2.34000001490116);
#1025=CIRCLE('',#2936,3.84000001490116);
#1026=CIRCLE('',#2939,2.34000001490116);
#1027=CIRCLE('',#2940,3.84000001490116);
#1028=CIRCLE('',#2942,1.6);
#1029=CIRCLE('',#2943,0.999999999998143);
#1030=CIRCLE('',#2944,1.30710678118655);
#1031=CIRCLE('',#2945,1.30710678118655);
#1032=CIRCLE('',#2946,1.6);
#1033=CIRCLE('',#2948,0.600000000000005);
#1034=CIRCLE('',#2950,1.6);
#1035=CIRCLE('',#2951,0.999999999998235);
#1036=CIRCLE('',#2952,1.30710678118655);
#1037=CIRCLE('',#2953,1.30710678118655);
#1038=CIRCLE('',#2955,0.600000000000005);
#1039=CIRCLE('',#2956,1.6);
#1040=CIRCLE('',#2957,0.999999999998062);
#1041=CIRCLE('',#2958,1.30710678118655);
#1042=CIRCLE('',#2959,1.30710678118655);
#1043=CIRCLE('',#2960,1.6);
#1044=CIRCLE('',#2962,0.599999999999996);
#1045=CIRCLE('',#2964,1.6);
#1046=CIRCLE('',#2965,1.6);
#1047=CIRCLE('',#2966,0.999999999998049);
#1048=CIRCLE('',#2967,1.30710678118655);
#1049=CIRCLE('',#2968,1.30710678118655);
#1050=CIRCLE('',#2969,1.6);
#1051=CIRCLE('',#2971,0.599999999999996);
#1052=CIRCLE('',#2973,1.6);
#1053=CIRCLE('',#2979,1.6);
#1054=CIRCLE('',#2980,1.6);
#1055=CIRCLE('',#2982,1.6);
#1056=CIRCLE('',#2983,1.6);
#1057=CIRCLE('',#2985,1.6);
#1058=CIRCLE('',#2986,1.6);
#1059=CIRCLE('',#2988,1.6);
#1060=CIRCLE('',#2989,1.6);
#1061=CIRCLE('',#2991,3.25);
#1062=CIRCLE('',#2993,3.25);
#1063=CIRCLE('',#2995,3.25);
#1064=CIRCLE('',#2997,3.25);
#1065=CIRCLE('',#3000,1.67);
#1066=CIRCLE('',#3001,1.67);
#1067=CIRCLE('',#3003,5.00000000000002);
#1068=CIRCLE('',#3004,5.00000000000001);
#1069=CIRCLE('',#3005,5.);
#1070=CIRCLE('',#3006,5.);
#1071=CIRCLE('',#3008,4.4);
#1072=CIRCLE('',#3009,2.94000000000001);
#1073=CIRCLE('',#3010,2.94);
#1074=CIRCLE('',#3011,4.4);
#1075=CIRCLE('',#3012,2.94);
#1076=CIRCLE('',#3013,2.94);
#1077=CIRCLE('',#3014,3.25);
#1078=CIRCLE('',#3015,3.25);
#1079=CIRCLE('',#3016,3.25);
#1080=CIRCLE('',#3017,3.25);
#1081=CIRCLE('',#3018,3.25);
#1082=CIRCLE('',#3019,3.25);
#1083=CIRCLE('',#3020,3.25);
#1084=CIRCLE('',#3021,3.25);
#1085=CIRCLE('',#3026,3.25);
#1086=CIRCLE('',#3029,3.25);
#1087=CIRCLE('',#3032,3.25);
#1088=CIRCLE('',#3035,3.25);
#1089=CIRCLE('',#3039,4.4);
#1090=CIRCLE('',#3045,4.4);
#1091=CIRCLE('',#3047,1.4);
#1092=CIRCLE('',#3049,1.4);
#1093=CIRCLE('',#3051,1.4);
#1094=CIRCLE('',#3052,1.4);
#1095=CIRCLE('',#3055,1.4);
#1096=CIRCLE('',#3056,1.4);
#1097=CIRCLE('',#3059,1.4);
#1098=CIRCLE('',#3060,1.4);
#1099=CIRCLE('',#3063,1.66999999999999);
#1100=CIRCLE('',#3064,1.66999999999999);
#1101=CIRCLE('',#3067,3.05440000000001);
#1102=CIRCLE('',#3068,3.05440000000001);
#1103=CIRCLE('',#3071,1.67);
#1104=CIRCLE('',#3072,1.67);
#1105=CIRCLE('',#3075,1.67);
#1106=CIRCLE('',#3076,1.67);
#1107=CIRCLE('',#3079,3.0544);
#1108=CIRCLE('',#3080,3.0544);
#1109=CIRCLE('',#3083,1.67);
#1110=CIRCLE('',#3084,1.67);
#1111=CIRCLE('',#3086,3.0544);
#1112=CIRCLE('',#3087,3.0544);
#1113=CIRCLE('',#3090,1.67);
#1114=CIRCLE('',#3091,1.67);
#1115=CIRCLE('',#3094,1.67000000000001);
#1116=CIRCLE('',#3095,1.67000000000001);
#1117=CIRCLE('',#3098,3.0544);
#1118=CIRCLE('',#3099,3.0544);
#1119=CIRCLE('',#3102,1.67);
#1120=CIRCLE('',#3103,1.67);
#1121=CIRCLE('',#3105,2.94);
#1122=CIRCLE('',#3106,2.94);
#1123=CIRCLE('',#3108,2.94000000000001);
#1124=CIRCLE('',#3115,2.94);
#1125=CIRCLE('',#3118,1.4);
#1126=VERTEX_POINT('',#3937);
#1127=VERTEX_POINT('',#3938);
#1128=VERTEX_POINT('',#3942);
#1129=VERTEX_POINT('',#3943);
#1130=VERTEX_POINT('',#3951);
#1131=VERTEX_POINT('',#3952);
#1132=VERTEX_POINT('',#3954);
#1133=VERTEX_POINT('',#3956);
#1134=VERTEX_POINT('',#3958);
#1135=VERTEX_POINT('',#3960);
#1136=VERTEX_POINT('',#3962);
#1137=VERTEX_POINT('',#3964);
#1138=VERTEX_POINT('',#3966);
#1139=VERTEX_POINT('',#3970);
#1140=VERTEX_POINT('',#3971);
#1141=VERTEX_POINT('',#3973);
#1142=VERTEX_POINT('',#3976);
#1143=VERTEX_POINT('',#3978);
#1144=VERTEX_POINT('',#3981);
#1145=VERTEX_POINT('',#3983);
#1146=VERTEX_POINT('',#3985);
#1147=VERTEX_POINT('',#3989);
#1148=VERTEX_POINT('',#3993);
#1149=VERTEX_POINT('',#3994);
#1150=VERTEX_POINT('',#4001);
#1151=VERTEX_POINT('',#4003);
#1152=VERTEX_POINT('',#4005);
#1153=VERTEX_POINT('',#4007);
#1154=VERTEX_POINT('',#4009);
#1155=VERTEX_POINT('',#4013);
#1156=VERTEX_POINT('',#4018);
#1157=VERTEX_POINT('',#4019);
#1158=VERTEX_POINT('',#4021);
#1159=VERTEX_POINT('',#4023);
#1160=VERTEX_POINT('',#4027);
#1161=VERTEX_POINT('',#4029);
#1162=VERTEX_POINT('',#4033);
#1163=VERTEX_POINT('',#4035);
#1164=VERTEX_POINT('',#4039);
#1165=VERTEX_POINT('',#4041);
#1166=VERTEX_POINT('',#4048);
#1167=VERTEX_POINT('',#4050);
#1168=VERTEX_POINT('',#4054);
#1169=VERTEX_POINT('',#4060);
#1170=VERTEX_POINT('',#4061);
#1171=VERTEX_POINT('',#4063);
#1172=VERTEX_POINT('',#4065);
#1173=VERTEX_POINT('',#4067);
#1174=VERTEX_POINT('',#4069);
#1175=VERTEX_POINT('',#4071);
#1176=VERTEX_POINT('',#4073);
#1177=VERTEX_POINT('',#4075);
#1178=VERTEX_POINT('',#4077);
#1179=VERTEX_POINT('',#4079);
#1180=VERTEX_POINT('',#4081);
#1181=VERTEX_POINT('',#4085);
#1182=VERTEX_POINT('',#4089);
#1183=VERTEX_POINT('',#4090);
#1184=VERTEX_POINT('',#4092);
#1185=VERTEX_POINT('',#4094);
#1186=VERTEX_POINT('',#4096);
#1187=VERTEX_POINT('',#4098);
#1188=VERTEX_POINT('',#4100);
#1189=VERTEX_POINT('',#4102);
#1190=VERTEX_POINT('',#4104);
#1191=VERTEX_POINT('',#4106);
#1192=VERTEX_POINT('',#4108);
#1193=VERTEX_POINT('',#4110);
#1194=VERTEX_POINT('',#4112);
#1195=VERTEX_POINT('',#4116);
#1196=VERTEX_POINT('',#4118);
#1197=VERTEX_POINT('',#4122);
#1198=VERTEX_POINT('',#4124);
#1199=VERTEX_POINT('',#4128);
#1200=VERTEX_POINT('',#4132);
#1201=VERTEX_POINT('',#4136);
#1202=VERTEX_POINT('',#4140);
#1203=VERTEX_POINT('',#4142);
#1204=VERTEX_POINT('',#4144);
#1205=VERTEX_POINT('',#4148);
#1206=VERTEX_POINT('',#4152);
#1207=VERTEX_POINT('',#4154);
#1208=VERTEX_POINT('',#4156);
#1209=VERTEX_POINT('',#4162);
#1210=VERTEX_POINT('',#4163);
#1211=VERTEX_POINT('',#4165);
#1212=VERTEX_POINT('',#4167);
#1213=VERTEX_POINT('',#4171);
#1214=VERTEX_POINT('',#4173);
#1215=VERTEX_POINT('',#4180);
#1216=VERTEX_POINT('',#4182);
#1217=VERTEX_POINT('',#4184);
#1218=VERTEX_POINT('',#4188);
#1219=VERTEX_POINT('',#4190);
#1220=VERTEX_POINT('',#4194);
#1221=VERTEX_POINT('',#4195);
#1222=VERTEX_POINT('',#4197);
#1223=VERTEX_POINT('',#4207);
#1224=VERTEX_POINT('',#4234);
#1225=VERTEX_POINT('',#4235);
#1226=VERTEX_POINT('',#4248);
#1227=VERTEX_POINT('',#4250);
#1228=VERTEX_POINT('',#4288);
#1229=VERTEX_POINT('',#4301);
#1230=VERTEX_POINT('',#4339);
#1231=VERTEX_POINT('',#4352);
#1232=VERTEX_POINT('',#4420);
#1233=VERTEX_POINT('',#4422);
#1234=VERTEX_POINT('',#4433);
#1235=VERTEX_POINT('',#4444);
#1236=VERTEX_POINT('',#4459);
#1237=VERTEX_POINT('',#4461);
#1238=VERTEX_POINT('',#4466);
#1239=VERTEX_POINT('',#4468);
#1240=VERTEX_POINT('',#4474);
#1241=VERTEX_POINT('',#4480);
#1242=VERTEX_POINT('',#4482);
#1243=VERTEX_POINT('',#4513);
#1244=VERTEX_POINT('',#4514);
#1245=VERTEX_POINT('',#4516);
#1246=VERTEX_POINT('',#4518);
#1247=VERTEX_POINT('',#4523);
#1248=VERTEX_POINT('',#4527);
#1249=VERTEX_POINT('',#4557);
#1250=VERTEX_POINT('',#4559);
#1251=VERTEX_POINT('',#4563);
#1252=VERTEX_POINT('',#4593);
#1253=VERTEX_POINT('',#4594);
#1254=VERTEX_POINT('',#4596);
#1255=VERTEX_POINT('',#4598);
#1256=VERTEX_POINT('',#4603);
#1257=VERTEX_POINT('',#4607);
#1258=VERTEX_POINT('',#4637);
#1259=VERTEX_POINT('',#4638);
#1260=VERTEX_POINT('',#4640);
#1261=VERTEX_POINT('',#4642);
#1262=VERTEX_POINT('',#4647);
#1263=VERTEX_POINT('',#4651);
#1264=VERTEX_POINT('',#4659);
#1265=VERTEX_POINT('',#4661);
#1266=VERTEX_POINT('',#4665);
#1267=VERTEX_POINT('',#4667);
#1268=VERTEX_POINT('',#4671);
#1269=VERTEX_POINT('',#4673);
#1270=VERTEX_POINT('',#4677);
#1271=VERTEX_POINT('',#4679);
#1272=VERTEX_POINT('',#4683);
#1273=VERTEX_POINT('',#4686);
#1274=VERTEX_POINT('',#4689);
#1275=VERTEX_POINT('',#4692);
#1276=VERTEX_POINT('',#4695);
#1277=VERTEX_POINT('',#4697);
#1278=VERTEX_POINT('',#4700);
#1279=VERTEX_POINT('',#4702);
#1280=VERTEX_POINT('',#4704);
#1281=VERTEX_POINT('',#4708);
#1282=VERTEX_POINT('',#4710);
#1283=VERTEX_POINT('',#4721);
#1284=VERTEX_POINT('',#4723);
#1285=VERTEX_POINT('',#4751);
#1286=VERTEX_POINT('',#4893);
#1287=VERTEX_POINT('',#4895);
#1288=VERTEX_POINT('',#5037);
#1289=VERTEX_POINT('',#5038);
#1290=VERTEX_POINT('',#5194);
#1291=VERTEX_POINT('',#5375);
#1292=VERTEX_POINT('',#5376);
#1293=VERTEX_POINT('',#5378);
#1294=VERTEX_POINT('',#5380);
#1295=VERTEX_POINT('',#5382);
#1296=VERTEX_POINT('',#5384);
#1297=VERTEX_POINT('',#5386);
#1298=VERTEX_POINT('',#5389);
#1299=VERTEX_POINT('',#5391);
#1300=VERTEX_POINT('',#5394);
#1301=VERTEX_POINT('',#5396);
#1302=VERTEX_POINT('',#5398);
#1303=VERTEX_POINT('',#5401);
#1304=VERTEX_POINT('',#5403);
#1305=VERTEX_POINT('',#5405);
#1306=VERTEX_POINT('',#5407);
#1307=VERTEX_POINT('',#5409);
#1308=VERTEX_POINT('',#5411);
#1309=VERTEX_POINT('',#5413);
#1310=VERTEX_POINT('',#5415);
#1311=VERTEX_POINT('',#5418);
#1312=VERTEX_POINT('',#5419);
#1313=VERTEX_POINT('',#5421);
#1314=VERTEX_POINT('',#5423);
#1315=VERTEX_POINT('',#5427);
#1316=VERTEX_POINT('',#5429);
#1317=VERTEX_POINT('',#5436);
#1318=VERTEX_POINT('',#5441);
#1319=VERTEX_POINT('',#5446);
#1320=VERTEX_POINT('',#5451);
#1321=VERTEX_POINT('',#5456);
#1322=VERTEX_POINT('',#5458);
#1323=VERTEX_POINT('',#5462);
#1324=VERTEX_POINT('',#5466);
#1325=VERTEX_POINT('',#5472);
#1326=VERTEX_POINT('',#5476);
#1327=VERTEX_POINT('',#5482);
#1328=VERTEX_POINT('',#5485);
#1329=VERTEX_POINT('',#5488);
#1330=VERTEX_POINT('',#5490);
#1331=VERTEX_POINT('',#5495);
#1332=VERTEX_POINT('',#5497);
#1333=VERTEX_POINT('',#5502);
#1334=VERTEX_POINT('',#5504);
#1335=VERTEX_POINT('',#5509);
#1336=VERTEX_POINT('',#5511);
#1337=VERTEX_POINT('',#5515);
#1338=VERTEX_POINT('',#5517);
#1339=VERTEX_POINT('',#5521);
#1340=VERTEX_POINT('',#5523);
#1341=VERTEX_POINT('',#5527);
#1342=VERTEX_POINT('',#5529);
#1343=VERTEX_POINT('',#5533);
#1344=VERTEX_POINT('',#5535);
#1345=VERTEX_POINT('',#5539);
#1346=VERTEX_POINT('',#5541);
#1347=VERTEX_POINT('',#5545);
#1348=VERTEX_POINT('',#5547);
#1349=VERTEX_POINT('',#5551);
#1350=VERTEX_POINT('',#5553);
#1351=VERTEX_POINT('',#5557);
#1352=VERTEX_POINT('',#5559);
#1353=VERTEX_POINT('',#5563);
#1354=VERTEX_POINT('',#5565);
#1355=VERTEX_POINT('',#5569);
#1356=VERTEX_POINT('',#5571);
#1357=VERTEX_POINT('',#5575);
#1358=VERTEX_POINT('',#5576);
#1359=VERTEX_POINT('',#5578);
#1360=VERTEX_POINT('',#5580);
#1361=VERTEX_POINT('',#5584);
#1362=VERTEX_POINT('',#5586);
#1363=VERTEX_POINT('',#5590);
#1364=VERTEX_POINT('',#5592);
#1365=VERTEX_POINT('',#5596);
#1366=VERTEX_POINT('',#5597);
#1367=VERTEX_POINT('',#5599);
#1368=VERTEX_POINT('',#5601);
#1369=VERTEX_POINT('',#5605);
#1370=VERTEX_POINT('',#5607);
#1371=VERTEX_POINT('',#5611);
#1372=VERTEX_POINT('',#5613);
#1373=VERTEX_POINT('',#5617);
#1374=VERTEX_POINT('',#5619);
#1375=VERTEX_POINT('',#5623);
#1376=VERTEX_POINT('',#5625);
#1377=VERTEX_POINT('',#5629);
#1378=VERTEX_POINT('',#5631);
#1379=VERTEX_POINT('',#5635);
#1380=VERTEX_POINT('',#5637);
#1381=VERTEX_POINT('',#5639);
#1382=VERTEX_POINT('',#5643);
#1383=VERTEX_POINT('',#5645);
#1384=VERTEX_POINT('',#5655);
#1385=VERTEX_POINT('',#5657);
#1386=VERTEX_POINT('',#5671);
#1387=VERTEX_POINT('',#5674);
#1388=EDGE_CURVE('',#1126,#1127,#992,.T.);
#1389=EDGE_CURVE('',#1126,#1127,#496,.T.);
#1390=EDGE_CURVE('',#1128,#1129,#497,.T.);
#1391=EDGE_CURVE('',#1129,#1126,#498,.T.);
#1392=EDGE_CURVE('',#1127,#1128,#499,.T.);
#1393=EDGE_CURVE('',#1129,#1128,#993,.T.);
#1394=EDGE_CURVE('',#1130,#1131,#994,.T.);
#1395=EDGE_CURVE('',#1132,#1130,#500,.T.);
#1396=EDGE_CURVE('',#1133,#1132,#501,.T.);
#1397=EDGE_CURVE('',#1134,#1133,#502,.T.);
#1398=EDGE_CURVE('',#1135,#1134,#503,.T.);
#1399=EDGE_CURVE('',#1136,#1135,#504,.T.);
#1400=EDGE_CURVE('',#1137,#1136,#505,.T.);
#1401=EDGE_CURVE('',#1138,#1137,#506,.T.);
#1402=EDGE_CURVE('',#1131,#1138,#995,.T.);
#1403=EDGE_CURVE('',#1139,#1140,#507,.T.);
#1404=EDGE_CURVE('',#1141,#1139,#508,.T.);
#1405=EDGE_CURVE('',#1141,#1132,#509,.T.);
#1406=EDGE_CURVE('',#1142,#1130,#510,.T.);
#1407=EDGE_CURVE('',#1143,#1142,#511,.T.);
#1408=EDGE_CURVE('',#1138,#1143,#512,.T.);
#1409=EDGE_CURVE('',#1144,#1137,#513,.T.);
#1410=EDGE_CURVE('',#1145,#1144,#514,.T.);
#1411=EDGE_CURVE('',#1145,#1146,#515,.T.);
#1412=EDGE_CURVE('',#1146,#1140,#516,.T.);
#1413=EDGE_CURVE('',#1147,#1141,#517,.T.);
#1414=EDGE_CURVE('',#1133,#1147,#518,.T.);
#1415=EDGE_CURVE('',#1148,#1149,#519,.T.);
#1416=EDGE_CURVE('',#1148,#1136,#520,.T.);
#1417=EDGE_CURVE('',#1149,#1135,#521,.T.);
#1418=EDGE_CURVE('',#1144,#1148,#522,.T.);
#1419=EDGE_CURVE('',#1150,#1147,#523,.T.);
#1420=EDGE_CURVE('',#1151,#1150,#524,.T.);
#1421=EDGE_CURVE('',#1152,#1151,#525,.T.);
#1422=EDGE_CURVE('',#1152,#1153,#526,.T.);
#1423=EDGE_CURVE('',#1153,#1154,#527,.T.);
#1424=EDGE_CURVE('',#1154,#1134,#528,.T.);
#1425=EDGE_CURVE('',#1155,#1155,#996,.T.);
#1426=EDGE_CURVE('',#1155,#1131,#529,.T.);
#1427=EDGE_CURVE('',#1143,#1142,#997,.T.);
#1428=EDGE_CURVE('',#1156,#1157,#530,.T.);
#1429=EDGE_CURVE('',#1156,#1158,#531,.T.);
#1430=EDGE_CURVE('',#1158,#1159,#532,.T.);
#1431=EDGE_CURVE('',#1157,#1159,#533,.T.);
#1432=EDGE_CURVE('',#1160,#1156,#534,.T.);
#1433=EDGE_CURVE('',#1160,#1161,#535,.T.);
#1434=EDGE_CURVE('',#1161,#1158,#536,.T.);
#1435=EDGE_CURVE('',#1162,#1160,#537,.T.);
#1436=EDGE_CURVE('',#1162,#1163,#538,.T.);
#1437=EDGE_CURVE('',#1163,#1161,#539,.T.);
#1438=EDGE_CURVE('',#1162,#1164,#998,.T.);
#1439=EDGE_CURVE('',#1164,#1165,#540,.T.);
#1440=EDGE_CURVE('',#1165,#1163,#999,.T.);
#1441=EDGE_CURVE('',#1139,#1164,#541,.T.);
#1442=EDGE_CURVE('',#1140,#1165,#542,.T.);
#1443=EDGE_CURVE('',#1166,#1145,#543,.T.);
#1444=EDGE_CURVE('',#1166,#1167,#544,.T.);
#1445=EDGE_CURVE('',#1167,#1146,#545,.T.);
#1446=EDGE_CURVE('',#1166,#1168,#1000,.T.);
#1447=EDGE_CURVE('',#1168,#1157,#1001,.T.);
#1448=EDGE_CURVE('',#1159,#1167,#1002,.T.);
#1449=EDGE_CURVE('',#1169,#1170,#546,.T.);
#1450=EDGE_CURVE('',#1171,#1170,#547,.F.);
#1451=EDGE_CURVE('',#1172,#1171,#548,.T.);
#1452=EDGE_CURVE('',#1173,#1172,#549,.T.);
#1453=EDGE_CURVE('',#1174,#1173,#550,.T.);
#1454=EDGE_CURVE('',#1175,#1174,#551,.T.);
#1455=EDGE_CURVE('',#1175,#1176,#552,.T.);
#1456=EDGE_CURVE('',#1176,#1177,#553,.T.);
#1457=EDGE_CURVE('',#1177,#1178,#554,.T.);
#1458=EDGE_CURVE('',#1179,#1178,#555,.T.);
#1459=EDGE_CURVE('',#1179,#1180,#556,.T.);
#1460=EDGE_CURVE('',#1169,#1180,#557,.T.);
#1461=EDGE_CURVE('',#1181,#1181,#1003,.T.);
#1462=EDGE_CURVE('',#1182,#1183,#558,.T.);
#1463=EDGE_CURVE('',#1184,#1182,#559,.T.);
#1464=EDGE_CURVE('',#1185,#1184,#560,.T.);
#1465=EDGE_CURVE('',#1186,#1185,#561,.T.);
#1466=EDGE_CURVE('',#1187,#1186,#562,.T.);
#1467=EDGE_CURVE('',#1188,#1187,#563,.T.);
#1468=EDGE_CURVE('',#1189,#1188,#564,.T.);
#1469=EDGE_CURVE('',#1190,#1189,#565,.T.);
#1470=EDGE_CURVE('',#1191,#1190,#566,.T.);
#1471=EDGE_CURVE('',#1192,#1191,#567,.T.);
#1472=EDGE_CURVE('',#1193,#1192,#568,.T.);
#1473=EDGE_CURVE('',#1194,#1193,#569,.T.);
#1474=EDGE_CURVE('',#1183,#1194,#570,.T.);
#1475=EDGE_CURVE('',#1195,#1193,#571,.T.);
#1476=EDGE_CURVE('',#1196,#1195,#572,.T.);
#1477=EDGE_CURVE('',#1196,#1194,#573,.T.);
#1478=EDGE_CURVE('',#1197,#1188,#574,.T.);
#1479=EDGE_CURVE('',#1198,#1197,#575,.T.);
#1480=EDGE_CURVE('',#1198,#1189,#576,.T.);
#1481=EDGE_CURVE('',#1199,#1187,#577,.T.);
#1482=EDGE_CURVE('',#1197,#1199,#578,.T.);
#1483=EDGE_CURVE('',#1200,#1186,#579,.T.);
#1484=EDGE_CURVE('',#1199,#1200,#580,.T.);
#1485=EDGE_CURVE('',#1201,#1185,#581,.T.);
#1486=EDGE_CURVE('',#1200,#1201,#582,.T.);
#1487=EDGE_CURVE('',#1202,#1184,#583,.T.);
#1488=EDGE_CURVE('',#1202,#1203,#584,.T.);
#1489=EDGE_CURVE('',#1204,#1203,#585,.T.);
#1490=EDGE_CURVE('',#1201,#1204,#586,.T.);
#1491=EDGE_CURVE('',#1205,#1182,#587,.T.);
#1492=EDGE_CURVE('',#1205,#1202,#588,.T.);
#1493=EDGE_CURVE('',#1206,#1183,#589,.T.);
#1494=EDGE_CURVE('',#1207,#1206,#590,.T.);
#1495=EDGE_CURVE('',#1207,#1208,#591,.T.);
#1496=EDGE_CURVE('',#1208,#1205,#592,.T.);
#1497=EDGE_CURVE('',#1206,#1196,#593,.T.);
#1498=EDGE_CURVE('',#1209,#1210,#1004,.T.);
#1499=EDGE_CURVE('',#1209,#1211,#594,.T.);
#1500=EDGE_CURVE('',#1211,#1212,#1005,.T.);
#1501=EDGE_CURVE('',#1210,#1212,#595,.T.);
#1502=EDGE_CURVE('',#1213,#1209,#596,.T.);
#1503=EDGE_CURVE('',#1213,#1214,#597,.T.);
#1504=EDGE_CURVE('',#1214,#1211,#598,.T.);
#1505=EDGE_CURVE('',#1204,#1213,#1006,.T.);
#1506=EDGE_CURVE('',#1203,#1214,#1007,.T.);
#1507=EDGE_CURVE('',#1215,#1207,#1008,.T.);
#1508=EDGE_CURVE('',#1216,#1215,#599,.T.);
#1509=EDGE_CURVE('',#1216,#1217,#600,.T.);
#1510=EDGE_CURVE('',#1217,#1208,#1009,.T.);
#1511=EDGE_CURVE('',#1218,#1216,#1010,.T.);
#1512=EDGE_CURVE('',#1218,#1219,#601,.T.);
#1513=EDGE_CURVE('',#1219,#1217,#1011,.T.);
#1514=EDGE_CURVE('',#1220,#1221,#1012,.T.);
#1515=EDGE_CURVE('',#1220,#1222,#602,.T.);
#1516=EDGE_CURVE('',#1222,#1219,#1013,.T.);
#1517=EDGE_CURVE('',#1221,#1218,#603,.T.);
#1518=EDGE_CURVE('',#1210,#1220,#1014,.T.);
#1519=EDGE_CURVE('',#1212,#1222,#1015,.T.);
#1520=EDGE_CURVE('',#1221,#1215,#1016,.T.);
#1521=EDGE_CURVE('',#1223,#1218,#1017,.T.);
#1522=EDGE_CURVE('',#1216,#1223,#1018,.T.);
#1523=EDGE_CURVE('',#1224,#1225,#68,.T.);
#1524=EDGE_CURVE('',#1226,#1224,#604,.T.);
#1525=EDGE_CURVE('',#1226,#1227,#69,.T.);
#1526=EDGE_CURVE('',#1227,#1225,#605,.T.);
#1527=EDGE_CURVE('',#1228,#1224,#70,.T.);
#1528=EDGE_CURVE('',#1229,#1228,#606,.T.);
#1529=EDGE_CURVE('',#1229,#1226,#71,.T.);
#1530=EDGE_CURVE('',#1230,#1228,#72,.T.);
#1531=EDGE_CURVE('',#1231,#1230,#607,.T.);
#1532=EDGE_CURVE('',#1231,#1229,#73,.T.);
#1533=EDGE_CURVE('',#1225,#1230,#74,.T.);
#1534=EDGE_CURVE('',#1227,#1231,#75,.T.);
#1535=EDGE_CURVE('',#1228,#1232,#608,.T.);
#1536=EDGE_CURVE('',#1233,#1232,#52,.T.);
#1537=EDGE_CURVE('',#1230,#1233,#609,.T.);
#1538=EDGE_CURVE('',#1224,#1234,#610,.T.);
#1539=EDGE_CURVE('',#1232,#1234,#53,.T.);
#1540=EDGE_CURVE('',#1235,#1225,#611,.T.);
#1541=EDGE_CURVE('',#1234,#1235,#54,.T.);
#1542=EDGE_CURVE('',#1235,#1233,#55,.T.);
#1543=EDGE_CURVE('',#1236,#1236,#1019,.T.);
#1544=EDGE_CURVE('',#1236,#1237,#612,.T.);
#1545=EDGE_CURVE('',#1237,#1237,#1020,.T.);
#1546=EDGE_CURVE('',#1238,#1238,#1021,.T.);
#1547=EDGE_CURVE('',#1238,#1239,#613,.T.);
#1548=EDGE_CURVE('',#1164,#1239,#1022,.T.);
#1549=EDGE_CURVE('',#1239,#1162,#1023,.T.);
#1550=EDGE_CURVE('',#1240,#1240,#1024,.T.);
#1551=EDGE_CURVE('',#1240,#1168,#614,.T.);
#1552=EDGE_CURVE('',#1157,#1166,#1025,.T.);
#1553=EDGE_CURVE('',#1241,#1241,#1026,.T.);
#1554=EDGE_CURVE('',#1241,#1242,#615,.T.);
#1555=EDGE_CURVE('',#1242,#1242,#1027,.T.);
#1556=EDGE_CURVE('',#1243,#1244,#1028,.T.);
#1557=EDGE_CURVE('',#1244,#1245,#1029,.T.);
#1558=EDGE_CURVE('',#1245,#1246,#1030,.T.);
#1559=EDGE_CURVE('',#1246,#1245,#1031,.T.);
#1560=EDGE_CURVE('',#1244,#1243,#1032,.T.);
#1561=EDGE_CURVE('',#1247,#1247,#1033,.T.);
#1562=EDGE_CURVE('',#1247,#1246,#616,.T.);
#1563=EDGE_CURVE('',#1248,#1248,#1034,.T.);
#1564=EDGE_CURVE('',#1248,#1243,#617,.T.);
#1565=EDGE_CURVE('',#1223,#1249,#1035,.T.);
#1566=EDGE_CURVE('',#1249,#1250,#1036,.T.);
#1567=EDGE_CURVE('',#1250,#1249,#1037,.T.);
#1568=EDGE_CURVE('',#1251,#1251,#1038,.T.);
#1569=EDGE_CURVE('',#1251,#1250,#618,.T.);
#1570=EDGE_CURVE('',#1252,#1253,#1039,.T.);
#1571=EDGE_CURVE('',#1253,#1254,#1040,.T.);
#1572=EDGE_CURVE('',#1254,#1255,#1041,.T.);
#1573=EDGE_CURVE('',#1255,#1254,#1042,.T.);
#1574=EDGE_CURVE('',#1253,#1252,#1043,.T.);
#1575=EDGE_CURVE('',#1256,#1256,#1044,.T.);
#1576=EDGE_CURVE('',#1256,#1255,#619,.T.);
#1577=EDGE_CURVE('',#1257,#1257,#1045,.T.);
#1578=EDGE_CURVE('',#1257,#1252,#620,.T.);
#1579=EDGE_CURVE('',#1258,#1259,#1046,.T.);
#1580=EDGE_CURVE('',#1259,#1260,#1047,.T.);
#1581=EDGE_CURVE('',#1260,#1261,#1048,.T.);
#1582=EDGE_CURVE('',#1261,#1260,#1049,.T.);
#1583=EDGE_CURVE('',#1259,#1258,#1050,.T.);
#1584=EDGE_CURVE('',#1262,#1262,#1051,.T.);
#1585=EDGE_CURVE('',#1262,#1261,#621,.T.);
#1586=EDGE_CURVE('',#1263,#1263,#1052,.T.);
#1587=EDGE_CURVE('',#1263,#1258,#622,.T.);
#1588=EDGE_CURVE('',#1264,#1264,#1053,.T.);
#1589=EDGE_CURVE('',#1264,#1265,#623,.T.);
#1590=EDGE_CURVE('',#1265,#1265,#1054,.T.);
#1591=EDGE_CURVE('',#1266,#1266,#1055,.T.);
#1592=EDGE_CURVE('',#1266,#1267,#624,.T.);
#1593=EDGE_CURVE('',#1267,#1267,#1056,.T.);
#1594=EDGE_CURVE('',#1268,#1268,#1057,.T.);
#1595=EDGE_CURVE('',#1268,#1269,#625,.T.);
#1596=EDGE_CURVE('',#1269,#1269,#1058,.T.);
#1597=EDGE_CURVE('',#1270,#1270,#1059,.T.);
#1598=EDGE_CURVE('',#1270,#1271,#626,.T.);
#1599=EDGE_CURVE('',#1271,#1271,#1060,.T.);
#1600=EDGE_CURVE('',#1272,#1272,#1061,.F.);
#1601=EDGE_CURVE('',#1273,#1273,#1062,.F.);
#1602=EDGE_CURVE('',#1274,#1274,#1063,.F.);
#1603=EDGE_CURVE('',#1275,#1275,#1064,.F.);
#1604=EDGE_CURVE('',#1149,#1276,#627,.T.);
#1605=EDGE_CURVE('',#1276,#1277,#628,.T.);
#1606=EDGE_CURVE('',#1277,#1150,#629,.T.);
#1607=EDGE_CURVE('',#1195,#1278,#630,.T.);
#1608=EDGE_CURVE('',#1278,#1279,#631,.T.);
#1609=EDGE_CURVE('',#1279,#1280,#632,.T.);
#1610=EDGE_CURVE('',#1280,#1198,#633,.T.);
#1611=EDGE_CURVE('',#1281,#1169,#1065,.T.);
#1612=EDGE_CURVE('',#1282,#1281,#634,.T.);
#1613=EDGE_CURVE('',#1282,#1170,#1066,.T.);
#1614=EDGE_CURVE('',#1278,#1192,#635,.T.);
#1615=EDGE_CURVE('',#1227,#1283,#636,.T.);
#1616=EDGE_CURVE('',#1284,#1283,#76,.T.);
#1617=EDGE_CURVE('',#1284,#1231,#637,.T.);
#1618=EDGE_CURVE('',#1285,#1226,#638,.T.);
#1619=EDGE_CURVE('',#1283,#1285,#77,.T.);
#1620=EDGE_CURVE('',#1286,#1284,#1067,.T.);
#1621=EDGE_CURVE('',#1283,#1287,#1068,.T.);
#1622=EDGE_CURVE('',#1287,#1286,#78,.T.);
#1623=EDGE_CURVE('',#1288,#1289,#1069,.T.);
#1624=EDGE_CURVE('',#1289,#1284,#79,.T.);
#1625=EDGE_CURVE('',#1286,#1288,#80,.T.);
#1626=EDGE_CURVE('',#1290,#1285,#1070,.T.);
#1627=EDGE_CURVE('',#1285,#1289,#81,.T.);
#1628=EDGE_CURVE('',#1288,#1290,#82,.T.);
#1629=EDGE_CURVE('',#1290,#1287,#83,.T.);
#1630=EDGE_CURVE('',#1291,#1292,#639,.T.);
#1631=EDGE_CURVE('',#1292,#1293,#1071,.T.);
#1632=EDGE_CURVE('',#1293,#1294,#640,.T.);
#1633=EDGE_CURVE('',#1294,#1295,#641,.T.);
#1634=EDGE_CURVE('',#1295,#1296,#1072,.T.);
#1635=EDGE_CURVE('',#1296,#1297,#642,.T.);
#1636=EDGE_CURVE('',#1297,#1179,#1073,.T.);
#1637=EDGE_CURVE('',#1178,#1298,#643,.T.);
#1638=EDGE_CURVE('',#1298,#1299,#1074,.T.);
#1639=EDGE_CURVE('',#1299,#1175,#644,.T.);
#1640=EDGE_CURVE('',#1174,#1300,#1075,.T.);
#1641=EDGE_CURVE('',#1300,#1301,#645,.T.);
#1642=EDGE_CURVE('',#1301,#1302,#1076,.T.);
#1643=EDGE_CURVE('',#1302,#1291,#646,.T.);
#1644=EDGE_CURVE('',#1303,#1303,#1077,.T.);
#1645=EDGE_CURVE('',#1304,#1304,#1078,.T.);
#1646=EDGE_CURVE('',#1305,#1305,#1079,.T.);
#1647=EDGE_CURVE('',#1306,#1306,#1080,.T.);
#1648=EDGE_CURVE('',#1307,#1307,#1081,.T.);
#1649=EDGE_CURVE('',#1308,#1308,#1082,.T.);
#1650=EDGE_CURVE('',#1309,#1309,#1083,.T.);
#1651=EDGE_CURVE('',#1310,#1310,#1084,.T.);
#1652=EDGE_CURVE('',#1311,#1312,#647,.T.);
#1653=EDGE_CURVE('',#1311,#1313,#648,.T.);
#1654=EDGE_CURVE('',#1313,#1314,#649,.T.);
#1655=EDGE_CURVE('',#1314,#1312,#650,.T.);
#1656=EDGE_CURVE('',#1314,#1315,#651,.T.);
#1657=EDGE_CURVE('',#1316,#1315,#652,.T.);
#1658=EDGE_CURVE('',#1312,#1316,#653,.T.);
#1659=EDGE_CURVE('',#1316,#1151,#654,.T.);
#1660=EDGE_CURVE('',#1315,#1152,#655,.T.);
#1661=EDGE_CURVE('',#1310,#1317,#656,.T.);
#1662=EDGE_CURVE('',#1317,#1317,#1085,.T.);
#1663=EDGE_CURVE('',#1309,#1318,#657,.T.);
#1664=EDGE_CURVE('',#1318,#1318,#1086,.T.);
#1665=EDGE_CURVE('',#1308,#1319,#658,.T.);
#1666=EDGE_CURVE('',#1319,#1319,#1087,.T.);
#1667=EDGE_CURVE('',#1307,#1320,#659,.T.);
#1668=EDGE_CURVE('',#1320,#1320,#1088,.T.);
#1669=EDGE_CURVE('',#1293,#1321,#660,.T.);
#1670=EDGE_CURVE('',#1321,#1322,#661,.T.);
#1671=EDGE_CURVE('',#1294,#1322,#662,.T.);
#1672=EDGE_CURVE('',#1292,#1323,#663,.T.);
#1673=EDGE_CURVE('',#1323,#1321,#1089,.T.);
#1674=EDGE_CURVE('',#1324,#1291,#664,.T.);
#1675=EDGE_CURVE('',#1324,#1323,#665,.T.);
#1676=EDGE_CURVE('',#1322,#1324,#666,.T.);
#1677=EDGE_CURVE('',#1177,#1325,#667,.T.);
#1678=EDGE_CURVE('',#1298,#1325,#668,.T.);
#1679=EDGE_CURVE('',#1299,#1326,#669,.T.);
#1680=EDGE_CURVE('',#1326,#1176,#670,.T.);
#1681=EDGE_CURVE('',#1325,#1326,#1090,.T.);
#1682=EDGE_CURVE('',#1327,#1327,#1091,.T.);
#1683=EDGE_CURVE('',#1328,#1328,#1092,.T.);
#1684=EDGE_CURVE('',#1329,#1329,#1093,.T.);
#1685=EDGE_CURVE('',#1329,#1330,#671,.T.);
#1686=EDGE_CURVE('',#1330,#1330,#1094,.T.);
#1687=EDGE_CURVE('',#1331,#1331,#1095,.T.);
#1688=EDGE_CURVE('',#1331,#1332,#672,.T.);
#1689=EDGE_CURVE('',#1332,#1332,#1096,.T.);
#1690=EDGE_CURVE('',#1333,#1333,#1097,.T.);
#1691=EDGE_CURVE('',#1333,#1334,#673,.T.);
#1692=EDGE_CURVE('',#1334,#1334,#1098,.T.);
#1693=EDGE_CURVE('',#1172,#1335,#1099,.T.);
#1694=EDGE_CURVE('',#1336,#1171,#1100,.F.);
#1695=EDGE_CURVE('',#1335,#1336,#674,.T.);
#1696=EDGE_CURVE('',#1335,#1337,#675,.T.);
#1697=EDGE_CURVE('',#1338,#1336,#676,.F.);
#1698=EDGE_CURVE('',#1337,#1338,#677,.T.);
#1699=EDGE_CURVE('',#1337,#1339,#1101,.T.);
#1700=EDGE_CURVE('',#1340,#1338,#1102,.F.);
#1701=EDGE_CURVE('',#1339,#1340,#678,.T.);
#1702=EDGE_CURVE('',#1339,#1341,#679,.T.);
#1703=EDGE_CURVE('',#1342,#1340,#680,.F.);
#1704=EDGE_CURVE('',#1341,#1342,#681,.T.);
#1705=EDGE_CURVE('',#1341,#1343,#1103,.T.);
#1706=EDGE_CURVE('',#1344,#1342,#1104,.F.);
#1707=EDGE_CURVE('',#1343,#1344,#682,.T.);
#1708=EDGE_CURVE('',#1343,#1345,#683,.T.);
#1709=EDGE_CURVE('',#1346,#1344,#684,.F.);
#1710=EDGE_CURVE('',#1345,#1346,#685,.T.);
#1711=EDGE_CURVE('',#1345,#1347,#1105,.T.);
#1712=EDGE_CURVE('',#1348,#1346,#1106,.F.);
#1713=EDGE_CURVE('',#1347,#1348,#686,.T.);
#1714=EDGE_CURVE('',#1347,#1349,#687,.T.);
#1715=EDGE_CURVE('',#1350,#1348,#688,.F.);
#1716=EDGE_CURVE('',#1349,#1350,#689,.T.);
#1717=EDGE_CURVE('',#1349,#1351,#1107,.T.);
#1718=EDGE_CURVE('',#1352,#1350,#1108,.F.);
#1719=EDGE_CURVE('',#1351,#1352,#690,.T.);
#1720=EDGE_CURVE('',#1351,#1353,#691,.T.);
#1721=EDGE_CURVE('',#1354,#1352,#692,.F.);
#1722=EDGE_CURVE('',#1353,#1354,#693,.T.);
#1723=EDGE_CURVE('',#1353,#1355,#1109,.T.);
#1724=EDGE_CURVE('',#1356,#1354,#1110,.F.);
#1725=EDGE_CURVE('',#1355,#1356,#694,.T.);
#1726=EDGE_CURVE('',#1357,#1358,#1111,.T.);
#1727=EDGE_CURVE('',#1357,#1359,#695,.T.);
#1728=EDGE_CURVE('',#1360,#1359,#1112,.F.);
#1729=EDGE_CURVE('',#1358,#1360,#696,.T.);
#1730=EDGE_CURVE('',#1361,#1357,#697,.T.);
#1731=EDGE_CURVE('',#1361,#1362,#698,.T.);
#1732=EDGE_CURVE('',#1359,#1362,#699,.F.);
#1733=EDGE_CURVE('',#1363,#1361,#1113,.T.);
#1734=EDGE_CURVE('',#1363,#1364,#700,.T.);
#1735=EDGE_CURVE('',#1362,#1364,#1114,.F.);
#1736=EDGE_CURVE('',#1365,#1366,#701,.T.);
#1737=EDGE_CURVE('',#1365,#1367,#702,.T.);
#1738=EDGE_CURVE('',#1368,#1367,#703,.F.);
#1739=EDGE_CURVE('',#1366,#1368,#704,.T.);
#1740=EDGE_CURVE('',#1369,#1365,#1115,.T.);
#1741=EDGE_CURVE('',#1369,#1370,#705,.T.);
#1742=EDGE_CURVE('',#1367,#1370,#1116,.F.);
#1743=EDGE_CURVE('',#1371,#1369,#706,.T.);
#1744=EDGE_CURVE('',#1371,#1372,#707,.T.);
#1745=EDGE_CURVE('',#1370,#1372,#708,.F.);
#1746=EDGE_CURVE('',#1373,#1371,#1117,.T.);
#1747=EDGE_CURVE('',#1373,#1374,#709,.T.);
#1748=EDGE_CURVE('',#1372,#1374,#1118,.F.);
#1749=EDGE_CURVE('',#1375,#1373,#710,.T.);
#1750=EDGE_CURVE('',#1375,#1376,#711,.T.);
#1751=EDGE_CURVE('',#1374,#1376,#712,.F.);
#1752=EDGE_CURVE('',#1377,#1375,#1119,.T.);
#1753=EDGE_CURVE('',#1377,#1378,#713,.T.);
#1754=EDGE_CURVE('',#1376,#1378,#1120,.F.);
#1755=EDGE_CURVE('',#1355,#1379,#714,.T.);
#1756=EDGE_CURVE('',#1379,#1380,#1121,.T.);
#1757=EDGE_CURVE('',#1380,#1381,#715,.T.);
#1758=EDGE_CURVE('',#1381,#1173,#1122,.T.);
#1759=EDGE_CURVE('',#1366,#1382,#716,.T.);
#1760=EDGE_CURVE('',#1382,#1383,#1123,.T.);
#1761=EDGE_CURVE('',#1383,#1377,#717,.T.);
#1762=EDGE_CURVE('',#1302,#1379,#718,.T.);
#1763=EDGE_CURVE('',#1378,#1356,#719,.F.);
#1764=EDGE_CURVE('',#1295,#1383,#720,.T.);
#1765=EDGE_CURVE('',#1296,#1382,#721,.T.);
#1766=EDGE_CURVE('',#1153,#1368,#722,.F.);
#1767=EDGE_CURVE('',#1384,#1313,#723,.T.);
#1768=EDGE_CURVE('',#1385,#1384,#724,.T.);
#1769=EDGE_CURVE('',#1297,#1385,#725,.T.);
#1770=EDGE_CURVE('',#1301,#1380,#726,.T.);
#1771=EDGE_CURVE('',#1300,#1381,#727,.T.);
#1772=EDGE_CURVE('',#1180,#1385,#1124,.T.);
#1773=EDGE_CURVE('',#1384,#1363,#728,.T.);
#1774=EDGE_CURVE('',#1358,#1281,#729,.T.);
#1775=EDGE_CURVE('',#1386,#1386,#1125,.T.);
#1776=EDGE_CURVE('',#1154,#1387,#730,.T.);
#1777=EDGE_CURVE('',#1276,#1387,#731,.T.);
#1778=EDGE_CURVE('',#1289,#1229,#732,.T.);
#1779=EDGE_CURVE('',#1282,#1360,#733,.F.);
#1780=EDGE_CURVE('',#1364,#1387,#734,.F.);
#1781=EDGE_CURVE('',#1386,#1328,#735,.T.);
#1782=EDGE_CURVE('',#1279,#1191,#736,.T.);
#1783=EDGE_CURVE('',#1280,#1190,#737,.T.);
#1784=EDGE_CURVE('',#1327,#1181,#738,.T.);
#1785=EDGE_CURVE('',#1303,#1272,#739,.T.);
#1786=EDGE_CURVE('',#1304,#1273,#740,.T.);
#1787=EDGE_CURVE('',#1305,#1274,#741,.T.);
#1788=EDGE_CURVE('',#1306,#1275,#742,.T.);
#1789=EDGE_CURVE('',#1311,#1277,#743,.T.);
#1790=ORIENTED_EDGE('',*,*,#1388,.T.);
#1791=ORIENTED_EDGE('',*,*,#1389,.F.);
#1792=ORIENTED_EDGE('',*,*,#1390,.T.);
#1793=ORIENTED_EDGE('',*,*,#1391,.T.);
#1794=ORIENTED_EDGE('',*,*,#1389,.T.);
#1795=ORIENTED_EDGE('',*,*,#1392,.T.);
#1796=ORIENTED_EDGE('',*,*,#1393,.T.);
#1797=ORIENTED_EDGE('',*,*,#1392,.F.);
#1798=ORIENTED_EDGE('',*,*,#1388,.F.);
#1799=ORIENTED_EDGE('',*,*,#1391,.F.);
#1800=ORIENTED_EDGE('',*,*,#1393,.F.);
#1801=ORIENTED_EDGE('',*,*,#1390,.F.);
#1802=ORIENTED_EDGE('',*,*,#1394,.F.);
#1803=ORIENTED_EDGE('',*,*,#1395,.F.);
#1804=ORIENTED_EDGE('',*,*,#1396,.F.);
#1805=ORIENTED_EDGE('',*,*,#1397,.F.);
#1806=ORIENTED_EDGE('',*,*,#1398,.F.);
#1807=ORIENTED_EDGE('',*,*,#1399,.F.);
#1808=ORIENTED_EDGE('',*,*,#1400,.F.);
#1809=ORIENTED_EDGE('',*,*,#1401,.F.);
#1810=ORIENTED_EDGE('',*,*,#1402,.F.);
#1811=ORIENTED_EDGE('',*,*,#1403,.F.);
#1812=ORIENTED_EDGE('',*,*,#1404,.F.);
#1813=ORIENTED_EDGE('',*,*,#1405,.T.);
#1814=ORIENTED_EDGE('',*,*,#1395,.T.);
#1815=ORIENTED_EDGE('',*,*,#1406,.F.);
#1816=ORIENTED_EDGE('',*,*,#1407,.F.);
#1817=ORIENTED_EDGE('',*,*,#1408,.F.);
#1818=ORIENTED_EDGE('',*,*,#1401,.T.);
#1819=ORIENTED_EDGE('',*,*,#1409,.F.);
#1820=ORIENTED_EDGE('',*,*,#1410,.F.);
#1821=ORIENTED_EDGE('',*,*,#1411,.T.);
#1822=ORIENTED_EDGE('',*,*,#1412,.T.);
#1823=ORIENTED_EDGE('',*,*,#1413,.F.);
#1824=ORIENTED_EDGE('',*,*,#1414,.F.);
#1825=ORIENTED_EDGE('',*,*,#1396,.T.);
#1826=ORIENTED_EDGE('',*,*,#1405,.F.);
#1827=ORIENTED_EDGE('',*,*,#1415,.F.);
#1828=ORIENTED_EDGE('',*,*,#1416,.T.);
#1829=ORIENTED_EDGE('',*,*,#1399,.T.);
#1830=ORIENTED_EDGE('',*,*,#1417,.F.);
#1831=ORIENTED_EDGE('',*,*,#1418,.F.);
#1832=ORIENTED_EDGE('',*,*,#1409,.T.);
#1833=ORIENTED_EDGE('',*,*,#1400,.T.);
#1834=ORIENTED_EDGE('',*,*,#1416,.F.);
#1835=ORIENTED_EDGE('',*,*,#1397,.T.);
#1836=ORIENTED_EDGE('',*,*,#1414,.T.);
#1837=ORIENTED_EDGE('',*,*,#1419,.F.);
#1838=ORIENTED_EDGE('',*,*,#1420,.F.);
#1839=ORIENTED_EDGE('',*,*,#1421,.F.);
#1840=ORIENTED_EDGE('',*,*,#1422,.T.);
#1841=ORIENTED_EDGE('',*,*,#1423,.T.);
#1842=ORIENTED_EDGE('',*,*,#1424,.T.);
#1843=ORIENTED_EDGE('',*,*,#1425,.T.);
#1844=ORIENTED_EDGE('',*,*,#1426,.T.);
#1845=ORIENTED_EDGE('',*,*,#1402,.T.);
#1846=ORIENTED_EDGE('',*,*,#1408,.T.);
#1847=ORIENTED_EDGE('',*,*,#1427,.T.);
#1848=ORIENTED_EDGE('',*,*,#1406,.T.);
#1849=ORIENTED_EDGE('',*,*,#1394,.T.);
#1850=ORIENTED_EDGE('',*,*,#1426,.F.);
#1851=ORIENTED_EDGE('',*,*,#1428,.F.);
#1852=ORIENTED_EDGE('',*,*,#1429,.T.);
#1853=ORIENTED_EDGE('',*,*,#1430,.T.);
#1854=ORIENTED_EDGE('',*,*,#1431,.F.);
#1855=ORIENTED_EDGE('',*,*,#1432,.F.);
#1856=ORIENTED_EDGE('',*,*,#1433,.T.);
#1857=ORIENTED_EDGE('',*,*,#1434,.T.);
#1858=ORIENTED_EDGE('',*,*,#1429,.F.);
#1859=ORIENTED_EDGE('',*,*,#1435,.F.);
#1860=ORIENTED_EDGE('',*,*,#1436,.T.);
#1861=ORIENTED_EDGE('',*,*,#1437,.T.);
#1862=ORIENTED_EDGE('',*,*,#1433,.F.);
#1863=ORIENTED_EDGE('',*,*,#1438,.T.);
#1864=ORIENTED_EDGE('',*,*,#1439,.T.);
#1865=ORIENTED_EDGE('',*,*,#1440,.T.);
#1866=ORIENTED_EDGE('',*,*,#1436,.F.);
#1867=ORIENTED_EDGE('',*,*,#1441,.F.);
#1868=ORIENTED_EDGE('',*,*,#1403,.T.);
#1869=ORIENTED_EDGE('',*,*,#1442,.T.);
#1870=ORIENTED_EDGE('',*,*,#1439,.F.);
#1871=ORIENTED_EDGE('',*,*,#1443,.F.);
#1872=ORIENTED_EDGE('',*,*,#1444,.T.);
#1873=ORIENTED_EDGE('',*,*,#1445,.T.);
#1874=ORIENTED_EDGE('',*,*,#1411,.F.);
#1875=ORIENTED_EDGE('',*,*,#1446,.T.);
#1876=ORIENTED_EDGE('',*,*,#1447,.T.);
#1877=ORIENTED_EDGE('',*,*,#1431,.T.);
#1878=ORIENTED_EDGE('',*,*,#1448,.T.);
#1879=ORIENTED_EDGE('',*,*,#1444,.F.);
#1880=ORIENTED_EDGE('',*,*,#1448,.F.);
#1881=ORIENTED_EDGE('',*,*,#1430,.F.);
#1882=ORIENTED_EDGE('',*,*,#1434,.F.);
#1883=ORIENTED_EDGE('',*,*,#1437,.F.);
#1884=ORIENTED_EDGE('',*,*,#1440,.F.);
#1885=ORIENTED_EDGE('',*,*,#1442,.F.);
#1886=ORIENTED_EDGE('',*,*,#1412,.F.);
#1887=ORIENTED_EDGE('',*,*,#1445,.F.);
#1888=ORIENTED_EDGE('',*,*,#1449,.T.);
#1889=ORIENTED_EDGE('',*,*,#1450,.F.);
#1890=ORIENTED_EDGE('',*,*,#1451,.F.);
#1891=ORIENTED_EDGE('',*,*,#1452,.F.);
#1892=ORIENTED_EDGE('',*,*,#1453,.F.);
#1893=ORIENTED_EDGE('',*,*,#1454,.F.);
#1894=ORIENTED_EDGE('',*,*,#1455,.T.);
#1895=ORIENTED_EDGE('',*,*,#1456,.T.);
#1896=ORIENTED_EDGE('',*,*,#1457,.T.);
#1897=ORIENTED_EDGE('',*,*,#1458,.F.);
#1898=ORIENTED_EDGE('',*,*,#1459,.T.);
#1899=ORIENTED_EDGE('',*,*,#1460,.F.);
#1900=ORIENTED_EDGE('',*,*,#1461,.F.);
#1901=ORIENTED_EDGE('',*,*,#1407,.T.);
#1902=ORIENTED_EDGE('',*,*,#1427,.F.);
#1903=ORIENTED_EDGE('',*,*,#1462,.F.);
#1904=ORIENTED_EDGE('',*,*,#1463,.F.);
#1905=ORIENTED_EDGE('',*,*,#1464,.F.);
#1906=ORIENTED_EDGE('',*,*,#1465,.F.);
#1907=ORIENTED_EDGE('',*,*,#1466,.F.);
#1908=ORIENTED_EDGE('',*,*,#1467,.F.);
#1909=ORIENTED_EDGE('',*,*,#1468,.F.);
#1910=ORIENTED_EDGE('',*,*,#1469,.F.);
#1911=ORIENTED_EDGE('',*,*,#1470,.F.);
#1912=ORIENTED_EDGE('',*,*,#1471,.F.);
#1913=ORIENTED_EDGE('',*,*,#1472,.F.);
#1914=ORIENTED_EDGE('',*,*,#1473,.F.);
#1915=ORIENTED_EDGE('',*,*,#1474,.F.);
#1916=ORIENTED_EDGE('',*,*,#1473,.T.);
#1917=ORIENTED_EDGE('',*,*,#1475,.F.);
#1918=ORIENTED_EDGE('',*,*,#1476,.F.);
#1919=ORIENTED_EDGE('',*,*,#1477,.T.);
#1920=ORIENTED_EDGE('',*,*,#1468,.T.);
#1921=ORIENTED_EDGE('',*,*,#1478,.F.);
#1922=ORIENTED_EDGE('',*,*,#1479,.F.);
#1923=ORIENTED_EDGE('',*,*,#1480,.T.);
#1924=ORIENTED_EDGE('',*,*,#1467,.T.);
#1925=ORIENTED_EDGE('',*,*,#1481,.F.);
#1926=ORIENTED_EDGE('',*,*,#1482,.F.);
#1927=ORIENTED_EDGE('',*,*,#1478,.T.);
#1928=ORIENTED_EDGE('',*,*,#1466,.T.);
#1929=ORIENTED_EDGE('',*,*,#1483,.F.);
#1930=ORIENTED_EDGE('',*,*,#1484,.F.);
#1931=ORIENTED_EDGE('',*,*,#1481,.T.);
#1932=ORIENTED_EDGE('',*,*,#1465,.T.);
#1933=ORIENTED_EDGE('',*,*,#1485,.F.);
#1934=ORIENTED_EDGE('',*,*,#1486,.F.);
#1935=ORIENTED_EDGE('',*,*,#1483,.T.);
#1936=ORIENTED_EDGE('',*,*,#1464,.T.);
#1937=ORIENTED_EDGE('',*,*,#1487,.F.);
#1938=ORIENTED_EDGE('',*,*,#1488,.T.);
#1939=ORIENTED_EDGE('',*,*,#1489,.F.);
#1940=ORIENTED_EDGE('',*,*,#1490,.F.);
#1941=ORIENTED_EDGE('',*,*,#1485,.T.);
#1942=ORIENTED_EDGE('',*,*,#1463,.T.);
#1943=ORIENTED_EDGE('',*,*,#1491,.F.);
#1944=ORIENTED_EDGE('',*,*,#1492,.T.);
#1945=ORIENTED_EDGE('',*,*,#1487,.T.);
#1946=ORIENTED_EDGE('',*,*,#1462,.T.);
#1947=ORIENTED_EDGE('',*,*,#1493,.F.);
#1948=ORIENTED_EDGE('',*,*,#1494,.F.);
#1949=ORIENTED_EDGE('',*,*,#1495,.T.);
#1950=ORIENTED_EDGE('',*,*,#1496,.T.);
#1951=ORIENTED_EDGE('',*,*,#1491,.T.);
#1952=ORIENTED_EDGE('',*,*,#1474,.T.);
#1953=ORIENTED_EDGE('',*,*,#1477,.F.);
#1954=ORIENTED_EDGE('',*,*,#1497,.F.);
#1955=ORIENTED_EDGE('',*,*,#1493,.T.);
#1956=ORIENTED_EDGE('',*,*,#1498,.F.);
#1957=ORIENTED_EDGE('',*,*,#1499,.T.);
#1958=ORIENTED_EDGE('',*,*,#1500,.T.);
#1959=ORIENTED_EDGE('',*,*,#1501,.F.);
#1960=ORIENTED_EDGE('',*,*,#1502,.F.);
#1961=ORIENTED_EDGE('',*,*,#1503,.T.);
#1962=ORIENTED_EDGE('',*,*,#1504,.T.);
#1963=ORIENTED_EDGE('',*,*,#1499,.F.);
#1964=ORIENTED_EDGE('',*,*,#1505,.F.);
#1965=ORIENTED_EDGE('',*,*,#1489,.T.);
#1966=ORIENTED_EDGE('',*,*,#1506,.T.);
#1967=ORIENTED_EDGE('',*,*,#1503,.F.);
#1968=ORIENTED_EDGE('',*,*,#1507,.F.);
#1969=ORIENTED_EDGE('',*,*,#1508,.F.);
#1970=ORIENTED_EDGE('',*,*,#1509,.T.);
#1971=ORIENTED_EDGE('',*,*,#1510,.T.);
#1972=ORIENTED_EDGE('',*,*,#1495,.F.);
#1973=ORIENTED_EDGE('',*,*,#1511,.F.);
#1974=ORIENTED_EDGE('',*,*,#1512,.T.);
#1975=ORIENTED_EDGE('',*,*,#1513,.T.);
#1976=ORIENTED_EDGE('',*,*,#1509,.F.);
#1977=ORIENTED_EDGE('',*,*,#1514,.F.);
#1978=ORIENTED_EDGE('',*,*,#1515,.T.);
#1979=ORIENTED_EDGE('',*,*,#1516,.T.);
#1980=ORIENTED_EDGE('',*,*,#1512,.F.);
#1981=ORIENTED_EDGE('',*,*,#1517,.F.);
#1982=ORIENTED_EDGE('',*,*,#1518,.F.);
#1983=ORIENTED_EDGE('',*,*,#1501,.T.);
#1984=ORIENTED_EDGE('',*,*,#1519,.T.);
#1985=ORIENTED_EDGE('',*,*,#1515,.F.);
#1986=ORIENTED_EDGE('',*,*,#1519,.F.);
#1987=ORIENTED_EDGE('',*,*,#1500,.F.);
#1988=ORIENTED_EDGE('',*,*,#1504,.F.);
#1989=ORIENTED_EDGE('',*,*,#1506,.F.);
#1990=ORIENTED_EDGE('',*,*,#1488,.F.);
#1991=ORIENTED_EDGE('',*,*,#1492,.F.);
#1992=ORIENTED_EDGE('',*,*,#1496,.F.);
#1993=ORIENTED_EDGE('',*,*,#1510,.F.);
#1994=ORIENTED_EDGE('',*,*,#1513,.F.);
#1995=ORIENTED_EDGE('',*,*,#1516,.F.);
#1996=ORIENTED_EDGE('',*,*,#1508,.T.);
#1997=ORIENTED_EDGE('',*,*,#1520,.F.);
#1998=ORIENTED_EDGE('',*,*,#1517,.T.);
#1999=ORIENTED_EDGE('',*,*,#1521,.F.);
#2000=ORIENTED_EDGE('',*,*,#1522,.F.);
#2001=ORIENTED_EDGE('',*,*,#1523,.F.);
#2002=ORIENTED_EDGE('',*,*,#1524,.F.);
#2003=ORIENTED_EDGE('',*,*,#1525,.T.);
#2004=ORIENTED_EDGE('',*,*,#1526,.T.);
#2005=ORIENTED_EDGE('',*,*,#1527,.F.);
#2006=ORIENTED_EDGE('',*,*,#1528,.F.);
#2007=ORIENTED_EDGE('',*,*,#1529,.T.);
#2008=ORIENTED_EDGE('',*,*,#1524,.T.);
#2009=ORIENTED_EDGE('',*,*,#1530,.F.);
#2010=ORIENTED_EDGE('',*,*,#1531,.F.);
#2011=ORIENTED_EDGE('',*,*,#1532,.T.);
#2012=ORIENTED_EDGE('',*,*,#1528,.T.);
#2013=ORIENTED_EDGE('',*,*,#1533,.F.);
#2014=ORIENTED_EDGE('',*,*,#1526,.F.);
#2015=ORIENTED_EDGE('',*,*,#1534,.T.);
#2016=ORIENTED_EDGE('',*,*,#1531,.T.);
#2017=ORIENTED_EDGE('',*,*,#1530,.T.);
#2018=ORIENTED_EDGE('',*,*,#1535,.T.);
#2019=ORIENTED_EDGE('',*,*,#1536,.F.);
#2020=ORIENTED_EDGE('',*,*,#1537,.F.);
#2021=ORIENTED_EDGE('',*,*,#1527,.T.);
#2022=ORIENTED_EDGE('',*,*,#1538,.T.);
#2023=ORIENTED_EDGE('',*,*,#1539,.F.);
#2024=ORIENTED_EDGE('',*,*,#1535,.F.);
#2025=ORIENTED_EDGE('',*,*,#1523,.T.);
#2026=ORIENTED_EDGE('',*,*,#1540,.F.);
#2027=ORIENTED_EDGE('',*,*,#1541,.F.);
#2028=ORIENTED_EDGE('',*,*,#1538,.F.);
#2029=ORIENTED_EDGE('',*,*,#1533,.T.);
#2030=ORIENTED_EDGE('',*,*,#1537,.T.);
#2031=ORIENTED_EDGE('',*,*,#1542,.F.);
#2032=ORIENTED_EDGE('',*,*,#1540,.T.);
#2033=ORIENTED_EDGE('',*,*,#1543,.T.);
#2034=ORIENTED_EDGE('',*,*,#1544,.T.);
#2035=ORIENTED_EDGE('',*,*,#1545,.F.);
#2036=ORIENTED_EDGE('',*,*,#1544,.F.);
#2037=ORIENTED_EDGE('',*,*,#1543,.F.);
#2038=ORIENTED_EDGE('',*,*,#1546,.T.);
#2039=ORIENTED_EDGE('',*,*,#1547,.T.);
#2040=ORIENTED_EDGE('',*,*,#1548,.F.);
#2041=ORIENTED_EDGE('',*,*,#1438,.F.);
#2042=ORIENTED_EDGE('',*,*,#1549,.F.);
#2043=ORIENTED_EDGE('',*,*,#1547,.F.);
#2044=ORIENTED_EDGE('',*,*,#1546,.F.);
#2045=ORIENTED_EDGE('',*,*,#1550,.T.);
#2046=ORIENTED_EDGE('',*,*,#1551,.T.);
#2047=ORIENTED_EDGE('',*,*,#1446,.F.);
#2048=ORIENTED_EDGE('',*,*,#1552,.F.);
#2049=ORIENTED_EDGE('',*,*,#1447,.F.);
#2050=ORIENTED_EDGE('',*,*,#1551,.F.);
#2051=ORIENTED_EDGE('',*,*,#1550,.F.);
#2052=ORIENTED_EDGE('',*,*,#1553,.T.);
#2053=ORIENTED_EDGE('',*,*,#1554,.T.);
#2054=ORIENTED_EDGE('',*,*,#1555,.F.);
#2055=ORIENTED_EDGE('',*,*,#1554,.F.);
#2056=ORIENTED_EDGE('',*,*,#1553,.F.);
#2057=ORIENTED_EDGE('',*,*,#1556,.T.);
#2058=ORIENTED_EDGE('',*,*,#1557,.T.);
#2059=ORIENTED_EDGE('',*,*,#1558,.T.);
#2060=ORIENTED_EDGE('',*,*,#1559,.T.);
#2061=ORIENTED_EDGE('',*,*,#1557,.F.);
#2062=ORIENTED_EDGE('',*,*,#1560,.T.);
#2063=ORIENTED_EDGE('',*,*,#1561,.T.);
#2064=ORIENTED_EDGE('',*,*,#1562,.T.);
#2065=ORIENTED_EDGE('',*,*,#1558,.F.);
#2066=ORIENTED_EDGE('',*,*,#1559,.F.);
#2067=ORIENTED_EDGE('',*,*,#1562,.F.);
#2068=ORIENTED_EDGE('',*,*,#1563,.F.);
#2069=ORIENTED_EDGE('',*,*,#1564,.T.);
#2070=ORIENTED_EDGE('',*,*,#1560,.F.);
#2071=ORIENTED_EDGE('',*,*,#1556,.F.);
#2072=ORIENTED_EDGE('',*,*,#1564,.F.);
#2073=ORIENTED_EDGE('',*,*,#1511,.T.);
#2074=ORIENTED_EDGE('',*,*,#1522,.T.);
#2075=ORIENTED_EDGE('',*,*,#1565,.T.);
#2076=ORIENTED_EDGE('',*,*,#1566,.T.);
#2077=ORIENTED_EDGE('',*,*,#1567,.T.);
#2078=ORIENTED_EDGE('',*,*,#1565,.F.);
#2079=ORIENTED_EDGE('',*,*,#1521,.T.);
#2080=ORIENTED_EDGE('',*,*,#1568,.T.);
#2081=ORIENTED_EDGE('',*,*,#1569,.T.);
#2082=ORIENTED_EDGE('',*,*,#1566,.F.);
#2083=ORIENTED_EDGE('',*,*,#1567,.F.);
#2084=ORIENTED_EDGE('',*,*,#1569,.F.);
#2085=ORIENTED_EDGE('',*,*,#1570,.T.);
#2086=ORIENTED_EDGE('',*,*,#1571,.T.);
#2087=ORIENTED_EDGE('',*,*,#1572,.T.);
#2088=ORIENTED_EDGE('',*,*,#1573,.T.);
#2089=ORIENTED_EDGE('',*,*,#1571,.F.);
#2090=ORIENTED_EDGE('',*,*,#1574,.T.);
#2091=ORIENTED_EDGE('',*,*,#1575,.T.);
#2092=ORIENTED_EDGE('',*,*,#1576,.T.);
#2093=ORIENTED_EDGE('',*,*,#1572,.F.);
#2094=ORIENTED_EDGE('',*,*,#1573,.F.);
#2095=ORIENTED_EDGE('',*,*,#1576,.F.);
#2096=ORIENTED_EDGE('',*,*,#1577,.F.);
#2097=ORIENTED_EDGE('',*,*,#1578,.T.);
#2098=ORIENTED_EDGE('',*,*,#1574,.F.);
#2099=ORIENTED_EDGE('',*,*,#1570,.F.);
#2100=ORIENTED_EDGE('',*,*,#1578,.F.);
#2101=ORIENTED_EDGE('',*,*,#1579,.T.);
#2102=ORIENTED_EDGE('',*,*,#1580,.T.);
#2103=ORIENTED_EDGE('',*,*,#1581,.T.);
#2104=ORIENTED_EDGE('',*,*,#1582,.T.);
#2105=ORIENTED_EDGE('',*,*,#1580,.F.);
#2106=ORIENTED_EDGE('',*,*,#1583,.T.);
#2107=ORIENTED_EDGE('',*,*,#1584,.T.);
#2108=ORIENTED_EDGE('',*,*,#1585,.T.);
#2109=ORIENTED_EDGE('',*,*,#1581,.F.);
#2110=ORIENTED_EDGE('',*,*,#1582,.F.);
#2111=ORIENTED_EDGE('',*,*,#1585,.F.);
#2112=ORIENTED_EDGE('',*,*,#1586,.F.);
#2113=ORIENTED_EDGE('',*,*,#1587,.T.);
#2114=ORIENTED_EDGE('',*,*,#1583,.F.);
#2115=ORIENTED_EDGE('',*,*,#1579,.F.);
#2116=ORIENTED_EDGE('',*,*,#1587,.F.);
#2117=ORIENTED_EDGE('',*,*,#1561,.F.);
#2118=ORIENTED_EDGE('',*,*,#1584,.F.);
#2119=ORIENTED_EDGE('',*,*,#1568,.F.);
#2120=ORIENTED_EDGE('',*,*,#1575,.F.);
#2121=ORIENTED_EDGE('',*,*,#1588,.F.);
#2122=ORIENTED_EDGE('',*,*,#1589,.T.);
#2123=ORIENTED_EDGE('',*,*,#1590,.F.);
#2124=ORIENTED_EDGE('',*,*,#1589,.F.);
#2125=ORIENTED_EDGE('',*,*,#1591,.F.);
#2126=ORIENTED_EDGE('',*,*,#1592,.T.);
#2127=ORIENTED_EDGE('',*,*,#1593,.F.);
#2128=ORIENTED_EDGE('',*,*,#1592,.F.);
#2129=ORIENTED_EDGE('',*,*,#1594,.F.);
#2130=ORIENTED_EDGE('',*,*,#1595,.T.);
#2131=ORIENTED_EDGE('',*,*,#1596,.F.);
#2132=ORIENTED_EDGE('',*,*,#1595,.F.);
#2133=ORIENTED_EDGE('',*,*,#1597,.F.);
#2134=ORIENTED_EDGE('',*,*,#1598,.T.);
#2135=ORIENTED_EDGE('',*,*,#1599,.F.);
#2136=ORIENTED_EDGE('',*,*,#1598,.F.);
#2137=ORIENTED_EDGE('',*,*,#1600,.T.);
#2138=ORIENTED_EDGE('',*,*,#1591,.T.);
#2139=ORIENTED_EDGE('',*,*,#1601,.T.);
#2140=ORIENTED_EDGE('',*,*,#1588,.T.);
#2141=ORIENTED_EDGE('',*,*,#1602,.T.);
#2142=ORIENTED_EDGE('',*,*,#1597,.T.);
#2143=ORIENTED_EDGE('',*,*,#1603,.T.);
#2144=ORIENTED_EDGE('',*,*,#1594,.T.);
#2145=ORIENTED_EDGE('',*,*,#1542,.T.);
#2146=ORIENTED_EDGE('',*,*,#1536,.T.);
#2147=ORIENTED_EDGE('',*,*,#1539,.T.);
#2148=ORIENTED_EDGE('',*,*,#1541,.T.);
#2149=ORIENTED_EDGE('',*,*,#1413,.T.);
#2150=ORIENTED_EDGE('',*,*,#1404,.T.);
#2151=ORIENTED_EDGE('',*,*,#1441,.T.);
#2152=ORIENTED_EDGE('',*,*,#1548,.T.);
#2153=ORIENTED_EDGE('',*,*,#1549,.T.);
#2154=ORIENTED_EDGE('',*,*,#1435,.T.);
#2155=ORIENTED_EDGE('',*,*,#1432,.T.);
#2156=ORIENTED_EDGE('',*,*,#1428,.T.);
#2157=ORIENTED_EDGE('',*,*,#1552,.T.);
#2158=ORIENTED_EDGE('',*,*,#1443,.T.);
#2159=ORIENTED_EDGE('',*,*,#1410,.T.);
#2160=ORIENTED_EDGE('',*,*,#1418,.T.);
#2161=ORIENTED_EDGE('',*,*,#1415,.T.);
#2162=ORIENTED_EDGE('',*,*,#1604,.T.);
#2163=ORIENTED_EDGE('',*,*,#1605,.T.);
#2164=ORIENTED_EDGE('',*,*,#1606,.T.);
#2165=ORIENTED_EDGE('',*,*,#1419,.T.);
#2166=ORIENTED_EDGE('',*,*,#1545,.T.);
#2167=ORIENTED_EDGE('',*,*,#1555,.T.);
#2168=ORIENTED_EDGE('',*,*,#1577,.T.);
#2169=ORIENTED_EDGE('',*,*,#1586,.T.);
#2170=ORIENTED_EDGE('',*,*,#1563,.T.);
#2171=ORIENTED_EDGE('',*,*,#1590,.T.);
#2172=ORIENTED_EDGE('',*,*,#1593,.T.);
#2173=ORIENTED_EDGE('',*,*,#1596,.T.);
#2174=ORIENTED_EDGE('',*,*,#1599,.T.);
#2175=ORIENTED_EDGE('',*,*,#1490,.T.);
#2176=ORIENTED_EDGE('',*,*,#1505,.T.);
#2177=ORIENTED_EDGE('',*,*,#1502,.T.);
#2178=ORIENTED_EDGE('',*,*,#1498,.T.);
#2179=ORIENTED_EDGE('',*,*,#1518,.T.);
#2180=ORIENTED_EDGE('',*,*,#1514,.T.);
#2181=ORIENTED_EDGE('',*,*,#1520,.T.);
#2182=ORIENTED_EDGE('',*,*,#1507,.T.);
#2183=ORIENTED_EDGE('',*,*,#1494,.T.);
#2184=ORIENTED_EDGE('',*,*,#1497,.T.);
#2185=ORIENTED_EDGE('',*,*,#1476,.T.);
#2186=ORIENTED_EDGE('',*,*,#1607,.T.);
#2187=ORIENTED_EDGE('',*,*,#1608,.T.);
#2188=ORIENTED_EDGE('',*,*,#1609,.T.);
#2189=ORIENTED_EDGE('',*,*,#1610,.T.);
#2190=ORIENTED_EDGE('',*,*,#1479,.T.);
#2191=ORIENTED_EDGE('',*,*,#1482,.T.);
#2192=ORIENTED_EDGE('',*,*,#1484,.T.);
#2193=ORIENTED_EDGE('',*,*,#1486,.T.);
#2194=ORIENTED_EDGE('',*,*,#1449,.F.);
#2195=ORIENTED_EDGE('',*,*,#1611,.F.);
#2196=ORIENTED_EDGE('',*,*,#1612,.F.);
#2197=ORIENTED_EDGE('',*,*,#1613,.T.);
#2198=ORIENTED_EDGE('',*,*,#1472,.T.);
#2199=ORIENTED_EDGE('',*,*,#1614,.F.);
#2200=ORIENTED_EDGE('',*,*,#1607,.F.);
#2201=ORIENTED_EDGE('',*,*,#1475,.T.);
#2202=ORIENTED_EDGE('',*,*,#1534,.F.);
#2203=ORIENTED_EDGE('',*,*,#1615,.T.);
#2204=ORIENTED_EDGE('',*,*,#1616,.F.);
#2205=ORIENTED_EDGE('',*,*,#1617,.T.);
#2206=ORIENTED_EDGE('',*,*,#1525,.F.);
#2207=ORIENTED_EDGE('',*,*,#1618,.F.);
#2208=ORIENTED_EDGE('',*,*,#1619,.F.);
#2209=ORIENTED_EDGE('',*,*,#1615,.F.);
#2210=ORIENTED_EDGE('',*,*,#1620,.T.);
#2211=ORIENTED_EDGE('',*,*,#1616,.T.);
#2212=ORIENTED_EDGE('',*,*,#1621,.T.);
#2213=ORIENTED_EDGE('',*,*,#1622,.T.);
#2214=ORIENTED_EDGE('',*,*,#1623,.T.);
#2215=ORIENTED_EDGE('',*,*,#1624,.T.);
#2216=ORIENTED_EDGE('',*,*,#1620,.F.);
#2217=ORIENTED_EDGE('',*,*,#1625,.T.);
#2218=ORIENTED_EDGE('',*,*,#1626,.T.);
#2219=ORIENTED_EDGE('',*,*,#1627,.T.);
#2220=ORIENTED_EDGE('',*,*,#1623,.F.);
#2221=ORIENTED_EDGE('',*,*,#1628,.T.);
#2222=ORIENTED_EDGE('',*,*,#1621,.F.);
#2223=ORIENTED_EDGE('',*,*,#1619,.T.);
#2224=ORIENTED_EDGE('',*,*,#1626,.F.);
#2225=ORIENTED_EDGE('',*,*,#1629,.T.);
#2226=ORIENTED_EDGE('',*,*,#1622,.F.);
#2227=ORIENTED_EDGE('',*,*,#1629,.F.);
#2228=ORIENTED_EDGE('',*,*,#1628,.F.);
#2229=ORIENTED_EDGE('',*,*,#1625,.F.);
#2230=ORIENTED_EDGE('',*,*,#1630,.T.);
#2231=ORIENTED_EDGE('',*,*,#1631,.T.);
#2232=ORIENTED_EDGE('',*,*,#1632,.T.);
#2233=ORIENTED_EDGE('',*,*,#1633,.T.);
#2234=ORIENTED_EDGE('',*,*,#1634,.T.);
#2235=ORIENTED_EDGE('',*,*,#1635,.T.);
#2236=ORIENTED_EDGE('',*,*,#1636,.T.);
#2237=ORIENTED_EDGE('',*,*,#1458,.T.);
#2238=ORIENTED_EDGE('',*,*,#1637,.T.);
#2239=ORIENTED_EDGE('',*,*,#1638,.T.);
#2240=ORIENTED_EDGE('',*,*,#1639,.T.);
#2241=ORIENTED_EDGE('',*,*,#1454,.T.);
#2242=ORIENTED_EDGE('',*,*,#1640,.T.);
#2243=ORIENTED_EDGE('',*,*,#1641,.T.);
#2244=ORIENTED_EDGE('',*,*,#1642,.T.);
#2245=ORIENTED_EDGE('',*,*,#1643,.T.);
#2246=ORIENTED_EDGE('',*,*,#1644,.F.);
#2247=ORIENTED_EDGE('',*,*,#1645,.F.);
#2248=ORIENTED_EDGE('',*,*,#1646,.F.);
#2249=ORIENTED_EDGE('',*,*,#1647,.F.);
#2250=ORIENTED_EDGE('',*,*,#1648,.T.);
#2251=ORIENTED_EDGE('',*,*,#1649,.T.);
#2252=ORIENTED_EDGE('',*,*,#1650,.T.);
#2253=ORIENTED_EDGE('',*,*,#1651,.T.);
#2254=ORIENTED_EDGE('',*,*,#1652,.F.);
#2255=ORIENTED_EDGE('',*,*,#1653,.T.);
#2256=ORIENTED_EDGE('',*,*,#1654,.T.);
#2257=ORIENTED_EDGE('',*,*,#1655,.T.);
#2258=ORIENTED_EDGE('',*,*,#1655,.F.);
#2259=ORIENTED_EDGE('',*,*,#1656,.T.);
#2260=ORIENTED_EDGE('',*,*,#1657,.F.);
#2261=ORIENTED_EDGE('',*,*,#1658,.F.);
#2262=ORIENTED_EDGE('',*,*,#1659,.F.);
#2263=ORIENTED_EDGE('',*,*,#1657,.T.);
#2264=ORIENTED_EDGE('',*,*,#1660,.T.);
#2265=ORIENTED_EDGE('',*,*,#1421,.T.);
#2266=ORIENTED_EDGE('',*,*,#1651,.F.);
#2267=ORIENTED_EDGE('',*,*,#1661,.T.);
#2268=ORIENTED_EDGE('',*,*,#1662,.T.);
#2269=ORIENTED_EDGE('',*,*,#1661,.F.);
#2270=ORIENTED_EDGE('',*,*,#1662,.F.);
#2271=ORIENTED_EDGE('',*,*,#1650,.F.);
#2272=ORIENTED_EDGE('',*,*,#1663,.T.);
#2273=ORIENTED_EDGE('',*,*,#1664,.T.);
#2274=ORIENTED_EDGE('',*,*,#1663,.F.);
#2275=ORIENTED_EDGE('',*,*,#1664,.F.);
#2276=ORIENTED_EDGE('',*,*,#1649,.F.);
#2277=ORIENTED_EDGE('',*,*,#1665,.T.);
#2278=ORIENTED_EDGE('',*,*,#1666,.T.);
#2279=ORIENTED_EDGE('',*,*,#1665,.F.);
#2280=ORIENTED_EDGE('',*,*,#1666,.F.);
#2281=ORIENTED_EDGE('',*,*,#1648,.F.);
#2282=ORIENTED_EDGE('',*,*,#1667,.T.);
#2283=ORIENTED_EDGE('',*,*,#1668,.T.);
#2284=ORIENTED_EDGE('',*,*,#1667,.F.);
#2285=ORIENTED_EDGE('',*,*,#1668,.F.);
#2286=ORIENTED_EDGE('',*,*,#1632,.F.);
#2287=ORIENTED_EDGE('',*,*,#1669,.T.);
#2288=ORIENTED_EDGE('',*,*,#1670,.T.);
#2289=ORIENTED_EDGE('',*,*,#1671,.F.);
#2290=ORIENTED_EDGE('',*,*,#1631,.F.);
#2291=ORIENTED_EDGE('',*,*,#1672,.T.);
#2292=ORIENTED_EDGE('',*,*,#1673,.T.);
#2293=ORIENTED_EDGE('',*,*,#1669,.F.);
#2294=ORIENTED_EDGE('',*,*,#1630,.F.);
#2295=ORIENTED_EDGE('',*,*,#1674,.F.);
#2296=ORIENTED_EDGE('',*,*,#1675,.T.);
#2297=ORIENTED_EDGE('',*,*,#1672,.F.);
#2298=ORIENTED_EDGE('',*,*,#1675,.F.);
#2299=ORIENTED_EDGE('',*,*,#1676,.F.);
#2300=ORIENTED_EDGE('',*,*,#1670,.F.);
#2301=ORIENTED_EDGE('',*,*,#1673,.F.);
#2302=ORIENTED_EDGE('',*,*,#1425,.F.);
#2303=ORIENTED_EDGE('',*,*,#1637,.F.);
#2304=ORIENTED_EDGE('',*,*,#1457,.F.);
#2305=ORIENTED_EDGE('',*,*,#1677,.T.);
#2306=ORIENTED_EDGE('',*,*,#1678,.F.);
#2307=ORIENTED_EDGE('',*,*,#1639,.F.);
#2308=ORIENTED_EDGE('',*,*,#1679,.T.);
#2309=ORIENTED_EDGE('',*,*,#1680,.T.);
#2310=ORIENTED_EDGE('',*,*,#1455,.F.);
#2311=ORIENTED_EDGE('',*,*,#1638,.F.);
#2312=ORIENTED_EDGE('',*,*,#1678,.T.);
#2313=ORIENTED_EDGE('',*,*,#1681,.T.);
#2314=ORIENTED_EDGE('',*,*,#1679,.F.);
#2315=ORIENTED_EDGE('',*,*,#1681,.F.);
#2316=ORIENTED_EDGE('',*,*,#1677,.F.);
#2317=ORIENTED_EDGE('',*,*,#1456,.F.);
#2318=ORIENTED_EDGE('',*,*,#1680,.F.);
#2319=ORIENTED_EDGE('',*,*,#1682,.F.);
#2320=ORIENTED_EDGE('',*,*,#1683,.F.);
#2321=ORIENTED_EDGE('',*,*,#1684,.F.);
#2322=ORIENTED_EDGE('',*,*,#1685,.T.);
#2323=ORIENTED_EDGE('',*,*,#1686,.T.);
#2324=ORIENTED_EDGE('',*,*,#1685,.F.);
#2325=ORIENTED_EDGE('',*,*,#1686,.F.);
#2326=ORIENTED_EDGE('',*,*,#1687,.F.);
#2327=ORIENTED_EDGE('',*,*,#1688,.T.);
#2328=ORIENTED_EDGE('',*,*,#1689,.T.);
#2329=ORIENTED_EDGE('',*,*,#1688,.F.);
#2330=ORIENTED_EDGE('',*,*,#1689,.F.);
#2331=ORIENTED_EDGE('',*,*,#1690,.F.);
#2332=ORIENTED_EDGE('',*,*,#1691,.T.);
#2333=ORIENTED_EDGE('',*,*,#1692,.T.);
#2334=ORIENTED_EDGE('',*,*,#1691,.F.);
#2335=ORIENTED_EDGE('',*,*,#1692,.F.);
#2336=ORIENTED_EDGE('',*,*,#1693,.F.);
#2337=ORIENTED_EDGE('',*,*,#1451,.T.);
#2338=ORIENTED_EDGE('',*,*,#1694,.F.);
#2339=ORIENTED_EDGE('',*,*,#1695,.F.);
#2340=ORIENTED_EDGE('',*,*,#1696,.F.);
#2341=ORIENTED_EDGE('',*,*,#1695,.T.);
#2342=ORIENTED_EDGE('',*,*,#1697,.F.);
#2343=ORIENTED_EDGE('',*,*,#1698,.F.);
#2344=ORIENTED_EDGE('',*,*,#1699,.F.);
#2345=ORIENTED_EDGE('',*,*,#1698,.T.);
#2346=ORIENTED_EDGE('',*,*,#1700,.F.);
#2347=ORIENTED_EDGE('',*,*,#1701,.F.);
#2348=ORIENTED_EDGE('',*,*,#1702,.F.);
#2349=ORIENTED_EDGE('',*,*,#1701,.T.);
#2350=ORIENTED_EDGE('',*,*,#1703,.F.);
#2351=ORIENTED_EDGE('',*,*,#1704,.F.);
#2352=ORIENTED_EDGE('',*,*,#1705,.F.);
#2353=ORIENTED_EDGE('',*,*,#1704,.T.);
#2354=ORIENTED_EDGE('',*,*,#1706,.F.);
#2355=ORIENTED_EDGE('',*,*,#1707,.F.);
#2356=ORIENTED_EDGE('',*,*,#1708,.F.);
#2357=ORIENTED_EDGE('',*,*,#1707,.T.);
#2358=ORIENTED_EDGE('',*,*,#1709,.F.);
#2359=ORIENTED_EDGE('',*,*,#1710,.F.);
#2360=ORIENTED_EDGE('',*,*,#1711,.F.);
#2361=ORIENTED_EDGE('',*,*,#1710,.T.);
#2362=ORIENTED_EDGE('',*,*,#1712,.F.);
#2363=ORIENTED_EDGE('',*,*,#1713,.F.);
#2364=ORIENTED_EDGE('',*,*,#1714,.F.);
#2365=ORIENTED_EDGE('',*,*,#1713,.T.);
#2366=ORIENTED_EDGE('',*,*,#1715,.F.);
#2367=ORIENTED_EDGE('',*,*,#1716,.F.);
#2368=ORIENTED_EDGE('',*,*,#1717,.F.);
#2369=ORIENTED_EDGE('',*,*,#1716,.T.);
#2370=ORIENTED_EDGE('',*,*,#1718,.F.);
#2371=ORIENTED_EDGE('',*,*,#1719,.F.);
#2372=ORIENTED_EDGE('',*,*,#1720,.F.);
#2373=ORIENTED_EDGE('',*,*,#1719,.T.);
#2374=ORIENTED_EDGE('',*,*,#1721,.F.);
#2375=ORIENTED_EDGE('',*,*,#1722,.F.);
#2376=ORIENTED_EDGE('',*,*,#1723,.F.);
#2377=ORIENTED_EDGE('',*,*,#1722,.T.);
#2378=ORIENTED_EDGE('',*,*,#1724,.F.);
#2379=ORIENTED_EDGE('',*,*,#1725,.F.);
#2380=ORIENTED_EDGE('',*,*,#1726,.F.);
#2381=ORIENTED_EDGE('',*,*,#1727,.T.);
#2382=ORIENTED_EDGE('',*,*,#1728,.F.);
#2383=ORIENTED_EDGE('',*,*,#1729,.F.);
#2384=ORIENTED_EDGE('',*,*,#1730,.F.);
#2385=ORIENTED_EDGE('',*,*,#1731,.T.);
#2386=ORIENTED_EDGE('',*,*,#1732,.F.);
#2387=ORIENTED_EDGE('',*,*,#1727,.F.);
#2388=ORIENTED_EDGE('',*,*,#1733,.F.);
#2389=ORIENTED_EDGE('',*,*,#1734,.T.);
#2390=ORIENTED_EDGE('',*,*,#1735,.F.);
#2391=ORIENTED_EDGE('',*,*,#1731,.F.);
#2392=ORIENTED_EDGE('',*,*,#1736,.F.);
#2393=ORIENTED_EDGE('',*,*,#1737,.T.);
#2394=ORIENTED_EDGE('',*,*,#1738,.F.);
#2395=ORIENTED_EDGE('',*,*,#1739,.F.);
#2396=ORIENTED_EDGE('',*,*,#1740,.F.);
#2397=ORIENTED_EDGE('',*,*,#1741,.T.);
#2398=ORIENTED_EDGE('',*,*,#1742,.F.);
#2399=ORIENTED_EDGE('',*,*,#1737,.F.);
#2400=ORIENTED_EDGE('',*,*,#1743,.F.);
#2401=ORIENTED_EDGE('',*,*,#1744,.T.);
#2402=ORIENTED_EDGE('',*,*,#1745,.F.);
#2403=ORIENTED_EDGE('',*,*,#1741,.F.);
#2404=ORIENTED_EDGE('',*,*,#1746,.F.);
#2405=ORIENTED_EDGE('',*,*,#1747,.T.);
#2406=ORIENTED_EDGE('',*,*,#1748,.F.);
#2407=ORIENTED_EDGE('',*,*,#1744,.F.);
#2408=ORIENTED_EDGE('',*,*,#1749,.F.);
#2409=ORIENTED_EDGE('',*,*,#1750,.T.);
#2410=ORIENTED_EDGE('',*,*,#1751,.F.);
#2411=ORIENTED_EDGE('',*,*,#1747,.F.);
#2412=ORIENTED_EDGE('',*,*,#1752,.F.);
#2413=ORIENTED_EDGE('',*,*,#1753,.T.);
#2414=ORIENTED_EDGE('',*,*,#1754,.F.);
#2415=ORIENTED_EDGE('',*,*,#1750,.F.);
#2416=ORIENTED_EDGE('',*,*,#1693,.T.);
#2417=ORIENTED_EDGE('',*,*,#1696,.T.);
#2418=ORIENTED_EDGE('',*,*,#1699,.T.);
#2419=ORIENTED_EDGE('',*,*,#1702,.T.);
#2420=ORIENTED_EDGE('',*,*,#1705,.T.);
#2421=ORIENTED_EDGE('',*,*,#1708,.T.);
#2422=ORIENTED_EDGE('',*,*,#1711,.T.);
#2423=ORIENTED_EDGE('',*,*,#1714,.T.);
#2424=ORIENTED_EDGE('',*,*,#1717,.T.);
#2425=ORIENTED_EDGE('',*,*,#1720,.T.);
#2426=ORIENTED_EDGE('',*,*,#1723,.T.);
#2427=ORIENTED_EDGE('',*,*,#1755,.T.);
#2428=ORIENTED_EDGE('',*,*,#1756,.T.);
#2429=ORIENTED_EDGE('',*,*,#1757,.T.);
#2430=ORIENTED_EDGE('',*,*,#1758,.T.);
#2431=ORIENTED_EDGE('',*,*,#1452,.T.);
#2432=ORIENTED_EDGE('',*,*,#1684,.T.);
#2433=ORIENTED_EDGE('',*,*,#1690,.T.);
#2434=ORIENTED_EDGE('',*,*,#1736,.T.);
#2435=ORIENTED_EDGE('',*,*,#1759,.T.);
#2436=ORIENTED_EDGE('',*,*,#1760,.T.);
#2437=ORIENTED_EDGE('',*,*,#1761,.T.);
#2438=ORIENTED_EDGE('',*,*,#1752,.T.);
#2439=ORIENTED_EDGE('',*,*,#1749,.T.);
#2440=ORIENTED_EDGE('',*,*,#1746,.T.);
#2441=ORIENTED_EDGE('',*,*,#1743,.T.);
#2442=ORIENTED_EDGE('',*,*,#1740,.T.);
#2443=ORIENTED_EDGE('',*,*,#1687,.T.);
#2444=ORIENTED_EDGE('',*,*,#1674,.T.);
#2445=ORIENTED_EDGE('',*,*,#1643,.F.);
#2446=ORIENTED_EDGE('',*,*,#1762,.T.);
#2447=ORIENTED_EDGE('',*,*,#1755,.F.);
#2448=ORIENTED_EDGE('',*,*,#1725,.T.);
#2449=ORIENTED_EDGE('',*,*,#1763,.F.);
#2450=ORIENTED_EDGE('',*,*,#1753,.F.);
#2451=ORIENTED_EDGE('',*,*,#1761,.F.);
#2452=ORIENTED_EDGE('',*,*,#1764,.F.);
#2453=ORIENTED_EDGE('',*,*,#1633,.F.);
#2454=ORIENTED_EDGE('',*,*,#1671,.T.);
#2455=ORIENTED_EDGE('',*,*,#1676,.T.);
#2456=ORIENTED_EDGE('',*,*,#1635,.F.);
#2457=ORIENTED_EDGE('',*,*,#1765,.T.);
#2458=ORIENTED_EDGE('',*,*,#1759,.F.);
#2459=ORIENTED_EDGE('',*,*,#1739,.T.);
#2460=ORIENTED_EDGE('',*,*,#1766,.F.);
#2461=ORIENTED_EDGE('',*,*,#1422,.F.);
#2462=ORIENTED_EDGE('',*,*,#1660,.F.);
#2463=ORIENTED_EDGE('',*,*,#1656,.F.);
#2464=ORIENTED_EDGE('',*,*,#1654,.F.);
#2465=ORIENTED_EDGE('',*,*,#1767,.F.);
#2466=ORIENTED_EDGE('',*,*,#1768,.F.);
#2467=ORIENTED_EDGE('',*,*,#1769,.F.);
#2468=ORIENTED_EDGE('',*,*,#1756,.F.);
#2469=ORIENTED_EDGE('',*,*,#1762,.F.);
#2470=ORIENTED_EDGE('',*,*,#1642,.F.);
#2471=ORIENTED_EDGE('',*,*,#1770,.T.);
#2472=ORIENTED_EDGE('',*,*,#1757,.F.);
#2473=ORIENTED_EDGE('',*,*,#1770,.F.);
#2474=ORIENTED_EDGE('',*,*,#1641,.F.);
#2475=ORIENTED_EDGE('',*,*,#1771,.T.);
#2476=ORIENTED_EDGE('',*,*,#1758,.F.);
#2477=ORIENTED_EDGE('',*,*,#1771,.F.);
#2478=ORIENTED_EDGE('',*,*,#1640,.F.);
#2479=ORIENTED_EDGE('',*,*,#1453,.T.);
#2480=ORIENTED_EDGE('',*,*,#1772,.F.);
#2481=ORIENTED_EDGE('',*,*,#1459,.F.);
#2482=ORIENTED_EDGE('',*,*,#1636,.F.);
#2483=ORIENTED_EDGE('',*,*,#1769,.T.);
#2484=ORIENTED_EDGE('',*,*,#1760,.F.);
#2485=ORIENTED_EDGE('',*,*,#1765,.F.);
#2486=ORIENTED_EDGE('',*,*,#1634,.F.);
#2487=ORIENTED_EDGE('',*,*,#1764,.T.);
#2488=ORIENTED_EDGE('',*,*,#1611,.T.);
#2489=ORIENTED_EDGE('',*,*,#1460,.T.);
#2490=ORIENTED_EDGE('',*,*,#1772,.T.);
#2491=ORIENTED_EDGE('',*,*,#1768,.T.);
#2492=ORIENTED_EDGE('',*,*,#1773,.T.);
#2493=ORIENTED_EDGE('',*,*,#1733,.T.);
#2494=ORIENTED_EDGE('',*,*,#1730,.T.);
#2495=ORIENTED_EDGE('',*,*,#1726,.T.);
#2496=ORIENTED_EDGE('',*,*,#1774,.T.);
#2497=ORIENTED_EDGE('',*,*,#1775,.T.);
#2498=ORIENTED_EDGE('',*,*,#1398,.T.);
#2499=ORIENTED_EDGE('',*,*,#1424,.F.);
#2500=ORIENTED_EDGE('',*,*,#1776,.T.);
#2501=ORIENTED_EDGE('',*,*,#1777,.F.);
#2502=ORIENTED_EDGE('',*,*,#1604,.F.);
#2503=ORIENTED_EDGE('',*,*,#1417,.T.);
#2504=ORIENTED_EDGE('',*,*,#1529,.F.);
#2505=ORIENTED_EDGE('',*,*,#1778,.F.);
#2506=ORIENTED_EDGE('',*,*,#1627,.F.);
#2507=ORIENTED_EDGE('',*,*,#1618,.T.);
#2508=ORIENTED_EDGE('',*,*,#1532,.F.);
#2509=ORIENTED_EDGE('',*,*,#1617,.F.);
#2510=ORIENTED_EDGE('',*,*,#1624,.F.);
#2511=ORIENTED_EDGE('',*,*,#1778,.T.);
#2512=ORIENTED_EDGE('',*,*,#1774,.F.);
#2513=ORIENTED_EDGE('',*,*,#1729,.T.);
#2514=ORIENTED_EDGE('',*,*,#1779,.F.);
#2515=ORIENTED_EDGE('',*,*,#1612,.T.);
#2516=ORIENTED_EDGE('',*,*,#1779,.T.);
#2517=ORIENTED_EDGE('',*,*,#1728,.T.);
#2518=ORIENTED_EDGE('',*,*,#1732,.T.);
#2519=ORIENTED_EDGE('',*,*,#1735,.T.);
#2520=ORIENTED_EDGE('',*,*,#1780,.T.);
#2521=ORIENTED_EDGE('',*,*,#1776,.F.);
#2522=ORIENTED_EDGE('',*,*,#1423,.F.);
#2523=ORIENTED_EDGE('',*,*,#1766,.T.);
#2524=ORIENTED_EDGE('',*,*,#1738,.T.);
#2525=ORIENTED_EDGE('',*,*,#1742,.T.);
#2526=ORIENTED_EDGE('',*,*,#1745,.T.);
#2527=ORIENTED_EDGE('',*,*,#1748,.T.);
#2528=ORIENTED_EDGE('',*,*,#1751,.T.);
#2529=ORIENTED_EDGE('',*,*,#1754,.T.);
#2530=ORIENTED_EDGE('',*,*,#1763,.T.);
#2531=ORIENTED_EDGE('',*,*,#1724,.T.);
#2532=ORIENTED_EDGE('',*,*,#1721,.T.);
#2533=ORIENTED_EDGE('',*,*,#1718,.T.);
#2534=ORIENTED_EDGE('',*,*,#1715,.T.);
#2535=ORIENTED_EDGE('',*,*,#1712,.T.);
#2536=ORIENTED_EDGE('',*,*,#1709,.T.);
#2537=ORIENTED_EDGE('',*,*,#1706,.T.);
#2538=ORIENTED_EDGE('',*,*,#1703,.T.);
#2539=ORIENTED_EDGE('',*,*,#1700,.T.);
#2540=ORIENTED_EDGE('',*,*,#1697,.T.);
#2541=ORIENTED_EDGE('',*,*,#1694,.T.);
#2542=ORIENTED_EDGE('',*,*,#1450,.T.);
#2543=ORIENTED_EDGE('',*,*,#1613,.F.);
#2544=ORIENTED_EDGE('',*,*,#1775,.F.);
#2545=ORIENTED_EDGE('',*,*,#1781,.T.);
#2546=ORIENTED_EDGE('',*,*,#1683,.T.);
#2547=ORIENTED_EDGE('',*,*,#1781,.F.);
#2548=ORIENTED_EDGE('',*,*,#1471,.T.);
#2549=ORIENTED_EDGE('',*,*,#1782,.F.);
#2550=ORIENTED_EDGE('',*,*,#1608,.F.);
#2551=ORIENTED_EDGE('',*,*,#1614,.T.);
#2552=ORIENTED_EDGE('',*,*,#1470,.T.);
#2553=ORIENTED_EDGE('',*,*,#1783,.F.);
#2554=ORIENTED_EDGE('',*,*,#1609,.F.);
#2555=ORIENTED_EDGE('',*,*,#1782,.T.);
#2556=ORIENTED_EDGE('',*,*,#1469,.T.);
#2557=ORIENTED_EDGE('',*,*,#1480,.F.);
#2558=ORIENTED_EDGE('',*,*,#1610,.F.);
#2559=ORIENTED_EDGE('',*,*,#1783,.T.);
#2560=ORIENTED_EDGE('',*,*,#1682,.T.);
#2561=ORIENTED_EDGE('',*,*,#1784,.T.);
#2562=ORIENTED_EDGE('',*,*,#1461,.T.);
#2563=ORIENTED_EDGE('',*,*,#1784,.F.);
#2564=ORIENTED_EDGE('',*,*,#1644,.T.);
#2565=ORIENTED_EDGE('',*,*,#1785,.T.);
#2566=ORIENTED_EDGE('',*,*,#1600,.F.);
#2567=ORIENTED_EDGE('',*,*,#1785,.F.);
#2568=ORIENTED_EDGE('',*,*,#1645,.T.);
#2569=ORIENTED_EDGE('',*,*,#1786,.T.);
#2570=ORIENTED_EDGE('',*,*,#1601,.F.);
#2571=ORIENTED_EDGE('',*,*,#1786,.F.);
#2572=ORIENTED_EDGE('',*,*,#1646,.T.);
#2573=ORIENTED_EDGE('',*,*,#1787,.T.);
#2574=ORIENTED_EDGE('',*,*,#1602,.F.);
#2575=ORIENTED_EDGE('',*,*,#1787,.F.);
#2576=ORIENTED_EDGE('',*,*,#1647,.T.);
#2577=ORIENTED_EDGE('',*,*,#1788,.T.);
#2578=ORIENTED_EDGE('',*,*,#1603,.F.);
#2579=ORIENTED_EDGE('',*,*,#1788,.F.);
#2580=ORIENTED_EDGE('',*,*,#1653,.F.);
#2581=ORIENTED_EDGE('',*,*,#1789,.T.);
#2582=ORIENTED_EDGE('',*,*,#1605,.F.);
#2583=ORIENTED_EDGE('',*,*,#1777,.T.);
#2584=ORIENTED_EDGE('',*,*,#1780,.F.);
#2585=ORIENTED_EDGE('',*,*,#1734,.F.);
#2586=ORIENTED_EDGE('',*,*,#1773,.F.);
#2587=ORIENTED_EDGE('',*,*,#1767,.T.);
#2588=ORIENTED_EDGE('',*,*,#1789,.F.);
#2589=ORIENTED_EDGE('',*,*,#1652,.T.);
#2590=ORIENTED_EDGE('',*,*,#1658,.T.);
#2591=ORIENTED_EDGE('',*,*,#1659,.T.);
#2592=ORIENTED_EDGE('',*,*,#1420,.T.);
#2593=ORIENTED_EDGE('',*,*,#1606,.F.);
#2594=PLANE('',#2857);
#2595=PLANE('',#2859);
#2596=PLANE('',#2862);
#2597=PLANE('',#2863);
#2598=PLANE('',#2866);
#2599=PLANE('',#2867);
#2600=PLANE('',#2868);
#2601=PLANE('',#2869);
#2602=PLANE('',#2870);
#2603=PLANE('',#2874);
#2604=PLANE('',#2875);
#2605=PLANE('',#2876);
#2606=PLANE('',#2880);
#2607=PLANE('',#2881);
#2608=PLANE('',#2886);
#2609=PLANE('',#2887);
#2610=PLANE('',#2888);
#2611=PLANE('',#2890);
#2612=PLANE('',#2891);
#2613=PLANE('',#2892);
#2614=PLANE('',#2893);
#2615=PLANE('',#2894);
#2616=PLANE('',#2895);
#2617=PLANE('',#2896);
#2618=PLANE('',#2897);
#2619=PLANE('',#2898);
#2620=PLANE('',#2899);
#2621=PLANE('',#2900);
#2622=PLANE('',#2904);
#2623=PLANE('',#2920);
#2624=PLANE('',#2928);
#2625=PLANE('',#2933);
#2626=PLANE('',#2937);
#2627=PLANE('',#2941);
#2628=PLANE('',#2974);
#2629=PLANE('',#2975);
#2630=PLANE('',#2976);
#2631=PLANE('',#2977);
#2632=PLANE('',#2990);
#2633=PLANE('',#2992);
#2634=PLANE('',#2994);
#2635=PLANE('',#2996);
#2636=PLANE('',#2998);
#2637=PLANE('',#3002);
#2638=PLANE('',#3007);
#2639=PLANE('',#3022);
#2640=PLANE('',#3023);
#2641=PLANE('',#3024);
#2642=PLANE('',#3027);
#2643=PLANE('',#3030);
#2644=PLANE('',#3033);
#2645=PLANE('',#3036);
#2646=PLANE('',#3037);
#2647=PLANE('',#3040);
#2648=PLANE('',#3041);
#2649=PLANE('',#3042);
#2650=PLANE('',#3043);
#2651=PLANE('',#3046);
#2652=PLANE('',#3048);
#2653=PLANE('',#3053);
#2654=PLANE('',#3057);
#2655=PLANE('',#3061);
#2656=PLANE('',#3065);
#2657=PLANE('',#3069);
#2658=PLANE('',#3073);
#2659=PLANE('',#3077);
#2660=PLANE('',#3081);
#2661=PLANE('',#3088);
#2662=PLANE('',#3092);
#2663=PLANE('',#3096);
#2664=PLANE('',#3100);
#2665=PLANE('',#3104);
#2666=PLANE('',#3107);
#2667=PLANE('',#3109);
#2668=PLANE('',#3110);
#2669=PLANE('',#3112);
#2670=PLANE('',#3117);
#2671=PLANE('',#3119);
#2672=PLANE('',#3120);
#2673=PLANE('',#3121);
#2674=PLANE('',#3123);
#2675=PLANE('',#3124);
#2676=PLANE('',#3125);
#2677=PLANE('',#3131);
#2678=PLANE('',#3132);
#2679=ADVANCED_FACE('',(#142),#2594,.F.);
#2680=ADVANCED_FACE('',(#143),#2595,.F.);
#2681=ADVANCED_FACE('',(#144),#93,.F.);
#2682=ADVANCED_FACE('',(#145),#2596,.F.);
#2683=ADVANCED_FACE('',(#146),#2597,.F.);
#2684=ADVANCED_FACE('',(#147),#2598,.F.);
#2685=ADVANCED_FACE('',(#148),#2599,.F.);
#2686=ADVANCED_FACE('',(#149),#2600,.F.);
#2687=ADVANCED_FACE('',(#150),#2601,.F.);
#2688=ADVANCED_FACE('',(#151),#2602,.T.);
#2689=ADVANCED_FACE('',(#152),#94,.F.);
#2690=ADVANCED_FACE('',(#153),#2603,.F.);
#2691=ADVANCED_FACE('',(#154),#2604,.F.);
#2692=ADVANCED_FACE('',(#155),#2605,.F.);
#2693=ADVANCED_FACE('',(#156),#95,.T.);
#2694=ADVANCED_FACE('',(#157),#2606,.F.);
#2695=ADVANCED_FACE('',(#158),#2607,.F.);
#2696=ADVANCED_FACE('',(#159),#96,.T.);
#2697=ADVANCED_FACE('',(#160),#2608,.T.);
#2698=ADVANCED_FACE('',(#161),#2609,.F.);
#2699=ADVANCED_FACE('',(#162),#2610,.F.);
#2700=ADVANCED_FACE('',(#163),#2611,.F.);
#2701=ADVANCED_FACE('',(#164),#2612,.F.);
#2702=ADVANCED_FACE('',(#165),#2613,.F.);
#2703=ADVANCED_FACE('',(#166),#2614,.F.);
#2704=ADVANCED_FACE('',(#167),#2615,.F.);
#2705=ADVANCED_FACE('',(#168),#2616,.F.);
#2706=ADVANCED_FACE('',(#169),#2617,.F.);
#2707=ADVANCED_FACE('',(#170),#2618,.F.);
#2708=ADVANCED_FACE('',(#171),#2619,.F.);
#2709=ADVANCED_FACE('',(#172),#2620,.F.);
#2710=ADVANCED_FACE('',(#173),#2621,.F.);
#2711=ADVANCED_FACE('',(#174),#97,.F.);
#2712=ADVANCED_FACE('',(#175),#2622,.F.);
#2713=ADVANCED_FACE('',(#176),#98,.F.);
#2714=ADVANCED_FACE('',(#177),#99,.T.);
#2715=ADVANCED_FACE('',(#178),#100,.T.);
#2716=ADVANCED_FACE('',(#179),#101,.T.);
#2717=ADVANCED_FACE('',(#180),#102,.F.);
#2718=ADVANCED_FACE('',(#181),#2623,.T.);
#2719=ADVANCED_FACE('',(#182),#103,.F.);
#2720=ADVANCED_FACE('',(#183),#84,.T.);
#2721=ADVANCED_FACE('',(#184),#85,.T.);
#2722=ADVANCED_FACE('',(#185),#86,.T.);
#2723=ADVANCED_FACE('',(#186),#87,.T.);
#2724=ADVANCED_FACE('',(#187),#56,.T.);
#2725=ADVANCED_FACE('',(#188),#57,.T.);
#2726=ADVANCED_FACE('',(#189),#58,.T.);
#2727=ADVANCED_FACE('',(#190),#59,.T.);
#2728=ADVANCED_FACE('',(#191),#44,.F.);
#2729=ADVANCED_FACE('',(#192),#2624,.T.);
#2730=ADVANCED_FACE('',(#193),#45,.F.);
#2731=ADVANCED_FACE('',(#194),#2625,.T.);
#2732=ADVANCED_FACE('',(#195),#46,.F.);
#2733=ADVANCED_FACE('',(#196),#2626,.T.);
#2734=ADVANCED_FACE('',(#197),#47,.F.);
#2735=ADVANCED_FACE('',(#198),#2627,.T.);
#2736=ADVANCED_FACE('',(#199),#60,.T.);
#2737=ADVANCED_FACE('',(#200),#48,.F.);
#2738=ADVANCED_FACE('',(#201),#104,.F.);
#2739=ADVANCED_FACE('',(#202),#61,.T.);
#2740=ADVANCED_FACE('',(#203),#49,.F.);
#2741=ADVANCED_FACE('',(#204),#62,.T.);
#2742=ADVANCED_FACE('',(#205),#50,.F.);
#2743=ADVANCED_FACE('',(#206),#105,.F.);
#2744=ADVANCED_FACE('',(#207),#63,.T.);
#2745=ADVANCED_FACE('',(#208),#51,.F.);
#2746=ADVANCED_FACE('',(#209),#106,.F.);
#2747=ADVANCED_FACE('',(#210),#2628,.T.);
#2748=ADVANCED_FACE('',(#211),#2629,.T.);
#2749=ADVANCED_FACE('',(#212),#2630,.T.);
#2750=ADVANCED_FACE('',(#213),#2631,.T.);
#2751=ADVANCED_FACE('',(#214),#107,.F.);
#2752=ADVANCED_FACE('',(#215),#108,.F.);
#2753=ADVANCED_FACE('',(#216),#109,.F.);
#2754=ADVANCED_FACE('',(#217),#110,.F.);
#2755=ADVANCED_FACE('',(#218,#14),#2632,.F.);
#2756=ADVANCED_FACE('',(#219,#15),#2633,.F.);
#2757=ADVANCED_FACE('',(#220,#16),#2634,.F.);
#2758=ADVANCED_FACE('',(#221,#17),#2635,.F.);
#2759=ADVANCED_FACE('',(#222,#18,#19,#20,#21,#22,#23,#24,#25,#26,#27,#28),
#2636,.T.);
#2760=ADVANCED_FACE('',(#223),#111,.F.);
#2761=ADVANCED_FACE('',(#224),#2637,.F.);
#2762=ADVANCED_FACE('',(#225),#64,.T.);
#2763=ADVANCED_FACE('',(#226),#65,.T.);
#2764=ADVANCED_FACE('',(#227),#88,.F.);
#2765=ADVANCED_FACE('',(#228),#89,.F.);
#2766=ADVANCED_FACE('',(#229),#90,.F.);
#2767=ADVANCED_FACE('',(#230),#91,.F.);
#2768=ADVANCED_FACE('',(#231,#29,#30,#31,#32,#33,#34,#35,#36,#37),#2638,
 .T.);
#2769=ADVANCED_FACE('',(#232),#2639,.T.);
#2770=ADVANCED_FACE('',(#233),#2640,.T.);
#2771=ADVANCED_FACE('',(#234),#2641,.T.);
#2772=ADVANCED_FACE('',(#235),#112,.F.);
#2773=ADVANCED_FACE('',(#236),#2642,.T.);
#2774=ADVANCED_FACE('',(#237),#113,.F.);
#2775=ADVANCED_FACE('',(#238),#2643,.T.);
#2776=ADVANCED_FACE('',(#239),#114,.F.);
#2777=ADVANCED_FACE('',(#240),#2644,.T.);
#2778=ADVANCED_FACE('',(#241),#115,.F.);
#2779=ADVANCED_FACE('',(#242),#2645,.T.);
#2780=ADVANCED_FACE('',(#243),#2646,.F.);
#2781=ADVANCED_FACE('',(#244),#116,.F.);
#2782=ADVANCED_FACE('',(#245),#2647,.F.);
#2783=ADVANCED_FACE('',(#246,#38),#2648,.T.);
#2784=ADVANCED_FACE('',(#247),#2649,.F.);
#2785=ADVANCED_FACE('',(#248),#2650,.F.);
#2786=ADVANCED_FACE('',(#249),#117,.F.);
#2787=ADVANCED_FACE('',(#250,#39),#2651,.T.);
#2788=ADVANCED_FACE('',(#251),#2652,.T.);
#2789=ADVANCED_FACE('',(#252),#118,.F.);
#2790=ADVANCED_FACE('',(#253),#2653,.T.);
#2791=ADVANCED_FACE('',(#254),#119,.F.);
#2792=ADVANCED_FACE('',(#255),#2654,.T.);
#2793=ADVANCED_FACE('',(#256),#120,.F.);
#2794=ADVANCED_FACE('',(#257),#2655,.T.);
#2795=ADVANCED_FACE('',(#258),#121,.F.);
#2796=ADVANCED_FACE('',(#259),#2656,.F.);
#2797=ADVANCED_FACE('',(#260),#122,.T.);
#2798=ADVANCED_FACE('',(#261),#2657,.F.);
#2799=ADVANCED_FACE('',(#262),#123,.F.);
#2800=ADVANCED_FACE('',(#263),#2658,.F.);
#2801=ADVANCED_FACE('',(#264),#124,.F.);
#2802=ADVANCED_FACE('',(#265),#2659,.F.);
#2803=ADVANCED_FACE('',(#266),#125,.T.);
#2804=ADVANCED_FACE('',(#267),#2660,.F.);
#2805=ADVANCED_FACE('',(#268),#126,.F.);
#2806=ADVANCED_FACE('',(#269),#127,.T.);
#2807=ADVANCED_FACE('',(#270),#2661,.F.);
#2808=ADVANCED_FACE('',(#271),#128,.F.);
#2809=ADVANCED_FACE('',(#272),#2662,.F.);
#2810=ADVANCED_FACE('',(#273),#129,.F.);
#2811=ADVANCED_FACE('',(#274),#2663,.F.);
#2812=ADVANCED_FACE('',(#275),#130,.T.);
#2813=ADVANCED_FACE('',(#276),#2664,.F.);
#2814=ADVANCED_FACE('',(#277),#131,.F.);
#2815=ADVANCED_FACE('',(#278,#40,#41),#2665,.F.);
#2816=ADVANCED_FACE('',(#279,#42),#2666,.F.);
#2817=ADVANCED_FACE('',(#280),#2667,.F.);
#2818=ADVANCED_FACE('',(#281),#2668,.F.);
#2819=ADVANCED_FACE('',(#282),#132,.F.);
#2820=ADVANCED_FACE('',(#283),#2669,.F.);
#2821=ADVANCED_FACE('',(#284),#133,.F.);
#2822=ADVANCED_FACE('',(#285),#134,.F.);
#2823=ADVANCED_FACE('',(#286),#135,.F.);
#2824=ADVANCED_FACE('',(#287,#43),#2670,.F.);
#2825=ADVANCED_FACE('',(#288),#2671,.T.);
#2826=ADVANCED_FACE('',(#289),#66,.T.);
#2827=ADVANCED_FACE('',(#290),#67,.T.);
#2828=ADVANCED_FACE('',(#291),#2672,.F.);
#2829=ADVANCED_FACE('',(#292),#2673,.F.);
#2830=ADVANCED_FACE('',(#293),#136,.F.);
#2831=ADVANCED_FACE('',(#294),#2674,.F.);
#2832=ADVANCED_FACE('',(#295),#2675,.F.);
#2833=ADVANCED_FACE('',(#296),#2676,.F.);
#2834=ADVANCED_FACE('',(#297),#137,.F.);
#2835=ADVANCED_FACE('',(#298),#138,.F.);
#2836=ADVANCED_FACE('',(#299),#139,.F.);
#2837=ADVANCED_FACE('',(#300),#140,.F.);
#2838=ADVANCED_FACE('',(#301),#141,.F.);
#2839=ADVANCED_FACE('',(#302),#2677,.T.);
#2840=ADVANCED_FACE('',(#303),#2678,.T.);
#2841=CLOSED_SHELL('',(#2679,#2680,#2681,#2682));
#2842=CLOSED_SHELL('',(#2683,#2684,#2685,#2686,#2687,#2688,#2689,#2690,
#2691,#2692,#2693,#2694,#2695,#2696,#2697,#2698,#2699,#2700,#2701,#2702,
#2703,#2704,#2705,#2706,#2707,#2708,#2709,#2710,#2711,#2712,#2713,#2714,
#2715,#2716,#2717,#2718,#2719,#2720,#2721,#2722,#2723,#2724,#2725,#2726,
#2727,#2728,#2729,#2730,#2731,#2732,#2733,#2734,#2735,#2736,#2737,#2738,
#2739,#2740,#2741,#2742,#2743,#2744,#2745,#2746,#2747,#2748,#2749,#2750,
#2751,#2752,#2753,#2754,#2755,#2756,#2757,#2758,#2759,#2760,#2761,#2762,
#2763,#2764,#2765,#2766,#2767,#2768,#2769,#2770,#2771,#2772,#2773,#2774,
#2775,#2776,#2777,#2778,#2779,#2780,#2781,#2782,#2783,#2784,#2785,#2786,
#2787,#2788,#2789,#2790,#2791,#2792,#2793,#2794,#2795,#2796,#2797,#2798,
#2799,#2800,#2801,#2802,#2803,#2804,#2805,#2806,#2807,#2808,#2809,#2810,
#2811,#2812,#2813,#2814,#2815,#2816,#2817,#2818,#2819,#2820,#2821,#2822,
#2823,#2824,#2825,#2826,#2827,#2828,#2829,#2830,#2831,#2832,#2833,#2834,
#2835,#2836,#2837,#2838,#2839,#2840));
#2843=BREP_WITH_VOIDS('3-Watt Speaker Chamber',#2842,(#92));
#2844=DERIVED_UNIT_ELEMENT(#2846,1.);
#2845=DERIVED_UNIT_ELEMENT(#5719,-3.);
#2846=(
MASS_UNIT()
NAMED_UNIT(*)
SI_UNIT(.KILO.,.GRAM.)
);
#2847=DERIVED_UNIT((#2844,#2845));
#2848=MEASURE_REPRESENTATION_ITEM('density measure',
POSITIVE_RATIO_MEASURE(7850.),#2847);
#2849=PROPERTY_DEFINITION_REPRESENTATION(#2854,#2851);
#2850=PROPERTY_DEFINITION_REPRESENTATION(#2855,#2852);
#2851=REPRESENTATION('material name',(#2853),#5716);
#2852=REPRESENTATION('density',(#2848),#5716);
#2853=DESCRIPTIVE_REPRESENTATION_ITEM('Steel','Steel');
#2854=PROPERTY_DEFINITION('material property','material name',#5726);
#2855=PROPERTY_DEFINITION('material property','density of part',#5726);
#2856=AXIS2_PLACEMENT_3D('',#3935,#3133,#3134);
#2857=AXIS2_PLACEMENT_3D('',#3936,#3135,#3136);
#2858=AXIS2_PLACEMENT_3D('',#3939,#3137,#3138);
#2859=AXIS2_PLACEMENT_3D('',#3941,#3140,#3141);
#2860=AXIS2_PLACEMENT_3D('',#3947,#3145,#3146);
#2861=AXIS2_PLACEMENT_3D('',#3948,#3147,#3148);
#2862=AXIS2_PLACEMENT_3D('',#3949,#3149,#3150);
#2863=AXIS2_PLACEMENT_3D('',#3950,#3151,#3152);
#2864=AXIS2_PLACEMENT_3D('',#3953,#3153,#3154);
#2865=AXIS2_PLACEMENT_3D('',#3968,#3162,#3163);
#2866=AXIS2_PLACEMENT_3D('',#3969,#3164,#3165);
#2867=AXIS2_PLACEMENT_3D('',#3988,#3176,#3177);
#2868=AXIS2_PLACEMENT_3D('',#3992,#3180,#3181);
#2869=AXIS2_PLACEMENT_3D('',#3998,#3185,#3186);
#2870=AXIS2_PLACEMENT_3D('',#4000,#3188,#3189);
#2871=AXIS2_PLACEMENT_3D('',#4012,#3196,#3197);
#2872=AXIS2_PLACEMENT_3D('',#4014,#3198,#3199);
#2873=AXIS2_PLACEMENT_3D('',#4016,#3201,#3202);
#2874=AXIS2_PLACEMENT_3D('',#4017,#3203,#3204);
#2875=AXIS2_PLACEMENT_3D('',#4026,#3209,#3210);
#2876=AXIS2_PLACEMENT_3D('',#4032,#3214,#3215);
#2877=AXIS2_PLACEMENT_3D('',#4038,#3219,#3220);
#2878=AXIS2_PLACEMENT_3D('',#4040,#3221,#3222);
#2879=AXIS2_PLACEMENT_3D('',#4043,#3224,#3225);
#2880=AXIS2_PLACEMENT_3D('',#4044,#3226,#3227);
#2881=AXIS2_PLACEMENT_3D('',#4047,#3230,#3231);
#2882=AXIS2_PLACEMENT_3D('',#4053,#3235,#3236);
#2883=AXIS2_PLACEMENT_3D('',#4055,#3237,#3238);
#2884=AXIS2_PLACEMENT_3D('',#4056,#3239,#3240);
#2885=AXIS2_PLACEMENT_3D('',#4057,#3241,#3242);
#2886=AXIS2_PLACEMENT_3D('',#4058,#3243,#3244);
#2887=AXIS2_PLACEMENT_3D('',#4059,#3245,#3246);
#2888=AXIS2_PLACEMENT_3D('',#4084,#3259,#3260);
#2889=AXIS2_PLACEMENT_3D('',#4086,#3261,#3262);
#2890=AXIS2_PLACEMENT_3D('',#4087,#3263,#3264);
#2891=AXIS2_PLACEMENT_3D('',#4088,#3265,#3266);
#2892=AXIS2_PLACEMENT_3D('',#4115,#3280,#3281);
#2893=AXIS2_PLACEMENT_3D('',#4121,#3285,#3286);
#2894=AXIS2_PLACEMENT_3D('',#4127,#3290,#3291);
#2895=AXIS2_PLACEMENT_3D('',#4131,#3294,#3295);
#2896=AXIS2_PLACEMENT_3D('',#4135,#3298,#3299);
#2897=AXIS2_PLACEMENT_3D('',#4139,#3302,#3303);
#2898=AXIS2_PLACEMENT_3D('',#4147,#3308,#3309);
#2899=AXIS2_PLACEMENT_3D('',#4151,#3312,#3313);
#2900=AXIS2_PLACEMENT_3D('',#4159,#3318,#3319);
#2901=AXIS2_PLACEMENT_3D('',#4161,#3321,#3322);
#2902=AXIS2_PLACEMENT_3D('',#4164,#3323,#3324);
#2903=AXIS2_PLACEMENT_3D('',#4168,#3326,#3327);
#2904=AXIS2_PLACEMENT_3D('',#4170,#3329,#3330);
#2905=AXIS2_PLACEMENT_3D('',#4176,#3334,#3335);
#2906=AXIS2_PLACEMENT_3D('',#4177,#3336,#3337);
#2907=AXIS2_PLACEMENT_3D('',#4178,#3338,#3339);
#2908=AXIS2_PLACEMENT_3D('',#4179,#3340,#3341);
#2909=AXIS2_PLACEMENT_3D('',#4181,#3342,#3343);
#2910=AXIS2_PLACEMENT_3D('',#4186,#3346,#3347);
#2911=AXIS2_PLACEMENT_3D('',#4187,#3348,#3349);
#2912=AXIS2_PLACEMENT_3D('',#4189,#3350,#3351);
#2913=AXIS2_PLACEMENT_3D('',#4192,#3353,#3354);
#2914=AXIS2_PLACEMENT_3D('',#4193,#3355,#3356);
#2915=AXIS2_PLACEMENT_3D('',#4196,#3357,#3358);
#2916=AXIS2_PLACEMENT_3D('',#4199,#3360,#3361);
#2917=AXIS2_PLACEMENT_3D('',#4201,#3363,#3364);
#2918=AXIS2_PLACEMENT_3D('',#4202,#3365,#3366);
#2919=AXIS2_PLACEMENT_3D('',#4203,#3367,#3368);
#2920=AXIS2_PLACEMENT_3D('',#4204,#3369,#3370);
#2921=AXIS2_PLACEMENT_3D('',#4205,#3371,#3372);
#2922=AXIS2_PLACEMENT_3D('',#4206,#3373,#3374);
#2923=AXIS2_PLACEMENT_3D('',#4208,#3375,#3376);
#2924=AXIS2_PLACEMENT_3D('',#4209,#3377,#3378);
#2925=AXIS2_PLACEMENT_3D('',#4458,#3387,#3388);
#2926=AXIS2_PLACEMENT_3D('',#4460,#3389,#3390);
#2927=AXIS2_PLACEMENT_3D('',#4463,#3392,#3393);
#2928=AXIS2_PLACEMENT_3D('',#4464,#3394,#3395);
#2929=AXIS2_PLACEMENT_3D('',#4465,#3396,#3397);
#2930=AXIS2_PLACEMENT_3D('',#4467,#3398,#3399);
#2931=AXIS2_PLACEMENT_3D('',#4470,#3401,#3402);
#2932=AXIS2_PLACEMENT_3D('',#4471,#3403,#3404);
#2933=AXIS2_PLACEMENT_3D('',#4472,#3405,#3406);
#2934=AXIS2_PLACEMENT_3D('',#4473,#3407,#3408);
#2935=AXIS2_PLACEMENT_3D('',#4475,#3409,#3410);
#2936=AXIS2_PLACEMENT_3D('',#4477,#3412,#3413);
#2937=AXIS2_PLACEMENT_3D('',#4478,#3414,#3415);
#2938=AXIS2_PLACEMENT_3D('',#4479,#3416,#3417);
#2939=AXIS2_PLACEMENT_3D('',#4481,#3418,#3419);
#2940=AXIS2_PLACEMENT_3D('',#4484,#3421,#3422);
#2941=AXIS2_PLACEMENT_3D('',#4485,#3423,#3424);
#2942=AXIS2_PLACEMENT_3D('',#4515,#3425,#3426);
#2943=AXIS2_PLACEMENT_3D('',#4517,#3427,#3428);
#2944=AXIS2_PLACEMENT_3D('',#4519,#3429,#3430);
#2945=AXIS2_PLACEMENT_3D('',#4520,#3431,#3432);
#2946=AXIS2_PLACEMENT_3D('',#4521,#3433,#3434);
#2947=AXIS2_PLACEMENT_3D('',#4522,#3435,#3436);
#2948=AXIS2_PLACEMENT_3D('',#4524,#3437,#3438);
#2949=AXIS2_PLACEMENT_3D('',#4526,#3440,#3441);
#2950=AXIS2_PLACEMENT_3D('',#4528,#3442,#3443);
#2951=AXIS2_PLACEMENT_3D('',#4558,#3445,#3446);
#2952=AXIS2_PLACEMENT_3D('',#4560,#3447,#3448);
#2953=AXIS2_PLACEMENT_3D('',#4561,#3449,#3450);
#2954=AXIS2_PLACEMENT_3D('',#4562,#3451,#3452);
#2955=AXIS2_PLACEMENT_3D('',#4564,#3453,#3454);
#2956=AXIS2_PLACEMENT_3D('',#4595,#3456,#3457);
#2957=AXIS2_PLACEMENT_3D('',#4597,#3458,#3459);
#2958=AXIS2_PLACEMENT_3D('',#4599,#3460,#3461);
#2959=AXIS2_PLACEMENT_3D('',#4600,#3462,#3463);
#2960=AXIS2_PLACEMENT_3D('',#4601,#3464,#3465);
#2961=AXIS2_PLACEMENT_3D('',#4602,#3466,#3467);
#2962=AXIS2_PLACEMENT_3D('',#4604,#3468,#3469);
#2963=AXIS2_PLACEMENT_3D('',#4606,#3471,#3472);
#2964=AXIS2_PLACEMENT_3D('',#4608,#3473,#3474);
#2965=AXIS2_PLACEMENT_3D('',#4639,#3476,#3477);
#2966=AXIS2_PLACEMENT_3D('',#4641,#3478,#3479);
#2967=AXIS2_PLACEMENT_3D('',#4643,#3480,#3481);
#2968=AXIS2_PLACEMENT_3D('',#4644,#3482,#3483);
#2969=AXIS2_PLACEMENT_3D('',#4645,#3484,#3485);
#2970=AXIS2_PLACEMENT_3D('',#4646,#3486,#3487);
#2971=AXIS2_PLACEMENT_3D('',#4648,#3488,#3489);
#2972=AXIS2_PLACEMENT_3D('',#4650,#3491,#3492);
#2973=AXIS2_PLACEMENT_3D('',#4652,#3493,#3494);
#2974=AXIS2_PLACEMENT_3D('',#4654,#3496,#3497);
#2975=AXIS2_PLACEMENT_3D('',#4655,#3498,#3499);
#2976=AXIS2_PLACEMENT_3D('',#4656,#3500,#3501);
#2977=AXIS2_PLACEMENT_3D('',#4657,#3502,#3503);
#2978=AXIS2_PLACEMENT_3D('',#4658,#3504,#3505);
#2979=AXIS2_PLACEMENT_3D('',#4660,#3506,#3507);
#2980=AXIS2_PLACEMENT_3D('',#4663,#3509,#3510);
#2981=AXIS2_PLACEMENT_3D('',#4664,#3511,#3512);
#2982=AXIS2_PLACEMENT_3D('',#4666,#3513,#3514);
#2983=AXIS2_PLACEMENT_3D('',#4669,#3516,#3517);
#2984=AXIS2_PLACEMENT_3D('',#4670,#3518,#3519);
#2985=AXIS2_PLACEMENT_3D('',#4672,#3520,#3521);
#2986=AXIS2_PLACEMENT_3D('',#4675,#3523,#3524);
#2987=AXIS2_PLACEMENT_3D('',#4676,#3525,#3526);
#2988=AXIS2_PLACEMENT_3D('',#4678,#3527,#3528);
#2989=AXIS2_PLACEMENT_3D('',#4681,#3530,#3531);
#2990=AXIS2_PLACEMENT_3D('',#4682,#3532,#3533);
#2991=AXIS2_PLACEMENT_3D('',#4684,#3534,#3535);
#2992=AXIS2_PLACEMENT_3D('',#4685,#3536,#3537);
#2993=AXIS2_PLACEMENT_3D('',#4687,#3538,#3539);
#2994=AXIS2_PLACEMENT_3D('',#4688,#3540,#3541);
#2995=AXIS2_PLACEMENT_3D('',#4690,#3542,#3543);
#2996=AXIS2_PLACEMENT_3D('',#4691,#3544,#3545);
#2997=AXIS2_PLACEMENT_3D('',#4693,#3546,#3547);
#2998=AXIS2_PLACEMENT_3D('',#4694,#3548,#3549);
#2999=AXIS2_PLACEMENT_3D('',#4707,#3557,#3558);
#3000=AXIS2_PLACEMENT_3D('',#4709,#3559,#3560);
#3001=AXIS2_PLACEMENT_3D('',#4712,#3562,#3563);
#3002=AXIS2_PLACEMENT_3D('',#4713,#3564,#3565);
#3003=AXIS2_PLACEMENT_3D('',#4894,#3570,#3571);
#3004=AXIS2_PLACEMENT_3D('',#4896,#3572,#3573);
#3005=AXIS2_PLACEMENT_3D('',#5039,#3574,#3575);
#3006=AXIS2_PLACEMENT_3D('',#5195,#3576,#3577);
#3007=AXIS2_PLACEMENT_3D('',#5374,#3578,#3579);
#3008=AXIS2_PLACEMENT_3D('',#5379,#3581,#3582);
#3009=AXIS2_PLACEMENT_3D('',#5385,#3585,#3586);
#3010=AXIS2_PLACEMENT_3D('',#5388,#3588,#3589);
#3011=AXIS2_PLACEMENT_3D('',#5392,#3591,#3592);
#3012=AXIS2_PLACEMENT_3D('',#5395,#3594,#3595);
#3013=AXIS2_PLACEMENT_3D('',#5399,#3597,#3598);
#3014=AXIS2_PLACEMENT_3D('',#5402,#3600,#3601);
#3015=AXIS2_PLACEMENT_3D('',#5404,#3602,#3603);
#3016=AXIS2_PLACEMENT_3D('',#5406,#3604,#3605);
#3017=AXIS2_PLACEMENT_3D('',#5408,#3606,#3607);
#3018=AXIS2_PLACEMENT_3D('',#5410,#3608,#3609);
#3019=AXIS2_PLACEMENT_3D('',#5412,#3610,#3611);
#3020=AXIS2_PLACEMENT_3D('',#5414,#3612,#3613);
#3021=AXIS2_PLACEMENT_3D('',#5416,#3614,#3615);
#3022=AXIS2_PLACEMENT_3D('',#5417,#3616,#3617);
#3023=AXIS2_PLACEMENT_3D('',#5426,#3622,#3623);
#3024=AXIS2_PLACEMENT_3D('',#5432,#3627,#3628);
#3025=AXIS2_PLACEMENT_3D('',#5435,#3631,#3632);
#3026=AXIS2_PLACEMENT_3D('',#5438,#3634,#3635);
#3027=AXIS2_PLACEMENT_3D('',#5439,#3636,#3637);
#3028=AXIS2_PLACEMENT_3D('',#5440,#3638,#3639);
#3029=AXIS2_PLACEMENT_3D('',#5443,#3641,#3642);
#3030=AXIS2_PLACEMENT_3D('',#5444,#3643,#3644);
#3031=AXIS2_PLACEMENT_3D('',#5445,#3645,#3646);
#3032=AXIS2_PLACEMENT_3D('',#5448,#3648,#3649);
#3033=AXIS2_PLACEMENT_3D('',#5449,#3650,#3651);
#3034=AXIS2_PLACEMENT_3D('',#5450,#3652,#3653);
#3035=AXIS2_PLACEMENT_3D('',#5453,#3655,#3656);
#3036=AXIS2_PLACEMENT_3D('',#5454,#3657,#3658);
#3037=AXIS2_PLACEMENT_3D('',#5455,#3659,#3660);
#3038=AXIS2_PLACEMENT_3D('',#5461,#3664,#3665);
#3039=AXIS2_PLACEMENT_3D('',#5464,#3667,#3668);
#3040=AXIS2_PLACEMENT_3D('',#5465,#3669,#3670);
#3041=AXIS2_PLACEMENT_3D('',#5469,#3673,#3674);
#3042=AXIS2_PLACEMENT_3D('',#5471,#3676,#3677);
#3043=AXIS2_PLACEMENT_3D('',#5475,#3680,#3681);
#3044=AXIS2_PLACEMENT_3D('',#5479,#3684,#3685);
#3045=AXIS2_PLACEMENT_3D('',#5480,#3686,#3687);
#3046=AXIS2_PLACEMENT_3D('',#5481,#3688,#3689);
#3047=AXIS2_PLACEMENT_3D('',#5483,#3690,#3691);
#3048=AXIS2_PLACEMENT_3D('',#5484,#3692,#3693);
#3049=AXIS2_PLACEMENT_3D('',#5486,#3694,#3695);
#3050=AXIS2_PLACEMENT_3D('',#5487,#3696,#3697);
#3051=AXIS2_PLACEMENT_3D('',#5489,#3698,#3699);
#3052=AXIS2_PLACEMENT_3D('',#5492,#3701,#3702);
#3053=AXIS2_PLACEMENT_3D('',#5493,#3703,#3704);
#3054=AXIS2_PLACEMENT_3D('',#5494,#3705,#3706);
#3055=AXIS2_PLACEMENT_3D('',#5496,#3707,#3708);
#3056=AXIS2_PLACEMENT_3D('',#5499,#3710,#3711);
#3057=AXIS2_PLACEMENT_3D('',#5500,#3712,#3713);
#3058=AXIS2_PLACEMENT_3D('',#5501,#3714,#3715);
#3059=AXIS2_PLACEMENT_3D('',#5503,#3716,#3717);
#3060=AXIS2_PLACEMENT_3D('',#5506,#3719,#3720);
#3061=AXIS2_PLACEMENT_3D('',#5507,#3721,#3722);
#3062=AXIS2_PLACEMENT_3D('',#5508,#3723,#3724);
#3063=AXIS2_PLACEMENT_3D('',#5510,#3725,#3726);
#3064=AXIS2_PLACEMENT_3D('',#5512,#3727,#3728);
#3065=AXIS2_PLACEMENT_3D('',#5514,#3730,#3731);
#3066=AXIS2_PLACEMENT_3D('',#5520,#3735,#3736);
#3067=AXIS2_PLACEMENT_3D('',#5522,#3737,#3738);
#3068=AXIS2_PLACEMENT_3D('',#5524,#3739,#3740);
#3069=AXIS2_PLACEMENT_3D('',#5526,#3742,#3743);
#3070=AXIS2_PLACEMENT_3D('',#5532,#3747,#3748);
#3071=AXIS2_PLACEMENT_3D('',#5534,#3749,#3750);
#3072=AXIS2_PLACEMENT_3D('',#5536,#3751,#3752);
#3073=AXIS2_PLACEMENT_3D('',#5538,#3754,#3755);
#3074=AXIS2_PLACEMENT_3D('',#5544,#3759,#3760);
#3075=AXIS2_PLACEMENT_3D('',#5546,#3761,#3762);
#3076=AXIS2_PLACEMENT_3D('',#5548,#3763,#3764);
#3077=AXIS2_PLACEMENT_3D('',#5550,#3766,#3767);
#3078=AXIS2_PLACEMENT_3D('',#5556,#3771,#3772);
#3079=AXIS2_PLACEMENT_3D('',#5558,#3773,#3774);
#3080=AXIS2_PLACEMENT_3D('',#5560,#3775,#3776);
#3081=AXIS2_PLACEMENT_3D('',#5562,#3778,#3779);
#3082=AXIS2_PLACEMENT_3D('',#5568,#3783,#3784);
#3083=AXIS2_PLACEMENT_3D('',#5570,#3785,#3786);
#3084=AXIS2_PLACEMENT_3D('',#5572,#3787,#3788);
#3085=AXIS2_PLACEMENT_3D('',#5574,#3790,#3791);
#3086=AXIS2_PLACEMENT_3D('',#5577,#3792,#3793);
#3087=AXIS2_PLACEMENT_3D('',#5581,#3795,#3796);
#3088=AXIS2_PLACEMENT_3D('',#5583,#3798,#3799);
#3089=AXIS2_PLACEMENT_3D('',#5589,#3803,#3804);
#3090=AXIS2_PLACEMENT_3D('',#5591,#3805,#3806);
#3091=AXIS2_PLACEMENT_3D('',#5594,#3808,#3809);
#3092=AXIS2_PLACEMENT_3D('',#5595,#3810,#3811);
#3093=AXIS2_PLACEMENT_3D('',#5604,#3816,#3817);
#3094=AXIS2_PLACEMENT_3D('',#5606,#3818,#3819);
#3095=AXIS2_PLACEMENT_3D('',#5609,#3821,#3822);
#3096=AXIS2_PLACEMENT_3D('',#5610,#3823,#3824);
#3097=AXIS2_PLACEMENT_3D('',#5616,#3828,#3829);
#3098=AXIS2_PLACEMENT_3D('',#5618,#3830,#3831);
#3099=AXIS2_PLACEMENT_3D('',#5621,#3833,#3834);
#3100=AXIS2_PLACEMENT_3D('',#5622,#3835,#3836);
#3101=AXIS2_PLACEMENT_3D('',#5628,#3840,#3841);
#3102=AXIS2_PLACEMENT_3D('',#5630,#3842,#3843);
#3103=AXIS2_PLACEMENT_3D('',#5633,#3845,#3846);
#3104=AXIS2_PLACEMENT_3D('',#5634,#3847,#3848);
#3105=AXIS2_PLACEMENT_3D('',#5638,#3850,#3851);
#3106=AXIS2_PLACEMENT_3D('',#5641,#3853,#3854);
#3107=AXIS2_PLACEMENT_3D('',#5642,#3855,#3856);
#3108=AXIS2_PLACEMENT_3D('',#5646,#3858,#3859);
#3109=AXIS2_PLACEMENT_3D('',#5648,#3861,#3862);
#3110=AXIS2_PLACEMENT_3D('',#5652,#3866,#3867);
#3111=AXIS2_PLACEMENT_3D('',#5660,#3873,#3874);
#3112=AXIS2_PLACEMENT_3D('',#5662,#3876,#3877);
#3113=AXIS2_PLACEMENT_3D('',#5664,#3879,#3880);
#3114=AXIS2_PLACEMENT_3D('',#5665,#3881,#3882);
#3115=AXIS2_PLACEMENT_3D('',#5666,#3883,#3884);
#3116=AXIS2_PLACEMENT_3D('',#5667,#3885,#3886);
#3117=AXIS2_PLACEMENT_3D('',#5668,#3887,#3888);
#3118=AXIS2_PLACEMENT_3D('',#5672,#3891,#3892);
#3119=AXIS2_PLACEMENT_3D('',#5673,#3893,#3894);
#3120=AXIS2_PLACEMENT_3D('',#5690,#3898,#3899);
#3121=AXIS2_PLACEMENT_3D('',#5692,#3901,#3902);
#3122=AXIS2_PLACEMENT_3D('',#5694,#3904,#3905);
#3123=AXIS2_PLACEMENT_3D('',#5696,#3907,#3908);
#3124=AXIS2_PLACEMENT_3D('',#5698,#3910,#3911);
#3125=AXIS2_PLACEMENT_3D('',#5700,#3913,#3914);
#3126=AXIS2_PLACEMENT_3D('',#5701,#3915,#3916);
#3127=AXIS2_PLACEMENT_3D('',#5703,#3918,#3919);
#3128=AXIS2_PLACEMENT_3D('',#5705,#3921,#3922);
#3129=AXIS2_PLACEMENT_3D('',#5707,#3924,#3925);
#3130=AXIS2_PLACEMENT_3D('',#5709,#3927,#3928);
#3131=AXIS2_PLACEMENT_3D('',#5711,#3930,#3931);
#3132=AXIS2_PLACEMENT_3D('',#5713,#3933,#3934);
#3133=DIRECTION('axis',(0.,0.,1.));
#3134=DIRECTION('refdir',(1.,0.,0.));
#3135=DIRECTION('center_axis',(-7.91033905045427E-16,1.6653345369378E-16,
-1.));
#3136=DIRECTION('ref_axis',(-1.,0.,7.91033905045427E-16));
#3137=DIRECTION('center_axis',(7.91033905045427E-16,-1.6653345369378E-16,
1.));
#3138=DIRECTION('ref_axis',(1.,-5.83925653866588E-33,-7.72329060608805E-16));
#3139=DIRECTION('',(-0.939692620785909,0.342020143325669,8.00286519063514E-16));
#3140=DIRECTION('center_axis',(-0.342020143325669,-0.939692620785909,0.));
#3141=DIRECTION('ref_axis',(-0.939692620785909,0.342020143325669,0.));
#3142=DIRECTION('',(0.939692620785909,-0.342020143325669,0.));
#3143=DIRECTION('',(-7.72329060608805E-16,1.68946982008176E-16,-1.));
#3144=DIRECTION('',(7.72329060608805E-16,-1.68946982008176E-16,1.));
#3145=DIRECTION('center_axis',(7.72329060608805E-16,-1.68946982008176E-16,
1.));
#3146=DIRECTION('ref_axis',(0.34202014332567,0.939692620785908,-1.05393863706871E-16));
#3147=DIRECTION('center_axis',(0.,0.,1.));
#3148=DIRECTION('ref_axis',(1.,-5.83925653866588E-33,-7.72329060608805E-16));
#3149=DIRECTION('center_axis',(0.,0.,1.));
#3150=DIRECTION('ref_axis',(-1.,0.,0.));
#3151=DIRECTION('center_axis',(0.,0.,-1.));
#3152=DIRECTION('ref_axis',(-1.,0.,0.));
#3153=DIRECTION('center_axis',(0.,0.,1.));
#3154=DIRECTION('ref_axis',(1.,7.70371977754829E-33,-8.32667268468867E-16));
#3155=DIRECTION('',(-1.,0.,0.));
#3156=DIRECTION('',(0.,-1.,0.));
#3157=DIRECTION('',(1.,0.,0.));
#3158=DIRECTION('',(0.,-1.,0.));
#3159=DIRECTION('',(1.,0.,0.));
#3160=DIRECTION('',(0.,1.,0.));
#3161=DIRECTION('',(-1.,0.,0.));
#3162=DIRECTION('center_axis',(0.,0.,1.));
#3163=DIRECTION('ref_axis',(1.,7.70371977754829E-33,-8.32667268468867E-16));
#3164=DIRECTION('center_axis',(0.,-1.,0.));
#3165=DIRECTION('ref_axis',(-1.,0.,0.));
#3166=DIRECTION('',(0.,0.,-1.));
#3167=DIRECTION('',(-1.,0.,0.));
#3168=DIRECTION('',(0.,0.,-1.));
#3169=DIRECTION('',(-8.32667268468867E-16,1.85037170770859E-16,-1.));
#3170=DIRECTION('',(1.,0.,0.));
#3171=DIRECTION('',(8.32667268468867E-16,-1.85037170770859E-16,1.));
#3172=DIRECTION('',(0.,0.,-1.));
#3173=DIRECTION('',(-1.,0.,0.));
#3174=DIRECTION('',(0.,0.,-1.));
#3175=DIRECTION('',(1.,0.,0.));
#3176=DIRECTION('center_axis',(1.,0.,0.));
#3177=DIRECTION('ref_axis',(0.,-1.,0.));
#3178=DIRECTION('',(0.,-1.,0.));
#3179=DIRECTION('',(0.,0.,1.));
#3180=DIRECTION('center_axis',(0.,1.,0.));
#3181=DIRECTION('ref_axis',(1.,0.,0.));
#3182=DIRECTION('',(1.,0.,0.));
#3183=DIRECTION('',(0.,0.,-1.));
#3184=DIRECTION('',(0.,0.,-1.));
#3185=DIRECTION('center_axis',(-1.,0.,0.));
#3186=DIRECTION('ref_axis',(0.,1.,0.));
#3187=DIRECTION('',(0.,1.,0.));
#3188=DIRECTION('center_axis',(0.,1.,0.));
#3189=DIRECTION('ref_axis',(-1.,0.,0.));
#3190=DIRECTION('',(-1.,0.,0.));
#3191=DIRECTION('',(0.,0.,1.));
#3192=DIRECTION('',(1.,0.,0.));
#3193=DIRECTION('',(0.,0.,1.));
#3194=DIRECTION('',(-1.,0.,7.91033905045427E-16));
#3195=DIRECTION('',(0.,0.,1.));
#3196=DIRECTION('center_axis',(8.32667268468867E-16,-1.85037170770859E-16,
1.));
#3197=DIRECTION('ref_axis',(1.,7.70371977754829E-33,-8.32667268468867E-16));
#3198=DIRECTION('center_axis',(-7.91033905045427E-16,1.6653345369378E-16,
-1.));
#3199=DIRECTION('ref_axis',(1.,7.70371977754544E-34,-7.91033905045427E-16));
#3200=DIRECTION('',(8.32667268468867E-16,-1.85037170770859E-16,1.));
#3201=DIRECTION('center_axis',(0.,0.,1.));
#3202=DIRECTION('ref_axis',(1.,7.70371977754829E-33,-8.32667268468867E-16));
#3203=DIRECTION('center_axis',(-1.,0.,0.));
#3204=DIRECTION('ref_axis',(0.,1.,0.));
#3205=DIRECTION('',(0.,1.,0.));
#3206=DIRECTION('',(0.,0.,-1.));
#3207=DIRECTION('',(0.,1.,0.));
#3208=DIRECTION('',(0.,0.,-1.));
#3209=DIRECTION('center_axis',(0.,-1.,0.));
#3210=DIRECTION('ref_axis',(-1.,0.,0.));
#3211=DIRECTION('',(-1.,0.,0.));
#3212=DIRECTION('',(0.,0.,-1.));
#3213=DIRECTION('',(-1.,0.,0.));
#3214=DIRECTION('center_axis',(1.,0.,0.));
#3215=DIRECTION('ref_axis',(0.,-1.,0.));
#3216=DIRECTION('',(0.,-1.,0.));
#3217=DIRECTION('',(0.,0.,-1.));
#3218=DIRECTION('',(0.,-1.,0.));
#3219=DIRECTION('center_axis',(0.,0.,-1.));
#3220=DIRECTION('ref_axis',(-1.,0.,0.));
#3221=DIRECTION('center_axis',(0.,0.,-1.));
#3222=DIRECTION('ref_axis',(-1.,0.,0.));
#3223=DIRECTION('',(0.,0.,-1.));
#3224=DIRECTION('center_axis',(0.,0.,1.));
#3225=DIRECTION('ref_axis',(-1.,0.,0.));
#3226=DIRECTION('center_axis',(1.,0.,0.));
#3227=DIRECTION('ref_axis',(0.,-1.,0.));
#3228=DIRECTION('',(0.,-1.,0.));
#3229=DIRECTION('',(0.,-1.,0.));
#3230=DIRECTION('center_axis',(-1.,0.,0.));
#3231=DIRECTION('ref_axis',(0.,1.,0.));
#3232=DIRECTION('',(0.,1.,0.));
#3233=DIRECTION('',(0.,0.,-1.));
#3234=DIRECTION('',(0.,1.,0.));
#3235=DIRECTION('center_axis',(0.,0.,-1.));
#3236=DIRECTION('ref_axis',(0.999999999999998,-6.13675136148446E-8,0.));
#3237=DIRECTION('center_axis',(0.,0.,-1.));
#3238=DIRECTION('ref_axis',(-1.,0.,0.));
#3239=DIRECTION('center_axis',(0.,0.,-1.));
#3240=DIRECTION('ref_axis',(-1.,0.,0.));
#3241=DIRECTION('center_axis',(0.,0.,1.));
#3242=DIRECTION('ref_axis',(-1.,0.,0.));
#3243=DIRECTION('center_axis',(0.,0.,1.));
#3244=DIRECTION('ref_axis',(1.,0.,0.));
#3245=DIRECTION('center_axis',(-1.58318119947787E-15,1.,0.));
#3246=DIRECTION('ref_axis',(-1.,-1.58318119947787E-15,7.91033905045427E-16));
#3247=DIRECTION('',(7.07133409879931E-16,-1.76783352469983E-16,1.));
#3248=DIRECTION('',(-1.,-1.58318119947787E-15,7.91033905045426E-16));
#3249=DIRECTION('',(7.07133409879931E-16,-1.76783352469983E-16,1.));
#3250=DIRECTION('',(1.,1.58318119947787E-15,-7.91033905045426E-16));
#3251=DIRECTION('',(0.,0.,1.));
#3252=DIRECTION('',(-1.,-1.58318119947787E-15,7.91033905045426E-16));
#3253=DIRECTION('',(8.82590363556295E-16,1.39730047042266E-30,1.));
#3254=DIRECTION('',(1.,1.58318119947787E-15,-7.91033905045427E-16));
#3255=DIRECTION('',(-5.97707002610579E-16,-9.4627848932934E-31,-1.));
#3256=DIRECTION('',(-1.,-1.58318119947787E-15,7.91033905045426E-16));
#3257=DIRECTION('',(0.,0.,1.));
#3258=DIRECTION('',(1.,1.58318119947787E-15,-7.91033905045426E-16));
#3259=DIRECTION('center_axis',(0.,0.,1.));
#3260=DIRECTION('ref_axis',(1.,0.,0.));
#3261=DIRECTION('center_axis',(0.,0.,1.));
#3262=DIRECTION('ref_axis',(1.,7.70371977754853E-33,-8.32667268468868E-16));
#3263=DIRECTION('center_axis',(0.,0.,1.));
#3264=DIRECTION('ref_axis',(1.,0.,0.));
#3265=DIRECTION('center_axis',(-7.91033905045427E-16,1.6653345369378E-16,
-1.));
#3266=DIRECTION('ref_axis',(-1.,0.,7.91033905045427E-16));
#3267=DIRECTION('',(-0.939692620785909,0.342020143325668,8.00286519063514E-16));
#3268=DIRECTION('',(-0.342020143325668,-0.939692620785909,1.14059272029063E-16));
#3269=DIRECTION('',(0.925104441599783,-0.379712749499347,-7.95023854599233E-16));
#3270=DIRECTION('',(0.939692620785909,-0.342020143325668,-8.00286519063514E-16));
#3271=DIRECTION('',(-0.342020143325669,-0.939692620785908,1.14059272029064E-16));
#3272=DIRECTION('',(0.939692620785909,-0.342020143325668,-8.00286519063514E-16));
#3273=DIRECTION('',(0.342020143325669,0.939692620785908,-1.14059272029064E-16));
#3274=DIRECTION('',(0.939692502292293,-0.342020468884026,-8.00286479547404E-16));
#3275=DIRECTION('',(0.342020468883939,0.939692502292324,-1.14059549289839E-16));
#3276=DIRECTION('',(-0.939692620785909,0.342020143325667,8.00286519063514E-16));
#3277=DIRECTION('',(0.34202014332567,0.939692620785908,-1.14059272029064E-16));
#3278=DIRECTION('',(-0.939692620785909,0.342020143325669,8.00286519063514E-16));
#3279=DIRECTION('',(-0.342020143325669,-0.939692620785908,1.14059272029064E-16));
#3280=DIRECTION('center_axis',(-0.342020143325669,-0.939692620785909,0.));
#3281=DIRECTION('ref_axis',(-0.939692620785909,0.342020143325669,0.));
#3282=DIRECTION('',(0.,0.,-1.));
#3283=DIRECTION('',(-0.939692620785909,0.342020143325669,0.));
#3284=DIRECTION('',(0.,0.,-1.));
#3285=DIRECTION('center_axis',(-0.939692620785908,0.342020143325669,0.));
#3286=DIRECTION('ref_axis',(0.342020143325669,0.939692620785908,0.));
#3287=DIRECTION('',(0.,0.,-1.));
#3288=DIRECTION('',(0.342020143325669,0.939692620785908,0.));
#3289=DIRECTION('',(0.,0.,-1.));
#3290=DIRECTION('center_axis',(0.342020143325668,0.939692620785909,0.));
#3291=DIRECTION('ref_axis',(0.939692620785909,-0.342020143325668,0.));
#3292=DIRECTION('',(0.,0.,-1.));
#3293=DIRECTION('',(0.939692620785909,-0.342020143325668,0.));
#3294=DIRECTION('center_axis',(0.939692620785908,-0.342020143325669,0.));
#3295=DIRECTION('ref_axis',(-0.342020143325669,-0.939692620785908,0.));
#3296=DIRECTION('',(0.,0.,-1.));
#3297=DIRECTION('',(-0.342020143325669,-0.939692620785908,0.));
#3298=DIRECTION('center_axis',(0.342020143325668,0.939692620785909,0.));
#3299=DIRECTION('ref_axis',(0.939692620785909,-0.342020143325668,0.));
#3300=DIRECTION('',(0.,0.,-1.));
#3301=DIRECTION('',(0.939692620785909,-0.342020143325668,0.));
#3302=DIRECTION('center_axis',(0.379712749499347,0.925104441599783,0.));
#3303=DIRECTION('ref_axis',(0.925104441599783,-0.379712749499347,0.));
#3304=DIRECTION('',(0.,0.,-1.));
#3305=DIRECTION('',(0.925104441599783,-0.379712749499347,0.));
#3306=DIRECTION('',(0.,0.,-1.));
#3307=DIRECTION('',(0.925104441599783,-0.379712749499347,0.));
#3308=DIRECTION('center_axis',(0.939692620785909,-0.342020143325668,0.));
#3309=DIRECTION('ref_axis',(-0.342020143325668,-0.939692620785909,0.));
#3310=DIRECTION('',(0.,0.,-1.));
#3311=DIRECTION('',(0.342020143325668,0.939692620785909,0.));
#3312=DIRECTION('center_axis',(-0.342020143325668,-0.939692620785909,0.));
#3313=DIRECTION('ref_axis',(-0.939692620785909,0.342020143325668,0.));
#3314=DIRECTION('',(0.,0.,-1.));
#3315=DIRECTION('',(-0.939692620785909,0.342020143325668,0.));
#3316=DIRECTION('',(0.,0.,-1.));
#3317=DIRECTION('',(-0.939692620785908,0.342020143325669,0.));
#3318=DIRECTION('center_axis',(0.939692620785908,-0.342020143325669,0.));
#3319=DIRECTION('ref_axis',(-0.342020143325669,-0.939692620785908,0.));
#3320=DIRECTION('',(-0.342020143325669,-0.939692620785908,0.));
#3321=DIRECTION('center_axis',(0.,0.,-1.));
#3322=DIRECTION('ref_axis',(0.0130818869784314,-0.999914428455297,0.));
#3323=DIRECTION('center_axis',(0.,0.,-1.));
#3324=DIRECTION('ref_axis',(0.0130818869784314,-0.999914428455297,0.));
#3325=DIRECTION('',(0.,0.,-1.));
#3326=DIRECTION('center_axis',(0.,0.,-1.));
#3327=DIRECTION('ref_axis',(0.0130818869784314,-0.999914428455297,0.));
#3328=DIRECTION('',(0.,0.,-1.));
#3329=DIRECTION('center_axis',(8.6354055418693E-16,-1.,0.));
#3330=DIRECTION('ref_axis',(-1.,-8.6354055418693E-16,0.));
#3331=DIRECTION('',(-1.,-8.6354055418693E-16,0.));
#3332=DIRECTION('',(0.,0.,-1.));
#3333=DIRECTION('',(-1.,-8.6354055418693E-16,0.));
#3334=DIRECTION('center_axis',(0.,0.,-1.));
#3335=DIRECTION('ref_axis',(0.987129864262059,-0.159920702480854,0.));
#3336=DIRECTION('center_axis',(0.,0.,-1.));
#3337=DIRECTION('ref_axis',(0.987129864262059,-0.159920702480854,0.));
#3338=DIRECTION('center_axis',(0.,0.,-1.));
#3339=DIRECTION('ref_axis',(0.987129864262059,-0.159920702480854,0.));
#3340=DIRECTION('center_axis',(0.,0.,-1.));
#3341=DIRECTION('ref_axis',(0.0130818869784312,-0.999914428455297,0.));
#3342=DIRECTION('center_axis',(0.,0.,1.));
#3343=DIRECTION('ref_axis',(0.0130818869784312,-0.999914428455297,0.));
#3344=DIRECTION('',(0.,0.,1.));
#3345=DIRECTION('',(0.,0.,-1.));
#3346=DIRECTION('center_axis',(0.,0.,1.));
#3347=DIRECTION('ref_axis',(0.0130818869784312,-0.999914428455297,0.));
#3348=DIRECTION('center_axis',(0.,0.,-1.));
#3349=DIRECTION('ref_axis',(0.997060340594973,0.0766203446392398,0.));
#3350=DIRECTION('center_axis',(0.,0.,1.));
#3351=DIRECTION('ref_axis',(-1.,0.,0.));
#3352=DIRECTION('',(0.,0.,-1.));
#3353=DIRECTION('center_axis',(0.,0.,1.));
#3354=DIRECTION('ref_axis',(-1.,0.,0.));
#3355=DIRECTION('center_axis',(0.,0.,-1.));
#3356=DIRECTION('ref_axis',(0.0130818869784312,-0.999914428455297,0.));
#3357=DIRECTION('center_axis',(0.,0.,1.));
#3358=DIRECTION('ref_axis',(0.0130818869784312,-0.999914428455297,0.));
#3359=DIRECTION('',(0.,0.,-1.));
#3360=DIRECTION('center_axis',(0.,0.,1.));
#3361=DIRECTION('ref_axis',(0.0130818869784312,-0.999914428455297,0.));
#3362=DIRECTION('',(0.,0.,-1.));
#3363=DIRECTION('center_axis',(0.,0.,-1.));
#3364=DIRECTION('ref_axis',(-0.0130818869784362,0.999914428455297,0.));
#3365=DIRECTION('center_axis',(0.,0.,-1.));
#3366=DIRECTION('ref_axis',(-0.0130818869784362,0.999914428455297,0.));
#3367=DIRECTION('center_axis',(0.,0.,-1.));
#3368=DIRECTION('ref_axis',(-0.0130818869784362,0.999914428455297,0.));
#3369=DIRECTION('center_axis',(0.,0.,1.));
#3370=DIRECTION('ref_axis',(-1.,0.,0.));
#3371=DIRECTION('center_axis',(0.,0.,-1.));
#3372=DIRECTION('ref_axis',(-1.,0.,0.));
#3373=DIRECTION('center_axis',(0.,0.,-1.));
#3374=DIRECTION('ref_axis',(-1.,0.,0.));
#3375=DIRECTION('center_axis',(0.,0.,1.));
#3376=DIRECTION('ref_axis',(-1.,0.,0.));
#3377=DIRECTION('center_axis',(0.,0.,1.));
#3378=DIRECTION('ref_axis',(-1.,0.,0.));
#3379=DIRECTION('',(0.,0.,1.));
#3380=DIRECTION('',(0.,0.,1.));
#3381=DIRECTION('',(0.,0.,1.));
#3382=DIRECTION('',(0.,0.,1.));
#3383=DIRECTION('',(0.,0.,1.));
#3384=DIRECTION('',(0.,0.,1.));
#3385=DIRECTION('',(0.,0.,1.));
#3386=DIRECTION('',(0.,0.,-1.));
#3387=DIRECTION('center_axis',(0.,0.,1.));
#3388=DIRECTION('ref_axis',(-1.,0.,0.));
#3389=DIRECTION('center_axis',(0.,0.,-1.));
#3390=DIRECTION('ref_axis',(-1.,0.,0.));
#3391=DIRECTION('',(0.707106781186547,8.65956056235492E-17,0.707106781186548));
#3392=DIRECTION('center_axis',(0.,0.,-1.));
#3393=DIRECTION('ref_axis',(-1.,0.,0.));
#3394=DIRECTION('center_axis',(0.,0.,1.));
#3395=DIRECTION('ref_axis',(-1.,0.,0.));
#3396=DIRECTION('center_axis',(0.,0.,1.));
#3397=DIRECTION('ref_axis',(-1.,0.,0.));
#3398=DIRECTION('center_axis',(0.,0.,-1.));
#3399=DIRECTION('ref_axis',(-1.,0.,0.));
#3400=DIRECTION('',(0.707106781186547,8.65956056235492E-17,0.707106781186548));
#3401=DIRECTION('center_axis',(0.,0.,-1.));
#3402=DIRECTION('ref_axis',(-1.,0.,0.));
#3403=DIRECTION('center_axis',(0.,0.,-1.));
#3404=DIRECTION('ref_axis',(-1.,0.,0.));
#3405=DIRECTION('center_axis',(0.,0.,1.));
#3406=DIRECTION('ref_axis',(-1.,0.,0.));
#3407=DIRECTION('center_axis',(0.,0.,1.));
#3408=DIRECTION('ref_axis',(-1.,0.,0.));
#3409=DIRECTION('center_axis',(0.,0.,-1.));
#3410=DIRECTION('ref_axis',(-1.,0.,0.));
#3411=DIRECTION('',(0.707106781186547,8.65956056235492E-17,0.707106781186548));
#3412=DIRECTION('center_axis',(0.,0.,-1.));
#3413=DIRECTION('ref_axis',(-1.,0.,0.));
#3414=DIRECTION('center_axis',(0.,0.,1.));
#3415=DIRECTION('ref_axis',(-1.,0.,0.));
#3416=DIRECTION('center_axis',(0.,0.,1.));
#3417=DIRECTION('ref_axis',(-1.,0.,0.));
#3418=DIRECTION('center_axis',(0.,0.,-1.));
#3419=DIRECTION('ref_axis',(-1.,0.,0.));
#3420=DIRECTION('',(0.707106781186547,8.65956056235492E-17,0.707106781186548));
#3421=DIRECTION('center_axis',(0.,0.,-1.));
#3422=DIRECTION('ref_axis',(-1.,0.,0.));
#3423=DIRECTION('center_axis',(0.,0.,1.));
#3424=DIRECTION('ref_axis',(-1.,0.,0.));
#3425=DIRECTION('center_axis',(0.,0.,1.));
#3426=DIRECTION('ref_axis',(-1.,0.,0.));
#3427=DIRECTION('center_axis',(1.22464679913562E-16,-1.,-7.54626171001562E-15));
#3428=DIRECTION('ref_axis',(-1.,-1.22464679914735E-16,1.55431223447525E-13));
#3429=DIRECTION('center_axis',(0.,0.,-1.));
#3430=DIRECTION('ref_axis',(-1.,-6.12323399573674E-17,0.));
#3431=DIRECTION('center_axis',(0.,0.,-1.));
#3432=DIRECTION('ref_axis',(-1.,-6.12323399573674E-17,0.));
#3433=DIRECTION('center_axis',(0.,0.,1.));
#3434=DIRECTION('ref_axis',(-1.,0.,0.));
#3435=DIRECTION('center_axis',(0.,0.,1.));
#3436=DIRECTION('ref_axis',(-1.,0.,0.));
#3437=DIRECTION('center_axis',(0.,0.,-1.));
#3438=DIRECTION('ref_axis',(-1.,0.,0.));
#3439=DIRECTION('',(0.707106781186547,8.65956056235493E-17,0.707106781186548));
#3440=DIRECTION('center_axis',(0.,0.,-1.));
#3441=DIRECTION('ref_axis',(-1.,0.,0.));
#3442=DIRECTION('center_axis',(0.,0.,-1.));
#3443=DIRECTION('ref_axis',(-1.,0.,0.));
#3444=DIRECTION('',(0.,0.,-1.));
#3445=DIRECTION('center_axis',(1.22464679913965E-16,-1.,-1.73322070659559E-14));
#3446=DIRECTION('ref_axis',(-1.,-1.22464679914735E-16,4.44089209850072E-14));
#3447=DIRECTION('center_axis',(0.,0.,-1.));
#3448=DIRECTION('ref_axis',(-1.,-6.12323399573674E-17,0.));
#3449=DIRECTION('center_axis',(0.,0.,-1.));
#3450=DIRECTION('ref_axis',(-1.,-6.12323399573674E-17,0.));
#3451=DIRECTION('center_axis',(0.,0.,1.));
#3452=DIRECTION('ref_axis',(-1.,0.,0.));
#3453=DIRECTION('center_axis',(0.,0.,-1.));
#3454=DIRECTION('ref_axis',(-1.,0.,0.));
#3455=DIRECTION('',(0.707106781186547,8.65956056235493E-17,0.707106781186548));
#3456=DIRECTION('center_axis',(0.,0.,1.));
#3457=DIRECTION('ref_axis',(-1.,0.,0.));
#3458=DIRECTION('center_axis',(-7.69704614087611E-28,-1.,-1.73322070659513E-14));
#3459=DIRECTION('ref_axis',(-1.,0.,4.44089209850071E-14));
#3460=DIRECTION('center_axis',(0.,1.3589990236205E-14,-1.));
#3461=DIRECTION('ref_axis',(-1.,0.,0.));
#3462=DIRECTION('center_axis',(0.,1.3589990236205E-14,-1.));
#3463=DIRECTION('ref_axis',(-1.,0.,0.));
#3464=DIRECTION('center_axis',(0.,0.,1.));
#3465=DIRECTION('ref_axis',(-1.,0.,0.));
#3466=DIRECTION('center_axis',(0.,0.,1.));
#3467=DIRECTION('ref_axis',(-1.,0.,0.));
#3468=DIRECTION('center_axis',(0.,0.,-1.));
#3469=DIRECTION('ref_axis',(-1.,0.,0.));
#3470=DIRECTION('',(0.707106781186549,8.65956056235496E-17,0.707106781186546));
#3471=DIRECTION('center_axis',(0.,0.,-1.));
#3472=DIRECTION('ref_axis',(-1.,0.,0.));
#3473=DIRECTION('center_axis',(0.,0.,-1.));
#3474=DIRECTION('ref_axis',(-1.,0.,0.));
#3475=DIRECTION('',(0.,0.,-1.));
#3476=DIRECTION('center_axis',(0.,0.,1.));
#3477=DIRECTION('ref_axis',(-1.,0.,0.));
#3478=DIRECTION('center_axis',(-1.11707113337412E-28,-1.,-2.51542057000494E-15));
#3479=DIRECTION('ref_axis',(-1.,0.,4.44089209850073E-14));
#3480=DIRECTION('center_axis',(0.,1.3589990236205E-14,-1.));
#3481=DIRECTION('ref_axis',(-1.,0.,0.));
#3482=DIRECTION('center_axis',(0.,1.3589990236205E-14,-1.));
#3483=DIRECTION('ref_axis',(-1.,0.,0.));
#3484=DIRECTION('center_axis',(0.,0.,1.));
#3485=DIRECTION('ref_axis',(-1.,0.,0.));
#3486=DIRECTION('center_axis',(0.,0.,1.));
#3487=DIRECTION('ref_axis',(-1.,0.,0.));
#3488=DIRECTION('center_axis',(0.,0.,-1.));
#3489=DIRECTION('ref_axis',(-1.,0.,0.));
#3490=DIRECTION('',(0.707106781186549,8.65956056235496E-17,0.707106781186546));
#3491=DIRECTION('center_axis',(0.,0.,-1.));
#3492=DIRECTION('ref_axis',(-1.,0.,0.));
#3493=DIRECTION('center_axis',(0.,0.,-1.));
#3494=DIRECTION('ref_axis',(-1.,0.,0.));
#3495=DIRECTION('',(0.,0.,-1.));
#3496=DIRECTION('center_axis',(0.,0.,1.));
#3497=DIRECTION('ref_axis',(-1.,0.,0.));
#3498=DIRECTION('center_axis',(0.,0.,1.));
#3499=DIRECTION('ref_axis',(-1.,0.,0.));
#3500=DIRECTION('center_axis',(0.,0.,1.));
#3501=DIRECTION('ref_axis',(-1.,0.,0.));
#3502=DIRECTION('center_axis',(0.,0.,1.));
#3503=DIRECTION('ref_axis',(-1.,0.,0.));
#3504=DIRECTION('center_axis',(0.,0.,1.));
#3505=DIRECTION('ref_axis',(-1.,0.,0.));
#3506=DIRECTION('center_axis',(0.,0.,1.));
#3507=DIRECTION('ref_axis',(-1.,0.,0.));
#3508=DIRECTION('',(0.,0.,1.));
#3509=DIRECTION('center_axis',(0.,0.,-1.));
#3510=DIRECTION('ref_axis',(-1.,0.,0.));
#3511=DIRECTION('center_axis',(0.,0.,1.));
#3512=DIRECTION('ref_axis',(0.,-1.,0.));
#3513=DIRECTION('center_axis',(0.,0.,1.));
#3514=DIRECTION('ref_axis',(0.,-1.,0.));
#3515=DIRECTION('',(0.,0.,1.));
#3516=DIRECTION('center_axis',(0.,0.,-1.));
#3517=DIRECTION('ref_axis',(0.,-1.,0.));
#3518=DIRECTION('center_axis',(0.,0.,1.));
#3519=DIRECTION('ref_axis',(0.,1.,0.));
#3520=DIRECTION('center_axis',(0.,0.,1.));
#3521=DIRECTION('ref_axis',(0.,1.,0.));
#3522=DIRECTION('',(0.,0.,1.));
#3523=DIRECTION('center_axis',(0.,0.,-1.));
#3524=DIRECTION('ref_axis',(0.,1.,0.));
#3525=DIRECTION('center_axis',(0.,0.,1.));
#3526=DIRECTION('ref_axis',(1.,0.,0.));
#3527=DIRECTION('center_axis',(0.,0.,1.));
#3528=DIRECTION('ref_axis',(1.,0.,0.));
#3529=DIRECTION('',(0.,0.,1.));
#3530=DIRECTION('center_axis',(0.,0.,-1.));
#3531=DIRECTION('ref_axis',(1.,0.,0.));
#3532=DIRECTION('center_axis',(0.,0.,1.));
#3533=DIRECTION('ref_axis',(1.,0.,0.));
#3534=DIRECTION('center_axis',(0.,0.,1.));
#3535=DIRECTION('ref_axis',(0.,-1.,0.));
#3536=DIRECTION('center_axis',(0.,0.,1.));
#3537=DIRECTION('ref_axis',(1.,0.,0.));
#3538=DIRECTION('center_axis',(0.,0.,1.));
#3539=DIRECTION('ref_axis',(-1.,0.,0.));
#3540=DIRECTION('center_axis',(0.,0.,1.));
#3541=DIRECTION('ref_axis',(1.,0.,0.));
#3542=DIRECTION('center_axis',(0.,0.,1.));
#3543=DIRECTION('ref_axis',(1.,0.,0.));
#3544=DIRECTION('center_axis',(0.,0.,1.));
#3545=DIRECTION('ref_axis',(1.,0.,0.));
#3546=DIRECTION('center_axis',(0.,0.,1.));
#3547=DIRECTION('ref_axis',(0.,1.,0.));
#3548=DIRECTION('center_axis',(0.,0.,1.));
#3549=DIRECTION('ref_axis',(1.,0.,0.));
#3550=DIRECTION('',(0.,1.,0.));
#3551=DIRECTION('',(1.,1.11022302462516E-16,0.));
#3552=DIRECTION('',(0.,-1.,0.));
#3553=DIRECTION('',(0.34202014332567,0.939692620785908,0.));
#3554=DIRECTION('',(-0.939692620785909,0.342020143325667,0.));
#3555=DIRECTION('',(0.342020468883939,0.939692502292324,0.));
#3556=DIRECTION('',(0.939692502292293,-0.342020468884026,0.));
#3557=DIRECTION('center_axis',(7.07133409879931E-16,-1.76783352469983E-16,
1.));
#3558=DIRECTION('ref_axis',(-1.32960841272474E-15,1.,1.76783352469984E-16));
#3559=DIRECTION('center_axis',(7.91033905045427E-16,-1.6653345369378E-16,
1.));
#3560=DIRECTION('ref_axis',(-1.32960841272474E-15,1.,1.66533453693781E-16));
#3561=DIRECTION('',(0.,0.,-1.));
#3562=DIRECTION('center_axis',(7.91033905045427E-16,-1.6653345369378E-16,
1.));
#3563=DIRECTION('ref_axis',(1.,1.32960841272474E-15,0.));
#3564=DIRECTION('center_axis',(-0.939692620785908,0.34202014332567,0.));
#3565=DIRECTION('ref_axis',(0.34202014332567,0.939692620785908,0.));
#3566=DIRECTION('',(0.,0.,-1.));
#3567=DIRECTION('',(0.,0.,-1.));
#3568=DIRECTION('',(0.,0.,1.));
#3569=DIRECTION('',(0.,0.,1.));
#3570=DIRECTION('center_axis',(1.,-2.50929389164257E-16,-7.91033905045425E-16));
#3571=DIRECTION('ref_axis',(-7.91033905045425E-16,0.,-1.));
#3572=DIRECTION('center_axis',(1.57868181833504E-15,1.,1.66533453693781E-16));
#3573=DIRECTION('ref_axis',(1.,-1.57868181833504E-15,0.));
#3574=DIRECTION('center_axis',(-1.35373048903346E-15,1.,1.66533453693781E-16));
#3575=DIRECTION('ref_axis',(0.,1.66533453693781E-16,-1.));
#3576=DIRECTION('center_axis',(-1.,-2.58351313920203E-16,7.91033905045428E-16));
#3577=DIRECTION('ref_axis',(-7.91033905045428E-16,-2.18952885050753E-46,
-1.));
#3578=DIRECTION('center_axis',(-7.91033905045427E-16,1.6653345369378E-16,
-1.));
#3579=DIRECTION('ref_axis',(-1.,0.,7.91033905045427E-16));
#3580=DIRECTION('',(0.500000000000003,-0.866025403784437,-5.39739154001489E-16));
#3581=DIRECTION('center_axis',(7.91033905045427E-16,-1.6653345369378E-16,
1.));
#3582=DIRECTION('ref_axis',(0.866025403784439,-0.499999999999999,-7.68322183871038E-16));
#3583=DIRECTION('',(0.5,0.866025403784438,-2.5129475104394E-16));
#3584=DIRECTION('',(1.,1.3766793038938E-15,-7.91033905045426E-16));
#3585=DIRECTION('center_axis',(7.91033905045427E-16,-1.6653345369378E-16,
1.));
#3586=DIRECTION('ref_axis',(1.,-6.79728382423562E-15,-7.91033905045428E-16));
#3587=DIRECTION('',(-1.8672048422715E-15,1.,1.66533453693782E-16));
#3588=DIRECTION('center_axis',(7.91033905045427E-16,-1.6653345369378E-16,
1.));
#3589=DIRECTION('ref_axis',(-1.51050751649681E-15,1.,1.66533453693781E-16));
#3590=DIRECTION('',(-0.500000000000003,0.866025403784437,5.39739154001489E-16));
#3591=DIRECTION('center_axis',(7.91033905045427E-16,-1.6653345369378E-16,
1.));
#3592=DIRECTION('ref_axis',(-0.866025403784439,0.5,7.68322183871037E-16));
#3593=DIRECTION('',(-0.5,-0.866025403784439,2.5129475104394E-16));
#3594=DIRECTION('center_axis',(7.91033905045427E-16,-1.6653345369378E-16,
1.));
#3595=DIRECTION('ref_axis',(-1.,-6.04203006598725E-15,7.91033905045426E-16));
#3596=DIRECTION('',(1.35796715801563E-15,-1.,-1.66533453693782E-16));
#3597=DIRECTION('center_axis',(7.91033905045427E-16,-1.6653345369378E-16,
1.));
#3598=DIRECTION('ref_axis',(1.51050751649681E-15,-1.,-1.66533453693781E-16));
#3599=DIRECTION('',(1.,1.3766793038938E-15,-7.91033905045426E-16));
#3600=DIRECTION('center_axis',(-7.91033905045427E-16,1.6653345369378E-16,
-1.));
#3601=DIRECTION('ref_axis',(-1.31733608196093E-31,-1.,-1.6653345369378E-16));
#3602=DIRECTION('center_axis',(-7.91033905045427E-16,1.6653345369378E-16,
-1.));
#3603=DIRECTION('ref_axis',(-1.,-1.31733608196093E-31,7.91033905045427E-16));
#3604=DIRECTION('center_axis',(-7.91033905045427E-16,1.6653345369378E-16,
-1.));
#3605=DIRECTION('ref_axis',(1.,1.31733608196093E-31,-7.91033905045427E-16));
#3606=DIRECTION('center_axis',(-7.91033905045427E-16,1.6653345369378E-16,
-1.));
#3607=DIRECTION('ref_axis',(1.31733608196093E-31,1.,1.6653345369378E-16));
#3608=DIRECTION('center_axis',(7.91033905045427E-16,-1.6653345369378E-16,
1.));
#3609=DIRECTION('ref_axis',(1.,1.31733608196093E-31,-7.91033905045427E-16));
#3610=DIRECTION('center_axis',(7.91033905045427E-16,-1.6653345369378E-16,
1.));
#3611=DIRECTION('ref_axis',(1.,1.31733608196093E-31,-7.91033905045427E-16));
#3612=DIRECTION('center_axis',(7.91033905045427E-16,-1.6653345369378E-16,
1.));
#3613=DIRECTION('ref_axis',(1.,1.31733608196093E-31,-7.91033905045427E-16));
#3614=DIRECTION('center_axis',(7.91033905045427E-16,-1.6653345369378E-16,
1.));
#3615=DIRECTION('ref_axis',(1.,1.31733608196093E-31,-7.91033905045427E-16));
#3616=DIRECTION('center_axis',(7.85046229341888E-17,-0.707106781186548,
0.707106781186547));
#3617=DIRECTION('ref_axis',(1.,-9.86076131526265E-32,-1.11022302462516E-16));
#3618=DIRECTION('',(0.,-0.707106781186547,-0.707106781186548));
#3619=DIRECTION('',(-1.,-1.11022302462516E-16,0.));
#3620=DIRECTION('',(1.32031320583453E-15,-0.707106781186547,-0.707106781186548));
#3621=DIRECTION('',(1.,1.11022302462516E-16,0.));
#3622=DIRECTION('center_axis',(0.,0.,1.));
#3623=DIRECTION('ref_axis',(1.,0.,0.));
#3624=DIRECTION('',(1.8672048422715E-15,-1.,-1.66533453693782E-16));
#3625=DIRECTION('',(-1.,0.,0.));
#3626=DIRECTION('',(0.,-1.,0.));
#3627=DIRECTION('center_axis',(0.,0.707106781186548,0.707106781186547));
#3628=DIRECTION('ref_axis',(1.,0.,0.));
#3629=DIRECTION('',(0.,-0.707106781186547,0.707106781186548));
#3630=DIRECTION('',(1.32031320583453E-15,-0.707106781186547,0.707106781186548));
#3631=DIRECTION('center_axis',(0.,0.,1.));
#3632=DIRECTION('ref_axis',(1.,0.,0.));
#3633=DIRECTION('',(0.,0.,1.));
#3634=DIRECTION('center_axis',(7.91033905045427E-16,-1.6653345369378E-16,
1.));
#3635=DIRECTION('ref_axis',(1.,1.31733608196093E-31,-7.91033905045427E-16));
#3636=DIRECTION('center_axis',(-7.91033905045427E-16,1.6653345369378E-16,
-1.));
#3637=DIRECTION('ref_axis',(-1.,0.,7.91033905045427E-16));
#3638=DIRECTION('center_axis',(0.,0.,1.));
#3639=DIRECTION('ref_axis',(1.,0.,0.));
#3640=DIRECTION('',(0.,0.,1.));
#3641=DIRECTION('center_axis',(7.91033905045427E-16,-1.6653345369378E-16,
1.));
#3642=DIRECTION('ref_axis',(1.,1.31733608196093E-31,-7.91033905045427E-16));
#3643=DIRECTION('center_axis',(-7.91033905045427E-16,1.6653345369378E-16,
-1.));
#3644=DIRECTION('ref_axis',(-1.,0.,7.91033905045427E-16));
#3645=DIRECTION('center_axis',(0.,0.,1.));
#3646=DIRECTION('ref_axis',(1.,0.,0.));
#3647=DIRECTION('',(0.,0.,1.));
#3648=DIRECTION('center_axis',(7.91033905045427E-16,-1.6653345369378E-16,
1.));
#3649=DIRECTION('ref_axis',(1.,1.31733608196093E-31,-7.91033905045427E-16));
#3650=DIRECTION('center_axis',(-7.91033905045427E-16,1.6653345369378E-16,
-1.));
#3651=DIRECTION('ref_axis',(-1.,0.,7.91033905045427E-16));
#3652=DIRECTION('center_axis',(0.,0.,1.));
#3653=DIRECTION('ref_axis',(1.,0.,0.));
#3654=DIRECTION('',(0.,0.,1.));
#3655=DIRECTION('center_axis',(7.91033905045427E-16,-1.6653345369378E-16,
1.));
#3656=DIRECTION('ref_axis',(1.,1.31733608196093E-31,-7.91033905045427E-16));
#3657=DIRECTION('center_axis',(-7.91033905045427E-16,1.6653345369378E-16,
-1.));
#3658=DIRECTION('ref_axis',(-1.,0.,7.91033905045427E-16));
#3659=DIRECTION('center_axis',(0.866025403784438,-0.5,-7.64345675975094E-16));
#3660=DIRECTION('ref_axis',(0.5,0.866025403784438,-2.5129475104394E-16));
#3661=DIRECTION('',(7.40148683083437E-16,-2.46716227694479E-16,1.));
#3662=DIRECTION('',(0.5,0.866025403784438,-2.5129475104394E-16));
#3663=DIRECTION('',(8.82590363556295E-16,1.21504388732406E-30,1.));
#3664=DIRECTION('center_axis',(7.40148683083437E-16,-2.46716227694479E-16,
1.));
#3665=DIRECTION('ref_axis',(0.866025403784439,-0.499999999999999,-7.64345675975094E-16));
#3666=DIRECTION('',(7.40148683083437E-16,-2.46716227694479E-16,1.));
#3667=DIRECTION('center_axis',(7.91033905045427E-16,-1.6653345369378E-16,
1.));
#3668=DIRECTION('ref_axis',(0.866025403784439,-0.499999999999999,-7.68322183871038E-16));
#3669=DIRECTION('center_axis',(-0.866025403784437,-0.500000000000003,5.17629448280613E-16));
#3670=DIRECTION('ref_axis',(0.500000000000003,-0.866025403784437,-5.39739154001489E-16));
#3671=DIRECTION('',(-5.97707002610579E-16,-8.22850860286382E-31,-1.));
#3672=DIRECTION('',(0.500000000000003,-0.866025403784437,-5.39739154001489E-16));
#3673=DIRECTION('center_axis',(-7.91033905045427E-16,1.6653345369378E-16,
-1.));
#3674=DIRECTION('ref_axis',(1.,0.,-7.91033905045427E-16));
#3675=DIRECTION('',(-1.,-1.3766793038938E-15,7.91033905045427E-16));
#3676=DIRECTION('center_axis',(0.866025403784437,0.500000000000003,-5.17629448280613E-16));
#3677=DIRECTION('ref_axis',(-0.500000000000003,0.866025403784437,5.39739154001489E-16));
#3678=DIRECTION('',(-0.500000000000003,0.866025403784437,5.39739154001489E-16));
#3679=DIRECTION('',(7.40148683083437E-16,-2.46716227694479E-16,1.));
#3680=DIRECTION('center_axis',(-0.866025403784439,0.5,7.64345675975094E-16));
#3681=DIRECTION('ref_axis',(-0.5,-0.866025403784439,2.5129475104394E-16));
#3682=DIRECTION('',(7.40148683083437E-16,-2.46716227694479E-16,1.));
#3683=DIRECTION('',(-0.5,-0.866025403784439,2.5129475104394E-16));
#3684=DIRECTION('center_axis',(7.40148683083437E-16,-2.46716227694479E-16,
1.));
#3685=DIRECTION('ref_axis',(-0.866025403784439,0.5,7.64345675975094E-16));
#3686=DIRECTION('center_axis',(7.91033905045427E-16,-1.6653345369378E-16,
1.));
#3687=DIRECTION('ref_axis',(-0.866025403784439,0.5,7.68322183871037E-16));
#3688=DIRECTION('center_axis',(-7.91033905045427E-16,1.6653345369378E-16,
-1.));
#3689=DIRECTION('ref_axis',(1.,0.,-7.91033905045427E-16));
#3690=DIRECTION('center_axis',(-7.91033905045427E-16,1.6653345369378E-16,
-1.));
#3691=DIRECTION('ref_axis',(1.,7.7037197775461E-34,-7.91033905045427E-16));
#3692=DIRECTION('center_axis',(-7.91033905045427E-16,1.6653345369378E-16,
-1.));
#3693=DIRECTION('ref_axis',(1.,-2.18952885050753E-47,-7.91033905045427E-16));
#3694=DIRECTION('center_axis',(7.91033905045427E-16,-1.6653345369378E-16,
1.));
#3695=DIRECTION('ref_axis',(1.,-2.18952885050753E-47,-7.91033905045427E-16));
#3696=DIRECTION('center_axis',(7.40148683083437E-16,-1.85037170770859E-16,
1.));
#3697=DIRECTION('ref_axis',(1.,-9.41565750589377E-33,-7.40148683083437E-16));
#3698=DIRECTION('center_axis',(7.91033905045427E-16,-1.6653345369378E-16,
1.));
#3699=DIRECTION('ref_axis',(1.,-9.41565750588992E-34,-7.91033905045427E-16));
#3700=DIRECTION('',(7.40148683083437E-16,-1.85037170770859E-16,1.));
#3701=DIRECTION('center_axis',(7.91033905045427E-16,-1.6653345369378E-16,
1.));
#3702=DIRECTION('ref_axis',(1.,2.18952885050753E-47,-7.91033905045427E-16));
#3703=DIRECTION('center_axis',(-7.91033905045427E-16,1.6653345369378E-16,
-1.));
#3704=DIRECTION('ref_axis',(1.,2.18952885050753E-47,-7.91033905045427E-16));
#3705=DIRECTION('center_axis',(7.40148683083438E-16,-1.8503717077086E-16,
1.));
#3706=DIRECTION('ref_axis',(1.,-9.41565750589357E-33,-7.40148683083438E-16));
#3707=DIRECTION('center_axis',(7.91033905045427E-16,-1.6653345369378E-16,
1.));
#3708=DIRECTION('ref_axis',(1.,-9.4156575058897E-34,-7.91033905045427E-16));
#3709=DIRECTION('',(7.40148683083438E-16,-1.8503717077086E-16,1.));
#3710=DIRECTION('center_axis',(7.91033905045427E-16,-1.6653345369378E-16,
1.));
#3711=DIRECTION('ref_axis',(1.,-2.18952885050753E-47,-7.91033905045427E-16));
#3712=DIRECTION('center_axis',(-7.91033905045427E-16,1.6653345369378E-16,
-1.));
#3713=DIRECTION('ref_axis',(1.,-2.18952885050753E-47,-7.91033905045427E-16));
#3714=DIRECTION('center_axis',(7.40148683083437E-16,-1.85037170770859E-16,
1.));
#3715=DIRECTION('ref_axis',(1.,-9.41565750589377E-33,-7.40148683083437E-16));
#3716=DIRECTION('center_axis',(7.91033905045427E-16,-1.6653345369378E-16,
1.));
#3717=DIRECTION('ref_axis',(1.,-9.41565750588992E-34,-7.91033905045427E-16));
#3718=DIRECTION('',(7.40148683083437E-16,-1.85037170770859E-16,1.));
#3719=DIRECTION('center_axis',(7.91033905045427E-16,-1.6653345369378E-16,
1.));
#3720=DIRECTION('ref_axis',(1.,2.18952885050753E-47,-7.91033905045427E-16));
#3721=DIRECTION('center_axis',(-7.91033905045427E-16,1.6653345369378E-16,
-1.));
#3722=DIRECTION('ref_axis',(1.,2.18952885050753E-47,-7.91033905045427E-16));
#3723=DIRECTION('center_axis',(7.07133409879931E-16,-1.76783352469983E-16,
1.));
#3724=DIRECTION('ref_axis',(-1.,-1.59553009526969E-14,7.07133409879928E-16));
#3725=DIRECTION('center_axis',(7.91033905045427E-16,-1.6653345369378E-16,
1.));
#3726=DIRECTION('ref_axis',(-1.,-1.59553009526969E-14,7.91033905045424E-16));
#3727=DIRECTION('center_axis',(7.91033905045427E-16,-1.6653345369378E-16,
1.));
#3728=DIRECTION('ref_axis',(-1.,-1.59553009526969E-14,7.91033905045424E-16));
#3729=DIRECTION('',(7.07133409879931E-16,-1.76783352469983E-16,1.));
#3730=DIRECTION('center_axis',(-1.,-1.75716855873882E-15,7.07133409879931E-16));
#3731=DIRECTION('ref_axis',(1.75716855873882E-15,-1.,-1.66533453693782E-16));
#3732=DIRECTION('',(1.75716855873882E-15,-1.,-1.66533453693782E-16));
#3733=DIRECTION('',(1.75716855873882E-15,-1.,-1.66533453693782E-16));
#3734=DIRECTION('',(7.07133409879931E-16,-1.76783352469983E-16,1.));
#3735=DIRECTION('center_axis',(7.07133409879931E-16,-1.76783352469983E-16,
1.));
#3736=DIRECTION('ref_axis',(1.,-5.81573087807832E-15,-7.07133409879932E-16));
#3737=DIRECTION('center_axis',(-7.91033905045427E-16,1.6653345369378E-16,
-1.));
#3738=DIRECTION('ref_axis',(1.,-5.81573087807832E-15,-7.91033905045428E-16));
#3739=DIRECTION('center_axis',(-7.91033905045427E-16,1.6653345369378E-16,
-1.));
#3740=DIRECTION('ref_axis',(1.,-5.81573087807832E-15,-7.91033905045428E-16));
#3741=DIRECTION('',(7.07133409879931E-16,-1.76783352469983E-16,1.));
#3742=DIRECTION('center_axis',(1.53366904907468E-15,1.,1.76783352469982E-16));
#3743=DIRECTION('ref_axis',(-1.,1.53366904907468E-15,7.91033905045427E-16));
#3744=DIRECTION('',(-1.,1.53366904907467E-15,7.91033905045427E-16));
#3745=DIRECTION('',(-1.,1.53366904907467E-15,7.91033905045427E-16));
#3746=DIRECTION('',(7.07133409879931E-16,-1.76783352469983E-16,1.));
#3747=DIRECTION('center_axis',(7.07133409879931E-16,-1.76783352469983E-16,
1.));
#3748=DIRECTION('ref_axis',(-1.,-1.49580946431533E-14,7.07133409879928E-16));
#3749=DIRECTION('center_axis',(7.91033905045427E-16,-1.6653345369378E-16,
1.));
#3750=DIRECTION('ref_axis',(-1.,-1.49580946431533E-14,7.91033905045424E-16));
#3751=DIRECTION('center_axis',(7.91033905045427E-16,-1.6653345369378E-16,
1.));
#3752=DIRECTION('ref_axis',(-1.,-1.49580946431533E-14,7.91033905045424E-16));
#3753=DIRECTION('',(7.07133409879931E-16,-1.76783352469983E-16,1.));
#3754=DIRECTION('center_axis',(-1.,-1.45698559662094E-15,7.07133409879931E-16));
#3755=DIRECTION('ref_axis',(1.45698559662094E-15,-1.,-1.66533453693782E-16));
#3756=DIRECTION('',(1.45698559662094E-15,-1.,-1.66533453693782E-16));
#3757=DIRECTION('',(1.45698559662094E-15,-1.,-1.66533453693782E-16));
#3758=DIRECTION('',(7.07133409879931E-16,-1.76783352469983E-16,1.));
#3759=DIRECTION('center_axis',(7.07133409879931E-16,-1.76783352469983E-16,
1.));
#3760=DIRECTION('ref_axis',(7.53456779561884E-31,-1.,-1.76783352469983E-16));
#3761=DIRECTION('center_axis',(7.91033905045427E-16,-1.6653345369378E-16,
1.));
#3762=DIRECTION('ref_axis',(7.61564797017144E-31,-1.,-1.6653345369378E-16));
#3763=DIRECTION('center_axis',(7.91033905045427E-16,-1.6653345369378E-16,
1.));
#3764=DIRECTION('ref_axis',(7.61564797017144E-31,-1.,-1.6653345369378E-16));
#3765=DIRECTION('',(7.07133409879931E-16,-1.76783352469983E-16,1.));
#3766=DIRECTION('center_axis',(1.150251786806E-15,-1.,-1.76783352469984E-16));
#3767=DIRECTION('ref_axis',(1.,1.150251786806E-15,-6.92571010134409E-15));
#3768=DIRECTION('',(1.,1.150251786806E-15,-7.91033905045426E-16));
#3769=DIRECTION('',(1.,1.150251786806E-15,-7.91033905045426E-16));
#3770=DIRECTION('',(7.07133409879931E-16,-1.76783352469983E-16,1.));
#3771=DIRECTION('center_axis',(7.07133409879931E-16,-1.76783352469983E-16,
1.));
#3772=DIRECTION('ref_axis',(1.38981654068633E-31,1.,1.76783352469983E-16));
#3773=DIRECTION('center_axis',(-7.91033905045427E-16,1.6653345369378E-16,
-1.));
#3774=DIRECTION('ref_axis',(1.30873636613373E-31,1.,1.6653345369378E-16));
#3775=DIRECTION('center_axis',(-7.91033905045427E-16,1.6653345369378E-16,
-1.));
#3776=DIRECTION('ref_axis',(1.30873636613373E-31,1.,1.6653345369378E-16));
#3777=DIRECTION('',(7.07133409879931E-16,-1.76783352469983E-16,1.));
#3778=DIRECTION('center_axis',(-1.,-8.78584279369412E-16,7.07133409879931E-16));
#3779=DIRECTION('ref_axis',(8.78584279369412E-16,-1.,-1.66533453693781E-16));
#3780=DIRECTION('',(8.78584279369412E-16,-1.,-1.66533453693781E-16));
#3781=DIRECTION('',(8.78584279369412E-16,-1.,-1.66533453693781E-16));
#3782=DIRECTION('',(7.07133409879931E-16,-1.76783352469983E-16,1.));
#3783=DIRECTION('center_axis',(7.07133409879931E-16,-1.76783352469983E-16,
1.));
#3784=DIRECTION('ref_axis',(2.65921682544948E-15,-1.,-1.76783352469985E-16));
#3785=DIRECTION('center_axis',(7.91033905045427E-16,-1.6653345369378E-16,
1.));
#3786=DIRECTION('ref_axis',(2.65921682544948E-15,-1.,-1.66533453693782E-16));
#3787=DIRECTION('center_axis',(7.91033905045427E-16,-1.6653345369378E-16,
1.));
#3788=DIRECTION('ref_axis',(2.65921682544948E-15,-1.,-1.66533453693782E-16));
#3789=DIRECTION('',(7.07133409879931E-16,-1.76783352469983E-16,1.));
#3790=DIRECTION('center_axis',(7.07133409879931E-16,-1.76783352469983E-16,
1.));
#3791=DIRECTION('ref_axis',(1.45393271951959E-15,-1.,-1.76783352469984E-16));
#3792=DIRECTION('center_axis',(-7.91033905045427E-16,1.6653345369378E-16,
-1.));
#3793=DIRECTION('ref_axis',(1.45393271951959E-15,-1.,-1.66533453693781E-16));
#3794=DIRECTION('',(7.07133409879931E-16,-1.76783352469983E-16,1.));
#3795=DIRECTION('center_axis',(-7.91033905045427E-16,1.6653345369378E-16,
-1.));
#3796=DIRECTION('ref_axis',(1.45393271951959E-15,-1.,-1.66533453693781E-16));
#3797=DIRECTION('',(7.07133409879931E-16,-1.76783352469983E-16,1.));
#3798=DIRECTION('center_axis',(-1.53366904907467E-15,1.,1.76783352469984E-16));
#3799=DIRECTION('ref_axis',(-1.,-1.53366904907467E-15,7.91033905045427E-16));
#3800=DIRECTION('',(-1.,-1.53366904907467E-15,7.91033905045426E-16));
#3801=DIRECTION('',(7.07133409879931E-16,-1.76783352469983E-16,1.));
#3802=DIRECTION('',(-1.,-1.53366904907467E-15,7.91033905045426E-16));
#3803=DIRECTION('center_axis',(7.07133409879931E-16,-1.76783352469983E-16,
1.));
#3804=DIRECTION('ref_axis',(-2.65921682544947E-15,1.,1.76783352469985E-16));
#3805=DIRECTION('center_axis',(7.91033905045427E-16,-1.6653345369378E-16,
1.));
#3806=DIRECTION('ref_axis',(-2.65921682544947E-15,1.,1.66533453693782E-16));
#3807=DIRECTION('',(7.07133409879931E-16,-1.76783352469983E-16,1.));
#3808=DIRECTION('center_axis',(7.91033905045427E-16,-1.6653345369378E-16,
1.));
#3809=DIRECTION('ref_axis',(-2.65921682544947E-15,1.,1.66533453693782E-16));
#3810=DIRECTION('center_axis',(1.17434727739852E-15,-1.,-1.76783352469984E-16));
#3811=DIRECTION('ref_axis',(1.,1.17434727739852E-15,-7.91033905045427E-16));
#3812=DIRECTION('',(1.,1.17434727739852E-15,-7.91033905045426E-16));
#3813=DIRECTION('',(7.07133409879931E-16,-1.76783352469983E-16,1.));
#3814=DIRECTION('',(1.,1.17434727739852E-15,-7.91033905045426E-16));
#3815=DIRECTION('',(7.07133409879931E-16,-1.76783352469983E-16,1.));
#3816=DIRECTION('center_axis',(7.07133409879931E-16,-1.76783352469983E-16,
1.));
#3817=DIRECTION('ref_axis',(1.,-1.56228988495156E-14,-7.07133409879934E-16));
#3818=DIRECTION('center_axis',(7.91033905045427E-16,-1.6653345369378E-16,
1.));
#3819=DIRECTION('ref_axis',(1.,-1.56228988495156E-14,-7.9103390504543E-16));
#3820=DIRECTION('',(7.07133409879931E-16,-1.76783352469983E-16,1.));
#3821=DIRECTION('center_axis',(7.91033905045427E-16,-1.6653345369378E-16,
1.));
#3822=DIRECTION('ref_axis',(1.,-1.56228988495156E-14,-7.9103390504543E-16));
#3823=DIRECTION('center_axis',(2.30050357361201E-15,-1.,-1.76783352469984E-16));
#3824=DIRECTION('ref_axis',(1.,2.30050357361201E-15,-7.91033905045426E-16));
#3825=DIRECTION('',(1.,2.30050357361201E-15,-7.91033905045426E-16));
#3826=DIRECTION('',(7.07133409879931E-16,-1.76783352469983E-16,1.));
#3827=DIRECTION('',(1.,2.30050357361201E-15,-7.91033905045426E-16));
#3828=DIRECTION('center_axis',(7.07133409879931E-16,-1.76783352469983E-16,
1.));
#3829=DIRECTION('ref_axis',(-1.,-1.09044953963969E-14,7.07133409879929E-16));
#3830=DIRECTION('center_axis',(-7.91033905045427E-16,1.6653345369378E-16,
-1.));
#3831=DIRECTION('ref_axis',(-1.,-1.09044953963969E-14,7.91033905045425E-16));
#3832=DIRECTION('',(7.07133409879931E-16,-1.76783352469983E-16,1.));
#3833=DIRECTION('center_axis',(-7.91033905045427E-16,1.6653345369378E-16,
-1.));
#3834=DIRECTION('ref_axis',(-1.,-1.09044953963969E-14,7.91033905045425E-16));
#3835=DIRECTION('center_axis',(1.,1.75716855873882E-15,-7.07133409879931E-16));
#3836=DIRECTION('ref_axis',(-1.75716855873882E-15,1.,1.66533453693782E-16));
#3837=DIRECTION('',(-1.75716855873882E-15,1.,1.66533453693782E-16));
#3838=DIRECTION('',(7.07133409879931E-16,-1.76783352469983E-16,1.));
#3839=DIRECTION('',(-1.75716855873882E-15,1.,1.66533453693782E-16));
#3840=DIRECTION('center_axis',(7.07133409879931E-16,-1.76783352469983E-16,
1.));
#3841=DIRECTION('ref_axis',(1.,-1.72849093654216E-14,-7.07133409879934E-16));
#3842=DIRECTION('center_axis',(7.91033905045427E-16,-1.6653345369378E-16,
1.));
#3843=DIRECTION('ref_axis',(1.,-1.72849093654216E-14,-7.9103390504543E-16));
#3844=DIRECTION('',(7.07133409879931E-16,-1.76783352469983E-16,1.));
#3845=DIRECTION('center_axis',(7.91033905045427E-16,-1.6653345369378E-16,
1.));
#3846=DIRECTION('ref_axis',(1.,-1.72849093654216E-14,-7.9103390504543E-16));
#3847=DIRECTION('center_axis',(7.91033905045427E-16,-1.6653345369378E-16,
1.));
#3848=DIRECTION('ref_axis',(1.,0.,-7.91033905045427E-16));
#3849=DIRECTION('',(-1.,-1.3766793038938E-15,7.91033905045426E-16));
#3850=DIRECTION('center_axis',(-7.91033905045427E-16,1.6653345369378E-16,
-1.));
#3851=DIRECTION('ref_axis',(1.51050751649681E-15,-1.,-1.66533453693781E-16));
#3852=DIRECTION('',(-1.35796715801563E-15,1.,1.66533453693782E-16));
#3853=DIRECTION('center_axis',(-7.91033905045427E-16,1.6653345369378E-16,
-1.));
#3854=DIRECTION('ref_axis',(-1.,-6.04203006598725E-15,7.91033905045426E-16));
#3855=DIRECTION('center_axis',(7.91033905045427E-16,-1.6653345369378E-16,
1.));
#3856=DIRECTION('ref_axis',(1.,0.,-7.91033905045427E-16));
#3857=DIRECTION('',(1.8672048422715E-15,-1.,-1.66533453693782E-16));
#3858=DIRECTION('center_axis',(-7.91033905045427E-16,1.6653345369378E-16,
-1.));
#3859=DIRECTION('ref_axis',(1.,-6.79728382423562E-15,-7.91033905045428E-16));
#3860=DIRECTION('',(-1.,-1.3766793038938E-15,7.91033905045426E-16));
#3861=DIRECTION('center_axis',(1.3766793038938E-15,-1.,0.));
#3862=DIRECTION('ref_axis',(1.,1.3766793038938E-15,-7.91033905045427E-16));
#3863=DIRECTION('',(0.,0.,1.));
#3864=DIRECTION('',(1.,1.3766793038938E-15,-7.91033905045426E-16));
#3865=DIRECTION('',(0.,0.,1.));
#3866=DIRECTION('center_axis',(1.,1.8672048422715E-15,0.));
#3867=DIRECTION('ref_axis',(-1.8672048422715E-15,1.,1.66533453693782E-16));
#3868=DIRECTION('',(0.,0.,1.));
#3869=DIRECTION('',(-1.8672048422715E-15,1.,1.66533453693782E-16));
#3870=DIRECTION('',(0.,0.,1.));
#3871=DIRECTION('',(1.8672048422715E-15,-1.,-1.66533453693782E-16));
#3872=DIRECTION('',(0.,0.,1.));
#3873=DIRECTION('center_axis',(0.,0.,1.));
#3874=DIRECTION('ref_axis',(1.51050751649681E-15,-1.,0.));
#3875=DIRECTION('',(0.,0.,1.));
#3876=DIRECTION('center_axis',(-1.,-1.35796715801563E-15,0.));
#3877=DIRECTION('ref_axis',(1.35796715801563E-15,-1.,-1.66533453693782E-16));
#3878=DIRECTION('',(0.,0.,1.));
#3879=DIRECTION('center_axis',(0.,0.,1.));
#3880=DIRECTION('ref_axis',(-1.,-6.04203006598725E-15,0.));
#3881=DIRECTION('center_axis',(0.,0.,1.));
#3882=DIRECTION('ref_axis',(-1.51050751649681E-15,1.,0.));
#3883=DIRECTION('center_axis',(-7.91033905045427E-16,1.6653345369378E-16,
-1.));
#3884=DIRECTION('ref_axis',(-1.51050751649681E-15,1.,1.66533453693781E-16));
#3885=DIRECTION('center_axis',(0.,0.,1.));
#3886=DIRECTION('ref_axis',(1.,-6.79728382423562E-15,0.));
#3887=DIRECTION('center_axis',(7.91033905045427E-16,-1.6653345369378E-16,
1.));
#3888=DIRECTION('ref_axis',(1.,0.,-7.91033905045427E-16));
#3889=DIRECTION('',(-1.,-1.95724546233086E-15,7.91033905045426E-16));
#3890=DIRECTION('',(-1.75716855873882E-15,1.,1.66533453693782E-16));
#3891=DIRECTION('center_axis',(7.91033905045427E-16,-1.6653345369378E-16,
1.));
#3892=DIRECTION('ref_axis',(1.,-9.41565750588992E-34,-7.91033905045427E-16));
#3893=DIRECTION('center_axis',(1.,0.,0.));
#3894=DIRECTION('ref_axis',(0.,1.,0.));
#3895=DIRECTION('',(0.,1.,1.6653345369378E-16));
#3896=DIRECTION('',(0.,0.,-1.));
#3897=DIRECTION('',(0.,0.,1.));
#3898=DIRECTION('center_axis',(1.,1.75716855873882E-15,-7.07133409879931E-16));
#3899=DIRECTION('ref_axis',(-1.75716855873882E-15,1.,1.66533453693782E-16));
#3900=DIRECTION('',(-1.75716855873882E-15,1.,1.66533453693782E-16));
#3901=DIRECTION('center_axis',(7.91033905045427E-16,-1.6653345369378E-16,
1.));
#3902=DIRECTION('ref_axis',(1.,0.,-7.91033905045427E-16));
#3903=DIRECTION('',(-1.,-1.95724546233086E-15,7.91033905045426E-16));
#3904=DIRECTION('center_axis',(7.40148683083438E-16,-1.8503717077086E-16,
1.));
#3905=DIRECTION('ref_axis',(1.,-9.4156575058936E-33,-7.40148683083438E-16));
#3906=DIRECTION('',(7.40148683083438E-16,-1.8503717077086E-16,1.));
#3907=DIRECTION('center_axis',(-0.342020143325667,-0.939692620785909,0.));
#3908=DIRECTION('ref_axis',(-0.939692620785909,0.342020143325667,0.));
#3909=DIRECTION('',(0.,0.,-1.));
#3910=DIRECTION('center_axis',(-0.939692502292325,0.342020468883939,0.));
#3911=DIRECTION('ref_axis',(0.342020468883939,0.939692502292324,0.));
#3912=DIRECTION('',(0.,0.,-1.));
#3913=DIRECTION('center_axis',(0.342020468884026,0.939692502292293,0.));
#3914=DIRECTION('ref_axis',(0.939692502292293,-0.342020468884026,0.));
#3915=DIRECTION('center_axis',(8.32667268468868E-16,-1.8503717077086E-16,
1.));
#3916=DIRECTION('ref_axis',(1.,7.70371977754853E-33,-8.32667268468868E-16));
#3917=DIRECTION('',(8.32667268468868E-16,-1.8503717077086E-16,1.));
#3918=DIRECTION('center_axis',(0.,0.,1.));
#3919=DIRECTION('ref_axis',(0.,-1.,0.));
#3920=DIRECTION('',(0.,0.,1.));
#3921=DIRECTION('center_axis',(0.,0.,1.));
#3922=DIRECTION('ref_axis',(-1.,0.,0.));
#3923=DIRECTION('',(0.,0.,1.));
#3924=DIRECTION('center_axis',(0.,0.,1.));
#3925=DIRECTION('ref_axis',(1.,0.,0.));
#3926=DIRECTION('',(0.,0.,1.));
#3927=DIRECTION('center_axis',(0.,0.,1.));
#3928=DIRECTION('ref_axis',(0.,1.,0.));
#3929=DIRECTION('',(0.,0.,1.));
#3930=DIRECTION('center_axis',(1.11022302462516E-16,-1.,0.));
#3931=DIRECTION('ref_axis',(1.,1.11022302462516E-16,0.));
#3932=DIRECTION('',(0.,0.,1.));
#3933=DIRECTION('center_axis',(-1.,0.,0.));
#3934=DIRECTION('ref_axis',(0.,-1.,0.));
#3935=CARTESIAN_POINT('',(0.,0.,0.));
#3936=CARTESIAN_POINT('Origin',(22.9839228236559,11.0104851678181,140.446922823656));
#3937=CARTESIAN_POINT('',(25.9750829503919,10.8249547071287,140.446922823656));
#3938=CARTESIAN_POINT('',(23.8527313167488,11.5974275284211,140.446922823656));
#3939=CARTESIAN_POINT('Origin',(25.1969228236558,11.9887703356361,140.446922823656));
#3940=CARTESIAN_POINT('',(33.4307795932937,8.11130305339401,140.446922823656));
#3941=CARTESIAN_POINT('Origin',(41.9856061499164,4.99760082747333,149.));
#3942=CARTESIAN_POINT('',(23.8527313167488,11.5974275284211,149.));
#3943=CARTESIAN_POINT('',(25.9750829503919,10.8249547071287,149.));
#3944=CARTESIAN_POINT('',(20.6075990079954,12.7785590950629,149.));
#3945=CARTESIAN_POINT('',(25.9750829503919,10.8249547071287,140.446922823656));
#3946=CARTESIAN_POINT('',(23.8527313167488,11.5974275284211,140.446922823656));
#3947=CARTESIAN_POINT('Origin',(25.1969228236558,11.9887703356361,140.446922823656));
#3948=CARTESIAN_POINT('Origin',(25.1969228236558,11.9887703356361,149.));
#3949=CARTESIAN_POINT('Origin',(0.93969262078585,25.2579805712144,149.));
#3950=CARTESIAN_POINT('Origin',(0.,-11.0000003576279,145.));
#3951=CARTESIAN_POINT('',(-5.28815221128714,-19.0000003576279,145.));
#3952=CARTESIAN_POINT('',(-7.9530771763441,-18.4000296643639,145.));
#3953=CARTESIAN_POINT('Origin',(-6.5530771763441,-18.4000296643639,145.));
#3954=CARTESIAN_POINT('',(29.3,-19.0000003576279,145.));
#3955=CARTESIAN_POINT('',(-14.65,-19.0000003576279,145.));
#3956=CARTESIAN_POINT('',(29.3,-6.,145.));
#3957=CARTESIAN_POINT('',(29.3,-15.0000003576279,145.));
#3958=CARTESIAN_POINT('',(28.,-6.,145.));
#3959=CARTESIAN_POINT('',(19.,-6.,145.));
#3960=CARTESIAN_POINT('',(28.,-3.00000035762786,145.));
#3961=CARTESIAN_POINT('',(28.,-8.50000017881393,145.));
#3962=CARTESIAN_POINT('',(-29.3,-3.00000035762786,145.));
#3963=CARTESIAN_POINT('',(14.,-3.00000035762786,145.));
#3964=CARTESIAN_POINT('',(-29.3,-19.0000003576279,145.));
#3965=CARTESIAN_POINT('',(-29.3,-7.00000035762786,145.));
#3966=CARTESIAN_POINT('',(-7.81800214140107,-19.0000003576279,145.));
#3967=CARTESIAN_POINT('',(-14.65,-19.0000003576279,145.));
#3968=CARTESIAN_POINT('Origin',(-6.5530771763441,-18.4000296643639,145.));
#3969=CARTESIAN_POINT('Origin',(29.3,-19.0000003576279,178.));
#3970=CARTESIAN_POINT('',(27.,-19.0000003576279,178.));
#3971=CARTESIAN_POINT('',(27.,-19.0000003576279,162.));
#3972=CARTESIAN_POINT('',(27.,-19.0000003576279,178.));
#3973=CARTESIAN_POINT('',(29.3,-19.0000003576279,178.));
#3974=CARTESIAN_POINT('',(14.65,-19.0000003576279,178.));
#3975=CARTESIAN_POINT('',(29.3,-19.0000003576279,178.));
#3976=CARTESIAN_POINT('',(-5.28815221128713,-19.0000003576279,149.));
#3977=CARTESIAN_POINT('',(-5.28815221128716,-19.0000003576279,123.282922823656));
#3978=CARTESIAN_POINT('',(-7.81800214140106,-19.0000003576279,149.));
#3979=CARTESIAN_POINT('',(11.3734614118279,-19.0000003576279,149.));
#3980=CARTESIAN_POINT('',(-7.81800214140108,-19.0000003576279,123.282922823656));
#3981=CARTESIAN_POINT('',(-29.3,-19.0000003576279,178.));
#3982=CARTESIAN_POINT('',(-29.3,-19.0000003576279,178.));
#3983=CARTESIAN_POINT('',(-27.,-19.0000003576279,178.));
#3984=CARTESIAN_POINT('',(14.65,-19.0000003576279,178.));
#3985=CARTESIAN_POINT('',(-27.,-19.0000003576279,162.));
#3986=CARTESIAN_POINT('',(-27.,-19.0000003576279,178.));
#3987=CARTESIAN_POINT('',(13.4999998994172,-19.0000003576279,162.));
#3988=CARTESIAN_POINT('Origin',(29.3,-6.,178.));
#3989=CARTESIAN_POINT('',(29.3,-6.,178.));
#3990=CARTESIAN_POINT('',(29.3,-3.,178.));
#3991=CARTESIAN_POINT('',(29.3,-6.,159.));
#3992=CARTESIAN_POINT('Origin',(-29.3,-3.00000035762786,178.));
#3993=CARTESIAN_POINT('',(-29.3,-3.00000035762786,178.));
#3994=CARTESIAN_POINT('',(28.,-3.00000035762786,178.));
#3995=CARTESIAN_POINT('',(-14.65,-3.00000035762786,178.));
#3996=CARTESIAN_POINT('',(-29.3,-3.00000035762786,178.));
#3997=CARTESIAN_POINT('',(28.,-3.00000035762786,159.));
#3998=CARTESIAN_POINT('Origin',(-29.3,-19.0000003576279,178.));
#3999=CARTESIAN_POINT('',(-29.3,-9.50000017881393,178.));
#4000=CARTESIAN_POINT('Origin',(38.,-6.,140.));
#4001=CARTESIAN_POINT('',(38.,-6.,178.));
#4002=CARTESIAN_POINT('',(38.,-6.,178.));
#4003=CARTESIAN_POINT('',(38.,-6.,129.782922823656));
#4004=CARTESIAN_POINT('',(38.,-6.,145.));
#4005=CARTESIAN_POINT('',(28.6449228236559,-6.,129.782922823656));
#4006=CARTESIAN_POINT('',(35.661230705914,-6.,129.782922823656));
#4007=CARTESIAN_POINT('',(28.6449228236559,-6.,140.446922823656));
#4008=CARTESIAN_POINT('',(28.6449228236559,-6.,131.641461411828));
#4009=CARTESIAN_POINT('',(28.,-6.,140.446922823656));
#4010=CARTESIAN_POINT('',(16.2314614118279,-6.,140.446922823656));
#4011=CARTESIAN_POINT('',(28.,-6.,169.));
#4012=CARTESIAN_POINT('Origin',(-6.55307717634412,-18.4000296643639,123.282922823656));
#4013=CARTESIAN_POINT('',(-7.95307717634412,-18.4000296643639,132.282922823656));
#4014=CARTESIAN_POINT('Origin',(-6.55307717634412,-18.4000296643639,132.282922823656));
#4015=CARTESIAN_POINT('',(-7.95307717634412,-18.4000296643639,123.282922823656));
#4016=CARTESIAN_POINT('Origin',(-6.5530771763441,-18.4000296643639,149.));
#4017=CARTESIAN_POINT('Origin',(-27.0000004023314,-31.000000461936,178.));
#4018=CARTESIAN_POINT('',(-27.0000004023314,-31.000000461936,178.));
#4019=CARTESIAN_POINT('',(-27.0000004023314,-27.7780484626933,178.));
#4020=CARTESIAN_POINT('',(-27.0000004023314,-15.500000230968,178.));
#4021=CARTESIAN_POINT('',(-27.0000004023314,-31.000000461936,162.));
#4022=CARTESIAN_POINT('',(-27.0000004023314,-31.000000461936,178.));
#4023=CARTESIAN_POINT('',(-27.0000004023314,-27.7780484626933,162.));
#4024=CARTESIAN_POINT('',(-27.0000004023314,-26.3890244362376,162.));
#4025=CARTESIAN_POINT('',(-27.0000004023314,-27.7780484626933,178.));
#4026=CARTESIAN_POINT('Origin',(27.,-31.000000461936,178.));
#4027=CARTESIAN_POINT('',(27.,-31.000000461936,178.));
#4028=CARTESIAN_POINT('',(13.5,-31.000000461936,178.));
#4029=CARTESIAN_POINT('',(27.,-31.000000461936,162.));
#4030=CARTESIAN_POINT('',(27.,-31.000000461936,178.));
#4031=CARTESIAN_POINT('',(-13.5000003017485,-31.000000461936,162.));
#4032=CARTESIAN_POINT('Origin',(27.,-27.7780482172233,178.));
#4033=CARTESIAN_POINT('',(27.,-27.7780482172233,178.));
#4034=CARTESIAN_POINT('',(27.,-13.8890241086117,178.));
#4035=CARTESIAN_POINT('',(27.,-27.7780482172233,162.));
#4036=CARTESIAN_POINT('',(27.,-27.7780482172233,178.));
#4037=CARTESIAN_POINT('',(27.,-28.000000435859,162.));
#4038=CARTESIAN_POINT('Origin',(29.,-24.5,178.));
#4039=CARTESIAN_POINT('',(27.,-21.2219517827767,178.));
#4040=CARTESIAN_POINT('Origin',(29.,-24.5,178.));
#4041=CARTESIAN_POINT('',(27.,-21.2219517827767,162.));
#4042=CARTESIAN_POINT('',(27.,-21.2219517827767,178.));
#4043=CARTESIAN_POINT('Origin',(29.,-24.5,162.));
#4044=CARTESIAN_POINT('Origin',(27.,-19.0000003576279,178.));
#4045=CARTESIAN_POINT('',(27.,-9.50000017881393,178.));
#4046=CARTESIAN_POINT('',(27.,-23.1109760962793,162.));
#4047=CARTESIAN_POINT('Origin',(-27.,-21.2219517827767,178.));
#4048=CARTESIAN_POINT('',(-27.,-21.2219517827767,178.));
#4049=CARTESIAN_POINT('',(-27.,-10.6109758913883,178.));
#4050=CARTESIAN_POINT('',(-27.,-21.2219517827767,162.));
#4051=CARTESIAN_POINT('',(-27.,-21.2219517827767,178.));
#4052=CARTESIAN_POINT('',(-27.,-22.0000003837049,162.));
#4053=CARTESIAN_POINT('Origin',(-29.,-24.5,178.));
#4054=CARTESIAN_POINT('',(-25.1599999850988,-24.5,178.));
#4055=CARTESIAN_POINT('Origin',(-29.,-24.5,178.));
#4056=CARTESIAN_POINT('Origin',(-29.,-24.5,178.));
#4057=CARTESIAN_POINT('Origin',(-29.,-24.5,162.));
#4058=CARTESIAN_POINT('Origin',(-2.01165673008319E-7,-25.0000004097819,
162.));
#4059=CARTESIAN_POINT('Origin',(25.7049228236558,16.0209703356361,123.282922823656));
#4060=CARTESIAN_POINT('',(17.3229228236558,16.0209703356361,126.330922823656));
#4061=CARTESIAN_POINT('',(17.3229228236558,16.0209703356361,140.446922823656));
#4062=CARTESIAN_POINT('',(17.3229228236558,16.0209703356361,123.282922823656));
#4063=CARTESIAN_POINT('',(-30.4290771763442,16.0209703356361,140.446922823656));
#4064=CARTESIAN_POINT('',(5.89292282365584,16.0209703356361,140.446922823656));
#4065=CARTESIAN_POINT('',(-30.4290771763442,16.0209703356361,126.330922823656));
#4066=CARTESIAN_POINT('',(-30.4290771763442,16.0209703356361,123.282922823656));
#4067=CARTESIAN_POINT('',(-38.8110771763442,16.020970335636,126.330922823656));
#4068=CARTESIAN_POINT('',(9.57592282365584,16.0209703356361,126.330922823656));
#4069=CARTESIAN_POINT('',(-38.8110771763442,16.020970335636,123.282922823656));
#4070=CARTESIAN_POINT('',(-38.8110771763442,16.020970335636,123.282922823656));
#4071=CARTESIAN_POINT('',(-13.007275835615,16.020970335636,123.282922823656));
#4072=CARTESIAN_POINT('',(12.8524614118279,16.0209703356361,123.282922823656));
#4073=CARTESIAN_POINT('',(-13.007275835615,16.020970335636,132.282922823656));
#4074=CARTESIAN_POINT('',(-13.007275835615,16.0209703356361,123.282922823656));
#4075=CARTESIAN_POINT('',(-0.0988785170733286,16.0209703356361,132.282922823656));
#4076=CARTESIAN_POINT('',(9.57592282365584,16.0209703356361,132.282922823656));
#4077=CARTESIAN_POINT('',(-0.0988785170733354,16.0209703356361,123.282922823656));
#4078=CARTESIAN_POINT('',(-0.0988785170733564,16.0209703356361,123.282922823656));
#4079=CARTESIAN_POINT('',(25.7049228236558,16.0209703356361,123.282922823656));
#4080=CARTESIAN_POINT('',(12.8524614118279,16.0209703356361,123.282922823656));
#4081=CARTESIAN_POINT('',(25.7049228236558,16.0209703356361,126.330922823656));
#4082=CARTESIAN_POINT('',(25.7049228236558,16.0209703356361,123.282922823656));
#4083=CARTESIAN_POINT('',(9.57592282365584,16.0209703356361,126.330922823656));
#4084=CARTESIAN_POINT('Origin',(-6.55307717634417,18.3999703356361,149.));
#4085=CARTESIAN_POINT('',(-7.95307717634417,18.3999703356361,149.));
#4086=CARTESIAN_POINT('Origin',(-6.55307717634417,18.3999703356361,149.));
#4087=CARTESIAN_POINT('Origin',(-6.55307717634411,-18.4000296643639,149.));
#4088=CARTESIAN_POINT('Origin',(22.9839228236559,11.010485167818,163.446922823656));
#4089=CARTESIAN_POINT('',(45.9690088071667,6.74029433090827,163.446922823656));
#4090=CARTESIAN_POINT('',(43.0116671414803,7.81667866977334,163.446922823656));
#4091=CARTESIAN_POINT('',(35.1346315229783,10.6836851691628,163.446922823656));
#4092=CARTESIAN_POINT('',(47.3212222231287,10.4554701575475,163.446922823656));
#4093=CARTESIAN_POINT('',(45.9869498075807,6.78958682442827,163.446922823656));
#4094=CARTESIAN_POINT('',(46.2591329563548,10.8914088662656,163.446922823656));
#4095=CARTESIAN_POINT('',(36.2785442103841,14.9879806952811,163.446922823656));
#4096=CARTESIAN_POINT('',(44.379747714783,11.575449152917,163.446922823656));
#4097=CARTESIAN_POINT('',(35.0240412634377,14.9806478217389,163.446922823656));
#4098=CARTESIAN_POINT('',(45.4058075831731,14.3945270353324,163.446922823656));
#4099=CARTESIAN_POINT('',(43.5505714035897,9.2973075241717,163.446922823656));
#4100=CARTESIAN_POINT('',(-40.1062215594614,45.5183603149554,163.446922823656));
#4101=CARTESIAN_POINT('',(-6.70591318831937,33.3616422525474,163.446922823656));
#4102=CARTESIAN_POINT('',(-41.474301713538,41.7595889577104,163.446922823656));
#4103=CARTESIAN_POINT('',(-42.6454981416415,38.5417552436658,163.446922823656));
#4104=CARTESIAN_POINT('',(-44.2933792204149,42.7856503643625,163.446922823656));
#4105=CARTESIAN_POINT('',(-9.48353551829102,30.1158897397568,163.446922823656));
#4106=CARTESIAN_POINT('',(-44.9774205238568,40.9062643550977,163.446922823656));
#4107=CARTESIAN_POINT('',(-45.8065925522252,38.6281353860602,163.446922823656));
#4108=CARTESIAN_POINT('',(-42.1583426614991,39.8802039251207,163.446922823656));
#4109=CARTESIAN_POINT('',(-8.75803429035698,27.7234858627127,163.446922823656));
#4110=CARTESIAN_POINT('',(-43.5264223416014,36.1214338701092,163.446922823656));
#4111=CARTESIAN_POINT('',(-43.6715578045565,35.7226774628781,163.446922823656));
#4112=CARTESIAN_POINT('',(41.9856061499164,4.99760082747332,163.446922823656));
#4113=CARTESIAN_POINT('',(20.6075988642578,12.7785591473791,163.446922823656));
#4114=CARTESIAN_POINT('',(42.3535009315732,6.0083834328106,163.446922823656));
#4115=CARTESIAN_POINT('Origin',(41.9856061499164,4.99760082747333,149.));
#4116=CARTESIAN_POINT('',(-43.5264223416014,36.1214338701092,178.));
#4117=CARTESIAN_POINT('',(-43.5264223416014,36.1214338701092,149.));
#4118=CARTESIAN_POINT('',(41.9856061499164,4.99760082747333,178.));
#4119=CARTESIAN_POINT('',(24.2515935144207,11.4522535608945,178.));
#4120=CARTESIAN_POINT('',(41.9856061499164,4.99760082747333,149.));
#4121=CARTESIAN_POINT('Origin',(-41.4743023646548,41.7595891946975,149.));
#4122=CARTESIAN_POINT('',(-40.1062215594615,45.5183603149554,178.));
#4123=CARTESIAN_POINT('',(-40.1062215594615,45.5183603149554,178.));
#4124=CARTESIAN_POINT('',(-41.474301713538,41.7595889577104,178.));
#4125=CARTESIAN_POINT('',(-45.759153118149,29.9870585037391,178.));
#4126=CARTESIAN_POINT('',(-41.474301713538,41.7595889577104,178.));
#4127=CARTESIAN_POINT('Origin',(-40.1062215594615,45.5183603149554,149.));
#4128=CARTESIAN_POINT('',(45.4058075831731,14.3945270353324,178.));
#4129=CARTESIAN_POINT('',(45.4058075831731,14.3945270353324,178.));
#4130=CARTESIAN_POINT('',(-15.0842196236399,36.4110964085651,178.));
#4131=CARTESIAN_POINT('Origin',(45.4058075831731,14.3945270353324,149.));
#4132=CARTESIAN_POINT('',(44.379747714783,11.575449152917,178.));
#4133=CARTESIAN_POINT('',(44.379747714783,11.575449152917,178.));
#4134=CARTESIAN_POINT('',(40.4369164270822,0.742610784245034,178.));
#4135=CARTESIAN_POINT('Origin',(44.379747714783,11.575449152917,149.));
#4136=CARTESIAN_POINT('',(46.2591329563548,10.8914088662656,178.));
#4137=CARTESIAN_POINT('',(46.2591329563548,10.8914088662656,149.));
#4138=CARTESIAN_POINT('',(26.6457348281172,18.0301019777566,178.));
#4139=CARTESIAN_POINT('Origin',(46.2591329563548,10.8914088662656,149.));
#4140=CARTESIAN_POINT('',(47.3212222231287,10.4554701575475,170.5));
#4141=CARTESIAN_POINT('',(47.3212222231287,10.4554701575475,149.));
#4142=CARTESIAN_POINT('',(48.1093418395529,10.1319833672658,170.5));
#4143=CARTESIAN_POINT('',(46.2591329563548,10.8914088662656,170.5));
#4144=CARTESIAN_POINT('',(48.1093418395529,10.1319833672658,178.));
#4145=CARTESIAN_POINT('',(48.1093418395529,10.1319833672658,178.));
#4146=CARTESIAN_POINT('',(28.9084071077573,18.0130824001071,178.));
#4147=CARTESIAN_POINT('Origin',(47.3212222231287,10.4554701575475,149.));
#4148=CARTESIAN_POINT('',(45.9690088071667,6.74029433090827,170.5));
#4149=CARTESIAN_POINT('',(45.9690088071667,6.74029433090827,149.));
#4150=CARTESIAN_POINT('',(44.5485785539751,2.83769428435423,170.5));
#4151=CARTESIAN_POINT('Origin',(45.9690088071667,6.74029433090827,149.));
#4152=CARTESIAN_POINT('',(43.0116671414803,7.81667866977335,178.));
#4153=CARTESIAN_POINT('',(43.0116671414803,7.81667866977335,149.));
#4154=CARTESIAN_POINT('',(47.9247979730302,6.02844529003362,178.));
#4155=CARTESIAN_POINT('',(26.7563250876577,13.7331393251804,178.));
#4156=CARTESIAN_POINT('',(47.9247979730302,6.02844529003362,170.5));
#4157=CARTESIAN_POINT('',(47.9247979730302,6.02844529003362,178.));
#4158=CARTESIAN_POINT('',(44.8910523830521,7.13263838312201,170.5));
#4159=CARTESIAN_POINT('Origin',(43.0116666391402,7.8166788526102,149.));
#4160=CARTESIAN_POINT('',(39.2398459550658,-2.54631330711607,178.));
#4161=CARTESIAN_POINT('Origin',(32.7349083551287,-1.18843424360887,178.));
#4162=CARTESIAN_POINT('',(50.1130927998933,6.02844529003362,178.));
#4163=CARTESIAN_POINT('',(32.9810719935218,-20.0039610303475,178.));
#4164=CARTESIAN_POINT('Origin',(32.7349083551287,-1.18843424360887,178.));
#4165=CARTESIAN_POINT('',(50.1130927998933,6.02844529003362,170.5));
#4166=CARTESIAN_POINT('',(50.1130927998933,6.02844529003362,178.));
#4167=CARTESIAN_POINT('',(32.9810719935218,-20.0039610303475,170.5));
#4168=CARTESIAN_POINT('Origin',(32.7349083551287,-1.18843424360887,170.5));
#4169=CARTESIAN_POINT('',(32.9810719935218,-20.0039610303475,178.));
#4170=CARTESIAN_POINT('Origin',(50.4961260229803,6.02844529003362,178.));
#4171=CARTESIAN_POINT('',(50.4961260229803,6.02844529003362,178.));
#4172=CARTESIAN_POINT('',(25.2480630114902,6.0284452900336,178.));
#4173=CARTESIAN_POINT('',(50.4961260229803,6.02844529003362,170.5));
#4174=CARTESIAN_POINT('',(50.4961260229803,6.02844529003362,178.));
#4175=CARTESIAN_POINT('',(47.9247979730302,6.02844529003362,170.5));
#4176=CARTESIAN_POINT('Origin',(35.1383163772305,-0.158385423349525,178.));
#4177=CARTESIAN_POINT('Origin',(35.1383163772305,-0.158385423349525,178.));
#4178=CARTESIAN_POINT('Origin',(35.1383163772305,-0.158385423349525,170.5));
#4179=CARTESIAN_POINT('Origin',(32.7349083551287,-1.18843424360887,178.));
#4180=CARTESIAN_POINT('',(49.4015231457109,1.05657093009464,178.));
#4181=CARTESIAN_POINT('Origin',(32.7349083551287,-1.18843424360887,178.));
#4182=CARTESIAN_POINT('',(49.4015231457108,1.05657093009465,177.414213562373));
#4183=CARTESIAN_POINT('',(49.4015231457109,1.05657093009465,178.));
#4184=CARTESIAN_POINT('',(49.4015231457109,1.05657093009464,170.5));
#4185=CARTESIAN_POINT('',(49.4015231457109,1.05657093009464,178.));
#4186=CARTESIAN_POINT('Origin',(32.7349083551287,-1.18843424360887,170.5));
#4187=CARTESIAN_POINT('Origin',(48.2,3.46944695195361E-17,178.));
#4188=CARTESIAN_POINT('',(49.5488493349584,-0.860584377956076,177.414213562373));
#4189=CARTESIAN_POINT('Origin',(48.2,3.46944695195361E-17,177.414213562373));
#4190=CARTESIAN_POINT('',(49.5488493349585,-0.860584377956086,170.5));
#4191=CARTESIAN_POINT('',(49.5488493349585,-0.860584377956086,178.));
#4192=CARTESIAN_POINT('Origin',(48.2,3.46944695195361E-17,170.5));
#4193=CARTESIAN_POINT('Origin',(32.7349083551287,-1.18843424360887,178.));
#4194=CARTESIAN_POINT('',(32.9549082406366,-18.0041321731622,178.));
#4195=CARTESIAN_POINT('',(49.5488493349585,-0.860584377956086,178.));
#4196=CARTESIAN_POINT('Origin',(32.7349083551287,-1.18843424360887,178.));
#4197=CARTESIAN_POINT('',(32.9549082406366,-18.0041321731622,170.5));
#4198=CARTESIAN_POINT('',(32.9549082406366,-18.0041321731622,178.));
#4199=CARTESIAN_POINT('Origin',(32.7349083551287,-1.18843424360887,170.5));
#4200=CARTESIAN_POINT('',(49.5488493349585,-0.860584377956096,178.));
#4201=CARTESIAN_POINT('Origin',(32.967990127615,-19.004046601617,178.));
#4202=CARTESIAN_POINT('Origin',(32.967990127615,-19.004046601617,178.));
#4203=CARTESIAN_POINT('Origin',(32.967990127615,-19.004046601617,170.5));
#4204=CARTESIAN_POINT('Origin',(41.7600177403437,-4.77428822203454,170.5));
#4205=CARTESIAN_POINT('Origin',(48.2,3.46944695195361E-17,178.));
#4206=CARTESIAN_POINT('Origin',(48.2,3.46944695195361E-17,178.));
#4207=CARTESIAN_POINT('',(46.6,9.18240530413435E-15,177.414213562373));
#4208=CARTESIAN_POINT('Origin',(48.2,3.46944695195361E-17,177.414213562373));
#4209=CARTESIAN_POINT('Origin',(48.2,3.46944695195361E-17,177.414213562373));
#4210=CARTESIAN_POINT('Ctrl Pts',(-8.88178419700125E-15,-55.,140.998196493721));
#4211=CARTESIAN_POINT('Ctrl Pts',(-8.88178419700125E-15,-55.,175.));
#4212=CARTESIAN_POINT('Ctrl Pts',(18.4985182512891,-55.,140.998196493721));
#4213=CARTESIAN_POINT('Ctrl Pts',(18.4985182512891,-55.,175.));
#4214=CARTESIAN_POINT('Ctrl Pts',(29.4702244546802,-54.1429252877041,140.998196493721));
#4215=CARTESIAN_POINT('Ctrl Pts',(29.4702244546802,-54.1429252877041,175.));
#4216=CARTESIAN_POINT('Ctrl Pts',(39.7364814788248,-51.2825226729332,140.998196493721));
#4217=CARTESIAN_POINT('Ctrl Pts',(39.7364814788248,-51.2825226729332,175.));
#4218=CARTESIAN_POINT('Ctrl Pts',(42.2035401066384,-50.1991998204407,140.998196493721));
#4219=CARTESIAN_POINT('Ctrl Pts',(42.2035401066384,-50.1991998204407,175.));
#4220=CARTESIAN_POINT('Ctrl Pts',(46.1634937697336,-47.5147404266171,140.998196493721));
#4221=CARTESIAN_POINT('Ctrl Pts',(46.1634937697336,-47.5147404266171,175.));
#4222=CARTESIAN_POINT('Ctrl Pts',(47.7253591958859,-45.9193374181498,140.998196493721));
#4223=CARTESIAN_POINT('Ctrl Pts',(47.7253591958859,-45.9193374181498,175.));
#4224=CARTESIAN_POINT('Ctrl Pts',(50.5903342326,-41.5327801330397,140.998196493721));
#4225=CARTESIAN_POINT('Ctrl Pts',(50.5903342326,-41.5327801330397,175.));
#4226=CARTESIAN_POINT('Ctrl Pts',(51.7834201337899,-38.4775874486166,140.998196493721));
#4227=CARTESIAN_POINT('Ctrl Pts',(51.7834201337899,-38.4775874486166,175.));
#4228=CARTESIAN_POINT('Ctrl Pts',(54.2905407535863,-27.3599285017665,140.998196493721));
#4229=CARTESIAN_POINT('Ctrl Pts',(54.2905407535863,-27.3599285017665,175.));
#4230=CARTESIAN_POINT('Ctrl Pts',(55.,-16.8302862017669,140.998196493721));
#4231=CARTESIAN_POINT('Ctrl Pts',(55.,-16.8302862017669,175.));
#4232=CARTESIAN_POINT('Ctrl Pts',(55.,-8.88178419700125E-15,140.998196493721));
#4233=CARTESIAN_POINT('Ctrl Pts',(55.,-8.88178419700125E-15,175.));
#4234=CARTESIAN_POINT('',(-3.33066907387547E-15,-55.,175.));
#4235=CARTESIAN_POINT('',(55.,-1.22124532708767E-14,175.));
#4236=CARTESIAN_POINT('Ctrl Pts',(-8.88178419700125E-15,-55.,175.));
#4237=CARTESIAN_POINT('Ctrl Pts',(18.4985182512891,-55.,175.));
#4238=CARTESIAN_POINT('Ctrl Pts',(29.4702244546802,-54.1429252877041,175.));
#4239=CARTESIAN_POINT('Ctrl Pts',(39.7364814788248,-51.2825226729332,175.));
#4240=CARTESIAN_POINT('Ctrl Pts',(42.2035401066384,-50.1991998204407,175.));
#4241=CARTESIAN_POINT('Ctrl Pts',(46.1634937697336,-47.5147404266171,175.));
#4242=CARTESIAN_POINT('Ctrl Pts',(47.7253591958859,-45.9193374181498,175.));
#4243=CARTESIAN_POINT('Ctrl Pts',(50.5903342326,-41.5327801330397,175.));
#4244=CARTESIAN_POINT('Ctrl Pts',(51.7834201337899,-38.4775874486166,175.));
#4245=CARTESIAN_POINT('Ctrl Pts',(54.2905407535863,-27.3599285017665,175.));
#4246=CARTESIAN_POINT('Ctrl Pts',(55.,-16.8302862017669,175.));
#4247=CARTESIAN_POINT('Ctrl Pts',(55.,-8.88178419700125E-15,175.));
#4248=CARTESIAN_POINT('',(-3.33066907387547E-15,-55.,141.));
#4249=CARTESIAN_POINT('',(-3.33066907387547E-15,-55.,141.));
#4250=CARTESIAN_POINT('',(55.,-1.22124532708767E-14,141.));
#4251=CARTESIAN_POINT('Ctrl Pts',(-8.88178419700125E-15,-55.,141.));
#4252=CARTESIAN_POINT('Ctrl Pts',(18.4985182512891,-55.,141.));
#4253=CARTESIAN_POINT('Ctrl Pts',(29.4702244546802,-54.1429252877041,141.));
#4254=CARTESIAN_POINT('Ctrl Pts',(39.7364814788248,-51.2825226729332,141.));
#4255=CARTESIAN_POINT('Ctrl Pts',(42.2035401066384,-50.1991998204407,141.));
#4256=CARTESIAN_POINT('Ctrl Pts',(46.1634937697336,-47.5147404266171,141.));
#4257=CARTESIAN_POINT('Ctrl Pts',(47.7253591958859,-45.9193374181498,141.));
#4258=CARTESIAN_POINT('Ctrl Pts',(50.5903342326,-41.5327801330397,141.));
#4259=CARTESIAN_POINT('Ctrl Pts',(51.7834201337899,-38.4775874486166,141.));
#4260=CARTESIAN_POINT('Ctrl Pts',(54.2905407535863,-27.3599285017665,141.));
#4261=CARTESIAN_POINT('Ctrl Pts',(55.,-16.8302862017669,141.));
#4262=CARTESIAN_POINT('Ctrl Pts',(55.,-8.88178419700125E-15,141.));
#4263=CARTESIAN_POINT('',(55.,-1.22124532708767E-14,170.));
#4264=CARTESIAN_POINT('Ctrl Pts',(-55.,4.44089209850063E-15,140.998196493721));
#4265=CARTESIAN_POINT('Ctrl Pts',(-55.,4.44089209850063E-15,175.));
#4266=CARTESIAN_POINT('Ctrl Pts',(-55.,-18.4985182512886,140.998196493721));
#4267=CARTESIAN_POINT('Ctrl Pts',(-55.,-18.4985182512886,175.));
#4268=CARTESIAN_POINT('Ctrl Pts',(-54.1429252877041,-29.47022445468,140.998196493721));
#4269=CARTESIAN_POINT('Ctrl Pts',(-54.1429252877041,-29.47022445468,175.));
#4270=CARTESIAN_POINT('Ctrl Pts',(-51.2825226729337,-39.7364814788227,140.998196493721));
#4271=CARTESIAN_POINT('Ctrl Pts',(-51.2825226729337,-39.7364814788227,175.));
#4272=CARTESIAN_POINT('Ctrl Pts',(-50.1991998204415,-42.2035401066371,140.998196493721));
#4273=CARTESIAN_POINT('Ctrl Pts',(-50.1991998204415,-42.2035401066371,175.));
#4274=CARTESIAN_POINT('Ctrl Pts',(-47.5147404266171,-46.1634937697336,140.998196493721));
#4275=CARTESIAN_POINT('Ctrl Pts',(-47.5147404266171,-46.1634937697336,175.));
#4276=CARTESIAN_POINT('Ctrl Pts',(-45.9193374181498,-47.7253591958858,140.998196493721));
#4277=CARTESIAN_POINT('Ctrl Pts',(-45.9193374181498,-47.7253591958858,175.));
#4278=CARTESIAN_POINT('Ctrl Pts',(-41.5327801330402,-50.5903342325997,140.998196493721));
#4279=CARTESIAN_POINT('Ctrl Pts',(-41.5327801330402,-50.5903342325997,175.));
#4280=CARTESIAN_POINT('Ctrl Pts',(-38.4775874486174,-51.7834201337897,140.998196493721));
#4281=CARTESIAN_POINT('Ctrl Pts',(-38.4775874486174,-51.7834201337897,175.));
#4282=CARTESIAN_POINT('Ctrl Pts',(-27.3599285017665,-54.2905407535863,140.998196493721));
#4283=CARTESIAN_POINT('Ctrl Pts',(-27.3599285017665,-54.2905407535863,175.));
#4284=CARTESIAN_POINT('Ctrl Pts',(-16.8302862017669,-55.,140.998196493721));
#4285=CARTESIAN_POINT('Ctrl Pts',(-16.8302862017669,-55.,175.));
#4286=CARTESIAN_POINT('Ctrl Pts',(-4.44089209850063E-15,-55.,140.998196493721));
#4287=CARTESIAN_POINT('Ctrl Pts',(-4.44089209850063E-15,-55.,175.));
#4288=CARTESIAN_POINT('',(-55.,-2.14622680169081E-15,175.));
#4289=CARTESIAN_POINT('Ctrl Pts',(-55.,4.44089209850063E-15,175.));
#4290=CARTESIAN_POINT('Ctrl Pts',(-55.,-18.4985182512886,175.));
#4291=CARTESIAN_POINT('Ctrl Pts',(-54.1429252877041,-29.47022445468,175.));
#4292=CARTESIAN_POINT('Ctrl Pts',(-51.2825226729337,-39.7364814788227,175.));
#4293=CARTESIAN_POINT('Ctrl Pts',(-50.1991998204415,-42.2035401066371,175.));
#4294=CARTESIAN_POINT('Ctrl Pts',(-47.5147404266171,-46.1634937697336,175.));
#4295=CARTESIAN_POINT('Ctrl Pts',(-45.9193374181498,-47.7253591958858,175.));
#4296=CARTESIAN_POINT('Ctrl Pts',(-41.5327801330402,-50.5903342325997,175.));
#4297=CARTESIAN_POINT('Ctrl Pts',(-38.4775874486174,-51.7834201337897,175.));
#4298=CARTESIAN_POINT('Ctrl Pts',(-27.3599285017665,-54.2905407535863,175.));
#4299=CARTESIAN_POINT('Ctrl Pts',(-16.8302862017669,-55.,175.));
#4300=CARTESIAN_POINT('Ctrl Pts',(-4.44089209850063E-15,-55.,175.));
#4301=CARTESIAN_POINT('',(-55.,-2.14622680169081E-15,141.));
#4302=CARTESIAN_POINT('',(-55.,-2.14622680169081E-15,141.));
#4303=CARTESIAN_POINT('Ctrl Pts',(-55.,4.44089209850063E-15,141.));
#4304=CARTESIAN_POINT('Ctrl Pts',(-55.,-18.4985182512886,141.));
#4305=CARTESIAN_POINT('Ctrl Pts',(-54.1429252877041,-29.47022445468,141.));
#4306=CARTESIAN_POINT('Ctrl Pts',(-51.2825226729337,-39.7364814788227,141.));
#4307=CARTESIAN_POINT('Ctrl Pts',(-50.1991998204415,-42.2035401066371,141.));
#4308=CARTESIAN_POINT('Ctrl Pts',(-47.5147404266171,-46.1634937697336,141.));
#4309=CARTESIAN_POINT('Ctrl Pts',(-45.9193374181498,-47.7253591958858,141.));
#4310=CARTESIAN_POINT('Ctrl Pts',(-41.5327801330402,-50.5903342325997,141.));
#4311=CARTESIAN_POINT('Ctrl Pts',(-38.4775874486174,-51.7834201337897,141.));
#4312=CARTESIAN_POINT('Ctrl Pts',(-27.3599285017665,-54.2905407535863,141.));
#4313=CARTESIAN_POINT('Ctrl Pts',(-16.8302862017669,-55.,141.));
#4314=CARTESIAN_POINT('Ctrl Pts',(-4.44089209850063E-15,-55.,141.));
#4315=CARTESIAN_POINT('Ctrl Pts',(8.88178419700125E-15,55.,140.998196493721));
#4316=CARTESIAN_POINT('Ctrl Pts',(8.88178419700125E-15,55.,175.));
#4317=CARTESIAN_POINT('Ctrl Pts',(-18.4985182512891,55.,140.998196493721));
#4318=CARTESIAN_POINT('Ctrl Pts',(-18.4985182512891,55.,175.));
#4319=CARTESIAN_POINT('Ctrl Pts',(-29.4702244546802,54.1429252877041,140.998196493721));
#4320=CARTESIAN_POINT('Ctrl Pts',(-29.4702244546802,54.1429252877041,175.));
#4321=CARTESIAN_POINT('Ctrl Pts',(-39.7364814788248,51.2825226729332,140.998196493721));
#4322=CARTESIAN_POINT('Ctrl Pts',(-39.7364814788248,51.2825226729332,175.));
#4323=CARTESIAN_POINT('Ctrl Pts',(-42.2035401066384,50.1991998204407,140.998196493721));
#4324=CARTESIAN_POINT('Ctrl Pts',(-42.2035401066384,50.1991998204407,175.));
#4325=CARTESIAN_POINT('Ctrl Pts',(-46.1634937697336,47.5147404266171,140.998196493721));
#4326=CARTESIAN_POINT('Ctrl Pts',(-46.1634937697336,47.5147404266171,175.));
#4327=CARTESIAN_POINT('Ctrl Pts',(-47.7253591958859,45.9193374181498,140.998196493721));
#4328=CARTESIAN_POINT('Ctrl Pts',(-47.7253591958859,45.9193374181498,175.));
#4329=CARTESIAN_POINT('Ctrl Pts',(-50.5903342326,41.5327801330397,140.998196493721));
#4330=CARTESIAN_POINT('Ctrl Pts',(-50.5903342326,41.5327801330397,175.));
#4331=CARTESIAN_POINT('Ctrl Pts',(-51.7834201337899,38.4775874486166,140.998196493721));
#4332=CARTESIAN_POINT('Ctrl Pts',(-51.7834201337899,38.4775874486166,175.));
#4333=CARTESIAN_POINT('Ctrl Pts',(-54.2905407535863,27.3599285017665,140.998196493721));
#4334=CARTESIAN_POINT('Ctrl Pts',(-54.2905407535863,27.3599285017665,175.));
#4335=CARTESIAN_POINT('Ctrl Pts',(-55.,16.8302862017669,140.998196493721));
#4336=CARTESIAN_POINT('Ctrl Pts',(-55.,16.8302862017669,175.));
#4337=CARTESIAN_POINT('Ctrl Pts',(-55.,8.88178419700125E-15,140.998196493721));
#4338=CARTESIAN_POINT('Ctrl Pts',(-55.,8.88178419700125E-15,175.));
#4339=CARTESIAN_POINT('',(3.33066907387547E-15,55.,175.));
#4340=CARTESIAN_POINT('Ctrl Pts',(8.88178419700125E-15,55.,175.));
#4341=CARTESIAN_POINT('Ctrl Pts',(-18.4985182512891,55.,175.));
#4342=CARTESIAN_POINT('Ctrl Pts',(-29.4702244546802,54.1429252877041,175.));
#4343=CARTESIAN_POINT('Ctrl Pts',(-39.7364814788248,51.2825226729332,175.));
#4344=CARTESIAN_POINT('Ctrl Pts',(-42.2035401066384,50.1991998204407,175.));
#4345=CARTESIAN_POINT('Ctrl Pts',(-46.1634937697336,47.5147404266171,175.));
#4346=CARTESIAN_POINT('Ctrl Pts',(-47.7253591958859,45.9193374181498,175.));
#4347=CARTESIAN_POINT('Ctrl Pts',(-50.5903342326,41.5327801330397,175.));
#4348=CARTESIAN_POINT('Ctrl Pts',(-51.7834201337899,38.4775874486166,175.));
#4349=CARTESIAN_POINT('Ctrl Pts',(-54.2905407535863,27.3599285017665,175.));
#4350=CARTESIAN_POINT('Ctrl Pts',(-55.,16.8302862017669,175.));
#4351=CARTESIAN_POINT('Ctrl Pts',(-55.,8.88178419700125E-15,175.));
#4352=CARTESIAN_POINT('',(3.33066907387547E-15,55.,141.));
#4353=CARTESIAN_POINT('',(3.33066907387547E-15,55.,141.));
#4354=CARTESIAN_POINT('Ctrl Pts',(8.88178419700125E-15,55.,141.));
#4355=CARTESIAN_POINT('Ctrl Pts',(-18.4985182512891,55.,141.));
#4356=CARTESIAN_POINT('Ctrl Pts',(-29.4702244546802,54.1429252877041,141.));
#4357=CARTESIAN_POINT('Ctrl Pts',(-39.7364814788248,51.2825226729332,141.));
#4358=CARTESIAN_POINT('Ctrl Pts',(-42.2035401066384,50.1991998204407,141.));
#4359=CARTESIAN_POINT('Ctrl Pts',(-46.1634937697336,47.5147404266171,141.));
#4360=CARTESIAN_POINT('Ctrl Pts',(-47.7253591958859,45.9193374181498,141.));
#4361=CARTESIAN_POINT('Ctrl Pts',(-50.5903342326,41.5327801330397,141.));
#4362=CARTESIAN_POINT('Ctrl Pts',(-51.7834201337899,38.4775874486166,141.));
#4363=CARTESIAN_POINT('Ctrl Pts',(-54.2905407535863,27.3599285017665,141.));
#4364=CARTESIAN_POINT('Ctrl Pts',(-55.,16.8302862017669,141.));
#4365=CARTESIAN_POINT('Ctrl Pts',(-55.,8.88178419700125E-15,141.));
#4366=CARTESIAN_POINT('Ctrl Pts',(55.,6.66133814775094E-15,140.998196493721));
#4367=CARTESIAN_POINT('Ctrl Pts',(55.,6.66133814775094E-15,175.));
#4368=CARTESIAN_POINT('Ctrl Pts',(55.,18.4985182512892,140.998196493721));
#4369=CARTESIAN_POINT('Ctrl Pts',(55.,18.4985182512892,175.));
#4370=CARTESIAN_POINT('Ctrl Pts',(54.142925287704,29.4702244546802,140.998196493721));
#4371=CARTESIAN_POINT('Ctrl Pts',(54.142925287704,29.4702244546802,175.));
#4372=CARTESIAN_POINT('Ctrl Pts',(51.2825226729336,39.7364814788231,140.998196493721));
#4373=CARTESIAN_POINT('Ctrl Pts',(51.2825226729336,39.7364814788231,175.));
#4374=CARTESIAN_POINT('Ctrl Pts',(50.1991998204414,42.2035401066373,140.998196493721));
#4375=CARTESIAN_POINT('Ctrl Pts',(50.1991998204414,42.2035401066373,175.));
#4376=CARTESIAN_POINT('Ctrl Pts',(47.5147404266172,46.1634937697336,140.998196493721));
#4377=CARTESIAN_POINT('Ctrl Pts',(47.5147404266172,46.1634937697336,175.));
#4378=CARTESIAN_POINT('Ctrl Pts',(45.9193374181498,47.7253591958858,140.998196493721));
#4379=CARTESIAN_POINT('Ctrl Pts',(45.9193374181498,47.7253591958858,175.));
#4380=CARTESIAN_POINT('Ctrl Pts',(41.5327801330402,50.5903342325997,140.998196493721));
#4381=CARTESIAN_POINT('Ctrl Pts',(41.5327801330402,50.5903342325997,175.));
#4382=CARTESIAN_POINT('Ctrl Pts',(38.4775874486174,51.7834201337897,140.998196493721));
#4383=CARTESIAN_POINT('Ctrl Pts',(38.4775874486174,51.7834201337897,175.));
#4384=CARTESIAN_POINT('Ctrl Pts',(27.3599285017665,54.2905407535863,140.998196493721));
#4385=CARTESIAN_POINT('Ctrl Pts',(27.3599285017665,54.2905407535863,175.));
#4386=CARTESIAN_POINT('Ctrl Pts',(16.8302862017669,55.,140.998196493721));
#4387=CARTESIAN_POINT('Ctrl Pts',(16.8302862017669,55.,175.));
#4388=CARTESIAN_POINT('Ctrl Pts',(2.22044604925031E-15,55.,140.998196493721));
#4389=CARTESIAN_POINT('Ctrl Pts',(2.22044604925031E-15,55.,175.));
#4390=CARTESIAN_POINT('Ctrl Pts',(55.,6.66133814775094E-15,175.));
#4391=CARTESIAN_POINT('Ctrl Pts',(55.,18.4985182512892,175.));
#4392=CARTESIAN_POINT('Ctrl Pts',(54.142925287704,29.4702244546802,175.));
#4393=CARTESIAN_POINT('Ctrl Pts',(51.2825226729336,39.7364814788231,175.));
#4394=CARTESIAN_POINT('Ctrl Pts',(50.1991998204414,42.2035401066373,175.));
#4395=CARTESIAN_POINT('Ctrl Pts',(47.5147404266172,46.1634937697336,175.));
#4396=CARTESIAN_POINT('Ctrl Pts',(45.9193374181498,47.7253591958858,175.));
#4397=CARTESIAN_POINT('Ctrl Pts',(41.5327801330402,50.5903342325997,175.));
#4398=CARTESIAN_POINT('Ctrl Pts',(38.4775874486174,51.7834201337897,175.));
#4399=CARTESIAN_POINT('Ctrl Pts',(27.3599285017665,54.2905407535863,175.));
#4400=CARTESIAN_POINT('Ctrl Pts',(16.8302862017669,55.,175.));
#4401=CARTESIAN_POINT('Ctrl Pts',(2.22044604925031E-15,55.,175.));
#4402=CARTESIAN_POINT('Ctrl Pts',(55.,6.66133814775094E-15,141.));
#4403=CARTESIAN_POINT('Ctrl Pts',(55.,18.4985182512892,141.));
#4404=CARTESIAN_POINT('Ctrl Pts',(54.142925287704,29.4702244546802,141.));
#4405=CARTESIAN_POINT('Ctrl Pts',(51.2825226729336,39.7364814788231,141.));
#4406=CARTESIAN_POINT('Ctrl Pts',(50.1991998204414,42.2035401066373,141.));
#4407=CARTESIAN_POINT('Ctrl Pts',(47.5147404266172,46.1634937697336,141.));
#4408=CARTESIAN_POINT('Ctrl Pts',(45.9193374181498,47.7253591958858,141.));
#4409=CARTESIAN_POINT('Ctrl Pts',(41.5327801330402,50.5903342325997,141.));
#4410=CARTESIAN_POINT('Ctrl Pts',(38.4775874486174,51.7834201337897,141.));
#4411=CARTESIAN_POINT('Ctrl Pts',(27.3599285017665,54.2905407535862,141.));
#4412=CARTESIAN_POINT('Ctrl Pts',(16.8302862017669,55.,141.));
#4413=CARTESIAN_POINT('Ctrl Pts',(2.22044604925031E-15,55.,141.));
#4414=CARTESIAN_POINT('Ctrl Pts',(3.33066907387547E-15,55.,157.282922823656));
#4415=CARTESIAN_POINT('Ctrl Pts',(3.33066907387547E-15,55.,182.143415435269));
#4416=CARTESIAN_POINT('Ctrl Pts',(-55.,55.,157.282922823656));
#4417=CARTESIAN_POINT('Ctrl Pts',(-55.,55.,182.143415435269));
#4418=CARTESIAN_POINT('Ctrl Pts',(-55.,1.22124532708767E-14,157.282922823656));
#4419=CARTESIAN_POINT('Ctrl Pts',(-55.,1.22124532708767E-14,182.143415435269));
#4420=CARTESIAN_POINT('',(-55.,-2.22044604925031E-15,178.));
#4421=CARTESIAN_POINT('',(-55.,-2.14622680169081E-15,174.));
#4422=CARTESIAN_POINT('',(4.44089209850063E-15,55.,178.));
#4423=CARTESIAN_POINT('Ctrl Pts',(3.33066907387547E-15,55.,178.));
#4424=CARTESIAN_POINT('Ctrl Pts',(-55.,55.,178.));
#4425=CARTESIAN_POINT('Ctrl Pts',(-55.,1.22124532708767E-14,178.));
#4426=CARTESIAN_POINT('',(3.33066907387547E-15,55.,174.));
#4427=CARTESIAN_POINT('Ctrl Pts',(-55.,-2.14622680169081E-15,157.282922823656));
#4428=CARTESIAN_POINT('Ctrl Pts',(-55.,-2.14622680169081E-15,182.143415435269));
#4429=CARTESIAN_POINT('Ctrl Pts',(-55.,-55.,157.282922823656));
#4430=CARTESIAN_POINT('Ctrl Pts',(-55.,-55.,182.143415435269));
#4431=CARTESIAN_POINT('Ctrl Pts',(-6.73555739531044E-15,-55.,157.282922823656));
#4432=CARTESIAN_POINT('Ctrl Pts',(-6.73555739531044E-15,-55.,182.143415435269));
#4433=CARTESIAN_POINT('',(-4.44089209850063E-15,-55.,178.));
#4434=CARTESIAN_POINT('',(-3.33066907387547E-15,-55.,174.));
#4435=CARTESIAN_POINT('Ctrl Pts',(-55.,-2.14622680169081E-15,178.));
#4436=CARTESIAN_POINT('Ctrl Pts',(-55.,-55.,178.));
#4437=CARTESIAN_POINT('Ctrl Pts',(-6.73555739531044E-15,-55.,178.));
#4438=CARTESIAN_POINT('Ctrl Pts',(-3.33066907387547E-15,-55.,157.282922823656));
#4439=CARTESIAN_POINT('Ctrl Pts',(-3.33066907387547E-15,-55.,182.143415435269));
#4440=CARTESIAN_POINT('Ctrl Pts',(55.,-55.,157.282922823656));
#4441=CARTESIAN_POINT('Ctrl Pts',(55.,-55.,182.143415435269));
#4442=CARTESIAN_POINT('Ctrl Pts',(55.,-1.22124532708767E-14,157.282922823656));
#4443=CARTESIAN_POINT('Ctrl Pts',(55.,-1.22124532708767E-14,182.143415435269));
#4444=CARTESIAN_POINT('',(55.,-1.22124532708767E-14,178.));
#4445=CARTESIAN_POINT('',(55.,-1.22124532708767E-14,174.));
#4446=CARTESIAN_POINT('Ctrl Pts',(-3.33066907387547E-15,-55.,178.));
#4447=CARTESIAN_POINT('Ctrl Pts',(55.,-55.,178.));
#4448=CARTESIAN_POINT('Ctrl Pts',(55.,-1.22124532708767E-14,178.));
#4449=CARTESIAN_POINT('Ctrl Pts',(55.,8.88178419700125E-15,157.282922823656));
#4450=CARTESIAN_POINT('Ctrl Pts',(55.,8.88178419700125E-15,182.143415435269));
#4451=CARTESIAN_POINT('Ctrl Pts',(55.,55.,157.282922823656));
#4452=CARTESIAN_POINT('Ctrl Pts',(55.,55.,182.143415435269));
#4453=CARTESIAN_POINT('Ctrl Pts',(0.,55.,157.282922823656));
#4454=CARTESIAN_POINT('Ctrl Pts',(0.,55.,182.143415435269));
#4455=CARTESIAN_POINT('Ctrl Pts',(55.,8.88178419700125E-15,178.));
#4456=CARTESIAN_POINT('Ctrl Pts',(55.,55.,178.));
#4457=CARTESIAN_POINT('Ctrl Pts',(0.,55.,178.));
#4458=CARTESIAN_POINT('Origin',(29.,24.5,177.25));
#4459=CARTESIAN_POINT('',(31.3400000149012,24.5,176.5));
#4460=CARTESIAN_POINT('Origin',(29.,24.5,176.5));
#4461=CARTESIAN_POINT('',(32.8400000149012,24.5,178.));
#4462=CARTESIAN_POINT('',(32.0900000149012,24.5,177.25));
#4463=CARTESIAN_POINT('Origin',(29.,24.5,178.));
#4464=CARTESIAN_POINT('Origin',(29.,24.5,176.5));
#4465=CARTESIAN_POINT('Origin',(29.,-24.5,177.25));
#4466=CARTESIAN_POINT('',(31.3400000149012,-24.5,176.5));
#4467=CARTESIAN_POINT('Origin',(29.,-24.5,176.5));
#4468=CARTESIAN_POINT('',(32.8400000149012,-24.5,178.));
#4469=CARTESIAN_POINT('',(32.0900000149012,-24.5,177.25));
#4470=CARTESIAN_POINT('Origin',(29.,-24.5,178.));
#4471=CARTESIAN_POINT('Origin',(29.,-24.5,178.));
#4472=CARTESIAN_POINT('Origin',(29.,-24.5,176.5));
#4473=CARTESIAN_POINT('Origin',(-29.,-24.5,177.25));
#4474=CARTESIAN_POINT('',(-26.6599999850988,-24.5,176.5));
#4475=CARTESIAN_POINT('Origin',(-29.,-24.5,176.5));
#4476=CARTESIAN_POINT('',(-25.9099999850988,-24.5,177.25));
#4477=CARTESIAN_POINT('Origin',(-29.,-24.5,178.));
#4478=CARTESIAN_POINT('Origin',(-29.,-24.5,176.5));
#4479=CARTESIAN_POINT('Origin',(-29.,24.5,177.25));
#4480=CARTESIAN_POINT('',(-26.6599999850988,24.5,176.5));
#4481=CARTESIAN_POINT('Origin',(-29.,24.5,176.5));
#4482=CARTESIAN_POINT('',(-25.1599999850988,24.5,178.));
#4483=CARTESIAN_POINT('',(-25.9099999850988,24.5,177.25));
#4484=CARTESIAN_POINT('Origin',(-29.,24.5,178.));
#4485=CARTESIAN_POINT('Origin',(-29.,24.5,176.5));
#4486=CARTESIAN_POINT('Ctrl Pts',(-49.5071067811865,1.12969563720811E-14,
176.707106781187));
#4487=CARTESIAN_POINT('Ctrl Pts',(-49.5071067811865,-1.30710678118634,176.707106781187));
#4488=CARTESIAN_POINT('Ctrl Pts',(-48.2000000000002,-1.30710678118634,176.707106781187));
#4489=CARTESIAN_POINT('Ctrl Pts',(-46.8928932188138,-1.30710678118634,176.707106781187));
#4490=CARTESIAN_POINT('Ctrl Pts',(-46.8928932188138,1.12969563720812E-14,
176.707106781187));
#4491=CARTESIAN_POINT('Ctrl Pts',(-46.8928932188138,1.30710678118637,176.707106781187));
#4492=CARTESIAN_POINT('Ctrl Pts',(-48.2000000000002,1.30710678118637,176.707106781187));
#4493=CARTESIAN_POINT('Ctrl Pts',(-49.5071067811865,1.30710678118637,176.707106781187));
#4494=CARTESIAN_POINT('Ctrl Pts',(-49.5071067811865,1.12969563720811E-14,
176.707106781187));
#4495=CARTESIAN_POINT('Ctrl Pts',(-49.8000000000003,9.0867074898277E-15,
177.));
#4496=CARTESIAN_POINT('Ctrl Pts',(-49.8000000000003,-1.60000000000018,177.));
#4497=CARTESIAN_POINT('Ctrl Pts',(-48.2000000000001,-1.60000000000018,177.));
#4498=CARTESIAN_POINT('Ctrl Pts',(-46.6,-1.60000000000018,177.));
#4499=CARTESIAN_POINT('Ctrl Pts',(-46.6,9.08670748982754E-15,177.));
#4500=CARTESIAN_POINT('Ctrl Pts',(-46.6,1.6000000000002,177.));
#4501=CARTESIAN_POINT('Ctrl Pts',(-48.2000000000001,1.6000000000002,177.));
#4502=CARTESIAN_POINT('Ctrl Pts',(-49.8000000000003,1.6000000000002,177.));
#4503=CARTESIAN_POINT('Ctrl Pts',(-49.8000000000003,9.0867074898277E-15,
177.));
#4504=CARTESIAN_POINT('Ctrl Pts',(-49.8,5.96094354432145E-15,177.414213562374));
#4505=CARTESIAN_POINT('Ctrl Pts',(-49.8,-1.59999999999996,177.414213562374));
#4506=CARTESIAN_POINT('Ctrl Pts',(-48.2000000000001,-1.59999999999996,177.414213562373));
#4507=CARTESIAN_POINT('Ctrl Pts',(-46.6000000000001,-1.59999999999996,177.414213562373));
#4508=CARTESIAN_POINT('Ctrl Pts',(-46.6000000000001,5.96094354432141E-15,
177.414213562373));
#4509=CARTESIAN_POINT('Ctrl Pts',(-46.6000000000001,1.59999999999997,177.414213562373));
#4510=CARTESIAN_POINT('Ctrl Pts',(-48.2000000000001,1.59999999999997,177.414213562373));
#4511=CARTESIAN_POINT('Ctrl Pts',(-49.8,1.59999999999997,177.414213562374));
#4512=CARTESIAN_POINT('Ctrl Pts',(-49.8,5.96094354432145E-15,177.414213562374));
#4513=CARTESIAN_POINT('',(-46.6,2.30637957383113E-16,177.414213562373));
#4514=CARTESIAN_POINT('',(-49.8,5.76500005646184E-15,177.414213562373));
#4515=CARTESIAN_POINT('Origin',(-48.2,3.46944695195361E-17,177.414213562373));
#4516=CARTESIAN_POINT('',(-49.5071067811866,1.11368819585088E-14,176.707106781187));
#4517=CARTESIAN_POINT('Origin',(-48.8000000000019,5.88746473637624E-15,
177.414213562373));
#4518=CARTESIAN_POINT('',(-46.8928932188134,3.46944695195356E-17,176.707106781187));
#4519=CARTESIAN_POINT('Origin',(-48.2,1.14731676305731E-16,176.707106781187));
#4520=CARTESIAN_POINT('Origin',(-48.2,1.14731676305731E-16,176.707106781187));
#4521=CARTESIAN_POINT('Origin',(-48.2,3.46944695195361E-17,177.414213562373));
#4522=CARTESIAN_POINT('Origin',(-48.2,3.46944695195361E-17,176.5));
#4523=CARTESIAN_POINT('',(-47.6,-3.87843384293057E-17,176.));
#4524=CARTESIAN_POINT('Origin',(-48.2,3.46944695195361E-17,176.));
#4525=CARTESIAN_POINT('',(-47.1,1.69405617425745E-16,176.5));
#4526=CARTESIAN_POINT('Origin',(-48.2,3.46944695195361E-17,178.));
#4527=CARTESIAN_POINT('',(-46.6,2.30637957383113E-16,178.));
#4528=CARTESIAN_POINT('Origin',(-48.2,3.46944695195361E-17,178.));
#4529=CARTESIAN_POINT('',(-46.6,-1.6124901834404E-16,178.));
#4530=CARTESIAN_POINT('Ctrl Pts',(46.8928932188134,2.16340699412551E-14,
176.707106781187));
#4531=CARTESIAN_POINT('Ctrl Pts',(46.8928932188134,-1.30710678118644,176.707106781187));
#4532=CARTESIAN_POINT('Ctrl Pts',(48.1999999999999,-1.30710678118644,176.707106781187));
#4533=CARTESIAN_POINT('Ctrl Pts',(49.5071067811864,-1.30710678118644,176.707106781187));
#4534=CARTESIAN_POINT('Ctrl Pts',(49.5071067811864,2.16340699412547E-14,
176.707106781187));
#4535=CARTESIAN_POINT('Ctrl Pts',(49.5071067811864,1.30710678118648,176.707106781187));
#4536=CARTESIAN_POINT('Ctrl Pts',(48.1999999999999,1.30710678118648,176.707106781187));
#4537=CARTESIAN_POINT('Ctrl Pts',(46.8928932188134,1.30710678118648,176.707106781187));
#4538=CARTESIAN_POINT('Ctrl Pts',(46.8928932188134,2.16340699412551E-14,
176.707106781187));
#4539=CARTESIAN_POINT('Ctrl Pts',(46.5999999999998,1.65575840245719E-14,
177.));
#4540=CARTESIAN_POINT('Ctrl Pts',(46.5999999999998,-1.60000000000006,177.));
#4541=CARTESIAN_POINT('Ctrl Pts',(48.1999999999999,-1.60000000000006,177.));
#4542=CARTESIAN_POINT('Ctrl Pts',(49.8,-1.60000000000006,177.));
#4543=CARTESIAN_POINT('Ctrl Pts',(49.8,1.65575840245711E-14,177.));
#4544=CARTESIAN_POINT('Ctrl Pts',(49.8,1.60000000000009,177.));
#4545=CARTESIAN_POINT('Ctrl Pts',(48.1999999999999,1.60000000000009,177.));
#4546=CARTESIAN_POINT('Ctrl Pts',(46.5999999999998,1.60000000000009,177.));
#4547=CARTESIAN_POINT('Ctrl Pts',(46.5999999999998,1.65575840245719E-14,
177.));
#4548=CARTESIAN_POINT('Ctrl Pts',(46.6,9.3783487919954E-15,177.414213562373));
#4549=CARTESIAN_POINT('Ctrl Pts',(46.6,-1.59999999999996,177.414213562373));
#4550=CARTESIAN_POINT('Ctrl Pts',(48.1999999999999,-1.59999999999996,177.414213562373));
#4551=CARTESIAN_POINT('Ctrl Pts',(49.7999999999999,-1.59999999999996,177.414213562373));
#4552=CARTESIAN_POINT('Ctrl Pts',(49.7999999999999,9.3783487919952E-15,
177.414213562373));
#4553=CARTESIAN_POINT('Ctrl Pts',(49.7999999999999,1.59999999999997,177.414213562373));
#4554=CARTESIAN_POINT('Ctrl Pts',(48.1999999999999,1.59999999999998,177.414213562373));
#4555=CARTESIAN_POINT('Ctrl Pts',(46.6,1.59999999999997,177.414213562373));
#4556=CARTESIAN_POINT('Ctrl Pts',(46.6,9.3783487919954E-15,177.414213562373));
#4557=CARTESIAN_POINT('',(46.8928932188135,2.14739955276823E-14,176.707106781187));
#4558=CARTESIAN_POINT('Origin',(47.5999999999982,9.30486998405056E-15,177.414213562373));
#4559=CARTESIAN_POINT('',(49.5071067811865,3.46944695195356E-17,176.707106781187));
#4560=CARTESIAN_POINT('Origin',(48.2,1.14731676305731E-16,176.707106781187));
#4561=CARTESIAN_POINT('Origin',(48.2,1.14731676305731E-16,176.707106781187));
#4562=CARTESIAN_POINT('Origin',(48.2,3.46944695195361E-17,176.5));
#4563=CARTESIAN_POINT('',(48.8,-3.87843384293057E-17,176.));
#4564=CARTESIAN_POINT('Origin',(48.2,3.46944695195361E-17,176.));
#4565=CARTESIAN_POINT('',(49.3,1.69405617425745E-16,176.5));
#4566=CARTESIAN_POINT('Ctrl Pts',(32.7754400720051,-34.0825468531916,176.707106781187));
#4567=CARTESIAN_POINT('Ctrl Pts',(32.7754400720051,-35.389653634378,176.707106781187));
#4568=CARTESIAN_POINT('Ctrl Pts',(34.0825468531915,-35.389653634378,176.707106781187));
#4569=CARTESIAN_POINT('Ctrl Pts',(35.389653634378,-35.389653634378,176.707106781187));
#4570=CARTESIAN_POINT('Ctrl Pts',(35.389653634378,-34.0825468531916,176.707106781187));
#4571=CARTESIAN_POINT('Ctrl Pts',(35.389653634378,-32.7754400720052,176.707106781187));
#4572=CARTESIAN_POINT('Ctrl Pts',(34.0825468531915,-32.7754400720052,176.707106781187));
#4573=CARTESIAN_POINT('Ctrl Pts',(32.7754400720051,-32.7754400720052,176.707106781187));
#4574=CARTESIAN_POINT('Ctrl Pts',(32.7754400720051,-34.0825468531916,176.707106781187));
#4575=CARTESIAN_POINT('Ctrl Pts',(32.4825468531915,-34.0825468531916,177.));
#4576=CARTESIAN_POINT('Ctrl Pts',(32.4825468531915,-35.6825468531917,177.));
#4577=CARTESIAN_POINT('Ctrl Pts',(34.0825468531915,-35.6825468531917,177.));
#4578=CARTESIAN_POINT('Ctrl Pts',(35.6825468531916,-35.6825468531917,177.));
#4579=CARTESIAN_POINT('Ctrl Pts',(35.6825468531916,-34.0825468531916,177.));
#4580=CARTESIAN_POINT('Ctrl Pts',(35.6825468531916,-32.4825468531915,177.));
#4581=CARTESIAN_POINT('Ctrl Pts',(34.0825468531915,-32.4825468531915,177.));
#4582=CARTESIAN_POINT('Ctrl Pts',(32.4825468531915,-32.4825468531915,177.));
#4583=CARTESIAN_POINT('Ctrl Pts',(32.4825468531915,-34.0825468531916,177.));
#4584=CARTESIAN_POINT('Ctrl Pts',(32.4825468531916,-34.0825468531916,177.414213562373));
#4585=CARTESIAN_POINT('Ctrl Pts',(32.4825468531916,-35.6825468531916,177.414213562373));
#4586=CARTESIAN_POINT('Ctrl Pts',(34.0825468531916,-35.6825468531916,177.414213562373));
#4587=CARTESIAN_POINT('Ctrl Pts',(35.6825468531915,-35.6825468531916,177.414213562373));
#4588=CARTESIAN_POINT('Ctrl Pts',(35.6825468531915,-34.0825468531916,177.414213562373));
#4589=CARTESIAN_POINT('Ctrl Pts',(35.6825468531915,-32.4825468531916,177.414213562373));
#4590=CARTESIAN_POINT('Ctrl Pts',(34.0825468531916,-32.4825468531916,177.414213562373));
#4591=CARTESIAN_POINT('Ctrl Pts',(32.4825468531916,-32.4825468531916,177.414213562373));
#4592=CARTESIAN_POINT('Ctrl Pts',(32.4825468531916,-34.0825468531916,177.414213562373));
#4593=CARTESIAN_POINT('',(35.6825468531916,-34.0825468531916,177.414213562373));
#4594=CARTESIAN_POINT('',(32.4825468531916,-34.0825468531916,177.414213562373));
#4595=CARTESIAN_POINT('Origin',(34.0825468531916,-34.0825468531916,177.414213562373));
#4596=CARTESIAN_POINT('',(32.7754400720051,-34.0825468531916,176.707106781187));
#4597=CARTESIAN_POINT('Origin',(33.4825468531896,-34.0825468531916,177.414213562373));
#4598=CARTESIAN_POINT('',(35.3896536343781,-34.0825468531916,176.707106781187));
#4599=CARTESIAN_POINT('Origin',(34.0825468531916,-34.0825468531916,176.707106781187));
#4600=CARTESIAN_POINT('Origin',(34.0825468531916,-34.0825468531916,176.707106781187));
#4601=CARTESIAN_POINT('Origin',(34.0825468531916,-34.0825468531916,177.414213562373));
#4602=CARTESIAN_POINT('Origin',(34.0825468531916,-34.0825468531916,176.5));
#4603=CARTESIAN_POINT('',(34.6825468531916,-34.0825468531916,176.));
#4604=CARTESIAN_POINT('Origin',(34.0825468531916,-34.0825468531916,176.));
#4605=CARTESIAN_POINT('',(35.1825468531916,-34.0825468531916,176.5));
#4606=CARTESIAN_POINT('Origin',(34.0825468531916,-34.0825468531916,178.));
#4607=CARTESIAN_POINT('',(35.6825468531916,-34.0825468531916,178.));
#4608=CARTESIAN_POINT('Origin',(34.0825468531916,-34.0825468531916,178.));
#4609=CARTESIAN_POINT('',(35.6825468531916,-34.0825468531916,178.));
#4610=CARTESIAN_POINT('Ctrl Pts',(-35.3896536343781,-34.0825468531916,176.707106781187));
#4611=CARTESIAN_POINT('Ctrl Pts',(-35.3896536343781,-35.389653634378,176.707106781187));
#4612=CARTESIAN_POINT('Ctrl Pts',(-34.0825468531917,-35.389653634378,176.707106781187));
#4613=CARTESIAN_POINT('Ctrl Pts',(-32.7754400720053,-35.389653634378,176.707106781187));
#4614=CARTESIAN_POINT('Ctrl Pts',(-32.7754400720053,-34.0825468531916,176.707106781187));
#4615=CARTESIAN_POINT('Ctrl Pts',(-32.7754400720053,-32.7754400720052,176.707106781187));
#4616=CARTESIAN_POINT('Ctrl Pts',(-34.0825468531917,-32.7754400720052,176.707106781187));
#4617=CARTESIAN_POINT('Ctrl Pts',(-35.3896536343781,-32.7754400720052,176.707106781187));
#4618=CARTESIAN_POINT('Ctrl Pts',(-35.3896536343781,-34.0825468531916,176.707106781187));
#4619=CARTESIAN_POINT('Ctrl Pts',(-35.6825468531918,-34.0825468531916,177.));
#4620=CARTESIAN_POINT('Ctrl Pts',(-35.6825468531918,-35.6825468531917,177.));
#4621=CARTESIAN_POINT('Ctrl Pts',(-34.0825468531917,-35.6825468531917,177.));
#4622=CARTESIAN_POINT('Ctrl Pts',(-32.4825468531916,-35.6825468531917,177.));
#4623=CARTESIAN_POINT('Ctrl Pts',(-32.4825468531916,-34.0825468531916,177.));
#4624=CARTESIAN_POINT('Ctrl Pts',(-32.4825468531916,-32.4825468531915,177.));
#4625=CARTESIAN_POINT('Ctrl Pts',(-34.0825468531917,-32.4825468531915,177.));
#4626=CARTESIAN_POINT('Ctrl Pts',(-35.6825468531918,-32.4825468531915,177.));
#4627=CARTESIAN_POINT('Ctrl Pts',(-35.6825468531918,-34.0825468531916,177.));
#4628=CARTESIAN_POINT('Ctrl Pts',(-35.6825468531916,-34.0825468531916,177.414213562373));
#4629=CARTESIAN_POINT('Ctrl Pts',(-35.6825468531916,-35.6825468531916,177.414213562373));
#4630=CARTESIAN_POINT('Ctrl Pts',(-34.0825468531917,-35.6825468531916,177.414213562373));
#4631=CARTESIAN_POINT('Ctrl Pts',(-32.4825468531917,-35.6825468531916,177.414213562373));
#4632=CARTESIAN_POINT('Ctrl Pts',(-32.4825468531917,-34.0825468531916,177.414213562373));
#4633=CARTESIAN_POINT('Ctrl Pts',(-32.4825468531917,-32.4825468531916,177.414213562373));
#4634=CARTESIAN_POINT('Ctrl Pts',(-34.0825468531917,-32.4825468531916,177.414213562373));
#4635=CARTESIAN_POINT('Ctrl Pts',(-35.6825468531916,-32.4825468531916,177.414213562373));
#4636=CARTESIAN_POINT('Ctrl Pts',(-35.6825468531916,-34.0825468531916,177.414213562373));
#4637=CARTESIAN_POINT('',(-32.4825468531916,-34.0825468531916,177.414213562373));
#4638=CARTESIAN_POINT('',(-35.6825468531916,-34.0825468531916,177.414213562373));
#4639=CARTESIAN_POINT('Origin',(-34.0825468531916,-34.0825468531916,177.414213562373));
#4640=CARTESIAN_POINT('',(-35.3896536343782,-34.0825468531916,176.707106781187));
#4641=CARTESIAN_POINT('Origin',(-34.6825468531936,-34.0825468531916,177.414213562373));
#4642=CARTESIAN_POINT('',(-32.775440072005,-34.0825468531916,176.707106781187));
#4643=CARTESIAN_POINT('Origin',(-34.0825468531916,-34.0825468531916,176.707106781187));
#4644=CARTESIAN_POINT('Origin',(-34.0825468531916,-34.0825468531916,176.707106781187));
#4645=CARTESIAN_POINT('Origin',(-34.0825468531916,-34.0825468531916,177.414213562373));
#4646=CARTESIAN_POINT('Origin',(-34.0825468531916,-34.0825468531916,176.5));
#4647=CARTESIAN_POINT('',(-33.4825468531916,-34.0825468531916,176.));
#4648=CARTESIAN_POINT('Origin',(-34.0825468531916,-34.0825468531916,176.));
#4649=CARTESIAN_POINT('',(-32.9825468531916,-34.0825468531916,176.5));
#4650=CARTESIAN_POINT('Origin',(-34.0825468531916,-34.0825468531916,178.));
#4651=CARTESIAN_POINT('',(-32.4825468531916,-34.0825468531916,178.));
#4652=CARTESIAN_POINT('Origin',(-34.0825468531916,-34.0825468531916,178.));
#4653=CARTESIAN_POINT('',(-32.4825468531916,-34.0825468531916,178.));
#4654=CARTESIAN_POINT('Origin',(-48.2,0.,176.));
#4655=CARTESIAN_POINT('Origin',(-34.0825468531916,-34.0825468531916,176.));
#4656=CARTESIAN_POINT('Origin',(48.2,0.,176.));
#4657=CARTESIAN_POINT('Origin',(34.0825468531916,-34.0825468531916,176.));
#4658=CARTESIAN_POINT('Origin',(41.5692193816531,-24.,174.));
#4659=CARTESIAN_POINT('',(43.1692193816531,-24.,177.));
#4660=CARTESIAN_POINT('Origin',(41.5692193816531,-24.,177.));
#4661=CARTESIAN_POINT('',(43.1692193816531,-24.,178.));
#4662=CARTESIAN_POINT('',(43.1692193816531,-24.,174.));
#4663=CARTESIAN_POINT('Origin',(41.5692193816531,-24.,178.));
#4664=CARTESIAN_POINT('Origin',(24.,41.569219381653,174.));
#4665=CARTESIAN_POINT('',(24.,43.1692193816531,177.));
#4666=CARTESIAN_POINT('Origin',(24.,41.569219381653,177.));
#4667=CARTESIAN_POINT('',(24.,43.1692193816531,178.));
#4668=CARTESIAN_POINT('',(24.,43.169219381653,174.));
#4669=CARTESIAN_POINT('Origin',(24.,41.569219381653,178.));
#4670=CARTESIAN_POINT('Origin',(-24.,-41.569219381653,174.));
#4671=CARTESIAN_POINT('',(-24.,-43.1692193816531,177.));
#4672=CARTESIAN_POINT('Origin',(-24.,-41.569219381653,177.));
#4673=CARTESIAN_POINT('',(-24.,-43.1692193816531,178.));
#4674=CARTESIAN_POINT('',(-24.,-43.169219381653,174.));
#4675=CARTESIAN_POINT('Origin',(-24.,-41.569219381653,178.));
#4676=CARTESIAN_POINT('Origin',(-41.5692193816531,24.,174.));
#4677=CARTESIAN_POINT('',(-43.1692193816531,24.,177.));
#4678=CARTESIAN_POINT('Origin',(-41.5692193816531,24.,177.));
#4679=CARTESIAN_POINT('',(-43.1692193816531,24.,178.));
#4680=CARTESIAN_POINT('',(-43.1692193816531,24.,174.));
#4681=CARTESIAN_POINT('Origin',(-41.5692193816531,24.,178.));
#4682=CARTESIAN_POINT('Origin',(0.,0.,177.));
#4683=CARTESIAN_POINT('',(24.,44.819219381653,177.));
#4684=CARTESIAN_POINT('Origin',(24.,41.569219381653,177.));
#4685=CARTESIAN_POINT('Origin',(0.,0.,177.));
#4686=CARTESIAN_POINT('',(44.8192193816531,-24.,177.));
#4687=CARTESIAN_POINT('Origin',(41.569219381653,-24.,177.));
#4688=CARTESIAN_POINT('Origin',(0.,0.,177.));
#4689=CARTESIAN_POINT('',(-44.8192193816531,24.,177.));
#4690=CARTESIAN_POINT('Origin',(-41.569219381653,24.,177.));
#4691=CARTESIAN_POINT('Origin',(0.,0.,177.));
#4692=CARTESIAN_POINT('',(-24.,-44.819219381653,177.));
#4693=CARTESIAN_POINT('Origin',(-24.,-41.569219381653,177.));
#4694=CARTESIAN_POINT('Origin',(0.,0.,178.));
#4695=CARTESIAN_POINT('',(28.,6.,178.));
#4696=CARTESIAN_POINT('',(28.,-6.,178.));
#4697=CARTESIAN_POINT('',(38.,6.,178.));
#4698=CARTESIAN_POINT('',(28.,6.,178.));
#4699=CARTESIAN_POINT('',(38.,6.,178.));
#4700=CARTESIAN_POINT('',(-42.1583426614991,39.8802039251207,178.));
#4701=CARTESIAN_POINT('',(-46.7852127810639,27.1679807229514,178.));
#4702=CARTESIAN_POINT('',(-44.9774205238568,40.9062643550977,178.));
#4703=CARTESIAN_POINT('',(-17.1363407256775,30.7729400187304,178.));
#4704=CARTESIAN_POINT('',(-44.2933792204149,42.7856503643625,178.));
#4705=CARTESIAN_POINT('',(-48.9202515490133,30.0734368221865,178.));
#4706=CARTESIAN_POINT('',(-17.8618379333297,33.165345719722,178.));
#4707=CARTESIAN_POINT('Origin',(17.3229228236558,14.3509703356361,123.282922823656));
#4708=CARTESIAN_POINT('',(18.9929228236558,14.3509703356361,126.330922823656));
#4709=CARTESIAN_POINT('Origin',(17.3229228236558,14.3509703356361,126.330922823656));
#4710=CARTESIAN_POINT('',(18.9929228236558,14.3509703356361,140.446922823656));
#4711=CARTESIAN_POINT('',(18.9929228236558,14.3509703356361,140.446922823656));
#4712=CARTESIAN_POINT('Origin',(17.3229228236558,14.3509703356361,140.446922823656));
#4713=CARTESIAN_POINT('Origin',(-43.5264223416014,36.1214338701092,149.));
#4714=CARTESIAN_POINT('',(-42.1583426614991,39.8802039251207,178.));
#4715=CARTESIAN_POINT('Ctrl Pts',(55.,8.88178419700125E-15,123.282922823656));
#4716=CARTESIAN_POINT('Ctrl Pts',(55.,8.88178419700125E-15,148.143415435269));
#4717=CARTESIAN_POINT('Ctrl Pts',(55.,55.,123.282922823656));
#4718=CARTESIAN_POINT('Ctrl Pts',(55.,55.,148.143415435269));
#4719=CARTESIAN_POINT('Ctrl Pts',(0.,55.,123.282922823656));
#4720=CARTESIAN_POINT('Ctrl Pts',(0.,55.,148.143415435269));
#4721=CARTESIAN_POINT('',(55.,1.39906269644249E-15,128.282922823656));
#4722=CARTESIAN_POINT('',(55.,-1.22124532708767E-14,140.));
#4723=CARTESIAN_POINT('',(1.66533453693774E-15,55.,128.282922823656));
#4724=CARTESIAN_POINT('Ctrl Pts',(-1.78726298839135E-30,55.,128.282922823656));
#4725=CARTESIAN_POINT('Ctrl Pts',(4.27857016371335,55.,128.282922823656));
#4726=CARTESIAN_POINT('Ctrl Pts',(10.7274704742057,54.9354136359493,128.282922823656));
#4727=CARTESIAN_POINT('Ctrl Pts',(18.2365522052164,54.624479916232,128.282922823656));
#4728=CARTESIAN_POINT('Ctrl Pts',(22.5829947812689,54.332446128705,128.282922823656));
#4729=CARTESIAN_POINT('Ctrl Pts',(26.965607368236,53.9445686512253,128.282922823656));
#4730=CARTESIAN_POINT('Ctrl Pts',(32.5636875383798,53.1958735091235,128.282922823656));
#4731=CARTESIAN_POINT('Ctrl Pts',(38.7168145347551,51.7319675526779,128.282922823656));
#4732=CARTESIAN_POINT('Ctrl Pts',(43.6698551579065,49.4111746443079,128.282922823656));
#4733=CARTESIAN_POINT('Ctrl Pts',(46.8099633091804,46.8299608394988,128.282922823656));
#4734=CARTESIAN_POINT('Ctrl Pts',(49.3910656421516,43.6971421405899,128.282922823656));
#4735=CARTESIAN_POINT('Ctrl Pts',(50.9591321648078,40.3890801140462,128.282922823656));
#4736=CARTESIAN_POINT('Ctrl Pts',(52.0026121850267,37.2354481527233,128.282922823656));
#4737=CARTESIAN_POINT('Ctrl Pts',(52.6063056283566,34.9080945188746,128.282922823656));
#4738=CARTESIAN_POINT('Ctrl Pts',(53.0818379834608,32.6213543805973,128.282922823656));
#4739=CARTESIAN_POINT('Ctrl Pts',(53.5917030356242,29.6084611560283,128.282922823656));
#4740=CARTESIAN_POINT('Ctrl Pts',(54.4062112602174,22.9298262699159,128.282922823656));
#4741=CARTESIAN_POINT('Ctrl Pts',(54.9071814115401,12.8614509913425,128.282922823656));
#4742=CARTESIAN_POINT('Ctrl Pts',(55.,4.27857016371336,128.282922823656));
#4743=CARTESIAN_POINT('Ctrl Pts',(55.,8.88178419700125E-15,128.282922823656));
#4744=CARTESIAN_POINT('',(3.33066907387547E-15,55.,140.));
#4745=CARTESIAN_POINT('Ctrl Pts',(-3.33066907387547E-15,-55.,123.282922823656));
#4746=CARTESIAN_POINT('Ctrl Pts',(-3.33066907387547E-15,-55.,148.143415435269));
#4747=CARTESIAN_POINT('Ctrl Pts',(55.,-55.,123.282922823656));
#4748=CARTESIAN_POINT('Ctrl Pts',(55.,-55.,148.143415435269));
#4749=CARTESIAN_POINT('Ctrl Pts',(55.,-1.22124532708767E-14,123.282922823656));
#4750=CARTESIAN_POINT('Ctrl Pts',(55.,-1.22124532708767E-14,148.143415435269));
#4751=CARTESIAN_POINT('',(-5.03311323459294E-15,-55.,128.282922823656));
#4752=CARTESIAN_POINT('',(-3.33066907387547E-15,-55.,140.));
#4753=CARTESIAN_POINT('Ctrl Pts',(55.,-1.22124532708767E-14,128.282922823656));
#4754=CARTESIAN_POINT('Ctrl Pts',(55.,-4.27857016371336,128.282922823656));
#4755=CARTESIAN_POINT('Ctrl Pts',(54.9354136359493,-10.7274704742057,128.282922823656));
#4756=CARTESIAN_POINT('Ctrl Pts',(54.624479916232,-18.2365522052165,128.282922823656));
#4757=CARTESIAN_POINT('Ctrl Pts',(54.332446128705,-22.5829947812689,128.282922823656));
#4758=CARTESIAN_POINT('Ctrl Pts',(53.9445686512253,-26.965607368236,128.282922823656));
#4759=CARTESIAN_POINT('Ctrl Pts',(53.1958735091235,-32.5636875383798,128.282922823656));
#4760=CARTESIAN_POINT('Ctrl Pts',(51.7319675526779,-38.7168145347551,128.282922823656));
#4761=CARTESIAN_POINT('Ctrl Pts',(49.4111746443079,-43.6698551579066,128.282922823656));
#4762=CARTESIAN_POINT('Ctrl Pts',(46.8299608394988,-46.8099633091804,128.282922823656));
#4763=CARTESIAN_POINT('Ctrl Pts',(43.6971421405899,-49.3910656421516,128.282922823656));
#4764=CARTESIAN_POINT('Ctrl Pts',(40.3890801140463,-50.9591321648077,128.282922823656));
#4765=CARTESIAN_POINT('Ctrl Pts',(37.2354481527232,-52.0026121850267,128.282922823656));
#4766=CARTESIAN_POINT('Ctrl Pts',(34.9080945188746,-52.6063056283566,128.282922823656));
#4767=CARTESIAN_POINT('Ctrl Pts',(32.6213543805973,-53.0818379834608,128.282922823656));
#4768=CARTESIAN_POINT('Ctrl Pts',(29.6084611560283,-53.5917030356242,128.282922823656));
#4769=CARTESIAN_POINT('Ctrl Pts',(22.9298262699159,-54.4062112602173,128.282922823656));
#4770=CARTESIAN_POINT('Ctrl Pts',(12.8614509913425,-54.9071814115401,128.282922823656));
#4771=CARTESIAN_POINT('Ctrl Pts',(4.27857016371335,-55.,128.282922823656));
#4772=CARTESIAN_POINT('Ctrl Pts',(-3.33066907387547E-15,-55.,128.282922823656));
#4773=CARTESIAN_POINT('Ctrl Pts',(50.,1.01251390565866E-14,123.282922823656));
#4774=CARTESIAN_POINT('Ctrl Pts',(50.,4.24284926253208,123.282922823656));
#4775=CARTESIAN_POINT('Ctrl Pts',(49.908878724701,12.7302395647241,123.282922823656));
#4776=CARTESIAN_POINT('Ctrl Pts',(49.4140813471643,22.5737740243033,123.282922823656));
#4777=CARTESIAN_POINT('Ctrl Pts',(48.6390015104351,28.9095701221449,123.282922823656));
#4778=CARTESIAN_POINT('Ctrl Pts',(48.1659900833408,31.701552825379,123.282922823656));
#4779=CARTESIAN_POINT('Ctrl Pts',(47.7335336057943,33.7796691792759,123.282922823656));
#4780=CARTESIAN_POINT('Ctrl Pts',(47.1994440277611,35.832918926841,123.282922823656));
#4781=CARTESIAN_POINT('Ctrl Pts',(46.3112470288449,38.5152281287625,123.282922823656));
#4782=CARTESIAN_POINT('Ctrl Pts',(45.0689098763902,41.0818480952902,123.282922823656));
#4783=CARTESIAN_POINT('Ctrl Pts',(43.2534747385145,43.2690790016259,123.282922823656));
#4784=CARTESIAN_POINT('Ctrl Pts',(41.0628664505799,45.0821786654171,123.282922823656));
#4785=CARTESIAN_POINT('Ctrl Pts',(37.2070445635566,46.9314486894196,123.282922823656));
#4786=CARTESIAN_POINT('Ctrl Pts',(31.6937214332292,48.2675376048374,123.282922823656));
#4787=CARTESIAN_POINT('Ctrl Pts',(26.4173148166095,48.9714714021028,123.282922823656));
#4788=CARTESIAN_POINT('Ctrl Pts',(22.1978407546257,49.3470259645414,123.282922823656));
#4789=CARTESIAN_POINT('Ctrl Pts',(17.9800810189779,49.6301346771784,123.282922823656));
#4790=CARTESIAN_POINT('Ctrl Pts',(10.6225884987097,49.9359010713407,123.282922823656));
#4791=CARTESIAN_POINT('Ctrl Pts',(4.24284926253207,50.,123.282922823656));
#4792=CARTESIAN_POINT('Ctrl Pts',(-3.54448193411069E-15,50.,123.282922823656));
#4793=CARTESIAN_POINT('Ctrl Pts',(50.7479982508547,1.0063700336626E-14,
123.282922823656));
#4794=CARTESIAN_POINT('Ctrl Pts',(50.7479982508547,4.24819582407677,123.282922823656));
#4795=CARTESIAN_POINT('Ctrl Pts',(50.6566219589611,12.7498695645445,123.282922823656));
#4796=CARTESIAN_POINT('Ctrl Pts',(50.1609072027091,22.6270200176988,123.282922823656));
#4797=CARTESIAN_POINT('Ctrl Pts',(49.3799339033674,29.014098156048,123.282922823656));
#4798=CARTESIAN_POINT('Ctrl Pts',(48.9014092391193,31.8391385046999,123.282922823656));
#4799=CARTESIAN_POINT('Ctrl Pts',(48.4625113134666,33.9484652466325,123.282922823656));
#4800=CARTESIAN_POINT('Ctrl Pts',(47.9180146592998,36.042719879551,123.282922823656));
#4801=CARTESIAN_POINT('Ctrl Pts',(47.0065844323577,38.7955567719136,123.282922823656));
#4802=CARTESIAN_POINT('Ctrl Pts',(45.7155562050132,41.4730585137271,123.282922823656));
#4803=CARTESIAN_POINT('Ctrl Pts',(43.7855436760401,43.8017950565903,123.282922823656));
#4804=CARTESIAN_POINT('Ctrl Pts',(41.4528354555781,45.729844690862,123.282922823656));
#4805=CARTESIAN_POINT('Ctrl Pts',(37.4328620369258,47.6496423357792,123.282922823656));
#4806=CARTESIAN_POINT('Ctrl Pts',(31.823843429587,49.0048266265706,123.282922823656));
#4807=CARTESIAN_POINT('Ctrl Pts',(26.4993302859288,49.7154514257232,123.282922823656));
#4808=CARTESIAN_POINT('Ctrl Pts',(22.2554532886321,50.092845409197,123.282922823656));
#4809=CARTESIAN_POINT('Ctrl Pts',(18.018442205114,50.3772887598278,123.282922823656));
#4810=CARTESIAN_POINT('Ctrl Pts',(10.6382690406822,50.6838270687253,123.282922823656));
#4811=CARTESIAN_POINT('Ctrl Pts',(4.24819582407675,50.7479982508547,123.282922823656));
#4812=CARTESIAN_POINT('Ctrl Pts',(-3.60592065407126E-15,50.7479982508547,
123.282922823656));
#4813=CARTESIAN_POINT('Ctrl Pts',(52.2407276180337,9.88407123397524E-15,
123.625316593718));
#4814=CARTESIAN_POINT('Ctrl Pts',(52.2407276180337,4.25887216438589,123.625316593718));
#4815=CARTESIAN_POINT('Ctrl Pts',(52.1488397588949,12.7890457900837,123.625316593718));
#4816=CARTESIAN_POINT('Ctrl Pts',(51.6513088659179,22.7332329440577,123.625316593718));
#4817=CARTESIAN_POINT('Ctrl Pts',(50.8585864535875,29.222635459053,123.625316593718));
#4818=CARTESIAN_POINT('Ctrl Pts',(50.369059521863,32.113669615465,123.625316593718));
#4819=CARTESIAN_POINT('Ctrl Pts',(49.9173133110875,34.2852816375941,123.625316593718));
#4820=CARTESIAN_POINT('Ctrl Pts',(49.3520615429537,36.4613646254826,123.625316593718));
#4821=CARTESIAN_POINT('Ctrl Pts',(48.3942592505007,39.3549921378634,123.625316593718));
#4822=CARTESIAN_POINT('Ctrl Pts',(47.0061529126781,42.2536822999913,123.625316593718));
#4823=CARTESIAN_POINT('Ctrl Pts',(44.8474045174597,44.8649229413287,123.625316593718));
#4824=CARTESIAN_POINT('Ctrl Pts',(42.2309843962328,47.022467673599,123.625316593718));
#4825=CARTESIAN_POINT('Ctrl Pts',(37.8834056467176,49.0829835074353,123.625316593718));
#4826=CARTESIAN_POINT('Ctrl Pts',(32.0834597380113,50.4762124848483,123.625316593718));
#4827=CARTESIAN_POINT('Ctrl Pts',(26.6629815423801,51.2001773434352,123.625316593718));
#4828=CARTESIAN_POINT('Ctrl Pts',(22.3704113598015,51.5812322989886,123.625316593718));
#4829=CARTESIAN_POINT('Ctrl Pts',(18.0949806073848,51.8683377709147,123.625316593718));
#4830=CARTESIAN_POINT('Ctrl Pts',(10.6695381101169,52.1764138506814,123.625316593718));
#4831=CARTESIAN_POINT('Ctrl Pts',(4.25887216438588,52.2407276180337,123.625316593718));
#4832=CARTESIAN_POINT('Ctrl Pts',(-3.45768465867484E-15,52.2407276180337,
123.625316593718));
#4833=CARTESIAN_POINT('Ctrl Pts',(54.3435657281175,9.43278968812291E-15,
125.29801139519));
#4834=CARTESIAN_POINT('Ctrl Pts',(54.3435657281175,4.27388402950936,125.29801139519));
#4835=CARTESIAN_POINT('Ctrl Pts',(54.2509685436038,12.8442257186167,125.29801139519));
#4836=CARTESIAN_POINT('Ctrl Pts',(53.7508166937118,22.8830561667225,125.29801139519));
#4837=CARTESIAN_POINT('Ctrl Pts',(52.9414914211515,29.5166723354659,125.298011395189));
#4838=CARTESIAN_POINT('Ctrl Pts',(52.4364648335381,32.5005752918867,125.29801139519));
#4839=CARTESIAN_POINT('Ctrl Pts',(51.9665912745195,34.7599263161503,125.298011395189));
#4840=CARTESIAN_POINT('Ctrl Pts',(51.3720432434707,37.0512924629926,125.298011395189));
#4841=CARTESIAN_POINT('Ctrl Pts',(50.3489460120238,40.1430693374853,125.29801139519));
#4842=CARTESIAN_POINT('Ctrl Pts',(48.8236928478867,43.3537406902262,125.29801139519));
#4843=CARTESIAN_POINT('Ctrl Pts',(46.343068487935,46.3624760729619,125.29801139519));
#4844=CARTESIAN_POINT('Ctrl Pts',(43.3275454721297,48.8428991375079,125.298011395189));
#4845=CARTESIAN_POINT('Ctrl Pts',(38.5185448399905,51.1017716179396,125.29801139519));
#4846=CARTESIAN_POINT('Ctrl Pts',(32.4494403612337,52.5488630159341,125.29801139519));
#4847=CARTESIAN_POINT('Ctrl Pts',(26.8936121710457,53.2916747083589,125.298011395189));
#4848=CARTESIAN_POINT('Ctrl Pts',(22.5324208228766,53.6779290338001,125.29801139519));
#4849=CARTESIAN_POINT('Ctrl Pts',(18.2028720393697,53.9687903601658,125.29801139519));
#4850=CARTESIAN_POINT('Ctrl Pts',(10.7136881367682,54.2790442258886,125.29801139519));
#4851=CARTESIAN_POINT('Ctrl Pts',(4.27388402950934,54.3435657281175,125.29801139519));
#4852=CARTESIAN_POINT('Ctrl Pts',(-2.30724826150523E-15,54.3435657281175,
125.29801139519));
#4853=CARTESIAN_POINT('Ctrl Pts',(55.,9.06863429510886E-15,127.160925447374));
#4854=CARTESIAN_POINT('Ctrl Pts',(55.,4.27861236091252,127.160925447374));
#4855=CARTESIAN_POINT('Ctrl Pts',(54.9071644050129,12.8614636216093,127.160925447374));
#4856=CARTESIAN_POINT('Ctrl Pts',(54.4062881116674,22.9295276801761,127.160925447374));
#4857=CARTESIAN_POINT('Ctrl Pts',(53.5918574111868,29.6080616497365,127.160925447374));
#4858=CARTESIAN_POINT('Ctrl Pts',(53.0819931676847,32.621101998553,127.160925447374));
#4859=CARTESIAN_POINT('Ctrl Pts',(52.6065024045392,34.9078474419916,127.160925447374));
#4860=CARTESIAN_POINT('Ctrl Pts',(52.0028961919946,37.2351862199171,127.160925447374));
#4861=CARTESIAN_POINT('Ctrl Pts',(50.9593706458465,40.3890962315335,127.160925447374));
#4862=CARTESIAN_POINT('Ctrl Pts',(49.3918909199664,43.6965749801999,127.160925447374));
#4863=CARTESIAN_POINT('Ctrl Pts',(46.8102648932712,46.830105937016,127.160925447374));
#4864=CARTESIAN_POINT('Ctrl Pts',(43.669304432751,49.4119442723612,127.160925447374));
#4865=CARTESIAN_POINT('Ctrl Pts',(38.7161401443223,51.7325509274523,127.160925447374));
#4866=CARTESIAN_POINT('Ctrl Pts',(32.563306469839,53.1960544536492,127.160925447374));
#4867=CARTESIAN_POINT('Ctrl Pts',(26.9654695911566,53.9446679060672,127.160925447374));
#4868=CARTESIAN_POINT('Ctrl Pts',(22.5828961645821,54.3324822129568,127.160925447374));
#4869=CARTESIAN_POINT('Ctrl Pts',(18.2364467811702,54.624507489209,127.160925447374));
#4870=CARTESIAN_POINT('Ctrl Pts',(10.7273193864429,54.9354239514255,127.160925447374));
#4871=CARTESIAN_POINT('Ctrl Pts',(4.27861236091252,55.,127.160925447374));
#4872=CARTESIAN_POINT('Ctrl Pts',(-8.87537966011132E-16,55.,127.160925447374));
#4873=CARTESIAN_POINT('Ctrl Pts',(55.,8.88178419700125E-15,128.282922823656));
#4874=CARTESIAN_POINT('Ctrl Pts',(55.,4.27857016371336,128.282922823656));
#4875=CARTESIAN_POINT('Ctrl Pts',(54.9071814115401,12.8614509913425,128.282922823656));
#4876=CARTESIAN_POINT('Ctrl Pts',(54.4062112602174,22.9298262699159,128.282922823656));
#4877=CARTESIAN_POINT('Ctrl Pts',(53.5917030356242,29.6084611560283,128.282922823656));
#4878=CARTESIAN_POINT('Ctrl Pts',(53.0818379834608,32.6213543805973,128.282922823656));
#4879=CARTESIAN_POINT('Ctrl Pts',(52.6063056283566,34.9080945188746,128.282922823656));
#4880=CARTESIAN_POINT('Ctrl Pts',(52.0026121850267,37.2354481527233,128.282922823656));
#4881=CARTESIAN_POINT('Ctrl Pts',(50.9591321648078,40.3890801140462,128.282922823656));
#4882=CARTESIAN_POINT('Ctrl Pts',(49.3910656421516,43.6971421405899,128.282922823656));
#4883=CARTESIAN_POINT('Ctrl Pts',(46.8099633091804,46.8299608394988,128.282922823656));
#4884=CARTESIAN_POINT('Ctrl Pts',(43.6698551579065,49.4111746443079,128.282922823656));
#4885=CARTESIAN_POINT('Ctrl Pts',(38.7168145347551,51.7319675526779,128.282922823656));
#4886=CARTESIAN_POINT('Ctrl Pts',(32.5636875383798,53.1958735091235,128.282922823656));
#4887=CARTESIAN_POINT('Ctrl Pts',(26.965607368236,53.9445686512253,128.282922823656));
#4888=CARTESIAN_POINT('Ctrl Pts',(22.5829947812689,54.332446128705,128.282922823656));
#4889=CARTESIAN_POINT('Ctrl Pts',(18.2365522052164,54.624479916232,128.282922823656));
#4890=CARTESIAN_POINT('Ctrl Pts',(10.7274704742057,54.9354136359493,128.282922823656));
#4891=CARTESIAN_POINT('Ctrl Pts',(4.27857016371335,55.,128.282922823656));
#4892=CARTESIAN_POINT('Ctrl Pts',(-1.78726298839135E-30,55.,128.282922823656));
#4893=CARTESIAN_POINT('',(-3.54448193411069E-15,50.,123.282922823656));
#4894=CARTESIAN_POINT('Origin',(4.10687591116448E-16,50.,128.282922823656));
#4895=CARTESIAN_POINT('',(50.,1.01251390565866E-14,123.282922823656));
#4896=CARTESIAN_POINT('Origin',(50.,9.2924717881177E-15,128.282922823656));
#4897=CARTESIAN_POINT('Ctrl Pts',(50.,1.01251390565866E-14,123.282922823656));
#4898=CARTESIAN_POINT('Ctrl Pts',(50.,4.24284926253208,123.282922823656));
#4899=CARTESIAN_POINT('Ctrl Pts',(49.908878724701,12.7302395647241,123.282922823656));
#4900=CARTESIAN_POINT('Ctrl Pts',(49.4140813471643,22.5737740243033,123.282922823656));
#4901=CARTESIAN_POINT('Ctrl Pts',(48.6390015104351,28.9095701221449,123.282922823656));
#4902=CARTESIAN_POINT('Ctrl Pts',(48.1659900833408,31.701552825379,123.282922823656));
#4903=CARTESIAN_POINT('Ctrl Pts',(47.7335336057943,33.7796691792759,123.282922823656));
#4904=CARTESIAN_POINT('Ctrl Pts',(47.1994440277611,35.832918926841,123.282922823656));
#4905=CARTESIAN_POINT('Ctrl Pts',(46.3112470288449,38.5152281287625,123.282922823656));
#4906=CARTESIAN_POINT('Ctrl Pts',(45.0689098763902,41.0818480952902,123.282922823656));
#4907=CARTESIAN_POINT('Ctrl Pts',(43.2534747385145,43.2690790016259,123.282922823656));
#4908=CARTESIAN_POINT('Ctrl Pts',(41.0628664505799,45.0821786654171,123.282922823656));
#4909=CARTESIAN_POINT('Ctrl Pts',(37.2070445635566,46.9314486894196,123.282922823656));
#4910=CARTESIAN_POINT('Ctrl Pts',(31.6937214332292,48.2675376048374,123.282922823656));
#4911=CARTESIAN_POINT('Ctrl Pts',(26.4173148166095,48.9714714021028,123.282922823656));
#4912=CARTESIAN_POINT('Ctrl Pts',(22.1978407546257,49.3470259645414,123.282922823656));
#4913=CARTESIAN_POINT('Ctrl Pts',(17.9800810189779,49.6301346771784,123.282922823656));
#4914=CARTESIAN_POINT('Ctrl Pts',(10.6225884987097,49.9359010713407,123.282922823656));
#4915=CARTESIAN_POINT('Ctrl Pts',(4.24284926253207,50.,123.282922823656));
#4916=CARTESIAN_POINT('Ctrl Pts',(-3.54448193411069E-15,50.,123.282922823656));
#4917=CARTESIAN_POINT('Ctrl Pts',(-1.85656322470102E-15,50.,123.282922823656));
#4918=CARTESIAN_POINT('Ctrl Pts',(-4.24284926253207,50.,123.282922823656));
#4919=CARTESIAN_POINT('Ctrl Pts',(-12.7302395647241,49.9088787247011,123.282922823656));
#4920=CARTESIAN_POINT('Ctrl Pts',(-22.5737740243033,49.4140813471643,123.282922823656));
#4921=CARTESIAN_POINT('Ctrl Pts',(-28.9095701221449,48.6390015104351,123.282922823656));
#4922=CARTESIAN_POINT('Ctrl Pts',(-31.701552825379,48.1659900833408,123.282922823656));
#4923=CARTESIAN_POINT('Ctrl Pts',(-33.779669179276,47.7335336057943,123.282922823656));
#4924=CARTESIAN_POINT('Ctrl Pts',(-35.832918926841,47.1994440277611,123.282922823656));
#4925=CARTESIAN_POINT('Ctrl Pts',(-38.5152281287625,46.3112470288449,123.282922823656));
#4926=CARTESIAN_POINT('Ctrl Pts',(-41.0818480952902,45.0689098763902,123.282922823656));
#4927=CARTESIAN_POINT('Ctrl Pts',(-43.2690790016259,43.2534747385145,123.282922823656));
#4928=CARTESIAN_POINT('Ctrl Pts',(-45.0821786654171,41.0628664505799,123.282922823656));
#4929=CARTESIAN_POINT('Ctrl Pts',(-46.9314486894196,37.2070445635566,123.282922823656));
#4930=CARTESIAN_POINT('Ctrl Pts',(-48.2675376048374,31.6937214332292,123.282922823656));
#4931=CARTESIAN_POINT('Ctrl Pts',(-48.9714714021028,26.4173148166095,123.282922823656));
#4932=CARTESIAN_POINT('Ctrl Pts',(-49.3470259645414,22.1978407546257,123.282922823656));
#4933=CARTESIAN_POINT('Ctrl Pts',(-49.6301346771784,17.9800810189779,123.282922823656));
#4934=CARTESIAN_POINT('Ctrl Pts',(-49.9359010713407,10.6225884987097,123.282922823656));
#4935=CARTESIAN_POINT('Ctrl Pts',(-50.,4.24284926253208,123.282922823656));
#4936=CARTESIAN_POINT('Ctrl Pts',(-50.,1.26344329482292E-14,123.282922823656));
#4937=CARTESIAN_POINT('Ctrl Pts',(-1.67224706481931E-15,50.7479982508547,
123.282922823656));
#4938=CARTESIAN_POINT('Ctrl Pts',(-4.24819582407676,50.7479982508547,123.282922823656));
#4939=CARTESIAN_POINT('Ctrl Pts',(-12.7498695645445,50.6566219589611,123.282922823656));
#4940=CARTESIAN_POINT('Ctrl Pts',(-22.6270200176988,50.1609072027091,123.282922823656));
#4941=CARTESIAN_POINT('Ctrl Pts',(-29.014098156048,49.3799339033674,123.282922823656));
#4942=CARTESIAN_POINT('Ctrl Pts',(-31.8391385046999,48.9014092391193,123.282922823656));
#4943=CARTESIAN_POINT('Ctrl Pts',(-33.9484652466325,48.4625113134666,123.282922823656));
#4944=CARTESIAN_POINT('Ctrl Pts',(-36.042719879551,47.9180146592998,123.282922823656));
#4945=CARTESIAN_POINT('Ctrl Pts',(-38.7955567719136,47.0065844323577,123.282922823656));
#4946=CARTESIAN_POINT('Ctrl Pts',(-41.473058513727,45.7155562050132,123.282922823656));
#4947=CARTESIAN_POINT('Ctrl Pts',(-43.8017950565903,43.7855436760401,123.282922823656));
#4948=CARTESIAN_POINT('Ctrl Pts',(-45.729844690862,41.4528354555781,123.282922823656));
#4949=CARTESIAN_POINT('Ctrl Pts',(-47.6496423357792,37.4328620369258,123.282922823656));
#4950=CARTESIAN_POINT('Ctrl Pts',(-49.0048266265705,31.8238434295871,123.282922823656));
#4951=CARTESIAN_POINT('Ctrl Pts',(-49.7154514257232,26.4993302859288,123.282922823656));
#4952=CARTESIAN_POINT('Ctrl Pts',(-50.092845409197,22.2554532886321,123.282922823656));
#4953=CARTESIAN_POINT('Ctrl Pts',(-50.3772887598278,18.018442205114,123.282922823656));
#4954=CARTESIAN_POINT('Ctrl Pts',(-50.6838270687253,10.6382690406823,123.282922823656));
#4955=CARTESIAN_POINT('Ctrl Pts',(-50.7479982508547,4.24819582407677,123.282922823656));
#4956=CARTESIAN_POINT('Ctrl Pts',(-50.7479982508547,1.26958716681897E-14,
123.282922823656));
#4957=CARTESIAN_POINT('Ctrl Pts',(-1.03357472702647E-15,52.2407276180337,
123.625316593718));
#4958=CARTESIAN_POINT('Ctrl Pts',(-4.25887216438589,52.2407276180337,123.625316593718));
#4959=CARTESIAN_POINT('Ctrl Pts',(-12.7890457900837,52.1488397588949,123.625316593718));
#4960=CARTESIAN_POINT('Ctrl Pts',(-22.7332329440577,51.6513088659178,123.625316593718));
#4961=CARTESIAN_POINT('Ctrl Pts',(-29.222635459053,50.8585864535875,123.625316593718));
#4962=CARTESIAN_POINT('Ctrl Pts',(-32.113669615465,50.369059521863,123.625316593718));
#4963=CARTESIAN_POINT('Ctrl Pts',(-34.2852816375941,49.9173133110875,123.625316593718));
#4964=CARTESIAN_POINT('Ctrl Pts',(-36.4613646254826,49.3520615429536,123.625316593718));
#4965=CARTESIAN_POINT('Ctrl Pts',(-39.3549921378634,48.3942592505007,123.625316593718));
#4966=CARTESIAN_POINT('Ctrl Pts',(-42.2536822999913,47.0061529126781,123.625316593718));
#4967=CARTESIAN_POINT('Ctrl Pts',(-44.8649229413287,44.8474045174597,123.625316593718));
#4968=CARTESIAN_POINT('Ctrl Pts',(-47.0224676735989,42.2309843962329,123.625316593718));
#4969=CARTESIAN_POINT('Ctrl Pts',(-49.0829835074353,37.8834056467176,123.625316593718));
#4970=CARTESIAN_POINT('Ctrl Pts',(-50.4762124848483,32.0834597380113,123.625316593718));
#4971=CARTESIAN_POINT('Ctrl Pts',(-51.2001773434352,26.6629815423801,123.625316593718));
#4972=CARTESIAN_POINT('Ctrl Pts',(-51.5812322989886,22.3704113598015,123.625316593718));
#4973=CARTESIAN_POINT('Ctrl Pts',(-51.8683377709147,18.0949806073848,123.625316593718));
#4974=CARTESIAN_POINT('Ctrl Pts',(-52.1764138506814,10.6695381101169,123.625316593718));
#4975=CARTESIAN_POINT('Ctrl Pts',(-52.2407276180337,4.25887216438589,123.625316593718));
#4976=CARTESIAN_POINT('Ctrl Pts',(-52.2407276180337,1.27614607367372E-14,
123.625316593718));
#4977=CARTESIAN_POINT('Ctrl Pts',(8.07749284493669E-16,54.3435657281175,
125.29801139519));
#4978=CARTESIAN_POINT('Ctrl Pts',(-4.27388402950934,54.3435657281175,125.29801139519));
#4979=CARTESIAN_POINT('Ctrl Pts',(-12.8442257186167,54.2509685436038,125.29801139519));
#4980=CARTESIAN_POINT('Ctrl Pts',(-22.8830561667225,53.7508166937118,125.29801139519));
#4981=CARTESIAN_POINT('Ctrl Pts',(-29.5166723354659,52.9414914211516,125.29801139519));
#4982=CARTESIAN_POINT('Ctrl Pts',(-32.5005752918867,52.4364648335381,125.29801139519));
#4983=CARTESIAN_POINT('Ctrl Pts',(-34.7599263161503,51.9665912745196,125.29801139519));
#4984=CARTESIAN_POINT('Ctrl Pts',(-37.0512924629925,51.3720432434707,125.29801139519));
#4985=CARTESIAN_POINT('Ctrl Pts',(-40.1430693374853,50.3489460120238,125.29801139519));
#4986=CARTESIAN_POINT('Ctrl Pts',(-43.3537406902261,48.8236928478867,125.29801139519));
#4987=CARTESIAN_POINT('Ctrl Pts',(-46.3624760729619,46.3430684879349,125.29801139519));
#4988=CARTESIAN_POINT('Ctrl Pts',(-48.8428991375078,43.3275454721297,125.29801139519));
#4989=CARTESIAN_POINT('Ctrl Pts',(-51.1017716179396,38.5185448399905,125.29801139519));
#4990=CARTESIAN_POINT('Ctrl Pts',(-52.5488630159341,32.4494403612338,125.29801139519));
#4991=CARTESIAN_POINT('Ctrl Pts',(-53.2916747083589,26.8936121710457,125.29801139519));
#4992=CARTESIAN_POINT('Ctrl Pts',(-53.6779290338001,22.5324208228766,125.29801139519));
#4993=CARTESIAN_POINT('Ctrl Pts',(-53.9687903601658,18.2028720393697,125.29801139519));
#4994=CARTESIAN_POINT('Ctrl Pts',(-54.2790442258886,10.7136881367682,125.29801139519));
#4995=CARTESIAN_POINT('Ctrl Pts',(-54.3435657281175,4.27388402950936,125.29801139519));
#4996=CARTESIAN_POINT('Ctrl Pts',(-54.3435657281175,1.26556229980601E-14,
125.29801139519));
#4997=CARTESIAN_POINT('Ctrl Pts',(2.44313110786434E-15,55.,127.160925447374));
#4998=CARTESIAN_POINT('Ctrl Pts',(-4.27861236091252,55.,127.160925447374));
#4999=CARTESIAN_POINT('Ctrl Pts',(-12.8614636216093,54.9071644050129,127.160925447374));
#5000=CARTESIAN_POINT('Ctrl Pts',(-22.9295276801761,54.4062881116674,127.160925447374));
#5001=CARTESIAN_POINT('Ctrl Pts',(-29.6080616497365,53.5918574111868,127.160925447374));
#5002=CARTESIAN_POINT('Ctrl Pts',(-32.6211019985529,53.0819931676847,127.160925447374));
#5003=CARTESIAN_POINT('Ctrl Pts',(-34.9078474419916,52.6065024045392,127.160925447374));
#5004=CARTESIAN_POINT('Ctrl Pts',(-37.235186219917,52.0028961919946,127.160925447374));
#5005=CARTESIAN_POINT('Ctrl Pts',(-40.3890962315336,50.9593706458465,127.160925447374));
#5006=CARTESIAN_POINT('Ctrl Pts',(-43.6965749801999,49.3918909199664,127.160925447374));
#5007=CARTESIAN_POINT('Ctrl Pts',(-46.830105937016,46.8102648932712,127.160925447374));
#5008=CARTESIAN_POINT('Ctrl Pts',(-49.4119442723611,43.669304432751,127.160925447374));
#5009=CARTESIAN_POINT('Ctrl Pts',(-51.7325509274523,38.7161401443223,127.160925447374));
#5010=CARTESIAN_POINT('Ctrl Pts',(-53.1960544536492,32.5633064698391,127.160925447374));
#5011=CARTESIAN_POINT('Ctrl Pts',(-53.9446679060671,26.9654695911566,127.160925447374));
#5012=CARTESIAN_POINT('Ctrl Pts',(-54.3324822129567,22.5828961645821,127.160925447374));
#5013=CARTESIAN_POINT('Ctrl Pts',(-54.624507489209,18.2364467811703,127.160925447374));
#5014=CARTESIAN_POINT('Ctrl Pts',(-54.9354239514255,10.727319386443,127.160925447374));
#5015=CARTESIAN_POINT('Ctrl Pts',(-55.,4.27861236091253,127.160925447374));
#5016=CARTESIAN_POINT('Ctrl Pts',(-55.,1.23993033689843E-14,127.160925447374));
#5017=CARTESIAN_POINT('Ctrl Pts',(3.33066907387547E-15,55.,128.282922823656));
#5018=CARTESIAN_POINT('Ctrl Pts',(-4.27857016371335,55.,128.282922823656));
#5019=CARTESIAN_POINT('Ctrl Pts',(-12.8614509913425,54.9071814115401,128.282922823656));
#5020=CARTESIAN_POINT('Ctrl Pts',(-22.9298262699159,54.4062112602173,128.282922823656));
#5021=CARTESIAN_POINT('Ctrl Pts',(-29.6084611560283,53.5917030356242,128.282922823656));
#5022=CARTESIAN_POINT('Ctrl Pts',(-32.6213543805973,53.0818379834608,128.282922823656));
#5023=CARTESIAN_POINT('Ctrl Pts',(-34.9080945188746,52.6063056283567,128.282922823656));
#5024=CARTESIAN_POINT('Ctrl Pts',(-37.2354481527232,52.0026121850267,128.282922823656));
#5025=CARTESIAN_POINT('Ctrl Pts',(-40.3890801140463,50.9591321648078,128.282922823656));
#5026=CARTESIAN_POINT('Ctrl Pts',(-43.6971421405899,49.3910656421516,128.282922823656));
#5027=CARTESIAN_POINT('Ctrl Pts',(-46.8299608394988,46.8099633091804,128.282922823656));
#5028=CARTESIAN_POINT('Ctrl Pts',(-49.4111746443079,43.6698551579065,128.282922823656));
#5029=CARTESIAN_POINT('Ctrl Pts',(-51.7319675526778,38.7168145347551,128.282922823656));
#5030=CARTESIAN_POINT('Ctrl Pts',(-53.1958735091235,32.5636875383798,128.282922823656));
#5031=CARTESIAN_POINT('Ctrl Pts',(-53.9445686512253,26.965607368236,128.282922823656));
#5032=CARTESIAN_POINT('Ctrl Pts',(-54.332446128705,22.5829947812689,128.282922823656));
#5033=CARTESIAN_POINT('Ctrl Pts',(-54.624479916232,18.2365522052165,128.282922823656));
#5034=CARTESIAN_POINT('Ctrl Pts',(-54.9354136359493,10.7274704742057,128.282922823656));
#5035=CARTESIAN_POINT('Ctrl Pts',(-55.,4.27857016371336,128.282922823656));
#5036=CARTESIAN_POINT('Ctrl Pts',(-55.,1.22124532708767E-14,128.282922823656));
#5037=CARTESIAN_POINT('',(-50.,1.26344329482292E-14,123.282922823656));
#5038=CARTESIAN_POINT('',(-55.,5.03311323459296E-15,128.282922823656));
#5039=CARTESIAN_POINT('Origin',(-50.,1.18017656797603E-14,128.282922823656));
#5040=CARTESIAN_POINT('Ctrl Pts',(-55.,1.22124532708767E-14,128.282922823656));
#5041=CARTESIAN_POINT('Ctrl Pts',(-55.,4.27857016371336,128.282922823656));
#5042=CARTESIAN_POINT('Ctrl Pts',(-54.9354136359493,10.7274704742057,128.282922823656));
#5043=CARTESIAN_POINT('Ctrl Pts',(-54.624479916232,18.2365522052165,128.282922823656));
#5044=CARTESIAN_POINT('Ctrl Pts',(-54.332446128705,22.5829947812689,128.282922823656));
#5045=CARTESIAN_POINT('Ctrl Pts',(-53.9445686512253,26.965607368236,128.282922823656));
#5046=CARTESIAN_POINT('Ctrl Pts',(-53.1958735091235,32.5636875383798,128.282922823656));
#5047=CARTESIAN_POINT('Ctrl Pts',(-51.7319675526778,38.7168145347551,128.282922823656));
#5048=CARTESIAN_POINT('Ctrl Pts',(-49.4111746443079,43.6698551579065,128.282922823656));
#5049=CARTESIAN_POINT('Ctrl Pts',(-46.8299608394988,46.8099633091804,128.282922823656));
#5050=CARTESIAN_POINT('Ctrl Pts',(-43.6971421405899,49.3910656421516,128.282922823656));
#5051=CARTESIAN_POINT('Ctrl Pts',(-40.3890801140463,50.9591321648078,128.282922823656));
#5052=CARTESIAN_POINT('Ctrl Pts',(-37.2354481527232,52.0026121850267,128.282922823656));
#5053=CARTESIAN_POINT('Ctrl Pts',(-34.9080945188746,52.6063056283567,128.282922823656));
#5054=CARTESIAN_POINT('Ctrl Pts',(-32.6213543805973,53.0818379834608,128.282922823656));
#5055=CARTESIAN_POINT('Ctrl Pts',(-29.6084611560283,53.5917030356242,128.282922823656));
#5056=CARTESIAN_POINT('Ctrl Pts',(-22.9298262699159,54.4062112602173,128.282922823656));
#5057=CARTESIAN_POINT('Ctrl Pts',(-12.8614509913425,54.9071814115401,128.282922823656));
#5058=CARTESIAN_POINT('Ctrl Pts',(-4.27857016371335,55.,128.282922823656));
#5059=CARTESIAN_POINT('Ctrl Pts',(3.33066907387547E-15,55.,128.282922823656));
#5060=CARTESIAN_POINT('Ctrl Pts',(-1.85656322470102E-15,50.,123.282922823656));
#5061=CARTESIAN_POINT('Ctrl Pts',(-4.24284926253207,50.,123.282922823656));
#5062=CARTESIAN_POINT('Ctrl Pts',(-12.7302395647241,49.9088787247011,123.282922823656));
#5063=CARTESIAN_POINT('Ctrl Pts',(-22.5737740243033,49.4140813471643,123.282922823656));
#5064=CARTESIAN_POINT('Ctrl Pts',(-28.9095701221449,48.6390015104351,123.282922823656));
#5065=CARTESIAN_POINT('Ctrl Pts',(-31.701552825379,48.1659900833408,123.282922823656));
#5066=CARTESIAN_POINT('Ctrl Pts',(-33.779669179276,47.7335336057943,123.282922823656));
#5067=CARTESIAN_POINT('Ctrl Pts',(-35.832918926841,47.1994440277611,123.282922823656));
#5068=CARTESIAN_POINT('Ctrl Pts',(-38.5152281287625,46.3112470288449,123.282922823656));
#5069=CARTESIAN_POINT('Ctrl Pts',(-41.0818480952902,45.0689098763902,123.282922823656));
#5070=CARTESIAN_POINT('Ctrl Pts',(-43.2690790016259,43.2534747385145,123.282922823656));
#5071=CARTESIAN_POINT('Ctrl Pts',(-45.0821786654171,41.0628664505799,123.282922823656));
#5072=CARTESIAN_POINT('Ctrl Pts',(-46.9314486894196,37.2070445635566,123.282922823656));
#5073=CARTESIAN_POINT('Ctrl Pts',(-48.2675376048374,31.6937214332292,123.282922823656));
#5074=CARTESIAN_POINT('Ctrl Pts',(-48.9714714021028,26.4173148166095,123.282922823656));
#5075=CARTESIAN_POINT('Ctrl Pts',(-49.3470259645414,22.1978407546257,123.282922823656));
#5076=CARTESIAN_POINT('Ctrl Pts',(-49.6301346771784,17.9800810189779,123.282922823656));
#5077=CARTESIAN_POINT('Ctrl Pts',(-49.9359010713407,10.6225884987097,123.282922823656));
#5078=CARTESIAN_POINT('Ctrl Pts',(-50.,4.24284926253208,123.282922823656));
#5079=CARTESIAN_POINT('Ctrl Pts',(-50.,1.26344329482292E-14,123.282922823656));
#5080=CARTESIAN_POINT('Ctrl Pts',(-50.,-2.54562230657125E-15,123.282922823656));
#5081=CARTESIAN_POINT('Ctrl Pts',(-50.,-4.24284926253207,123.282922823656));
#5082=CARTESIAN_POINT('Ctrl Pts',(-49.9362968047079,-10.6142494847254,123.282922823656));
#5083=CARTESIAN_POINT('Ctrl Pts',(-49.6294308855703,-17.9968531009358,123.282922823656));
#5084=CARTESIAN_POINT('Ctrl Pts',(-49.3450771298403,-22.2236143977826,123.282922823656));
#5085=CARTESIAN_POINT('Ctrl Pts',(-48.9680278900393,-26.4492241533079,123.282922823656));
#5086=CARTESIAN_POINT('Ctrl Pts',(-48.262440443883,-31.7210072694625,123.282922823656));
#5087=CARTESIAN_POINT('Ctrl Pts',(-46.9246779327077,-37.2279742105383,123.282922823656));
#5088=CARTESIAN_POINT('Ctrl Pts',(-45.0703833196751,-41.082535930226,123.282922823656));
#5089=CARTESIAN_POINT('Ctrl Pts',(-43.2527276365178,-43.2696938043635,123.282922823656));
#5090=CARTESIAN_POINT('Ctrl Pts',(-41.0622697625032,-45.0807764280119,123.282922823656));
#5091=CARTESIAN_POINT('Ctrl Pts',(-38.4942001794753,-46.3193139019444,123.282922823656));
#5092=CARTESIAN_POINT('Ctrl Pts',(-35.8103921005367,-47.2062311216302,123.282922823656));
#5093=CARTESIAN_POINT('Ctrl Pts',(-33.0691217812528,-47.9156697074714,123.282922823656));
#5094=CARTESIAN_POINT('Ctrl Pts',(-29.5840208846234,-48.5569496330696,123.282922823656));
#5095=CARTESIAN_POINT('Ctrl Pts',(-22.542453169088,-49.4181210370189,123.282922823656));
#5096=CARTESIAN_POINT('Ctrl Pts',(-12.7365220202406,-49.9048100031805,123.282922823656));
#5097=CARTESIAN_POINT('Ctrl Pts',(-4.24284926253208,-50.,123.282922823656));
#5098=CARTESIAN_POINT('Ctrl Pts',(-1.02800393294211E-14,-50.,123.282922823656));
#5099=CARTESIAN_POINT('Ctrl Pts',(-50.7479982508547,-2.36130614668955E-15,
123.282922823656));
#5100=CARTESIAN_POINT('Ctrl Pts',(-50.7479982508547,-4.24819582407677,123.282922823656));
#5101=CARTESIAN_POINT('Ctrl Pts',(-50.6842240681528,-10.6299009960693,123.282922823656));
#5102=CARTESIAN_POINT('Ctrl Pts',(-50.3765860123264,-18.0352630383489,123.282922823656));
#5103=CARTESIAN_POINT('Ctrl Pts',(-50.0908892010542,-22.2813536359659,123.282922823656));
#5104=CARTESIAN_POINT('Ctrl Pts',(-49.7119943663022,-26.5314572832414,123.282922823656));
#5105=CARTESIAN_POINT('Ctrl Pts',(-48.9996626824221,-31.8514883124606,123.282922823656));
#5106=CARTESIAN_POINT('Ctrl Pts',(-47.6427557427918,-37.4543002409945,123.282922823656));
#5107=CARTESIAN_POINT('Ctrl Pts',(-45.7174496014874,-41.4735939899972,123.282922823656));
#5108=CARTESIAN_POINT('Ctrl Pts',(-43.7843392285264,-43.8028690966088,123.282922823656));
#5109=CARTESIAN_POINT('Ctrl Pts',(-41.4523824549222,-45.7280249968575,123.282922823656));
#5110=CARTESIAN_POINT('Ctrl Pts',(-38.7738903768505,-47.0148934944104,123.282922823656));
#5111=CARTESIAN_POINT('Ctrl Pts',(-36.0196222620542,-47.9249642515646,123.282922823656));
#5112=CARTESIAN_POINT('Ctrl Pts',(-33.2240985130341,-48.6480975852055,123.282922823656));
#5113=CARTESIAN_POINT('Ctrl Pts',(-29.6940770795717,-49.2972320513638,123.282922823656));
#5114=CARTESIAN_POINT('Ctrl Pts',(-22.595267158234,-50.1650538572726,123.282922823656));
#5115=CARTESIAN_POINT('Ctrl Pts',(-12.7565888732941,-50.6524189554685,123.282922823656));
#5116=CARTESIAN_POINT('Ctrl Pts',(-4.24819582407678,-50.7479982508547,123.282922823656));
#5117=CARTESIAN_POINT('Ctrl Pts',(-1.03414780493817E-14,-50.7479982508547,
123.282922823656));
#5118=CARTESIAN_POINT('Ctrl Pts',(-52.2407276180337,-2.05049890694393E-15,
123.625316593718));
#5119=CARTESIAN_POINT('Ctrl Pts',(-52.2407276180337,-4.25887216438588,123.625316593718));
#5120=CARTESIAN_POINT('Ctrl Pts',(-52.176813615044,-10.6611111243062,123.625316593718));
#5121=CARTESIAN_POINT('Ctrl Pts',(-51.8676374613354,-18.1118977717424,123.625316593718));
#5122=CARTESIAN_POINT('Ctrl Pts',(-51.5792619377123,-22.3965634420299,123.625316593718));
#5123=CARTESIAN_POINT('Ctrl Pts',(-51.1966940581315,-26.6955417064438,123.625316593718));
#5124=CARTESIAN_POINT('Ctrl Pts',(-50.470917306563,-32.111818269421,123.625316593718));
#5125=CARTESIAN_POINT('Ctrl Pts',(-49.0758682403912,-37.905856591455,123.625316593718));
#5126=CARTESIAN_POINT('Ctrl Pts',(-47.0088765461667,-42.2539167825827,123.625316593718));
#5127=CARTESIAN_POINT('Ctrl Pts',(-44.8452620337059,-44.8669395856179,123.625316593718));
#5128=CARTESIAN_POINT('Ctrl Pts',(-42.2308125655947,-47.0198261041245,123.625316593718));
#5129=CARTESIAN_POINT('Ctrl Pts',(-39.3320422485217,-48.403057908708,123.625316593718));
#5130=CARTESIAN_POINT('Ctrl Pts',(-36.4371129020687,-49.3593435334031,123.625316593718));
#5131=CARTESIAN_POINT('Ctrl Pts',(-33.5333196471342,-50.1097916570987,123.625316593718));
#5132=CARTESIAN_POINT('Ctrl Pts',(-29.9136653652246,-50.7745840461285,123.625316593718));
#5133=CARTESIAN_POINT('Ctrl Pts',(-22.7006054981723,-51.6556730663589,123.625316593718));
#5134=CARTESIAN_POINT('Ctrl Pts',(-12.7966354091007,-52.144367958276,123.625316593718));
#5135=CARTESIAN_POINT('Ctrl Pts',(-4.25887216438589,-52.2407276180337,123.625316593718));
#5136=CARTESIAN_POINT('Ctrl Pts',(-1.01932420539852E-14,-52.2407276180337,
123.625316593718));
#5137=CARTESIAN_POINT('Ctrl Pts',(-54.3435657281175,-1.81089283844572E-15,
125.29801139519));
#5138=CARTESIAN_POINT('Ctrl Pts',(-54.3435657281175,-4.27388402950936,125.29801139519));
#5139=CARTESIAN_POINT('Ctrl Pts',(-54.2794468654588,-10.7051824268758,125.29801139519));
#5140=CARTESIAN_POINT('Ctrl Pts',(-53.9680919691143,-18.2199290084693,125.29801139519));
#5141=CARTESIAN_POINT('Ctrl Pts',(-53.6759363320213,-22.5589323214875,125.29801139519));
#5142=CARTESIAN_POINT('Ctrl Pts',(-53.2881510138062,-26.9267876965046,125.29801139519));
#5143=CARTESIAN_POINT('Ctrl Pts',(-52.54337423448,-32.478816531518,125.29801139519));
#5144=CARTESIAN_POINT('Ctrl Pts',(-51.0943235482032,-38.5424316617651,125.29801139519));
#5145=CARTESIAN_POINT('Ctrl Pts',(-48.827619577282,-43.3535380718098,125.29801139519));
#5146=CARTESIAN_POINT('Ctrl Pts',(-46.3397130086578,-46.3657087558185,125.29801139519));
#5147=CARTESIAN_POINT('Ctrl Pts',(-43.3277935948291,-48.8390517922142,125.29801139519));
#5148=CARTESIAN_POINT('Ctrl Pts',(-40.1183515468359,-50.358407520544,125.29801139519));
#5149=CARTESIAN_POINT('Ctrl Pts',(-37.0254791794372,-51.3797587844943,125.29801139519));
#5150=CARTESIAN_POINT('Ctrl Pts',(-33.9691628368888,-52.1687495130316,125.29801139519));
#5151=CARTESIAN_POINT('Ctrl Pts',(-30.223189516154,-52.8556716357969,125.29801139519));
#5152=CARTESIAN_POINT('Ctrl Pts',(-22.8492500069665,-53.7554698825314,125.29801139519));
#5153=CARTESIAN_POINT('Ctrl Pts',(-12.8530477285046,-54.2461215903203,125.29801139519));
#5154=CARTESIAN_POINT('Ctrl Pts',(-4.27388402950936,-54.3435657281175,125.29801139519));
#5155=CARTESIAN_POINT('Ctrl Pts',(-9.04280565681563E-15,-54.3435657281175,
125.29801139519));
#5156=CARTESIAN_POINT('Ctrl Pts',(-55.,-1.9593767035832E-15,127.160925447374));
#5157=CARTESIAN_POINT('Ctrl Pts',(-55.,-4.27861236091251,127.160925447374));
#5158=CARTESIAN_POINT('Ctrl Pts',(-54.9358290172348,-10.7187826445277,127.160925447374));
#5159=CARTESIAN_POINT('Ctrl Pts',(-54.6238119692716,-18.2535412449402,127.160925447374));
#5160=CARTESIAN_POINT('Ctrl Pts',(-54.3304861388737,-22.6095126770162,127.160925447374));
#5161=CARTESIAN_POINT('Ctrl Pts',(-53.9411367901307,-26.9988294906737,127.160925447374));
#5162=CARTESIAN_POINT('Ctrl Pts',(-53.1905183236198,-32.5929818629898,127.160925447374));
#5163=CARTESIAN_POINT('Ctrl Pts',(-51.7250149547648,-38.7404613940144,127.160925447374));
#5164=CARTESIAN_POINT('Ctrl Pts',(-49.3961429621162,-43.6962555283318,127.160925447374));
#5165=CARTESIAN_POINT('Ctrl Pts',(-46.8063682141176,-46.8338858543353,127.160925447374));
#5166=CARTESIAN_POINT('Ctrl Pts',(-43.6696478792978,-49.4077924517363,127.160925447374));
#5167=CARTESIAN_POINT('Ctrl Pts',(-40.3637663280616,-50.9690793272737,127.160925447374));
#5168=CARTESIAN_POINT('Ctrl Pts',(-37.2087891565793,-52.0107990961681,127.160925447374));
#5169=CARTESIAN_POINT('Ctrl Pts',(-34.104862772009,-52.8117260141723,127.160925447374));
#5170=CARTESIAN_POINT('Ctrl Pts',(-30.3195340512559,-53.5054482058649,127.160925447374));
#5171=CARTESIAN_POINT('Ctrl Pts',(-22.8952736189987,-54.4110577046516,127.160925447374));
#5172=CARTESIAN_POINT('Ctrl Pts',(-12.8706607974944,-54.9021950844459,127.160925447374));
#5173=CARTESIAN_POINT('Ctrl Pts',(-4.27861236091252,-55.,127.160925447374));
#5174=CARTESIAN_POINT('Ctrl Pts',(-7.62309536132153E-15,-55.,127.160925447374));
#5175=CARTESIAN_POINT('Ctrl Pts',(-55.,-2.14622680169081E-15,128.282922823656));
#5176=CARTESIAN_POINT('Ctrl Pts',(-55.,-4.27857016371335,128.282922823656));
#5177=CARTESIAN_POINT('Ctrl Pts',(-54.9358171709709,-10.7189401981711,128.282922823656));
#5178=CARTESIAN_POINT('Ctrl Pts',(-54.6237821209726,-18.2536528249894,128.282922823656));
#5179=CARTESIAN_POINT('Ctrl Pts',(-54.3304464480596,-22.6096184872269,128.282922823656));
#5180=CARTESIAN_POINT('Ctrl Pts',(-53.9410323351842,-26.9989749990719,128.282922823656));
#5181=CARTESIAN_POINT('Ctrl Pts',(-53.1903242734747,-32.5933814060063,128.282922823656));
#5182=CARTESIAN_POINT('Ctrl Pts',(-51.7244155714437,-38.7411496071971,128.282922823656));
#5183=CARTESIAN_POINT('Ctrl Pts',(-49.3953680057277,-43.6968030473419,128.282922823656));
#5184=CARTESIAN_POINT('Ctrl Pts',(-46.8062293963538,-46.8335728988871,128.282922823656));
#5185=CARTESIAN_POINT('Ctrl Pts',(-43.6702344246112,-49.4069507986216,128.282922823656));
#5186=CARTESIAN_POINT('Ctrl Pts',(-40.3638105273182,-50.9688005375293,128.282922823656));
#5187=CARTESIAN_POINT('Ctrl Pts',(-37.2091475350885,-52.0104629946082,128.282922823656));
#5188=CARTESIAN_POINT('Ctrl Pts',(-34.1052186880143,-52.8114855391909,128.282922823656));
#5189=CARTESIAN_POINT('Ctrl Pts',(-30.3198127701951,-53.5053159571441,128.282922823656));
#5190=CARTESIAN_POINT('Ctrl Pts',(-22.8956522652387,-54.4109546255316,128.282922823656));
#5191=CARTESIAN_POINT('Ctrl Pts',(-12.8706577246391,-54.90221735559,128.282922823656));
#5192=CARTESIAN_POINT('Ctrl Pts',(-4.27857016371336,-55.,128.282922823656));
#5193=CARTESIAN_POINT('Ctrl Pts',(-6.7355573953104E-15,-55.,128.282922823656));
#5194=CARTESIAN_POINT('',(-1.02800393294211E-14,-50.,123.282922823656));
#5195=CARTESIAN_POINT('Origin',(-6.32486980419395E-15,-50.,128.282922823656));
#5196=CARTESIAN_POINT('Ctrl Pts',(-6.7355573953104E-15,-55.,128.282922823656));
#5197=CARTESIAN_POINT('Ctrl Pts',(-4.27857016371336,-55.,128.282922823656));
#5198=CARTESIAN_POINT('Ctrl Pts',(-12.8706577246391,-54.90221735559,128.282922823656));
#5199=CARTESIAN_POINT('Ctrl Pts',(-22.8956522652387,-54.4109546255316,128.282922823656));
#5200=CARTESIAN_POINT('Ctrl Pts',(-30.3198127701951,-53.5053159571441,128.282922823656));
#5201=CARTESIAN_POINT('Ctrl Pts',(-34.1052186880143,-52.8114855391909,128.282922823656));
#5202=CARTESIAN_POINT('Ctrl Pts',(-37.2091475350885,-52.0104629946082,128.282922823656));
#5203=CARTESIAN_POINT('Ctrl Pts',(-40.3638105273182,-50.9688005375293,128.282922823656));
#5204=CARTESIAN_POINT('Ctrl Pts',(-43.6702344246112,-49.4069507986216,128.282922823656));
#5205=CARTESIAN_POINT('Ctrl Pts',(-46.8062293963538,-46.8335728988871,128.282922823656));
#5206=CARTESIAN_POINT('Ctrl Pts',(-49.3953680057277,-43.6968030473419,128.282922823656));
#5207=CARTESIAN_POINT('Ctrl Pts',(-51.7244155714437,-38.7411496071971,128.282922823656));
#5208=CARTESIAN_POINT('Ctrl Pts',(-53.1903242734747,-32.5933814060063,128.282922823656));
#5209=CARTESIAN_POINT('Ctrl Pts',(-53.9410323351842,-26.9989749990719,128.282922823656));
#5210=CARTESIAN_POINT('Ctrl Pts',(-54.3304464480596,-22.6096184872269,128.282922823656));
#5211=CARTESIAN_POINT('Ctrl Pts',(-54.6237821209726,-18.2536528249894,128.282922823656));
#5212=CARTESIAN_POINT('Ctrl Pts',(-54.9358171709709,-10.7189401981711,128.282922823656));
#5213=CARTESIAN_POINT('Ctrl Pts',(-55.,-4.27857016371335,128.282922823656));
#5214=CARTESIAN_POINT('Ctrl Pts',(-55.,-2.14622680169081E-15,128.282922823656));
#5215=CARTESIAN_POINT('Ctrl Pts',(-50.,-2.54562230657125E-15,123.282922823656));
#5216=CARTESIAN_POINT('Ctrl Pts',(-50.,-4.24284926253207,123.282922823656));
#5217=CARTESIAN_POINT('Ctrl Pts',(-49.9362968047079,-10.6142494847254,123.282922823656));
#5218=CARTESIAN_POINT('Ctrl Pts',(-49.6294308855703,-17.9968531009358,123.282922823656));
#5219=CARTESIAN_POINT('Ctrl Pts',(-49.3450771298403,-22.2236143977826,123.282922823656));
#5220=CARTESIAN_POINT('Ctrl Pts',(-48.9680278900393,-26.4492241533079,123.282922823656));
#5221=CARTESIAN_POINT('Ctrl Pts',(-48.262440443883,-31.7210072694625,123.282922823656));
#5222=CARTESIAN_POINT('Ctrl Pts',(-46.9246779327077,-37.2279742105383,123.282922823656));
#5223=CARTESIAN_POINT('Ctrl Pts',(-45.0703833196751,-41.082535930226,123.282922823656));
#5224=CARTESIAN_POINT('Ctrl Pts',(-43.2527276365178,-43.2696938043635,123.282922823656));
#5225=CARTESIAN_POINT('Ctrl Pts',(-41.0622697625032,-45.0807764280119,123.282922823656));
#5226=CARTESIAN_POINT('Ctrl Pts',(-38.4942001794753,-46.3193139019444,123.282922823656));
#5227=CARTESIAN_POINT('Ctrl Pts',(-35.8103921005367,-47.2062311216302,123.282922823656));
#5228=CARTESIAN_POINT('Ctrl Pts',(-33.0691217812528,-47.9156697074714,123.282922823656));
#5229=CARTESIAN_POINT('Ctrl Pts',(-29.5840208846234,-48.5569496330696,123.282922823656));
#5230=CARTESIAN_POINT('Ctrl Pts',(-22.542453169088,-49.4181210370189,123.282922823656));
#5231=CARTESIAN_POINT('Ctrl Pts',(-12.7365220202406,-49.9048100031805,123.282922823656));
#5232=CARTESIAN_POINT('Ctrl Pts',(-4.24284926253208,-50.,123.282922823656));
#5233=CARTESIAN_POINT('Ctrl Pts',(-1.02800393294211E-14,-50.,123.282922823656));
#5234=CARTESIAN_POINT('Ctrl Pts',(-6.05377582575325E-15,-50.,123.282922823656));
#5235=CARTESIAN_POINT('Ctrl Pts',(4.24284926253207,-50.,123.282922823656));
#5236=CARTESIAN_POINT('Ctrl Pts',(12.7302395647241,-49.9088787247011,123.282922823656));
#5237=CARTESIAN_POINT('Ctrl Pts',(22.5737740243033,-49.4140813471643,123.282922823656));
#5238=CARTESIAN_POINT('Ctrl Pts',(28.9095701221449,-48.6390015104351,123.282922823656));
#5239=CARTESIAN_POINT('Ctrl Pts',(31.701552825379,-48.1659900833408,123.282922823656));
#5240=CARTESIAN_POINT('Ctrl Pts',(33.779669179276,-47.7335336057943,123.282922823656));
#5241=CARTESIAN_POINT('Ctrl Pts',(35.832918926841,-47.1994440277611,123.282922823656));
#5242=CARTESIAN_POINT('Ctrl Pts',(38.5152281287625,-46.3112470288449,123.282922823656));
#5243=CARTESIAN_POINT('Ctrl Pts',(41.0818480952902,-45.0689098763902,123.282922823656));
#5244=CARTESIAN_POINT('Ctrl Pts',(43.2690790016259,-43.2534747385145,123.282922823656));
#5245=CARTESIAN_POINT('Ctrl Pts',(45.0821786654171,-41.0628664505799,123.282922823656));
#5246=CARTESIAN_POINT('Ctrl Pts',(46.9314486894196,-37.2070445635565,123.282922823656));
#5247=CARTESIAN_POINT('Ctrl Pts',(48.2675376048374,-31.6937214332292,123.282922823656));
#5248=CARTESIAN_POINT('Ctrl Pts',(48.9714714021028,-26.4173148166095,123.282922823656));
#5249=CARTESIAN_POINT('Ctrl Pts',(49.3470259645414,-22.1978407546257,123.282922823656));
#5250=CARTESIAN_POINT('Ctrl Pts',(49.6301346771784,-17.9800810189779,123.282922823656));
#5251=CARTESIAN_POINT('Ctrl Pts',(49.9359010713407,-10.6225884987097,123.282922823656));
#5252=CARTESIAN_POINT('Ctrl Pts',(50.,-4.24284926253208,123.282922823656));
#5253=CARTESIAN_POINT('Ctrl Pts',(50.,-1.09690984112914E-14,123.282922823656));
#5254=CARTESIAN_POINT('Ctrl Pts',(-6.23809198563495E-15,-50.7479982508547,
123.282922823656));
#5255=CARTESIAN_POINT('Ctrl Pts',(4.24819582407675,-50.7479982508547,123.282922823656));
#5256=CARTESIAN_POINT('Ctrl Pts',(12.7498695645445,-50.6566219589611,123.282922823656));
#5257=CARTESIAN_POINT('Ctrl Pts',(22.6270200176988,-50.1609072027091,123.282922823656));
#5258=CARTESIAN_POINT('Ctrl Pts',(29.014098156048,-49.3799339033674,123.282922823656));
#5259=CARTESIAN_POINT('Ctrl Pts',(31.8391385046999,-48.9014092391193,123.282922823656));
#5260=CARTESIAN_POINT('Ctrl Pts',(33.9484652466325,-48.4625113134666,123.282922823656));
#5261=CARTESIAN_POINT('Ctrl Pts',(36.042719879551,-47.9180146592998,123.282922823656));
#5262=CARTESIAN_POINT('Ctrl Pts',(38.7955567719136,-47.0065844323577,123.282922823656));
#5263=CARTESIAN_POINT('Ctrl Pts',(41.473058513727,-45.7155562050133,123.282922823656));
#5264=CARTESIAN_POINT('Ctrl Pts',(43.8017950565903,-43.7855436760401,123.282922823656));
#5265=CARTESIAN_POINT('Ctrl Pts',(45.729844690862,-41.4528354555781,123.282922823656));
#5266=CARTESIAN_POINT('Ctrl Pts',(47.6496423357792,-37.4328620369258,123.282922823656));
#5267=CARTESIAN_POINT('Ctrl Pts',(49.0048266265706,-31.8238434295871,123.282922823656));
#5268=CARTESIAN_POINT('Ctrl Pts',(49.7154514257232,-26.4993302859288,123.282922823656));
#5269=CARTESIAN_POINT('Ctrl Pts',(50.0928454091971,-22.2554532886321,123.282922823656));
#5270=CARTESIAN_POINT('Ctrl Pts',(50.3772887598278,-18.018442205114,123.282922823656));
#5271=CARTESIAN_POINT('Ctrl Pts',(50.6838270687253,-10.6382690406823,123.282922823656));
#5272=CARTESIAN_POINT('Ctrl Pts',(50.7479982508547,-4.24819582407677,123.282922823656));
#5273=CARTESIAN_POINT('Ctrl Pts',(50.7479982508547,-1.10305371312519E-14,
123.282922823656));
#5274=CARTESIAN_POINT('Ctrl Pts',(-6.33507416143674E-15,-52.2407276180337,
123.625316593718));
#5275=CARTESIAN_POINT('Ctrl Pts',(4.25887216438588,-52.2407276180337,123.625316593718));
#5276=CARTESIAN_POINT('Ctrl Pts',(12.7890457900837,-52.1488397588949,123.625316593718));
#5277=CARTESIAN_POINT('Ctrl Pts',(22.7332329440577,-51.6513088659179,123.625316593718));
#5278=CARTESIAN_POINT('Ctrl Pts',(29.222635459053,-50.8585864535875,123.625316593718));
#5279=CARTESIAN_POINT('Ctrl Pts',(32.113669615465,-50.369059521863,123.625316593718));
#5280=CARTESIAN_POINT('Ctrl Pts',(34.2852816375941,-49.9173133110875,123.625316593718));
#5281=CARTESIAN_POINT('Ctrl Pts',(36.4613646254826,-49.3520615429537,123.625316593718));
#5282=CARTESIAN_POINT('Ctrl Pts',(39.3549921378634,-48.3942592505007,123.625316593718));
#5283=CARTESIAN_POINT('Ctrl Pts',(42.2536822999913,-47.0061529126781,123.625316593718));
#5284=CARTESIAN_POINT('Ctrl Pts',(44.8649229413287,-44.8474045174597,123.625316593718));
#5285=CARTESIAN_POINT('Ctrl Pts',(47.0224676735989,-42.2309843962329,123.625316593718));
#5286=CARTESIAN_POINT('Ctrl Pts',(49.0829835074353,-37.8834056467176,123.625316593718));
#5287=CARTESIAN_POINT('Ctrl Pts',(50.4762124848483,-32.0834597380113,123.625316593718));
#5288=CARTESIAN_POINT('Ctrl Pts',(51.2001773434352,-26.6629815423801,123.625316593718));
#5289=CARTESIAN_POINT('Ctrl Pts',(51.5812322989886,-22.3704113598015,123.625316593718));
#5290=CARTESIAN_POINT('Ctrl Pts',(51.8683377709147,-18.0949806073848,123.625316593718));
#5291=CARTESIAN_POINT('Ctrl Pts',(52.1764138506814,-10.6695381101169,123.625316593718));
#5292=CARTESIAN_POINT('Ctrl Pts',(52.2407276180337,-4.25887216438589,123.625316593718));
#5293=CARTESIAN_POINT('Ctrl Pts',(52.2407276180337,-1.12101662339027E-14,
123.625316593718));
#5294=CARTESIAN_POINT('Ctrl Pts',(-5.5300815714424E-15,-54.3435657281175,
125.29801139519));
#5295=CARTESIAN_POINT('Ctrl Pts',(4.27388402950934,-54.3435657281175,125.29801139519));
#5296=CARTESIAN_POINT('Ctrl Pts',(12.8442257186167,-54.2509685436038,125.29801139519));
#5297=CARTESIAN_POINT('Ctrl Pts',(22.8830561667225,-53.7508166937118,125.29801139519));
#5298=CARTESIAN_POINT('Ctrl Pts',(29.5166723354658,-52.9414914211515,125.29801139519));
#5299=CARTESIAN_POINT('Ctrl Pts',(32.5005752918867,-52.4364648335381,125.29801139519));
#5300=CARTESIAN_POINT('Ctrl Pts',(34.7599263161503,-51.9665912745195,125.29801139519));
#5301=CARTESIAN_POINT('Ctrl Pts',(37.0512924629925,-51.3720432434707,125.29801139519));
#5302=CARTESIAN_POINT('Ctrl Pts',(40.1430693374853,-50.3489460120238,125.298011395189));
#5303=CARTESIAN_POINT('Ctrl Pts',(43.3537406902261,-48.8236928478867,125.298011395189));
#5304=CARTESIAN_POINT('Ctrl Pts',(46.3624760729619,-46.3430684879349,125.298011395189));
#5305=CARTESIAN_POINT('Ctrl Pts',(48.8428991375079,-43.3275454721298,125.29801139519));
#5306=CARTESIAN_POINT('Ctrl Pts',(51.1017716179396,-38.5185448399905,125.29801139519));
#5307=CARTESIAN_POINT('Ctrl Pts',(52.5488630159341,-32.4494403612338,125.29801139519));
#5308=CARTESIAN_POINT('Ctrl Pts',(53.2916747083589,-26.8936121710457,125.298011395189));
#5309=CARTESIAN_POINT('Ctrl Pts',(53.6779290338001,-22.5324208228766,125.29801139519));
#5310=CARTESIAN_POINT('Ctrl Pts',(53.9687903601659,-18.2028720393697,125.29801139519));
#5311=CARTESIAN_POINT('Ctrl Pts',(54.2790442258886,-10.7136881367682,125.29801139519));
#5312=CARTESIAN_POINT('Ctrl Pts',(54.3435657281175,-4.27388402950936,125.29801139519));
#5313=CARTESIAN_POINT('Ctrl Pts',(54.3435657281175,-1.16614477797551E-14,
125.29801139519));
#5314=CARTESIAN_POINT('Ctrl Pts',(-4.21820703988659E-15,-55.,127.160925447374));
#5315=CARTESIAN_POINT('Ctrl Pts',(4.27861236091251,-55.,127.160925447374));
#5316=CARTESIAN_POINT('Ctrl Pts',(12.8614636216093,-54.9071644050128,127.160925447374));
#5317=CARTESIAN_POINT('Ctrl Pts',(22.9295276801761,-54.4062881116674,127.160925447374));
#5318=CARTESIAN_POINT('Ctrl Pts',(29.6080616497365,-53.5918574111868,127.160925447374));
#5319=CARTESIAN_POINT('Ctrl Pts',(32.6211019985529,-53.0819931676847,127.160925447374));
#5320=CARTESIAN_POINT('Ctrl Pts',(34.9078474419916,-52.6065024045392,127.160925447374));
#5321=CARTESIAN_POINT('Ctrl Pts',(37.235186219917,-52.0028961919946,127.160925447374));
#5322=CARTESIAN_POINT('Ctrl Pts',(40.3890962315336,-50.9593706458465,127.160925447374));
#5323=CARTESIAN_POINT('Ctrl Pts',(43.6965749801999,-49.3918909199664,127.160925447374));
#5324=CARTESIAN_POINT('Ctrl Pts',(46.830105937016,-46.8102648932712,127.160925447374));
#5325=CARTESIAN_POINT('Ctrl Pts',(49.4119442723611,-43.669304432751,127.160925447374));
#5326=CARTESIAN_POINT('Ctrl Pts',(51.7325509274523,-38.7161401443223,127.160925447374));
#5327=CARTESIAN_POINT('Ctrl Pts',(53.1960544536492,-32.5633064698391,127.160925447374));
#5328=CARTESIAN_POINT('Ctrl Pts',(53.9446679060672,-26.9654695911566,127.160925447374));
#5329=CARTESIAN_POINT('Ctrl Pts',(54.3324822129568,-22.5828961645821,127.160925447374));
#5330=CARTESIAN_POINT('Ctrl Pts',(54.624507489209,-18.2364467811703,127.160925447374));
#5331=CARTESIAN_POINT('Ctrl Pts',(54.9354239514255,-10.727319386443,127.160925447374));
#5332=CARTESIAN_POINT('Ctrl Pts',(55.,-4.27861236091253,127.160925447374));
#5333=CARTESIAN_POINT('Ctrl Pts',(55.,-1.20256031727691E-14,127.160925447374));
#5334=CARTESIAN_POINT('Ctrl Pts',(-3.33066907387547E-15,-55.,128.282922823656));
#5335=CARTESIAN_POINT('Ctrl Pts',(4.27857016371335,-55.,128.282922823656));
#5336=CARTESIAN_POINT('Ctrl Pts',(12.8614509913425,-54.9071814115401,128.282922823656));
#5337=CARTESIAN_POINT('Ctrl Pts',(22.9298262699159,-54.4062112602173,128.282922823656));
#5338=CARTESIAN_POINT('Ctrl Pts',(29.6084611560283,-53.5917030356242,128.282922823656));
#5339=CARTESIAN_POINT('Ctrl Pts',(32.6213543805973,-53.0818379834608,128.282922823656));
#5340=CARTESIAN_POINT('Ctrl Pts',(34.9080945188746,-52.6063056283566,128.282922823656));
#5341=CARTESIAN_POINT('Ctrl Pts',(37.2354481527232,-52.0026121850267,128.282922823656));
#5342=CARTESIAN_POINT('Ctrl Pts',(40.3890801140463,-50.9591321648077,128.282922823656));
#5343=CARTESIAN_POINT('Ctrl Pts',(43.6971421405899,-49.3910656421516,128.282922823656));
#5344=CARTESIAN_POINT('Ctrl Pts',(46.8299608394988,-46.8099633091804,128.282922823656));
#5345=CARTESIAN_POINT('Ctrl Pts',(49.4111746443079,-43.6698551579066,128.282922823656));
#5346=CARTESIAN_POINT('Ctrl Pts',(51.7319675526779,-38.7168145347551,128.282922823656));
#5347=CARTESIAN_POINT('Ctrl Pts',(53.1958735091235,-32.5636875383798,128.282922823656));
#5348=CARTESIAN_POINT('Ctrl Pts',(53.9445686512253,-26.965607368236,128.282922823656));
#5349=CARTESIAN_POINT('Ctrl Pts',(54.332446128705,-22.5829947812689,128.282922823656));
#5350=CARTESIAN_POINT('Ctrl Pts',(54.624479916232,-18.2365522052165,128.282922823656));
#5351=CARTESIAN_POINT('Ctrl Pts',(54.9354136359493,-10.7274704742057,128.282922823656));
#5352=CARTESIAN_POINT('Ctrl Pts',(55.,-4.27857016371336,128.282922823656));
#5353=CARTESIAN_POINT('Ctrl Pts',(55.,-1.22124532708767E-14,128.282922823656));
#5354=CARTESIAN_POINT('Ctrl Pts',(-6.05377582575325E-15,-50.,123.282922823656));
#5355=CARTESIAN_POINT('Ctrl Pts',(4.24284926253207,-50.,123.282922823656));
#5356=CARTESIAN_POINT('Ctrl Pts',(12.7302395647241,-49.9088787247011,123.282922823656));
#5357=CARTESIAN_POINT('Ctrl Pts',(22.5737740243033,-49.4140813471643,123.282922823656));
#5358=CARTESIAN_POINT('Ctrl Pts',(28.9095701221449,-48.6390015104351,123.282922823656));
#5359=CARTESIAN_POINT('Ctrl Pts',(31.701552825379,-48.1659900833408,123.282922823656));
#5360=CARTESIAN_POINT('Ctrl Pts',(33.779669179276,-47.7335336057943,123.282922823656));
#5361=CARTESIAN_POINT('Ctrl Pts',(35.832918926841,-47.1994440277611,123.282922823656));
#5362=CARTESIAN_POINT('Ctrl Pts',(38.5152281287625,-46.3112470288449,123.282922823656));
#5363=CARTESIAN_POINT('Ctrl Pts',(41.0818480952902,-45.0689098763902,123.282922823656));
#5364=CARTESIAN_POINT('Ctrl Pts',(43.2690790016259,-43.2534747385145,123.282922823656));
#5365=CARTESIAN_POINT('Ctrl Pts',(45.0821786654171,-41.0628664505799,123.282922823656));
#5366=CARTESIAN_POINT('Ctrl Pts',(46.9314486894196,-37.2070445635565,123.282922823656));
#5367=CARTESIAN_POINT('Ctrl Pts',(48.2675376048374,-31.6937214332292,123.282922823656));
#5368=CARTESIAN_POINT('Ctrl Pts',(48.9714714021028,-26.4173148166095,123.282922823656));
#5369=CARTESIAN_POINT('Ctrl Pts',(49.3470259645414,-22.1978407546257,123.282922823656));
#5370=CARTESIAN_POINT('Ctrl Pts',(49.6301346771784,-17.9800810189779,123.282922823656));
#5371=CARTESIAN_POINT('Ctrl Pts',(49.9359010713407,-10.6225884987097,123.282922823656));
#5372=CARTESIAN_POINT('Ctrl Pts',(50.,-4.24284926253208,123.282922823656));
#5373=CARTESIAN_POINT('Ctrl Pts',(50.,-1.09690984112914E-14,123.282922823656));
#5374=CARTESIAN_POINT('Origin',(1.90968570073858E-46,1.51651695951937E-30,
123.282922823656));
#5375=CARTESIAN_POINT('',(-13.007275835615,-16.0210296643639,123.282922823656));
#5376=CARTESIAN_POINT('',(-10.3635889529957,-20.6000296643639,123.282922823656));
#5377=CARTESIAN_POINT('',(-14.8500210271939,-12.829301367146,123.282922823656));
#5378=CARTESIAN_POINT('',(-2.7425653996926,-20.6000296643639,123.282922823656));
#5379=CARTESIAN_POINT('Origin',(-6.55307717634413,-18.4000296643639,123.282922823656));
#5380=CARTESIAN_POINT('',(-0.0988785170732927,-16.0210296643639,123.282922823656));
#5381=CARTESIAN_POINT('',(2.06029252728202,-12.281235713309,123.282922823656));
#5382=CARTESIAN_POINT('',(25.7049228236559,-16.0210296643639,123.282922823656));
#5383=CARTESIAN_POINT('',(-19.4055385881721,-16.0210296643639,123.282922823656));
#5384=CARTESIAN_POINT('',(28.6449228236559,-13.0810296643639,123.282922823656));
#5385=CARTESIAN_POINT('Origin',(25.7049228236559,-13.0810296643639,123.282922823656));
#5386=CARTESIAN_POINT('',(28.6449228236559,13.0809703356361,123.282922823656));
#5387=CARTESIAN_POINT('',(28.6449228236559,-6.54051483218191,123.282922823656));
#5388=CARTESIAN_POINT('Origin',(25.7049228236558,13.0809703356361,123.282922823656));
#5389=CARTESIAN_POINT('',(-2.74256539969266,20.5999703356361,123.282922823656));
#5390=CARTESIAN_POINT('',(3.38212312354528,9.99169863285406,123.282922823656));
#5391=CARTESIAN_POINT('',(-10.3635889529957,20.5999703356361,123.282922823656));
#5392=CARTESIAN_POINT('Origin',(-6.55307717634419,18.3999703356361,123.282922823656));
#5393=CARTESIAN_POINT('',(-13.5281647408379,15.1187642866911,123.282922823656));
#5394=CARTESIAN_POINT('',(-41.7510771763442,13.080970335636,123.282922823656));
#5395=CARTESIAN_POINT('Origin',(-38.8110771763442,13.080970335636,123.282922823656));
#5396=CARTESIAN_POINT('',(-41.7510771763442,-13.081029664364,123.282922823656));
#5397=CARTESIAN_POINT('',(-41.7510771763442,6.54048516781798,123.282922823656));
#5398=CARTESIAN_POINT('',(-38.8110771763442,-16.021029664364,123.282922823656));
#5399=CARTESIAN_POINT('Origin',(-38.8110771763442,-13.081029664364,123.282922823656));
#5400=CARTESIAN_POINT('',(-19.4055385881721,-16.0210296643639,123.282922823656));
#5401=CARTESIAN_POINT('',(24.,44.819219381653,123.282922823656));
#5402=CARTESIAN_POINT('Origin',(24.,41.569219381653,123.282922823656));
#5403=CARTESIAN_POINT('',(44.8192193816531,-24.,123.282922823656));
#5404=CARTESIAN_POINT('Origin',(41.569219381653,-24.,123.282922823656));
#5405=CARTESIAN_POINT('',(-44.8192193816531,24.,123.282922823656));
#5406=CARTESIAN_POINT('Origin',(-41.569219381653,24.,123.282922823656));
#5407=CARTESIAN_POINT('',(-24.,-44.819219381653,123.282922823656));
#5408=CARTESIAN_POINT('Origin',(-24.,-41.569219381653,123.282922823656));
#5409=CARTESIAN_POINT('',(27.8626983722081,-31.1126983722081,123.282922823656));
#5410=CARTESIAN_POINT('Origin',(31.1126983722081,-31.1126983722081,123.282922823656));
#5411=CARTESIAN_POINT('',(27.8626983722081,31.1126983722081,123.282922823656));
#5412=CARTESIAN_POINT('Origin',(31.1126983722081,31.1126983722081,123.282922823656));
#5413=CARTESIAN_POINT('',(-34.3626983722081,-31.1126983722081,123.282922823656));
#5414=CARTESIAN_POINT('Origin',(-31.1126983722081,-31.1126983722081,123.282922823656));
#5415=CARTESIAN_POINT('',(-34.3626983722081,31.1126983722081,123.282922823656));
#5416=CARTESIAN_POINT('Origin',(-31.1126983722081,31.1126983722081,123.282922823656));
#5417=CARTESIAN_POINT('Origin',(30.661230705914,3.25,127.032922823656));
#5418=CARTESIAN_POINT('',(38.,6.,129.782922823656));
#5419=CARTESIAN_POINT('',(38.,0.500000000000003,124.282922823656));
#5420=CARTESIAN_POINT('',(38.,7.17926929408606,130.962192117742));
#5421=CARTESIAN_POINT('',(28.6449228236559,6.,129.782922823656));
#5422=CARTESIAN_POINT('',(30.661230705914,6.,129.782922823656));
#5423=CARTESIAN_POINT('',(28.6449228236559,0.500000000000003,124.282922823656));
#5424=CARTESIAN_POINT('',(28.6449228236559,-1.77025741609096,122.012665407565));
#5425=CARTESIAN_POINT('',(30.661230705914,0.500000000000002,124.282922823656));
#5426=CARTESIAN_POINT('Origin',(33.3224614118279,-1.66533453693773E-14,
124.282922823656));
#5427=CARTESIAN_POINT('',(28.6449228236559,-0.499999999999998,124.282922823656));
#5428=CARTESIAN_POINT('',(28.6449228236559,13.0809703356361,124.282922823656));
#5429=CARTESIAN_POINT('',(38.,-0.499999999999998,124.282922823656));
#5430=CARTESIAN_POINT('',(35.661230705914,-0.499999999999998,124.282922823656));
#5431=CARTESIAN_POINT('',(38.,2.99999999999999,124.282922823656));
#5432=CARTESIAN_POINT('Origin',(35.661230705914,-3.25,127.032922823656));
#5433=CARTESIAN_POINT('',(38.,-4.17926929408606,127.962192117742));
#5434=CARTESIAN_POINT('',(28.6449228236559,-4.77025741609097,128.553180239747));
#5435=CARTESIAN_POINT('Origin',(-31.1126983722081,31.1126983722081,123.282922823656));
#5436=CARTESIAN_POINT('',(-34.3626983722081,31.1126983722081,128.282922823656));
#5437=CARTESIAN_POINT('',(-34.3626983722081,31.1126983722081,123.282922823656));
#5438=CARTESIAN_POINT('Origin',(-31.1126983722081,31.1126983722081,128.282922823656));
#5439=CARTESIAN_POINT('Origin',(0.,-2.22044604925031E-15,128.282922823656));
#5440=CARTESIAN_POINT('Origin',(-31.1126983722081,-31.1126983722081,123.282922823656));
#5441=CARTESIAN_POINT('',(-34.3626983722081,-31.1126983722081,128.282922823656));
#5442=CARTESIAN_POINT('',(-34.3626983722081,-31.1126983722081,123.282922823656));
#5443=CARTESIAN_POINT('Origin',(-31.1126983722081,-31.1126983722081,128.282922823656));
#5444=CARTESIAN_POINT('Origin',(0.,-2.22044604925031E-15,128.282922823656));
#5445=CARTESIAN_POINT('Origin',(31.1126983722081,31.1126983722081,123.282922823656));
#5446=CARTESIAN_POINT('',(27.8626983722081,31.1126983722081,128.282922823656));
#5447=CARTESIAN_POINT('',(27.8626983722081,31.1126983722081,123.282922823656));
#5448=CARTESIAN_POINT('Origin',(31.1126983722081,31.1126983722081,128.282922823656));
#5449=CARTESIAN_POINT('Origin',(0.,-2.22044604925031E-15,128.282922823656));
#5450=CARTESIAN_POINT('Origin',(31.1126983722081,-31.1126983722081,123.282922823656));
#5451=CARTESIAN_POINT('',(27.8626983722081,-31.1126983722081,128.282922823656));
#5452=CARTESIAN_POINT('',(27.8626983722081,-31.1126983722081,123.282922823656));
#5453=CARTESIAN_POINT('Origin',(31.1126983722081,-31.1126983722081,128.282922823656));
#5454=CARTESIAN_POINT('Origin',(0.,-2.22044604925031E-15,128.282922823656));
#5455=CARTESIAN_POINT('Origin',(-2.7425653996926,-20.6000296643639,123.282922823656));
#5456=CARTESIAN_POINT('',(-2.74256539969259,-20.6000296643639,132.282922823656));
#5457=CARTESIAN_POINT('',(-2.7425653996926,-20.6000296643639,123.282922823656));
#5458=CARTESIAN_POINT('',(-0.0988785170732864,-16.0210296643639,132.282922823656));
#5459=CARTESIAN_POINT('',(-2.74256539969259,-20.6000296643639,132.282922823656));
#5460=CARTESIAN_POINT('',(-0.0988785170732864,-16.0210296643639,123.282922823656));
#5461=CARTESIAN_POINT('Origin',(-6.55307717634413,-18.4000296643639,123.282922823656));
#5462=CARTESIAN_POINT('',(-10.3635889529957,-20.6000296643639,132.282922823656));
#5463=CARTESIAN_POINT('',(-10.3635889529957,-20.6000296643639,123.282922823656));
#5464=CARTESIAN_POINT('Origin',(-6.55307717634413,-18.4000296643639,132.282922823656));
#5465=CARTESIAN_POINT('Origin',(-13.007275835615,-16.0210296643639,123.282922823656));
#5466=CARTESIAN_POINT('',(-13.007275835615,-16.0210296643639,132.282922823656));
#5467=CARTESIAN_POINT('',(-13.007275835615,-16.0210296643639,123.282922823656));
#5468=CARTESIAN_POINT('',(-10.3635889529957,-20.6000296643639,132.282922823656));
#5469=CARTESIAN_POINT('Origin',(-6.55307717634413,-19.4105296643639,132.282922823656));
#5470=CARTESIAN_POINT('',(-22.6820771763441,-16.0210296643639,132.282922823656));
#5471=CARTESIAN_POINT('Origin',(-0.0988785170733353,16.0209703356361,123.282922823656));
#5472=CARTESIAN_POINT('',(-2.74256539969265,20.5999703356361,132.282922823656));
#5473=CARTESIAN_POINT('',(-2.74256539969265,20.5999703356361,132.282922823656));
#5474=CARTESIAN_POINT('',(-2.74256539969266,20.5999703356361,123.282922823656));
#5475=CARTESIAN_POINT('Origin',(-10.3635889529957,20.5999703356361,123.282922823656));
#5476=CARTESIAN_POINT('',(-10.3635889529957,20.5999703356361,132.282922823656));
#5477=CARTESIAN_POINT('',(-10.3635889529957,20.5999703356361,123.282922823656));
#5478=CARTESIAN_POINT('',(-10.3635889529957,20.5999703356361,132.282922823656));
#5479=CARTESIAN_POINT('Origin',(-6.55307717634419,18.3999703356361,123.282922823656));
#5480=CARTESIAN_POINT('Origin',(-6.55307717634418,18.3999703356361,132.282922823656));
#5481=CARTESIAN_POINT('Origin',(-6.55307717634417,19.4104703356361,132.282922823656));
#5482=CARTESIAN_POINT('',(-7.95307717634418,18.3999703356361,132.282922823656));
#5483=CARTESIAN_POINT('Origin',(-6.55307717634418,18.3999703356361,132.282922823656));
#5484=CARTESIAN_POINT('Origin',(25.1969228236558,11.9887703356361,135.282922823656));
#5485=CARTESIAN_POINT('',(23.7969228236558,11.9887703356361,135.282922823656));
#5486=CARTESIAN_POINT('Origin',(25.1969228236558,11.9887703356361,135.282922823656));
#5487=CARTESIAN_POINT('Origin',(-38.3030771763442,-11.988829664364,123.282922823656));
#5488=CARTESIAN_POINT('',(-39.7030771763442,-11.988829664364,126.330922823656));
#5489=CARTESIAN_POINT('Origin',(-38.3030771763442,-11.988829664364,126.330922823656));
#5490=CARTESIAN_POINT('',(-39.7030771763442,-11.988829664364,135.282922823656));
#5491=CARTESIAN_POINT('',(-39.7030771763442,-11.988829664364,123.282922823656));
#5492=CARTESIAN_POINT('Origin',(-38.3030771763442,-11.988829664364,135.282922823656));
#5493=CARTESIAN_POINT('Origin',(-38.3030771763442,-11.988829664364,135.282922823656));
#5494=CARTESIAN_POINT('Origin',(25.1969228236559,-11.9888296643639,123.282922823656));
#5495=CARTESIAN_POINT('',(23.7969228236559,-11.9888296643639,126.330922823656));
#5496=CARTESIAN_POINT('Origin',(25.1969228236559,-11.9888296643639,126.330922823656));
#5497=CARTESIAN_POINT('',(23.7969228236559,-11.9888296643639,135.282922823656));
#5498=CARTESIAN_POINT('',(23.7969228236559,-11.9888296643639,123.282922823656));
#5499=CARTESIAN_POINT('Origin',(25.1969228236559,-11.9888296643639,135.282922823656));
#5500=CARTESIAN_POINT('Origin',(25.1969228236559,-11.9888296643639,135.282922823656));
#5501=CARTESIAN_POINT('Origin',(-38.3030771763442,11.988770335636,123.282922823656));
#5502=CARTESIAN_POINT('',(-39.7030771763442,11.988770335636,126.330922823656));
#5503=CARTESIAN_POINT('Origin',(-38.3030771763442,11.988770335636,126.330922823656));
#5504=CARTESIAN_POINT('',(-39.7030771763442,11.988770335636,135.282922823656));
#5505=CARTESIAN_POINT('',(-39.7030771763442,11.988770335636,123.282922823656));
#5506=CARTESIAN_POINT('Origin',(-38.3030771763442,11.988770335636,135.282922823656));
#5507=CARTESIAN_POINT('Origin',(-38.3030771763442,11.988770335636,135.282922823656));
#5508=CARTESIAN_POINT('Origin',(-30.4290771763442,14.3509703356361,123.282922823656));
#5509=CARTESIAN_POINT('',(-32.0990771763442,14.350970335636,126.330922823656));
#5510=CARTESIAN_POINT('Origin',(-30.4290771763442,14.3509703356361,126.330922823656));
#5511=CARTESIAN_POINT('',(-32.0990771763442,14.350970335636,140.446922823656));
#5512=CARTESIAN_POINT('Origin',(-30.4290771763442,14.3509703356361,140.446922823656));
#5513=CARTESIAN_POINT('',(-32.0990771763442,14.350970335636,123.282922823656));
#5514=CARTESIAN_POINT('Origin',(-32.0990771763442,14.350970335636,123.282922823656));
#5515=CARTESIAN_POINT('',(-32.0990771763442,9.29637033563603,126.330922823656));
#5516=CARTESIAN_POINT('',(-32.0990771763442,7.17547033563604,126.330922823656));
#5517=CARTESIAN_POINT('',(-32.0990771763442,9.29637033563602,140.446922823656));
#5518=CARTESIAN_POINT('',(-32.0990771763442,7.17547033563604,140.446922823656));
#5519=CARTESIAN_POINT('',(-32.0990771763442,9.29637033563603,123.282922823656));
#5520=CARTESIAN_POINT('Origin',(-35.1534771763442,9.29637033563604,123.282922823656));
#5521=CARTESIAN_POINT('',(-35.1534771763442,6.24197033563603,126.330922823656));
#5522=CARTESIAN_POINT('Origin',(-35.1534771763442,9.29637033563604,126.330922823656));
#5523=CARTESIAN_POINT('',(-35.1534771763442,6.24197033563603,140.446922823656));
#5524=CARTESIAN_POINT('Origin',(-35.1534771763442,9.29637033563604,140.446922823656));
#5525=CARTESIAN_POINT('',(-35.1534771763442,6.24197033563603,123.282922823656));
#5526=CARTESIAN_POINT('Origin',(-35.1534771763442,6.24197033563604,123.282922823656));
#5527=CARTESIAN_POINT('',(-38.0490771763442,6.24197033563604,126.330922823656));
#5528=CARTESIAN_POINT('',(-20.8532771763442,6.24197033563602,126.330922823656));
#5529=CARTESIAN_POINT('',(-38.0490771763442,6.24197033563604,140.446922823656));
#5530=CARTESIAN_POINT('',(-20.3452771763442,6.24197033563601,140.446922823656));
#5531=CARTESIAN_POINT('',(-38.0490771763442,6.24197033563604,123.282922823656));
#5532=CARTESIAN_POINT('Origin',(-38.0490771763442,4.57197033563604,123.282922823656));
#5533=CARTESIAN_POINT('',(-39.7190771763442,4.57197033563601,126.330922823656));
#5534=CARTESIAN_POINT('Origin',(-38.0490771763442,4.57197033563604,126.330922823656));
#5535=CARTESIAN_POINT('',(-39.7190771763442,4.57197033563601,140.446922823656));
#5536=CARTESIAN_POINT('Origin',(-38.0490771763442,4.57197033563604,140.446922823656));
#5537=CARTESIAN_POINT('',(-39.7190771763442,4.57197033563601,123.282922823656));
#5538=CARTESIAN_POINT('Origin',(-39.7190771763442,4.57197033563601,123.282922823656));
#5539=CARTESIAN_POINT('',(-39.7190771763442,-4.57202966436399,126.330922823656));
#5540=CARTESIAN_POINT('',(-39.7190771763442,2.28597033563603,126.330922823656));
#5541=CARTESIAN_POINT('',(-39.7190771763442,-4.57202966436399,140.446922823656));
#5542=CARTESIAN_POINT('',(-39.7190771763442,2.28597033563602,140.446922823656));
#5543=CARTESIAN_POINT('',(-39.7190771763442,-4.57202966436399,123.282922823656));
#5544=CARTESIAN_POINT('Origin',(-38.0490771763442,-4.57202966436396,123.282922823656));
#5545=CARTESIAN_POINT('',(-38.0490771763442,-6.24202966436396,126.330922823656));
#5546=CARTESIAN_POINT('Origin',(-38.0490771763442,-4.57202966436396,126.330922823656));
#5547=CARTESIAN_POINT('',(-38.0490771763442,-6.24202966436397,140.446922823656));
#5548=CARTESIAN_POINT('Origin',(-38.0490771763442,-4.57202966436397,140.446922823656));
#5549=CARTESIAN_POINT('',(-38.0490771763442,-6.24202966436396,123.282922823656));
#5550=CARTESIAN_POINT('Origin',(-38.0490771763442,-6.24202966436396,123.282922823656));
#5551=CARTESIAN_POINT('',(-35.1534771763442,-6.24202966436396,126.330922823656));
#5552=CARTESIAN_POINT('',(-22.3010771763442,-6.24202966436395,126.330922823656));
#5553=CARTESIAN_POINT('',(-35.1534771763442,-6.24202966436396,140.446922823656));
#5554=CARTESIAN_POINT('',(-21.7930771763442,-6.24202966436395,140.446922823656));
#5555=CARTESIAN_POINT('',(-35.1534771763442,-6.24202966436396,123.282922823656));
#5556=CARTESIAN_POINT('Origin',(-35.1534771763442,-9.29642966436396,123.282922823656));
#5557=CARTESIAN_POINT('',(-32.0990771763442,-9.29642966436398,126.330922823656));
#5558=CARTESIAN_POINT('Origin',(-35.1534771763442,-9.29642966436396,126.330922823656));
#5559=CARTESIAN_POINT('',(-32.0990771763442,-9.29642966436398,140.446922823656));
#5560=CARTESIAN_POINT('Origin',(-35.1534771763442,-9.29642966436396,140.446922823656));
#5561=CARTESIAN_POINT('',(-32.0990771763442,-9.29642966436398,123.282922823656));
#5562=CARTESIAN_POINT('Origin',(-32.0990771763442,-9.29642966436398,123.282922823656));
#5563=CARTESIAN_POINT('',(-32.0990771763442,-14.351029664364,126.330922823656));
#5564=CARTESIAN_POINT('',(-32.0990771763442,-4.64822966436395,126.330922823656));
#5565=CARTESIAN_POINT('',(-32.0990771763442,-14.351029664364,140.446922823656));
#5566=CARTESIAN_POINT('',(-32.0990771763442,-4.64822966436396,140.446922823656));
#5567=CARTESIAN_POINT('',(-32.0990771763442,-14.351029664364,123.282922823656));
#5568=CARTESIAN_POINT('Origin',(-30.4290771763442,-14.3510296643639,123.282922823656));
#5569=CARTESIAN_POINT('',(-30.4290771763442,-16.0210296643639,126.330922823656));
#5570=CARTESIAN_POINT('Origin',(-30.4290771763442,-14.3510296643639,126.330922823656));
#5571=CARTESIAN_POINT('',(-30.4290771763441,-16.0210296643639,140.446922823656));
#5572=CARTESIAN_POINT('Origin',(-30.4290771763442,-14.3510296643639,140.446922823656));
#5573=CARTESIAN_POINT('',(-30.4290771763442,-16.0210296643639,123.282922823656));
#5574=CARTESIAN_POINT('Origin',(22.0473228236558,9.29637033563614,123.282922823656));
#5575=CARTESIAN_POINT('',(22.0473228236559,6.24197033563614,126.330922823656));
#5576=CARTESIAN_POINT('',(18.9929228236558,9.29637033563611,126.330922823656));
#5577=CARTESIAN_POINT('Origin',(22.0473228236558,9.29637033563614,126.330922823656));
#5578=CARTESIAN_POINT('',(22.0473228236559,6.24197033563614,140.446922823656));
#5579=CARTESIAN_POINT('',(22.0473228236559,6.24197033563614,123.282922823656));
#5580=CARTESIAN_POINT('',(18.9929228236559,9.29637033563611,140.446922823656));
#5581=CARTESIAN_POINT('Origin',(22.0473228236559,9.29637033563614,140.446922823656));
#5582=CARTESIAN_POINT('',(18.9929228236558,9.29637033563611,123.282922823656));
#5583=CARTESIAN_POINT('Origin',(24.9429228236558,6.24197033563614,123.282922823656));
#5584=CARTESIAN_POINT('',(24.9429228236558,6.24197033563614,126.330922823656));
#5585=CARTESIAN_POINT('',(9.19492282365585,6.24197033563612,126.330922823656));
#5586=CARTESIAN_POINT('',(24.9429228236559,6.24197033563614,140.446922823656));
#5587=CARTESIAN_POINT('',(24.9429228236558,6.24197033563614,123.282922823656));
#5588=CARTESIAN_POINT('',(9.70292282365585,6.24197033563612,140.446922823656));
#5589=CARTESIAN_POINT('Origin',(24.9429228236559,4.57197033563614,123.282922823656));
#5590=CARTESIAN_POINT('',(25.8087353193481,5.99999999999998,126.330922823656));
#5591=CARTESIAN_POINT('Origin',(24.9429228236559,4.57197033563614,126.330922823656));
#5592=CARTESIAN_POINT('',(25.8087353193481,5.99999999999998,140.446922823656));
#5593=CARTESIAN_POINT('',(25.8087353193481,5.99999999999998,123.282922823656));
#5594=CARTESIAN_POINT('Origin',(24.9429228236559,4.57197033563614,140.446922823656));
#5595=CARTESIAN_POINT('Origin',(25.8087353193482,-6.00005932872774,123.282922823656));
#5596=CARTESIAN_POINT('',(25.8087353193482,-6.00005932872774,126.330922823656));
#5597=CARTESIAN_POINT('',(28.6449228236559,-6.00005932872774,126.330922823656));
#5598=CARTESIAN_POINT('',(9.62782907150201,-6.00005932872776,126.330922823656));
#5599=CARTESIAN_POINT('',(25.8087353193482,-6.00005932872775,140.446922823656));
#5600=CARTESIAN_POINT('',(25.8087353193482,-6.00005932872774,123.282922823656));
#5601=CARTESIAN_POINT('',(28.6449228236559,-6.00005932872774,140.446922823656));
#5602=CARTESIAN_POINT('',(10.135829071502,-6.00005932872777,140.446922823656));
#5603=CARTESIAN_POINT('',(28.6449228236559,-6.00005932872774,123.282922823656));
#5604=CARTESIAN_POINT('Origin',(24.9429228236559,-4.57202966436386,123.282922823656));
#5605=CARTESIAN_POINT('',(24.9429228236559,-6.24202966436386,126.330922823656));
#5606=CARTESIAN_POINT('Origin',(24.9429228236559,-4.57202966436386,126.330922823656));
#5607=CARTESIAN_POINT('',(24.9429228236559,-6.24202966436386,140.446922823656));
#5608=CARTESIAN_POINT('',(24.9429228236559,-6.24202966436386,123.282922823656));
#5609=CARTESIAN_POINT('Origin',(24.9429228236559,-4.57202966436386,140.446922823656));
#5610=CARTESIAN_POINT('Origin',(22.0473228236559,-6.24202966436387,123.282922823656));
#5611=CARTESIAN_POINT('',(22.0473228236559,-6.24202966436386,126.330922823656));
#5612=CARTESIAN_POINT('',(7.74712282365587,-6.2420296643639,126.330922823656));
#5613=CARTESIAN_POINT('',(22.0473228236559,-6.24202966436386,140.446922823656));
#5614=CARTESIAN_POINT('',(22.0473228236559,-6.24202966436386,123.282922823656));
#5615=CARTESIAN_POINT('',(8.25512282365587,-6.2420296643639,140.446922823656));
#5616=CARTESIAN_POINT('Origin',(22.0473228236559,-9.29642966436387,123.282922823656));
#5617=CARTESIAN_POINT('',(18.9929228236559,-9.2964296643639,126.330922823656));
#5618=CARTESIAN_POINT('Origin',(22.0473228236559,-9.29642966436387,126.330922823656));
#5619=CARTESIAN_POINT('',(18.9929228236559,-9.2964296643639,140.446922823656));
#5620=CARTESIAN_POINT('',(18.9929228236559,-9.2964296643639,123.282922823656));
#5621=CARTESIAN_POINT('Origin',(22.0473228236559,-9.29642966436387,140.446922823656));
#5622=CARTESIAN_POINT('Origin',(18.9929228236559,-14.3510296643639,123.282922823656));
#5623=CARTESIAN_POINT('',(18.9929228236559,-14.3510296643639,126.330922823656));
#5624=CARTESIAN_POINT('',(18.9929228236559,-7.17552966436388,126.330922823656));
#5625=CARTESIAN_POINT('',(18.9929228236559,-14.3510296643639,140.446922823656));
#5626=CARTESIAN_POINT('',(18.9929228236559,-14.3510296643639,123.282922823656));
#5627=CARTESIAN_POINT('',(18.9929228236559,-7.17552966436389,140.446922823656));
#5628=CARTESIAN_POINT('Origin',(17.3229228236559,-14.3510296643639,123.282922823656));
#5629=CARTESIAN_POINT('',(17.3229228236559,-16.0210296643639,126.330922823656));
#5630=CARTESIAN_POINT('Origin',(17.3229228236559,-14.3510296643639,126.330922823656));
#5631=CARTESIAN_POINT('',(17.3229228236559,-16.0210296643639,140.446922823656));
#5632=CARTESIAN_POINT('',(17.3229228236559,-16.0210296643639,123.282922823656));
#5633=CARTESIAN_POINT('Origin',(17.3229228236559,-14.3510296643639,140.446922823656));
#5634=CARTESIAN_POINT('Origin',(-6.55307717634415,-2.96643639080076E-5,
126.330922823656));
#5635=CARTESIAN_POINT('',(-38.8110771763442,-16.021029664364,126.330922823656));
#5636=CARTESIAN_POINT('',(-22.6820771763442,-16.0210296643639,126.330922823656));
#5637=CARTESIAN_POINT('',(-41.7510771763442,-13.081029664364,126.330922823656));
#5638=CARTESIAN_POINT('Origin',(-38.8110771763442,-13.081029664364,126.330922823656));
#5639=CARTESIAN_POINT('',(-41.7510771763442,13.080970335636,126.330922823656));
#5640=CARTESIAN_POINT('',(-41.7510771763442,6.54047033563603,126.330922823656));
#5641=CARTESIAN_POINT('Origin',(-38.8110771763442,13.080970335636,126.330922823656));
#5642=CARTESIAN_POINT('Origin',(-6.55307717634415,-2.96643639080076E-5,
126.330922823656));
#5643=CARTESIAN_POINT('',(28.6449228236559,-13.0810296643639,126.330922823656));
#5644=CARTESIAN_POINT('',(28.6449228236559,-6.54052966436386,126.330922823656));
#5645=CARTESIAN_POINT('',(25.7049228236559,-16.0210296643639,126.330922823656));
#5646=CARTESIAN_POINT('Origin',(25.7049228236559,-13.0810296643639,126.330922823656));
#5647=CARTESIAN_POINT('',(-22.6820771763442,-16.0210296643639,126.330922823656));
#5648=CARTESIAN_POINT('Origin',(-38.8110771763442,-16.021029664364,123.282922823656));
#5649=CARTESIAN_POINT('',(-38.8110771763442,-16.021029664364,123.282922823656));
#5650=CARTESIAN_POINT('',(-17.9830771763441,-16.0210296643639,140.446922823656));
#5651=CARTESIAN_POINT('',(25.7049228236559,-16.0210296643639,123.282922823656));
#5652=CARTESIAN_POINT('Origin',(28.6449228236559,-13.0810296643639,123.282922823656));
#5653=CARTESIAN_POINT('',(28.6449228236559,-13.0810296643639,123.282922823656));
#5654=CARTESIAN_POINT('',(28.6449228236559,-3.0000444965458,140.446922823656));
#5655=CARTESIAN_POINT('',(28.6449228236559,6.,126.330922823656));
#5656=CARTESIAN_POINT('',(28.6449228236559,6.,131.641461411828));
#5657=CARTESIAN_POINT('',(28.6449228236559,13.0809703356361,126.330922823656));
#5658=CARTESIAN_POINT('',(28.6449228236559,-6.54052966436386,126.330922823656));
#5659=CARTESIAN_POINT('',(28.6449228236559,13.0809703356361,123.282922823656));
#5660=CARTESIAN_POINT('Origin',(-38.8110771763442,-13.081029664364,123.282922823656));
#5661=CARTESIAN_POINT('',(-41.7510771763442,-13.081029664364,123.282922823656));
#5662=CARTESIAN_POINT('Origin',(-41.7510771763442,13.080970335636,123.282922823656));
#5663=CARTESIAN_POINT('',(-41.7510771763442,13.080970335636,123.282922823656));
#5664=CARTESIAN_POINT('Origin',(-38.8110771763442,13.080970335636,123.282922823656));
#5665=CARTESIAN_POINT('Origin',(25.7049228236558,13.0809703356361,123.282922823656));
#5666=CARTESIAN_POINT('Origin',(25.7049228236558,13.0809703356361,126.330922823656));
#5667=CARTESIAN_POINT('Origin',(25.7049228236559,-13.0810296643639,123.282922823656));
#5668=CARTESIAN_POINT('Origin',(-6.55307717634415,-2.96643639080076E-5,
126.330922823656));
#5669=CARTESIAN_POINT('',(11.0459228236559,5.99999999999995,126.330922823656));
#5670=CARTESIAN_POINT('',(18.9929228236559,4.64817033563612,126.330922823656));
#5671=CARTESIAN_POINT('',(23.7969228236558,11.9887703356361,126.330922823656));
#5672=CARTESIAN_POINT('Origin',(25.1969228236558,11.9887703356361,126.330922823656));
#5673=CARTESIAN_POINT('Origin',(28.,-6.,140.));
#5674=CARTESIAN_POINT('',(28.,5.99999999999998,140.446922823656));
#5675=CARTESIAN_POINT('',(28.,-3.00001483218196,140.446922823656));
#5676=CARTESIAN_POINT('',(28.,6.,174.));
#5677=CARTESIAN_POINT('Ctrl Pts',(-55.,-2.14622680169081E-15,123.282922823656));
#5678=CARTESIAN_POINT('Ctrl Pts',(-55.,-2.14622680169081E-15,148.143415435269));
#5679=CARTESIAN_POINT('Ctrl Pts',(-55.,-55.,123.282922823656));
#5680=CARTESIAN_POINT('Ctrl Pts',(-55.,-55.,148.143415435269));
#5681=CARTESIAN_POINT('Ctrl Pts',(-6.73555739531044E-15,-55.,123.282922823656));
#5682=CARTESIAN_POINT('Ctrl Pts',(-6.73555739531044E-15,-55.,148.143415435269));
#5683=CARTESIAN_POINT('',(-55.,-2.14622680169081E-15,140.));
#5684=CARTESIAN_POINT('Ctrl Pts',(3.33066907387547E-15,55.,123.282922823656));
#5685=CARTESIAN_POINT('Ctrl Pts',(3.33066907387547E-15,55.,148.143415435269));
#5686=CARTESIAN_POINT('Ctrl Pts',(-55.,55.,123.282922823656));
#5687=CARTESIAN_POINT('Ctrl Pts',(-55.,55.,148.143415435269));
#5688=CARTESIAN_POINT('Ctrl Pts',(-55.,1.22124532708767E-14,123.282922823656));
#5689=CARTESIAN_POINT('Ctrl Pts',(-55.,1.22124532708767E-14,148.143415435269));
#5690=CARTESIAN_POINT('Origin',(18.9929228236558,9.29637033563611,123.282922823656));
#5691=CARTESIAN_POINT('',(18.9929228236559,4.64817033563612,140.446922823656));
#5692=CARTESIAN_POINT('Origin',(-5.53707717634414,-2.96643639114686E-5,
140.446922823656));
#5693=CARTESIAN_POINT('',(11.5539228236559,5.99999999999995,140.446922823656));
#5694=CARTESIAN_POINT('Origin',(25.1969228236558,11.9887703356361,123.282922823656));
#5695=CARTESIAN_POINT('',(23.7969228236558,11.9887703356361,123.282922823656));
#5696=CARTESIAN_POINT('Origin',(-42.1583426614991,39.8802039251207,149.));
#5697=CARTESIAN_POINT('',(-44.9774205238568,40.9062643550977,178.));
#5698=CARTESIAN_POINT('Origin',(-44.9774205238568,40.9062643550977,149.));
#5699=CARTESIAN_POINT('',(-44.2933792204149,42.7856503643625,178.));
#5700=CARTESIAN_POINT('Origin',(-44.2933792204149,42.7856503643625,149.));
#5701=CARTESIAN_POINT('Origin',(-6.55307717634419,18.3999703356361,123.282922823656));
#5702=CARTESIAN_POINT('',(-7.95307717634419,18.3999703356361,123.282922823656));
#5703=CARTESIAN_POINT('Origin',(24.,41.569219381653,134.));
#5704=CARTESIAN_POINT('',(24.,44.819219381653,134.));
#5705=CARTESIAN_POINT('Origin',(41.569219381653,-24.,134.));
#5706=CARTESIAN_POINT('',(44.819219381653,-24.,134.));
#5707=CARTESIAN_POINT('Origin',(-41.569219381653,24.,134.));
#5708=CARTESIAN_POINT('',(-44.819219381653,24.,134.));
#5709=CARTESIAN_POINT('Origin',(-24.,-41.569219381653,134.));
#5710=CARTESIAN_POINT('',(-24.,-44.819219381653,134.));
#5711=CARTESIAN_POINT('Origin',(28.,6.,140.));
#5712=CARTESIAN_POINT('',(38.,6.,174.));
#5713=CARTESIAN_POINT('Origin',(38.,6.,140.));
#5714=UNCERTAINTY_MEASURE_WITH_UNIT(LENGTH_MEASURE(0.01),#5718,
'DISTANCE_ACCURACY_VALUE',
'Maximum model space distance between geometric entities at asserted c
onnectivities');
#5715=UNCERTAINTY_MEASURE_WITH_UNIT(LENGTH_MEASURE(0.01),#5718,
'DISTANCE_ACCURACY_VALUE',
'Maximum model space distance between geometric entities at asserted c
onnectivities');
#5716=(
GEOMETRIC_REPRESENTATION_CONTEXT(3)
GLOBAL_UNCERTAINTY_ASSIGNED_CONTEXT((#5714))
GLOBAL_UNIT_ASSIGNED_CONTEXT((#5718,#5720,#5721))
REPRESENTATION_CONTEXT('','3D')
);
#5717=(
GEOMETRIC_REPRESENTATION_CONTEXT(3)
GLOBAL_UNCERTAINTY_ASSIGNED_CONTEXT((#5715))
GLOBAL_UNIT_ASSIGNED_CONTEXT((#5718,#5720,#5721))
REPRESENTATION_CONTEXT('','3D')
);
#5718=(
LENGTH_UNIT()
NAMED_UNIT(*)
SI_UNIT(.MILLI.,.METRE.)
);
#5719=(
LENGTH_UNIT()
NAMED_UNIT(*)
SI_UNIT($,.METRE.)
);
#5720=(
NAMED_UNIT(*)
PLANE_ANGLE_UNIT()
SI_UNIT($,.RADIAN.)
);
#5721=(
NAMED_UNIT(*)
SI_UNIT($,.STERADIAN.)
SOLID_ANGLE_UNIT()
);
#5722=SHAPE_DEFINITION_REPRESENTATION(#5723,#5724);
#5723=PRODUCT_DEFINITION_SHAPE('',$,#5726);
#5724=SHAPE_REPRESENTATION('',(#2856),#5716);
#5725=PRODUCT_DEFINITION_CONTEXT('part definition',#5730,'design');
#5726=PRODUCT_DEFINITION('2026-07-17-18-46-02-670',
'3-Watt Speaker Chamber',#5727,#5725);
#5727=PRODUCT_DEFINITION_FORMATION('',$,#5732);
#5728=PRODUCT_RELATED_PRODUCT_CATEGORY('3-Watt Speaker Chamber',
'3-Watt Speaker Chamber',(#5732));
#5729=APPLICATION_PROTOCOL_DEFINITION('international standard',
'automotive_design',2009,#5730);
#5730=APPLICATION_CONTEXT(
'Core Data for Automotive Mechanical Design Process');
#5731=PRODUCT_CONTEXT('part definition',#5730,'mechanical');
#5732=PRODUCT('2026-07-17-18-46-02-670','3-Watt Speaker Chamber',$,(#5731));
#5733=PRESENTATION_STYLE_ASSIGNMENT((#5735));
#5734=PRESENTATION_STYLE_ASSIGNMENT((#5736));
#5735=SURFACE_STYLE_USAGE(.BOTH.,#5737);
#5736=SURFACE_STYLE_USAGE(.BOTH.,#5738);
#5737=SURFACE_SIDE_STYLE('',(#5739));
#5738=SURFACE_SIDE_STYLE('',(#5740));
#5739=SURFACE_STYLE_FILL_AREA(#5741);
#5740=SURFACE_STYLE_FILL_AREA(#5742);
#5741=FILL_AREA_STYLE('Steel - Satin',(#5743));
#5742=FILL_AREA_STYLE('Opaque(160,160,160)',(#5744));
#5743=FILL_AREA_STYLE_COLOUR('Steel - Satin',#5745);
#5744=FILL_AREA_STYLE_COLOUR('Opaque(160,160,160)',#5746);
#5745=COLOUR_RGB('Steel - Satin',0.627450980392157,0.627450980392157,0.627450980392157);
#5746=COLOUR_RGB('Opaque(160,160,160)',0.627450980392157,0.627450980392157,
0.627450980392157);
ENDSEC;
END-ISO-10303-21;
