ISO-10303-21;
HEADER;
/* Generated by software containing ST-Developer
 * from STEP Tools, Inc. (www.steptools.com) 
 */

FILE_DESCRIPTION(
/* description */ (''),
/* implementation_level */ '2;1');

FILE_NAME(
/* name */ '3-Watt Speaker Chamber for CM4.step',
/* time_stamp */ '2026-07-17T18:47:02-04:00',
/* author */ (''),
/* organization */ (''),
/* preprocessor_version */ 'ST-DEVELOPER v20.1',
/* originating_system */ 'Autodesk Translation Framework v15.8.0.0',
/* authorisation */ '');

FILE_SCHEMA (('AUTOMOTIVE_DESIGN { 1 0 10303 214 3 1 1 }'));
ENDSEC;

DATA;
#10=MECHANICAL_DESIGN_GEOMETRIC_PRESENTATION_REPRESENTATION('',(#13),#4905);
#11=SHAPE_REPRESENTATION_RELATIONSHIP('SRR','None',#4912,#12);
#12=ADVANCED_BREP_SHAPE_REPRESENTATION('',(#14),#4904);
#13=STYLED_ITEM('',(#4922),#14);
#14=MANIFOLD_SOLID_BREP('3-Watt Speaker Chamber',#2353);
#15=FACE_BOUND('',#323,.T.);
#16=FACE_BOUND('',#325,.T.);
#17=FACE_BOUND('',#327,.T.);
#18=FACE_BOUND('',#329,.T.);
#19=FACE_BOUND('',#331,.T.);
#20=FACE_BOUND('',#332,.T.);
#21=FACE_BOUND('',#333,.T.);
#22=FACE_BOUND('',#334,.T.);
#23=FACE_BOUND('',#335,.T.);
#24=FACE_BOUND('',#336,.T.);
#25=FACE_BOUND('',#337,.T.);
#26=FACE_BOUND('',#338,.T.);
#27=FACE_BOUND('',#339,.T.);
#28=FACE_BOUND('',#340,.T.);
#29=FACE_BOUND('',#341,.T.);
#30=FACE_BOUND('',#342,.T.);
#31=FACE_BOUND('',#351,.T.);
#32=FACE_BOUND('',#352,.T.);
#33=FACE_BOUND('',#353,.T.);
#34=FACE_BOUND('',#354,.T.);
#35=FACE_BOUND('',#355,.T.);
#36=FACE_BOUND('',#356,.T.);
#37=FACE_BOUND('',#357,.T.);
#38=FACE_BOUND('',#358,.T.);
#39=FACE_BOUND('',#359,.T.);
#40=FACE_BOUND('',#375,.T.);
#41=FACE_BOUND('',#380,.T.);
#42=FACE_BOUND('',#414,.T.);
#43=FACE_BOUND('',#415,.T.);
#44=FACE_BOUND('',#417,.T.);
#45=FACE_BOUND('',#426,.T.);
#46=CONICAL_SURFACE('',#2391,3.09000001490116,0.785398163397447);
#47=CONICAL_SURFACE('',#2395,3.09000001490116,0.785398163397447);
#48=CONICAL_SURFACE('',#2400,3.09000001490116,0.785398163397447);
#49=CONICAL_SURFACE('',#2404,3.09000001490116,0.785398163397447);
#50=CONICAL_SURFACE('',#2413,1.1,0.785398163397448);
#51=CONICAL_SURFACE('',#2422,1.1,0.785398163397448);
#52=CONICAL_SURFACE('',#2431,1.1,0.785398163397451);
#53=CONICAL_SURFACE('',#2440,1.1,0.785398163397451);
#54=(
BOUNDED_CURVE()
B_SPLINE_CURVE(2,(#3578,#3579,#3580),.UNSPECIFIED.,.F.,.F.)
B_SPLINE_CURVE_WITH_KNOTS((3,3),(-9.49447207589764,0.),.UNSPECIFIED.)
CURVE()
GEOMETRIC_REPRESENTATION_ITEM()
RATIONAL_B_SPLINE_CURVE((1.,2.33333333333333,1.))
REPRESENTATION_ITEM('')
);
#55=(
BOUNDED_CURVE()
B_SPLINE_CURVE(2,(#3590,#3591,#3592),.UNSPECIFIED.,.F.,.F.)
B_SPLINE_CURVE_WITH_KNOTS((3,3),(-9.49447207589764,0.),.UNSPECIFIED.)
CURVE()
GEOMETRIC_REPRESENTATION_ITEM()
RATIONAL_B_SPLINE_CURVE((1.,2.33333333333333,1.))
REPRESENTATION_ITEM('')
);
#56=(
BOUNDED_CURVE()
B_SPLINE_CURVE(2,(#3601,#3602,#3603),.UNSPECIFIED.,.F.,.F.)
B_SPLINE_CURVE_WITH_KNOTS((3,3),(-9.49447207589764,0.),.UNSPECIFIED.)
CURVE()
GEOMETRIC_REPRESENTATION_ITEM()
RATIONAL_B_SPLINE_CURVE((1.,2.33333333333333,1.))
REPRESENTATION_ITEM('')
);
#57=(
BOUNDED_CURVE()
B_SPLINE_CURVE(2,(#3610,#3611,#3612),.UNSPECIFIED.,.F.,.F.)
B_SPLINE_CURVE_WITH_KNOTS((3,3),(-9.49447207589764,0.),.UNSPECIFIED.)
CURVE()
GEOMETRIC_REPRESENTATION_ITEM()
RATIONAL_B_SPLINE_CURVE((1.,2.33333333333333,1.))
REPRESENTATION_ITEM('')
);
#58=(
BOUNDED_SURFACE()
B_SPLINE_SURFACE(2,1,((#3569,#3570),(#3571,#3572),(#3573,#3574)),
 .UNSPECIFIED.,.F.,.F.,.F.)
B_SPLINE_SURFACE_WITH_KNOTS((3,3),(2,2),(-9.49447207589764,0.),(0.,2.48604926116128),
 .UNSPECIFIED.)
GEOMETRIC_REPRESENTATION_ITEM()
RATIONAL_B_SPLINE_SURFACE(((1.,1.),(2.33333333333333,2.33333333333333),
(1.,1.)))
REPRESENTATION_ITEM('')
SURFACE()
);
#59=(
BOUNDED_SURFACE()
B_SPLINE_SURFACE(2,1,((#3582,#3583),(#3584,#3585),(#3586,#3587)),
 .UNSPECIFIED.,.F.,.F.,.F.)
B_SPLINE_SURFACE_WITH_KNOTS((3,3),(2,2),(-9.49447207589764,0.),(0.,2.48604926116128),
 .UNSPECIFIED.)
GEOMETRIC_REPRESENTATION_ITEM()
RATIONAL_B_SPLINE_SURFACE(((1.,1.),(2.33333333333333,2.33333333333333),
(1.,1.)))
REPRESENTATION_ITEM('')
SURFACE()
);
#60=(
BOUNDED_SURFACE()
B_SPLINE_SURFACE(2,1,((#3593,#3594),(#3595,#3596),(#3597,#3598)),
 .UNSPECIFIED.,.F.,.F.,.F.)
B_SPLINE_SURFACE_WITH_KNOTS((3,3),(2,2),(-9.49447207589764,0.),(0.,2.48604926116128),
 .UNSPECIFIED.)
GEOMETRIC_REPRESENTATION_ITEM()
RATIONAL_B_SPLINE_SURFACE(((1.,1.),(2.33333333333333,2.33333333333333),
(1.,1.)))
REPRESENTATION_ITEM('')
SURFACE()
);
#61=(
BOUNDED_SURFACE()
B_SPLINE_SURFACE(2,1,((#3604,#3605),(#3606,#3607),(#3608,#3609)),
 .UNSPECIFIED.,.F.,.F.,.F.)
B_SPLINE_SURFACE_WITH_KNOTS((3,3),(2,2),(-9.49447207589764,0.),(0.,2.48604926116128),
 .UNSPECIFIED.)
GEOMETRIC_REPRESENTATION_ITEM()
RATIONAL_B_SPLINE_SURFACE(((1.,1.),(2.33333333333333,2.33333333333333),
(1.,1.)))
REPRESENTATION_ITEM('')
SURFACE()
);
#62=(
BOUNDED_SURFACE()
B_SPLINE_SURFACE(2,2,((#3641,#3642,#3643,#3644,#3645,#3646,#3647,#3648,
#3649),(#3650,#3651,#3652,#3653,#3654,#3655,#3656,#3657,#3658),(#3659,#3660,
#3661,#3662,#3663,#3664,#3665,#3666,#3667)),.UNSPECIFIED.,.F.,.T.,.F.)
B_SPLINE_SURFACE_WITH_KNOTS((3,3),(3,2,2,2,3),(-0.785398163398451,5.16427894017216E-13),
(-3.14159265358979,-1.5707963267949,0.,1.5707963267949,3.14159265358979),
 .UNSPECIFIED.)
GEOMETRIC_REPRESENTATION_ITEM()
RATIONAL_B_SPLINE_SURFACE(((1.,0.707106781186548,1.,0.707106781186548,1.,
0.707106781186548,1.,0.707106781186548,1.),(0.923879532510922,0.65328148243793,
0.923879532510922,0.65328148243793,0.923879532510922,0.65328148243793,0.923879532510922,
0.65328148243793,0.923879532510922),(1.,0.707106781186548,1.,0.707106781186548,
1.,0.707106781186548,1.,0.707106781186548,1.)))
REPRESENTATION_ITEM('')
SURFACE()
);
#63=(
BOUNDED_SURFACE()
B_SPLINE_SURFACE(2,2,((#3685,#3686,#3687,#3688,#3689,#3690,#3691,#3692,
#3693),(#3694,#3695,#3696,#3697,#3698,#3699,#3700,#3701,#3702),(#3703,#3704,
#3705,#3706,#3707,#3708,#3709,#3710,#3711)),.UNSPECIFIED.,.F.,.T.,.F.)
B_SPLINE_SURFACE_WITH_KNOTS((3,3),(3,2,2,2,3),(-0.785398163398258,2.56003459729942E-13),
(-3.14159265358979,-1.5707963267949,0.,1.5707963267949,3.14159265358979),
 .UNSPECIFIED.)
GEOMETRIC_REPRESENTATION_ITEM()
RATIONAL_B_SPLINE_SURFACE(((1.,0.707106781186548,1.,0.707106781186548,1.,
0.707106781186548,1.,0.707106781186548,1.),(0.923879532510891,0.653281482437909,
0.923879532510891,0.653281482437909,0.923879532510891,0.653281482437909,
0.923879532510891,0.653281482437909,0.923879532510891),(1.,0.707106781186548,
1.,0.707106781186548,1.,0.707106781186548,1.,0.707106781186548,1.)))
REPRESENTATION_ITEM('')
SURFACE()
);
#64=(
BOUNDED_SURFACE()
B_SPLINE_SURFACE(2,2,((#3729,#3730,#3731,#3732,#3733,#3734,#3735,#3736,
#3737),(#3738,#3739,#3740,#3741,#3742,#3743,#3744,#3745,#3746),(#3747,#3748,
#3749,#3750,#3751,#3752,#3753,#3754,#3755)),.UNSPECIFIED.,.F.,.T.,.F.)
B_SPLINE_SURFACE_WITH_KNOTS((3,3),(3,2,2,2,3),(-0.78539816339837,2.56003459729974E-13),
(-3.14159265358979,-1.5707963267949,0.,1.5707963267949,3.14159265358979),
 .UNSPECIFIED.)
GEOMETRIC_REPRESENTATION_ITEM()
RATIONAL_B_SPLINE_SURFACE(((1.,0.707106781186548,1.,0.707106781186548,1.,
0.707106781186548,1.,0.707106781186548,1.),(0.923879532511027,0.653281482438005,
0.923879532511027,0.653281482438005,0.923879532511027,0.653281482438005,
0.923879532511027,0.653281482438005,0.923879532511027),(1.,0.707106781186548,
1.,0.707106781186548,1.,0.707106781186548,1.,0.707106781186548,1.)))
REPRESENTATION_ITEM('')
SURFACE()
);
#65=(
BOUNDED_SURFACE()
B_SPLINE_SURFACE(2,2,((#3773,#3774,#3775,#3776,#3777,#3778,#3779,#3780,
#3781),(#3782,#3783,#3784,#3785,#3786,#3787,#3788,#3789,#3790),(#3791,#3792,
#3793,#3794,#3795,#3796,#3797,#3798,#3799)),.UNSPECIFIED.,.F.,.T.,.F.)
B_SPLINE_SURFACE_WITH_KNOTS((3,3),(3,2,2,2,3),(-0.785398163398396,2.66881662773935E-13),
(-3.14159265358979,-1.5707963267949,0.,1.5707963267949,3.14159265358979),
 .UNSPECIFIED.)
GEOMETRIC_REPRESENTATION_ITEM()
RATIONAL_B_SPLINE_SURFACE(((1.,0.707106781186548,1.,0.707106781186548,1.,
0.707106781186548,1.,0.707106781186548,1.),(0.923879532510985,0.653281482437975,
0.923879532510985,0.653281482437975,0.923879532510985,0.653281482437975,
0.923879532510985,0.653281482437975,0.923879532510985),(1.,0.707106781186548,
1.,0.707106781186548,1.,0.707106781186548,1.,0.707106781186548,1.)))
REPRESENTATION_ITEM('')
SURFACE()
);
#66=(
BOUNDED_SURFACE()
B_SPLINE_SURFACE(2,1,((#3867,#3868),(#3869,#3870),(#3871,#3872)),
 .UNSPECIFIED.,.F.,.F.,.F.)
B_SPLINE_SURFACE_WITH_KNOTS((3,3),(2,2),(-9.49447207589764,0.),(0.,2.48604926116128),
 .UNSPECIFIED.)
GEOMETRIC_REPRESENTATION_ITEM()
RATIONAL_B_SPLINE_SURFACE(((1.,1.),(2.33333333333333,2.33333333333333),
(1.,1.)))
REPRESENTATION_ITEM('')
SURFACE()
);
#67=(
BOUNDED_SURFACE()
B_SPLINE_SURFACE(2,1,((#3897,#3898),(#3899,#3900),(#3901,#3902)),
 .UNSPECIFIED.,.F.,.F.,.F.)
B_SPLINE_SURFACE_WITH_KNOTS((3,3),(2,2),(-9.49447207589764,0.),(0.,2.48604926116128),
 .UNSPECIFIED.)
GEOMETRIC_REPRESENTATION_ITEM()
RATIONAL_B_SPLINE_SURFACE(((1.,1.),(2.33333333333333,2.33333333333333),
(1.,1.)))
REPRESENTATION_ITEM('')
SURFACE()
);
#68=(
BOUNDED_SURFACE()
B_SPLINE_SURFACE(2,1,((#4876,#4877),(#4878,#4879),(#4880,#4881)),
 .UNSPECIFIED.,.F.,.F.,.F.)
B_SPLINE_SURFACE_WITH_KNOTS((3,3),(2,2),(-9.49447207589764,0.),(0.,2.48604926116128),
 .UNSPECIFIED.)
GEOMETRIC_REPRESENTATION_ITEM()
RATIONAL_B_SPLINE_SURFACE(((1.,1.),(2.33333333333333,2.33333333333333),
(1.,1.)))
REPRESENTATION_ITEM('')
SURFACE()
);
#69=(
BOUNDED_SURFACE()
B_SPLINE_SURFACE(2,1,((#4883,#4884),(#4885,#4886),(#4887,#4888)),
 .UNSPECIFIED.,.F.,.F.,.F.)
B_SPLINE_SURFACE_WITH_KNOTS((3,3),(2,2),(-9.49447207589764,0.),(0.,2.48604926116128),
 .UNSPECIFIED.)
GEOMETRIC_REPRESENTATION_ITEM()
RATIONAL_B_SPLINE_SURFACE(((1.,1.),(2.33333333333333,2.33333333333333),
(1.,1.)))
REPRESENTATION_ITEM('')
SURFACE()
);
#70=B_SPLINE_CURVE_WITH_KNOTS('',3,(#3391,#3392,#3393,#3394,#3395,#3396,
#3397,#3398,#3399,#3400,#3401,#3402),.UNSPECIFIED.,.F.,.F.,(4,2,2,2,2,4),
(-17.9338123365007,-12.4106987671396,-10.0662287389779,-7.83057682227606,
-5.04908586053006,0.),.UNSPECIFIED.);
#71=B_SPLINE_CURVE_WITH_KNOTS('',3,(#3406,#3407,#3408,#3409,#3410,#3411,
#3412,#3413,#3414,#3415,#3416,#3417),.UNSPECIFIED.,.F.,.F.,(4,2,2,2,2,4),
(-17.9338123365007,-12.4106987671396,-10.0662287389779,-7.83057682227606,
-5.04908586053006,0.),.UNSPECIFIED.);
#72=B_SPLINE_CURVE_WITH_KNOTS('',3,(#3444,#3445,#3446,#3447,#3448,#3449,
#3450,#3451,#3452,#3453,#3454,#3455),.UNSPECIFIED.,.F.,.F.,(4,2,2,2,2,4),
(-17.9338123365153,-12.4106987671439,-10.0662287389796,-7.83057682227669,
-5.04908586053008,0.),.UNSPECIFIED.);
#73=B_SPLINE_CURVE_WITH_KNOTS('',3,(#3458,#3459,#3460,#3461,#3462,#3463,
#3464,#3465,#3466,#3467,#3468,#3469),.UNSPECIFIED.,.F.,.F.,(4,2,2,2,2,4),
(-17.9338123365153,-12.4106987671439,-10.0662287389796,-7.83057682227669,
-5.04908586053008,0.),.UNSPECIFIED.);
#74=B_SPLINE_CURVE_WITH_KNOTS('',3,(#3495,#3496,#3497,#3498,#3499,#3500,
#3501,#3502,#3503,#3504,#3505,#3506),.UNSPECIFIED.,.F.,.F.,(4,2,2,2,2,4),
(-17.9338123365007,-12.4106987671396,-10.0662287389779,-7.83057682227606,
-5.04908586053006,0.),.UNSPECIFIED.);
#75=B_SPLINE_CURVE_WITH_KNOTS('',3,(#3509,#3510,#3511,#3512,#3513,#3514,
#3515,#3516,#3517,#3518,#3519,#3520),.UNSPECIFIED.,.F.,.F.,(4,2,2,2,2,4),
(-17.9338123365007,-12.4106987671396,-10.0662287389779,-7.83057682227606,
-5.04908586053006,0.),.UNSPECIFIED.);
#76=B_SPLINE_CURVE_WITH_KNOTS('',3,(#3545,#3546,#3547,#3548,#3549,#3550,
#3551,#3552,#3553,#3554,#3555,#3556),.UNSPECIFIED.,.F.,.F.,(4,2,2,2,2,4),
(-17.9338123365135,-12.4106987671437,-10.0662287389796,-7.83057682227672,
-5.04908586053008,0.),.UNSPECIFIED.);
#77=B_SPLINE_CURVE_WITH_KNOTS('',3,(#3557,#3558,#3559,#3560,#3561,#3562,
#3563,#3564,#3565,#3566,#3567,#3568),.UNSPECIFIED.,.F.,.F.,(4,2,2,2,2,4),
(-17.9338123365135,-12.4106987671437,-10.0662287389796,-7.83057682227672,
-5.04908586053008,0.),.UNSPECIFIED.);
#78=B_SPLINE_CURVE_WITH_KNOTS('',3,(#3876,#3877,#3878,#3879,#3880,#3881,
#3882,#3883,#3884,#3885,#3886,#3887,#3888,#3889,#3890,#3891,#3892,#3893,
#3894,#3895),.UNSPECIFIED.,.F.,.F.,(4,1,1,1,1,1,1,1,1,1,1,1,1,1,1,1,1,4),
(-8.90998345131735,-7.63712867255773,-7.00070128317792,-6.68248758848801,
-6.36427389379811,-5.7278465044183,-5.09141911503848,-4.66713418878528,
-4.45499172565867,-4.24284926253207,-3.81856433627886,-3.60642187315226,
-3.39427941002566,-3.18213694689905,-2.96999448377245,-2.54570955751924,
-1.27285477875962,0.),.UNSPECIFIED.);
#79=B_SPLINE_CURVE_WITH_KNOTS('',3,(#3905,#3906,#3907,#3908,#3909,#3910,
#3911,#3912,#3913,#3914,#3915,#3916,#3917,#3918,#3919,#3920,#3921,#3922,
#3923,#3924),.UNSPECIFIED.,.F.,.F.,(4,1,1,1,1,1,1,1,1,1,1,1,1,1,1,1,1,4),
(-8.90998345131735,-7.63712867255773,-7.00070128317792,-6.68248758848801,
-6.36427389379811,-5.7278465044183,-5.09141911503848,-4.66713418878528,
-4.45499172565867,-4.24284926253207,-3.81856433627886,-3.60642187315226,
-3.39427941002566,-3.18213694689905,-2.96999448377245,-2.54570955751924,
-1.27285477875962,0.),.UNSPECIFIED.);
#80=B_SPLINE_CURVE_WITH_KNOTS('',3,(#4059,#4060,#4061,#4062,#4063,#4064,
#4065,#4066,#4067,#4068,#4069,#4070,#4071,#4072,#4073,#4074,#4075,#4076,
#4077,#4078),.UNSPECIFIED.,.F.,.F.,(4,1,1,1,1,1,1,1,1,1,1,1,1,1,1,1,1,4),
(0.,1.27285477875962,2.54570955751924,2.96999448377245,3.18213694689905,
3.39427941002566,3.60642187315226,3.81856433627886,4.24284926253207,4.45499172565867,
4.66713418878528,5.09141911503848,5.7278465044183,6.36427389379811,6.68248758848801,
7.00070128317792,7.63712867255773,8.90998345131735),.UNSPECIFIED.);
#81=B_SPLINE_CURVE_WITH_KNOTS('',3,(#4202,#4203,#4204,#4205,#4206,#4207,
#4208,#4209,#4210,#4211,#4212,#4213,#4214,#4215,#4216,#4217,#4218,#4219,
#4220,#4221),.UNSPECIFIED.,.F.,.F.,(4,1,1,1,1,1,1,1,1,1,1,1,1,1,1,1,1,4),
(-8.90998345131735,-7.63712867255773,-7.00070128317792,-6.68248758848801,
-6.36427389379811,-5.7278465044183,-5.09141911503848,-4.66713418878528,
-4.45499172565867,-4.24284926253207,-3.81856433627886,-3.60642187315226,
-3.39427941002566,-3.18213694689905,-2.96999448377245,-2.54570955751924,
-1.27285477875962,0.),.UNSPECIFIED.);
#82=B_SPLINE_CURVE_WITH_KNOTS('',3,(#4222,#4223,#4224,#4225,#4226,#4227,
#4228,#4229,#4230,#4231,#4232,#4233,#4234,#4235,#4236,#4237,#4238,#4239,
#4240,#4241),.UNSPECIFIED.,.F.,.F.,(4,1,1,1,1,1,1,1,1,1,1,1,1,1,1,1,1,4),
(0.,1.27285477875962,2.54570955751924,2.96999448377245,3.18213694689905,
3.39427941002566,3.60642187315226,3.81856433627886,4.24284926253207,4.45499172565867,
4.66713418878528,5.09141911503848,5.7278465044183,6.36427389379811,6.68248758848801,
7.00070128317792,7.63712867255773,8.90998345131735),.UNSPECIFIED.);
#83=B_SPLINE_CURVE_WITH_KNOTS('',3,(#4358,#4359,#4360,#4361,#4362,#4363,
#4364,#4365,#4366,#4367,#4368,#4369,#4370,#4371,#4372,#4373,#4374,#4375,
#4376),.UNSPECIFIED.,.F.,.F.,(4,1,1,1,1,1,1,1,1,1,1,1,1,1,1,1,4),(-8.90998345131735,
-7.63712867255773,-6.36427389379811,-5.9399889675449,-5.51570404129169,
-5.30356157816509,-5.09141911503849,-4.66713418878528,-4.45499172565867,
-4.24284926253207,-3.81856433627886,-3.18213694689905,-2.54570955751924,
-2.22749586282934,-1.90928216813943,-1.27285477875962,0.),.UNSPECIFIED.);
#84=B_SPLINE_CURVE_WITH_KNOTS('',3,(#4377,#4378,#4379,#4380,#4381,#4382,
#4383,#4384,#4385,#4386,#4387,#4388,#4389,#4390,#4391,#4392,#4393,#4394,
#4395),.UNSPECIFIED.,.F.,.F.,(4,1,1,1,1,1,1,1,1,1,1,1,1,1,1,1,4),(0.,1.27285477875962,
1.90928216813943,2.22749586282934,2.54570955751924,3.18213694689905,3.81856433627886,
4.24284926253207,4.45499172565867,4.66713418878528,5.09141911503849,5.30356157816509,
5.51570404129169,5.9399889675449,6.36427389379811,7.63712867255773,8.90998345131735),
 .UNSPECIFIED.);
#85=B_SPLINE_CURVE_WITH_KNOTS('',3,(#4516,#4517,#4518,#4519,#4520,#4521,
#4522,#4523,#4524,#4525,#4526,#4527,#4528,#4529,#4530,#4531,#4532,#4533,
#4534,#4535),.UNSPECIFIED.,.F.,.F.,(4,1,1,1,1,1,1,1,1,1,1,1,1,1,1,1,1,4),
(0.,1.27285477875962,2.54570955751924,2.96999448377245,3.18213694689905,
3.39427941002566,3.60642187315226,3.81856433627886,4.24284926253207,4.45499172565867,
4.66713418878528,5.09141911503848,5.7278465044183,6.36427389379811,6.68248758848801,
7.00070128317792,7.63712867255773,8.90998345131735),.UNSPECIFIED.);
#86=B_SPLINE_SURFACE_WITH_KNOTS('',3,1,((#3365,#3366),(#3367,#3368),(#3369,
#3370),(#3371,#3372),(#3373,#3374),(#3375,#3376),(#3377,#3378),(#3379,#3380),
(#3381,#3382),(#3383,#3384),(#3385,#3386),(#3387,#3388)),.UNSPECIFIED.,
 .F.,.F.,.F.,(4,2,2,2,2,4),(2,2),(-17.9338123365007,-12.4106987671396,-10.0662287389779,
-7.83057682227606,-5.04908586053006,0.),(-2.90018035062786,0.5),
 .UNSPECIFIED.);
#87=B_SPLINE_SURFACE_WITH_KNOTS('',3,1,((#3419,#3420),(#3421,#3422),(#3423,
#3424),(#3425,#3426),(#3427,#3428),(#3429,#3430),(#3431,#3432),(#3433,#3434),
(#3435,#3436),(#3437,#3438),(#3439,#3440),(#3441,#3442)),.UNSPECIFIED.,
 .F.,.F.,.F.,(4,2,2,2,2,4),(2,2),(-17.9338123365153,-12.4106987671439,-10.0662287389796,
-7.83057682227669,-5.04908586053008,0.),(-2.90018035062786,0.5),
 .UNSPECIFIED.);
#88=B_SPLINE_SURFACE_WITH_KNOTS('',3,1,((#3470,#3471),(#3472,#3473),(#3474,
#3475),(#3476,#3477),(#3478,#3479),(#3480,#3481),(#3482,#3483),(#3484,#3485),
(#3486,#3487),(#3488,#3489),(#3490,#3491),(#3492,#3493)),.UNSPECIFIED.,
 .F.,.F.,.F.,(4,2,2,2,2,4),(2,2),(-17.9338123365007,-12.4106987671396,-10.0662287389779,
-7.83057682227606,-5.04908586053006,0.),(-2.90018035062786,0.500000000000002),
 .UNSPECIFIED.);
#89=B_SPLINE_SURFACE_WITH_KNOTS('',3,1,((#3521,#3522),(#3523,#3524),(#3525,
#3526),(#3527,#3528),(#3529,#3530),(#3531,#3532),(#3533,#3534),(#3535,#3536),
(#3537,#3538),(#3539,#3540),(#3541,#3542),(#3543,#3544)),.UNSPECIFIED.,
 .F.,.F.,.F.,(4,2,2,2,2,4),(2,2),(-17.9338123365135,-12.4106987671437,-10.0662287389796,
-7.83057682227672,-5.04908586053008,0.),(-2.90018035062786,0.500000000000002),
 .UNSPECIFIED.);
#90=B_SPLINE_SURFACE_WITH_KNOTS('',3,3,((#3935,#3936,#3937,#3938,#3939,
#3940,#3941,#3942,#3943,#3944,#3945,#3946,#3947,#3948,#3949,#3950,#3951,
#3952,#3953,#3954),(#3955,#3956,#3957,#3958,#3959,#3960,#3961,#3962,#3963,
#3964,#3965,#3966,#3967,#3968,#3969,#3970,#3971,#3972,#3973,#3974),(#3975,
#3976,#3977,#3978,#3979,#3980,#3981,#3982,#3983,#3984,#3985,#3986,#3987,
#3988,#3989,#3990,#3991,#3992,#3993,#3994),(#3995,#3996,#3997,#3998,#3999,
#4000,#4001,#4002,#4003,#4004,#4005,#4006,#4007,#4008,#4009,#4010,#4011,
#4012,#4013,#4014),(#4015,#4016,#4017,#4018,#4019,#4020,#4021,#4022,#4023,
#4024,#4025,#4026,#4027,#4028,#4029,#4030,#4031,#4032,#4033,#4034),(#4035,
#4036,#4037,#4038,#4039,#4040,#4041,#4042,#4043,#4044,#4045,#4046,#4047,
#4048,#4049,#4050,#4051,#4052,#4053,#4054)),.UNSPECIFIED.,.F.,.F.,.F.,(4,
1,1,4),(4,1,1,1,1,1,1,1,1,1,1,1,1,1,1,1,1,4),(0.,0.285714285714286,0.571428571428571,
1.),(0.,1.27285477875962,2.54570955751924,2.96999448377245,3.18213694689905,
3.39427941002566,3.60642187315226,3.81856433627886,4.24284926253207,4.45499172565867,
4.66713418878528,5.09141911503848,5.7278465044183,6.36427389379811,6.68248758848801,
7.00070128317792,7.63712867255773,8.90998345131735),.UNSPECIFIED.);
#91=B_SPLINE_SURFACE_WITH_KNOTS('',3,3,((#4079,#4080,#4081,#4082,#4083,
#4084,#4085,#4086,#4087,#4088,#4089,#4090,#4091,#4092,#4093,#4094,#4095,
#4096,#4097,#4098),(#4099,#4100,#4101,#4102,#4103,#4104,#4105,#4106,#4107,
#4108,#4109,#4110,#4111,#4112,#4113,#4114,#4115,#4116,#4117,#4118),(#4119,
#4120,#4121,#4122,#4123,#4124,#4125,#4126,#4127,#4128,#4129,#4130,#4131,
#4132,#4133,#4134,#4135,#4136,#4137,#4138),(#4139,#4140,#4141,#4142,#4143,
#4144,#4145,#4146,#4147,#4148,#4149,#4150,#4151,#4152,#4153,#4154,#4155,
#4156,#4157,#4158),(#4159,#4160,#4161,#4162,#4163,#4164,#4165,#4166,#4167,
#4168,#4169,#4170,#4171,#4172,#4173,#4174,#4175,#4176,#4177,#4178),(#4179,
#4180,#4181,#4182,#4183,#4184,#4185,#4186,#4187,#4188,#4189,#4190,#4191,
#4192,#4193,#4194,#4195,#4196,#4197,#4198)),.UNSPECIFIED.,.F.,.F.,.F.,(4,
1,1,4),(4,1,1,1,1,1,1,1,1,1,1,1,1,1,1,1,1,4),(0.,0.285714285714286,0.571428571428571,
1.),(0.,1.27285477875962,2.54570955751924,2.96999448377245,3.18213694689905,
3.39427941002566,3.60642187315226,3.81856433627886,4.24284926253207,4.45499172565867,
4.66713418878528,5.09141911503848,5.7278465044183,6.36427389379811,6.68248758848801,
7.00070128317792,7.63712867255773,8.90998345131735),.UNSPECIFIED.);
#92=B_SPLINE_SURFACE_WITH_KNOTS('',3,3,((#4242,#4243,#4244,#4245,#4246,
#4247,#4248,#4249,#4250,#4251,#4252,#4253,#4254,#4255,#4256,#4257,#4258,
#4259,#4260),(#4261,#4262,#4263,#4264,#4265,#4266,#4267,#4268,#4269,#4270,
#4271,#4272,#4273,#4274,#4275,#4276,#4277,#4278,#4279),(#4280,#4281,#4282,
#4283,#4284,#4285,#4286,#4287,#4288,#4289,#4290,#4291,#4292,#4293,#4294,
#4295,#4296,#4297,#4298),(#4299,#4300,#4301,#4302,#4303,#4304,#4305,#4306,
#4307,#4308,#4309,#4310,#4311,#4312,#4313,#4314,#4315,#4316,#4317),(#4318,
#4319,#4320,#4321,#4322,#4323,#4324,#4325,#4326,#4327,#4328,#4329,#4330,
#4331,#4332,#4333,#4334,#4335,#4336),(#4337,#4338,#4339,#4340,#4341,#4342,
#4343,#4344,#4345,#4346,#4347,#4348,#4349,#4350,#4351,#4352,#4353,#4354,
#4355)),.UNSPECIFIED.,.F.,.F.,.F.,(4,1,1,4),(4,1,1,1,1,1,1,1,1,1,1,1,1,
1,1,1,4),(0.,0.285714285714286,0.571428571428571,1.),(0.,1.27285477875962,
1.90928216813943,2.22749586282934,2.54570955751924,3.18213694689905,3.81856433627886,
4.24284926253207,4.45499172565867,4.66713418878528,5.09141911503849,5.30356157816509,
5.51570404129169,5.9399889675449,6.36427389379811,7.63712867255773,8.90998345131735),
 .UNSPECIFIED.);
#93=B_SPLINE_SURFACE_WITH_KNOTS('',3,3,((#4396,#4397,#4398,#4399,#4400,
#4401,#4402,#4403,#4404,#4405,#4406,#4407,#4408,#4409,#4410,#4411,#4412,
#4413,#4414,#4415),(#4416,#4417,#4418,#4419,#4420,#4421,#4422,#4423,#4424,
#4425,#4426,#4427,#4428,#4429,#4430,#4431,#4432,#4433,#4434,#4435),(#4436,
#4437,#4438,#4439,#4440,#4441,#4442,#4443,#4444,#4445,#4446,#4447,#4448,
#4449,#4450,#4451,#4452,#4453,#4454,#4455),(#4456,#4457,#4458,#4459,#4460,
#4461,#4462,#4463,#4464,#4465,#4466,#4467,#4468,#4469,#4470,#4471,#4472,
#4473,#4474,#4475),(#4476,#4477,#4478,#4479,#4480,#4481,#4482,#4483,#4484,
#4485,#4486,#4487,#4488,#4489,#4490,#4491,#4492,#4493,#4494,#4495),(#4496,
#4497,#4498,#4499,#4500,#4501,#4502,#4503,#4504,#4505,#4506,#4507,#4508,
#4509,#4510,#4511,#4512,#4513,#4514,#4515)),.UNSPECIFIED.,.F.,.F.,.F.,(4,
1,1,4),(4,1,1,1,1,1,1,1,1,1,1,1,1,1,1,1,1,4),(0.,0.285714285714286,0.571428571428571,
1.),(0.,1.27285477875962,2.54570955751924,2.96999448377245,3.18213694689905,
3.39427941002566,3.60642187315226,3.81856433627886,4.24284926253207,4.45499172565867,
4.66713418878528,5.09141911503848,5.7278465044183,6.36427389379811,6.68248758848801,
7.00070128317792,7.63712867255773,8.90998345131735),.UNSPECIFIED.);
#94=CYLINDRICAL_SURFACE('',#2375,1.4);
#95=CYLINDRICAL_SURFACE('',#2381,3.84000001490116);
#96=CYLINDRICAL_SURFACE('',#2386,3.84000001490116);
#97=CYLINDRICAL_SURFACE('',#2415,1.6);
#98=CYLINDRICAL_SURFACE('',#2424,1.6);
#99=CYLINDRICAL_SURFACE('',#2433,1.6);
#100=CYLINDRICAL_SURFACE('',#2442,1.6);
#101=CYLINDRICAL_SURFACE('',#2448,1.6);
#102=CYLINDRICAL_SURFACE('',#2451,1.6);
#103=CYLINDRICAL_SURFACE('',#2454,1.6);
#104=CYLINDRICAL_SURFACE('',#2457,1.6);
#105=CYLINDRICAL_SURFACE('',#2493,3.25);
#106=CYLINDRICAL_SURFACE('',#2496,3.25);
#107=CYLINDRICAL_SURFACE('',#2499,3.25);
#108=CYLINDRICAL_SURFACE('',#2502,3.25);
#109=CYLINDRICAL_SURFACE('',#2506,4.4);
#110=CYLINDRICAL_SURFACE('',#2512,4.4);
#111=CYLINDRICAL_SURFACE('',#2517,1.4);
#112=CYLINDRICAL_SURFACE('',#2521,1.4);
#113=CYLINDRICAL_SURFACE('',#2525,1.4);
#114=CYLINDRICAL_SURFACE('',#2529,1.4);
#115=CYLINDRICAL_SURFACE('',#2534,1.67);
#116=CYLINDRICAL_SURFACE('',#2537,1.66999999999999);
#117=CYLINDRICAL_SURFACE('',#2541,3.05440000000001);
#118=CYLINDRICAL_SURFACE('',#2545,1.67);
#119=CYLINDRICAL_SURFACE('',#2549,1.67);
#120=CYLINDRICAL_SURFACE('',#2553,3.0544);
#121=CYLINDRICAL_SURFACE('',#2557,1.67);
#122=CYLINDRICAL_SURFACE('',#2560,3.0544);
#123=CYLINDRICAL_SURFACE('',#2564,1.67);
#124=CYLINDRICAL_SURFACE('',#2568,1.67000000000001);
#125=CYLINDRICAL_SURFACE('',#2572,3.0544);
#126=CYLINDRICAL_SURFACE('',#2576,1.67);
#127=CYLINDRICAL_SURFACE('',#2587,2.94);
#128=CYLINDRICAL_SURFACE('',#2589,2.94);
#129=CYLINDRICAL_SURFACE('',#2590,2.94);
#130=CYLINDRICAL_SURFACE('',#2592,2.94000000000001);
#131=CYLINDRICAL_SURFACE('',#2595,1.4);
#132=CYLINDRICAL_SURFACE('',#2596,3.25);
#133=CYLINDRICAL_SURFACE('',#2597,3.25);
#134=CYLINDRICAL_SURFACE('',#2598,3.25);
#135=CYLINDRICAL_SURFACE('',#2599,3.25);
#136=FACE_OUTER_BOUND('',#271,.T.);
#137=FACE_OUTER_BOUND('',#272,.T.);
#138=FACE_OUTER_BOUND('',#273,.T.);
#139=FACE_OUTER_BOUND('',#274,.T.);
#140=FACE_OUTER_BOUND('',#275,.T.);
#141=FACE_OUTER_BOUND('',#276,.T.);
#142=FACE_OUTER_BOUND('',#277,.T.);
#143=FACE_OUTER_BOUND('',#278,.T.);
#144=FACE_OUTER_BOUND('',#279,.T.);
#145=FACE_OUTER_BOUND('',#280,.T.);
#146=FACE_OUTER_BOUND('',#281,.T.);
#147=FACE_OUTER_BOUND('',#282,.T.);
#148=FACE_OUTER_BOUND('',#283,.T.);
#149=FACE_OUTER_BOUND('',#284,.T.);
#150=FACE_OUTER_BOUND('',#285,.T.);
#151=FACE_OUTER_BOUND('',#286,.T.);
#152=FACE_OUTER_BOUND('',#287,.T.);
#153=FACE_OUTER_BOUND('',#288,.T.);
#154=FACE_OUTER_BOUND('',#289,.T.);
#155=FACE_OUTER_BOUND('',#290,.T.);
#156=FACE_OUTER_BOUND('',#291,.T.);
#157=FACE_OUTER_BOUND('',#292,.T.);
#158=FACE_OUTER_BOUND('',#293,.T.);
#159=FACE_OUTER_BOUND('',#294,.T.);
#160=FACE_OUTER_BOUND('',#295,.T.);
#161=FACE_OUTER_BOUND('',#296,.T.);
#162=FACE_OUTER_BOUND('',#297,.T.);
#163=FACE_OUTER_BOUND('',#298,.T.);
#164=FACE_OUTER_BOUND('',#299,.T.);
#165=FACE_OUTER_BOUND('',#300,.T.);
#166=FACE_OUTER_BOUND('',#301,.T.);
#167=FACE_OUTER_BOUND('',#302,.T.);
#168=FACE_OUTER_BOUND('',#303,.T.);
#169=FACE_OUTER_BOUND('',#304,.T.);
#170=FACE_OUTER_BOUND('',#305,.T.);
#171=FACE_OUTER_BOUND('',#306,.T.);
#172=FACE_OUTER_BOUND('',#307,.T.);
#173=FACE_OUTER_BOUND('',#308,.T.);
#174=FACE_OUTER_BOUND('',#309,.T.);
#175=FACE_OUTER_BOUND('',#310,.T.);
#176=FACE_OUTER_BOUND('',#311,.T.);
#177=FACE_OUTER_BOUND('',#312,.T.);
#178=FACE_OUTER_BOUND('',#313,.T.);
#179=FACE_OUTER_BOUND('',#314,.T.);
#180=FACE_OUTER_BOUND('',#315,.T.);
#181=FACE_OUTER_BOUND('',#316,.T.);
#182=FACE_OUTER_BOUND('',#317,.T.);
#183=FACE_OUTER_BOUND('',#318,.T.);
#184=FACE_OUTER_BOUND('',#319,.T.);
#185=FACE_OUTER_BOUND('',#320,.T.);
#186=FACE_OUTER_BOUND('',#321,.T.);
#187=FACE_OUTER_BOUND('',#322,.T.);
#188=FACE_OUTER_BOUND('',#324,.T.);
#189=FACE_OUTER_BOUND('',#326,.T.);
#190=FACE_OUTER_BOUND('',#328,.T.);
#191=FACE_OUTER_BOUND('',#330,.T.);
#192=FACE_OUTER_BOUND('',#343,.T.);
#193=FACE_OUTER_BOUND('',#344,.T.);
#194=FACE_OUTER_BOUND('',#345,.T.);
#195=FACE_OUTER_BOUND('',#346,.T.);
#196=FACE_OUTER_BOUND('',#347,.T.);
#197=FACE_OUTER_BOUND('',#348,.T.);
#198=FACE_OUTER_BOUND('',#349,.T.);
#199=FACE_OUTER_BOUND('',#350,.T.);
#200=FACE_OUTER_BOUND('',#360,.T.);
#201=FACE_OUTER_BOUND('',#361,.T.);
#202=FACE_OUTER_BOUND('',#362,.T.);
#203=FACE_OUTER_BOUND('',#363,.T.);
#204=FACE_OUTER_BOUND('',#364,.T.);
#205=FACE_OUTER_BOUND('',#365,.T.);
#206=FACE_OUTER_BOUND('',#366,.T.);
#207=FACE_OUTER_BOUND('',#367,.T.);
#208=FACE_OUTER_BOUND('',#368,.T.);
#209=FACE_OUTER_BOUND('',#369,.T.);
#210=FACE_OUTER_BOUND('',#370,.T.);
#211=FACE_OUTER_BOUND('',#371,.T.);
#212=FACE_OUTER_BOUND('',#372,.T.);
#213=FACE_OUTER_BOUND('',#373,.T.);
#214=FACE_OUTER_BOUND('',#374,.T.);
#215=FACE_OUTER_BOUND('',#376,.T.);
#216=FACE_OUTER_BOUND('',#377,.T.);
#217=FACE_OUTER_BOUND('',#378,.T.);
#218=FACE_OUTER_BOUND('',#379,.T.);
#219=FACE_OUTER_BOUND('',#381,.T.);
#220=FACE_OUTER_BOUND('',#382,.T.);
#221=FACE_OUTER_BOUND('',#383,.T.);
#222=FACE_OUTER_BOUND('',#384,.T.);
#223=FACE_OUTER_BOUND('',#385,.T.);
#224=FACE_OUTER_BOUND('',#386,.T.);
#225=FACE_OUTER_BOUND('',#387,.T.);
#226=FACE_OUTER_BOUND('',#388,.T.);
#227=FACE_OUTER_BOUND('',#389,.T.);
#228=FACE_OUTER_BOUND('',#390,.T.);
#229=FACE_OUTER_BOUND('',#391,.T.);
#230=FACE_OUTER_BOUND('',#392,.T.);
#231=FACE_OUTER_BOUND('',#393,.T.);
#232=FACE_OUTER_BOUND('',#394,.T.);
#233=FACE_OUTER_BOUND('',#395,.T.);
#234=FACE_OUTER_BOUND('',#396,.T.);
#235=FACE_OUTER_BOUND('',#397,.T.);
#236=FACE_OUTER_BOUND('',#398,.T.);
#237=FACE_OUTER_BOUND('',#399,.T.);
#238=FACE_OUTER_BOUND('',#400,.T.);
#239=FACE_OUTER_BOUND('',#401,.T.);
#240=FACE_OUTER_BOUND('',#402,.T.);
#241=FACE_OUTER_BOUND('',#403,.T.);
#242=FACE_OUTER_BOUND('',#404,.T.);
#243=FACE_OUTER_BOUND('',#405,.T.);
#244=FACE_OUTER_BOUND('',#406,.T.);
#245=FACE_OUTER_BOUND('',#407,.T.);
#246=FACE_OUTER_BOUND('',#408,.T.);
#247=FACE_OUTER_BOUND('',#409,.T.);
#248=FACE_OUTER_BOUND('',#410,.T.);
#249=FACE_OUTER_BOUND('',#411,.T.);
#250=FACE_OUTER_BOUND('',#412,.T.);
#251=FACE_OUTER_BOUND('',#413,.T.);
#252=FACE_OUTER_BOUND('',#416,.T.);
#253=FACE_OUTER_BOUND('',#418,.T.);
#254=FACE_OUTER_BOUND('',#419,.T.);
#255=FACE_OUTER_BOUND('',#420,.T.);
#256=FACE_OUTER_BOUND('',#421,.T.);
#257=FACE_OUTER_BOUND('',#422,.T.);
#258=FACE_OUTER_BOUND('',#423,.T.);
#259=FACE_OUTER_BOUND('',#424,.T.);
#260=FACE_OUTER_BOUND('',#425,.T.);
#261=FACE_OUTER_BOUND('',#427,.T.);
#262=FACE_OUTER_BOUND('',#428,.T.);
#263=FACE_OUTER_BOUND('',#429,.T.);
#264=FACE_OUTER_BOUND('',#430,.T.);
#265=FACE_OUTER_BOUND('',#431,.T.);
#266=FACE_OUTER_BOUND('',#432,.T.);
#267=FACE_OUTER_BOUND('',#433,.T.);
#268=FACE_OUTER_BOUND('',#434,.T.);
#269=FACE_OUTER_BOUND('',#435,.T.);
#270=FACE_OUTER_BOUND('',#436,.T.);
#271=EDGE_LOOP('',(#1489,#1490,#1491,#1492,#1493,#1494,#1495,#1496,#1497));
#272=EDGE_LOOP('',(#1498,#1499,#1500,#1501,#1502,#1503));
#273=EDGE_LOOP('',(#1504,#1505,#1506,#1507,#1508,#1509));
#274=EDGE_LOOP('',(#1510,#1511,#1512,#1513));
#275=EDGE_LOOP('',(#1514,#1515,#1516,#1517));
#276=EDGE_LOOP('',(#1518,#1519,#1520,#1521));
#277=EDGE_LOOP('',(#1522,#1523,#1524,#1525,#1526,#1527,#1528,#1529));
#278=EDGE_LOOP('',(#1530,#1531,#1532,#1533));
#279=EDGE_LOOP('',(#1534,#1535,#1536,#1537));
#280=EDGE_LOOP('',(#1538,#1539,#1540,#1541));
#281=EDGE_LOOP('',(#1542,#1543,#1544,#1545));
#282=EDGE_LOOP('',(#1546,#1547,#1548,#1549));
#283=EDGE_LOOP('',(#1550,#1551,#1552,#1553));
#284=EDGE_LOOP('',(#1554,#1555,#1556,#1557,#1558));
#285=EDGE_LOOP('',(#1559,#1560,#1561,#1562,#1563,#1564,#1565,#1566,#1567,
#1568));
#286=EDGE_LOOP('',(#1569,#1570,#1571,#1572));
#287=EDGE_LOOP('',(#1573,#1574,#1575,#1576));
#288=EDGE_LOOP('',(#1577,#1578,#1579,#1580));
#289=EDGE_LOOP('',(#1581,#1582,#1583,#1584));
#290=EDGE_LOOP('',(#1585,#1586,#1587,#1588));
#291=EDGE_LOOP('',(#1589,#1590,#1591,#1592));
#292=EDGE_LOOP('',(#1593,#1594,#1595,#1596));
#293=EDGE_LOOP('',(#1597,#1598,#1599,#1600));
#294=EDGE_LOOP('',(#1601,#1602,#1603,#1604));
#295=EDGE_LOOP('',(#1605));
#296=EDGE_LOOP('',(#1606,#1607,#1608,#1609,#1610,#1611));
#297=EDGE_LOOP('',(#1612));
#298=EDGE_LOOP('',(#1613,#1614,#1615,#1616,#1617,#1618));
#299=EDGE_LOOP('',(#1619));
#300=EDGE_LOOP('',(#1620,#1621,#1622,#1623));
#301=EDGE_LOOP('',(#1624));
#302=EDGE_LOOP('',(#1625,#1626,#1627,#1628,#1629,#1630));
#303=EDGE_LOOP('',(#1631,#1632,#1633,#1634,#1635));
#304=EDGE_LOOP('',(#1636,#1637,#1638,#1639,#1640));
#305=EDGE_LOOP('',(#1641,#1642,#1643,#1644,#1645,#1646));
#306=EDGE_LOOP('',(#1647,#1648,#1649,#1650,#1651));
#307=EDGE_LOOP('',(#1652,#1653,#1654,#1655,#1656));
#308=EDGE_LOOP('',(#1657,#1658,#1659,#1660,#1661,#1662));
#309=EDGE_LOOP('',(#1663,#1664,#1665,#1666,#1667));
#310=EDGE_LOOP('',(#1668,#1669,#1670,#1671,#1672));
#311=EDGE_LOOP('',(#1673,#1674,#1675,#1676,#1677,#1678));
#312=EDGE_LOOP('',(#1679,#1680,#1681,#1682,#1683));
#313=EDGE_LOOP('',(#1684,#1685,#1686,#1687,#1688));
#314=EDGE_LOOP('',(#1689));
#315=EDGE_LOOP('',(#1690));
#316=EDGE_LOOP('',(#1691));
#317=EDGE_LOOP('',(#1692));
#318=EDGE_LOOP('',(#1693,#1694,#1695,#1696));
#319=EDGE_LOOP('',(#1697,#1698,#1699,#1700));
#320=EDGE_LOOP('',(#1701,#1702,#1703,#1704));
#321=EDGE_LOOP('',(#1705,#1706,#1707,#1708));
#322=EDGE_LOOP('',(#1709));
#323=EDGE_LOOP('',(#1710));
#324=EDGE_LOOP('',(#1711));
#325=EDGE_LOOP('',(#1712));
#326=EDGE_LOOP('',(#1713));
#327=EDGE_LOOP('',(#1714));
#328=EDGE_LOOP('',(#1715));
#329=EDGE_LOOP('',(#1716));
#330=EDGE_LOOP('',(#1717,#1718,#1719,#1720));
#331=EDGE_LOOP('',(#1721));
#332=EDGE_LOOP('',(#1722,#1723,#1724,#1725,#1726,#1727,#1728,#1729,#1730,
#1731,#1732,#1733,#1734,#1735,#1736,#1737,#1738));
#333=EDGE_LOOP('',(#1739));
#334=EDGE_LOOP('',(#1740));
#335=EDGE_LOOP('',(#1741));
#336=EDGE_LOOP('',(#1742));
#337=EDGE_LOOP('',(#1743));
#338=EDGE_LOOP('',(#1744));
#339=EDGE_LOOP('',(#1745));
#340=EDGE_LOOP('',(#1746));
#341=EDGE_LOOP('',(#1747));
#342=EDGE_LOOP('',(#1748));
#343=EDGE_LOOP('',(#1749,#1750,#1751,#1752));
#344=EDGE_LOOP('',(#1753,#1754,#1755,#1756));
#345=EDGE_LOOP('',(#1757,#1758,#1759,#1760,#1761,#1762,#1763,#1764));
#346=EDGE_LOOP('',(#1765,#1766,#1767,#1768));
#347=EDGE_LOOP('',(#1769,#1770,#1771,#1772));
#348=EDGE_LOOP('',(#1773,#1774,#1775,#1776));
#349=EDGE_LOOP('',(#1777,#1778,#1779,#1780));
#350=EDGE_LOOP('',(#1781,#1782,#1783,#1784));
#351=EDGE_LOOP('',(#1785,#1786,#1787,#1788,#1789,#1790,#1791,#1792,#1793,
#1794,#1795,#1796,#1797,#1798,#1799,#1800));
#352=EDGE_LOOP('',(#1801));
#353=EDGE_LOOP('',(#1802));
#354=EDGE_LOOP('',(#1803));
#355=EDGE_LOOP('',(#1804));
#356=EDGE_LOOP('',(#1805));
#357=EDGE_LOOP('',(#1806));
#358=EDGE_LOOP('',(#1807));
#359=EDGE_LOOP('',(#1808));
#360=EDGE_LOOP('',(#1809,#1810,#1811,#1812));
#361=EDGE_LOOP('',(#1813,#1814,#1815,#1816));
#362=EDGE_LOOP('',(#1817,#1818,#1819,#1820));
#363=EDGE_LOOP('',(#1821,#1822,#1823,#1824));
#364=EDGE_LOOP('',(#1825));
#365=EDGE_LOOP('',(#1826,#1827,#1828,#1829));
#366=EDGE_LOOP('',(#1830));
#367=EDGE_LOOP('',(#1831,#1832,#1833,#1834));
#368=EDGE_LOOP('',(#1835));
#369=EDGE_LOOP('',(#1836,#1837,#1838,#1839));
#370=EDGE_LOOP('',(#1840));
#371=EDGE_LOOP('',(#1841,#1842,#1843,#1844));
#372=EDGE_LOOP('',(#1845,#1846,#1847,#1848));
#373=EDGE_LOOP('',(#1849,#1850,#1851,#1852));
#374=EDGE_LOOP('',(#1853,#1854,#1855,#1856));
#375=EDGE_LOOP('',(#1857));
#376=EDGE_LOOP('',(#1858,#1859,#1860,#1861));
#377=EDGE_LOOP('',(#1862,#1863,#1864,#1865));
#378=EDGE_LOOP('',(#1866,#1867,#1868,#1869));
#379=EDGE_LOOP('',(#1870,#1871,#1872,#1873));
#380=EDGE_LOOP('',(#1874));
#381=EDGE_LOOP('',(#1875,#1876,#1877,#1878,#1879,#1880,#1881,#1882,#1883,
#1884,#1885,#1886));
#382=EDGE_LOOP('',(#1887,#1888,#1889,#1890));
#383=EDGE_LOOP('',(#1891));
#384=EDGE_LOOP('',(#1892,#1893,#1894,#1895));
#385=EDGE_LOOP('',(#1896));
#386=EDGE_LOOP('',(#1897,#1898,#1899,#1900));
#387=EDGE_LOOP('',(#1901));
#388=EDGE_LOOP('',(#1902,#1903,#1904,#1905));
#389=EDGE_LOOP('',(#1906));
#390=EDGE_LOOP('',(#1907,#1908,#1909,#1910));
#391=EDGE_LOOP('',(#1911,#1912,#1913,#1914));
#392=EDGE_LOOP('',(#1915,#1916,#1917,#1918));
#393=EDGE_LOOP('',(#1919,#1920,#1921,#1922));
#394=EDGE_LOOP('',(#1923,#1924,#1925,#1926));
#395=EDGE_LOOP('',(#1927,#1928,#1929,#1930));
#396=EDGE_LOOP('',(#1931,#1932,#1933,#1934));
#397=EDGE_LOOP('',(#1935,#1936,#1937,#1938));
#398=EDGE_LOOP('',(#1939,#1940,#1941,#1942));
#399=EDGE_LOOP('',(#1943,#1944,#1945,#1946));
#400=EDGE_LOOP('',(#1947,#1948,#1949,#1950));
#401=EDGE_LOOP('',(#1951,#1952,#1953,#1954));
#402=EDGE_LOOP('',(#1955,#1956,#1957,#1958));
#403=EDGE_LOOP('',(#1959,#1960,#1961,#1962));
#404=EDGE_LOOP('',(#1963,#1964,#1965,#1966));
#405=EDGE_LOOP('',(#1967,#1968,#1969,#1970));
#406=EDGE_LOOP('',(#1971,#1972,#1973,#1974));
#407=EDGE_LOOP('',(#1975,#1976,#1977,#1978));
#408=EDGE_LOOP('',(#1979,#1980,#1981,#1982));
#409=EDGE_LOOP('',(#1983,#1984,#1985,#1986));
#410=EDGE_LOOP('',(#1987,#1988,#1989,#1990));
#411=EDGE_LOOP('',(#1991,#1992,#1993,#1994));
#412=EDGE_LOOP('',(#1995,#1996,#1997,#1998,#1999,#2000,#2001,#2002,#2003,
#2004,#2005,#2006,#2007,#2008,#2009,#2010,#2011,#2012,#2013,#2014,#2015,
#2016,#2017,#2018,#2019,#2020,#2021,#2022));
#413=EDGE_LOOP('',(#2023,#2024,#2025,#2026,#2027,#2028,#2029,#2030,#2031,
#2032,#2033,#2034,#2035,#2036,#2037,#2038));
#414=EDGE_LOOP('',(#2039));
#415=EDGE_LOOP('',(#2040));
#416=EDGE_LOOP('',(#2041,#2042,#2043,#2044,#2045,#2046,#2047,#2048,#2049));
#417=EDGE_LOOP('',(#2050));
#418=EDGE_LOOP('',(#2051,#2052,#2053,#2054,#2055,#2056,#2057,#2058,#2059,
#2060,#2061,#2062));
#419=EDGE_LOOP('',(#2063,#2064,#2065,#2066,#2067,#2068,#2069,#2070,#2071,
#2072,#2073,#2074));
#420=EDGE_LOOP('',(#2075,#2076,#2077,#2078));
#421=EDGE_LOOP('',(#2079,#2080,#2081,#2082));
#422=EDGE_LOOP('',(#2083,#2084,#2085,#2086));
#423=EDGE_LOOP('',(#2087,#2088,#2089,#2090));
#424=EDGE_LOOP('',(#2091,#2092,#2093,#2094));
#425=EDGE_LOOP('',(#2095,#2096,#2097,#2098,#2099,#2100,#2101,#2102,#2103));
#426=EDGE_LOOP('',(#2104));
#427=EDGE_LOOP('',(#2105,#2106,#2107,#2108,#2109,#2110));
#428=EDGE_LOOP('',(#2111,#2112,#2113,#2114));
#429=EDGE_LOOP('',(#2115,#2116,#2117,#2118));
#430=EDGE_LOOP('',(#2119,#2120,#2121,#2122));
#431=EDGE_LOOP('',(#2123,#2124,#2125,#2126));
#432=EDGE_LOOP('',(#2127,#2128,#2129,#2130));
#433=EDGE_LOOP('',(#2131,#2132,#2133,#2134));
#434=EDGE_LOOP('',(#2135,#2136,#2137,#2138));
#435=EDGE_LOOP('',(#2139,#2140,#2141,#2142,#2143,#2144,#2145,#2146));
#436=EDGE_LOOP('',(#2147,#2148,#2149,#2150,#2151,#2152));
#437=LINE('',#3272,#629);
#438=LINE('',#3274,#630);
#439=LINE('',#3276,#631);
#440=LINE('',#3278,#632);
#441=LINE('',#3280,#633);
#442=LINE('',#3282,#634);
#443=LINE('',#3284,#635);
#444=LINE('',#3288,#636);
#445=LINE('',#3290,#637);
#446=LINE('',#3292,#638);
#447=LINE('',#3294,#639);
#448=LINE('',#3295,#640);
#449=LINE('',#3299,#641);
#450=LINE('',#3301,#642);
#451=LINE('',#3302,#643);
#452=LINE('',#3304,#644);
#453=LINE('',#3305,#645);
#454=LINE('',#3308,#646);
#455=LINE('',#3309,#647);
#456=LINE('',#3313,#648);
#457=LINE('',#3314,#649);
#458=LINE('',#3315,#650);
#459=LINE('',#3317,#651);
#460=LINE('',#3321,#652);
#461=LINE('',#3326,#653);
#462=LINE('',#3328,#654);
#463=LINE('',#3330,#655);
#464=LINE('',#3331,#656);
#465=LINE('',#3334,#657);
#466=LINE('',#3336,#658);
#467=LINE('',#3337,#659);
#468=LINE('',#3340,#660);
#469=LINE('',#3342,#661);
#470=LINE('',#3343,#662);
#471=LINE('',#3348,#663);
#472=LINE('',#3351,#664);
#473=LINE('',#3352,#665);
#474=LINE('',#3355,#666);
#475=LINE('',#3357,#667);
#476=LINE('',#3358,#668);
#477=LINE('',#3404,#669);
#478=LINE('',#3418,#670);
#479=LINE('',#3457,#671);
#480=LINE('',#3508,#672);
#481=LINE('',#3576,#673);
#482=LINE('',#3581,#674);
#483=LINE('',#3589,#675);
#484=LINE('',#3600,#676);
#485=LINE('',#3617,#677);
#486=LINE('',#3624,#678);
#487=LINE('',#3631,#679);
#488=LINE('',#3638,#680);
#489=LINE('',#3680,#681);
#490=LINE('',#3684,#682);
#491=LINE('',#3724,#683);
#492=LINE('',#3728,#684);
#493=LINE('',#3768,#685);
#494=LINE('',#3772,#686);
#495=LINE('',#3812,#687);
#496=LINE('',#3816,#688);
#497=LINE('',#3825,#689);
#498=LINE('',#3831,#690);
#499=LINE('',#3837,#691);
#500=LINE('',#3843,#692);
#501=LINE('',#3861,#693);
#502=LINE('',#3863,#694);
#503=LINE('',#3865,#695);
#504=LINE('',#3866,#696);
#505=LINE('',#3874,#697);
#506=LINE('',#3896,#698);
#507=LINE('',#3904,#699);
#508=LINE('',#3927,#700);
#509=LINE('',#3929,#701);
#510=LINE('',#3931,#702);
#511=LINE('',#3933,#703);
#512=LINE('',#3934,#704);
#513=LINE('',#4539,#705);
#514=LINE('',#4543,#706);
#515=LINE('',#4545,#707);
#516=LINE('',#4549,#708);
#517=LINE('',#4553,#709);
#518=LINE('',#4555,#710);
#519=LINE('',#4559,#711);
#520=LINE('',#4561,#712);
#521=LINE('',#4565,#713);
#522=LINE('',#4568,#714);
#523=LINE('',#4588,#715);
#524=LINE('',#4590,#716);
#525=LINE('',#4592,#717);
#526=LINE('',#4593,#718);
#527=LINE('',#4596,#719);
#528=LINE('',#4598,#720);
#529=LINE('',#4599,#721);
#530=LINE('',#4601,#722);
#531=LINE('',#4602,#723);
#532=LINE('',#4605,#724);
#533=LINE('',#4610,#725);
#534=LINE('',#4615,#726);
#535=LINE('',#4620,#727);
#536=LINE('',#4625,#728);
#537=LINE('',#4627,#729);
#538=LINE('',#4628,#730);
#539=LINE('',#4631,#731);
#540=LINE('',#4635,#732);
#541=LINE('',#4636,#733);
#542=LINE('',#4638,#734);
#543=LINE('',#4641,#735);
#544=LINE('',#4643,#736);
#545=LINE('',#4644,#737);
#546=LINE('',#4647,#738);
#547=LINE('',#4649,#739);
#548=LINE('',#4650,#740);
#549=LINE('',#4654,#741);
#550=LINE('',#4659,#742);
#551=LINE('',#4661,#743);
#552=LINE('',#4663,#744);
#553=LINE('',#4665,#745);
#554=LINE('',#4667,#746);
#555=LINE('',#4669,#747);
#556=LINE('',#4670,#748);
#557=LINE('',#4675,#749);
#558=LINE('',#4682,#750);
#559=LINE('',#4689,#751);
#560=LINE('',#4696,#752);
#561=LINE('',#4702,#753);
#562=LINE('',#4704,#754);
#563=LINE('',#4706,#755);
#564=LINE('',#4707,#756);
#565=LINE('',#4716,#757);
#566=LINE('',#4719,#758);
#567=LINE('',#4721,#759);
#568=LINE('',#4722,#760);
#569=LINE('',#4728,#761);
#570=LINE('',#4731,#762);
#571=LINE('',#4733,#763);
#572=LINE('',#4734,#764);
#573=LINE('',#4740,#765);
#574=LINE('',#4743,#766);
#575=LINE('',#4745,#767);
#576=LINE('',#4746,#768);
#577=LINE('',#4752,#769);
#578=LINE('',#4755,#770);
#579=LINE('',#4757,#771);
#580=LINE('',#4758,#772);
#581=LINE('',#4764,#773);
#582=LINE('',#4767,#774);
#583=LINE('',#4769,#775);
#584=LINE('',#4770,#776);
#585=LINE('',#4776,#777);
#586=LINE('',#4781,#778);
#587=LINE('',#4785,#779);
#588=LINE('',#4787,#780);
#589=LINE('',#4788,#781);
#590=LINE('',#4793,#782);
#591=LINE('',#4798,#783);
#592=LINE('',#4800,#784);
#593=LINE('',#4802,#785);
#594=LINE('',#4803,#786);
#595=LINE('',#4808,#787);
#596=LINE('',#4812,#788);
#597=LINE('',#4814,#789);
#598=LINE('',#4815,#790);
#599=LINE('',#4820,#791);
#600=LINE('',#4824,#792);
#601=LINE('',#4826,#793);
#602=LINE('',#4827,#794);
#603=LINE('',#4832,#795);
#604=LINE('',#4836,#796);
#605=LINE('',#4837,#797);
#606=LINE('',#4838,#798);
#607=LINE('',#4839,#799);
#608=LINE('',#4842,#800);
#609=LINE('',#4846,#801);
#610=LINE('',#4850,#802);
#611=LINE('',#4853,#803);
#612=LINE('',#4855,#804);
#613=LINE('',#4856,#805);
#614=LINE('',#4858,#806);
#615=LINE('',#4860,#807);
#616=LINE('',#4862,#808);
#617=LINE('',#4863,#809);
#618=LINE('',#4865,#810);
#619=LINE('',#4867,#811);
#620=LINE('',#4873,#812);
#621=LINE('',#4875,#813);
#622=LINE('',#4882,#814);
#623=LINE('',#4890,#815);
#624=LINE('',#4892,#816);
#625=LINE('',#4894,#817);
#626=LINE('',#4896,#818);
#627=LINE('',#4898,#819);
#628=LINE('',#4900,#820);
#629=VECTOR('',#2608,10.);
#630=VECTOR('',#2609,10.);
#631=VECTOR('',#2610,10.);
#632=VECTOR('',#2611,10.);
#633=VECTOR('',#2612,10.);
#634=VECTOR('',#2613,10.);
#635=VECTOR('',#2614,10.);
#636=VECTOR('',#2619,10.);
#637=VECTOR('',#2620,10.);
#638=VECTOR('',#2621,10.);
#639=VECTOR('',#2622,10.);
#640=VECTOR('',#2623,10.);
#641=VECTOR('',#2626,10.);
#642=VECTOR('',#2627,10.);
#643=VECTOR('',#2628,10.);
#644=VECTOR('',#2629,10.);
#645=VECTOR('',#2630,10.);
#646=VECTOR('',#2633,10.);
#647=VECTOR('',#2634,10.);
#648=VECTOR('',#2637,10.);
#649=VECTOR('',#2638,10.);
#650=VECTOR('',#2639,10.);
#651=VECTOR('',#2642,10.);
#652=VECTOR('',#2647,1.4);
#653=VECTOR('',#2652,10.);
#654=VECTOR('',#2653,10.);
#655=VECTOR('',#2654,10.);
#656=VECTOR('',#2655,10.);
#657=VECTOR('',#2658,10.);
#658=VECTOR('',#2659,10.);
#659=VECTOR('',#2660,10.);
#660=VECTOR('',#2663,10.);
#661=VECTOR('',#2664,10.);
#662=VECTOR('',#2665,10.);
#663=VECTOR('',#2670,10.);
#664=VECTOR('',#2675,10.);
#665=VECTOR('',#2676,10.);
#666=VECTOR('',#2679,10.);
#667=VECTOR('',#2680,10.);
#668=VECTOR('',#2681,10.);
#669=VECTOR('',#2692,10.);
#670=VECTOR('',#2693,10.);
#671=VECTOR('',#2694,10.);
#672=VECTOR('',#2695,10.);
#673=VECTOR('',#2696,10.);
#674=VECTOR('',#2697,10.);
#675=VECTOR('',#2698,10.);
#676=VECTOR('',#2699,10.);
#677=VECTOR('',#2704,3.09000001490116);
#678=VECTOR('',#2713,3.09000001490116);
#679=VECTOR('',#2724,3.09000001490116);
#680=VECTOR('',#2733,3.09000001490116);
#681=VECTOR('',#2752,1.1);
#682=VECTOR('',#2757,1.6);
#683=VECTOR('',#2772,1.1);
#684=VECTOR('',#2777,1.6);
#685=VECTOR('',#2792,1.1);
#686=VECTOR('',#2797,1.6);
#687=VECTOR('',#2812,1.1);
#688=VECTOR('',#2817,1.6);
#689=VECTOR('',#2830,1.6);
#690=VECTOR('',#2837,1.6);
#691=VECTOR('',#2844,1.6);
#692=VECTOR('',#2851,1.6);
#693=VECTOR('',#2874,10.);
#694=VECTOR('',#2875,10.);
#695=VECTOR('',#2876,10.);
#696=VECTOR('',#2877,10.);
#697=VECTOR('',#2878,10.);
#698=VECTOR('',#2879,10.);
#699=VECTOR('',#2880,10.);
#700=VECTOR('',#2883,10.);
#701=VECTOR('',#2884,10.);
#702=VECTOR('',#2885,10.);
#703=VECTOR('',#2886,10.);
#704=VECTOR('',#2887,10.);
#705=VECTOR('',#2898,10.);
#706=VECTOR('',#2901,9.99999999999999);
#707=VECTOR('',#2902,10.);
#708=VECTOR('',#2905,10.);
#709=VECTOR('',#2908,10.);
#710=VECTOR('',#2909,10.);
#711=VECTOR('',#2912,10.);
#712=VECTOR('',#2913,10.);
#713=VECTOR('',#2916,10.);
#714=VECTOR('',#2919,10.);
#715=VECTOR('',#2938,10.);
#716=VECTOR('',#2939,10.);
#717=VECTOR('',#2940,10.);
#718=VECTOR('',#2941,10.);
#719=VECTOR('',#2944,10.);
#720=VECTOR('',#2945,10.);
#721=VECTOR('',#2946,10.);
#722=VECTOR('',#2949,10.);
#723=VECTOR('',#2950,10.);
#724=VECTOR('',#2953,3.25);
#725=VECTOR('',#2960,3.25);
#726=VECTOR('',#2967,3.25);
#727=VECTOR('',#2974,3.25);
#728=VECTOR('',#2981,10.);
#729=VECTOR('',#2982,9.99999999999999);
#730=VECTOR('',#2983,10.);
#731=VECTOR('',#2986,10.);
#732=VECTOR('',#2991,10.);
#733=VECTOR('',#2992,10.);
#734=VECTOR('',#2995,10.);
#735=VECTOR('',#2998,10.);
#736=VECTOR('',#2999,10.);
#737=VECTOR('',#3000,10.);
#738=VECTOR('',#3003,10.);
#739=VECTOR('',#3004,10.);
#740=VECTOR('',#3005,10.);
#741=VECTOR('',#3012,10.);
#742=VECTOR('',#3017,10.);
#743=VECTOR('',#3018,10.);
#744=VECTOR('',#3019,10.);
#745=VECTOR('',#3020,10.);
#746=VECTOR('',#3021,10.);
#747=VECTOR('',#3022,10.);
#748=VECTOR('',#3023,10.);
#749=VECTOR('',#3028,1.4);
#750=VECTOR('',#3037,1.4);
#751=VECTOR('',#3046,1.4);
#752=VECTOR('',#3055,1.4);
#753=VECTOR('',#3062,10.);
#754=VECTOR('',#3063,10.);
#755=VECTOR('',#3064,10.);
#756=VECTOR('',#3065,10.);
#757=VECTOR('',#3078,10.);
#758=VECTOR('',#3081,10.);
#759=VECTOR('',#3082,10.);
#760=VECTOR('',#3083,10.);
#761=VECTOR('',#3090,10.);
#762=VECTOR('',#3093,10.);
#763=VECTOR('',#3094,10.);
#764=VECTOR('',#3095,10.);
#765=VECTOR('',#3102,10.);
#766=VECTOR('',#3105,10.);
#767=VECTOR('',#3106,10.);
#768=VECTOR('',#3107,10.);
#769=VECTOR('',#3114,10.);
#770=VECTOR('',#3117,10.);
#771=VECTOR('',#3118,10.);
#772=VECTOR('',#3119,10.);
#773=VECTOR('',#3126,10.);
#774=VECTOR('',#3129,10.);
#775=VECTOR('',#3130,10.);
#776=VECTOR('',#3131,10.);
#777=VECTOR('',#3138,10.);
#778=VECTOR('',#3143,10.);
#779=VECTOR('',#3148,10.);
#780=VECTOR('',#3149,10.);
#781=VECTOR('',#3150,10.);
#782=VECTOR('',#3155,10.);
#783=VECTOR('',#3160,10.);
#784=VECTOR('',#3161,10.);
#785=VECTOR('',#3162,10.);
#786=VECTOR('',#3163,10.);
#787=VECTOR('',#3168,10.);
#788=VECTOR('',#3173,10.);
#789=VECTOR('',#3174,10.);
#790=VECTOR('',#3175,10.);
#791=VECTOR('',#3180,10.);
#792=VECTOR('',#3185,10.);
#793=VECTOR('',#3186,10.);
#794=VECTOR('',#3187,10.);
#795=VECTOR('',#3192,10.);
#796=VECTOR('',#3197,10.);
#797=VECTOR('',#3198,10.);
#798=VECTOR('',#3199,10.);
#799=VECTOR('',#3200,10.);
#800=VECTOR('',#3203,10.);
#801=VECTOR('',#3206,10.);
#802=VECTOR('',#3211,10.);
#803=VECTOR('',#3214,10.);
#804=VECTOR('',#3217,10.);
#805=VECTOR('',#3218,10.);
#806=VECTOR('',#3221,10.);
#807=VECTOR('',#3222,10.);
#808=VECTOR('',#3223,10.);
#809=VECTOR('',#3224,10.);
#810=VECTOR('',#3227,10.);
#811=VECTOR('',#3230,10.);
#812=VECTOR('',#3241,10.);
#813=VECTOR('',#3244,10.);
#814=VECTOR('',#3245,10.);
#815=VECTOR('',#3248,1.4);
#816=VECTOR('',#3251,3.25);
#817=VECTOR('',#3254,3.25);
#818=VECTOR('',#3257,3.25);
#819=VECTOR('',#3260,3.25);
#820=VECTOR('',#3263,10.);
#821=CIRCLE('',#2368,1.4);
#822=CIRCLE('',#2369,1.4);
#823=CIRCLE('',#2376,1.4);
#824=CIRCLE('',#2377,1.4);
#825=CIRCLE('',#2382,3.84000001490116);
#826=CIRCLE('',#2383,3.84000001490116);
#827=CIRCLE('',#2387,3.84000001490116);
#828=CIRCLE('',#2388,3.84000001490116);
#829=CIRCLE('',#2389,3.84000001490116);
#830=CIRCLE('',#2392,2.34000001490116);
#831=CIRCLE('',#2393,3.84000001490116);
#832=CIRCLE('',#2396,2.34000001490116);
#833=CIRCLE('',#2397,3.84000001490116);
#834=CIRCLE('',#2398,3.84000001490116);
#835=CIRCLE('',#2401,2.34000001490116);
#836=CIRCLE('',#2402,3.84000001490116);
#837=CIRCLE('',#2405,2.34000001490116);
#838=CIRCLE('',#2406,3.84000001490116);
#839=CIRCLE('',#2408,1.6);
#840=CIRCLE('',#2409,0.999999999998143);
#841=CIRCLE('',#2410,1.30710678118655);
#842=CIRCLE('',#2411,1.30710678118655);
#843=CIRCLE('',#2412,1.6);
#844=CIRCLE('',#2414,0.600000000000005);
#845=CIRCLE('',#2416,1.6);
#846=CIRCLE('',#2417,1.6);
#847=CIRCLE('',#2418,0.999999999998235);
#848=CIRCLE('',#2419,1.30710678118655);
#849=CIRCLE('',#2420,1.30710678118655);
#850=CIRCLE('',#2421,1.6);
#851=CIRCLE('',#2423,0.600000000000005);
#852=CIRCLE('',#2425,1.6);
#853=CIRCLE('',#2426,1.6);
#854=CIRCLE('',#2427,0.999999999998062);
#855=CIRCLE('',#2428,1.30710678118655);
#856=CIRCLE('',#2429,1.30710678118655);
#857=CIRCLE('',#2430,1.6);
#858=CIRCLE('',#2432,0.599999999999996);
#859=CIRCLE('',#2434,1.6);
#860=CIRCLE('',#2435,1.6);
#861=CIRCLE('',#2436,0.999999999998049);
#862=CIRCLE('',#2437,1.30710678118655);
#863=CIRCLE('',#2438,1.30710678118655);
#864=CIRCLE('',#2439,1.6);
#865=CIRCLE('',#2441,0.599999999999996);
#866=CIRCLE('',#2443,1.6);
#867=CIRCLE('',#2449,1.6);
#868=CIRCLE('',#2450,1.6);
#869=CIRCLE('',#2452,1.6);
#870=CIRCLE('',#2453,1.6);
#871=CIRCLE('',#2455,1.6);
#872=CIRCLE('',#2456,1.6);
#873=CIRCLE('',#2458,1.6);
#874=CIRCLE('',#2459,1.6);
#875=CIRCLE('',#2461,3.25);
#876=CIRCLE('',#2463,3.25);
#877=CIRCLE('',#2465,3.25);
#878=CIRCLE('',#2467,3.25);
#879=CIRCLE('',#2469,1.4);
#880=CIRCLE('',#2471,5.00000000000002);
#881=CIRCLE('',#2472,5.00000000000001);
#882=CIRCLE('',#2473,5.);
#883=CIRCLE('',#2474,5.);
#884=CIRCLE('',#2476,4.4);
#885=CIRCLE('',#2477,2.94000000000001);
#886=CIRCLE('',#2478,2.94);
#887=CIRCLE('',#2479,4.4);
#888=CIRCLE('',#2480,2.94);
#889=CIRCLE('',#2481,2.94);
#890=CIRCLE('',#2482,3.25);
#891=CIRCLE('',#2483,3.25);
#892=CIRCLE('',#2484,3.25);
#893=CIRCLE('',#2485,3.25);
#894=CIRCLE('',#2486,3.25);
#895=CIRCLE('',#2487,3.25);
#896=CIRCLE('',#2488,3.25);
#897=CIRCLE('',#2489,3.25);
#898=CIRCLE('',#2494,3.25);
#899=CIRCLE('',#2497,3.25);
#900=CIRCLE('',#2500,3.25);
#901=CIRCLE('',#2503,3.25);
#902=CIRCLE('',#2507,4.4);
#903=CIRCLE('',#2513,4.4);
#904=CIRCLE('',#2515,1.4);
#905=CIRCLE('',#2518,1.4);
#906=CIRCLE('',#2519,1.4);
#907=CIRCLE('',#2522,1.4);
#908=CIRCLE('',#2523,1.4);
#909=CIRCLE('',#2526,1.4);
#910=CIRCLE('',#2527,1.4);
#911=CIRCLE('',#2530,1.4);
#912=CIRCLE('',#2531,1.4);
#913=CIRCLE('',#2535,1.67);
#914=CIRCLE('',#2536,1.67);
#915=CIRCLE('',#2538,1.66999999999999);
#916=CIRCLE('',#2539,1.66999999999999);
#917=CIRCLE('',#2542,3.05440000000001);
#918=CIRCLE('',#2543,3.05440000000001);
#919=CIRCLE('',#2546,1.67);
#920=CIRCLE('',#2547,1.67);
#921=CIRCLE('',#2550,1.67);
#922=CIRCLE('',#2551,1.67);
#923=CIRCLE('',#2554,3.0544);
#924=CIRCLE('',#2555,3.0544);
#925=CIRCLE('',#2558,1.67);
#926=CIRCLE('',#2559,1.67);
#927=CIRCLE('',#2561,3.0544);
#928=CIRCLE('',#2562,3.0544);
#929=CIRCLE('',#2565,1.67);
#930=CIRCLE('',#2566,1.67);
#931=CIRCLE('',#2569,1.67000000000001);
#932=CIRCLE('',#2570,1.67000000000001);
#933=CIRCLE('',#2573,3.0544);
#934=CIRCLE('',#2574,3.0544);
#935=CIRCLE('',#2577,1.67);
#936=CIRCLE('',#2578,1.67);
#937=CIRCLE('',#2581,2.94);
#938=CIRCLE('',#2582,2.94);
#939=CIRCLE('',#2584,2.94000000000001);
#940=CIRCLE('',#2591,2.94);
#941=VERTEX_POINT('',#3268);
#942=VERTEX_POINT('',#3269);
#943=VERTEX_POINT('',#3271);
#944=VERTEX_POINT('',#3273);
#945=VERTEX_POINT('',#3275);
#946=VERTEX_POINT('',#3277);
#947=VERTEX_POINT('',#3279);
#948=VERTEX_POINT('',#3281);
#949=VERTEX_POINT('',#3283);
#950=VERTEX_POINT('',#3287);
#951=VERTEX_POINT('',#3289);
#952=VERTEX_POINT('',#3291);
#953=VERTEX_POINT('',#3293);
#954=VERTEX_POINT('',#3297);
#955=VERTEX_POINT('',#3298);
#956=VERTEX_POINT('',#3300);
#957=VERTEX_POINT('',#3303);
#958=VERTEX_POINT('',#3307);
#959=VERTEX_POINT('',#3311);
#960=VERTEX_POINT('',#3312);
#961=VERTEX_POINT('',#3319);
#962=VERTEX_POINT('',#3324);
#963=VERTEX_POINT('',#3325);
#964=VERTEX_POINT('',#3327);
#965=VERTEX_POINT('',#3329);
#966=VERTEX_POINT('',#3333);
#967=VERTEX_POINT('',#3335);
#968=VERTEX_POINT('',#3339);
#969=VERTEX_POINT('',#3341);
#970=VERTEX_POINT('',#3345);
#971=VERTEX_POINT('',#3347);
#972=VERTEX_POINT('',#3354);
#973=VERTEX_POINT('',#3356);
#974=VERTEX_POINT('',#3360);
#975=VERTEX_POINT('',#3389);
#976=VERTEX_POINT('',#3390);
#977=VERTEX_POINT('',#3403);
#978=VERTEX_POINT('',#3405);
#979=VERTEX_POINT('',#3443);
#980=VERTEX_POINT('',#3456);
#981=VERTEX_POINT('',#3494);
#982=VERTEX_POINT('',#3507);
#983=VERTEX_POINT('',#3575);
#984=VERTEX_POINT('',#3577);
#985=VERTEX_POINT('',#3588);
#986=VERTEX_POINT('',#3599);
#987=VERTEX_POINT('',#3614);
#988=VERTEX_POINT('',#3616);
#989=VERTEX_POINT('',#3621);
#990=VERTEX_POINT('',#3623);
#991=VERTEX_POINT('',#3629);
#992=VERTEX_POINT('',#3635);
#993=VERTEX_POINT('',#3637);
#994=VERTEX_POINT('',#3668);
#995=VERTEX_POINT('',#3669);
#996=VERTEX_POINT('',#3671);
#997=VERTEX_POINT('',#3673);
#998=VERTEX_POINT('',#3678);
#999=VERTEX_POINT('',#3682);
#1000=VERTEX_POINT('',#3712);
#1001=VERTEX_POINT('',#3713);
#1002=VERTEX_POINT('',#3715);
#1003=VERTEX_POINT('',#3717);
#1004=VERTEX_POINT('',#3722);
#1005=VERTEX_POINT('',#3726);
#1006=VERTEX_POINT('',#3756);
#1007=VERTEX_POINT('',#3757);
#1008=VERTEX_POINT('',#3759);
#1009=VERTEX_POINT('',#3761);
#1010=VERTEX_POINT('',#3766);
#1011=VERTEX_POINT('',#3770);
#1012=VERTEX_POINT('',#3800);
#1013=VERTEX_POINT('',#3801);
#1014=VERTEX_POINT('',#3803);
#1015=VERTEX_POINT('',#3805);
#1016=VERTEX_POINT('',#3810);
#1017=VERTEX_POINT('',#3814);
#1018=VERTEX_POINT('',#3822);
#1019=VERTEX_POINT('',#3824);
#1020=VERTEX_POINT('',#3828);
#1021=VERTEX_POINT('',#3830);
#1022=VERTEX_POINT('',#3834);
#1023=VERTEX_POINT('',#3836);
#1024=VERTEX_POINT('',#3840);
#1025=VERTEX_POINT('',#3842);
#1026=VERTEX_POINT('',#3846);
#1027=VERTEX_POINT('',#3849);
#1028=VERTEX_POINT('',#3852);
#1029=VERTEX_POINT('',#3855);
#1030=VERTEX_POINT('',#3858);
#1031=VERTEX_POINT('',#3860);
#1032=VERTEX_POINT('',#3862);
#1033=VERTEX_POINT('',#3864);
#1034=VERTEX_POINT('',#3873);
#1035=VERTEX_POINT('',#3875);
#1036=VERTEX_POINT('',#3903);
#1037=VERTEX_POINT('',#3926);
#1038=VERTEX_POINT('',#3928);
#1039=VERTEX_POINT('',#3930);
#1040=VERTEX_POINT('',#3932);
#1041=VERTEX_POINT('',#4055);
#1042=VERTEX_POINT('',#4057);
#1043=VERTEX_POINT('',#4199);
#1044=VERTEX_POINT('',#4200);
#1045=VERTEX_POINT('',#4356);
#1046=VERTEX_POINT('',#4537);
#1047=VERTEX_POINT('',#4538);
#1048=VERTEX_POINT('',#4540);
#1049=VERTEX_POINT('',#4542);
#1050=VERTEX_POINT('',#4544);
#1051=VERTEX_POINT('',#4546);
#1052=VERTEX_POINT('',#4548);
#1053=VERTEX_POINT('',#4550);
#1054=VERTEX_POINT('',#4552);
#1055=VERTEX_POINT('',#4554);
#1056=VERTEX_POINT('',#4556);
#1057=VERTEX_POINT('',#4558);
#1058=VERTEX_POINT('',#4560);
#1059=VERTEX_POINT('',#4562);
#1060=VERTEX_POINT('',#4564);
#1061=VERTEX_POINT('',#4566);
#1062=VERTEX_POINT('',#4569);
#1063=VERTEX_POINT('',#4571);
#1064=VERTEX_POINT('',#4573);
#1065=VERTEX_POINT('',#4575);
#1066=VERTEX_POINT('',#4577);
#1067=VERTEX_POINT('',#4579);
#1068=VERTEX_POINT('',#4581);
#1069=VERTEX_POINT('',#4583);
#1070=VERTEX_POINT('',#4586);
#1071=VERTEX_POINT('',#4587);
#1072=VERTEX_POINT('',#4589);
#1073=VERTEX_POINT('',#4591);
#1074=VERTEX_POINT('',#4595);
#1075=VERTEX_POINT('',#4597);
#1076=VERTEX_POINT('',#4604);
#1077=VERTEX_POINT('',#4609);
#1078=VERTEX_POINT('',#4614);
#1079=VERTEX_POINT('',#4619);
#1080=VERTEX_POINT('',#4624);
#1081=VERTEX_POINT('',#4626);
#1082=VERTEX_POINT('',#4630);
#1083=VERTEX_POINT('',#4634);
#1084=VERTEX_POINT('',#4640);
#1085=VERTEX_POINT('',#4642);
#1086=VERTEX_POINT('',#4646);
#1087=VERTEX_POINT('',#4648);
#1088=VERTEX_POINT('',#4655);
#1089=VERTEX_POINT('',#4658);
#1090=VERTEX_POINT('',#4660);
#1091=VERTEX_POINT('',#4662);
#1092=VERTEX_POINT('',#4664);
#1093=VERTEX_POINT('',#4666);
#1094=VERTEX_POINT('',#4668);
#1095=VERTEX_POINT('',#4672);
#1096=VERTEX_POINT('',#4674);
#1097=VERTEX_POINT('',#4679);
#1098=VERTEX_POINT('',#4681);
#1099=VERTEX_POINT('',#4686);
#1100=VERTEX_POINT('',#4688);
#1101=VERTEX_POINT('',#4693);
#1102=VERTEX_POINT('',#4695);
#1103=VERTEX_POINT('',#4700);
#1104=VERTEX_POINT('',#4701);
#1105=VERTEX_POINT('',#4703);
#1106=VERTEX_POINT('',#4705);
#1107=VERTEX_POINT('',#4712);
#1108=VERTEX_POINT('',#4714);
#1109=VERTEX_POINT('',#4718);
#1110=VERTEX_POINT('',#4720);
#1111=VERTEX_POINT('',#4724);
#1112=VERTEX_POINT('',#4726);
#1113=VERTEX_POINT('',#4730);
#1114=VERTEX_POINT('',#4732);
#1115=VERTEX_POINT('',#4736);
#1116=VERTEX_POINT('',#4738);
#1117=VERTEX_POINT('',#4742);
#1118=VERTEX_POINT('',#4744);
#1119=VERTEX_POINT('',#4748);
#1120=VERTEX_POINT('',#4750);
#1121=VERTEX_POINT('',#4754);
#1122=VERTEX_POINT('',#4756);
#1123=VERTEX_POINT('',#4760);
#1124=VERTEX_POINT('',#4762);
#1125=VERTEX_POINT('',#4766);
#1126=VERTEX_POINT('',#4768);
#1127=VERTEX_POINT('',#4772);
#1128=VERTEX_POINT('',#4774);
#1129=VERTEX_POINT('',#4778);
#1130=VERTEX_POINT('',#4780);
#1131=VERTEX_POINT('',#4784);
#1132=VERTEX_POINT('',#4786);
#1133=VERTEX_POINT('',#4790);
#1134=VERTEX_POINT('',#4792);
#1135=VERTEX_POINT('',#4796);
#1136=VERTEX_POINT('',#4797);
#1137=VERTEX_POINT('',#4799);
#1138=VERTEX_POINT('',#4801);
#1139=VERTEX_POINT('',#4805);
#1140=VERTEX_POINT('',#4807);
#1141=VERTEX_POINT('',#4811);
#1142=VERTEX_POINT('',#4813);
#1143=VERTEX_POINT('',#4817);
#1144=VERTEX_POINT('',#4819);
#1145=VERTEX_POINT('',#4823);
#1146=VERTEX_POINT('',#4825);
#1147=VERTEX_POINT('',#4829);
#1148=VERTEX_POINT('',#4831);
#1149=VERTEX_POINT('',#4835);
#1150=VERTEX_POINT('',#4841);
#1151=VERTEX_POINT('',#4843);
#1152=VERTEX_POINT('',#4845);
#1153=VERTEX_POINT('',#4849);
#1154=VERTEX_POINT('',#4851);
#1155=VERTEX_POINT('',#4859);
#1156=VERTEX_POINT('',#4861);
#1157=EDGE_CURVE('',#941,#942,#821,.T.);
#1158=EDGE_CURVE('',#943,#941,#437,.T.);
#1159=EDGE_CURVE('',#944,#943,#438,.T.);
#1160=EDGE_CURVE('',#945,#944,#439,.T.);
#1161=EDGE_CURVE('',#946,#945,#440,.T.);
#1162=EDGE_CURVE('',#947,#946,#441,.T.);
#1163=EDGE_CURVE('',#948,#947,#442,.T.);
#1164=EDGE_CURVE('',#949,#948,#443,.T.);
#1165=EDGE_CURVE('',#942,#949,#822,.T.);
#1166=EDGE_CURVE('',#949,#950,#444,.T.);
#1167=EDGE_CURVE('',#951,#948,#445,.T.);
#1168=EDGE_CURVE('',#952,#951,#446,.T.);
#1169=EDGE_CURVE('',#952,#953,#447,.T.);
#1170=EDGE_CURVE('',#953,#950,#448,.T.);
#1171=EDGE_CURVE('',#954,#955,#449,.T.);
#1172=EDGE_CURVE('',#956,#954,#450,.T.);
#1173=EDGE_CURVE('',#956,#943,#451,.T.);
#1174=EDGE_CURVE('',#957,#941,#452,.T.);
#1175=EDGE_CURVE('',#957,#955,#453,.T.);
#1176=EDGE_CURVE('',#958,#956,#454,.T.);
#1177=EDGE_CURVE('',#944,#958,#455,.T.);
#1178=EDGE_CURVE('',#959,#960,#456,.T.);
#1179=EDGE_CURVE('',#959,#947,#457,.T.);
#1180=EDGE_CURVE('',#960,#946,#458,.T.);
#1181=EDGE_CURVE('',#951,#959,#459,.T.);
#1182=EDGE_CURVE('',#961,#961,#823,.T.);
#1183=EDGE_CURVE('',#961,#942,#460,.T.);
#1184=EDGE_CURVE('',#950,#957,#824,.T.);
#1185=EDGE_CURVE('',#962,#963,#461,.T.);
#1186=EDGE_CURVE('',#962,#964,#462,.T.);
#1187=EDGE_CURVE('',#964,#965,#463,.T.);
#1188=EDGE_CURVE('',#963,#965,#464,.T.);
#1189=EDGE_CURVE('',#966,#962,#465,.T.);
#1190=EDGE_CURVE('',#966,#967,#466,.T.);
#1191=EDGE_CURVE('',#967,#964,#467,.T.);
#1192=EDGE_CURVE('',#968,#966,#468,.T.);
#1193=EDGE_CURVE('',#968,#969,#469,.T.);
#1194=EDGE_CURVE('',#969,#967,#470,.T.);
#1195=EDGE_CURVE('',#968,#970,#825,.T.);
#1196=EDGE_CURVE('',#970,#971,#471,.T.);
#1197=EDGE_CURVE('',#971,#969,#826,.T.);
#1198=EDGE_CURVE('',#954,#970,#472,.T.);
#1199=EDGE_CURVE('',#955,#971,#473,.T.);
#1200=EDGE_CURVE('',#972,#952,#474,.T.);
#1201=EDGE_CURVE('',#972,#973,#475,.T.);
#1202=EDGE_CURVE('',#973,#953,#476,.T.);
#1203=EDGE_CURVE('',#972,#974,#827,.T.);
#1204=EDGE_CURVE('',#974,#963,#828,.T.);
#1205=EDGE_CURVE('',#965,#973,#829,.T.);
#1206=EDGE_CURVE('',#975,#976,#70,.T.);
#1207=EDGE_CURVE('',#977,#975,#477,.T.);
#1208=EDGE_CURVE('',#977,#978,#71,.T.);
#1209=EDGE_CURVE('',#978,#976,#478,.T.);
#1210=EDGE_CURVE('',#979,#975,#72,.T.);
#1211=EDGE_CURVE('',#980,#979,#479,.T.);
#1212=EDGE_CURVE('',#980,#977,#73,.T.);
#1213=EDGE_CURVE('',#981,#979,#74,.T.);
#1214=EDGE_CURVE('',#982,#981,#480,.T.);
#1215=EDGE_CURVE('',#982,#980,#75,.T.);
#1216=EDGE_CURVE('',#976,#981,#76,.T.);
#1217=EDGE_CURVE('',#978,#982,#77,.T.);
#1218=EDGE_CURVE('',#979,#983,#481,.T.);
#1219=EDGE_CURVE('',#984,#983,#54,.T.);
#1220=EDGE_CURVE('',#981,#984,#482,.T.);
#1221=EDGE_CURVE('',#975,#985,#483,.T.);
#1222=EDGE_CURVE('',#983,#985,#55,.T.);
#1223=EDGE_CURVE('',#986,#976,#484,.T.);
#1224=EDGE_CURVE('',#985,#986,#56,.T.);
#1225=EDGE_CURVE('',#986,#984,#57,.T.);
#1226=EDGE_CURVE('',#987,#987,#830,.T.);
#1227=EDGE_CURVE('',#987,#988,#485,.T.);
#1228=EDGE_CURVE('',#988,#988,#831,.T.);
#1229=EDGE_CURVE('',#989,#989,#832,.T.);
#1230=EDGE_CURVE('',#989,#990,#486,.T.);
#1231=EDGE_CURVE('',#970,#990,#833,.T.);
#1232=EDGE_CURVE('',#990,#968,#834,.T.);
#1233=EDGE_CURVE('',#991,#991,#835,.T.);
#1234=EDGE_CURVE('',#991,#974,#487,.T.);
#1235=EDGE_CURVE('',#963,#972,#836,.T.);
#1236=EDGE_CURVE('',#992,#992,#837,.T.);
#1237=EDGE_CURVE('',#992,#993,#488,.T.);
#1238=EDGE_CURVE('',#993,#993,#838,.T.);
#1239=EDGE_CURVE('',#994,#995,#839,.T.);
#1240=EDGE_CURVE('',#995,#996,#840,.T.);
#1241=EDGE_CURVE('',#996,#997,#841,.T.);
#1242=EDGE_CURVE('',#997,#996,#842,.T.);
#1243=EDGE_CURVE('',#995,#994,#843,.T.);
#1244=EDGE_CURVE('',#998,#998,#844,.T.);
#1245=EDGE_CURVE('',#998,#997,#489,.T.);
#1246=EDGE_CURVE('',#999,#999,#845,.T.);
#1247=EDGE_CURVE('',#999,#994,#490,.T.);
#1248=EDGE_CURVE('',#1000,#1001,#846,.T.);
#1249=EDGE_CURVE('',#1001,#1002,#847,.T.);
#1250=EDGE_CURVE('',#1002,#1003,#848,.T.);
#1251=EDGE_CURVE('',#1003,#1002,#849,.T.);
#1252=EDGE_CURVE('',#1001,#1000,#850,.T.);
#1253=EDGE_CURVE('',#1004,#1004,#851,.T.);
#1254=EDGE_CURVE('',#1004,#1003,#491,.T.);
#1255=EDGE_CURVE('',#1005,#1005,#852,.T.);
#1256=EDGE_CURVE('',#1005,#1000,#492,.T.);
#1257=EDGE_CURVE('',#1006,#1007,#853,.T.);
#1258=EDGE_CURVE('',#1007,#1008,#854,.T.);
#1259=EDGE_CURVE('',#1008,#1009,#855,.T.);
#1260=EDGE_CURVE('',#1009,#1008,#856,.T.);
#1261=EDGE_CURVE('',#1007,#1006,#857,.T.);
#1262=EDGE_CURVE('',#1010,#1010,#858,.T.);
#1263=EDGE_CURVE('',#1010,#1009,#493,.T.);
#1264=EDGE_CURVE('',#1011,#1011,#859,.T.);
#1265=EDGE_CURVE('',#1011,#1006,#494,.T.);
#1266=EDGE_CURVE('',#1012,#1013,#860,.T.);
#1267=EDGE_CURVE('',#1013,#1014,#861,.T.);
#1268=EDGE_CURVE('',#1014,#1015,#862,.T.);
#1269=EDGE_CURVE('',#1015,#1014,#863,.T.);
#1270=EDGE_CURVE('',#1013,#1012,#864,.T.);
#1271=EDGE_CURVE('',#1016,#1016,#865,.T.);
#1272=EDGE_CURVE('',#1016,#1015,#495,.T.);
#1273=EDGE_CURVE('',#1017,#1017,#866,.T.);
#1274=EDGE_CURVE('',#1017,#1012,#496,.T.);
#1275=EDGE_CURVE('',#1018,#1018,#867,.T.);
#1276=EDGE_CURVE('',#1018,#1019,#497,.T.);
#1277=EDGE_CURVE('',#1019,#1019,#868,.T.);
#1278=EDGE_CURVE('',#1020,#1020,#869,.T.);
#1279=EDGE_CURVE('',#1020,#1021,#498,.T.);
#1280=EDGE_CURVE('',#1021,#1021,#870,.T.);
#1281=EDGE_CURVE('',#1022,#1022,#871,.T.);
#1282=EDGE_CURVE('',#1022,#1023,#499,.T.);
#1283=EDGE_CURVE('',#1023,#1023,#872,.T.);
#1284=EDGE_CURVE('',#1024,#1024,#873,.T.);
#1285=EDGE_CURVE('',#1024,#1025,#500,.T.);
#1286=EDGE_CURVE('',#1025,#1025,#874,.T.);
#1287=EDGE_CURVE('',#1026,#1026,#875,.F.);
#1288=EDGE_CURVE('',#1027,#1027,#876,.F.);
#1289=EDGE_CURVE('',#1028,#1028,#877,.F.);
#1290=EDGE_CURVE('',#1029,#1029,#878,.F.);
#1291=EDGE_CURVE('',#1030,#1030,#879,.T.);
#1292=EDGE_CURVE('',#960,#1031,#501,.T.);
#1293=EDGE_CURVE('',#1031,#1032,#502,.T.);
#1294=EDGE_CURVE('',#1032,#1033,#503,.T.);
#1295=EDGE_CURVE('',#1033,#958,#504,.T.);
#1296=EDGE_CURVE('',#978,#1034,#505,.T.);
#1297=EDGE_CURVE('',#1035,#1034,#78,.T.);
#1298=EDGE_CURVE('',#1035,#982,#506,.T.);
#1299=EDGE_CURVE('',#1036,#977,#507,.T.);
#1300=EDGE_CURVE('',#1034,#1036,#79,.T.);
#1301=EDGE_CURVE('',#1037,#1033,#508,.T.);
#1302=EDGE_CURVE('',#1038,#1037,#509,.T.);
#1303=EDGE_CURVE('',#1038,#1039,#510,.T.);
#1304=EDGE_CURVE('',#1039,#1040,#511,.T.);
#1305=EDGE_CURVE('',#1040,#945,#512,.T.);
#1306=EDGE_CURVE('',#1041,#1035,#880,.T.);
#1307=EDGE_CURVE('',#1034,#1042,#881,.T.);
#1308=EDGE_CURVE('',#1042,#1041,#80,.T.);
#1309=EDGE_CURVE('',#1043,#1044,#882,.T.);
#1310=EDGE_CURVE('',#1044,#1035,#81,.T.);
#1311=EDGE_CURVE('',#1041,#1043,#82,.T.);
#1312=EDGE_CURVE('',#1045,#1036,#883,.T.);
#1313=EDGE_CURVE('',#1036,#1044,#83,.T.);
#1314=EDGE_CURVE('',#1043,#1045,#84,.T.);
#1315=EDGE_CURVE('',#1045,#1042,#85,.T.);
#1316=EDGE_CURVE('',#1046,#1047,#513,.T.);
#1317=EDGE_CURVE('',#1047,#1048,#884,.T.);
#1318=EDGE_CURVE('',#1048,#1049,#514,.T.);
#1319=EDGE_CURVE('',#1049,#1050,#515,.T.);
#1320=EDGE_CURVE('',#1050,#1051,#885,.T.);
#1321=EDGE_CURVE('',#1051,#1052,#516,.T.);
#1322=EDGE_CURVE('',#1052,#1053,#886,.T.);
#1323=EDGE_CURVE('',#1053,#1054,#517,.T.);
#1324=EDGE_CURVE('',#1054,#1055,#518,.T.);
#1325=EDGE_CURVE('',#1055,#1056,#887,.T.);
#1326=EDGE_CURVE('',#1056,#1057,#519,.T.);
#1327=EDGE_CURVE('',#1057,#1058,#520,.T.);
#1328=EDGE_CURVE('',#1058,#1059,#888,.T.);
#1329=EDGE_CURVE('',#1059,#1060,#521,.T.);
#1330=EDGE_CURVE('',#1060,#1061,#889,.T.);
#1331=EDGE_CURVE('',#1061,#1046,#522,.T.);
#1332=EDGE_CURVE('',#1062,#1062,#890,.T.);
#1333=EDGE_CURVE('',#1063,#1063,#891,.T.);
#1334=EDGE_CURVE('',#1064,#1064,#892,.T.);
#1335=EDGE_CURVE('',#1065,#1065,#893,.T.);
#1336=EDGE_CURVE('',#1066,#1066,#894,.T.);
#1337=EDGE_CURVE('',#1067,#1067,#895,.T.);
#1338=EDGE_CURVE('',#1068,#1068,#896,.T.);
#1339=EDGE_CURVE('',#1069,#1069,#897,.T.);
#1340=EDGE_CURVE('',#1070,#1071,#523,.T.);
#1341=EDGE_CURVE('',#1070,#1072,#524,.T.);
#1342=EDGE_CURVE('',#1072,#1073,#525,.T.);
#1343=EDGE_CURVE('',#1073,#1071,#526,.T.);
#1344=EDGE_CURVE('',#1073,#1074,#527,.T.);
#1345=EDGE_CURVE('',#1075,#1074,#528,.T.);
#1346=EDGE_CURVE('',#1071,#1075,#529,.T.);
#1347=EDGE_CURVE('',#1075,#1037,#530,.T.);
#1348=EDGE_CURVE('',#1074,#1038,#531,.T.);
#1349=EDGE_CURVE('',#1069,#1076,#532,.T.);
#1350=EDGE_CURVE('',#1076,#1076,#898,.T.);
#1351=EDGE_CURVE('',#1068,#1077,#533,.T.);
#1352=EDGE_CURVE('',#1077,#1077,#899,.T.);
#1353=EDGE_CURVE('',#1067,#1078,#534,.T.);
#1354=EDGE_CURVE('',#1078,#1078,#900,.T.);
#1355=EDGE_CURVE('',#1066,#1079,#535,.T.);
#1356=EDGE_CURVE('',#1079,#1079,#901,.T.);
#1357=EDGE_CURVE('',#1048,#1080,#536,.T.);
#1358=EDGE_CURVE('',#1080,#1081,#537,.T.);
#1359=EDGE_CURVE('',#1049,#1081,#538,.T.);
#1360=EDGE_CURVE('',#1047,#1082,#539,.T.);
#1361=EDGE_CURVE('',#1082,#1080,#902,.T.);
#1362=EDGE_CURVE('',#1083,#1046,#540,.T.);
#1363=EDGE_CURVE('',#1083,#1082,#541,.T.);
#1364=EDGE_CURVE('',#1081,#1083,#542,.T.);
#1365=EDGE_CURVE('',#1084,#1054,#543,.T.);
#1366=EDGE_CURVE('',#1084,#1085,#544,.T.);
#1367=EDGE_CURVE('',#1055,#1085,#545,.T.);
#1368=EDGE_CURVE('',#1056,#1086,#546,.T.);
#1369=EDGE_CURVE('',#1086,#1087,#547,.T.);
#1370=EDGE_CURVE('',#1057,#1087,#548,.T.);
#1371=EDGE_CURVE('',#1085,#1086,#903,.T.);
#1372=EDGE_CURVE('',#1087,#1084,#549,.T.);
#1373=EDGE_CURVE('',#1088,#1088,#904,.T.);
#1374=EDGE_CURVE('',#1053,#1089,#550,.T.);
#1375=EDGE_CURVE('',#1090,#1089,#551,.T.);
#1376=EDGE_CURVE('',#1090,#1091,#552,.T.);
#1377=EDGE_CURVE('',#1092,#1091,#553,.F.);
#1378=EDGE_CURVE('',#1093,#1092,#554,.T.);
#1379=EDGE_CURVE('',#1094,#1093,#555,.T.);
#1380=EDGE_CURVE('',#1058,#1094,#556,.T.);
#1381=EDGE_CURVE('',#1095,#1095,#905,.T.);
#1382=EDGE_CURVE('',#1095,#1096,#557,.T.);
#1383=EDGE_CURVE('',#1096,#1096,#906,.T.);
#1384=EDGE_CURVE('',#1097,#1097,#907,.T.);
#1385=EDGE_CURVE('',#1097,#1098,#558,.T.);
#1386=EDGE_CURVE('',#1098,#1098,#908,.T.);
#1387=EDGE_CURVE('',#1099,#1099,#909,.T.);
#1388=EDGE_CURVE('',#1099,#1100,#559,.T.);
#1389=EDGE_CURVE('',#1100,#1100,#910,.T.);
#1390=EDGE_CURVE('',#1101,#1101,#911,.T.);
#1391=EDGE_CURVE('',#1101,#1102,#560,.T.);
#1392=EDGE_CURVE('',#1102,#1102,#912,.T.);
#1393=EDGE_CURVE('',#1103,#1104,#561,.T.);
#1394=EDGE_CURVE('',#1103,#1105,#562,.T.);
#1395=EDGE_CURVE('',#1106,#1105,#563,.F.);
#1396=EDGE_CURVE('',#1104,#1106,#564,.T.);
#1397=EDGE_CURVE('',#1104,#1090,#913,.T.);
#1398=EDGE_CURVE('',#1091,#1106,#914,.F.);
#1399=EDGE_CURVE('',#1093,#1107,#915,.T.);
#1400=EDGE_CURVE('',#1108,#1092,#916,.F.);
#1401=EDGE_CURVE('',#1107,#1108,#565,.T.);
#1402=EDGE_CURVE('',#1107,#1109,#566,.T.);
#1403=EDGE_CURVE('',#1110,#1108,#567,.F.);
#1404=EDGE_CURVE('',#1109,#1110,#568,.T.);
#1405=EDGE_CURVE('',#1109,#1111,#917,.T.);
#1406=EDGE_CURVE('',#1112,#1110,#918,.F.);
#1407=EDGE_CURVE('',#1111,#1112,#569,.T.);
#1408=EDGE_CURVE('',#1111,#1113,#570,.T.);
#1409=EDGE_CURVE('',#1114,#1112,#571,.F.);
#1410=EDGE_CURVE('',#1113,#1114,#572,.T.);
#1411=EDGE_CURVE('',#1113,#1115,#919,.T.);
#1412=EDGE_CURVE('',#1116,#1114,#920,.F.);
#1413=EDGE_CURVE('',#1115,#1116,#573,.T.);
#1414=EDGE_CURVE('',#1115,#1117,#574,.T.);
#1415=EDGE_CURVE('',#1118,#1116,#575,.F.);
#1416=EDGE_CURVE('',#1117,#1118,#576,.T.);
#1417=EDGE_CURVE('',#1117,#1119,#921,.T.);
#1418=EDGE_CURVE('',#1120,#1118,#922,.F.);
#1419=EDGE_CURVE('',#1119,#1120,#577,.T.);
#1420=EDGE_CURVE('',#1119,#1121,#578,.T.);
#1421=EDGE_CURVE('',#1122,#1120,#579,.F.);
#1422=EDGE_CURVE('',#1121,#1122,#580,.T.);
#1423=EDGE_CURVE('',#1121,#1123,#923,.T.);
#1424=EDGE_CURVE('',#1124,#1122,#924,.F.);
#1425=EDGE_CURVE('',#1123,#1124,#581,.T.);
#1426=EDGE_CURVE('',#1123,#1125,#582,.T.);
#1427=EDGE_CURVE('',#1126,#1124,#583,.F.);
#1428=EDGE_CURVE('',#1125,#1126,#584,.T.);
#1429=EDGE_CURVE('',#1125,#1127,#925,.T.);
#1430=EDGE_CURVE('',#1128,#1126,#926,.F.);
#1431=EDGE_CURVE('',#1127,#1128,#585,.T.);
#1432=EDGE_CURVE('',#1129,#1103,#927,.T.);
#1433=EDGE_CURVE('',#1129,#1130,#586,.T.);
#1434=EDGE_CURVE('',#1105,#1130,#928,.F.);
#1435=EDGE_CURVE('',#1131,#1129,#587,.T.);
#1436=EDGE_CURVE('',#1131,#1132,#588,.T.);
#1437=EDGE_CURVE('',#1130,#1132,#589,.F.);
#1438=EDGE_CURVE('',#1133,#1131,#929,.T.);
#1439=EDGE_CURVE('',#1133,#1134,#590,.T.);
#1440=EDGE_CURVE('',#1132,#1134,#930,.F.);
#1441=EDGE_CURVE('',#1135,#1136,#591,.T.);
#1442=EDGE_CURVE('',#1135,#1137,#592,.T.);
#1443=EDGE_CURVE('',#1138,#1137,#593,.F.);
#1444=EDGE_CURVE('',#1136,#1138,#594,.T.);
#1445=EDGE_CURVE('',#1139,#1135,#931,.T.);
#1446=EDGE_CURVE('',#1139,#1140,#595,.T.);
#1447=EDGE_CURVE('',#1137,#1140,#932,.F.);
#1448=EDGE_CURVE('',#1141,#1139,#596,.T.);
#1449=EDGE_CURVE('',#1141,#1142,#597,.T.);
#1450=EDGE_CURVE('',#1140,#1142,#598,.F.);
#1451=EDGE_CURVE('',#1143,#1141,#933,.T.);
#1452=EDGE_CURVE('',#1143,#1144,#599,.T.);
#1453=EDGE_CURVE('',#1142,#1144,#934,.F.);
#1454=EDGE_CURVE('',#1145,#1143,#600,.T.);
#1455=EDGE_CURVE('',#1145,#1146,#601,.T.);
#1456=EDGE_CURVE('',#1144,#1146,#602,.F.);
#1457=EDGE_CURVE('',#1147,#1145,#935,.T.);
#1458=EDGE_CURVE('',#1147,#1148,#603,.T.);
#1459=EDGE_CURVE('',#1146,#1148,#936,.F.);
#1460=EDGE_CURVE('',#1040,#1149,#604,.T.);
#1461=EDGE_CURVE('',#1039,#1138,#605,.F.);
#1462=EDGE_CURVE('',#1148,#1128,#606,.F.);
#1463=EDGE_CURVE('',#1134,#1149,#607,.F.);
#1464=EDGE_CURVE('',#1127,#1150,#608,.T.);
#1465=EDGE_CURVE('',#1150,#1151,#937,.T.);
#1466=EDGE_CURVE('',#1151,#1152,#609,.T.);
#1467=EDGE_CURVE('',#1152,#1094,#938,.T.);
#1468=EDGE_CURVE('',#1136,#1153,#610,.T.);
#1469=EDGE_CURVE('',#1153,#1154,#939,.T.);
#1470=EDGE_CURVE('',#1154,#1147,#611,.T.);
#1471=EDGE_CURVE('',#1061,#1150,#612,.T.);
#1472=EDGE_CURVE('',#1050,#1154,#613,.T.);
#1473=EDGE_CURVE('',#1051,#1153,#614,.T.);
#1474=EDGE_CURVE('',#1155,#1072,#615,.T.);
#1475=EDGE_CURVE('',#1156,#1155,#616,.T.);
#1476=EDGE_CURVE('',#1052,#1156,#617,.T.);
#1477=EDGE_CURVE('',#1060,#1151,#618,.T.);
#1478=EDGE_CURVE('',#1059,#1152,#619,.T.);
#1479=EDGE_CURVE('',#1089,#1156,#940,.T.);
#1480=EDGE_CURVE('',#1155,#1133,#620,.T.);
#1481=EDGE_CURVE('',#1031,#1149,#621,.T.);
#1482=EDGE_CURVE('',#1044,#980,#622,.T.);
#1483=EDGE_CURVE('',#1088,#1030,#623,.T.);
#1484=EDGE_CURVE('',#1062,#1026,#624,.T.);
#1485=EDGE_CURVE('',#1063,#1027,#625,.T.);
#1486=EDGE_CURVE('',#1064,#1028,#626,.T.);
#1487=EDGE_CURVE('',#1065,#1029,#627,.T.);
#1488=EDGE_CURVE('',#1070,#1032,#628,.T.);
#1489=ORIENTED_EDGE('',*,*,#1157,.F.);
#1490=ORIENTED_EDGE('',*,*,#1158,.F.);
#1491=ORIENTED_EDGE('',*,*,#1159,.F.);
#1492=ORIENTED_EDGE('',*,*,#1160,.F.);
#1493=ORIENTED_EDGE('',*,*,#1161,.F.);
#1494=ORIENTED_EDGE('',*,*,#1162,.F.);
#1495=ORIENTED_EDGE('',*,*,#1163,.F.);
#1496=ORIENTED_EDGE('',*,*,#1164,.F.);
#1497=ORIENTED_EDGE('',*,*,#1165,.F.);
#1498=ORIENTED_EDGE('',*,*,#1166,.F.);
#1499=ORIENTED_EDGE('',*,*,#1164,.T.);
#1500=ORIENTED_EDGE('',*,*,#1167,.F.);
#1501=ORIENTED_EDGE('',*,*,#1168,.F.);
#1502=ORIENTED_EDGE('',*,*,#1169,.T.);
#1503=ORIENTED_EDGE('',*,*,#1170,.T.);
#1504=ORIENTED_EDGE('',*,*,#1171,.F.);
#1505=ORIENTED_EDGE('',*,*,#1172,.F.);
#1506=ORIENTED_EDGE('',*,*,#1173,.T.);
#1507=ORIENTED_EDGE('',*,*,#1158,.T.);
#1508=ORIENTED_EDGE('',*,*,#1174,.F.);
#1509=ORIENTED_EDGE('',*,*,#1175,.T.);
#1510=ORIENTED_EDGE('',*,*,#1176,.F.);
#1511=ORIENTED_EDGE('',*,*,#1177,.F.);
#1512=ORIENTED_EDGE('',*,*,#1159,.T.);
#1513=ORIENTED_EDGE('',*,*,#1173,.F.);
#1514=ORIENTED_EDGE('',*,*,#1178,.F.);
#1515=ORIENTED_EDGE('',*,*,#1179,.T.);
#1516=ORIENTED_EDGE('',*,*,#1162,.T.);
#1517=ORIENTED_EDGE('',*,*,#1180,.F.);
#1518=ORIENTED_EDGE('',*,*,#1181,.F.);
#1519=ORIENTED_EDGE('',*,*,#1167,.T.);
#1520=ORIENTED_EDGE('',*,*,#1163,.T.);
#1521=ORIENTED_EDGE('',*,*,#1179,.F.);
#1522=ORIENTED_EDGE('',*,*,#1182,.T.);
#1523=ORIENTED_EDGE('',*,*,#1183,.T.);
#1524=ORIENTED_EDGE('',*,*,#1165,.T.);
#1525=ORIENTED_EDGE('',*,*,#1166,.T.);
#1526=ORIENTED_EDGE('',*,*,#1184,.T.);
#1527=ORIENTED_EDGE('',*,*,#1174,.T.);
#1528=ORIENTED_EDGE('',*,*,#1157,.T.);
#1529=ORIENTED_EDGE('',*,*,#1183,.F.);
#1530=ORIENTED_EDGE('',*,*,#1185,.F.);
#1531=ORIENTED_EDGE('',*,*,#1186,.T.);
#1532=ORIENTED_EDGE('',*,*,#1187,.T.);
#1533=ORIENTED_EDGE('',*,*,#1188,.F.);
#1534=ORIENTED_EDGE('',*,*,#1189,.F.);
#1535=ORIENTED_EDGE('',*,*,#1190,.T.);
#1536=ORIENTED_EDGE('',*,*,#1191,.T.);
#1537=ORIENTED_EDGE('',*,*,#1186,.F.);
#1538=ORIENTED_EDGE('',*,*,#1192,.F.);
#1539=ORIENTED_EDGE('',*,*,#1193,.T.);
#1540=ORIENTED_EDGE('',*,*,#1194,.T.);
#1541=ORIENTED_EDGE('',*,*,#1190,.F.);
#1542=ORIENTED_EDGE('',*,*,#1195,.T.);
#1543=ORIENTED_EDGE('',*,*,#1196,.T.);
#1544=ORIENTED_EDGE('',*,*,#1197,.T.);
#1545=ORIENTED_EDGE('',*,*,#1193,.F.);
#1546=ORIENTED_EDGE('',*,*,#1198,.F.);
#1547=ORIENTED_EDGE('',*,*,#1171,.T.);
#1548=ORIENTED_EDGE('',*,*,#1199,.T.);
#1549=ORIENTED_EDGE('',*,*,#1196,.F.);
#1550=ORIENTED_EDGE('',*,*,#1200,.F.);
#1551=ORIENTED_EDGE('',*,*,#1201,.T.);
#1552=ORIENTED_EDGE('',*,*,#1202,.T.);
#1553=ORIENTED_EDGE('',*,*,#1169,.F.);
#1554=ORIENTED_EDGE('',*,*,#1203,.T.);
#1555=ORIENTED_EDGE('',*,*,#1204,.T.);
#1556=ORIENTED_EDGE('',*,*,#1188,.T.);
#1557=ORIENTED_EDGE('',*,*,#1205,.T.);
#1558=ORIENTED_EDGE('',*,*,#1201,.F.);
#1559=ORIENTED_EDGE('',*,*,#1184,.F.);
#1560=ORIENTED_EDGE('',*,*,#1170,.F.);
#1561=ORIENTED_EDGE('',*,*,#1202,.F.);
#1562=ORIENTED_EDGE('',*,*,#1205,.F.);
#1563=ORIENTED_EDGE('',*,*,#1187,.F.);
#1564=ORIENTED_EDGE('',*,*,#1191,.F.);
#1565=ORIENTED_EDGE('',*,*,#1194,.F.);
#1566=ORIENTED_EDGE('',*,*,#1197,.F.);
#1567=ORIENTED_EDGE('',*,*,#1199,.F.);
#1568=ORIENTED_EDGE('',*,*,#1175,.F.);
#1569=ORIENTED_EDGE('',*,*,#1206,.F.);
#1570=ORIENTED_EDGE('',*,*,#1207,.F.);
#1571=ORIENTED_EDGE('',*,*,#1208,.T.);
#1572=ORIENTED_EDGE('',*,*,#1209,.T.);
#1573=ORIENTED_EDGE('',*,*,#1210,.F.);
#1574=ORIENTED_EDGE('',*,*,#1211,.F.);
#1575=ORIENTED_EDGE('',*,*,#1212,.T.);
#1576=ORIENTED_EDGE('',*,*,#1207,.T.);
#1577=ORIENTED_EDGE('',*,*,#1213,.F.);
#1578=ORIENTED_EDGE('',*,*,#1214,.F.);
#1579=ORIENTED_EDGE('',*,*,#1215,.T.);
#1580=ORIENTED_EDGE('',*,*,#1211,.T.);
#1581=ORIENTED_EDGE('',*,*,#1216,.F.);
#1582=ORIENTED_EDGE('',*,*,#1209,.F.);
#1583=ORIENTED_EDGE('',*,*,#1217,.T.);
#1584=ORIENTED_EDGE('',*,*,#1214,.T.);
#1585=ORIENTED_EDGE('',*,*,#1213,.T.);
#1586=ORIENTED_EDGE('',*,*,#1218,.T.);
#1587=ORIENTED_EDGE('',*,*,#1219,.F.);
#1588=ORIENTED_EDGE('',*,*,#1220,.F.);
#1589=ORIENTED_EDGE('',*,*,#1210,.T.);
#1590=ORIENTED_EDGE('',*,*,#1221,.T.);
#1591=ORIENTED_EDGE('',*,*,#1222,.F.);
#1592=ORIENTED_EDGE('',*,*,#1218,.F.);
#1593=ORIENTED_EDGE('',*,*,#1206,.T.);
#1594=ORIENTED_EDGE('',*,*,#1223,.F.);
#1595=ORIENTED_EDGE('',*,*,#1224,.F.);
#1596=ORIENTED_EDGE('',*,*,#1221,.F.);
#1597=ORIENTED_EDGE('',*,*,#1216,.T.);
#1598=ORIENTED_EDGE('',*,*,#1220,.T.);
#1599=ORIENTED_EDGE('',*,*,#1225,.F.);
#1600=ORIENTED_EDGE('',*,*,#1223,.T.);
#1601=ORIENTED_EDGE('',*,*,#1226,.T.);
#1602=ORIENTED_EDGE('',*,*,#1227,.T.);
#1603=ORIENTED_EDGE('',*,*,#1228,.F.);
#1604=ORIENTED_EDGE('',*,*,#1227,.F.);
#1605=ORIENTED_EDGE('',*,*,#1226,.F.);
#1606=ORIENTED_EDGE('',*,*,#1229,.T.);
#1607=ORIENTED_EDGE('',*,*,#1230,.T.);
#1608=ORIENTED_EDGE('',*,*,#1231,.F.);
#1609=ORIENTED_EDGE('',*,*,#1195,.F.);
#1610=ORIENTED_EDGE('',*,*,#1232,.F.);
#1611=ORIENTED_EDGE('',*,*,#1230,.F.);
#1612=ORIENTED_EDGE('',*,*,#1229,.F.);
#1613=ORIENTED_EDGE('',*,*,#1233,.T.);
#1614=ORIENTED_EDGE('',*,*,#1234,.T.);
#1615=ORIENTED_EDGE('',*,*,#1203,.F.);
#1616=ORIENTED_EDGE('',*,*,#1235,.F.);
#1617=ORIENTED_EDGE('',*,*,#1204,.F.);
#1618=ORIENTED_EDGE('',*,*,#1234,.F.);
#1619=ORIENTED_EDGE('',*,*,#1233,.F.);
#1620=ORIENTED_EDGE('',*,*,#1236,.T.);
#1621=ORIENTED_EDGE('',*,*,#1237,.T.);
#1622=ORIENTED_EDGE('',*,*,#1238,.F.);
#1623=ORIENTED_EDGE('',*,*,#1237,.F.);
#1624=ORIENTED_EDGE('',*,*,#1236,.F.);
#1625=ORIENTED_EDGE('',*,*,#1239,.T.);
#1626=ORIENTED_EDGE('',*,*,#1240,.T.);
#1627=ORIENTED_EDGE('',*,*,#1241,.T.);
#1628=ORIENTED_EDGE('',*,*,#1242,.T.);
#1629=ORIENTED_EDGE('',*,*,#1240,.F.);
#1630=ORIENTED_EDGE('',*,*,#1243,.T.);
#1631=ORIENTED_EDGE('',*,*,#1244,.T.);
#1632=ORIENTED_EDGE('',*,*,#1245,.T.);
#1633=ORIENTED_EDGE('',*,*,#1241,.F.);
#1634=ORIENTED_EDGE('',*,*,#1242,.F.);
#1635=ORIENTED_EDGE('',*,*,#1245,.F.);
#1636=ORIENTED_EDGE('',*,*,#1246,.F.);
#1637=ORIENTED_EDGE('',*,*,#1247,.T.);
#1638=ORIENTED_EDGE('',*,*,#1243,.F.);
#1639=ORIENTED_EDGE('',*,*,#1239,.F.);
#1640=ORIENTED_EDGE('',*,*,#1247,.F.);
#1641=ORIENTED_EDGE('',*,*,#1248,.T.);
#1642=ORIENTED_EDGE('',*,*,#1249,.T.);
#1643=ORIENTED_EDGE('',*,*,#1250,.T.);
#1644=ORIENTED_EDGE('',*,*,#1251,.T.);
#1645=ORIENTED_EDGE('',*,*,#1249,.F.);
#1646=ORIENTED_EDGE('',*,*,#1252,.T.);
#1647=ORIENTED_EDGE('',*,*,#1253,.T.);
#1648=ORIENTED_EDGE('',*,*,#1254,.T.);
#1649=ORIENTED_EDGE('',*,*,#1250,.F.);
#1650=ORIENTED_EDGE('',*,*,#1251,.F.);
#1651=ORIENTED_EDGE('',*,*,#1254,.F.);
#1652=ORIENTED_EDGE('',*,*,#1255,.F.);
#1653=ORIENTED_EDGE('',*,*,#1256,.T.);
#1654=ORIENTED_EDGE('',*,*,#1252,.F.);
#1655=ORIENTED_EDGE('',*,*,#1248,.F.);
#1656=ORIENTED_EDGE('',*,*,#1256,.F.);
#1657=ORIENTED_EDGE('',*,*,#1257,.T.);
#1658=ORIENTED_EDGE('',*,*,#1258,.T.);
#1659=ORIENTED_EDGE('',*,*,#1259,.T.);
#1660=ORIENTED_EDGE('',*,*,#1260,.T.);
#1661=ORIENTED_EDGE('',*,*,#1258,.F.);
#1662=ORIENTED_EDGE('',*,*,#1261,.T.);
#1663=ORIENTED_EDGE('',*,*,#1262,.T.);
#1664=ORIENTED_EDGE('',*,*,#1263,.T.);
#1665=ORIENTED_EDGE('',*,*,#1259,.F.);
#1666=ORIENTED_EDGE('',*,*,#1260,.F.);
#1667=ORIENTED_EDGE('',*,*,#1263,.F.);
#1668=ORIENTED_EDGE('',*,*,#1264,.F.);
#1669=ORIENTED_EDGE('',*,*,#1265,.T.);
#1670=ORIENTED_EDGE('',*,*,#1261,.F.);
#1671=ORIENTED_EDGE('',*,*,#1257,.F.);
#1672=ORIENTED_EDGE('',*,*,#1265,.F.);
#1673=ORIENTED_EDGE('',*,*,#1266,.T.);
#1674=ORIENTED_EDGE('',*,*,#1267,.T.);
#1675=ORIENTED_EDGE('',*,*,#1268,.T.);
#1676=ORIENTED_EDGE('',*,*,#1269,.T.);
#1677=ORIENTED_EDGE('',*,*,#1267,.F.);
#1678=ORIENTED_EDGE('',*,*,#1270,.T.);
#1679=ORIENTED_EDGE('',*,*,#1271,.T.);
#1680=ORIENTED_EDGE('',*,*,#1272,.T.);
#1681=ORIENTED_EDGE('',*,*,#1268,.F.);
#1682=ORIENTED_EDGE('',*,*,#1269,.F.);
#1683=ORIENTED_EDGE('',*,*,#1272,.F.);
#1684=ORIENTED_EDGE('',*,*,#1273,.F.);
#1685=ORIENTED_EDGE('',*,*,#1274,.T.);
#1686=ORIENTED_EDGE('',*,*,#1270,.F.);
#1687=ORIENTED_EDGE('',*,*,#1266,.F.);
#1688=ORIENTED_EDGE('',*,*,#1274,.F.);
#1689=ORIENTED_EDGE('',*,*,#1244,.F.);
#1690=ORIENTED_EDGE('',*,*,#1271,.F.);
#1691=ORIENTED_EDGE('',*,*,#1253,.F.);
#1692=ORIENTED_EDGE('',*,*,#1262,.F.);
#1693=ORIENTED_EDGE('',*,*,#1275,.F.);
#1694=ORIENTED_EDGE('',*,*,#1276,.T.);
#1695=ORIENTED_EDGE('',*,*,#1277,.F.);
#1696=ORIENTED_EDGE('',*,*,#1276,.F.);
#1697=ORIENTED_EDGE('',*,*,#1278,.F.);
#1698=ORIENTED_EDGE('',*,*,#1279,.T.);
#1699=ORIENTED_EDGE('',*,*,#1280,.F.);
#1700=ORIENTED_EDGE('',*,*,#1279,.F.);
#1701=ORIENTED_EDGE('',*,*,#1281,.F.);
#1702=ORIENTED_EDGE('',*,*,#1282,.T.);
#1703=ORIENTED_EDGE('',*,*,#1283,.F.);
#1704=ORIENTED_EDGE('',*,*,#1282,.F.);
#1705=ORIENTED_EDGE('',*,*,#1284,.F.);
#1706=ORIENTED_EDGE('',*,*,#1285,.T.);
#1707=ORIENTED_EDGE('',*,*,#1286,.F.);
#1708=ORIENTED_EDGE('',*,*,#1285,.F.);
#1709=ORIENTED_EDGE('',*,*,#1287,.T.);
#1710=ORIENTED_EDGE('',*,*,#1278,.T.);
#1711=ORIENTED_EDGE('',*,*,#1288,.T.);
#1712=ORIENTED_EDGE('',*,*,#1275,.T.);
#1713=ORIENTED_EDGE('',*,*,#1289,.T.);
#1714=ORIENTED_EDGE('',*,*,#1284,.T.);
#1715=ORIENTED_EDGE('',*,*,#1290,.T.);
#1716=ORIENTED_EDGE('',*,*,#1281,.T.);
#1717=ORIENTED_EDGE('',*,*,#1225,.T.);
#1718=ORIENTED_EDGE('',*,*,#1219,.T.);
#1719=ORIENTED_EDGE('',*,*,#1222,.T.);
#1720=ORIENTED_EDGE('',*,*,#1224,.T.);
#1721=ORIENTED_EDGE('',*,*,#1291,.T.);
#1722=ORIENTED_EDGE('',*,*,#1176,.T.);
#1723=ORIENTED_EDGE('',*,*,#1172,.T.);
#1724=ORIENTED_EDGE('',*,*,#1198,.T.);
#1725=ORIENTED_EDGE('',*,*,#1231,.T.);
#1726=ORIENTED_EDGE('',*,*,#1232,.T.);
#1727=ORIENTED_EDGE('',*,*,#1192,.T.);
#1728=ORIENTED_EDGE('',*,*,#1189,.T.);
#1729=ORIENTED_EDGE('',*,*,#1185,.T.);
#1730=ORIENTED_EDGE('',*,*,#1235,.T.);
#1731=ORIENTED_EDGE('',*,*,#1200,.T.);
#1732=ORIENTED_EDGE('',*,*,#1168,.T.);
#1733=ORIENTED_EDGE('',*,*,#1181,.T.);
#1734=ORIENTED_EDGE('',*,*,#1178,.T.);
#1735=ORIENTED_EDGE('',*,*,#1292,.T.);
#1736=ORIENTED_EDGE('',*,*,#1293,.T.);
#1737=ORIENTED_EDGE('',*,*,#1294,.T.);
#1738=ORIENTED_EDGE('',*,*,#1295,.T.);
#1739=ORIENTED_EDGE('',*,*,#1228,.T.);
#1740=ORIENTED_EDGE('',*,*,#1238,.T.);
#1741=ORIENTED_EDGE('',*,*,#1264,.T.);
#1742=ORIENTED_EDGE('',*,*,#1273,.T.);
#1743=ORIENTED_EDGE('',*,*,#1255,.T.);
#1744=ORIENTED_EDGE('',*,*,#1246,.T.);
#1745=ORIENTED_EDGE('',*,*,#1277,.T.);
#1746=ORIENTED_EDGE('',*,*,#1280,.T.);
#1747=ORIENTED_EDGE('',*,*,#1283,.T.);
#1748=ORIENTED_EDGE('',*,*,#1286,.T.);
#1749=ORIENTED_EDGE('',*,*,#1217,.F.);
#1750=ORIENTED_EDGE('',*,*,#1296,.T.);
#1751=ORIENTED_EDGE('',*,*,#1297,.F.);
#1752=ORIENTED_EDGE('',*,*,#1298,.T.);
#1753=ORIENTED_EDGE('',*,*,#1208,.F.);
#1754=ORIENTED_EDGE('',*,*,#1299,.F.);
#1755=ORIENTED_EDGE('',*,*,#1300,.F.);
#1756=ORIENTED_EDGE('',*,*,#1296,.F.);
#1757=ORIENTED_EDGE('',*,*,#1177,.T.);
#1758=ORIENTED_EDGE('',*,*,#1295,.F.);
#1759=ORIENTED_EDGE('',*,*,#1301,.F.);
#1760=ORIENTED_EDGE('',*,*,#1302,.F.);
#1761=ORIENTED_EDGE('',*,*,#1303,.T.);
#1762=ORIENTED_EDGE('',*,*,#1304,.T.);
#1763=ORIENTED_EDGE('',*,*,#1305,.T.);
#1764=ORIENTED_EDGE('',*,*,#1160,.T.);
#1765=ORIENTED_EDGE('',*,*,#1306,.T.);
#1766=ORIENTED_EDGE('',*,*,#1297,.T.);
#1767=ORIENTED_EDGE('',*,*,#1307,.T.);
#1768=ORIENTED_EDGE('',*,*,#1308,.T.);
#1769=ORIENTED_EDGE('',*,*,#1309,.T.);
#1770=ORIENTED_EDGE('',*,*,#1310,.T.);
#1771=ORIENTED_EDGE('',*,*,#1306,.F.);
#1772=ORIENTED_EDGE('',*,*,#1311,.T.);
#1773=ORIENTED_EDGE('',*,*,#1312,.T.);
#1774=ORIENTED_EDGE('',*,*,#1313,.T.);
#1775=ORIENTED_EDGE('',*,*,#1309,.F.);
#1776=ORIENTED_EDGE('',*,*,#1314,.T.);
#1777=ORIENTED_EDGE('',*,*,#1307,.F.);
#1778=ORIENTED_EDGE('',*,*,#1300,.T.);
#1779=ORIENTED_EDGE('',*,*,#1312,.F.);
#1780=ORIENTED_EDGE('',*,*,#1315,.T.);
#1781=ORIENTED_EDGE('',*,*,#1308,.F.);
#1782=ORIENTED_EDGE('',*,*,#1315,.F.);
#1783=ORIENTED_EDGE('',*,*,#1314,.F.);
#1784=ORIENTED_EDGE('',*,*,#1311,.F.);
#1785=ORIENTED_EDGE('',*,*,#1316,.T.);
#1786=ORIENTED_EDGE('',*,*,#1317,.T.);
#1787=ORIENTED_EDGE('',*,*,#1318,.T.);
#1788=ORIENTED_EDGE('',*,*,#1319,.T.);
#1789=ORIENTED_EDGE('',*,*,#1320,.T.);
#1790=ORIENTED_EDGE('',*,*,#1321,.T.);
#1791=ORIENTED_EDGE('',*,*,#1322,.T.);
#1792=ORIENTED_EDGE('',*,*,#1323,.T.);
#1793=ORIENTED_EDGE('',*,*,#1324,.T.);
#1794=ORIENTED_EDGE('',*,*,#1325,.T.);
#1795=ORIENTED_EDGE('',*,*,#1326,.T.);
#1796=ORIENTED_EDGE('',*,*,#1327,.T.);
#1797=ORIENTED_EDGE('',*,*,#1328,.T.);
#1798=ORIENTED_EDGE('',*,*,#1329,.T.);
#1799=ORIENTED_EDGE('',*,*,#1330,.T.);
#1800=ORIENTED_EDGE('',*,*,#1331,.T.);
#1801=ORIENTED_EDGE('',*,*,#1332,.F.);
#1802=ORIENTED_EDGE('',*,*,#1333,.F.);
#1803=ORIENTED_EDGE('',*,*,#1334,.F.);
#1804=ORIENTED_EDGE('',*,*,#1335,.F.);
#1805=ORIENTED_EDGE('',*,*,#1336,.T.);
#1806=ORIENTED_EDGE('',*,*,#1337,.T.);
#1807=ORIENTED_EDGE('',*,*,#1338,.T.);
#1808=ORIENTED_EDGE('',*,*,#1339,.T.);
#1809=ORIENTED_EDGE('',*,*,#1340,.F.);
#1810=ORIENTED_EDGE('',*,*,#1341,.T.);
#1811=ORIENTED_EDGE('',*,*,#1342,.T.);
#1812=ORIENTED_EDGE('',*,*,#1343,.T.);
#1813=ORIENTED_EDGE('',*,*,#1343,.F.);
#1814=ORIENTED_EDGE('',*,*,#1344,.T.);
#1815=ORIENTED_EDGE('',*,*,#1345,.F.);
#1816=ORIENTED_EDGE('',*,*,#1346,.F.);
#1817=ORIENTED_EDGE('',*,*,#1347,.F.);
#1818=ORIENTED_EDGE('',*,*,#1345,.T.);
#1819=ORIENTED_EDGE('',*,*,#1348,.T.);
#1820=ORIENTED_EDGE('',*,*,#1302,.T.);
#1821=ORIENTED_EDGE('',*,*,#1339,.F.);
#1822=ORIENTED_EDGE('',*,*,#1349,.T.);
#1823=ORIENTED_EDGE('',*,*,#1350,.T.);
#1824=ORIENTED_EDGE('',*,*,#1349,.F.);
#1825=ORIENTED_EDGE('',*,*,#1350,.F.);
#1826=ORIENTED_EDGE('',*,*,#1338,.F.);
#1827=ORIENTED_EDGE('',*,*,#1351,.T.);
#1828=ORIENTED_EDGE('',*,*,#1352,.T.);
#1829=ORIENTED_EDGE('',*,*,#1351,.F.);
#1830=ORIENTED_EDGE('',*,*,#1352,.F.);
#1831=ORIENTED_EDGE('',*,*,#1337,.F.);
#1832=ORIENTED_EDGE('',*,*,#1353,.T.);
#1833=ORIENTED_EDGE('',*,*,#1354,.T.);
#1834=ORIENTED_EDGE('',*,*,#1353,.F.);
#1835=ORIENTED_EDGE('',*,*,#1354,.F.);
#1836=ORIENTED_EDGE('',*,*,#1336,.F.);
#1837=ORIENTED_EDGE('',*,*,#1355,.T.);
#1838=ORIENTED_EDGE('',*,*,#1356,.T.);
#1839=ORIENTED_EDGE('',*,*,#1355,.F.);
#1840=ORIENTED_EDGE('',*,*,#1356,.F.);
#1841=ORIENTED_EDGE('',*,*,#1318,.F.);
#1842=ORIENTED_EDGE('',*,*,#1357,.T.);
#1843=ORIENTED_EDGE('',*,*,#1358,.T.);
#1844=ORIENTED_EDGE('',*,*,#1359,.F.);
#1845=ORIENTED_EDGE('',*,*,#1317,.F.);
#1846=ORIENTED_EDGE('',*,*,#1360,.T.);
#1847=ORIENTED_EDGE('',*,*,#1361,.T.);
#1848=ORIENTED_EDGE('',*,*,#1357,.F.);
#1849=ORIENTED_EDGE('',*,*,#1316,.F.);
#1850=ORIENTED_EDGE('',*,*,#1362,.F.);
#1851=ORIENTED_EDGE('',*,*,#1363,.T.);
#1852=ORIENTED_EDGE('',*,*,#1360,.F.);
#1853=ORIENTED_EDGE('',*,*,#1363,.F.);
#1854=ORIENTED_EDGE('',*,*,#1364,.F.);
#1855=ORIENTED_EDGE('',*,*,#1358,.F.);
#1856=ORIENTED_EDGE('',*,*,#1361,.F.);
#1857=ORIENTED_EDGE('',*,*,#1182,.F.);
#1858=ORIENTED_EDGE('',*,*,#1324,.F.);
#1859=ORIENTED_EDGE('',*,*,#1365,.F.);
#1860=ORIENTED_EDGE('',*,*,#1366,.T.);
#1861=ORIENTED_EDGE('',*,*,#1367,.F.);
#1862=ORIENTED_EDGE('',*,*,#1326,.F.);
#1863=ORIENTED_EDGE('',*,*,#1368,.T.);
#1864=ORIENTED_EDGE('',*,*,#1369,.T.);
#1865=ORIENTED_EDGE('',*,*,#1370,.F.);
#1866=ORIENTED_EDGE('',*,*,#1325,.F.);
#1867=ORIENTED_EDGE('',*,*,#1367,.T.);
#1868=ORIENTED_EDGE('',*,*,#1371,.T.);
#1869=ORIENTED_EDGE('',*,*,#1368,.F.);
#1870=ORIENTED_EDGE('',*,*,#1371,.F.);
#1871=ORIENTED_EDGE('',*,*,#1366,.F.);
#1872=ORIENTED_EDGE('',*,*,#1372,.F.);
#1873=ORIENTED_EDGE('',*,*,#1369,.F.);
#1874=ORIENTED_EDGE('',*,*,#1373,.F.);
#1875=ORIENTED_EDGE('',*,*,#1370,.T.);
#1876=ORIENTED_EDGE('',*,*,#1372,.T.);
#1877=ORIENTED_EDGE('',*,*,#1365,.T.);
#1878=ORIENTED_EDGE('',*,*,#1323,.F.);
#1879=ORIENTED_EDGE('',*,*,#1374,.T.);
#1880=ORIENTED_EDGE('',*,*,#1375,.F.);
#1881=ORIENTED_EDGE('',*,*,#1376,.T.);
#1882=ORIENTED_EDGE('',*,*,#1377,.F.);
#1883=ORIENTED_EDGE('',*,*,#1378,.F.);
#1884=ORIENTED_EDGE('',*,*,#1379,.F.);
#1885=ORIENTED_EDGE('',*,*,#1380,.F.);
#1886=ORIENTED_EDGE('',*,*,#1327,.F.);
#1887=ORIENTED_EDGE('',*,*,#1381,.F.);
#1888=ORIENTED_EDGE('',*,*,#1382,.T.);
#1889=ORIENTED_EDGE('',*,*,#1383,.T.);
#1890=ORIENTED_EDGE('',*,*,#1382,.F.);
#1891=ORIENTED_EDGE('',*,*,#1383,.F.);
#1892=ORIENTED_EDGE('',*,*,#1384,.F.);
#1893=ORIENTED_EDGE('',*,*,#1385,.T.);
#1894=ORIENTED_EDGE('',*,*,#1386,.T.);
#1895=ORIENTED_EDGE('',*,*,#1385,.F.);
#1896=ORIENTED_EDGE('',*,*,#1386,.F.);
#1897=ORIENTED_EDGE('',*,*,#1387,.F.);
#1898=ORIENTED_EDGE('',*,*,#1388,.T.);
#1899=ORIENTED_EDGE('',*,*,#1389,.T.);
#1900=ORIENTED_EDGE('',*,*,#1388,.F.);
#1901=ORIENTED_EDGE('',*,*,#1389,.F.);
#1902=ORIENTED_EDGE('',*,*,#1390,.F.);
#1903=ORIENTED_EDGE('',*,*,#1391,.T.);
#1904=ORIENTED_EDGE('',*,*,#1392,.T.);
#1905=ORIENTED_EDGE('',*,*,#1391,.F.);
#1906=ORIENTED_EDGE('',*,*,#1392,.F.);
#1907=ORIENTED_EDGE('',*,*,#1393,.F.);
#1908=ORIENTED_EDGE('',*,*,#1394,.T.);
#1909=ORIENTED_EDGE('',*,*,#1395,.F.);
#1910=ORIENTED_EDGE('',*,*,#1396,.F.);
#1911=ORIENTED_EDGE('',*,*,#1397,.F.);
#1912=ORIENTED_EDGE('',*,*,#1396,.T.);
#1913=ORIENTED_EDGE('',*,*,#1398,.F.);
#1914=ORIENTED_EDGE('',*,*,#1376,.F.);
#1915=ORIENTED_EDGE('',*,*,#1399,.F.);
#1916=ORIENTED_EDGE('',*,*,#1378,.T.);
#1917=ORIENTED_EDGE('',*,*,#1400,.F.);
#1918=ORIENTED_EDGE('',*,*,#1401,.F.);
#1919=ORIENTED_EDGE('',*,*,#1402,.F.);
#1920=ORIENTED_EDGE('',*,*,#1401,.T.);
#1921=ORIENTED_EDGE('',*,*,#1403,.F.);
#1922=ORIENTED_EDGE('',*,*,#1404,.F.);
#1923=ORIENTED_EDGE('',*,*,#1405,.F.);
#1924=ORIENTED_EDGE('',*,*,#1404,.T.);
#1925=ORIENTED_EDGE('',*,*,#1406,.F.);
#1926=ORIENTED_EDGE('',*,*,#1407,.F.);
#1927=ORIENTED_EDGE('',*,*,#1408,.F.);
#1928=ORIENTED_EDGE('',*,*,#1407,.T.);
#1929=ORIENTED_EDGE('',*,*,#1409,.F.);
#1930=ORIENTED_EDGE('',*,*,#1410,.F.);
#1931=ORIENTED_EDGE('',*,*,#1411,.F.);
#1932=ORIENTED_EDGE('',*,*,#1410,.T.);
#1933=ORIENTED_EDGE('',*,*,#1412,.F.);
#1934=ORIENTED_EDGE('',*,*,#1413,.F.);
#1935=ORIENTED_EDGE('',*,*,#1414,.F.);
#1936=ORIENTED_EDGE('',*,*,#1413,.T.);
#1937=ORIENTED_EDGE('',*,*,#1415,.F.);
#1938=ORIENTED_EDGE('',*,*,#1416,.F.);
#1939=ORIENTED_EDGE('',*,*,#1417,.F.);
#1940=ORIENTED_EDGE('',*,*,#1416,.T.);
#1941=ORIENTED_EDGE('',*,*,#1418,.F.);
#1942=ORIENTED_EDGE('',*,*,#1419,.F.);
#1943=ORIENTED_EDGE('',*,*,#1420,.F.);
#1944=ORIENTED_EDGE('',*,*,#1419,.T.);
#1945=ORIENTED_EDGE('',*,*,#1421,.F.);
#1946=ORIENTED_EDGE('',*,*,#1422,.F.);
#1947=ORIENTED_EDGE('',*,*,#1423,.F.);
#1948=ORIENTED_EDGE('',*,*,#1422,.T.);
#1949=ORIENTED_EDGE('',*,*,#1424,.F.);
#1950=ORIENTED_EDGE('',*,*,#1425,.F.);
#1951=ORIENTED_EDGE('',*,*,#1426,.F.);
#1952=ORIENTED_EDGE('',*,*,#1425,.T.);
#1953=ORIENTED_EDGE('',*,*,#1427,.F.);
#1954=ORIENTED_EDGE('',*,*,#1428,.F.);
#1955=ORIENTED_EDGE('',*,*,#1429,.F.);
#1956=ORIENTED_EDGE('',*,*,#1428,.T.);
#1957=ORIENTED_EDGE('',*,*,#1430,.F.);
#1958=ORIENTED_EDGE('',*,*,#1431,.F.);
#1959=ORIENTED_EDGE('',*,*,#1432,.F.);
#1960=ORIENTED_EDGE('',*,*,#1433,.T.);
#1961=ORIENTED_EDGE('',*,*,#1434,.F.);
#1962=ORIENTED_EDGE('',*,*,#1394,.F.);
#1963=ORIENTED_EDGE('',*,*,#1435,.F.);
#1964=ORIENTED_EDGE('',*,*,#1436,.T.);
#1965=ORIENTED_EDGE('',*,*,#1437,.F.);
#1966=ORIENTED_EDGE('',*,*,#1433,.F.);
#1967=ORIENTED_EDGE('',*,*,#1438,.F.);
#1968=ORIENTED_EDGE('',*,*,#1439,.T.);
#1969=ORIENTED_EDGE('',*,*,#1440,.F.);
#1970=ORIENTED_EDGE('',*,*,#1436,.F.);
#1971=ORIENTED_EDGE('',*,*,#1441,.F.);
#1972=ORIENTED_EDGE('',*,*,#1442,.T.);
#1973=ORIENTED_EDGE('',*,*,#1443,.F.);
#1974=ORIENTED_EDGE('',*,*,#1444,.F.);
#1975=ORIENTED_EDGE('',*,*,#1445,.F.);
#1976=ORIENTED_EDGE('',*,*,#1446,.T.);
#1977=ORIENTED_EDGE('',*,*,#1447,.F.);
#1978=ORIENTED_EDGE('',*,*,#1442,.F.);
#1979=ORIENTED_EDGE('',*,*,#1448,.F.);
#1980=ORIENTED_EDGE('',*,*,#1449,.T.);
#1981=ORIENTED_EDGE('',*,*,#1450,.F.);
#1982=ORIENTED_EDGE('',*,*,#1446,.F.);
#1983=ORIENTED_EDGE('',*,*,#1451,.F.);
#1984=ORIENTED_EDGE('',*,*,#1452,.T.);
#1985=ORIENTED_EDGE('',*,*,#1453,.F.);
#1986=ORIENTED_EDGE('',*,*,#1449,.F.);
#1987=ORIENTED_EDGE('',*,*,#1454,.F.);
#1988=ORIENTED_EDGE('',*,*,#1455,.T.);
#1989=ORIENTED_EDGE('',*,*,#1456,.F.);
#1990=ORIENTED_EDGE('',*,*,#1452,.F.);
#1991=ORIENTED_EDGE('',*,*,#1457,.F.);
#1992=ORIENTED_EDGE('',*,*,#1458,.T.);
#1993=ORIENTED_EDGE('',*,*,#1459,.F.);
#1994=ORIENTED_EDGE('',*,*,#1455,.F.);
#1995=ORIENTED_EDGE('',*,*,#1460,.F.);
#1996=ORIENTED_EDGE('',*,*,#1304,.F.);
#1997=ORIENTED_EDGE('',*,*,#1461,.T.);
#1998=ORIENTED_EDGE('',*,*,#1443,.T.);
#1999=ORIENTED_EDGE('',*,*,#1447,.T.);
#2000=ORIENTED_EDGE('',*,*,#1450,.T.);
#2001=ORIENTED_EDGE('',*,*,#1453,.T.);
#2002=ORIENTED_EDGE('',*,*,#1456,.T.);
#2003=ORIENTED_EDGE('',*,*,#1459,.T.);
#2004=ORIENTED_EDGE('',*,*,#1462,.T.);
#2005=ORIENTED_EDGE('',*,*,#1430,.T.);
#2006=ORIENTED_EDGE('',*,*,#1427,.T.);
#2007=ORIENTED_EDGE('',*,*,#1424,.T.);
#2008=ORIENTED_EDGE('',*,*,#1421,.T.);
#2009=ORIENTED_EDGE('',*,*,#1418,.T.);
#2010=ORIENTED_EDGE('',*,*,#1415,.T.);
#2011=ORIENTED_EDGE('',*,*,#1412,.T.);
#2012=ORIENTED_EDGE('',*,*,#1409,.T.);
#2013=ORIENTED_EDGE('',*,*,#1406,.T.);
#2014=ORIENTED_EDGE('',*,*,#1403,.T.);
#2015=ORIENTED_EDGE('',*,*,#1400,.T.);
#2016=ORIENTED_EDGE('',*,*,#1377,.T.);
#2017=ORIENTED_EDGE('',*,*,#1398,.T.);
#2018=ORIENTED_EDGE('',*,*,#1395,.T.);
#2019=ORIENTED_EDGE('',*,*,#1434,.T.);
#2020=ORIENTED_EDGE('',*,*,#1437,.T.);
#2021=ORIENTED_EDGE('',*,*,#1440,.T.);
#2022=ORIENTED_EDGE('',*,*,#1463,.T.);
#2023=ORIENTED_EDGE('',*,*,#1399,.T.);
#2024=ORIENTED_EDGE('',*,*,#1402,.T.);
#2025=ORIENTED_EDGE('',*,*,#1405,.T.);
#2026=ORIENTED_EDGE('',*,*,#1408,.T.);
#2027=ORIENTED_EDGE('',*,*,#1411,.T.);
#2028=ORIENTED_EDGE('',*,*,#1414,.T.);
#2029=ORIENTED_EDGE('',*,*,#1417,.T.);
#2030=ORIENTED_EDGE('',*,*,#1420,.T.);
#2031=ORIENTED_EDGE('',*,*,#1423,.T.);
#2032=ORIENTED_EDGE('',*,*,#1426,.T.);
#2033=ORIENTED_EDGE('',*,*,#1429,.T.);
#2034=ORIENTED_EDGE('',*,*,#1464,.T.);
#2035=ORIENTED_EDGE('',*,*,#1465,.T.);
#2036=ORIENTED_EDGE('',*,*,#1466,.T.);
#2037=ORIENTED_EDGE('',*,*,#1467,.T.);
#2038=ORIENTED_EDGE('',*,*,#1379,.T.);
#2039=ORIENTED_EDGE('',*,*,#1384,.T.);
#2040=ORIENTED_EDGE('',*,*,#1390,.T.);
#2041=ORIENTED_EDGE('',*,*,#1441,.T.);
#2042=ORIENTED_EDGE('',*,*,#1468,.T.);
#2043=ORIENTED_EDGE('',*,*,#1469,.T.);
#2044=ORIENTED_EDGE('',*,*,#1470,.T.);
#2045=ORIENTED_EDGE('',*,*,#1457,.T.);
#2046=ORIENTED_EDGE('',*,*,#1454,.T.);
#2047=ORIENTED_EDGE('',*,*,#1451,.T.);
#2048=ORIENTED_EDGE('',*,*,#1448,.T.);
#2049=ORIENTED_EDGE('',*,*,#1445,.T.);
#2050=ORIENTED_EDGE('',*,*,#1387,.T.);
#2051=ORIENTED_EDGE('',*,*,#1362,.T.);
#2052=ORIENTED_EDGE('',*,*,#1331,.F.);
#2053=ORIENTED_EDGE('',*,*,#1471,.T.);
#2054=ORIENTED_EDGE('',*,*,#1464,.F.);
#2055=ORIENTED_EDGE('',*,*,#1431,.T.);
#2056=ORIENTED_EDGE('',*,*,#1462,.F.);
#2057=ORIENTED_EDGE('',*,*,#1458,.F.);
#2058=ORIENTED_EDGE('',*,*,#1470,.F.);
#2059=ORIENTED_EDGE('',*,*,#1472,.F.);
#2060=ORIENTED_EDGE('',*,*,#1319,.F.);
#2061=ORIENTED_EDGE('',*,*,#1359,.T.);
#2062=ORIENTED_EDGE('',*,*,#1364,.T.);
#2063=ORIENTED_EDGE('',*,*,#1321,.F.);
#2064=ORIENTED_EDGE('',*,*,#1473,.T.);
#2065=ORIENTED_EDGE('',*,*,#1468,.F.);
#2066=ORIENTED_EDGE('',*,*,#1444,.T.);
#2067=ORIENTED_EDGE('',*,*,#1461,.F.);
#2068=ORIENTED_EDGE('',*,*,#1303,.F.);
#2069=ORIENTED_EDGE('',*,*,#1348,.F.);
#2070=ORIENTED_EDGE('',*,*,#1344,.F.);
#2071=ORIENTED_EDGE('',*,*,#1342,.F.);
#2072=ORIENTED_EDGE('',*,*,#1474,.F.);
#2073=ORIENTED_EDGE('',*,*,#1475,.F.);
#2074=ORIENTED_EDGE('',*,*,#1476,.F.);
#2075=ORIENTED_EDGE('',*,*,#1465,.F.);
#2076=ORIENTED_EDGE('',*,*,#1471,.F.);
#2077=ORIENTED_EDGE('',*,*,#1330,.F.);
#2078=ORIENTED_EDGE('',*,*,#1477,.T.);
#2079=ORIENTED_EDGE('',*,*,#1466,.F.);
#2080=ORIENTED_EDGE('',*,*,#1477,.F.);
#2081=ORIENTED_EDGE('',*,*,#1329,.F.);
#2082=ORIENTED_EDGE('',*,*,#1478,.T.);
#2083=ORIENTED_EDGE('',*,*,#1467,.F.);
#2084=ORIENTED_EDGE('',*,*,#1478,.F.);
#2085=ORIENTED_EDGE('',*,*,#1328,.F.);
#2086=ORIENTED_EDGE('',*,*,#1380,.T.);
#2087=ORIENTED_EDGE('',*,*,#1479,.F.);
#2088=ORIENTED_EDGE('',*,*,#1374,.F.);
#2089=ORIENTED_EDGE('',*,*,#1322,.F.);
#2090=ORIENTED_EDGE('',*,*,#1476,.T.);
#2091=ORIENTED_EDGE('',*,*,#1469,.F.);
#2092=ORIENTED_EDGE('',*,*,#1473,.F.);
#2093=ORIENTED_EDGE('',*,*,#1320,.F.);
#2094=ORIENTED_EDGE('',*,*,#1472,.T.);
#2095=ORIENTED_EDGE('',*,*,#1397,.T.);
#2096=ORIENTED_EDGE('',*,*,#1375,.T.);
#2097=ORIENTED_EDGE('',*,*,#1479,.T.);
#2098=ORIENTED_EDGE('',*,*,#1475,.T.);
#2099=ORIENTED_EDGE('',*,*,#1480,.T.);
#2100=ORIENTED_EDGE('',*,*,#1438,.T.);
#2101=ORIENTED_EDGE('',*,*,#1435,.T.);
#2102=ORIENTED_EDGE('',*,*,#1432,.T.);
#2103=ORIENTED_EDGE('',*,*,#1393,.T.);
#2104=ORIENTED_EDGE('',*,*,#1381,.T.);
#2105=ORIENTED_EDGE('',*,*,#1161,.T.);
#2106=ORIENTED_EDGE('',*,*,#1305,.F.);
#2107=ORIENTED_EDGE('',*,*,#1460,.T.);
#2108=ORIENTED_EDGE('',*,*,#1481,.F.);
#2109=ORIENTED_EDGE('',*,*,#1292,.F.);
#2110=ORIENTED_EDGE('',*,*,#1180,.T.);
#2111=ORIENTED_EDGE('',*,*,#1212,.F.);
#2112=ORIENTED_EDGE('',*,*,#1482,.F.);
#2113=ORIENTED_EDGE('',*,*,#1313,.F.);
#2114=ORIENTED_EDGE('',*,*,#1299,.T.);
#2115=ORIENTED_EDGE('',*,*,#1215,.F.);
#2116=ORIENTED_EDGE('',*,*,#1298,.F.);
#2117=ORIENTED_EDGE('',*,*,#1310,.F.);
#2118=ORIENTED_EDGE('',*,*,#1482,.T.);
#2119=ORIENTED_EDGE('',*,*,#1373,.T.);
#2120=ORIENTED_EDGE('',*,*,#1483,.T.);
#2121=ORIENTED_EDGE('',*,*,#1291,.F.);
#2122=ORIENTED_EDGE('',*,*,#1483,.F.);
#2123=ORIENTED_EDGE('',*,*,#1332,.T.);
#2124=ORIENTED_EDGE('',*,*,#1484,.T.);
#2125=ORIENTED_EDGE('',*,*,#1287,.F.);
#2126=ORIENTED_EDGE('',*,*,#1484,.F.);
#2127=ORIENTED_EDGE('',*,*,#1333,.T.);
#2128=ORIENTED_EDGE('',*,*,#1485,.T.);
#2129=ORIENTED_EDGE('',*,*,#1288,.F.);
#2130=ORIENTED_EDGE('',*,*,#1485,.F.);
#2131=ORIENTED_EDGE('',*,*,#1334,.T.);
#2132=ORIENTED_EDGE('',*,*,#1486,.T.);
#2133=ORIENTED_EDGE('',*,*,#1289,.F.);
#2134=ORIENTED_EDGE('',*,*,#1486,.F.);
#2135=ORIENTED_EDGE('',*,*,#1335,.T.);
#2136=ORIENTED_EDGE('',*,*,#1487,.T.);
#2137=ORIENTED_EDGE('',*,*,#1290,.F.);
#2138=ORIENTED_EDGE('',*,*,#1487,.F.);
#2139=ORIENTED_EDGE('',*,*,#1341,.F.);
#2140=ORIENTED_EDGE('',*,*,#1488,.T.);
#2141=ORIENTED_EDGE('',*,*,#1293,.F.);
#2142=ORIENTED_EDGE('',*,*,#1481,.T.);
#2143=ORIENTED_EDGE('',*,*,#1463,.F.);
#2144=ORIENTED_EDGE('',*,*,#1439,.F.);
#2145=ORIENTED_EDGE('',*,*,#1480,.F.);
#2146=ORIENTED_EDGE('',*,*,#1474,.T.);
#2147=ORIENTED_EDGE('',*,*,#1488,.F.);
#2148=ORIENTED_EDGE('',*,*,#1340,.T.);
#2149=ORIENTED_EDGE('',*,*,#1346,.T.);
#2150=ORIENTED_EDGE('',*,*,#1347,.T.);
#2151=ORIENTED_EDGE('',*,*,#1301,.T.);
#2152=ORIENTED_EDGE('',*,*,#1294,.F.);
#2153=PLANE('',#2367);
#2154=PLANE('',#2370);
#2155=PLANE('',#2371);
#2156=PLANE('',#2372);
#2157=PLANE('',#2373);
#2158=PLANE('',#2374);
#2159=PLANE('',#2378);
#2160=PLANE('',#2379);
#2161=PLANE('',#2380);
#2162=PLANE('',#2384);
#2163=PLANE('',#2385);
#2164=PLANE('',#2390);
#2165=PLANE('',#2394);
#2166=PLANE('',#2399);
#2167=PLANE('',#2403);
#2168=PLANE('',#2407);
#2169=PLANE('',#2444);
#2170=PLANE('',#2445);
#2171=PLANE('',#2446);
#2172=PLANE('',#2447);
#2173=PLANE('',#2460);
#2174=PLANE('',#2462);
#2175=PLANE('',#2464);
#2176=PLANE('',#2466);
#2177=PLANE('',#2468);
#2178=PLANE('',#2470);
#2179=PLANE('',#2475);
#2180=PLANE('',#2490);
#2181=PLANE('',#2491);
#2182=PLANE('',#2492);
#2183=PLANE('',#2495);
#2184=PLANE('',#2498);
#2185=PLANE('',#2501);
#2186=PLANE('',#2504);
#2187=PLANE('',#2505);
#2188=PLANE('',#2508);
#2189=PLANE('',#2509);
#2190=PLANE('',#2510);
#2191=PLANE('',#2511);
#2192=PLANE('',#2514);
#2193=PLANE('',#2516);
#2194=PLANE('',#2520);
#2195=PLANE('',#2524);
#2196=PLANE('',#2528);
#2197=PLANE('',#2532);
#2198=PLANE('',#2533);
#2199=PLANE('',#2540);
#2200=PLANE('',#2544);
#2201=PLANE('',#2548);
#2202=PLANE('',#2552);
#2203=PLANE('',#2556);
#2204=PLANE('',#2563);
#2205=PLANE('',#2567);
#2206=PLANE('',#2571);
#2207=PLANE('',#2575);
#2208=PLANE('',#2579);
#2209=PLANE('',#2580);
#2210=PLANE('',#2583);
#2211=PLANE('',#2585);
#2212=PLANE('',#2586);
#2213=PLANE('',#2588);
#2214=PLANE('',#2593);
#2215=PLANE('',#2594);
#2216=PLANE('',#2600);
#2217=PLANE('',#2601);
#2218=ADVANCED_FACE('',(#136),#2153,.F.);
#2219=ADVANCED_FACE('',(#137),#2154,.F.);
#2220=ADVANCED_FACE('',(#138),#2155,.F.);
#2221=ADVANCED_FACE('',(#139),#2156,.F.);
#2222=ADVANCED_FACE('',(#140),#2157,.F.);
#2223=ADVANCED_FACE('',(#141),#2158,.F.);
#2224=ADVANCED_FACE('',(#142),#94,.F.);
#2225=ADVANCED_FACE('',(#143),#2159,.F.);
#2226=ADVANCED_FACE('',(#144),#2160,.F.);
#2227=ADVANCED_FACE('',(#145),#2161,.F.);
#2228=ADVANCED_FACE('',(#146),#95,.T.);
#2229=ADVANCED_FACE('',(#147),#2162,.F.);
#2230=ADVANCED_FACE('',(#148),#2163,.F.);
#2231=ADVANCED_FACE('',(#149),#96,.T.);
#2232=ADVANCED_FACE('',(#150),#2164,.T.);
#2233=ADVANCED_FACE('',(#151),#86,.T.);
#2234=ADVANCED_FACE('',(#152),#87,.T.);
#2235=ADVANCED_FACE('',(#153),#88,.T.);
#2236=ADVANCED_FACE('',(#154),#89,.T.);
#2237=ADVANCED_FACE('',(#155),#58,.T.);
#2238=ADVANCED_FACE('',(#156),#59,.T.);
#2239=ADVANCED_FACE('',(#157),#60,.T.);
#2240=ADVANCED_FACE('',(#158),#61,.T.);
#2241=ADVANCED_FACE('',(#159),#46,.F.);
#2242=ADVANCED_FACE('',(#160),#2165,.T.);
#2243=ADVANCED_FACE('',(#161),#47,.F.);
#2244=ADVANCED_FACE('',(#162),#2166,.T.);
#2245=ADVANCED_FACE('',(#163),#48,.F.);
#2246=ADVANCED_FACE('',(#164),#2167,.T.);
#2247=ADVANCED_FACE('',(#165),#49,.F.);
#2248=ADVANCED_FACE('',(#166),#2168,.T.);
#2249=ADVANCED_FACE('',(#167),#62,.T.);
#2250=ADVANCED_FACE('',(#168),#50,.F.);
#2251=ADVANCED_FACE('',(#169),#97,.F.);
#2252=ADVANCED_FACE('',(#170),#63,.T.);
#2253=ADVANCED_FACE('',(#171),#51,.F.);
#2254=ADVANCED_FACE('',(#172),#98,.F.);
#2255=ADVANCED_FACE('',(#173),#64,.T.);
#2256=ADVANCED_FACE('',(#174),#52,.F.);
#2257=ADVANCED_FACE('',(#175),#99,.F.);
#2258=ADVANCED_FACE('',(#176),#65,.T.);
#2259=ADVANCED_FACE('',(#177),#53,.F.);
#2260=ADVANCED_FACE('',(#178),#100,.F.);
#2261=ADVANCED_FACE('',(#179),#2169,.T.);
#2262=ADVANCED_FACE('',(#180),#2170,.T.);
#2263=ADVANCED_FACE('',(#181),#2171,.T.);
#2264=ADVANCED_FACE('',(#182),#2172,.T.);
#2265=ADVANCED_FACE('',(#183),#101,.F.);
#2266=ADVANCED_FACE('',(#184),#102,.F.);
#2267=ADVANCED_FACE('',(#185),#103,.F.);
#2268=ADVANCED_FACE('',(#186),#104,.F.);
#2269=ADVANCED_FACE('',(#187,#15),#2173,.F.);
#2270=ADVANCED_FACE('',(#188,#16),#2174,.F.);
#2271=ADVANCED_FACE('',(#189,#17),#2175,.F.);
#2272=ADVANCED_FACE('',(#190,#18),#2176,.F.);
#2273=ADVANCED_FACE('',(#191,#19,#20,#21,#22,#23,#24,#25,#26,#27,#28,#29,
#30),#2177,.T.);
#2274=ADVANCED_FACE('',(#192),#66,.T.);
#2275=ADVANCED_FACE('',(#193),#67,.T.);
#2276=ADVANCED_FACE('',(#194),#2178,.T.);
#2277=ADVANCED_FACE('',(#195),#90,.F.);
#2278=ADVANCED_FACE('',(#196),#91,.F.);
#2279=ADVANCED_FACE('',(#197),#92,.F.);
#2280=ADVANCED_FACE('',(#198),#93,.F.);
#2281=ADVANCED_FACE('',(#199,#31,#32,#33,#34,#35,#36,#37,#38,#39),#2179,
 .T.);
#2282=ADVANCED_FACE('',(#200),#2180,.T.);
#2283=ADVANCED_FACE('',(#201),#2181,.T.);
#2284=ADVANCED_FACE('',(#202),#2182,.T.);
#2285=ADVANCED_FACE('',(#203),#105,.F.);
#2286=ADVANCED_FACE('',(#204),#2183,.T.);
#2287=ADVANCED_FACE('',(#205),#106,.F.);
#2288=ADVANCED_FACE('',(#206),#2184,.T.);
#2289=ADVANCED_FACE('',(#207),#107,.F.);
#2290=ADVANCED_FACE('',(#208),#2185,.T.);
#2291=ADVANCED_FACE('',(#209),#108,.F.);
#2292=ADVANCED_FACE('',(#210),#2186,.T.);
#2293=ADVANCED_FACE('',(#211),#2187,.F.);
#2294=ADVANCED_FACE('',(#212),#109,.F.);
#2295=ADVANCED_FACE('',(#213),#2188,.F.);
#2296=ADVANCED_FACE('',(#214,#40),#2189,.T.);
#2297=ADVANCED_FACE('',(#215),#2190,.F.);
#2298=ADVANCED_FACE('',(#216),#2191,.F.);
#2299=ADVANCED_FACE('',(#217),#110,.F.);
#2300=ADVANCED_FACE('',(#218,#41),#2192,.T.);
#2301=ADVANCED_FACE('',(#219),#2193,.F.);
#2302=ADVANCED_FACE('',(#220),#111,.F.);
#2303=ADVANCED_FACE('',(#221),#2194,.T.);
#2304=ADVANCED_FACE('',(#222),#112,.F.);
#2305=ADVANCED_FACE('',(#223),#2195,.T.);
#2306=ADVANCED_FACE('',(#224),#113,.F.);
#2307=ADVANCED_FACE('',(#225),#2196,.T.);
#2308=ADVANCED_FACE('',(#226),#114,.F.);
#2309=ADVANCED_FACE('',(#227),#2197,.T.);
#2310=ADVANCED_FACE('',(#228),#2198,.F.);
#2311=ADVANCED_FACE('',(#229),#115,.F.);
#2312=ADVANCED_FACE('',(#230),#116,.F.);
#2313=ADVANCED_FACE('',(#231),#2199,.F.);
#2314=ADVANCED_FACE('',(#232),#117,.T.);
#2315=ADVANCED_FACE('',(#233),#2200,.F.);
#2316=ADVANCED_FACE('',(#234),#118,.F.);
#2317=ADVANCED_FACE('',(#235),#2201,.F.);
#2318=ADVANCED_FACE('',(#236),#119,.F.);
#2319=ADVANCED_FACE('',(#237),#2202,.F.);
#2320=ADVANCED_FACE('',(#238),#120,.T.);
#2321=ADVANCED_FACE('',(#239),#2203,.F.);
#2322=ADVANCED_FACE('',(#240),#121,.F.);
#2323=ADVANCED_FACE('',(#241),#122,.T.);
#2324=ADVANCED_FACE('',(#242),#2204,.F.);
#2325=ADVANCED_FACE('',(#243),#123,.F.);
#2326=ADVANCED_FACE('',(#244),#2205,.F.);
#2327=ADVANCED_FACE('',(#245),#124,.F.);
#2328=ADVANCED_FACE('',(#246),#2206,.F.);
#2329=ADVANCED_FACE('',(#247),#125,.T.);
#2330=ADVANCED_FACE('',(#248),#2207,.F.);
#2331=ADVANCED_FACE('',(#249),#126,.F.);
#2332=ADVANCED_FACE('',(#250),#2208,.F.);
#2333=ADVANCED_FACE('',(#251,#42,#43),#2209,.F.);
#2334=ADVANCED_FACE('',(#252,#44),#2210,.F.);
#2335=ADVANCED_FACE('',(#253),#2211,.F.);
#2336=ADVANCED_FACE('',(#254),#2212,.F.);
#2337=ADVANCED_FACE('',(#255),#127,.F.);
#2338=ADVANCED_FACE('',(#256),#2213,.F.);
#2339=ADVANCED_FACE('',(#257),#128,.F.);
#2340=ADVANCED_FACE('',(#258),#129,.F.);
#2341=ADVANCED_FACE('',(#259),#130,.F.);
#2342=ADVANCED_FACE('',(#260,#45),#2214,.F.);
#2343=ADVANCED_FACE('',(#261),#2215,.T.);
#2344=ADVANCED_FACE('',(#262),#68,.T.);
#2345=ADVANCED_FACE('',(#263),#69,.T.);
#2346=ADVANCED_FACE('',(#264),#131,.F.);
#2347=ADVANCED_FACE('',(#265),#132,.F.);
#2348=ADVANCED_FACE('',(#266),#133,.F.);
#2349=ADVANCED_FACE('',(#267),#134,.F.);
#2350=ADVANCED_FACE('',(#268),#135,.F.);
#2351=ADVANCED_FACE('',(#269),#2216,.T.);
#2352=ADVANCED_FACE('',(#270),#2217,.T.);
#2353=CLOSED_SHELL('',(#2218,#2219,#2220,#2221,#2222,#2223,#2224,#2225,
#2226,#2227,#2228,#2229,#2230,#2231,#2232,#2233,#2234,#2235,#2236,#2237,
#2238,#2239,#2240,#2241,#2242,#2243,#2244,#2245,#2246,#2247,#2248,#2249,
#2250,#2251,#2252,#2253,#2254,#2255,#2256,#2257,#2258,#2259,#2260,#2261,
#2262,#2263,#2264,#2265,#2266,#2267,#2268,#2269,#2270,#2271,#2272,#2273,
#2274,#2275,#2276,#2277,#2278,#2279,#2280,#2281,#2282,#2283,#2284,#2285,
#2286,#2287,#2288,#2289,#2290,#2291,#2292,#2293,#2294,#2295,#2296,#2297,
#2298,#2299,#2300,#2301,#2302,#2303,#2304,#2305,#2306,#2307,#2308,#2309,
#2310,#2311,#2312,#2313,#2314,#2315,#2316,#2317,#2318,#2319,#2320,#2321,
#2322,#2323,#2324,#2325,#2326,#2327,#2328,#2329,#2330,#2331,#2332,#2333,
#2334,#2335,#2336,#2337,#2338,#2339,#2340,#2341,#2342,#2343,#2344,#2345,
#2346,#2347,#2348,#2349,#2350,#2351,#2352));
#2354=DERIVED_UNIT_ELEMENT(#2356,1.);
#2355=DERIVED_UNIT_ELEMENT(#4907,-3.);
#2356=(
MASS_UNIT()
NAMED_UNIT(*)
SI_UNIT(.KILO.,.GRAM.)
);
#2357=DERIVED_UNIT((#2354,#2355));
#2358=MEASURE_REPRESENTATION_ITEM('density measure',
POSITIVE_RATIO_MEASURE(7850.),#2357);
#2359=PROPERTY_DEFINITION_REPRESENTATION(#2364,#2361);
#2360=PROPERTY_DEFINITION_REPRESENTATION(#2365,#2362);
#2361=REPRESENTATION('material name',(#2363),#4904);
#2362=REPRESENTATION('density',(#2358),#4904);
#2363=DESCRIPTIVE_REPRESENTATION_ITEM('Steel','Steel');
#2364=PROPERTY_DEFINITION('material property','material name',#4914);
#2365=PROPERTY_DEFINITION('material property','density of part',#4914);
#2366=AXIS2_PLACEMENT_3D('',#3266,#2602,#2603);
#2367=AXIS2_PLACEMENT_3D('',#3267,#2604,#2605);
#2368=AXIS2_PLACEMENT_3D('',#3270,#2606,#2607);
#2369=AXIS2_PLACEMENT_3D('',#3285,#2615,#2616);
#2370=AXIS2_PLACEMENT_3D('',#3286,#2617,#2618);
#2371=AXIS2_PLACEMENT_3D('',#3296,#2624,#2625);
#2372=AXIS2_PLACEMENT_3D('',#3306,#2631,#2632);
#2373=AXIS2_PLACEMENT_3D('',#3310,#2635,#2636);
#2374=AXIS2_PLACEMENT_3D('',#3316,#2640,#2641);
#2375=AXIS2_PLACEMENT_3D('',#3318,#2643,#2644);
#2376=AXIS2_PLACEMENT_3D('',#3320,#2645,#2646);
#2377=AXIS2_PLACEMENT_3D('',#3322,#2648,#2649);
#2378=AXIS2_PLACEMENT_3D('',#3323,#2650,#2651);
#2379=AXIS2_PLACEMENT_3D('',#3332,#2656,#2657);
#2380=AXIS2_PLACEMENT_3D('',#3338,#2661,#2662);
#2381=AXIS2_PLACEMENT_3D('',#3344,#2666,#2667);
#2382=AXIS2_PLACEMENT_3D('',#3346,#2668,#2669);
#2383=AXIS2_PLACEMENT_3D('',#3349,#2671,#2672);
#2384=AXIS2_PLACEMENT_3D('',#3350,#2673,#2674);
#2385=AXIS2_PLACEMENT_3D('',#3353,#2677,#2678);
#2386=AXIS2_PLACEMENT_3D('',#3359,#2682,#2683);
#2387=AXIS2_PLACEMENT_3D('',#3361,#2684,#2685);
#2388=AXIS2_PLACEMENT_3D('',#3362,#2686,#2687);
#2389=AXIS2_PLACEMENT_3D('',#3363,#2688,#2689);
#2390=AXIS2_PLACEMENT_3D('',#3364,#2690,#2691);
#2391=AXIS2_PLACEMENT_3D('',#3613,#2700,#2701);
#2392=AXIS2_PLACEMENT_3D('',#3615,#2702,#2703);
#2393=AXIS2_PLACEMENT_3D('',#3618,#2705,#2706);
#2394=AXIS2_PLACEMENT_3D('',#3619,#2707,#2708);
#2395=AXIS2_PLACEMENT_3D('',#3620,#2709,#2710);
#2396=AXIS2_PLACEMENT_3D('',#3622,#2711,#2712);
#2397=AXIS2_PLACEMENT_3D('',#3625,#2714,#2715);
#2398=AXIS2_PLACEMENT_3D('',#3626,#2716,#2717);
#2399=AXIS2_PLACEMENT_3D('',#3627,#2718,#2719);
#2400=AXIS2_PLACEMENT_3D('',#3628,#2720,#2721);
#2401=AXIS2_PLACEMENT_3D('',#3630,#2722,#2723);
#2402=AXIS2_PLACEMENT_3D('',#3632,#2725,#2726);
#2403=AXIS2_PLACEMENT_3D('',#3633,#2727,#2728);
#2404=AXIS2_PLACEMENT_3D('',#3634,#2729,#2730);
#2405=AXIS2_PLACEMENT_3D('',#3636,#2731,#2732);
#2406=AXIS2_PLACEMENT_3D('',#3639,#2734,#2735);
#2407=AXIS2_PLACEMENT_3D('',#3640,#2736,#2737);
#2408=AXIS2_PLACEMENT_3D('',#3670,#2738,#2739);
#2409=AXIS2_PLACEMENT_3D('',#3672,#2740,#2741);
#2410=AXIS2_PLACEMENT_3D('',#3674,#2742,#2743);
#2411=AXIS2_PLACEMENT_3D('',#3675,#2744,#2745);
#2412=AXIS2_PLACEMENT_3D('',#3676,#2746,#2747);
#2413=AXIS2_PLACEMENT_3D('',#3677,#2748,#2749);
#2414=AXIS2_PLACEMENT_3D('',#3679,#2750,#2751);
#2415=AXIS2_PLACEMENT_3D('',#3681,#2753,#2754);
#2416=AXIS2_PLACEMENT_3D('',#3683,#2755,#2756);
#2417=AXIS2_PLACEMENT_3D('',#3714,#2758,#2759);
#2418=AXIS2_PLACEMENT_3D('',#3716,#2760,#2761);
#2419=AXIS2_PLACEMENT_3D('',#3718,#2762,#2763);
#2420=AXIS2_PLACEMENT_3D('',#3719,#2764,#2765);
#2421=AXIS2_PLACEMENT_3D('',#3720,#2766,#2767);
#2422=AXIS2_PLACEMENT_3D('',#3721,#2768,#2769);
#2423=AXIS2_PLACEMENT_3D('',#3723,#2770,#2771);
#2424=AXIS2_PLACEMENT_3D('',#3725,#2773,#2774);
#2425=AXIS2_PLACEMENT_3D('',#3727,#2775,#2776);
#2426=AXIS2_PLACEMENT_3D('',#3758,#2778,#2779);
#2427=AXIS2_PLACEMENT_3D('',#3760,#2780,#2781);
#2428=AXIS2_PLACEMENT_3D('',#3762,#2782,#2783);
#2429=AXIS2_PLACEMENT_3D('',#3763,#2784,#2785);
#2430=AXIS2_PLACEMENT_3D('',#3764,#2786,#2787);
#2431=AXIS2_PLACEMENT_3D('',#3765,#2788,#2789);
#2432=AXIS2_PLACEMENT_3D('',#3767,#2790,#2791);
#2433=AXIS2_PLACEMENT_3D('',#3769,#2793,#2794);
#2434=AXIS2_PLACEMENT_3D('',#3771,#2795,#2796);
#2435=AXIS2_PLACEMENT_3D('',#3802,#2798,#2799);
#2436=AXIS2_PLACEMENT_3D('',#3804,#2800,#2801);
#2437=AXIS2_PLACEMENT_3D('',#3806,#2802,#2803);
#2438=AXIS2_PLACEMENT_3D('',#3807,#2804,#2805);
#2439=AXIS2_PLACEMENT_3D('',#3808,#2806,#2807);
#2440=AXIS2_PLACEMENT_3D('',#3809,#2808,#2809);
#2441=AXIS2_PLACEMENT_3D('',#3811,#2810,#2811);
#2442=AXIS2_PLACEMENT_3D('',#3813,#2813,#2814);
#2443=AXIS2_PLACEMENT_3D('',#3815,#2815,#2816);
#2444=AXIS2_PLACEMENT_3D('',#3817,#2818,#2819);
#2445=AXIS2_PLACEMENT_3D('',#3818,#2820,#2821);
#2446=AXIS2_PLACEMENT_3D('',#3819,#2822,#2823);
#2447=AXIS2_PLACEMENT_3D('',#3820,#2824,#2825);
#2448=AXIS2_PLACEMENT_3D('',#3821,#2826,#2827);
#2449=AXIS2_PLACEMENT_3D('',#3823,#2828,#2829);
#2450=AXIS2_PLACEMENT_3D('',#3826,#2831,#2832);
#2451=AXIS2_PLACEMENT_3D('',#3827,#2833,#2834);
#2452=AXIS2_PLACEMENT_3D('',#3829,#2835,#2836);
#2453=AXIS2_PLACEMENT_3D('',#3832,#2838,#2839);
#2454=AXIS2_PLACEMENT_3D('',#3833,#2840,#2841);
#2455=AXIS2_PLACEMENT_3D('',#3835,#2842,#2843);
#2456=AXIS2_PLACEMENT_3D('',#3838,#2845,#2846);
#2457=AXIS2_PLACEMENT_3D('',#3839,#2847,#2848);
#2458=AXIS2_PLACEMENT_3D('',#3841,#2849,#2850);
#2459=AXIS2_PLACEMENT_3D('',#3844,#2852,#2853);
#2460=AXIS2_PLACEMENT_3D('',#3845,#2854,#2855);
#2461=AXIS2_PLACEMENT_3D('',#3847,#2856,#2857);
#2462=AXIS2_PLACEMENT_3D('',#3848,#2858,#2859);
#2463=AXIS2_PLACEMENT_3D('',#3850,#2860,#2861);
#2464=AXIS2_PLACEMENT_3D('',#3851,#2862,#2863);
#2465=AXIS2_PLACEMENT_3D('',#3853,#2864,#2865);
#2466=AXIS2_PLACEMENT_3D('',#3854,#2866,#2867);
#2467=AXIS2_PLACEMENT_3D('',#3856,#2868,#2869);
#2468=AXIS2_PLACEMENT_3D('',#3857,#2870,#2871);
#2469=AXIS2_PLACEMENT_3D('',#3859,#2872,#2873);
#2470=AXIS2_PLACEMENT_3D('',#3925,#2881,#2882);
#2471=AXIS2_PLACEMENT_3D('',#4056,#2888,#2889);
#2472=AXIS2_PLACEMENT_3D('',#4058,#2890,#2891);
#2473=AXIS2_PLACEMENT_3D('',#4201,#2892,#2893);
#2474=AXIS2_PLACEMENT_3D('',#4357,#2894,#2895);
#2475=AXIS2_PLACEMENT_3D('',#4536,#2896,#2897);
#2476=AXIS2_PLACEMENT_3D('',#4541,#2899,#2900);
#2477=AXIS2_PLACEMENT_3D('',#4547,#2903,#2904);
#2478=AXIS2_PLACEMENT_3D('',#4551,#2906,#2907);
#2479=AXIS2_PLACEMENT_3D('',#4557,#2910,#2911);
#2480=AXIS2_PLACEMENT_3D('',#4563,#2914,#2915);
#2481=AXIS2_PLACEMENT_3D('',#4567,#2917,#2918);
#2482=AXIS2_PLACEMENT_3D('',#4570,#2920,#2921);
#2483=AXIS2_PLACEMENT_3D('',#4572,#2922,#2923);
#2484=AXIS2_PLACEMENT_3D('',#4574,#2924,#2925);
#2485=AXIS2_PLACEMENT_3D('',#4576,#2926,#2927);
#2486=AXIS2_PLACEMENT_3D('',#4578,#2928,#2929);
#2487=AXIS2_PLACEMENT_3D('',#4580,#2930,#2931);
#2488=AXIS2_PLACEMENT_3D('',#4582,#2932,#2933);
#2489=AXIS2_PLACEMENT_3D('',#4584,#2934,#2935);
#2490=AXIS2_PLACEMENT_3D('',#4585,#2936,#2937);
#2491=AXIS2_PLACEMENT_3D('',#4594,#2942,#2943);
#2492=AXIS2_PLACEMENT_3D('',#4600,#2947,#2948);
#2493=AXIS2_PLACEMENT_3D('',#4603,#2951,#2952);
#2494=AXIS2_PLACEMENT_3D('',#4606,#2954,#2955);
#2495=AXIS2_PLACEMENT_3D('',#4607,#2956,#2957);
#2496=AXIS2_PLACEMENT_3D('',#4608,#2958,#2959);
#2497=AXIS2_PLACEMENT_3D('',#4611,#2961,#2962);
#2498=AXIS2_PLACEMENT_3D('',#4612,#2963,#2964);
#2499=AXIS2_PLACEMENT_3D('',#4613,#2965,#2966);
#2500=AXIS2_PLACEMENT_3D('',#4616,#2968,#2969);
#2501=AXIS2_PLACEMENT_3D('',#4617,#2970,#2971);
#2502=AXIS2_PLACEMENT_3D('',#4618,#2972,#2973);
#2503=AXIS2_PLACEMENT_3D('',#4621,#2975,#2976);
#2504=AXIS2_PLACEMENT_3D('',#4622,#2977,#2978);
#2505=AXIS2_PLACEMENT_3D('',#4623,#2979,#2980);
#2506=AXIS2_PLACEMENT_3D('',#4629,#2984,#2985);
#2507=AXIS2_PLACEMENT_3D('',#4632,#2987,#2988);
#2508=AXIS2_PLACEMENT_3D('',#4633,#2989,#2990);
#2509=AXIS2_PLACEMENT_3D('',#4637,#2993,#2994);
#2510=AXIS2_PLACEMENT_3D('',#4639,#2996,#2997);
#2511=AXIS2_PLACEMENT_3D('',#4645,#3001,#3002);
#2512=AXIS2_PLACEMENT_3D('',#4651,#3006,#3007);
#2513=AXIS2_PLACEMENT_3D('',#4652,#3008,#3009);
#2514=AXIS2_PLACEMENT_3D('',#4653,#3010,#3011);
#2515=AXIS2_PLACEMENT_3D('',#4656,#3013,#3014);
#2516=AXIS2_PLACEMENT_3D('',#4657,#3015,#3016);
#2517=AXIS2_PLACEMENT_3D('',#4671,#3024,#3025);
#2518=AXIS2_PLACEMENT_3D('',#4673,#3026,#3027);
#2519=AXIS2_PLACEMENT_3D('',#4676,#3029,#3030);
#2520=AXIS2_PLACEMENT_3D('',#4677,#3031,#3032);
#2521=AXIS2_PLACEMENT_3D('',#4678,#3033,#3034);
#2522=AXIS2_PLACEMENT_3D('',#4680,#3035,#3036);
#2523=AXIS2_PLACEMENT_3D('',#4683,#3038,#3039);
#2524=AXIS2_PLACEMENT_3D('',#4684,#3040,#3041);
#2525=AXIS2_PLACEMENT_3D('',#4685,#3042,#3043);
#2526=AXIS2_PLACEMENT_3D('',#4687,#3044,#3045);
#2527=AXIS2_PLACEMENT_3D('',#4690,#3047,#3048);
#2528=AXIS2_PLACEMENT_3D('',#4691,#3049,#3050);
#2529=AXIS2_PLACEMENT_3D('',#4692,#3051,#3052);
#2530=AXIS2_PLACEMENT_3D('',#4694,#3053,#3054);
#2531=AXIS2_PLACEMENT_3D('',#4697,#3056,#3057);
#2532=AXIS2_PLACEMENT_3D('',#4698,#3058,#3059);
#2533=AXIS2_PLACEMENT_3D('',#4699,#3060,#3061);
#2534=AXIS2_PLACEMENT_3D('',#4708,#3066,#3067);
#2535=AXIS2_PLACEMENT_3D('',#4709,#3068,#3069);
#2536=AXIS2_PLACEMENT_3D('',#4710,#3070,#3071);
#2537=AXIS2_PLACEMENT_3D('',#4711,#3072,#3073);
#2538=AXIS2_PLACEMENT_3D('',#4713,#3074,#3075);
#2539=AXIS2_PLACEMENT_3D('',#4715,#3076,#3077);
#2540=AXIS2_PLACEMENT_3D('',#4717,#3079,#3080);
#2541=AXIS2_PLACEMENT_3D('',#4723,#3084,#3085);
#2542=AXIS2_PLACEMENT_3D('',#4725,#3086,#3087);
#2543=AXIS2_PLACEMENT_3D('',#4727,#3088,#3089);
#2544=AXIS2_PLACEMENT_3D('',#4729,#3091,#3092);
#2545=AXIS2_PLACEMENT_3D('',#4735,#3096,#3097);
#2546=AXIS2_PLACEMENT_3D('',#4737,#3098,#3099);
#2547=AXIS2_PLACEMENT_3D('',#4739,#3100,#3101);
#2548=AXIS2_PLACEMENT_3D('',#4741,#3103,#3104);
#2549=AXIS2_PLACEMENT_3D('',#4747,#3108,#3109);
#2550=AXIS2_PLACEMENT_3D('',#4749,#3110,#3111);
#2551=AXIS2_PLACEMENT_3D('',#4751,#3112,#3113);
#2552=AXIS2_PLACEMENT_3D('',#4753,#3115,#3116);
#2553=AXIS2_PLACEMENT_3D('',#4759,#3120,#3121);
#2554=AXIS2_PLACEMENT_3D('',#4761,#3122,#3123);
#2555=AXIS2_PLACEMENT_3D('',#4763,#3124,#3125);
#2556=AXIS2_PLACEMENT_3D('',#4765,#3127,#3128);
#2557=AXIS2_PLACEMENT_3D('',#4771,#3132,#3133);
#2558=AXIS2_PLACEMENT_3D('',#4773,#3134,#3135);
#2559=AXIS2_PLACEMENT_3D('',#4775,#3136,#3137);
#2560=AXIS2_PLACEMENT_3D('',#4777,#3139,#3140);
#2561=AXIS2_PLACEMENT_3D('',#4779,#3141,#3142);
#2562=AXIS2_PLACEMENT_3D('',#4782,#3144,#3145);
#2563=AXIS2_PLACEMENT_3D('',#4783,#3146,#3147);
#2564=AXIS2_PLACEMENT_3D('',#4789,#3151,#3152);
#2565=AXIS2_PLACEMENT_3D('',#4791,#3153,#3154);
#2566=AXIS2_PLACEMENT_3D('',#4794,#3156,#3157);
#2567=AXIS2_PLACEMENT_3D('',#4795,#3158,#3159);
#2568=AXIS2_PLACEMENT_3D('',#4804,#3164,#3165);
#2569=AXIS2_PLACEMENT_3D('',#4806,#3166,#3167);
#2570=AXIS2_PLACEMENT_3D('',#4809,#3169,#3170);
#2571=AXIS2_PLACEMENT_3D('',#4810,#3171,#3172);
#2572=AXIS2_PLACEMENT_3D('',#4816,#3176,#3177);
#2573=AXIS2_PLACEMENT_3D('',#4818,#3178,#3179);
#2574=AXIS2_PLACEMENT_3D('',#4821,#3181,#3182);
#2575=AXIS2_PLACEMENT_3D('',#4822,#3183,#3184);
#2576=AXIS2_PLACEMENT_3D('',#4828,#3188,#3189);
#2577=AXIS2_PLACEMENT_3D('',#4830,#3190,#3191);
#2578=AXIS2_PLACEMENT_3D('',#4833,#3193,#3194);
#2579=AXIS2_PLACEMENT_3D('',#4834,#3195,#3196);
#2580=AXIS2_PLACEMENT_3D('',#4840,#3201,#3202);
#2581=AXIS2_PLACEMENT_3D('',#4844,#3204,#3205);
#2582=AXIS2_PLACEMENT_3D('',#4847,#3207,#3208);
#2583=AXIS2_PLACEMENT_3D('',#4848,#3209,#3210);
#2584=AXIS2_PLACEMENT_3D('',#4852,#3212,#3213);
#2585=AXIS2_PLACEMENT_3D('',#4854,#3215,#3216);
#2586=AXIS2_PLACEMENT_3D('',#4857,#3219,#3220);
#2587=AXIS2_PLACEMENT_3D('',#4864,#3225,#3226);
#2588=AXIS2_PLACEMENT_3D('',#4866,#3228,#3229);
#2589=AXIS2_PLACEMENT_3D('',#4868,#3231,#3232);
#2590=AXIS2_PLACEMENT_3D('',#4869,#3233,#3234);
#2591=AXIS2_PLACEMENT_3D('',#4870,#3235,#3236);
#2592=AXIS2_PLACEMENT_3D('',#4871,#3237,#3238);
#2593=AXIS2_PLACEMENT_3D('',#4872,#3239,#3240);
#2594=AXIS2_PLACEMENT_3D('',#4874,#3242,#3243);
#2595=AXIS2_PLACEMENT_3D('',#4889,#3246,#3247);
#2596=AXIS2_PLACEMENT_3D('',#4891,#3249,#3250);
#2597=AXIS2_PLACEMENT_3D('',#4893,#3252,#3253);
#2598=AXIS2_PLACEMENT_3D('',#4895,#3255,#3256);
#2599=AXIS2_PLACEMENT_3D('',#4897,#3258,#3259);
#2600=AXIS2_PLACEMENT_3D('',#4899,#3261,#3262);
#2601=AXIS2_PLACEMENT_3D('',#4901,#3264,#3265);
#2602=DIRECTION('axis',(0.,0.,1.));
#2603=DIRECTION('refdir',(1.,0.,0.));
#2604=DIRECTION('center_axis',(0.,0.,-1.));
#2605=DIRECTION('ref_axis',(-1.,0.,0.));
#2606=DIRECTION('center_axis',(0.,0.,1.));
#2607=DIRECTION('ref_axis',(1.,7.70371977754829E-33,-8.32667268468867E-16));
#2608=DIRECTION('',(-1.,0.,0.));
#2609=DIRECTION('',(0.,-1.,0.));
#2610=DIRECTION('',(1.,0.,0.));
#2611=DIRECTION('',(0.,-1.,0.));
#2612=DIRECTION('',(1.,0.,0.));
#2613=DIRECTION('',(0.,1.,0.));
#2614=DIRECTION('',(-1.,0.,0.));
#2615=DIRECTION('center_axis',(0.,0.,1.));
#2616=DIRECTION('ref_axis',(1.,7.70371977754829E-33,-8.32667268468867E-16));
#2617=DIRECTION('center_axis',(0.,-1.,0.));
#2618=DIRECTION('ref_axis',(-1.,0.,0.));
#2619=DIRECTION('',(8.32667268468867E-16,-1.85037170770859E-16,1.));
#2620=DIRECTION('',(0.,0.,-1.));
#2621=DIRECTION('',(-1.,0.,0.));
#2622=DIRECTION('',(0.,0.,-1.));
#2623=DIRECTION('',(1.,0.,0.));
#2624=DIRECTION('center_axis',(0.,-1.,0.));
#2625=DIRECTION('ref_axis',(-1.,0.,0.));
#2626=DIRECTION('',(0.,0.,-1.));
#2627=DIRECTION('',(-1.,0.,0.));
#2628=DIRECTION('',(0.,0.,-1.));
#2629=DIRECTION('',(-8.32667268468867E-16,1.85037170770859E-16,-1.));
#2630=DIRECTION('',(1.,0.,0.));
#2631=DIRECTION('center_axis',(1.,0.,0.));
#2632=DIRECTION('ref_axis',(0.,-1.,0.));
#2633=DIRECTION('',(0.,-1.,0.));
#2634=DIRECTION('',(0.,0.,1.));
#2635=DIRECTION('center_axis',(0.,1.,0.));
#2636=DIRECTION('ref_axis',(1.,0.,0.));
#2637=DIRECTION('',(1.,0.,0.));
#2638=DIRECTION('',(0.,0.,-1.));
#2639=DIRECTION('',(0.,0.,-1.));
#2640=DIRECTION('center_axis',(-1.,0.,0.));
#2641=DIRECTION('ref_axis',(0.,1.,0.));
#2642=DIRECTION('',(0.,1.,0.));
#2643=DIRECTION('center_axis',(8.32667268468867E-16,-1.85037170770859E-16,
1.));
#2644=DIRECTION('ref_axis',(1.,7.70371977754829E-33,-8.32667268468867E-16));
#2645=DIRECTION('center_axis',(-7.91033905045427E-16,1.6653345369378E-16,
-1.));
#2646=DIRECTION('ref_axis',(1.,7.70371977754544E-34,-7.91033905045427E-16));
#2647=DIRECTION('',(8.32667268468867E-16,-1.85037170770859E-16,1.));
#2648=DIRECTION('center_axis',(0.,0.,1.));
#2649=DIRECTION('ref_axis',(1.,7.70371977754829E-33,-8.32667268468867E-16));
#2650=DIRECTION('center_axis',(-1.,0.,0.));
#2651=DIRECTION('ref_axis',(0.,1.,0.));
#2652=DIRECTION('',(0.,1.,0.));
#2653=DIRECTION('',(0.,0.,-1.));
#2654=DIRECTION('',(0.,1.,0.));
#2655=DIRECTION('',(0.,0.,-1.));
#2656=DIRECTION('center_axis',(0.,-1.,0.));
#2657=DIRECTION('ref_axis',(-1.,0.,0.));
#2658=DIRECTION('',(-1.,0.,0.));
#2659=DIRECTION('',(0.,0.,-1.));
#2660=DIRECTION('',(-1.,0.,0.));
#2661=DIRECTION('center_axis',(1.,0.,0.));
#2662=DIRECTION('ref_axis',(0.,-1.,0.));
#2663=DIRECTION('',(0.,-1.,0.));
#2664=DIRECTION('',(0.,0.,-1.));
#2665=DIRECTION('',(0.,-1.,0.));
#2666=DIRECTION('center_axis',(0.,0.,-1.));
#2667=DIRECTION('ref_axis',(-1.,0.,0.));
#2668=DIRECTION('center_axis',(0.,0.,-1.));
#2669=DIRECTION('ref_axis',(-1.,0.,0.));
#2670=DIRECTION('',(0.,0.,-1.));
#2671=DIRECTION('center_axis',(0.,0.,1.));
#2672=DIRECTION('ref_axis',(-1.,0.,0.));
#2673=DIRECTION('center_axis',(1.,0.,0.));
#2674=DIRECTION('ref_axis',(0.,-1.,0.));
#2675=DIRECTION('',(0.,-1.,0.));
#2676=DIRECTION('',(0.,-1.,0.));
#2677=DIRECTION('center_axis',(-1.,0.,0.));
#2678=DIRECTION('ref_axis',(0.,1.,0.));
#2679=DIRECTION('',(0.,1.,0.));
#2680=DIRECTION('',(0.,0.,-1.));
#2681=DIRECTION('',(0.,1.,0.));
#2682=DIRECTION('center_axis',(0.,0.,-1.));
#2683=DIRECTION('ref_axis',(0.999999999999998,-6.13675136148446E-8,0.));
#2684=DIRECTION('center_axis',(0.,0.,-1.));
#2685=DIRECTION('ref_axis',(-1.,0.,0.));
#2686=DIRECTION('center_axis',(0.,0.,-1.));
#2687=DIRECTION('ref_axis',(-1.,0.,0.));
#2688=DIRECTION('center_axis',(0.,0.,1.));
#2689=DIRECTION('ref_axis',(-1.,0.,0.));
#2690=DIRECTION('center_axis',(0.,0.,1.));
#2691=DIRECTION('ref_axis',(1.,0.,0.));
#2692=DIRECTION('',(0.,0.,1.));
#2693=DIRECTION('',(0.,0.,1.));
#2694=DIRECTION('',(0.,0.,1.));
#2695=DIRECTION('',(0.,0.,1.));
#2696=DIRECTION('',(0.,0.,1.));
#2697=DIRECTION('',(0.,0.,1.));
#2698=DIRECTION('',(0.,0.,1.));
#2699=DIRECTION('',(0.,0.,-1.));
#2700=DIRECTION('center_axis',(0.,0.,1.));
#2701=DIRECTION('ref_axis',(-1.,0.,0.));
#2702=DIRECTION('center_axis',(0.,0.,-1.));
#2703=DIRECTION('ref_axis',(-1.,0.,0.));
#2704=DIRECTION('',(0.707106781186547,8.65956056235492E-17,0.707106781186548));
#2705=DIRECTION('center_axis',(0.,0.,-1.));
#2706=DIRECTION('ref_axis',(-1.,0.,0.));
#2707=DIRECTION('center_axis',(0.,0.,1.));
#2708=DIRECTION('ref_axis',(-1.,0.,0.));
#2709=DIRECTION('center_axis',(0.,0.,1.));
#2710=DIRECTION('ref_axis',(-1.,0.,0.));
#2711=DIRECTION('center_axis',(0.,0.,-1.));
#2712=DIRECTION('ref_axis',(-1.,0.,0.));
#2713=DIRECTION('',(0.707106781186547,8.65956056235492E-17,0.707106781186548));
#2714=DIRECTION('center_axis',(0.,0.,-1.));
#2715=DIRECTION('ref_axis',(-1.,0.,0.));
#2716=DIRECTION('center_axis',(0.,0.,-1.));
#2717=DIRECTION('ref_axis',(-1.,0.,0.));
#2718=DIRECTION('center_axis',(0.,0.,1.));
#2719=DIRECTION('ref_axis',(-1.,0.,0.));
#2720=DIRECTION('center_axis',(0.,0.,1.));
#2721=DIRECTION('ref_axis',(-1.,0.,0.));
#2722=DIRECTION('center_axis',(0.,0.,-1.));
#2723=DIRECTION('ref_axis',(-1.,0.,0.));
#2724=DIRECTION('',(0.707106781186547,8.65956056235492E-17,0.707106781186548));
#2725=DIRECTION('center_axis',(0.,0.,-1.));
#2726=DIRECTION('ref_axis',(-1.,0.,0.));
#2727=DIRECTION('center_axis',(0.,0.,1.));
#2728=DIRECTION('ref_axis',(-1.,0.,0.));
#2729=DIRECTION('center_axis',(0.,0.,1.));
#2730=DIRECTION('ref_axis',(-1.,0.,0.));
#2731=DIRECTION('center_axis',(0.,0.,-1.));
#2732=DIRECTION('ref_axis',(-1.,0.,0.));
#2733=DIRECTION('',(0.707106781186547,8.65956056235492E-17,0.707106781186548));
#2734=DIRECTION('center_axis',(0.,0.,-1.));
#2735=DIRECTION('ref_axis',(-1.,0.,0.));
#2736=DIRECTION('center_axis',(0.,0.,1.));
#2737=DIRECTION('ref_axis',(-1.,0.,0.));
#2738=DIRECTION('center_axis',(0.,0.,1.));
#2739=DIRECTION('ref_axis',(-1.,0.,0.));
#2740=DIRECTION('center_axis',(1.22464679913562E-16,-1.,-7.54626171001562E-15));
#2741=DIRECTION('ref_axis',(-1.,-1.22464679914735E-16,1.55431223447525E-13));
#2742=DIRECTION('center_axis',(0.,0.,-1.));
#2743=DIRECTION('ref_axis',(-1.,-6.12323399573674E-17,0.));
#2744=DIRECTION('center_axis',(0.,0.,-1.));
#2745=DIRECTION('ref_axis',(-1.,-6.12323399573674E-17,0.));
#2746=DIRECTION('center_axis',(0.,0.,1.));
#2747=DIRECTION('ref_axis',(-1.,0.,0.));
#2748=DIRECTION('center_axis',(0.,0.,1.));
#2749=DIRECTION('ref_axis',(-1.,0.,0.));
#2750=DIRECTION('center_axis',(0.,0.,-1.));
#2751=DIRECTION('ref_axis',(-1.,0.,0.));
#2752=DIRECTION('',(0.707106781186547,8.65956056235493E-17,0.707106781186548));
#2753=DIRECTION('center_axis',(0.,0.,-1.));
#2754=DIRECTION('ref_axis',(-1.,0.,0.));
#2755=DIRECTION('center_axis',(0.,0.,-1.));
#2756=DIRECTION('ref_axis',(-1.,0.,0.));
#2757=DIRECTION('',(0.,0.,-1.));
#2758=DIRECTION('center_axis',(0.,0.,1.));
#2759=DIRECTION('ref_axis',(-1.,0.,0.));
#2760=DIRECTION('center_axis',(1.22464679913965E-16,-1.,-1.73322070659559E-14));
#2761=DIRECTION('ref_axis',(-1.,-1.22464679914735E-16,4.44089209850072E-14));
#2762=DIRECTION('center_axis',(0.,0.,-1.));
#2763=DIRECTION('ref_axis',(-1.,-6.12323399573674E-17,0.));
#2764=DIRECTION('center_axis',(0.,0.,-1.));
#2765=DIRECTION('ref_axis',(-1.,-6.12323399573674E-17,0.));
#2766=DIRECTION('center_axis',(0.,0.,1.));
#2767=DIRECTION('ref_axis',(-1.,0.,0.));
#2768=DIRECTION('center_axis',(0.,0.,1.));
#2769=DIRECTION('ref_axis',(-1.,0.,0.));
#2770=DIRECTION('center_axis',(0.,0.,-1.));
#2771=DIRECTION('ref_axis',(-1.,0.,0.));
#2772=DIRECTION('',(0.707106781186547,8.65956056235493E-17,0.707106781186548));
#2773=DIRECTION('center_axis',(0.,0.,-1.));
#2774=DIRECTION('ref_axis',(-1.,0.,0.));
#2775=DIRECTION('center_axis',(0.,0.,-1.));
#2776=DIRECTION('ref_axis',(-1.,0.,0.));
#2777=DIRECTION('',(0.,0.,-1.));
#2778=DIRECTION('center_axis',(0.,0.,1.));
#2779=DIRECTION('ref_axis',(-1.,0.,0.));
#2780=DIRECTION('center_axis',(-7.69704614087611E-28,-1.,-1.73322070659513E-14));
#2781=DIRECTION('ref_axis',(-1.,0.,4.44089209850071E-14));
#2782=DIRECTION('center_axis',(0.,1.3589990236205E-14,-1.));
#2783=DIRECTION('ref_axis',(-1.,0.,0.));
#2784=DIRECTION('center_axis',(0.,1.3589990236205E-14,-1.));
#2785=DIRECTION('ref_axis',(-1.,0.,0.));
#2786=DIRECTION('center_axis',(0.,0.,1.));
#2787=DIRECTION('ref_axis',(-1.,0.,0.));
#2788=DIRECTION('center_axis',(0.,0.,1.));
#2789=DIRECTION('ref_axis',(-1.,0.,0.));
#2790=DIRECTION('center_axis',(0.,0.,-1.));
#2791=DIRECTION('ref_axis',(-1.,0.,0.));
#2792=DIRECTION('',(0.707106781186549,8.65956056235496E-17,0.707106781186546));
#2793=DIRECTION('center_axis',(0.,0.,-1.));
#2794=DIRECTION('ref_axis',(-1.,0.,0.));
#2795=DIRECTION('center_axis',(0.,0.,-1.));
#2796=DIRECTION('ref_axis',(-1.,0.,0.));
#2797=DIRECTION('',(0.,0.,-1.));
#2798=DIRECTION('center_axis',(0.,0.,1.));
#2799=DIRECTION('ref_axis',(-1.,0.,0.));
#2800=DIRECTION('center_axis',(-1.11707113337412E-28,-1.,-2.51542057000494E-15));
#2801=DIRECTION('ref_axis',(-1.,0.,4.44089209850073E-14));
#2802=DIRECTION('center_axis',(0.,1.3589990236205E-14,-1.));
#2803=DIRECTION('ref_axis',(-1.,0.,0.));
#2804=DIRECTION('center_axis',(0.,1.3589990236205E-14,-1.));
#2805=DIRECTION('ref_axis',(-1.,0.,0.));
#2806=DIRECTION('center_axis',(0.,0.,1.));
#2807=DIRECTION('ref_axis',(-1.,0.,0.));
#2808=DIRECTION('center_axis',(0.,0.,1.));
#2809=DIRECTION('ref_axis',(-1.,0.,0.));
#2810=DIRECTION('center_axis',(0.,0.,-1.));
#2811=DIRECTION('ref_axis',(-1.,0.,0.));
#2812=DIRECTION('',(0.707106781186549,8.65956056235496E-17,0.707106781186546));
#2813=DIRECTION('center_axis',(0.,0.,-1.));
#2814=DIRECTION('ref_axis',(-1.,0.,0.));
#2815=DIRECTION('center_axis',(0.,0.,-1.));
#2816=DIRECTION('ref_axis',(-1.,0.,0.));
#2817=DIRECTION('',(0.,0.,-1.));
#2818=DIRECTION('center_axis',(0.,0.,1.));
#2819=DIRECTION('ref_axis',(-1.,0.,0.));
#2820=DIRECTION('center_axis',(0.,0.,1.));
#2821=DIRECTION('ref_axis',(-1.,0.,0.));
#2822=DIRECTION('center_axis',(0.,0.,1.));
#2823=DIRECTION('ref_axis',(-1.,0.,0.));
#2824=DIRECTION('center_axis',(0.,0.,1.));
#2825=DIRECTION('ref_axis',(-1.,0.,0.));
#2826=DIRECTION('center_axis',(0.,0.,1.));
#2827=DIRECTION('ref_axis',(-1.,0.,0.));
#2828=DIRECTION('center_axis',(0.,0.,1.));
#2829=DIRECTION('ref_axis',(-1.,0.,0.));
#2830=DIRECTION('',(0.,0.,1.));
#2831=DIRECTION('center_axis',(0.,0.,-1.));
#2832=DIRECTION('ref_axis',(-1.,0.,0.));
#2833=DIRECTION('center_axis',(0.,0.,1.));
#2834=DIRECTION('ref_axis',(0.,-1.,0.));
#2835=DIRECTION('center_axis',(0.,0.,1.));
#2836=DIRECTION('ref_axis',(0.,-1.,0.));
#2837=DIRECTION('',(0.,0.,1.));
#2838=DIRECTION('center_axis',(0.,0.,-1.));
#2839=DIRECTION('ref_axis',(0.,-1.,0.));
#2840=DIRECTION('center_axis',(0.,0.,1.));
#2841=DIRECTION('ref_axis',(0.,1.,0.));
#2842=DIRECTION('center_axis',(0.,0.,1.));
#2843=DIRECTION('ref_axis',(0.,1.,0.));
#2844=DIRECTION('',(0.,0.,1.));
#2845=DIRECTION('center_axis',(0.,0.,-1.));
#2846=DIRECTION('ref_axis',(0.,1.,0.));
#2847=DIRECTION('center_axis',(0.,0.,1.));
#2848=DIRECTION('ref_axis',(1.,0.,0.));
#2849=DIRECTION('center_axis',(0.,0.,1.));
#2850=DIRECTION('ref_axis',(1.,0.,0.));
#2851=DIRECTION('',(0.,0.,1.));
#2852=DIRECTION('center_axis',(0.,0.,-1.));
#2853=DIRECTION('ref_axis',(1.,0.,0.));
#2854=DIRECTION('center_axis',(0.,0.,1.));
#2855=DIRECTION('ref_axis',(1.,0.,0.));
#2856=DIRECTION('center_axis',(0.,0.,1.));
#2857=DIRECTION('ref_axis',(0.,-1.,0.));
#2858=DIRECTION('center_axis',(0.,0.,1.));
#2859=DIRECTION('ref_axis',(1.,0.,0.));
#2860=DIRECTION('center_axis',(0.,0.,1.));
#2861=DIRECTION('ref_axis',(-1.,0.,0.));
#2862=DIRECTION('center_axis',(0.,0.,1.));
#2863=DIRECTION('ref_axis',(1.,0.,0.));
#2864=DIRECTION('center_axis',(0.,0.,1.));
#2865=DIRECTION('ref_axis',(1.,0.,0.));
#2866=DIRECTION('center_axis',(0.,0.,1.));
#2867=DIRECTION('ref_axis',(1.,0.,0.));
#2868=DIRECTION('center_axis',(0.,0.,1.));
#2869=DIRECTION('ref_axis',(0.,1.,0.));
#2870=DIRECTION('center_axis',(0.,0.,1.));
#2871=DIRECTION('ref_axis',(1.,0.,0.));
#2872=DIRECTION('center_axis',(0.,0.,-1.));
#2873=DIRECTION('ref_axis',(1.,4.50410706805699E-33,0.));
#2874=DIRECTION('',(0.,1.,0.));
#2875=DIRECTION('',(1.,1.11022302462516E-16,0.));
#2876=DIRECTION('',(0.,-1.,0.));
#2877=DIRECTION('',(-1.,0.,0.));
#2878=DIRECTION('',(0.,0.,-1.));
#2879=DIRECTION('',(0.,0.,1.));
#2880=DIRECTION('',(0.,0.,1.));
#2881=DIRECTION('center_axis',(0.,1.,0.));
#2882=DIRECTION('ref_axis',(-1.,0.,0.));
#2883=DIRECTION('',(0.,0.,1.));
#2884=DIRECTION('',(1.,0.,0.));
#2885=DIRECTION('',(0.,0.,1.));
#2886=DIRECTION('',(-1.,0.,7.91033905045427E-16));
#2887=DIRECTION('',(0.,0.,1.));
#2888=DIRECTION('center_axis',(1.,-2.50929389164257E-16,-7.91033905045425E-16));
#2889=DIRECTION('ref_axis',(-7.91033905045425E-16,0.,-1.));
#2890=DIRECTION('center_axis',(1.57868181833504E-15,1.,1.66533453693781E-16));
#2891=DIRECTION('ref_axis',(1.,-1.57868181833504E-15,0.));
#2892=DIRECTION('center_axis',(-1.35373048903346E-15,1.,1.66533453693781E-16));
#2893=DIRECTION('ref_axis',(0.,1.66533453693781E-16,-1.));
#2894=DIRECTION('center_axis',(-1.,-2.58351313920203E-16,7.91033905045428E-16));
#2895=DIRECTION('ref_axis',(-7.91033905045428E-16,-2.18952885050753E-46,
-1.));
#2896=DIRECTION('center_axis',(-7.91033905045427E-16,1.6653345369378E-16,
-1.));
#2897=DIRECTION('ref_axis',(-1.,0.,7.91033905045427E-16));
#2898=DIRECTION('',(0.500000000000003,-0.866025403784437,-5.39739154001489E-16));
#2899=DIRECTION('center_axis',(7.91033905045427E-16,-1.6653345369378E-16,
1.));
#2900=DIRECTION('ref_axis',(0.866025403784439,-0.499999999999999,-7.68322183871038E-16));
#2901=DIRECTION('',(0.5,0.866025403784438,-2.5129475104394E-16));
#2902=DIRECTION('',(1.,1.3766793038938E-15,-7.91033905045426E-16));
#2903=DIRECTION('center_axis',(7.91033905045427E-16,-1.6653345369378E-16,
1.));
#2904=DIRECTION('ref_axis',(1.,-6.79728382423562E-15,-7.91033905045428E-16));
#2905=DIRECTION('',(-1.8672048422715E-15,1.,1.66533453693782E-16));
#2906=DIRECTION('center_axis',(7.91033905045427E-16,-1.6653345369378E-16,
1.));
#2907=DIRECTION('ref_axis',(-1.51050751649681E-15,1.,1.66533453693781E-16));
#2908=DIRECTION('',(-1.,-1.58318119947787E-15,7.91033905045426E-16));
#2909=DIRECTION('',(-0.500000000000003,0.866025403784437,5.39739154001489E-16));
#2910=DIRECTION('center_axis',(7.91033905045427E-16,-1.6653345369378E-16,
1.));
#2911=DIRECTION('ref_axis',(-0.866025403784439,0.5,7.68322183871037E-16));
#2912=DIRECTION('',(-0.5,-0.866025403784439,2.5129475104394E-16));
#2913=DIRECTION('',(-1.,-1.58318119947787E-15,7.91033905045426E-16));
#2914=DIRECTION('center_axis',(7.91033905045427E-16,-1.6653345369378E-16,
1.));
#2915=DIRECTION('ref_axis',(-1.,-6.04203006598725E-15,7.91033905045426E-16));
#2916=DIRECTION('',(1.35796715801563E-15,-1.,-1.66533453693782E-16));
#2917=DIRECTION('center_axis',(7.91033905045427E-16,-1.6653345369378E-16,
1.));
#2918=DIRECTION('ref_axis',(1.51050751649681E-15,-1.,-1.66533453693781E-16));
#2919=DIRECTION('',(1.,1.3766793038938E-15,-7.91033905045426E-16));
#2920=DIRECTION('center_axis',(-7.91033905045427E-16,1.6653345369378E-16,
-1.));
#2921=DIRECTION('ref_axis',(-1.31733608196093E-31,-1.,-1.6653345369378E-16));
#2922=DIRECTION('center_axis',(-7.91033905045427E-16,1.6653345369378E-16,
-1.));
#2923=DIRECTION('ref_axis',(-1.,-1.31733608196093E-31,7.91033905045427E-16));
#2924=DIRECTION('center_axis',(-7.91033905045427E-16,1.6653345369378E-16,
-1.));
#2925=DIRECTION('ref_axis',(1.,1.31733608196093E-31,-7.91033905045427E-16));
#2926=DIRECTION('center_axis',(-7.91033905045427E-16,1.6653345369378E-16,
-1.));
#2927=DIRECTION('ref_axis',(1.31733608196093E-31,1.,1.6653345369378E-16));
#2928=DIRECTION('center_axis',(7.91033905045427E-16,-1.6653345369378E-16,
1.));
#2929=DIRECTION('ref_axis',(1.,1.31733608196093E-31,-7.91033905045427E-16));
#2930=DIRECTION('center_axis',(7.91033905045427E-16,-1.6653345369378E-16,
1.));
#2931=DIRECTION('ref_axis',(1.,1.31733608196093E-31,-7.91033905045427E-16));
#2932=DIRECTION('center_axis',(7.91033905045427E-16,-1.6653345369378E-16,
1.));
#2933=DIRECTION('ref_axis',(1.,1.31733608196093E-31,-7.91033905045427E-16));
#2934=DIRECTION('center_axis',(7.91033905045427E-16,-1.6653345369378E-16,
1.));
#2935=DIRECTION('ref_axis',(1.,1.31733608196093E-31,-7.91033905045427E-16));
#2936=DIRECTION('center_axis',(7.85046229341888E-17,-0.707106781186548,
0.707106781186547));
#2937=DIRECTION('ref_axis',(1.,-9.86076131526265E-32,-1.11022302462516E-16));
#2938=DIRECTION('',(0.,-0.707106781186547,-0.707106781186548));
#2939=DIRECTION('',(-1.,-1.11022302462516E-16,0.));
#2940=DIRECTION('',(1.32031320583453E-15,-0.707106781186547,-0.707106781186548));
#2941=DIRECTION('',(1.,1.11022302462516E-16,0.));
#2942=DIRECTION('center_axis',(0.,0.,1.));
#2943=DIRECTION('ref_axis',(1.,0.,0.));
#2944=DIRECTION('',(1.8672048422715E-15,-1.,-1.66533453693782E-16));
#2945=DIRECTION('',(-1.,0.,0.));
#2946=DIRECTION('',(0.,-1.,0.));
#2947=DIRECTION('center_axis',(0.,0.707106781186548,0.707106781186547));
#2948=DIRECTION('ref_axis',(1.,0.,0.));
#2949=DIRECTION('',(0.,-0.707106781186547,0.707106781186548));
#2950=DIRECTION('',(1.32031320583453E-15,-0.707106781186547,0.707106781186548));
#2951=DIRECTION('center_axis',(0.,0.,1.));
#2952=DIRECTION('ref_axis',(1.,0.,0.));
#2953=DIRECTION('',(0.,0.,1.));
#2954=DIRECTION('center_axis',(7.91033905045427E-16,-1.6653345369378E-16,
1.));
#2955=DIRECTION('ref_axis',(1.,1.31733608196093E-31,-7.91033905045427E-16));
#2956=DIRECTION('center_axis',(-7.91033905045427E-16,1.6653345369378E-16,
-1.));
#2957=DIRECTION('ref_axis',(-1.,0.,7.91033905045427E-16));
#2958=DIRECTION('center_axis',(0.,0.,1.));
#2959=DIRECTION('ref_axis',(1.,0.,0.));
#2960=DIRECTION('',(0.,0.,1.));
#2961=DIRECTION('center_axis',(7.91033905045427E-16,-1.6653345369378E-16,
1.));
#2962=DIRECTION('ref_axis',(1.,1.31733608196093E-31,-7.91033905045427E-16));
#2963=DIRECTION('center_axis',(-7.91033905045427E-16,1.6653345369378E-16,
-1.));
#2964=DIRECTION('ref_axis',(-1.,0.,7.91033905045427E-16));
#2965=DIRECTION('center_axis',(0.,0.,1.));
#2966=DIRECTION('ref_axis',(1.,0.,0.));
#2967=DIRECTION('',(0.,0.,1.));
#2968=DIRECTION('center_axis',(7.91033905045427E-16,-1.6653345369378E-16,
1.));
#2969=DIRECTION('ref_axis',(1.,1.31733608196093E-31,-7.91033905045427E-16));
#2970=DIRECTION('center_axis',(-7.91033905045427E-16,1.6653345369378E-16,
-1.));
#2971=DIRECTION('ref_axis',(-1.,0.,7.91033905045427E-16));
#2972=DIRECTION('center_axis',(0.,0.,1.));
#2973=DIRECTION('ref_axis',(1.,0.,0.));
#2974=DIRECTION('',(0.,0.,1.));
#2975=DIRECTION('center_axis',(7.91033905045427E-16,-1.6653345369378E-16,
1.));
#2976=DIRECTION('ref_axis',(1.,1.31733608196093E-31,-7.91033905045427E-16));
#2977=DIRECTION('center_axis',(-7.91033905045427E-16,1.6653345369378E-16,
-1.));
#2978=DIRECTION('ref_axis',(-1.,0.,7.91033905045427E-16));
#2979=DIRECTION('center_axis',(0.866025403784438,-0.5,-7.64345675975094E-16));
#2980=DIRECTION('ref_axis',(0.5,0.866025403784438,-2.5129475104394E-16));
#2981=DIRECTION('',(7.40148683083437E-16,-2.46716227694479E-16,1.));
#2982=DIRECTION('',(0.5,0.866025403784438,-2.5129475104394E-16));
#2983=DIRECTION('',(8.82590363556295E-16,1.21504388732406E-30,1.));
#2984=DIRECTION('center_axis',(7.40148683083437E-16,-2.46716227694479E-16,
1.));
#2985=DIRECTION('ref_axis',(0.866025403784439,-0.499999999999999,-7.64345675975094E-16));
#2986=DIRECTION('',(7.40148683083437E-16,-2.46716227694479E-16,1.));
#2987=DIRECTION('center_axis',(7.91033905045427E-16,-1.6653345369378E-16,
1.));
#2988=DIRECTION('ref_axis',(0.866025403784439,-0.499999999999999,-7.68322183871038E-16));
#2989=DIRECTION('center_axis',(-0.866025403784437,-0.500000000000003,5.17629448280613E-16));
#2990=DIRECTION('ref_axis',(0.500000000000003,-0.866025403784437,-5.39739154001489E-16));
#2991=DIRECTION('',(-5.97707002610579E-16,-8.22850860286382E-31,-1.));
#2992=DIRECTION('',(0.500000000000003,-0.866025403784437,-5.39739154001489E-16));
#2993=DIRECTION('center_axis',(-7.91033905045427E-16,1.6653345369378E-16,
-1.));
#2994=DIRECTION('ref_axis',(1.,0.,-7.91033905045427E-16));
#2995=DIRECTION('',(-1.,-1.3766793038938E-15,7.91033905045427E-16));
#2996=DIRECTION('center_axis',(0.866025403784437,0.500000000000003,-5.17629448280613E-16));
#2997=DIRECTION('ref_axis',(-0.500000000000003,0.866025403784437,5.39739154001489E-16));
#2998=DIRECTION('',(-5.97707002610579E-16,-9.4627848932934E-31,-1.));
#2999=DIRECTION('',(-0.500000000000003,0.866025403784437,5.39739154001489E-16));
#3000=DIRECTION('',(7.40148683083437E-16,-2.46716227694479E-16,1.));
#3001=DIRECTION('center_axis',(-0.866025403784439,0.5,7.64345675975094E-16));
#3002=DIRECTION('ref_axis',(-0.5,-0.866025403784439,2.5129475104394E-16));
#3003=DIRECTION('',(7.40148683083437E-16,-2.46716227694479E-16,1.));
#3004=DIRECTION('',(-0.5,-0.866025403784439,2.5129475104394E-16));
#3005=DIRECTION('',(8.82590363556295E-16,1.39730047042266E-30,1.));
#3006=DIRECTION('center_axis',(7.40148683083437E-16,-2.46716227694479E-16,
1.));
#3007=DIRECTION('ref_axis',(-0.866025403784439,0.5,7.64345675975094E-16));
#3008=DIRECTION('center_axis',(7.91033905045427E-16,-1.6653345369378E-16,
1.));
#3009=DIRECTION('ref_axis',(-0.866025403784439,0.5,7.68322183871037E-16));
#3010=DIRECTION('center_axis',(-7.91033905045427E-16,1.6653345369378E-16,
-1.));
#3011=DIRECTION('ref_axis',(1.,0.,-7.91033905045427E-16));
#3012=DIRECTION('',(1.,1.58318119947787E-15,-7.91033905045427E-16));
#3013=DIRECTION('center_axis',(-7.91033905045427E-16,1.6653345369378E-16,
-1.));
#3014=DIRECTION('ref_axis',(1.,7.7037197775461E-34,-7.91033905045427E-16));
#3015=DIRECTION('center_axis',(-1.58318119947787E-15,1.,0.));
#3016=DIRECTION('ref_axis',(-1.,-1.58318119947787E-15,7.91033905045427E-16));
#3017=DIRECTION('',(0.,0.,1.));
#3018=DIRECTION('',(1.,1.58318119947787E-15,-7.91033905045426E-16));
#3019=DIRECTION('',(7.07133409879931E-16,-1.76783352469983E-16,1.));
#3020=DIRECTION('',(-1.,-1.58318119947787E-15,7.91033905045426E-16));
#3021=DIRECTION('',(7.07133409879931E-16,-1.76783352469983E-16,1.));
#3022=DIRECTION('',(1.,1.58318119947787E-15,-7.91033905045426E-16));
#3023=DIRECTION('',(0.,0.,1.));
#3024=DIRECTION('center_axis',(7.40148683083438E-16,-1.8503717077086E-16,
1.));
#3025=DIRECTION('ref_axis',(1.,-9.4156575058936E-33,-7.40148683083438E-16));
#3026=DIRECTION('center_axis',(7.91033905045427E-16,-1.6653345369378E-16,
1.));
#3027=DIRECTION('ref_axis',(1.,-9.41565750588992E-34,-7.91033905045427E-16));
#3028=DIRECTION('',(7.40148683083438E-16,-1.8503717077086E-16,1.));
#3029=DIRECTION('center_axis',(7.91033905045427E-16,-1.6653345369378E-16,
1.));
#3030=DIRECTION('ref_axis',(1.,-2.18952885050753E-47,-7.91033905045427E-16));
#3031=DIRECTION('center_axis',(-7.91033905045427E-16,1.6653345369378E-16,
-1.));
#3032=DIRECTION('ref_axis',(1.,-2.18952885050753E-47,-7.91033905045427E-16));
#3033=DIRECTION('center_axis',(7.40148683083437E-16,-1.85037170770859E-16,
1.));
#3034=DIRECTION('ref_axis',(1.,-9.41565750589377E-33,-7.40148683083437E-16));
#3035=DIRECTION('center_axis',(7.91033905045427E-16,-1.6653345369378E-16,
1.));
#3036=DIRECTION('ref_axis',(1.,-9.41565750588992E-34,-7.91033905045427E-16));
#3037=DIRECTION('',(7.40148683083437E-16,-1.85037170770859E-16,1.));
#3038=DIRECTION('center_axis',(7.91033905045427E-16,-1.6653345369378E-16,
1.));
#3039=DIRECTION('ref_axis',(1.,2.18952885050753E-47,-7.91033905045427E-16));
#3040=DIRECTION('center_axis',(-7.91033905045427E-16,1.6653345369378E-16,
-1.));
#3041=DIRECTION('ref_axis',(1.,2.18952885050753E-47,-7.91033905045427E-16));
#3042=DIRECTION('center_axis',(7.40148683083438E-16,-1.8503717077086E-16,
1.));
#3043=DIRECTION('ref_axis',(1.,-9.41565750589357E-33,-7.40148683083438E-16));
#3044=DIRECTION('center_axis',(7.91033905045427E-16,-1.6653345369378E-16,
1.));
#3045=DIRECTION('ref_axis',(1.,-9.4156575058897E-34,-7.91033905045427E-16));
#3046=DIRECTION('',(7.40148683083438E-16,-1.8503717077086E-16,1.));
#3047=DIRECTION('center_axis',(7.91033905045427E-16,-1.6653345369378E-16,
1.));
#3048=DIRECTION('ref_axis',(1.,-2.18952885050753E-47,-7.91033905045427E-16));
#3049=DIRECTION('center_axis',(-7.91033905045427E-16,1.6653345369378E-16,
-1.));
#3050=DIRECTION('ref_axis',(1.,-2.18952885050753E-47,-7.91033905045427E-16));
#3051=DIRECTION('center_axis',(7.40148683083437E-16,-1.85037170770859E-16,
1.));
#3052=DIRECTION('ref_axis',(1.,-9.41565750589377E-33,-7.40148683083437E-16));
#3053=DIRECTION('center_axis',(7.91033905045427E-16,-1.6653345369378E-16,
1.));
#3054=DIRECTION('ref_axis',(1.,-9.41565750588992E-34,-7.91033905045427E-16));
#3055=DIRECTION('',(7.40148683083437E-16,-1.85037170770859E-16,1.));
#3056=DIRECTION('center_axis',(7.91033905045427E-16,-1.6653345369378E-16,
1.));
#3057=DIRECTION('ref_axis',(1.,2.18952885050753E-47,-7.91033905045427E-16));
#3058=DIRECTION('center_axis',(-7.91033905045427E-16,1.6653345369378E-16,
-1.));
#3059=DIRECTION('ref_axis',(1.,2.18952885050753E-47,-7.91033905045427E-16));
#3060=DIRECTION('center_axis',(1.,1.75716855873882E-15,-7.07133409879931E-16));
#3061=DIRECTION('ref_axis',(-1.75716855873882E-15,1.,1.66533453693782E-16));
#3062=DIRECTION('',(-1.75716855873882E-15,1.,1.66533453693782E-16));
#3063=DIRECTION('',(7.07133409879931E-16,-1.76783352469983E-16,1.));
#3064=DIRECTION('',(-1.75716855873882E-15,1.,1.66533453693782E-16));
#3065=DIRECTION('',(7.07133409879931E-16,-1.76783352469983E-16,1.));
#3066=DIRECTION('center_axis',(7.07133409879931E-16,-1.76783352469983E-16,
1.));
#3067=DIRECTION('ref_axis',(-1.32960841272474E-15,1.,1.76783352469984E-16));
#3068=DIRECTION('center_axis',(7.91033905045427E-16,-1.6653345369378E-16,
1.));
#3069=DIRECTION('ref_axis',(-1.32960841272474E-15,1.,1.66533453693781E-16));
#3070=DIRECTION('center_axis',(7.91033905045427E-16,-1.6653345369378E-16,
1.));
#3071=DIRECTION('ref_axis',(-1.32960841272474E-15,1.,1.66533453693781E-16));
#3072=DIRECTION('center_axis',(7.07133409879931E-16,-1.76783352469983E-16,
1.));
#3073=DIRECTION('ref_axis',(-1.,-1.59553009526969E-14,7.07133409879928E-16));
#3074=DIRECTION('center_axis',(7.91033905045427E-16,-1.6653345369378E-16,
1.));
#3075=DIRECTION('ref_axis',(-1.,-1.59553009526969E-14,7.91033905045424E-16));
#3076=DIRECTION('center_axis',(7.91033905045427E-16,-1.6653345369378E-16,
1.));
#3077=DIRECTION('ref_axis',(-1.,-1.59553009526969E-14,7.91033905045424E-16));
#3078=DIRECTION('',(7.07133409879931E-16,-1.76783352469983E-16,1.));
#3079=DIRECTION('center_axis',(-1.,-1.75716855873882E-15,7.07133409879931E-16));
#3080=DIRECTION('ref_axis',(1.75716855873882E-15,-1.,-1.66533453693782E-16));
#3081=DIRECTION('',(1.75716855873882E-15,-1.,-1.66533453693782E-16));
#3082=DIRECTION('',(1.75716855873882E-15,-1.,-1.66533453693782E-16));
#3083=DIRECTION('',(7.07133409879931E-16,-1.76783352469983E-16,1.));
#3084=DIRECTION('center_axis',(7.07133409879931E-16,-1.76783352469983E-16,
1.));
#3085=DIRECTION('ref_axis',(1.,-5.81573087807832E-15,-7.07133409879932E-16));
#3086=DIRECTION('center_axis',(-7.91033905045427E-16,1.6653345369378E-16,
-1.));
#3087=DIRECTION('ref_axis',(1.,-5.81573087807832E-15,-7.91033905045428E-16));
#3088=DIRECTION('center_axis',(-7.91033905045427E-16,1.6653345369378E-16,
-1.));
#3089=DIRECTION('ref_axis',(1.,-5.81573087807832E-15,-7.91033905045428E-16));
#3090=DIRECTION('',(7.07133409879931E-16,-1.76783352469983E-16,1.));
#3091=DIRECTION('center_axis',(1.53366904907468E-15,1.,1.76783352469982E-16));
#3092=DIRECTION('ref_axis',(-1.,1.53366904907468E-15,7.91033905045427E-16));
#3093=DIRECTION('',(-1.,1.53366904907467E-15,7.91033905045427E-16));
#3094=DIRECTION('',(-1.,1.53366904907467E-15,7.91033905045427E-16));
#3095=DIRECTION('',(7.07133409879931E-16,-1.76783352469983E-16,1.));
#3096=DIRECTION('center_axis',(7.07133409879931E-16,-1.76783352469983E-16,
1.));
#3097=DIRECTION('ref_axis',(-1.,-1.49580946431533E-14,7.07133409879928E-16));
#3098=DIRECTION('center_axis',(7.91033905045427E-16,-1.6653345369378E-16,
1.));
#3099=DIRECTION('ref_axis',(-1.,-1.49580946431533E-14,7.91033905045424E-16));
#3100=DIRECTION('center_axis',(7.91033905045427E-16,-1.6653345369378E-16,
1.));
#3101=DIRECTION('ref_axis',(-1.,-1.49580946431533E-14,7.91033905045424E-16));
#3102=DIRECTION('',(7.07133409879931E-16,-1.76783352469983E-16,1.));
#3103=DIRECTION('center_axis',(-1.,-1.45698559662094E-15,7.07133409879931E-16));
#3104=DIRECTION('ref_axis',(1.45698559662094E-15,-1.,-1.66533453693782E-16));
#3105=DIRECTION('',(1.45698559662094E-15,-1.,-1.66533453693782E-16));
#3106=DIRECTION('',(1.45698559662094E-15,-1.,-1.66533453693782E-16));
#3107=DIRECTION('',(7.07133409879931E-16,-1.76783352469983E-16,1.));
#3108=DIRECTION('center_axis',(7.07133409879931E-16,-1.76783352469983E-16,
1.));
#3109=DIRECTION('ref_axis',(7.53456779561884E-31,-1.,-1.76783352469983E-16));
#3110=DIRECTION('center_axis',(7.91033905045427E-16,-1.6653345369378E-16,
1.));
#3111=DIRECTION('ref_axis',(7.61564797017144E-31,-1.,-1.6653345369378E-16));
#3112=DIRECTION('center_axis',(7.91033905045427E-16,-1.6653345369378E-16,
1.));
#3113=DIRECTION('ref_axis',(7.61564797017144E-31,-1.,-1.6653345369378E-16));
#3114=DIRECTION('',(7.07133409879931E-16,-1.76783352469983E-16,1.));
#3115=DIRECTION('center_axis',(1.150251786806E-15,-1.,-1.76783352469984E-16));
#3116=DIRECTION('ref_axis',(1.,1.150251786806E-15,-6.92571010134409E-15));
#3117=DIRECTION('',(1.,1.150251786806E-15,-7.91033905045426E-16));
#3118=DIRECTION('',(1.,1.150251786806E-15,-7.91033905045426E-16));
#3119=DIRECTION('',(7.07133409879931E-16,-1.76783352469983E-16,1.));
#3120=DIRECTION('center_axis',(7.07133409879931E-16,-1.76783352469983E-16,
1.));
#3121=DIRECTION('ref_axis',(1.38981654068633E-31,1.,1.76783352469983E-16));
#3122=DIRECTION('center_axis',(-7.91033905045427E-16,1.6653345369378E-16,
-1.));
#3123=DIRECTION('ref_axis',(1.30873636613373E-31,1.,1.6653345369378E-16));
#3124=DIRECTION('center_axis',(-7.91033905045427E-16,1.6653345369378E-16,
-1.));
#3125=DIRECTION('ref_axis',(1.30873636613373E-31,1.,1.6653345369378E-16));
#3126=DIRECTION('',(7.07133409879931E-16,-1.76783352469983E-16,1.));
#3127=DIRECTION('center_axis',(-1.,-8.78584279369412E-16,7.07133409879931E-16));
#3128=DIRECTION('ref_axis',(8.78584279369412E-16,-1.,-1.66533453693781E-16));
#3129=DIRECTION('',(8.78584279369412E-16,-1.,-1.66533453693781E-16));
#3130=DIRECTION('',(8.78584279369412E-16,-1.,-1.66533453693781E-16));
#3131=DIRECTION('',(7.07133409879931E-16,-1.76783352469983E-16,1.));
#3132=DIRECTION('center_axis',(7.07133409879931E-16,-1.76783352469983E-16,
1.));
#3133=DIRECTION('ref_axis',(2.65921682544948E-15,-1.,-1.76783352469985E-16));
#3134=DIRECTION('center_axis',(7.91033905045427E-16,-1.6653345369378E-16,
1.));
#3135=DIRECTION('ref_axis',(2.65921682544948E-15,-1.,-1.66533453693782E-16));
#3136=DIRECTION('center_axis',(7.91033905045427E-16,-1.6653345369378E-16,
1.));
#3137=DIRECTION('ref_axis',(2.65921682544948E-15,-1.,-1.66533453693782E-16));
#3138=DIRECTION('',(7.07133409879931E-16,-1.76783352469983E-16,1.));
#3139=DIRECTION('center_axis',(7.07133409879931E-16,-1.76783352469983E-16,
1.));
#3140=DIRECTION('ref_axis',(1.45393271951959E-15,-1.,-1.76783352469984E-16));
#3141=DIRECTION('center_axis',(-7.91033905045427E-16,1.6653345369378E-16,
-1.));
#3142=DIRECTION('ref_axis',(1.45393271951959E-15,-1.,-1.66533453693781E-16));
#3143=DIRECTION('',(7.07133409879931E-16,-1.76783352469983E-16,1.));
#3144=DIRECTION('center_axis',(-7.91033905045427E-16,1.6653345369378E-16,
-1.));
#3145=DIRECTION('ref_axis',(1.45393271951959E-15,-1.,-1.66533453693781E-16));
#3146=DIRECTION('center_axis',(-1.53366904907467E-15,1.,1.76783352469984E-16));
#3147=DIRECTION('ref_axis',(-1.,-1.53366904907467E-15,7.91033905045427E-16));
#3148=DIRECTION('',(-1.,-1.53366904907467E-15,7.91033905045426E-16));
#3149=DIRECTION('',(7.07133409879931E-16,-1.76783352469983E-16,1.));
#3150=DIRECTION('',(-1.,-1.53366904907467E-15,7.91033905045426E-16));
#3151=DIRECTION('center_axis',(7.07133409879931E-16,-1.76783352469983E-16,
1.));
#3152=DIRECTION('ref_axis',(-2.65921682544947E-15,1.,1.76783352469985E-16));
#3153=DIRECTION('center_axis',(7.91033905045427E-16,-1.6653345369378E-16,
1.));
#3154=DIRECTION('ref_axis',(-2.65921682544947E-15,1.,1.66533453693782E-16));
#3155=DIRECTION('',(7.07133409879931E-16,-1.76783352469983E-16,1.));
#3156=DIRECTION('center_axis',(7.91033905045427E-16,-1.6653345369378E-16,
1.));
#3157=DIRECTION('ref_axis',(-2.65921682544947E-15,1.,1.66533453693782E-16));
#3158=DIRECTION('center_axis',(1.17434727739852E-15,-1.,-1.76783352469984E-16));
#3159=DIRECTION('ref_axis',(1.,1.17434727739852E-15,-7.91033905045427E-16));
#3160=DIRECTION('',(1.,1.17434727739852E-15,-7.91033905045426E-16));
#3161=DIRECTION('',(7.07133409879931E-16,-1.76783352469983E-16,1.));
#3162=DIRECTION('',(1.,1.17434727739852E-15,-7.91033905045426E-16));
#3163=DIRECTION('',(7.07133409879931E-16,-1.76783352469983E-16,1.));
#3164=DIRECTION('center_axis',(7.07133409879931E-16,-1.76783352469983E-16,
1.));
#3165=DIRECTION('ref_axis',(1.,-1.56228988495156E-14,-7.07133409879934E-16));
#3166=DIRECTION('center_axis',(7.91033905045427E-16,-1.6653345369378E-16,
1.));
#3167=DIRECTION('ref_axis',(1.,-1.56228988495156E-14,-7.9103390504543E-16));
#3168=DIRECTION('',(7.07133409879931E-16,-1.76783352469983E-16,1.));
#3169=DIRECTION('center_axis',(7.91033905045427E-16,-1.6653345369378E-16,
1.));
#3170=DIRECTION('ref_axis',(1.,-1.56228988495156E-14,-7.9103390504543E-16));
#3171=DIRECTION('center_axis',(2.30050357361201E-15,-1.,-1.76783352469984E-16));
#3172=DIRECTION('ref_axis',(1.,2.30050357361201E-15,-7.91033905045426E-16));
#3173=DIRECTION('',(1.,2.30050357361201E-15,-7.91033905045426E-16));
#3174=DIRECTION('',(7.07133409879931E-16,-1.76783352469983E-16,1.));
#3175=DIRECTION('',(1.,2.30050357361201E-15,-7.91033905045426E-16));
#3176=DIRECTION('center_axis',(7.07133409879931E-16,-1.76783352469983E-16,
1.));
#3177=DIRECTION('ref_axis',(-1.,-1.09044953963969E-14,7.07133409879929E-16));
#3178=DIRECTION('center_axis',(-7.91033905045427E-16,1.6653345369378E-16,
-1.));
#3179=DIRECTION('ref_axis',(-1.,-1.09044953963969E-14,7.91033905045425E-16));
#3180=DIRECTION('',(7.07133409879931E-16,-1.76783352469983E-16,1.));
#3181=DIRECTION('center_axis',(-7.91033905045427E-16,1.6653345369378E-16,
-1.));
#3182=DIRECTION('ref_axis',(-1.,-1.09044953963969E-14,7.91033905045425E-16));
#3183=DIRECTION('center_axis',(1.,1.75716855873882E-15,-7.07133409879931E-16));
#3184=DIRECTION('ref_axis',(-1.75716855873882E-15,1.,1.66533453693782E-16));
#3185=DIRECTION('',(-1.75716855873882E-15,1.,1.66533453693782E-16));
#3186=DIRECTION('',(7.07133409879931E-16,-1.76783352469983E-16,1.));
#3187=DIRECTION('',(-1.75716855873882E-15,1.,1.66533453693782E-16));
#3188=DIRECTION('center_axis',(7.07133409879931E-16,-1.76783352469983E-16,
1.));
#3189=DIRECTION('ref_axis',(1.,-1.72849093654216E-14,-7.07133409879934E-16));
#3190=DIRECTION('center_axis',(7.91033905045427E-16,-1.6653345369378E-16,
1.));
#3191=DIRECTION('ref_axis',(1.,-1.72849093654216E-14,-7.9103390504543E-16));
#3192=DIRECTION('',(7.07133409879931E-16,-1.76783352469983E-16,1.));
#3193=DIRECTION('center_axis',(7.91033905045427E-16,-1.6653345369378E-16,
1.));
#3194=DIRECTION('ref_axis',(1.,-1.72849093654216E-14,-7.9103390504543E-16));
#3195=DIRECTION('center_axis',(7.91033905045427E-16,-1.6653345369378E-16,
1.));
#3196=DIRECTION('ref_axis',(1.,0.,-7.91033905045427E-16));
#3197=DIRECTION('',(0.,1.,1.6653345369378E-16));
#3198=DIRECTION('',(-1.8672048422715E-15,1.,1.66533453693782E-16));
#3199=DIRECTION('',(1.,1.3766793038938E-15,-7.91033905045426E-16));
#3200=DIRECTION('',(-1.,-1.95724546233086E-15,7.91033905045426E-16));
#3201=DIRECTION('center_axis',(7.91033905045427E-16,-1.6653345369378E-16,
1.));
#3202=DIRECTION('ref_axis',(1.,0.,-7.91033905045427E-16));
#3203=DIRECTION('',(-1.,-1.3766793038938E-15,7.91033905045426E-16));
#3204=DIRECTION('center_axis',(-7.91033905045427E-16,1.6653345369378E-16,
-1.));
#3205=DIRECTION('ref_axis',(1.51050751649681E-15,-1.,-1.66533453693781E-16));
#3206=DIRECTION('',(-1.35796715801563E-15,1.,1.66533453693782E-16));
#3207=DIRECTION('center_axis',(-7.91033905045427E-16,1.6653345369378E-16,
-1.));
#3208=DIRECTION('ref_axis',(-1.,-6.04203006598725E-15,7.91033905045426E-16));
#3209=DIRECTION('center_axis',(7.91033905045427E-16,-1.6653345369378E-16,
1.));
#3210=DIRECTION('ref_axis',(1.,0.,-7.91033905045427E-16));
#3211=DIRECTION('',(1.8672048422715E-15,-1.,-1.66533453693782E-16));
#3212=DIRECTION('center_axis',(-7.91033905045427E-16,1.6653345369378E-16,
-1.));
#3213=DIRECTION('ref_axis',(1.,-6.79728382423562E-15,-7.91033905045428E-16));
#3214=DIRECTION('',(-1.,-1.3766793038938E-15,7.91033905045426E-16));
#3215=DIRECTION('center_axis',(1.3766793038938E-15,-1.,0.));
#3216=DIRECTION('ref_axis',(1.,1.3766793038938E-15,-7.91033905045427E-16));
#3217=DIRECTION('',(0.,0.,1.));
#3218=DIRECTION('',(0.,0.,1.));
#3219=DIRECTION('center_axis',(1.,1.8672048422715E-15,0.));
#3220=DIRECTION('ref_axis',(-1.8672048422715E-15,1.,1.66533453693782E-16));
#3221=DIRECTION('',(0.,0.,1.));
#3222=DIRECTION('',(0.,0.,1.));
#3223=DIRECTION('',(1.8672048422715E-15,-1.,-1.66533453693782E-16));
#3224=DIRECTION('',(0.,0.,1.));
#3225=DIRECTION('center_axis',(0.,0.,1.));
#3226=DIRECTION('ref_axis',(1.51050751649681E-15,-1.,0.));
#3227=DIRECTION('',(0.,0.,1.));
#3228=DIRECTION('center_axis',(-1.,-1.35796715801563E-15,0.));
#3229=DIRECTION('ref_axis',(1.35796715801563E-15,-1.,-1.66533453693782E-16));
#3230=DIRECTION('',(0.,0.,1.));
#3231=DIRECTION('center_axis',(0.,0.,1.));
#3232=DIRECTION('ref_axis',(-1.,-6.04203006598725E-15,0.));
#3233=DIRECTION('center_axis',(0.,0.,1.));
#3234=DIRECTION('ref_axis',(-1.51050751649681E-15,1.,0.));
#3235=DIRECTION('center_axis',(-7.91033905045427E-16,1.6653345369378E-16,
-1.));
#3236=DIRECTION('ref_axis',(-1.51050751649681E-15,1.,1.66533453693781E-16));
#3237=DIRECTION('center_axis',(0.,0.,1.));
#3238=DIRECTION('ref_axis',(1.,-6.79728382423562E-15,0.));
#3239=DIRECTION('center_axis',(7.91033905045427E-16,-1.6653345369378E-16,
1.));
#3240=DIRECTION('ref_axis',(1.,0.,-7.91033905045427E-16));
#3241=DIRECTION('',(-1.,-1.95724546233086E-15,7.91033905045426E-16));
#3242=DIRECTION('center_axis',(1.,0.,0.));
#3243=DIRECTION('ref_axis',(0.,1.,0.));
#3244=DIRECTION('',(0.,0.,-1.));
#3245=DIRECTION('',(0.,0.,1.));
#3246=DIRECTION('center_axis',(8.32667268468868E-16,-1.8503717077086E-16,
1.));
#3247=DIRECTION('ref_axis',(1.,7.70371977754853E-33,-8.32667268468868E-16));
#3248=DIRECTION('',(8.32667268468868E-16,-1.8503717077086E-16,1.));
#3249=DIRECTION('center_axis',(0.,0.,1.));
#3250=DIRECTION('ref_axis',(0.,-1.,0.));
#3251=DIRECTION('',(0.,0.,1.));
#3252=DIRECTION('center_axis',(0.,0.,1.));
#3253=DIRECTION('ref_axis',(-1.,0.,0.));
#3254=DIRECTION('',(0.,0.,1.));
#3255=DIRECTION('center_axis',(0.,0.,1.));
#3256=DIRECTION('ref_axis',(1.,0.,0.));
#3257=DIRECTION('',(0.,0.,1.));
#3258=DIRECTION('center_axis',(0.,0.,1.));
#3259=DIRECTION('ref_axis',(0.,1.,0.));
#3260=DIRECTION('',(0.,0.,1.));
#3261=DIRECTION('center_axis',(1.11022302462516E-16,-1.,0.));
#3262=DIRECTION('ref_axis',(1.,1.11022302462516E-16,0.));
#3263=DIRECTION('',(0.,0.,1.));
#3264=DIRECTION('center_axis',(-1.,0.,0.));
#3265=DIRECTION('ref_axis',(0.,-1.,0.));
#3266=CARTESIAN_POINT('',(0.,0.,0.));
#3267=CARTESIAN_POINT('Origin',(0.,-11.0000003576279,145.));
#3268=CARTESIAN_POINT('',(-5.28815221128714,-19.0000003576279,145.));
#3269=CARTESIAN_POINT('',(-7.9530771763441,-18.4000296643639,145.));
#3270=CARTESIAN_POINT('Origin',(-6.5530771763441,-18.4000296643639,145.));
#3271=CARTESIAN_POINT('',(29.3,-19.0000003576279,145.));
#3272=CARTESIAN_POINT('',(-14.65,-19.0000003576279,145.));
#3273=CARTESIAN_POINT('',(29.3,-6.,145.));
#3274=CARTESIAN_POINT('',(29.3,-15.0000003576279,145.));
#3275=CARTESIAN_POINT('',(28.,-6.,145.));
#3276=CARTESIAN_POINT('',(19.,-6.,145.));
#3277=CARTESIAN_POINT('',(28.,-3.00000035762786,145.));
#3278=CARTESIAN_POINT('',(28.,-8.50000017881393,145.));
#3279=CARTESIAN_POINT('',(-29.3,-3.00000035762786,145.));
#3280=CARTESIAN_POINT('',(14.,-3.00000035762786,145.));
#3281=CARTESIAN_POINT('',(-29.3,-19.0000003576279,145.));
#3282=CARTESIAN_POINT('',(-29.3,-7.00000035762786,145.));
#3283=CARTESIAN_POINT('',(-7.81800214140107,-19.0000003576279,145.));
#3284=CARTESIAN_POINT('',(-14.65,-19.0000003576279,145.));
#3285=CARTESIAN_POINT('Origin',(-6.5530771763441,-18.4000296643639,145.));
#3286=CARTESIAN_POINT('Origin',(29.3,-19.0000003576279,178.));
#3287=CARTESIAN_POINT('',(-7.81800214140105,-19.0000003576279,162.));
#3288=CARTESIAN_POINT('',(-7.81800214140108,-19.0000003576279,123.282922823656));
#3289=CARTESIAN_POINT('',(-29.3,-19.0000003576279,178.));
#3290=CARTESIAN_POINT('',(-29.3,-19.0000003576279,178.));
#3291=CARTESIAN_POINT('',(-27.,-19.0000003576279,178.));
#3292=CARTESIAN_POINT('',(14.65,-19.0000003576279,178.));
#3293=CARTESIAN_POINT('',(-27.,-19.0000003576279,162.));
#3294=CARTESIAN_POINT('',(-27.,-19.0000003576279,178.));
#3295=CARTESIAN_POINT('',(13.4999998994172,-19.0000003576279,162.));
#3296=CARTESIAN_POINT('Origin',(29.3,-19.0000003576279,178.));
#3297=CARTESIAN_POINT('',(27.,-19.0000003576279,178.));
#3298=CARTESIAN_POINT('',(27.,-19.0000003576279,162.));
#3299=CARTESIAN_POINT('',(27.,-19.0000003576279,178.));
#3300=CARTESIAN_POINT('',(29.3,-19.0000003576279,178.));
#3301=CARTESIAN_POINT('',(14.65,-19.0000003576279,178.));
#3302=CARTESIAN_POINT('',(29.3,-19.0000003576279,178.));
#3303=CARTESIAN_POINT('',(-5.28815221128712,-19.0000003576279,162.));
#3304=CARTESIAN_POINT('',(-5.28815221128716,-19.0000003576279,123.282922823656));
#3305=CARTESIAN_POINT('',(13.4999998994172,-19.0000003576279,162.));
#3306=CARTESIAN_POINT('Origin',(29.3,-6.,178.));
#3307=CARTESIAN_POINT('',(29.3,-6.,178.));
#3308=CARTESIAN_POINT('',(29.3,-3.,178.));
#3309=CARTESIAN_POINT('',(29.3,-6.,159.));
#3310=CARTESIAN_POINT('Origin',(-29.3,-3.00000035762786,178.));
#3311=CARTESIAN_POINT('',(-29.3,-3.00000035762786,178.));
#3312=CARTESIAN_POINT('',(28.,-3.00000035762786,178.));
#3313=CARTESIAN_POINT('',(-14.65,-3.00000035762786,178.));
#3314=CARTESIAN_POINT('',(-29.3,-3.00000035762786,178.));
#3315=CARTESIAN_POINT('',(28.,-3.00000035762786,159.));
#3316=CARTESIAN_POINT('Origin',(-29.3,-19.0000003576279,178.));
#3317=CARTESIAN_POINT('',(-29.3,-9.50000017881393,178.));
#3318=CARTESIAN_POINT('Origin',(-6.55307717634412,-18.4000296643639,123.282922823656));
#3319=CARTESIAN_POINT('',(-7.95307717634412,-18.4000296643639,132.282922823656));
#3320=CARTESIAN_POINT('Origin',(-6.55307717634412,-18.4000296643639,132.282922823656));
#3321=CARTESIAN_POINT('',(-7.95307717634412,-18.4000296643639,123.282922823656));
#3322=CARTESIAN_POINT('Origin',(-6.55307717634409,-18.4000296643639,162.));
#3323=CARTESIAN_POINT('Origin',(-27.0000004023314,-31.000000461936,178.));
#3324=CARTESIAN_POINT('',(-27.0000004023314,-31.000000461936,178.));
#3325=CARTESIAN_POINT('',(-27.0000004023314,-27.7780484626933,178.));
#3326=CARTESIAN_POINT('',(-27.0000004023314,-15.500000230968,178.));
#3327=CARTESIAN_POINT('',(-27.0000004023314,-31.000000461936,162.));
#3328=CARTESIAN_POINT('',(-27.0000004023314,-31.000000461936,178.));
#3329=CARTESIAN_POINT('',(-27.0000004023314,-27.7780484626933,162.));
#3330=CARTESIAN_POINT('',(-27.0000004023314,-26.3890244362376,162.));
#3331=CARTESIAN_POINT('',(-27.0000004023314,-27.7780484626933,178.));
#3332=CARTESIAN_POINT('Origin',(27.,-31.000000461936,178.));
#3333=CARTESIAN_POINT('',(27.,-31.000000461936,178.));
#3334=CARTESIAN_POINT('',(13.5,-31.000000461936,178.));
#3335=CARTESIAN_POINT('',(27.,-31.000000461936,162.));
#3336=CARTESIAN_POINT('',(27.,-31.000000461936,178.));
#3337=CARTESIAN_POINT('',(-13.5000003017485,-31.000000461936,162.));
#3338=CARTESIAN_POINT('Origin',(27.,-27.7780482172233,178.));
#3339=CARTESIAN_POINT('',(27.,-27.7780482172233,178.));
#3340=CARTESIAN_POINT('',(27.,-13.8890241086117,178.));
#3341=CARTESIAN_POINT('',(27.,-27.7780482172233,162.));
#3342=CARTESIAN_POINT('',(27.,-27.7780482172233,178.));
#3343=CARTESIAN_POINT('',(27.,-28.000000435859,162.));
#3344=CARTESIAN_POINT('Origin',(29.,-24.5,178.));
#3345=CARTESIAN_POINT('',(27.,-21.2219517827767,178.));
#3346=CARTESIAN_POINT('Origin',(29.,-24.5,178.));
#3347=CARTESIAN_POINT('',(27.,-21.2219517827767,162.));
#3348=CARTESIAN_POINT('',(27.,-21.2219517827767,178.));
#3349=CARTESIAN_POINT('Origin',(29.,-24.5,162.));
#3350=CARTESIAN_POINT('Origin',(27.,-19.0000003576279,178.));
#3351=CARTESIAN_POINT('',(27.,-9.50000017881393,178.));
#3352=CARTESIAN_POINT('',(27.,-23.1109760962793,162.));
#3353=CARTESIAN_POINT('Origin',(-27.,-21.2219517827767,178.));
#3354=CARTESIAN_POINT('',(-27.,-21.2219517827767,178.));
#3355=CARTESIAN_POINT('',(-27.,-10.6109758913883,178.));
#3356=CARTESIAN_POINT('',(-27.,-21.2219517827767,162.));
#3357=CARTESIAN_POINT('',(-27.,-21.2219517827767,178.));
#3358=CARTESIAN_POINT('',(-27.,-22.0000003837049,162.));
#3359=CARTESIAN_POINT('Origin',(-29.,-24.5,178.));
#3360=CARTESIAN_POINT('',(-25.1599999850988,-24.5,178.));
#3361=CARTESIAN_POINT('Origin',(-29.,-24.5,178.));
#3362=CARTESIAN_POINT('Origin',(-29.,-24.5,178.));
#3363=CARTESIAN_POINT('Origin',(-29.,-24.5,162.));
#3364=CARTESIAN_POINT('Origin',(-2.01165673008319E-7,-25.0000004097819,
162.));
#3365=CARTESIAN_POINT('Ctrl Pts',(-8.88178419700125E-15,-55.,140.998196493721));
#3366=CARTESIAN_POINT('Ctrl Pts',(-8.88178419700125E-15,-55.,175.));
#3367=CARTESIAN_POINT('Ctrl Pts',(18.4985182512891,-55.,140.998196493721));
#3368=CARTESIAN_POINT('Ctrl Pts',(18.4985182512891,-55.,175.));
#3369=CARTESIAN_POINT('Ctrl Pts',(29.4702244546802,-54.1429252877041,140.998196493721));
#3370=CARTESIAN_POINT('Ctrl Pts',(29.4702244546802,-54.1429252877041,175.));
#3371=CARTESIAN_POINT('Ctrl Pts',(39.7364814788248,-51.2825226729332,140.998196493721));
#3372=CARTESIAN_POINT('Ctrl Pts',(39.7364814788248,-51.2825226729332,175.));
#3373=CARTESIAN_POINT('Ctrl Pts',(42.2035401066384,-50.1991998204407,140.998196493721));
#3374=CARTESIAN_POINT('Ctrl Pts',(42.2035401066384,-50.1991998204407,175.));
#3375=CARTESIAN_POINT('Ctrl Pts',(46.1634937697336,-47.5147404266171,140.998196493721));
#3376=CARTESIAN_POINT('Ctrl Pts',(46.1634937697336,-47.5147404266171,175.));
#3377=CARTESIAN_POINT('Ctrl Pts',(47.7253591958859,-45.9193374181498,140.998196493721));
#3378=CARTESIAN_POINT('Ctrl Pts',(47.7253591958859,-45.9193374181498,175.));
#3379=CARTESIAN_POINT('Ctrl Pts',(50.5903342326,-41.5327801330397,140.998196493721));
#3380=CARTESIAN_POINT('Ctrl Pts',(50.5903342326,-41.5327801330397,175.));
#3381=CARTESIAN_POINT('Ctrl Pts',(51.7834201337899,-38.4775874486166,140.998196493721));
#3382=CARTESIAN_POINT('Ctrl Pts',(51.7834201337899,-38.4775874486166,175.));
#3383=CARTESIAN_POINT('Ctrl Pts',(54.2905407535863,-27.3599285017665,140.998196493721));
#3384=CARTESIAN_POINT('Ctrl Pts',(54.2905407535863,-27.3599285017665,175.));
#3385=CARTESIAN_POINT('Ctrl Pts',(55.,-16.8302862017669,140.998196493721));
#3386=CARTESIAN_POINT('Ctrl Pts',(55.,-16.8302862017669,175.));
#3387=CARTESIAN_POINT('Ctrl Pts',(55.,-8.88178419700125E-15,140.998196493721));
#3388=CARTESIAN_POINT('Ctrl Pts',(55.,-8.88178419700125E-15,175.));
#3389=CARTESIAN_POINT('',(-3.33066907387547E-15,-55.,175.));
#3390=CARTESIAN_POINT('',(55.,-1.22124532708767E-14,175.));
#3391=CARTESIAN_POINT('Ctrl Pts',(-8.88178419700125E-15,-55.,175.));
#3392=CARTESIAN_POINT('Ctrl Pts',(18.4985182512891,-55.,175.));
#3393=CARTESIAN_POINT('Ctrl Pts',(29.4702244546802,-54.1429252877041,175.));
#3394=CARTESIAN_POINT('Ctrl Pts',(39.7364814788248,-51.2825226729332,175.));
#3395=CARTESIAN_POINT('Ctrl Pts',(42.2035401066384,-50.1991998204407,175.));
#3396=CARTESIAN_POINT('Ctrl Pts',(46.1634937697336,-47.5147404266171,175.));
#3397=CARTESIAN_POINT('Ctrl Pts',(47.7253591958859,-45.9193374181498,175.));
#3398=CARTESIAN_POINT('Ctrl Pts',(50.5903342326,-41.5327801330397,175.));
#3399=CARTESIAN_POINT('Ctrl Pts',(51.7834201337899,-38.4775874486166,175.));
#3400=CARTESIAN_POINT('Ctrl Pts',(54.2905407535863,-27.3599285017665,175.));
#3401=CARTESIAN_POINT('Ctrl Pts',(55.,-16.8302862017669,175.));
#3402=CARTESIAN_POINT('Ctrl Pts',(55.,-8.88178419700125E-15,175.));
#3403=CARTESIAN_POINT('',(-3.33066907387547E-15,-55.,141.));
#3404=CARTESIAN_POINT('',(-3.33066907387547E-15,-55.,141.));
#3405=CARTESIAN_POINT('',(55.,-1.22124532708767E-14,141.));
#3406=CARTESIAN_POINT('Ctrl Pts',(-8.88178419700125E-15,-55.,141.));
#3407=CARTESIAN_POINT('Ctrl Pts',(18.4985182512891,-55.,141.));
#3408=CARTESIAN_POINT('Ctrl Pts',(29.4702244546802,-54.1429252877041,141.));
#3409=CARTESIAN_POINT('Ctrl Pts',(39.7364814788248,-51.2825226729332,141.));
#3410=CARTESIAN_POINT('Ctrl Pts',(42.2035401066384,-50.1991998204407,141.));
#3411=CARTESIAN_POINT('Ctrl Pts',(46.1634937697336,-47.5147404266171,141.));
#3412=CARTESIAN_POINT('Ctrl Pts',(47.7253591958859,-45.9193374181498,141.));
#3413=CARTESIAN_POINT('Ctrl Pts',(50.5903342326,-41.5327801330397,141.));
#3414=CARTESIAN_POINT('Ctrl Pts',(51.7834201337899,-38.4775874486166,141.));
#3415=CARTESIAN_POINT('Ctrl Pts',(54.2905407535863,-27.3599285017665,141.));
#3416=CARTESIAN_POINT('Ctrl Pts',(55.,-16.8302862017669,141.));
#3417=CARTESIAN_POINT('Ctrl Pts',(55.,-8.88178419700125E-15,141.));
#3418=CARTESIAN_POINT('',(55.,-1.22124532708767E-14,170.));
#3419=CARTESIAN_POINT('Ctrl Pts',(-55.,4.44089209850063E-15,140.998196493721));
#3420=CARTESIAN_POINT('Ctrl Pts',(-55.,4.44089209850063E-15,175.));
#3421=CARTESIAN_POINT('Ctrl Pts',(-55.,-18.4985182512886,140.998196493721));
#3422=CARTESIAN_POINT('Ctrl Pts',(-55.,-18.4985182512886,175.));
#3423=CARTESIAN_POINT('Ctrl Pts',(-54.1429252877041,-29.47022445468,140.998196493721));
#3424=CARTESIAN_POINT('Ctrl Pts',(-54.1429252877041,-29.47022445468,175.));
#3425=CARTESIAN_POINT('Ctrl Pts',(-51.2825226729337,-39.7364814788227,140.998196493721));
#3426=CARTESIAN_POINT('Ctrl Pts',(-51.2825226729337,-39.7364814788227,175.));
#3427=CARTESIAN_POINT('Ctrl Pts',(-50.1991998204415,-42.2035401066371,140.998196493721));
#3428=CARTESIAN_POINT('Ctrl Pts',(-50.1991998204415,-42.2035401066371,175.));
#3429=CARTESIAN_POINT('Ctrl Pts',(-47.5147404266171,-46.1634937697336,140.998196493721));
#3430=CARTESIAN_POINT('Ctrl Pts',(-47.5147404266171,-46.1634937697336,175.));
#3431=CARTESIAN_POINT('Ctrl Pts',(-45.9193374181498,-47.7253591958858,140.998196493721));
#3432=CARTESIAN_POINT('Ctrl Pts',(-45.9193374181498,-47.7253591958858,175.));
#3433=CARTESIAN_POINT('Ctrl Pts',(-41.5327801330402,-50.5903342325997,140.998196493721));
#3434=CARTESIAN_POINT('Ctrl Pts',(-41.5327801330402,-50.5903342325997,175.));
#3435=CARTESIAN_POINT('Ctrl Pts',(-38.4775874486174,-51.7834201337897,140.998196493721));
#3436=CARTESIAN_POINT('Ctrl Pts',(-38.4775874486174,-51.7834201337897,175.));
#3437=CARTESIAN_POINT('Ctrl Pts',(-27.3599285017665,-54.2905407535863,140.998196493721));
#3438=CARTESIAN_POINT('Ctrl Pts',(-27.3599285017665,-54.2905407535863,175.));
#3439=CARTESIAN_POINT('Ctrl Pts',(-16.8302862017669,-55.,140.998196493721));
#3440=CARTESIAN_POINT('Ctrl Pts',(-16.8302862017669,-55.,175.));
#3441=CARTESIAN_POINT('Ctrl Pts',(-4.44089209850063E-15,-55.,140.998196493721));
#3442=CARTESIAN_POINT('Ctrl Pts',(-4.44089209850063E-15,-55.,175.));
#3443=CARTESIAN_POINT('',(-55.,-2.14622680169081E-15,175.));
#3444=CARTESIAN_POINT('Ctrl Pts',(-55.,4.44089209850063E-15,175.));
#3445=CARTESIAN_POINT('Ctrl Pts',(-55.,-18.4985182512886,175.));
#3446=CARTESIAN_POINT('Ctrl Pts',(-54.1429252877041,-29.47022445468,175.));
#3447=CARTESIAN_POINT('Ctrl Pts',(-51.2825226729337,-39.7364814788227,175.));
#3448=CARTESIAN_POINT('Ctrl Pts',(-50.1991998204415,-42.2035401066371,175.));
#3449=CARTESIAN_POINT('Ctrl Pts',(-47.5147404266171,-46.1634937697336,175.));
#3450=CARTESIAN_POINT('Ctrl Pts',(-45.9193374181498,-47.7253591958858,175.));
#3451=CARTESIAN_POINT('Ctrl Pts',(-41.5327801330402,-50.5903342325997,175.));
#3452=CARTESIAN_POINT('Ctrl Pts',(-38.4775874486174,-51.7834201337897,175.));
#3453=CARTESIAN_POINT('Ctrl Pts',(-27.3599285017665,-54.2905407535863,175.));
#3454=CARTESIAN_POINT('Ctrl Pts',(-16.8302862017669,-55.,175.));
#3455=CARTESIAN_POINT('Ctrl Pts',(-4.44089209850063E-15,-55.,175.));
#3456=CARTESIAN_POINT('',(-55.,-2.14622680169081E-15,141.));
#3457=CARTESIAN_POINT('',(-55.,-2.14622680169081E-15,141.));
#3458=CARTESIAN_POINT('Ctrl Pts',(-55.,4.44089209850063E-15,141.));
#3459=CARTESIAN_POINT('Ctrl Pts',(-55.,-18.4985182512886,141.));
#3460=CARTESIAN_POINT('Ctrl Pts',(-54.1429252877041,-29.47022445468,141.));
#3461=CARTESIAN_POINT('Ctrl Pts',(-51.2825226729337,-39.7364814788227,141.));
#3462=CARTESIAN_POINT('Ctrl Pts',(-50.1991998204415,-42.2035401066371,141.));
#3463=CARTESIAN_POINT('Ctrl Pts',(-47.5147404266171,-46.1634937697336,141.));
#3464=CARTESIAN_POINT('Ctrl Pts',(-45.9193374181498,-47.7253591958858,141.));
#3465=CARTESIAN_POINT('Ctrl Pts',(-41.5327801330402,-50.5903342325997,141.));
#3466=CARTESIAN_POINT('Ctrl Pts',(-38.4775874486174,-51.7834201337897,141.));
#3467=CARTESIAN_POINT('Ctrl Pts',(-27.3599285017665,-54.2905407535863,141.));
#3468=CARTESIAN_POINT('Ctrl Pts',(-16.8302862017669,-55.,141.));
#3469=CARTESIAN_POINT('Ctrl Pts',(-4.44089209850063E-15,-55.,141.));
#3470=CARTESIAN_POINT('Ctrl Pts',(8.88178419700125E-15,55.,140.998196493721));
#3471=CARTESIAN_POINT('Ctrl Pts',(8.88178419700125E-15,55.,175.));
#3472=CARTESIAN_POINT('Ctrl Pts',(-18.4985182512891,55.,140.998196493721));
#3473=CARTESIAN_POINT('Ctrl Pts',(-18.4985182512891,55.,175.));
#3474=CARTESIAN_POINT('Ctrl Pts',(-29.4702244546802,54.1429252877041,140.998196493721));
#3475=CARTESIAN_POINT('Ctrl Pts',(-29.4702244546802,54.1429252877041,175.));
#3476=CARTESIAN_POINT('Ctrl Pts',(-39.7364814788248,51.2825226729332,140.998196493721));
#3477=CARTESIAN_POINT('Ctrl Pts',(-39.7364814788248,51.2825226729332,175.));
#3478=CARTESIAN_POINT('Ctrl Pts',(-42.2035401066384,50.1991998204407,140.998196493721));
#3479=CARTESIAN_POINT('Ctrl Pts',(-42.2035401066384,50.1991998204407,175.));
#3480=CARTESIAN_POINT('Ctrl Pts',(-46.1634937697336,47.5147404266171,140.998196493721));
#3481=CARTESIAN_POINT('Ctrl Pts',(-46.1634937697336,47.5147404266171,175.));
#3482=CARTESIAN_POINT('Ctrl Pts',(-47.7253591958859,45.9193374181498,140.998196493721));
#3483=CARTESIAN_POINT('Ctrl Pts',(-47.7253591958859,45.9193374181498,175.));
#3484=CARTESIAN_POINT('Ctrl Pts',(-50.5903342326,41.5327801330397,140.998196493721));
#3485=CARTESIAN_POINT('Ctrl Pts',(-50.5903342326,41.5327801330397,175.));
#3486=CARTESIAN_POINT('Ctrl Pts',(-51.7834201337899,38.4775874486166,140.998196493721));
#3487=CARTESIAN_POINT('Ctrl Pts',(-51.7834201337899,38.4775874486166,175.));
#3488=CARTESIAN_POINT('Ctrl Pts',(-54.2905407535863,27.3599285017665,140.998196493721));
#3489=CARTESIAN_POINT('Ctrl Pts',(-54.2905407535863,27.3599285017665,175.));
#3490=CARTESIAN_POINT('Ctrl Pts',(-55.,16.8302862017669,140.998196493721));
#3491=CARTESIAN_POINT('Ctrl Pts',(-55.,16.8302862017669,175.));
#3492=CARTESIAN_POINT('Ctrl Pts',(-55.,8.88178419700125E-15,140.998196493721));
#3493=CARTESIAN_POINT('Ctrl Pts',(-55.,8.88178419700125E-15,175.));
#3494=CARTESIAN_POINT('',(3.33066907387547E-15,55.,175.));
#3495=CARTESIAN_POINT('Ctrl Pts',(8.88178419700125E-15,55.,175.));
#3496=CARTESIAN_POINT('Ctrl Pts',(-18.4985182512891,55.,175.));
#3497=CARTESIAN_POINT('Ctrl Pts',(-29.4702244546802,54.1429252877041,175.));
#3498=CARTESIAN_POINT('Ctrl Pts',(-39.7364814788248,51.2825226729332,175.));
#3499=CARTESIAN_POINT('Ctrl Pts',(-42.2035401066384,50.1991998204407,175.));
#3500=CARTESIAN_POINT('Ctrl Pts',(-46.1634937697336,47.5147404266171,175.));
#3501=CARTESIAN_POINT('Ctrl Pts',(-47.7253591958859,45.9193374181498,175.));
#3502=CARTESIAN_POINT('Ctrl Pts',(-50.5903342326,41.5327801330397,175.));
#3503=CARTESIAN_POINT('Ctrl Pts',(-51.7834201337899,38.4775874486166,175.));
#3504=CARTESIAN_POINT('Ctrl Pts',(-54.2905407535863,27.3599285017665,175.));
#3505=CARTESIAN_POINT('Ctrl Pts',(-55.,16.8302862017669,175.));
#3506=CARTESIAN_POINT('Ctrl Pts',(-55.,8.88178419700125E-15,175.));
#3507=CARTESIAN_POINT('',(3.33066907387547E-15,55.,141.));
#3508=CARTESIAN_POINT('',(3.33066907387547E-15,55.,141.));
#3509=CARTESIAN_POINT('Ctrl Pts',(8.88178419700125E-15,55.,141.));
#3510=CARTESIAN_POINT('Ctrl Pts',(-18.4985182512891,55.,141.));
#3511=CARTESIAN_POINT('Ctrl Pts',(-29.4702244546802,54.1429252877041,141.));
#3512=CARTESIAN_POINT('Ctrl Pts',(-39.7364814788248,51.2825226729332,141.));
#3513=CARTESIAN_POINT('Ctrl Pts',(-42.2035401066384,50.1991998204407,141.));
#3514=CARTESIAN_POINT('Ctrl Pts',(-46.1634937697336,47.5147404266171,141.));
#3515=CARTESIAN_POINT('Ctrl Pts',(-47.7253591958859,45.9193374181498,141.));
#3516=CARTESIAN_POINT('Ctrl Pts',(-50.5903342326,41.5327801330397,141.));
#3517=CARTESIAN_POINT('Ctrl Pts',(-51.7834201337899,38.4775874486166,141.));
#3518=CARTESIAN_POINT('Ctrl Pts',(-54.2905407535863,27.3599285017665,141.));
#3519=CARTESIAN_POINT('Ctrl Pts',(-55.,16.8302862017669,141.));
#3520=CARTESIAN_POINT('Ctrl Pts',(-55.,8.88178419700125E-15,141.));
#3521=CARTESIAN_POINT('Ctrl Pts',(55.,6.66133814775094E-15,140.998196493721));
#3522=CARTESIAN_POINT('Ctrl Pts',(55.,6.66133814775094E-15,175.));
#3523=CARTESIAN_POINT('Ctrl Pts',(55.,18.4985182512892,140.998196493721));
#3524=CARTESIAN_POINT('Ctrl Pts',(55.,18.4985182512892,175.));
#3525=CARTESIAN_POINT('Ctrl Pts',(54.142925287704,29.4702244546802,140.998196493721));
#3526=CARTESIAN_POINT('Ctrl Pts',(54.142925287704,29.4702244546802,175.));
#3527=CARTESIAN_POINT('Ctrl Pts',(51.2825226729336,39.7364814788231,140.998196493721));
#3528=CARTESIAN_POINT('Ctrl Pts',(51.2825226729336,39.7364814788231,175.));
#3529=CARTESIAN_POINT('Ctrl Pts',(50.1991998204414,42.2035401066373,140.998196493721));
#3530=CARTESIAN_POINT('Ctrl Pts',(50.1991998204414,42.2035401066373,175.));
#3531=CARTESIAN_POINT('Ctrl Pts',(47.5147404266172,46.1634937697336,140.998196493721));
#3532=CARTESIAN_POINT('Ctrl Pts',(47.5147404266172,46.1634937697336,175.));
#3533=CARTESIAN_POINT('Ctrl Pts',(45.9193374181498,47.7253591958858,140.998196493721));
#3534=CARTESIAN_POINT('Ctrl Pts',(45.9193374181498,47.7253591958858,175.));
#3535=CARTESIAN_POINT('Ctrl Pts',(41.5327801330402,50.5903342325997,140.998196493721));
#3536=CARTESIAN_POINT('Ctrl Pts',(41.5327801330402,50.5903342325997,175.));
#3537=CARTESIAN_POINT('Ctrl Pts',(38.4775874486174,51.7834201337897,140.998196493721));
#3538=CARTESIAN_POINT('Ctrl Pts',(38.4775874486174,51.7834201337897,175.));
#3539=CARTESIAN_POINT('Ctrl Pts',(27.3599285017665,54.2905407535863,140.998196493721));
#3540=CARTESIAN_POINT('Ctrl Pts',(27.3599285017665,54.2905407535863,175.));
#3541=CARTESIAN_POINT('Ctrl Pts',(16.8302862017669,55.,140.998196493721));
#3542=CARTESIAN_POINT('Ctrl Pts',(16.8302862017669,55.,175.));
#3543=CARTESIAN_POINT('Ctrl Pts',(2.22044604925031E-15,55.,140.998196493721));
#3544=CARTESIAN_POINT('Ctrl Pts',(2.22044604925031E-15,55.,175.));
#3545=CARTESIAN_POINT('Ctrl Pts',(55.,6.66133814775094E-15,175.));
#3546=CARTESIAN_POINT('Ctrl Pts',(55.,18.4985182512892,175.));
#3547=CARTESIAN_POINT('Ctrl Pts',(54.142925287704,29.4702244546802,175.));
#3548=CARTESIAN_POINT('Ctrl Pts',(51.2825226729336,39.7364814788231,175.));
#3549=CARTESIAN_POINT('Ctrl Pts',(50.1991998204414,42.2035401066373,175.));
#3550=CARTESIAN_POINT('Ctrl Pts',(47.5147404266172,46.1634937697336,175.));
#3551=CARTESIAN_POINT('Ctrl Pts',(45.9193374181498,47.7253591958858,175.));
#3552=CARTESIAN_POINT('Ctrl Pts',(41.5327801330402,50.5903342325997,175.));
#3553=CARTESIAN_POINT('Ctrl Pts',(38.4775874486174,51.7834201337897,175.));
#3554=CARTESIAN_POINT('Ctrl Pts',(27.3599285017665,54.2905407535863,175.));
#3555=CARTESIAN_POINT('Ctrl Pts',(16.8302862017669,55.,175.));
#3556=CARTESIAN_POINT('Ctrl Pts',(2.22044604925031E-15,55.,175.));
#3557=CARTESIAN_POINT('Ctrl Pts',(55.,6.66133814775094E-15,141.));
#3558=CARTESIAN_POINT('Ctrl Pts',(55.,18.4985182512892,141.));
#3559=CARTESIAN_POINT('Ctrl Pts',(54.142925287704,29.4702244546802,141.));
#3560=CARTESIAN_POINT('Ctrl Pts',(51.2825226729336,39.7364814788231,141.));
#3561=CARTESIAN_POINT('Ctrl Pts',(50.1991998204414,42.2035401066373,141.));
#3562=CARTESIAN_POINT('Ctrl Pts',(47.5147404266172,46.1634937697336,141.));
#3563=CARTESIAN_POINT('Ctrl Pts',(45.9193374181498,47.7253591958858,141.));
#3564=CARTESIAN_POINT('Ctrl Pts',(41.5327801330402,50.5903342325997,141.));
#3565=CARTESIAN_POINT('Ctrl Pts',(38.4775874486174,51.7834201337897,141.));
#3566=CARTESIAN_POINT('Ctrl Pts',(27.3599285017665,54.2905407535862,141.));
#3567=CARTESIAN_POINT('Ctrl Pts',(16.8302862017669,55.,141.));
#3568=CARTESIAN_POINT('Ctrl Pts',(2.22044604925031E-15,55.,141.));
#3569=CARTESIAN_POINT('Ctrl Pts',(3.33066907387547E-15,55.,157.282922823656));
#3570=CARTESIAN_POINT('Ctrl Pts',(3.33066907387547E-15,55.,182.143415435269));
#3571=CARTESIAN_POINT('Ctrl Pts',(-55.,55.,157.282922823656));
#3572=CARTESIAN_POINT('Ctrl Pts',(-55.,55.,182.143415435269));
#3573=CARTESIAN_POINT('Ctrl Pts',(-55.,1.22124532708767E-14,157.282922823656));
#3574=CARTESIAN_POINT('Ctrl Pts',(-55.,1.22124532708767E-14,182.143415435269));
#3575=CARTESIAN_POINT('',(-55.,-2.22044604925031E-15,178.));
#3576=CARTESIAN_POINT('',(-55.,-2.14622680169081E-15,174.));
#3577=CARTESIAN_POINT('',(4.44089209850063E-15,55.,178.));
#3578=CARTESIAN_POINT('Ctrl Pts',(3.33066907387547E-15,55.,178.));
#3579=CARTESIAN_POINT('Ctrl Pts',(-55.,55.,178.));
#3580=CARTESIAN_POINT('Ctrl Pts',(-55.,1.22124532708767E-14,178.));
#3581=CARTESIAN_POINT('',(3.33066907387547E-15,55.,174.));
#3582=CARTESIAN_POINT('Ctrl Pts',(-55.,-2.14622680169081E-15,157.282922823656));
#3583=CARTESIAN_POINT('Ctrl Pts',(-55.,-2.14622680169081E-15,182.143415435269));
#3584=CARTESIAN_POINT('Ctrl Pts',(-55.,-55.,157.282922823656));
#3585=CARTESIAN_POINT('Ctrl Pts',(-55.,-55.,182.143415435269));
#3586=CARTESIAN_POINT('Ctrl Pts',(-6.73555739531044E-15,-55.,157.282922823656));
#3587=CARTESIAN_POINT('Ctrl Pts',(-6.73555739531044E-15,-55.,182.143415435269));
#3588=CARTESIAN_POINT('',(-4.44089209850063E-15,-55.,178.));
#3589=CARTESIAN_POINT('',(-3.33066907387547E-15,-55.,174.));
#3590=CARTESIAN_POINT('Ctrl Pts',(-55.,-2.14622680169081E-15,178.));
#3591=CARTESIAN_POINT('Ctrl Pts',(-55.,-55.,178.));
#3592=CARTESIAN_POINT('Ctrl Pts',(-6.73555739531044E-15,-55.,178.));
#3593=CARTESIAN_POINT('Ctrl Pts',(-3.33066907387547E-15,-55.,157.282922823656));
#3594=CARTESIAN_POINT('Ctrl Pts',(-3.33066907387547E-15,-55.,182.143415435269));
#3595=CARTESIAN_POINT('Ctrl Pts',(55.,-55.,157.282922823656));
#3596=CARTESIAN_POINT('Ctrl Pts',(55.,-55.,182.143415435269));
#3597=CARTESIAN_POINT('Ctrl Pts',(55.,-1.22124532708767E-14,157.282922823656));
#3598=CARTESIAN_POINT('Ctrl Pts',(55.,-1.22124532708767E-14,182.143415435269));
#3599=CARTESIAN_POINT('',(55.,-1.22124532708767E-14,178.));
#3600=CARTESIAN_POINT('',(55.,-1.22124532708767E-14,174.));
#3601=CARTESIAN_POINT('Ctrl Pts',(-3.33066907387547E-15,-55.,178.));
#3602=CARTESIAN_POINT('Ctrl Pts',(55.,-55.,178.));
#3603=CARTESIAN_POINT('Ctrl Pts',(55.,-1.22124532708767E-14,178.));
#3604=CARTESIAN_POINT('Ctrl Pts',(55.,8.88178419700125E-15,157.282922823656));
#3605=CARTESIAN_POINT('Ctrl Pts',(55.,8.88178419700125E-15,182.143415435269));
#3606=CARTESIAN_POINT('Ctrl Pts',(55.,55.,157.282922823656));
#3607=CARTESIAN_POINT('Ctrl Pts',(55.,55.,182.143415435269));
#3608=CARTESIAN_POINT('Ctrl Pts',(0.,55.,157.282922823656));
#3609=CARTESIAN_POINT('Ctrl Pts',(0.,55.,182.143415435269));
#3610=CARTESIAN_POINT('Ctrl Pts',(55.,8.88178419700125E-15,178.));
#3611=CARTESIAN_POINT('Ctrl Pts',(55.,55.,178.));
#3612=CARTESIAN_POINT('Ctrl Pts',(0.,55.,178.));
#3613=CARTESIAN_POINT('Origin',(29.,24.5,177.25));
#3614=CARTESIAN_POINT('',(31.3400000149012,24.5,176.5));
#3615=CARTESIAN_POINT('Origin',(29.,24.5,176.5));
#3616=CARTESIAN_POINT('',(32.8400000149012,24.5,178.));
#3617=CARTESIAN_POINT('',(32.0900000149012,24.5,177.25));
#3618=CARTESIAN_POINT('Origin',(29.,24.5,178.));
#3619=CARTESIAN_POINT('Origin',(29.,24.5,176.5));
#3620=CARTESIAN_POINT('Origin',(29.,-24.5,177.25));
#3621=CARTESIAN_POINT('',(31.3400000149012,-24.5,176.5));
#3622=CARTESIAN_POINT('Origin',(29.,-24.5,176.5));
#3623=CARTESIAN_POINT('',(32.8400000149012,-24.5,178.));
#3624=CARTESIAN_POINT('',(32.0900000149012,-24.5,177.25));
#3625=CARTESIAN_POINT('Origin',(29.,-24.5,178.));
#3626=CARTESIAN_POINT('Origin',(29.,-24.5,178.));
#3627=CARTESIAN_POINT('Origin',(29.,-24.5,176.5));
#3628=CARTESIAN_POINT('Origin',(-29.,-24.5,177.25));
#3629=CARTESIAN_POINT('',(-26.6599999850988,-24.5,176.5));
#3630=CARTESIAN_POINT('Origin',(-29.,-24.5,176.5));
#3631=CARTESIAN_POINT('',(-25.9099999850988,-24.5,177.25));
#3632=CARTESIAN_POINT('Origin',(-29.,-24.5,178.));
#3633=CARTESIAN_POINT('Origin',(-29.,-24.5,176.5));
#3634=CARTESIAN_POINT('Origin',(-29.,24.5,177.25));
#3635=CARTESIAN_POINT('',(-26.6599999850988,24.5,176.5));
#3636=CARTESIAN_POINT('Origin',(-29.,24.5,176.5));
#3637=CARTESIAN_POINT('',(-25.1599999850988,24.5,178.));
#3638=CARTESIAN_POINT('',(-25.9099999850988,24.5,177.25));
#3639=CARTESIAN_POINT('Origin',(-29.,24.5,178.));
#3640=CARTESIAN_POINT('Origin',(-29.,24.5,176.5));
#3641=CARTESIAN_POINT('Ctrl Pts',(-49.5071067811865,1.12969563720811E-14,
176.707106781187));
#3642=CARTESIAN_POINT('Ctrl Pts',(-49.5071067811865,-1.30710678118634,176.707106781187));
#3643=CARTESIAN_POINT('Ctrl Pts',(-48.2000000000002,-1.30710678118634,176.707106781187));
#3644=CARTESIAN_POINT('Ctrl Pts',(-46.8928932188138,-1.30710678118634,176.707106781187));
#3645=CARTESIAN_POINT('Ctrl Pts',(-46.8928932188138,1.12969563720812E-14,
176.707106781187));
#3646=CARTESIAN_POINT('Ctrl Pts',(-46.8928932188138,1.30710678118637,176.707106781187));
#3647=CARTESIAN_POINT('Ctrl Pts',(-48.2000000000002,1.30710678118637,176.707106781187));
#3648=CARTESIAN_POINT('Ctrl Pts',(-49.5071067811865,1.30710678118637,176.707106781187));
#3649=CARTESIAN_POINT('Ctrl Pts',(-49.5071067811865,1.12969563720811E-14,
176.707106781187));
#3650=CARTESIAN_POINT('Ctrl Pts',(-49.8000000000003,9.0867074898277E-15,
177.));
#3651=CARTESIAN_POINT('Ctrl Pts',(-49.8000000000003,-1.60000000000018,177.));
#3652=CARTESIAN_POINT('Ctrl Pts',(-48.2000000000001,-1.60000000000018,177.));
#3653=CARTESIAN_POINT('Ctrl Pts',(-46.6,-1.60000000000018,177.));
#3654=CARTESIAN_POINT('Ctrl Pts',(-46.6,9.08670748982754E-15,177.));
#3655=CARTESIAN_POINT('Ctrl Pts',(-46.6,1.6000000000002,177.));
#3656=CARTESIAN_POINT('Ctrl Pts',(-48.2000000000001,1.6000000000002,177.));
#3657=CARTESIAN_POINT('Ctrl Pts',(-49.8000000000003,1.6000000000002,177.));
#3658=CARTESIAN_POINT('Ctrl Pts',(-49.8000000000003,9.0867074898277E-15,
177.));
#3659=CARTESIAN_POINT('Ctrl Pts',(-49.8,5.96094354432145E-15,177.414213562374));
#3660=CARTESIAN_POINT('Ctrl Pts',(-49.8,-1.59999999999996,177.414213562374));
#3661=CARTESIAN_POINT('Ctrl Pts',(-48.2000000000001,-1.59999999999996,177.414213562373));
#3662=CARTESIAN_POINT('Ctrl Pts',(-46.6000000000001,-1.59999999999996,177.414213562373));
#3663=CARTESIAN_POINT('Ctrl Pts',(-46.6000000000001,5.96094354432141E-15,
177.414213562373));
#3664=CARTESIAN_POINT('Ctrl Pts',(-46.6000000000001,1.59999999999997,177.414213562373));
#3665=CARTESIAN_POINT('Ctrl Pts',(-48.2000000000001,1.59999999999997,177.414213562373));
#3666=CARTESIAN_POINT('Ctrl Pts',(-49.8,1.59999999999997,177.414213562374));
#3667=CARTESIAN_POINT('Ctrl Pts',(-49.8,5.96094354432145E-15,177.414213562374));
#3668=CARTESIAN_POINT('',(-46.6,2.30637957383113E-16,177.414213562373));
#3669=CARTESIAN_POINT('',(-49.8,5.76500005646184E-15,177.414213562373));
#3670=CARTESIAN_POINT('Origin',(-48.2,3.46944695195361E-17,177.414213562373));
#3671=CARTESIAN_POINT('',(-49.5071067811866,1.11368819585088E-14,176.707106781187));
#3672=CARTESIAN_POINT('Origin',(-48.8000000000019,5.88746473637624E-15,
177.414213562373));
#3673=CARTESIAN_POINT('',(-46.8928932188134,3.46944695195356E-17,176.707106781187));
#3674=CARTESIAN_POINT('Origin',(-48.2,1.14731676305731E-16,176.707106781187));
#3675=CARTESIAN_POINT('Origin',(-48.2,1.14731676305731E-16,176.707106781187));
#3676=CARTESIAN_POINT('Origin',(-48.2,3.46944695195361E-17,177.414213562373));
#3677=CARTESIAN_POINT('Origin',(-48.2,3.46944695195361E-17,176.5));
#3678=CARTESIAN_POINT('',(-47.6,-3.87843384293057E-17,176.));
#3679=CARTESIAN_POINT('Origin',(-48.2,3.46944695195361E-17,176.));
#3680=CARTESIAN_POINT('',(-47.1,1.69405617425745E-16,176.5));
#3681=CARTESIAN_POINT('Origin',(-48.2,3.46944695195361E-17,178.));
#3682=CARTESIAN_POINT('',(-46.6,2.30637957383113E-16,178.));
#3683=CARTESIAN_POINT('Origin',(-48.2,3.46944695195361E-17,178.));
#3684=CARTESIAN_POINT('',(-46.6,-1.6124901834404E-16,178.));
#3685=CARTESIAN_POINT('Ctrl Pts',(46.8928932188134,2.16340699412551E-14,
176.707106781187));
#3686=CARTESIAN_POINT('Ctrl Pts',(46.8928932188134,-1.30710678118644,176.707106781187));
#3687=CARTESIAN_POINT('Ctrl Pts',(48.1999999999999,-1.30710678118644,176.707106781187));
#3688=CARTESIAN_POINT('Ctrl Pts',(49.5071067811864,-1.30710678118644,176.707106781187));
#3689=CARTESIAN_POINT('Ctrl Pts',(49.5071067811864,2.16340699412547E-14,
176.707106781187));
#3690=CARTESIAN_POINT('Ctrl Pts',(49.5071067811864,1.30710678118648,176.707106781187));
#3691=CARTESIAN_POINT('Ctrl Pts',(48.1999999999999,1.30710678118648,176.707106781187));
#3692=CARTESIAN_POINT('Ctrl Pts',(46.8928932188134,1.30710678118648,176.707106781187));
#3693=CARTESIAN_POINT('Ctrl Pts',(46.8928932188134,2.16340699412551E-14,
176.707106781187));
#3694=CARTESIAN_POINT('Ctrl Pts',(46.5999999999998,1.65575840245719E-14,
177.));
#3695=CARTESIAN_POINT('Ctrl Pts',(46.5999999999998,-1.60000000000006,177.));
#3696=CARTESIAN_POINT('Ctrl Pts',(48.1999999999999,-1.60000000000006,177.));
#3697=CARTESIAN_POINT('Ctrl Pts',(49.8,-1.60000000000006,177.));
#3698=CARTESIAN_POINT('Ctrl Pts',(49.8,1.65575840245711E-14,177.));
#3699=CARTESIAN_POINT('Ctrl Pts',(49.8,1.60000000000009,177.));
#3700=CARTESIAN_POINT('Ctrl Pts',(48.1999999999999,1.60000000000009,177.));
#3701=CARTESIAN_POINT('Ctrl Pts',(46.5999999999998,1.60000000000009,177.));
#3702=CARTESIAN_POINT('Ctrl Pts',(46.5999999999998,1.65575840245719E-14,
177.));
#3703=CARTESIAN_POINT('Ctrl Pts',(46.6,9.37834879199543E-15,177.414213562373));
#3704=CARTESIAN_POINT('Ctrl Pts',(46.6,-1.59999999999996,177.414213562373));
#3705=CARTESIAN_POINT('Ctrl Pts',(48.1999999999999,-1.59999999999996,177.414213562373));
#3706=CARTESIAN_POINT('Ctrl Pts',(49.7999999999999,-1.59999999999996,177.414213562373));
#3707=CARTESIAN_POINT('Ctrl Pts',(49.7999999999999,9.37834879199518E-15,
177.414213562373));
#3708=CARTESIAN_POINT('Ctrl Pts',(49.7999999999999,1.59999999999997,177.414213562373));
#3709=CARTESIAN_POINT('Ctrl Pts',(48.1999999999999,1.59999999999998,177.414213562373));
#3710=CARTESIAN_POINT('Ctrl Pts',(46.6,1.59999999999997,177.414213562373));
#3711=CARTESIAN_POINT('Ctrl Pts',(46.6,9.37834879199543E-15,177.414213562373));
#3712=CARTESIAN_POINT('',(49.8,2.30637957383113E-16,177.414213562373));
#3713=CARTESIAN_POINT('',(46.6,9.18240530413435E-15,177.414213562373));
#3714=CARTESIAN_POINT('Origin',(48.2,3.46944695195361E-17,177.414213562373));
#3715=CARTESIAN_POINT('',(46.8928932188135,2.14739955276823E-14,176.707106781187));
#3716=CARTESIAN_POINT('Origin',(47.5999999999982,9.30486998405056E-15,177.414213562373));
#3717=CARTESIAN_POINT('',(49.5071067811865,3.46944695195356E-17,176.707106781187));
#3718=CARTESIAN_POINT('Origin',(48.2,1.14731676305731E-16,176.707106781187));
#3719=CARTESIAN_POINT('Origin',(48.2,1.14731676305731E-16,176.707106781187));
#3720=CARTESIAN_POINT('Origin',(48.2,3.46944695195361E-17,177.414213562373));
#3721=CARTESIAN_POINT('Origin',(48.2,3.46944695195361E-17,176.5));
#3722=CARTESIAN_POINT('',(48.8,-3.87843384293057E-17,176.));
#3723=CARTESIAN_POINT('Origin',(48.2,3.46944695195361E-17,176.));
#3724=CARTESIAN_POINT('',(49.3,1.69405617425745E-16,176.5));
#3725=CARTESIAN_POINT('Origin',(48.2,3.46944695195361E-17,178.));
#3726=CARTESIAN_POINT('',(49.8,2.30637957383113E-16,178.));
#3727=CARTESIAN_POINT('Origin',(48.2,3.46944695195361E-17,178.));
#3728=CARTESIAN_POINT('',(49.8,-1.6124901834404E-16,178.));
#3729=CARTESIAN_POINT('Ctrl Pts',(32.7754400720051,-34.0825468531916,176.707106781187));
#3730=CARTESIAN_POINT('Ctrl Pts',(32.7754400720051,-35.389653634378,176.707106781187));
#3731=CARTESIAN_POINT('Ctrl Pts',(34.0825468531915,-35.389653634378,176.707106781187));
#3732=CARTESIAN_POINT('Ctrl Pts',(35.389653634378,-35.389653634378,176.707106781187));
#3733=CARTESIAN_POINT('Ctrl Pts',(35.389653634378,-34.0825468531916,176.707106781187));
#3734=CARTESIAN_POINT('Ctrl Pts',(35.389653634378,-32.7754400720052,176.707106781187));
#3735=CARTESIAN_POINT('Ctrl Pts',(34.0825468531915,-32.7754400720052,176.707106781187));
#3736=CARTESIAN_POINT('Ctrl Pts',(32.7754400720051,-32.7754400720052,176.707106781187));
#3737=CARTESIAN_POINT('Ctrl Pts',(32.7754400720051,-34.0825468531916,176.707106781187));
#3738=CARTESIAN_POINT('Ctrl Pts',(32.4825468531915,-34.0825468531916,177.));
#3739=CARTESIAN_POINT('Ctrl Pts',(32.4825468531915,-35.6825468531917,177.));
#3740=CARTESIAN_POINT('Ctrl Pts',(34.0825468531915,-35.6825468531917,177.));
#3741=CARTESIAN_POINT('Ctrl Pts',(35.6825468531916,-35.6825468531917,177.));
#3742=CARTESIAN_POINT('Ctrl Pts',(35.6825468531916,-34.0825468531916,177.));
#3743=CARTESIAN_POINT('Ctrl Pts',(35.6825468531916,-32.4825468531915,177.));
#3744=CARTESIAN_POINT('Ctrl Pts',(34.0825468531915,-32.4825468531915,177.));
#3745=CARTESIAN_POINT('Ctrl Pts',(32.4825468531915,-32.4825468531915,177.));
#3746=CARTESIAN_POINT('Ctrl Pts',(32.4825468531915,-34.0825468531916,177.));
#3747=CARTESIAN_POINT('Ctrl Pts',(32.4825468531916,-34.0825468531916,177.414213562373));
#3748=CARTESIAN_POINT('Ctrl Pts',(32.4825468531916,-35.6825468531916,177.414213562373));
#3749=CARTESIAN_POINT('Ctrl Pts',(34.0825468531916,-35.6825468531916,177.414213562373));
#3750=CARTESIAN_POINT('Ctrl Pts',(35.6825468531915,-35.6825468531916,177.414213562373));
#3751=CARTESIAN_POINT('Ctrl Pts',(35.6825468531915,-34.0825468531916,177.414213562373));
#3752=CARTESIAN_POINT('Ctrl Pts',(35.6825468531915,-32.4825468531916,177.414213562373));
#3753=CARTESIAN_POINT('Ctrl Pts',(34.0825468531916,-32.4825468531916,177.414213562373));
#3754=CARTESIAN_POINT('Ctrl Pts',(32.4825468531916,-32.4825468531916,177.414213562373));
#3755=CARTESIAN_POINT('Ctrl Pts',(32.4825468531916,-34.0825468531916,177.414213562373));
#3756=CARTESIAN_POINT('',(35.6825468531916,-34.0825468531916,177.414213562373));
#3757=CARTESIAN_POINT('',(32.4825468531916,-34.0825468531916,177.414213562373));
#3758=CARTESIAN_POINT('Origin',(34.0825468531916,-34.0825468531916,177.414213562373));
#3759=CARTESIAN_POINT('',(32.7754400720051,-34.0825468531916,176.707106781187));
#3760=CARTESIAN_POINT('Origin',(33.4825468531896,-34.0825468531916,177.414213562373));
#3761=CARTESIAN_POINT('',(35.3896536343781,-34.0825468531916,176.707106781187));
#3762=CARTESIAN_POINT('Origin',(34.0825468531916,-34.0825468531916,176.707106781187));
#3763=CARTESIAN_POINT('Origin',(34.0825468531916,-34.0825468531916,176.707106781187));
#3764=CARTESIAN_POINT('Origin',(34.0825468531916,-34.0825468531916,177.414213562373));
#3765=CARTESIAN_POINT('Origin',(34.0825468531916,-34.0825468531916,176.5));
#3766=CARTESIAN_POINT('',(34.6825468531916,-34.0825468531916,176.));
#3767=CARTESIAN_POINT('Origin',(34.0825468531916,-34.0825468531916,176.));
#3768=CARTESIAN_POINT('',(35.1825468531916,-34.0825468531916,176.5));
#3769=CARTESIAN_POINT('Origin',(34.0825468531916,-34.0825468531916,178.));
#3770=CARTESIAN_POINT('',(35.6825468531916,-34.0825468531916,178.));
#3771=CARTESIAN_POINT('Origin',(34.0825468531916,-34.0825468531916,178.));
#3772=CARTESIAN_POINT('',(35.6825468531916,-34.0825468531916,178.));
#3773=CARTESIAN_POINT('Ctrl Pts',(-35.3896536343781,-34.0825468531916,176.707106781187));
#3774=CARTESIAN_POINT('Ctrl Pts',(-35.3896536343781,-35.389653634378,176.707106781187));
#3775=CARTESIAN_POINT('Ctrl Pts',(-34.0825468531917,-35.389653634378,176.707106781187));
#3776=CARTESIAN_POINT('Ctrl Pts',(-32.7754400720053,-35.389653634378,176.707106781187));
#3777=CARTESIAN_POINT('Ctrl Pts',(-32.7754400720053,-34.0825468531916,176.707106781187));
#3778=CARTESIAN_POINT('Ctrl Pts',(-32.7754400720053,-32.7754400720052,176.707106781187));
#3779=CARTESIAN_POINT('Ctrl Pts',(-34.0825468531917,-32.7754400720052,176.707106781187));
#3780=CARTESIAN_POINT('Ctrl Pts',(-35.3896536343781,-32.7754400720052,176.707106781187));
#3781=CARTESIAN_POINT('Ctrl Pts',(-35.3896536343781,-34.0825468531916,176.707106781187));
#3782=CARTESIAN_POINT('Ctrl Pts',(-35.6825468531918,-34.0825468531916,177.));
#3783=CARTESIAN_POINT('Ctrl Pts',(-35.6825468531918,-35.6825468531917,177.));
#3784=CARTESIAN_POINT('Ctrl Pts',(-34.0825468531917,-35.6825468531917,177.));
#3785=CARTESIAN_POINT('Ctrl Pts',(-32.4825468531916,-35.6825468531917,177.));
#3786=CARTESIAN_POINT('Ctrl Pts',(-32.4825468531916,-34.0825468531916,177.));
#3787=CARTESIAN_POINT('Ctrl Pts',(-32.4825468531916,-32.4825468531915,177.));
#3788=CARTESIAN_POINT('Ctrl Pts',(-34.0825468531917,-32.4825468531915,177.));
#3789=CARTESIAN_POINT('Ctrl Pts',(-35.6825468531918,-32.4825468531915,177.));
#3790=CARTESIAN_POINT('Ctrl Pts',(-35.6825468531918,-34.0825468531916,177.));
#3791=CARTESIAN_POINT('Ctrl Pts',(-35.6825468531916,-34.0825468531916,177.414213562373));
#3792=CARTESIAN_POINT('Ctrl Pts',(-35.6825468531916,-35.6825468531916,177.414213562373));
#3793=CARTESIAN_POINT('Ctrl Pts',(-34.0825468531917,-35.6825468531916,177.414213562373));
#3794=CARTESIAN_POINT('Ctrl Pts',(-32.4825468531917,-35.6825468531916,177.414213562373));
#3795=CARTESIAN_POINT('Ctrl Pts',(-32.4825468531917,-34.0825468531916,177.414213562373));
#3796=CARTESIAN_POINT('Ctrl Pts',(-32.4825468531917,-32.4825468531916,177.414213562373));
#3797=CARTESIAN_POINT('Ctrl Pts',(-34.0825468531917,-32.4825468531916,177.414213562373));
#3798=CARTESIAN_POINT('Ctrl Pts',(-35.6825468531916,-32.4825468531916,177.414213562373));
#3799=CARTESIAN_POINT('Ctrl Pts',(-35.6825468531916,-34.0825468531916,177.414213562373));
#3800=CARTESIAN_POINT('',(-32.4825468531916,-34.0825468531916,177.414213562373));
#3801=CARTESIAN_POINT('',(-35.6825468531916,-34.0825468531916,177.414213562373));
#3802=CARTESIAN_POINT('Origin',(-34.0825468531916,-34.0825468531916,177.414213562373));
#3803=CARTESIAN_POINT('',(-35.3896536343782,-34.0825468531916,176.707106781187));
#3804=CARTESIAN_POINT('Origin',(-34.6825468531936,-34.0825468531916,177.414213562373));
#3805=CARTESIAN_POINT('',(-32.775440072005,-34.0825468531916,176.707106781187));
#3806=CARTESIAN_POINT('Origin',(-34.0825468531916,-34.0825468531916,176.707106781187));
#3807=CARTESIAN_POINT('Origin',(-34.0825468531916,-34.0825468531916,176.707106781187));
#3808=CARTESIAN_POINT('Origin',(-34.0825468531916,-34.0825468531916,177.414213562373));
#3809=CARTESIAN_POINT('Origin',(-34.0825468531916,-34.0825468531916,176.5));
#3810=CARTESIAN_POINT('',(-33.4825468531916,-34.0825468531916,176.));
#3811=CARTESIAN_POINT('Origin',(-34.0825468531916,-34.0825468531916,176.));
#3812=CARTESIAN_POINT('',(-32.9825468531916,-34.0825468531916,176.5));
#3813=CARTESIAN_POINT('Origin',(-34.0825468531916,-34.0825468531916,178.));
#3814=CARTESIAN_POINT('',(-32.4825468531916,-34.0825468531916,178.));
#3815=CARTESIAN_POINT('Origin',(-34.0825468531916,-34.0825468531916,178.));
#3816=CARTESIAN_POINT('',(-32.4825468531916,-34.0825468531916,178.));
#3817=CARTESIAN_POINT('Origin',(-48.2,0.,176.));
#3818=CARTESIAN_POINT('Origin',(-34.0825468531916,-34.0825468531916,176.));
#3819=CARTESIAN_POINT('Origin',(48.2,0.,176.));
#3820=CARTESIAN_POINT('Origin',(34.0825468531916,-34.0825468531916,176.));
#3821=CARTESIAN_POINT('Origin',(41.5692193816531,-24.,174.));
#3822=CARTESIAN_POINT('',(43.1692193816531,-24.,177.));
#3823=CARTESIAN_POINT('Origin',(41.5692193816531,-24.,177.));
#3824=CARTESIAN_POINT('',(43.1692193816531,-24.,178.));
#3825=CARTESIAN_POINT('',(43.1692193816531,-24.,174.));
#3826=CARTESIAN_POINT('Origin',(41.5692193816531,-24.,178.));
#3827=CARTESIAN_POINT('Origin',(24.,41.569219381653,174.));
#3828=CARTESIAN_POINT('',(24.,43.1692193816531,177.));
#3829=CARTESIAN_POINT('Origin',(24.,41.569219381653,177.));
#3830=CARTESIAN_POINT('',(24.,43.1692193816531,178.));
#3831=CARTESIAN_POINT('',(24.,43.169219381653,174.));
#3832=CARTESIAN_POINT('Origin',(24.,41.569219381653,178.));
#3833=CARTESIAN_POINT('Origin',(-24.,-41.569219381653,174.));
#3834=CARTESIAN_POINT('',(-24.,-43.1692193816531,177.));
#3835=CARTESIAN_POINT('Origin',(-24.,-41.569219381653,177.));
#3836=CARTESIAN_POINT('',(-24.,-43.1692193816531,178.));
#3837=CARTESIAN_POINT('',(-24.,-43.169219381653,174.));
#3838=CARTESIAN_POINT('Origin',(-24.,-41.569219381653,178.));
#3839=CARTESIAN_POINT('Origin',(-41.5692193816531,24.,174.));
#3840=CARTESIAN_POINT('',(-43.1692193816531,24.,177.));
#3841=CARTESIAN_POINT('Origin',(-41.5692193816531,24.,177.));
#3842=CARTESIAN_POINT('',(-43.1692193816531,24.,178.));
#3843=CARTESIAN_POINT('',(-43.1692193816531,24.,174.));
#3844=CARTESIAN_POINT('Origin',(-41.5692193816531,24.,178.));
#3845=CARTESIAN_POINT('Origin',(0.,0.,177.));
#3846=CARTESIAN_POINT('',(24.,44.819219381653,177.));
#3847=CARTESIAN_POINT('Origin',(24.,41.569219381653,177.));
#3848=CARTESIAN_POINT('Origin',(0.,0.,177.));
#3849=CARTESIAN_POINT('',(44.8192193816531,-24.,177.));
#3850=CARTESIAN_POINT('Origin',(41.569219381653,-24.,177.));
#3851=CARTESIAN_POINT('Origin',(0.,0.,177.));
#3852=CARTESIAN_POINT('',(-44.8192193816531,24.,177.));
#3853=CARTESIAN_POINT('Origin',(-41.569219381653,24.,177.));
#3854=CARTESIAN_POINT('Origin',(0.,0.,177.));
#3855=CARTESIAN_POINT('',(-24.,-44.819219381653,177.));
#3856=CARTESIAN_POINT('Origin',(-24.,-41.569219381653,177.));
#3857=CARTESIAN_POINT('Origin',(0.,0.,178.));
#3858=CARTESIAN_POINT('',(-7.95307717634417,18.3999703356361,178.));
#3859=CARTESIAN_POINT('Origin',(-6.55307717634417,18.3999703356361,178.));
#3860=CARTESIAN_POINT('',(28.,6.,178.));
#3861=CARTESIAN_POINT('',(28.,-6.,178.));
#3862=CARTESIAN_POINT('',(38.,6.,178.));
#3863=CARTESIAN_POINT('',(28.,6.,178.));
#3864=CARTESIAN_POINT('',(38.,-6.,178.));
#3865=CARTESIAN_POINT('',(38.,6.,178.));
#3866=CARTESIAN_POINT('',(38.,-6.,178.));
#3867=CARTESIAN_POINT('Ctrl Pts',(55.,8.88178419700125E-15,123.282922823656));
#3868=CARTESIAN_POINT('Ctrl Pts',(55.,8.88178419700125E-15,148.143415435269));
#3869=CARTESIAN_POINT('Ctrl Pts',(55.,55.,123.282922823656));
#3870=CARTESIAN_POINT('Ctrl Pts',(55.,55.,148.143415435269));
#3871=CARTESIAN_POINT('Ctrl Pts',(0.,55.,123.282922823656));
#3872=CARTESIAN_POINT('Ctrl Pts',(0.,55.,148.143415435269));
#3873=CARTESIAN_POINT('',(55.,1.39906269644249E-15,128.282922823656));
#3874=CARTESIAN_POINT('',(55.,-1.22124532708767E-14,140.));
#3875=CARTESIAN_POINT('',(1.66533453693774E-15,55.,128.282922823656));
#3876=CARTESIAN_POINT('Ctrl Pts',(-1.78726298839135E-30,55.,128.282922823656));
#3877=CARTESIAN_POINT('Ctrl Pts',(4.27857016371335,55.,128.282922823656));
#3878=CARTESIAN_POINT('Ctrl Pts',(10.7274704742057,54.9354136359493,128.282922823656));
#3879=CARTESIAN_POINT('Ctrl Pts',(18.2365522052164,54.624479916232,128.282922823656));
#3880=CARTESIAN_POINT('Ctrl Pts',(22.5829947812689,54.332446128705,128.282922823656));
#3881=CARTESIAN_POINT('Ctrl Pts',(26.965607368236,53.9445686512253,128.282922823656));
#3882=CARTESIAN_POINT('Ctrl Pts',(32.5636875383798,53.1958735091235,128.282922823656));
#3883=CARTESIAN_POINT('Ctrl Pts',(38.7168145347551,51.7319675526779,128.282922823656));
#3884=CARTESIAN_POINT('Ctrl Pts',(43.6698551579065,49.4111746443079,128.282922823656));
#3885=CARTESIAN_POINT('Ctrl Pts',(46.8099633091804,46.8299608394988,128.282922823656));
#3886=CARTESIAN_POINT('Ctrl Pts',(49.3910656421516,43.6971421405899,128.282922823656));
#3887=CARTESIAN_POINT('Ctrl Pts',(50.9591321648078,40.3890801140462,128.282922823656));
#3888=CARTESIAN_POINT('Ctrl Pts',(52.0026121850267,37.2354481527233,128.282922823656));
#3889=CARTESIAN_POINT('Ctrl Pts',(52.6063056283566,34.9080945188746,128.282922823656));
#3890=CARTESIAN_POINT('Ctrl Pts',(53.0818379834608,32.6213543805973,128.282922823656));
#3891=CARTESIAN_POINT('Ctrl Pts',(53.5917030356242,29.6084611560283,128.282922823656));
#3892=CARTESIAN_POINT('Ctrl Pts',(54.4062112602174,22.9298262699159,128.282922823656));
#3893=CARTESIAN_POINT('Ctrl Pts',(54.9071814115401,12.8614509913425,128.282922823656));
#3894=CARTESIAN_POINT('Ctrl Pts',(55.,4.27857016371336,128.282922823656));
#3895=CARTESIAN_POINT('Ctrl Pts',(55.,8.88178419700125E-15,128.282922823656));
#3896=CARTESIAN_POINT('',(3.33066907387547E-15,55.,140.));
#3897=CARTESIAN_POINT('Ctrl Pts',(-3.33066907387547E-15,-55.,123.282922823656));
#3898=CARTESIAN_POINT('Ctrl Pts',(-3.33066907387547E-15,-55.,148.143415435269));
#3899=CARTESIAN_POINT('Ctrl Pts',(55.,-55.,123.282922823656));
#3900=CARTESIAN_POINT('Ctrl Pts',(55.,-55.,148.143415435269));
#3901=CARTESIAN_POINT('Ctrl Pts',(55.,-1.22124532708767E-14,123.282922823656));
#3902=CARTESIAN_POINT('Ctrl Pts',(55.,-1.22124532708767E-14,148.143415435269));
#3903=CARTESIAN_POINT('',(-5.03311323459294E-15,-55.,128.282922823656));
#3904=CARTESIAN_POINT('',(-3.33066907387547E-15,-55.,140.));
#3905=CARTESIAN_POINT('Ctrl Pts',(55.,-1.22124532708767E-14,128.282922823656));
#3906=CARTESIAN_POINT('Ctrl Pts',(55.,-4.27857016371336,128.282922823656));
#3907=CARTESIAN_POINT('Ctrl Pts',(54.9354136359493,-10.7274704742057,128.282922823656));
#3908=CARTESIAN_POINT('Ctrl Pts',(54.624479916232,-18.2365522052165,128.282922823656));
#3909=CARTESIAN_POINT('Ctrl Pts',(54.332446128705,-22.5829947812689,128.282922823656));
#3910=CARTESIAN_POINT('Ctrl Pts',(53.9445686512253,-26.965607368236,128.282922823656));
#3911=CARTESIAN_POINT('Ctrl Pts',(53.1958735091235,-32.5636875383798,128.282922823656));
#3912=CARTESIAN_POINT('Ctrl Pts',(51.7319675526779,-38.7168145347551,128.282922823656));
#3913=CARTESIAN_POINT('Ctrl Pts',(49.4111746443079,-43.6698551579066,128.282922823656));
#3914=CARTESIAN_POINT('Ctrl Pts',(46.8299608394988,-46.8099633091804,128.282922823656));
#3915=CARTESIAN_POINT('Ctrl Pts',(43.6971421405899,-49.3910656421516,128.282922823656));
#3916=CARTESIAN_POINT('Ctrl Pts',(40.3890801140463,-50.9591321648077,128.282922823656));
#3917=CARTESIAN_POINT('Ctrl Pts',(37.2354481527232,-52.0026121850267,128.282922823656));
#3918=CARTESIAN_POINT('Ctrl Pts',(34.9080945188746,-52.6063056283566,128.282922823656));
#3919=CARTESIAN_POINT('Ctrl Pts',(32.6213543805973,-53.0818379834608,128.282922823656));
#3920=CARTESIAN_POINT('Ctrl Pts',(29.6084611560283,-53.5917030356242,128.282922823656));
#3921=CARTESIAN_POINT('Ctrl Pts',(22.9298262699159,-54.4062112602173,128.282922823656));
#3922=CARTESIAN_POINT('Ctrl Pts',(12.8614509913425,-54.9071814115401,128.282922823656));
#3923=CARTESIAN_POINT('Ctrl Pts',(4.27857016371335,-55.,128.282922823656));
#3924=CARTESIAN_POINT('Ctrl Pts',(-3.33066907387547E-15,-55.,128.282922823656));
#3925=CARTESIAN_POINT('Origin',(38.,-6.,140.));
#3926=CARTESIAN_POINT('',(38.,-6.,129.782922823656));
#3927=CARTESIAN_POINT('',(38.,-6.,145.));
#3928=CARTESIAN_POINT('',(28.6449228236559,-6.,129.782922823656));
#3929=CARTESIAN_POINT('',(35.661230705914,-6.,129.782922823656));
#3930=CARTESIAN_POINT('',(28.6449228236559,-6.,140.446922823656));
#3931=CARTESIAN_POINT('',(28.6449228236559,-6.,131.641461411828));
#3932=CARTESIAN_POINT('',(28.,-6.,140.446922823656));
#3933=CARTESIAN_POINT('',(16.2314614118279,-6.,140.446922823656));
#3934=CARTESIAN_POINT('',(28.,-6.,169.));
#3935=CARTESIAN_POINT('Ctrl Pts',(50.,1.01251390565866E-14,123.282922823656));
#3936=CARTESIAN_POINT('Ctrl Pts',(50.,4.24284926253208,123.282922823656));
#3937=CARTESIAN_POINT('Ctrl Pts',(49.908878724701,12.7302395647241,123.282922823656));
#3938=CARTESIAN_POINT('Ctrl Pts',(49.4140813471643,22.5737740243033,123.282922823656));
#3939=CARTESIAN_POINT('Ctrl Pts',(48.6390015104351,28.9095701221449,123.282922823656));
#3940=CARTESIAN_POINT('Ctrl Pts',(48.1659900833408,31.701552825379,123.282922823656));
#3941=CARTESIAN_POINT('Ctrl Pts',(47.7335336057943,33.7796691792759,123.282922823656));
#3942=CARTESIAN_POINT('Ctrl Pts',(47.1994440277611,35.832918926841,123.282922823656));
#3943=CARTESIAN_POINT('Ctrl Pts',(46.3112470288449,38.5152281287625,123.282922823656));
#3944=CARTESIAN_POINT('Ctrl Pts',(45.0689098763902,41.0818480952902,123.282922823656));
#3945=CARTESIAN_POINT('Ctrl Pts',(43.2534747385145,43.2690790016259,123.282922823656));
#3946=CARTESIAN_POINT('Ctrl Pts',(41.0628664505799,45.0821786654171,123.282922823656));
#3947=CARTESIAN_POINT('Ctrl Pts',(37.2070445635566,46.9314486894196,123.282922823656));
#3948=CARTESIAN_POINT('Ctrl Pts',(31.6937214332292,48.2675376048374,123.282922823656));
#3949=CARTESIAN_POINT('Ctrl Pts',(26.4173148166095,48.9714714021028,123.282922823656));
#3950=CARTESIAN_POINT('Ctrl Pts',(22.1978407546257,49.3470259645414,123.282922823656));
#3951=CARTESIAN_POINT('Ctrl Pts',(17.9800810189779,49.6301346771784,123.282922823656));
#3952=CARTESIAN_POINT('Ctrl Pts',(10.6225884987097,49.9359010713407,123.282922823656));
#3953=CARTESIAN_POINT('Ctrl Pts',(4.24284926253207,50.,123.282922823656));
#3954=CARTESIAN_POINT('Ctrl Pts',(-3.54448193411069E-15,50.,123.282922823656));
#3955=CARTESIAN_POINT('Ctrl Pts',(50.7479982508547,1.0063700336626E-14,
123.282922823656));
#3956=CARTESIAN_POINT('Ctrl Pts',(50.7479982508547,4.24819582407677,123.282922823656));
#3957=CARTESIAN_POINT('Ctrl Pts',(50.6566219589611,12.7498695645445,123.282922823656));
#3958=CARTESIAN_POINT('Ctrl Pts',(50.1609072027091,22.6270200176988,123.282922823656));
#3959=CARTESIAN_POINT('Ctrl Pts',(49.3799339033674,29.014098156048,123.282922823656));
#3960=CARTESIAN_POINT('Ctrl Pts',(48.9014092391193,31.8391385046999,123.282922823656));
#3961=CARTESIAN_POINT('Ctrl Pts',(48.4625113134666,33.9484652466325,123.282922823656));
#3962=CARTESIAN_POINT('Ctrl Pts',(47.9180146592998,36.042719879551,123.282922823656));
#3963=CARTESIAN_POINT('Ctrl Pts',(47.0065844323577,38.7955567719136,123.282922823656));
#3964=CARTESIAN_POINT('Ctrl Pts',(45.7155562050132,41.4730585137271,123.282922823656));
#3965=CARTESIAN_POINT('Ctrl Pts',(43.7855436760401,43.8017950565903,123.282922823656));
#3966=CARTESIAN_POINT('Ctrl Pts',(41.4528354555781,45.729844690862,123.282922823656));
#3967=CARTESIAN_POINT('Ctrl Pts',(37.4328620369258,47.6496423357792,123.282922823656));
#3968=CARTESIAN_POINT('Ctrl Pts',(31.823843429587,49.0048266265706,123.282922823656));
#3969=CARTESIAN_POINT('Ctrl Pts',(26.4993302859288,49.7154514257232,123.282922823656));
#3970=CARTESIAN_POINT('Ctrl Pts',(22.2554532886321,50.092845409197,123.282922823656));
#3971=CARTESIAN_POINT('Ctrl Pts',(18.018442205114,50.3772887598278,123.282922823656));
#3972=CARTESIAN_POINT('Ctrl Pts',(10.6382690406822,50.6838270687253,123.282922823656));
#3973=CARTESIAN_POINT('Ctrl Pts',(4.24819582407675,50.7479982508547,123.282922823656));
#3974=CARTESIAN_POINT('Ctrl Pts',(-3.60592065407126E-15,50.7479982508547,
123.282922823656));
#3975=CARTESIAN_POINT('Ctrl Pts',(52.2407276180337,9.88407123397524E-15,
123.625316593718));
#3976=CARTESIAN_POINT('Ctrl Pts',(52.2407276180337,4.25887216438589,123.625316593718));
#3977=CARTESIAN_POINT('Ctrl Pts',(52.1488397588949,12.7890457900837,123.625316593718));
#3978=CARTESIAN_POINT('Ctrl Pts',(51.6513088659179,22.7332329440577,123.625316593718));
#3979=CARTESIAN_POINT('Ctrl Pts',(50.8585864535875,29.222635459053,123.625316593718));
#3980=CARTESIAN_POINT('Ctrl Pts',(50.369059521863,32.113669615465,123.625316593718));
#3981=CARTESIAN_POINT('Ctrl Pts',(49.9173133110875,34.2852816375941,123.625316593718));
#3982=CARTESIAN_POINT('Ctrl Pts',(49.3520615429537,36.4613646254826,123.625316593718));
#3983=CARTESIAN_POINT('Ctrl Pts',(48.3942592505007,39.3549921378634,123.625316593718));
#3984=CARTESIAN_POINT('Ctrl Pts',(47.0061529126781,42.2536822999913,123.625316593718));
#3985=CARTESIAN_POINT('Ctrl Pts',(44.8474045174597,44.8649229413287,123.625316593718));
#3986=CARTESIAN_POINT('Ctrl Pts',(42.2309843962328,47.022467673599,123.625316593718));
#3987=CARTESIAN_POINT('Ctrl Pts',(37.8834056467176,49.0829835074353,123.625316593718));
#3988=CARTESIAN_POINT('Ctrl Pts',(32.0834597380113,50.4762124848483,123.625316593718));
#3989=CARTESIAN_POINT('Ctrl Pts',(26.6629815423801,51.2001773434352,123.625316593718));
#3990=CARTESIAN_POINT('Ctrl Pts',(22.3704113598015,51.5812322989886,123.625316593718));
#3991=CARTESIAN_POINT('Ctrl Pts',(18.0949806073848,51.8683377709147,123.625316593718));
#3992=CARTESIAN_POINT('Ctrl Pts',(10.6695381101169,52.1764138506814,123.625316593718));
#3993=CARTESIAN_POINT('Ctrl Pts',(4.25887216438588,52.2407276180337,123.625316593718));
#3994=CARTESIAN_POINT('Ctrl Pts',(-3.45768465867484E-15,52.2407276180337,
123.625316593718));
#3995=CARTESIAN_POINT('Ctrl Pts',(54.3435657281175,9.43278968812291E-15,
125.29801139519));
#3996=CARTESIAN_POINT('Ctrl Pts',(54.3435657281175,4.27388402950936,125.29801139519));
#3997=CARTESIAN_POINT('Ctrl Pts',(54.2509685436038,12.8442257186167,125.29801139519));
#3998=CARTESIAN_POINT('Ctrl Pts',(53.7508166937118,22.8830561667225,125.29801139519));
#3999=CARTESIAN_POINT('Ctrl Pts',(52.9414914211515,29.5166723354659,125.298011395189));
#4000=CARTESIAN_POINT('Ctrl Pts',(52.4364648335381,32.5005752918867,125.29801139519));
#4001=CARTESIAN_POINT('Ctrl Pts',(51.9665912745195,34.7599263161503,125.298011395189));
#4002=CARTESIAN_POINT('Ctrl Pts',(51.3720432434707,37.0512924629926,125.298011395189));
#4003=CARTESIAN_POINT('Ctrl Pts',(50.3489460120238,40.1430693374853,125.29801139519));
#4004=CARTESIAN_POINT('Ctrl Pts',(48.8236928478867,43.3537406902262,125.29801139519));
#4005=CARTESIAN_POINT('Ctrl Pts',(46.343068487935,46.3624760729619,125.29801139519));
#4006=CARTESIAN_POINT('Ctrl Pts',(43.3275454721297,48.8428991375079,125.298011395189));
#4007=CARTESIAN_POINT('Ctrl Pts',(38.5185448399905,51.1017716179396,125.29801139519));
#4008=CARTESIAN_POINT('Ctrl Pts',(32.4494403612337,52.5488630159341,125.29801139519));
#4009=CARTESIAN_POINT('Ctrl Pts',(26.8936121710457,53.2916747083589,125.298011395189));
#4010=CARTESIAN_POINT('Ctrl Pts',(22.5324208228766,53.6779290338001,125.29801139519));
#4011=CARTESIAN_POINT('Ctrl Pts',(18.2028720393697,53.9687903601658,125.29801139519));
#4012=CARTESIAN_POINT('Ctrl Pts',(10.7136881367682,54.2790442258886,125.29801139519));
#4013=CARTESIAN_POINT('Ctrl Pts',(4.27388402950934,54.3435657281175,125.29801139519));
#4014=CARTESIAN_POINT('Ctrl Pts',(-2.30724826150523E-15,54.3435657281175,
125.29801139519));
#4015=CARTESIAN_POINT('Ctrl Pts',(55.,9.06863429510886E-15,127.160925447374));
#4016=CARTESIAN_POINT('Ctrl Pts',(55.,4.27861236091252,127.160925447374));
#4017=CARTESIAN_POINT('Ctrl Pts',(54.9071644050129,12.8614636216093,127.160925447374));
#4018=CARTESIAN_POINT('Ctrl Pts',(54.4062881116674,22.9295276801761,127.160925447374));
#4019=CARTESIAN_POINT('Ctrl Pts',(53.5918574111868,29.6080616497365,127.160925447374));
#4020=CARTESIAN_POINT('Ctrl Pts',(53.0819931676847,32.621101998553,127.160925447374));
#4021=CARTESIAN_POINT('Ctrl Pts',(52.6065024045392,34.9078474419916,127.160925447374));
#4022=CARTESIAN_POINT('Ctrl Pts',(52.0028961919946,37.2351862199171,127.160925447374));
#4023=CARTESIAN_POINT('Ctrl Pts',(50.9593706458465,40.3890962315335,127.160925447374));
#4024=CARTESIAN_POINT('Ctrl Pts',(49.3918909199664,43.6965749801999,127.160925447374));
#4025=CARTESIAN_POINT('Ctrl Pts',(46.8102648932712,46.830105937016,127.160925447374));
#4026=CARTESIAN_POINT('Ctrl Pts',(43.669304432751,49.4119442723612,127.160925447374));
#4027=CARTESIAN_POINT('Ctrl Pts',(38.7161401443223,51.7325509274523,127.160925447374));
#4028=CARTESIAN_POINT('Ctrl Pts',(32.563306469839,53.1960544536492,127.160925447374));
#4029=CARTESIAN_POINT('Ctrl Pts',(26.9654695911566,53.9446679060672,127.160925447374));
#4030=CARTESIAN_POINT('Ctrl Pts',(22.5828961645821,54.3324822129568,127.160925447374));
#4031=CARTESIAN_POINT('Ctrl Pts',(18.2364467811702,54.624507489209,127.160925447374));
#4032=CARTESIAN_POINT('Ctrl Pts',(10.7273193864429,54.9354239514255,127.160925447374));
#4033=CARTESIAN_POINT('Ctrl Pts',(4.27861236091252,55.,127.160925447374));
#4034=CARTESIAN_POINT('Ctrl Pts',(-8.87537966011132E-16,55.,127.160925447374));
#4035=CARTESIAN_POINT('Ctrl Pts',(55.,8.88178419700125E-15,128.282922823656));
#4036=CARTESIAN_POINT('Ctrl Pts',(55.,4.27857016371336,128.282922823656));
#4037=CARTESIAN_POINT('Ctrl Pts',(54.9071814115401,12.8614509913425,128.282922823656));
#4038=CARTESIAN_POINT('Ctrl Pts',(54.4062112602174,22.9298262699159,128.282922823656));
#4039=CARTESIAN_POINT('Ctrl Pts',(53.5917030356242,29.6084611560283,128.282922823656));
#4040=CARTESIAN_POINT('Ctrl Pts',(53.0818379834608,32.6213543805973,128.282922823656));
#4041=CARTESIAN_POINT('Ctrl Pts',(52.6063056283566,34.9080945188746,128.282922823656));
#4042=CARTESIAN_POINT('Ctrl Pts',(52.0026121850267,37.2354481527233,128.282922823656));
#4043=CARTESIAN_POINT('Ctrl Pts',(50.9591321648078,40.3890801140462,128.282922823656));
#4044=CARTESIAN_POINT('Ctrl Pts',(49.3910656421516,43.6971421405899,128.282922823656));
#4045=CARTESIAN_POINT('Ctrl Pts',(46.8099633091804,46.8299608394988,128.282922823656));
#4046=CARTESIAN_POINT('Ctrl Pts',(43.6698551579065,49.4111746443079,128.282922823656));
#4047=CARTESIAN_POINT('Ctrl Pts',(38.7168145347551,51.7319675526779,128.282922823656));
#4048=CARTESIAN_POINT('Ctrl Pts',(32.5636875383798,53.1958735091235,128.282922823656));
#4049=CARTESIAN_POINT('Ctrl Pts',(26.965607368236,53.9445686512253,128.282922823656));
#4050=CARTESIAN_POINT('Ctrl Pts',(22.5829947812689,54.332446128705,128.282922823656));
#4051=CARTESIAN_POINT('Ctrl Pts',(18.2365522052164,54.624479916232,128.282922823656));
#4052=CARTESIAN_POINT('Ctrl Pts',(10.7274704742057,54.9354136359493,128.282922823656));
#4053=CARTESIAN_POINT('Ctrl Pts',(4.27857016371335,55.,128.282922823656));
#4054=CARTESIAN_POINT('Ctrl Pts',(-1.78726298839135E-30,55.,128.282922823656));
#4055=CARTESIAN_POINT('',(-3.54448193411069E-15,50.,123.282922823656));
#4056=CARTESIAN_POINT('Origin',(4.10687591116448E-16,50.,128.282922823656));
#4057=CARTESIAN_POINT('',(50.,1.01251390565866E-14,123.282922823656));
#4058=CARTESIAN_POINT('Origin',(50.,9.2924717881177E-15,128.282922823656));
#4059=CARTESIAN_POINT('Ctrl Pts',(50.,1.01251390565866E-14,123.282922823656));
#4060=CARTESIAN_POINT('Ctrl Pts',(50.,4.24284926253208,123.282922823656));
#4061=CARTESIAN_POINT('Ctrl Pts',(49.908878724701,12.7302395647241,123.282922823656));
#4062=CARTESIAN_POINT('Ctrl Pts',(49.4140813471643,22.5737740243033,123.282922823656));
#4063=CARTESIAN_POINT('Ctrl Pts',(48.6390015104351,28.9095701221449,123.282922823656));
#4064=CARTESIAN_POINT('Ctrl Pts',(48.1659900833408,31.701552825379,123.282922823656));
#4065=CARTESIAN_POINT('Ctrl Pts',(47.7335336057943,33.7796691792759,123.282922823656));
#4066=CARTESIAN_POINT('Ctrl Pts',(47.1994440277611,35.832918926841,123.282922823656));
#4067=CARTESIAN_POINT('Ctrl Pts',(46.3112470288449,38.5152281287625,123.282922823656));
#4068=CARTESIAN_POINT('Ctrl Pts',(45.0689098763902,41.0818480952902,123.282922823656));
#4069=CARTESIAN_POINT('Ctrl Pts',(43.2534747385145,43.2690790016259,123.282922823656));
#4070=CARTESIAN_POINT('Ctrl Pts',(41.0628664505799,45.0821786654171,123.282922823656));
#4071=CARTESIAN_POINT('Ctrl Pts',(37.2070445635566,46.9314486894196,123.282922823656));
#4072=CARTESIAN_POINT('Ctrl Pts',(31.6937214332292,48.2675376048374,123.282922823656));
#4073=CARTESIAN_POINT('Ctrl Pts',(26.4173148166095,48.9714714021028,123.282922823656));
#4074=CARTESIAN_POINT('Ctrl Pts',(22.1978407546257,49.3470259645414,123.282922823656));
#4075=CARTESIAN_POINT('Ctrl Pts',(17.9800810189779,49.6301346771784,123.282922823656));
#4076=CARTESIAN_POINT('Ctrl Pts',(10.6225884987097,49.9359010713407,123.282922823656));
#4077=CARTESIAN_POINT('Ctrl Pts',(4.24284926253207,50.,123.282922823656));
#4078=CARTESIAN_POINT('Ctrl Pts',(-3.54448193411069E-15,50.,123.282922823656));
#4079=CARTESIAN_POINT('Ctrl Pts',(-1.85656322470102E-15,50.,123.282922823656));
#4080=CARTESIAN_POINT('Ctrl Pts',(-4.24284926253207,50.,123.282922823656));
#4081=CARTESIAN_POINT('Ctrl Pts',(-12.7302395647241,49.9088787247011,123.282922823656));
#4082=CARTESIAN_POINT('Ctrl Pts',(-22.5737740243033,49.4140813471643,123.282922823656));
#4083=CARTESIAN_POINT('Ctrl Pts',(-28.9095701221449,48.6390015104351,123.282922823656));
#4084=CARTESIAN_POINT('Ctrl Pts',(-31.701552825379,48.1659900833408,123.282922823656));
#4085=CARTESIAN_POINT('Ctrl Pts',(-33.779669179276,47.7335336057943,123.282922823656));
#4086=CARTESIAN_POINT('Ctrl Pts',(-35.832918926841,47.1994440277611,123.282922823656));
#4087=CARTESIAN_POINT('Ctrl Pts',(-38.5152281287625,46.3112470288449,123.282922823656));
#4088=CARTESIAN_POINT('Ctrl Pts',(-41.0818480952902,45.0689098763902,123.282922823656));
#4089=CARTESIAN_POINT('Ctrl Pts',(-43.2690790016259,43.2534747385145,123.282922823656));
#4090=CARTESIAN_POINT('Ctrl Pts',(-45.0821786654171,41.0628664505799,123.282922823656));
#4091=CARTESIAN_POINT('Ctrl Pts',(-46.9314486894196,37.2070445635566,123.282922823656));
#4092=CARTESIAN_POINT('Ctrl Pts',(-48.2675376048374,31.6937214332292,123.282922823656));
#4093=CARTESIAN_POINT('Ctrl Pts',(-48.9714714021028,26.4173148166095,123.282922823656));
#4094=CARTESIAN_POINT('Ctrl Pts',(-49.3470259645414,22.1978407546257,123.282922823656));
#4095=CARTESIAN_POINT('Ctrl Pts',(-49.6301346771784,17.9800810189779,123.282922823656));
#4096=CARTESIAN_POINT('Ctrl Pts',(-49.9359010713407,10.6225884987097,123.282922823656));
#4097=CARTESIAN_POINT('Ctrl Pts',(-50.,4.24284926253208,123.282922823656));
#4098=CARTESIAN_POINT('Ctrl Pts',(-50.,1.26344329482292E-14,123.282922823656));
#4099=CARTESIAN_POINT('Ctrl Pts',(-1.67224706481931E-15,50.7479982508547,
123.282922823656));
#4100=CARTESIAN_POINT('Ctrl Pts',(-4.24819582407676,50.7479982508547,123.282922823656));
#4101=CARTESIAN_POINT('Ctrl Pts',(-12.7498695645445,50.6566219589611,123.282922823656));
#4102=CARTESIAN_POINT('Ctrl Pts',(-22.6270200176988,50.1609072027091,123.282922823656));
#4103=CARTESIAN_POINT('Ctrl Pts',(-29.014098156048,49.3799339033674,123.282922823656));
#4104=CARTESIAN_POINT('Ctrl Pts',(-31.8391385046999,48.9014092391193,123.282922823656));
#4105=CARTESIAN_POINT('Ctrl Pts',(-33.9484652466325,48.4625113134666,123.282922823656));
#4106=CARTESIAN_POINT('Ctrl Pts',(-36.042719879551,47.9180146592998,123.282922823656));
#4107=CARTESIAN_POINT('Ctrl Pts',(-38.7955567719136,47.0065844323577,123.282922823656));
#4108=CARTESIAN_POINT('Ctrl Pts',(-41.473058513727,45.7155562050132,123.282922823656));
#4109=CARTESIAN_POINT('Ctrl Pts',(-43.8017950565903,43.7855436760401,123.282922823656));
#4110=CARTESIAN_POINT('Ctrl Pts',(-45.729844690862,41.4528354555781,123.282922823656));
#4111=CARTESIAN_POINT('Ctrl Pts',(-47.6496423357792,37.4328620369258,123.282922823656));
#4112=CARTESIAN_POINT('Ctrl Pts',(-49.0048266265705,31.8238434295871,123.282922823656));
#4113=CARTESIAN_POINT('Ctrl Pts',(-49.7154514257232,26.4993302859288,123.282922823656));
#4114=CARTESIAN_POINT('Ctrl Pts',(-50.092845409197,22.2554532886321,123.282922823656));
#4115=CARTESIAN_POINT('Ctrl Pts',(-50.3772887598278,18.018442205114,123.282922823656));
#4116=CARTESIAN_POINT('Ctrl Pts',(-50.6838270687253,10.6382690406823,123.282922823656));
#4117=CARTESIAN_POINT('Ctrl Pts',(-50.7479982508547,4.24819582407677,123.282922823656));
#4118=CARTESIAN_POINT('Ctrl Pts',(-50.7479982508547,1.26958716681897E-14,
123.282922823656));
#4119=CARTESIAN_POINT('Ctrl Pts',(-1.03357472702647E-15,52.2407276180337,
123.625316593718));
#4120=CARTESIAN_POINT('Ctrl Pts',(-4.25887216438589,52.2407276180337,123.625316593718));
#4121=CARTESIAN_POINT('Ctrl Pts',(-12.7890457900837,52.1488397588949,123.625316593718));
#4122=CARTESIAN_POINT('Ctrl Pts',(-22.7332329440577,51.6513088659178,123.625316593718));
#4123=CARTESIAN_POINT('Ctrl Pts',(-29.222635459053,50.8585864535875,123.625316593718));
#4124=CARTESIAN_POINT('Ctrl Pts',(-32.113669615465,50.369059521863,123.625316593718));
#4125=CARTESIAN_POINT('Ctrl Pts',(-34.2852816375941,49.9173133110875,123.625316593718));
#4126=CARTESIAN_POINT('Ctrl Pts',(-36.4613646254826,49.3520615429536,123.625316593718));
#4127=CARTESIAN_POINT('Ctrl Pts',(-39.3549921378634,48.3942592505007,123.625316593718));
#4128=CARTESIAN_POINT('Ctrl Pts',(-42.2536822999913,47.0061529126781,123.625316593718));
#4129=CARTESIAN_POINT('Ctrl Pts',(-44.8649229413287,44.8474045174597,123.625316593718));
#4130=CARTESIAN_POINT('Ctrl Pts',(-47.0224676735989,42.2309843962329,123.625316593718));
#4131=CARTESIAN_POINT('Ctrl Pts',(-49.0829835074353,37.8834056467176,123.625316593718));
#4132=CARTESIAN_POINT('Ctrl Pts',(-50.4762124848483,32.0834597380113,123.625316593718));
#4133=CARTESIAN_POINT('Ctrl Pts',(-51.2001773434352,26.6629815423801,123.625316593718));
#4134=CARTESIAN_POINT('Ctrl Pts',(-51.5812322989886,22.3704113598015,123.625316593718));
#4135=CARTESIAN_POINT('Ctrl Pts',(-51.8683377709147,18.0949806073848,123.625316593718));
#4136=CARTESIAN_POINT('Ctrl Pts',(-52.1764138506814,10.6695381101169,123.625316593718));
#4137=CARTESIAN_POINT('Ctrl Pts',(-52.2407276180337,4.25887216438589,123.625316593718));
#4138=CARTESIAN_POINT('Ctrl Pts',(-52.2407276180337,1.27614607367372E-14,
123.625316593718));
#4139=CARTESIAN_POINT('Ctrl Pts',(8.07749284493669E-16,54.3435657281175,
125.29801139519));
#4140=CARTESIAN_POINT('Ctrl Pts',(-4.27388402950934,54.3435657281175,125.29801139519));
#4141=CARTESIAN_POINT('Ctrl Pts',(-12.8442257186167,54.2509685436038,125.29801139519));
#4142=CARTESIAN_POINT('Ctrl Pts',(-22.8830561667225,53.7508166937118,125.29801139519));
#4143=CARTESIAN_POINT('Ctrl Pts',(-29.5166723354659,52.9414914211516,125.29801139519));
#4144=CARTESIAN_POINT('Ctrl Pts',(-32.5005752918867,52.4364648335381,125.29801139519));
#4145=CARTESIAN_POINT('Ctrl Pts',(-34.7599263161503,51.9665912745196,125.29801139519));
#4146=CARTESIAN_POINT('Ctrl Pts',(-37.0512924629925,51.3720432434707,125.29801139519));
#4147=CARTESIAN_POINT('Ctrl Pts',(-40.1430693374853,50.3489460120238,125.29801139519));
#4148=CARTESIAN_POINT('Ctrl Pts',(-43.3537406902261,48.8236928478867,125.29801139519));
#4149=CARTESIAN_POINT('Ctrl Pts',(-46.3624760729619,46.3430684879349,125.29801139519));
#4150=CARTESIAN_POINT('Ctrl Pts',(-48.8428991375078,43.3275454721297,125.29801139519));
#4151=CARTESIAN_POINT('Ctrl Pts',(-51.1017716179396,38.5185448399905,125.29801139519));
#4152=CARTESIAN_POINT('Ctrl Pts',(-52.5488630159341,32.4494403612338,125.29801139519));
#4153=CARTESIAN_POINT('Ctrl Pts',(-53.2916747083589,26.8936121710457,125.29801139519));
#4154=CARTESIAN_POINT('Ctrl Pts',(-53.6779290338001,22.5324208228766,125.29801139519));
#4155=CARTESIAN_POINT('Ctrl Pts',(-53.9687903601658,18.2028720393697,125.29801139519));
#4156=CARTESIAN_POINT('Ctrl Pts',(-54.2790442258886,10.7136881367682,125.29801139519));
#4157=CARTESIAN_POINT('Ctrl Pts',(-54.3435657281175,4.27388402950936,125.29801139519));
#4158=CARTESIAN_POINT('Ctrl Pts',(-54.3435657281175,1.26556229980601E-14,
125.29801139519));
#4159=CARTESIAN_POINT('Ctrl Pts',(2.44313110786434E-15,55.,127.160925447374));
#4160=CARTESIAN_POINT('Ctrl Pts',(-4.27861236091252,55.,127.160925447374));
#4161=CARTESIAN_POINT('Ctrl Pts',(-12.8614636216093,54.9071644050129,127.160925447374));
#4162=CARTESIAN_POINT('Ctrl Pts',(-22.9295276801761,54.4062881116674,127.160925447374));
#4163=CARTESIAN_POINT('Ctrl Pts',(-29.6080616497365,53.5918574111868,127.160925447374));
#4164=CARTESIAN_POINT('Ctrl Pts',(-32.6211019985529,53.0819931676847,127.160925447374));
#4165=CARTESIAN_POINT('Ctrl Pts',(-34.9078474419916,52.6065024045392,127.160925447374));
#4166=CARTESIAN_POINT('Ctrl Pts',(-37.235186219917,52.0028961919946,127.160925447374));
#4167=CARTESIAN_POINT('Ctrl Pts',(-40.3890962315336,50.9593706458465,127.160925447374));
#4168=CARTESIAN_POINT('Ctrl Pts',(-43.6965749801999,49.3918909199664,127.160925447374));
#4169=CARTESIAN_POINT('Ctrl Pts',(-46.830105937016,46.8102648932712,127.160925447374));
#4170=CARTESIAN_POINT('Ctrl Pts',(-49.4119442723611,43.669304432751,127.160925447374));
#4171=CARTESIAN_POINT('Ctrl Pts',(-51.7325509274523,38.7161401443223,127.160925447374));
#4172=CARTESIAN_POINT('Ctrl Pts',(-53.1960544536492,32.5633064698391,127.160925447374));
#4173=CARTESIAN_POINT('Ctrl Pts',(-53.9446679060671,26.9654695911566,127.160925447374));
#4174=CARTESIAN_POINT('Ctrl Pts',(-54.3324822129567,22.5828961645821,127.160925447374));
#4175=CARTESIAN_POINT('Ctrl Pts',(-54.624507489209,18.2364467811703,127.160925447374));
#4176=CARTESIAN_POINT('Ctrl Pts',(-54.9354239514255,10.727319386443,127.160925447374));
#4177=CARTESIAN_POINT('Ctrl Pts',(-55.,4.27861236091253,127.160925447374));
#4178=CARTESIAN_POINT('Ctrl Pts',(-55.,1.23993033689843E-14,127.160925447374));
#4179=CARTESIAN_POINT('Ctrl Pts',(3.33066907387547E-15,55.,128.282922823656));
#4180=CARTESIAN_POINT('Ctrl Pts',(-4.27857016371335,55.,128.282922823656));
#4181=CARTESIAN_POINT('Ctrl Pts',(-12.8614509913425,54.9071814115401,128.282922823656));
#4182=CARTESIAN_POINT('Ctrl Pts',(-22.9298262699159,54.4062112602173,128.282922823656));
#4183=CARTESIAN_POINT('Ctrl Pts',(-29.6084611560283,53.5917030356242,128.282922823656));
#4184=CARTESIAN_POINT('Ctrl Pts',(-32.6213543805973,53.0818379834608,128.282922823656));
#4185=CARTESIAN_POINT('Ctrl Pts',(-34.9080945188746,52.6063056283567,128.282922823656));
#4186=CARTESIAN_POINT('Ctrl Pts',(-37.2354481527232,52.0026121850267,128.282922823656));
#4187=CARTESIAN_POINT('Ctrl Pts',(-40.3890801140463,50.9591321648078,128.282922823656));
#4188=CARTESIAN_POINT('Ctrl Pts',(-43.6971421405899,49.3910656421516,128.282922823656));
#4189=CARTESIAN_POINT('Ctrl Pts',(-46.8299608394988,46.8099633091804,128.282922823656));
#4190=CARTESIAN_POINT('Ctrl Pts',(-49.4111746443079,43.6698551579065,128.282922823656));
#4191=CARTESIAN_POINT('Ctrl Pts',(-51.7319675526778,38.7168145347551,128.282922823656));
#4192=CARTESIAN_POINT('Ctrl Pts',(-53.1958735091235,32.5636875383798,128.282922823656));
#4193=CARTESIAN_POINT('Ctrl Pts',(-53.9445686512253,26.965607368236,128.282922823656));
#4194=CARTESIAN_POINT('Ctrl Pts',(-54.332446128705,22.5829947812689,128.282922823656));
#4195=CARTESIAN_POINT('Ctrl Pts',(-54.624479916232,18.2365522052165,128.282922823656));
#4196=CARTESIAN_POINT('Ctrl Pts',(-54.9354136359493,10.7274704742057,128.282922823656));
#4197=CARTESIAN_POINT('Ctrl Pts',(-55.,4.27857016371336,128.282922823656));
#4198=CARTESIAN_POINT('Ctrl Pts',(-55.,1.22124532708767E-14,128.282922823656));
#4199=CARTESIAN_POINT('',(-50.,1.26344329482292E-14,123.282922823656));
#4200=CARTESIAN_POINT('',(-55.,5.03311323459296E-15,128.282922823656));
#4201=CARTESIAN_POINT('Origin',(-50.,1.18017656797603E-14,128.282922823656));
#4202=CARTESIAN_POINT('Ctrl Pts',(-55.,1.22124532708767E-14,128.282922823656));
#4203=CARTESIAN_POINT('Ctrl Pts',(-55.,4.27857016371336,128.282922823656));
#4204=CARTESIAN_POINT('Ctrl Pts',(-54.9354136359493,10.7274704742057,128.282922823656));
#4205=CARTESIAN_POINT('Ctrl Pts',(-54.624479916232,18.2365522052165,128.282922823656));
#4206=CARTESIAN_POINT('Ctrl Pts',(-54.332446128705,22.5829947812689,128.282922823656));
#4207=CARTESIAN_POINT('Ctrl Pts',(-53.9445686512253,26.965607368236,128.282922823656));
#4208=CARTESIAN_POINT('Ctrl Pts',(-53.1958735091235,32.5636875383798,128.282922823656));
#4209=CARTESIAN_POINT('Ctrl Pts',(-51.7319675526778,38.7168145347551,128.282922823656));
#4210=CARTESIAN_POINT('Ctrl Pts',(-49.4111746443079,43.6698551579065,128.282922823656));
#4211=CARTESIAN_POINT('Ctrl Pts',(-46.8299608394988,46.8099633091804,128.282922823656));
#4212=CARTESIAN_POINT('Ctrl Pts',(-43.6971421405899,49.3910656421516,128.282922823656));
#4213=CARTESIAN_POINT('Ctrl Pts',(-40.3890801140463,50.9591321648078,128.282922823656));
#4214=CARTESIAN_POINT('Ctrl Pts',(-37.2354481527232,52.0026121850267,128.282922823656));
#4215=CARTESIAN_POINT('Ctrl Pts',(-34.9080945188746,52.6063056283567,128.282922823656));
#4216=CARTESIAN_POINT('Ctrl Pts',(-32.6213543805973,53.0818379834608,128.282922823656));
#4217=CARTESIAN_POINT('Ctrl Pts',(-29.6084611560283,53.5917030356242,128.282922823656));
#4218=CARTESIAN_POINT('Ctrl Pts',(-22.9298262699159,54.4062112602173,128.282922823656));
#4219=CARTESIAN_POINT('Ctrl Pts',(-12.8614509913425,54.9071814115401,128.282922823656));
#4220=CARTESIAN_POINT('Ctrl Pts',(-4.27857016371335,55.,128.282922823656));
#4221=CARTESIAN_POINT('Ctrl Pts',(3.33066907387547E-15,55.,128.282922823656));
#4222=CARTESIAN_POINT('Ctrl Pts',(-1.85656322470102E-15,50.,123.282922823656));
#4223=CARTESIAN_POINT('Ctrl Pts',(-4.24284926253207,50.,123.282922823656));
#4224=CARTESIAN_POINT('Ctrl Pts',(-12.7302395647241,49.9088787247011,123.282922823656));
#4225=CARTESIAN_POINT('Ctrl Pts',(-22.5737740243033,49.4140813471643,123.282922823656));
#4226=CARTESIAN_POINT('Ctrl Pts',(-28.9095701221449,48.6390015104351,123.282922823656));
#4227=CARTESIAN_POINT('Ctrl Pts',(-31.701552825379,48.1659900833408,123.282922823656));
#4228=CARTESIAN_POINT('Ctrl Pts',(-33.779669179276,47.7335336057943,123.282922823656));
#4229=CARTESIAN_POINT('Ctrl Pts',(-35.832918926841,47.1994440277611,123.282922823656));
#4230=CARTESIAN_POINT('Ctrl Pts',(-38.5152281287625,46.3112470288449,123.282922823656));
#4231=CARTESIAN_POINT('Ctrl Pts',(-41.0818480952902,45.0689098763902,123.282922823656));
#4232=CARTESIAN_POINT('Ctrl Pts',(-43.2690790016259,43.2534747385145,123.282922823656));
#4233=CARTESIAN_POINT('Ctrl Pts',(-45.0821786654171,41.0628664505799,123.282922823656));
#4234=CARTESIAN_POINT('Ctrl Pts',(-46.9314486894196,37.2070445635566,123.282922823656));
#4235=CARTESIAN_POINT('Ctrl Pts',(-48.2675376048374,31.6937214332292,123.282922823656));
#4236=CARTESIAN_POINT('Ctrl Pts',(-48.9714714021028,26.4173148166095,123.282922823656));
#4237=CARTESIAN_POINT('Ctrl Pts',(-49.3470259645414,22.1978407546257,123.282922823656));
#4238=CARTESIAN_POINT('Ctrl Pts',(-49.6301346771784,17.9800810189779,123.282922823656));
#4239=CARTESIAN_POINT('Ctrl Pts',(-49.9359010713407,10.6225884987097,123.282922823656));
#4240=CARTESIAN_POINT('Ctrl Pts',(-50.,4.24284926253208,123.282922823656));
#4241=CARTESIAN_POINT('Ctrl Pts',(-50.,1.26344329482292E-14,123.282922823656));
#4242=CARTESIAN_POINT('Ctrl Pts',(-50.,-2.54562230657125E-15,123.282922823656));
#4243=CARTESIAN_POINT('Ctrl Pts',(-50.,-4.24284926253207,123.282922823656));
#4244=CARTESIAN_POINT('Ctrl Pts',(-49.9362968047079,-10.6142494847254,123.282922823656));
#4245=CARTESIAN_POINT('Ctrl Pts',(-49.6294308855703,-17.9968531009358,123.282922823656));
#4246=CARTESIAN_POINT('Ctrl Pts',(-49.3450771298403,-22.2236143977826,123.282922823656));
#4247=CARTESIAN_POINT('Ctrl Pts',(-48.9680278900393,-26.4492241533079,123.282922823656));
#4248=CARTESIAN_POINT('Ctrl Pts',(-48.262440443883,-31.7210072694625,123.282922823656));
#4249=CARTESIAN_POINT('Ctrl Pts',(-46.9246779327077,-37.2279742105383,123.282922823656));
#4250=CARTESIAN_POINT('Ctrl Pts',(-45.0703833196751,-41.082535930226,123.282922823656));
#4251=CARTESIAN_POINT('Ctrl Pts',(-43.2527276365178,-43.2696938043635,123.282922823656));
#4252=CARTESIAN_POINT('Ctrl Pts',(-41.0622697625032,-45.0807764280119,123.282922823656));
#4253=CARTESIAN_POINT('Ctrl Pts',(-38.4942001794753,-46.3193139019444,123.282922823656));
#4254=CARTESIAN_POINT('Ctrl Pts',(-35.8103921005367,-47.2062311216302,123.282922823656));
#4255=CARTESIAN_POINT('Ctrl Pts',(-33.0691217812528,-47.9156697074714,123.282922823656));
#4256=CARTESIAN_POINT('Ctrl Pts',(-29.5840208846234,-48.5569496330696,123.282922823656));
#4257=CARTESIAN_POINT('Ctrl Pts',(-22.542453169088,-49.4181210370189,123.282922823656));
#4258=CARTESIAN_POINT('Ctrl Pts',(-12.7365220202406,-49.9048100031805,123.282922823656));
#4259=CARTESIAN_POINT('Ctrl Pts',(-4.24284926253208,-50.,123.282922823656));
#4260=CARTESIAN_POINT('Ctrl Pts',(-1.02800393294211E-14,-50.,123.282922823656));
#4261=CARTESIAN_POINT('Ctrl Pts',(-50.7479982508547,-2.36130614668955E-15,
123.282922823656));
#4262=CARTESIAN_POINT('Ctrl Pts',(-50.7479982508547,-4.24819582407677,123.282922823656));
#4263=CARTESIAN_POINT('Ctrl Pts',(-50.6842240681528,-10.6299009960693,123.282922823656));
#4264=CARTESIAN_POINT('Ctrl Pts',(-50.3765860123264,-18.0352630383489,123.282922823656));
#4265=CARTESIAN_POINT('Ctrl Pts',(-50.0908892010542,-22.2813536359659,123.282922823656));
#4266=CARTESIAN_POINT('Ctrl Pts',(-49.7119943663022,-26.5314572832414,123.282922823656));
#4267=CARTESIAN_POINT('Ctrl Pts',(-48.9996626824221,-31.8514883124606,123.282922823656));
#4268=CARTESIAN_POINT('Ctrl Pts',(-47.6427557427918,-37.4543002409945,123.282922823656));
#4269=CARTESIAN_POINT('Ctrl Pts',(-45.7174496014874,-41.4735939899972,123.282922823656));
#4270=CARTESIAN_POINT('Ctrl Pts',(-43.7843392285264,-43.8028690966088,123.282922823656));
#4271=CARTESIAN_POINT('Ctrl Pts',(-41.4523824549222,-45.7280249968575,123.282922823656));
#4272=CARTESIAN_POINT('Ctrl Pts',(-38.7738903768505,-47.0148934944104,123.282922823656));
#4273=CARTESIAN_POINT('Ctrl Pts',(-36.0196222620542,-47.9249642515646,123.282922823656));
#4274=CARTESIAN_POINT('Ctrl Pts',(-33.2240985130341,-48.6480975852055,123.282922823656));
#4275=CARTESIAN_POINT('Ctrl Pts',(-29.6940770795717,-49.2972320513638,123.282922823656));
#4276=CARTESIAN_POINT('Ctrl Pts',(-22.595267158234,-50.1650538572726,123.282922823656));
#4277=CARTESIAN_POINT('Ctrl Pts',(-12.7565888732941,-50.6524189554685,123.282922823656));
#4278=CARTESIAN_POINT('Ctrl Pts',(-4.24819582407678,-50.7479982508547,123.282922823656));
#4279=CARTESIAN_POINT('Ctrl Pts',(-1.03414780493817E-14,-50.7479982508547,
123.282922823656));
#4280=CARTESIAN_POINT('Ctrl Pts',(-52.2407276180337,-2.05049890694393E-15,
123.625316593718));
#4281=CARTESIAN_POINT('Ctrl Pts',(-52.2407276180337,-4.25887216438588,123.625316593718));
#4282=CARTESIAN_POINT('Ctrl Pts',(-52.176813615044,-10.6611111243062,123.625316593718));
#4283=CARTESIAN_POINT('Ctrl Pts',(-51.8676374613354,-18.1118977717424,123.625316593718));
#4284=CARTESIAN_POINT('Ctrl Pts',(-51.5792619377123,-22.3965634420299,123.625316593718));
#4285=CARTESIAN_POINT('Ctrl Pts',(-51.1966940581315,-26.6955417064438,123.625316593718));
#4286=CARTESIAN_POINT('Ctrl Pts',(-50.470917306563,-32.111818269421,123.625316593718));
#4287=CARTESIAN_POINT('Ctrl Pts',(-49.0758682403912,-37.905856591455,123.625316593718));
#4288=CARTESIAN_POINT('Ctrl Pts',(-47.0088765461667,-42.2539167825827,123.625316593718));
#4289=CARTESIAN_POINT('Ctrl Pts',(-44.8452620337059,-44.8669395856179,123.625316593718));
#4290=CARTESIAN_POINT('Ctrl Pts',(-42.2308125655947,-47.0198261041245,123.625316593718));
#4291=CARTESIAN_POINT('Ctrl Pts',(-39.3320422485217,-48.403057908708,123.625316593718));
#4292=CARTESIAN_POINT('Ctrl Pts',(-36.4371129020687,-49.3593435334031,123.625316593718));
#4293=CARTESIAN_POINT('Ctrl Pts',(-33.5333196471342,-50.1097916570987,123.625316593718));
#4294=CARTESIAN_POINT('Ctrl Pts',(-29.9136653652246,-50.7745840461285,123.625316593718));
#4295=CARTESIAN_POINT('Ctrl Pts',(-22.7006054981723,-51.6556730663589,123.625316593718));
#4296=CARTESIAN_POINT('Ctrl Pts',(-12.7966354091007,-52.144367958276,123.625316593718));
#4297=CARTESIAN_POINT('Ctrl Pts',(-4.25887216438589,-52.2407276180337,123.625316593718));
#4298=CARTESIAN_POINT('Ctrl Pts',(-1.01932420539852E-14,-52.2407276180337,
123.625316593718));
#4299=CARTESIAN_POINT('Ctrl Pts',(-54.3435657281175,-1.81089283844572E-15,
125.29801139519));
#4300=CARTESIAN_POINT('Ctrl Pts',(-54.3435657281175,-4.27388402950936,125.29801139519));
#4301=CARTESIAN_POINT('Ctrl Pts',(-54.2794468654588,-10.7051824268758,125.29801139519));
#4302=CARTESIAN_POINT('Ctrl Pts',(-53.9680919691143,-18.2199290084693,125.29801139519));
#4303=CARTESIAN_POINT('Ctrl Pts',(-53.6759363320213,-22.5589323214875,125.29801139519));
#4304=CARTESIAN_POINT('Ctrl Pts',(-53.2881510138062,-26.9267876965046,125.29801139519));
#4305=CARTESIAN_POINT('Ctrl Pts',(-52.54337423448,-32.478816531518,125.29801139519));
#4306=CARTESIAN_POINT('Ctrl Pts',(-51.0943235482032,-38.5424316617651,125.29801139519));
#4307=CARTESIAN_POINT('Ctrl Pts',(-48.827619577282,-43.3535380718098,125.29801139519));
#4308=CARTESIAN_POINT('Ctrl Pts',(-46.3397130086578,-46.3657087558185,125.29801139519));
#4309=CARTESIAN_POINT('Ctrl Pts',(-43.3277935948291,-48.8390517922142,125.29801139519));
#4310=CARTESIAN_POINT('Ctrl Pts',(-40.1183515468359,-50.358407520544,125.29801139519));
#4311=CARTESIAN_POINT('Ctrl Pts',(-37.0254791794372,-51.3797587844943,125.29801139519));
#4312=CARTESIAN_POINT('Ctrl Pts',(-33.9691628368888,-52.1687495130316,125.29801139519));
#4313=CARTESIAN_POINT('Ctrl Pts',(-30.223189516154,-52.8556716357969,125.29801139519));
#4314=CARTESIAN_POINT('Ctrl Pts',(-22.8492500069665,-53.7554698825314,125.29801139519));
#4315=CARTESIAN_POINT('Ctrl Pts',(-12.8530477285046,-54.2461215903203,125.29801139519));
#4316=CARTESIAN_POINT('Ctrl Pts',(-4.27388402950936,-54.3435657281175,125.29801139519));
#4317=CARTESIAN_POINT('Ctrl Pts',(-9.04280565681563E-15,-54.3435657281175,
125.29801139519));
#4318=CARTESIAN_POINT('Ctrl Pts',(-55.,-1.9593767035832E-15,127.160925447374));
#4319=CARTESIAN_POINT('Ctrl Pts',(-55.,-4.27861236091251,127.160925447374));
#4320=CARTESIAN_POINT('Ctrl Pts',(-54.9358290172348,-10.7187826445277,127.160925447374));
#4321=CARTESIAN_POINT('Ctrl Pts',(-54.6238119692716,-18.2535412449402,127.160925447374));
#4322=CARTESIAN_POINT('Ctrl Pts',(-54.3304861388737,-22.6095126770162,127.160925447374));
#4323=CARTESIAN_POINT('Ctrl Pts',(-53.9411367901307,-26.9988294906737,127.160925447374));
#4324=CARTESIAN_POINT('Ctrl Pts',(-53.1905183236198,-32.5929818629898,127.160925447374));
#4325=CARTESIAN_POINT('Ctrl Pts',(-51.7250149547648,-38.7404613940144,127.160925447374));
#4326=CARTESIAN_POINT('Ctrl Pts',(-49.3961429621162,-43.6962555283318,127.160925447374));
#4327=CARTESIAN_POINT('Ctrl Pts',(-46.8063682141176,-46.8338858543353,127.160925447374));
#4328=CARTESIAN_POINT('Ctrl Pts',(-43.6696478792978,-49.4077924517363,127.160925447374));
#4329=CARTESIAN_POINT('Ctrl Pts',(-40.3637663280616,-50.9690793272737,127.160925447374));
#4330=CARTESIAN_POINT('Ctrl Pts',(-37.2087891565793,-52.0107990961681,127.160925447374));
#4331=CARTESIAN_POINT('Ctrl Pts',(-34.104862772009,-52.8117260141723,127.160925447374));
#4332=CARTESIAN_POINT('Ctrl Pts',(-30.3195340512559,-53.5054482058649,127.160925447374));
#4333=CARTESIAN_POINT('Ctrl Pts',(-22.8952736189987,-54.4110577046516,127.160925447374));
#4334=CARTESIAN_POINT('Ctrl Pts',(-12.8706607974944,-54.9021950844459,127.160925447374));
#4335=CARTESIAN_POINT('Ctrl Pts',(-4.27861236091252,-55.,127.160925447374));
#4336=CARTESIAN_POINT('Ctrl Pts',(-7.62309536132153E-15,-55.,127.160925447374));
#4337=CARTESIAN_POINT('Ctrl Pts',(-55.,-2.14622680169081E-15,128.282922823656));
#4338=CARTESIAN_POINT('Ctrl Pts',(-55.,-4.27857016371335,128.282922823656));
#4339=CARTESIAN_POINT('Ctrl Pts',(-54.9358171709709,-10.7189401981711,128.282922823656));
#4340=CARTESIAN_POINT('Ctrl Pts',(-54.6237821209726,-18.2536528249894,128.282922823656));
#4341=CARTESIAN_POINT('Ctrl Pts',(-54.3304464480596,-22.6096184872269,128.282922823656));
#4342=CARTESIAN_POINT('Ctrl Pts',(-53.9410323351842,-26.9989749990719,128.282922823656));
#4343=CARTESIAN_POINT('Ctrl Pts',(-53.1903242734747,-32.5933814060063,128.282922823656));
#4344=CARTESIAN_POINT('Ctrl Pts',(-51.7244155714437,-38.7411496071971,128.282922823656));
#4345=CARTESIAN_POINT('Ctrl Pts',(-49.3953680057277,-43.6968030473419,128.282922823656));
#4346=CARTESIAN_POINT('Ctrl Pts',(-46.8062293963538,-46.8335728988871,128.282922823656));
#4347=CARTESIAN_POINT('Ctrl Pts',(-43.6702344246112,-49.4069507986216,128.282922823656));
#4348=CARTESIAN_POINT('Ctrl Pts',(-40.3638105273182,-50.9688005375293,128.282922823656));
#4349=CARTESIAN_POINT('Ctrl Pts',(-37.2091475350885,-52.0104629946082,128.282922823656));
#4350=CARTESIAN_POINT('Ctrl Pts',(-34.1052186880143,-52.8114855391909,128.282922823656));
#4351=CARTESIAN_POINT('Ctrl Pts',(-30.3198127701951,-53.5053159571441,128.282922823656));
#4352=CARTESIAN_POINT('Ctrl Pts',(-22.8956522652387,-54.4109546255316,128.282922823656));
#4353=CARTESIAN_POINT('Ctrl Pts',(-12.8706577246391,-54.90221735559,128.282922823656));
#4354=CARTESIAN_POINT('Ctrl Pts',(-4.27857016371336,-55.,128.282922823656));
#4355=CARTESIAN_POINT('Ctrl Pts',(-6.7355573953104E-15,-55.,128.282922823656));
#4356=CARTESIAN_POINT('',(-1.02800393294211E-14,-50.,123.282922823656));
#4357=CARTESIAN_POINT('Origin',(-6.32486980419395E-15,-50.,128.282922823656));
#4358=CARTESIAN_POINT('Ctrl Pts',(-6.7355573953104E-15,-55.,128.282922823656));
#4359=CARTESIAN_POINT('Ctrl Pts',(-4.27857016371336,-55.,128.282922823656));
#4360=CARTESIAN_POINT('Ctrl Pts',(-12.8706577246391,-54.90221735559,128.282922823656));
#4361=CARTESIAN_POINT('Ctrl Pts',(-22.8956522652387,-54.4109546255316,128.282922823656));
#4362=CARTESIAN_POINT('Ctrl Pts',(-30.3198127701951,-53.5053159571441,128.282922823656));
#4363=CARTESIAN_POINT('Ctrl Pts',(-34.1052186880143,-52.8114855391909,128.282922823656));
#4364=CARTESIAN_POINT('Ctrl Pts',(-37.2091475350885,-52.0104629946082,128.282922823656));
#4365=CARTESIAN_POINT('Ctrl Pts',(-40.3638105273182,-50.9688005375293,128.282922823656));
#4366=CARTESIAN_POINT('Ctrl Pts',(-43.6702344246112,-49.4069507986216,128.282922823656));
#4367=CARTESIAN_POINT('Ctrl Pts',(-46.8062293963538,-46.8335728988871,128.282922823656));
#4368=CARTESIAN_POINT('Ctrl Pts',(-49.3953680057277,-43.6968030473419,128.282922823656));
#4369=CARTESIAN_POINT('Ctrl Pts',(-51.7244155714437,-38.7411496071971,128.282922823656));
#4370=CARTESIAN_POINT('Ctrl Pts',(-53.1903242734747,-32.5933814060063,128.282922823656));
#4371=CARTESIAN_POINT('Ctrl Pts',(-53.9410323351842,-26.9989749990719,128.282922823656));
#4372=CARTESIAN_POINT('Ctrl Pts',(-54.3304464480596,-22.6096184872269,128.282922823656));
#4373=CARTESIAN_POINT('Ctrl Pts',(-54.6237821209726,-18.2536528249894,128.282922823656));
#4374=CARTESIAN_POINT('Ctrl Pts',(-54.9358171709709,-10.7189401981711,128.282922823656));
#4375=CARTESIAN_POINT('Ctrl Pts',(-55.,-4.27857016371335,128.282922823656));
#4376=CARTESIAN_POINT('Ctrl Pts',(-55.,-2.14622680169081E-15,128.282922823656));
#4377=CARTESIAN_POINT('Ctrl Pts',(-50.,-2.54562230657125E-15,123.282922823656));
#4378=CARTESIAN_POINT('Ctrl Pts',(-50.,-4.24284926253207,123.282922823656));
#4379=CARTESIAN_POINT('Ctrl Pts',(-49.9362968047079,-10.6142494847254,123.282922823656));
#4380=CARTESIAN_POINT('Ctrl Pts',(-49.6294308855703,-17.9968531009358,123.282922823656));
#4381=CARTESIAN_POINT('Ctrl Pts',(-49.3450771298403,-22.2236143977826,123.282922823656));
#4382=CARTESIAN_POINT('Ctrl Pts',(-48.9680278900393,-26.4492241533079,123.282922823656));
#4383=CARTESIAN_POINT('Ctrl Pts',(-48.262440443883,-31.7210072694625,123.282922823656));
#4384=CARTESIAN_POINT('Ctrl Pts',(-46.9246779327077,-37.2279742105383,123.282922823656));
#4385=CARTESIAN_POINT('Ctrl Pts',(-45.0703833196751,-41.082535930226,123.282922823656));
#4386=CARTESIAN_POINT('Ctrl Pts',(-43.2527276365178,-43.2696938043635,123.282922823656));
#4387=CARTESIAN_POINT('Ctrl Pts',(-41.0622697625032,-45.0807764280119,123.282922823656));
#4388=CARTESIAN_POINT('Ctrl Pts',(-38.4942001794753,-46.3193139019444,123.282922823656));
#4389=CARTESIAN_POINT('Ctrl Pts',(-35.8103921005367,-47.2062311216302,123.282922823656));
#4390=CARTESIAN_POINT('Ctrl Pts',(-33.0691217812528,-47.9156697074714,123.282922823656));
#4391=CARTESIAN_POINT('Ctrl Pts',(-29.5840208846234,-48.5569496330696,123.282922823656));
#4392=CARTESIAN_POINT('Ctrl Pts',(-22.542453169088,-49.4181210370189,123.282922823656));
#4393=CARTESIAN_POINT('Ctrl Pts',(-12.7365220202406,-49.9048100031805,123.282922823656));
#4394=CARTESIAN_POINT('Ctrl Pts',(-4.24284926253208,-50.,123.282922823656));
#4395=CARTESIAN_POINT('Ctrl Pts',(-1.02800393294211E-14,-50.,123.282922823656));
#4396=CARTESIAN_POINT('Ctrl Pts',(-6.05377582575325E-15,-50.,123.282922823656));
#4397=CARTESIAN_POINT('Ctrl Pts',(4.24284926253207,-50.,123.282922823656));
#4398=CARTESIAN_POINT('Ctrl Pts',(12.7302395647241,-49.9088787247011,123.282922823656));
#4399=CARTESIAN_POINT('Ctrl Pts',(22.5737740243033,-49.4140813471643,123.282922823656));
#4400=CARTESIAN_POINT('Ctrl Pts',(28.9095701221449,-48.6390015104351,123.282922823656));
#4401=CARTESIAN_POINT('Ctrl Pts',(31.701552825379,-48.1659900833408,123.282922823656));
#4402=CARTESIAN_POINT('Ctrl Pts',(33.779669179276,-47.7335336057943,123.282922823656));
#4403=CARTESIAN_POINT('Ctrl Pts',(35.832918926841,-47.1994440277611,123.282922823656));
#4404=CARTESIAN_POINT('Ctrl Pts',(38.5152281287625,-46.3112470288449,123.282922823656));
#4405=CARTESIAN_POINT('Ctrl Pts',(41.0818480952902,-45.0689098763902,123.282922823656));
#4406=CARTESIAN_POINT('Ctrl Pts',(43.2690790016259,-43.2534747385145,123.282922823656));
#4407=CARTESIAN_POINT('Ctrl Pts',(45.0821786654171,-41.0628664505799,123.282922823656));
#4408=CARTESIAN_POINT('Ctrl Pts',(46.9314486894196,-37.2070445635565,123.282922823656));
#4409=CARTESIAN_POINT('Ctrl Pts',(48.2675376048374,-31.6937214332292,123.282922823656));
#4410=CARTESIAN_POINT('Ctrl Pts',(48.9714714021028,-26.4173148166095,123.282922823656));
#4411=CARTESIAN_POINT('Ctrl Pts',(49.3470259645414,-22.1978407546257,123.282922823656));
#4412=CARTESIAN_POINT('Ctrl Pts',(49.6301346771784,-17.9800810189779,123.282922823656));
#4413=CARTESIAN_POINT('Ctrl Pts',(49.9359010713407,-10.6225884987097,123.282922823656));
#4414=CARTESIAN_POINT('Ctrl Pts',(50.,-4.24284926253208,123.282922823656));
#4415=CARTESIAN_POINT('Ctrl Pts',(50.,-1.09690984112914E-14,123.282922823656));
#4416=CARTESIAN_POINT('Ctrl Pts',(-6.23809198563495E-15,-50.7479982508547,
123.282922823656));
#4417=CARTESIAN_POINT('Ctrl Pts',(4.24819582407675,-50.7479982508547,123.282922823656));
#4418=CARTESIAN_POINT('Ctrl Pts',(12.7498695645445,-50.6566219589611,123.282922823656));
#4419=CARTESIAN_POINT('Ctrl Pts',(22.6270200176988,-50.1609072027091,123.282922823656));
#4420=CARTESIAN_POINT('Ctrl Pts',(29.014098156048,-49.3799339033674,123.282922823656));
#4421=CARTESIAN_POINT('Ctrl Pts',(31.8391385046999,-48.9014092391193,123.282922823656));
#4422=CARTESIAN_POINT('Ctrl Pts',(33.9484652466325,-48.4625113134666,123.282922823656));
#4423=CARTESIAN_POINT('Ctrl Pts',(36.042719879551,-47.9180146592998,123.282922823656));
#4424=CARTESIAN_POINT('Ctrl Pts',(38.7955567719136,-47.0065844323577,123.282922823656));
#4425=CARTESIAN_POINT('Ctrl Pts',(41.473058513727,-45.7155562050133,123.282922823656));
#4426=CARTESIAN_POINT('Ctrl Pts',(43.8017950565903,-43.7855436760401,123.282922823656));
#4427=CARTESIAN_POINT('Ctrl Pts',(45.729844690862,-41.4528354555781,123.282922823656));
#4428=CARTESIAN_POINT('Ctrl Pts',(47.6496423357792,-37.4328620369258,123.282922823656));
#4429=CARTESIAN_POINT('Ctrl Pts',(49.0048266265706,-31.8238434295871,123.282922823656));
#4430=CARTESIAN_POINT('Ctrl Pts',(49.7154514257232,-26.4993302859288,123.282922823656));
#4431=CARTESIAN_POINT('Ctrl Pts',(50.0928454091971,-22.2554532886321,123.282922823656));
#4432=CARTESIAN_POINT('Ctrl Pts',(50.3772887598278,-18.018442205114,123.282922823656));
#4433=CARTESIAN_POINT('Ctrl Pts',(50.6838270687253,-10.6382690406823,123.282922823656));
#4434=CARTESIAN_POINT('Ctrl Pts',(50.7479982508547,-4.24819582407677,123.282922823656));
#4435=CARTESIAN_POINT('Ctrl Pts',(50.7479982508547,-1.10305371312519E-14,
123.282922823656));
#4436=CARTESIAN_POINT('Ctrl Pts',(-6.33507416143674E-15,-52.2407276180337,
123.625316593718));
#4437=CARTESIAN_POINT('Ctrl Pts',(4.25887216438588,-52.2407276180337,123.625316593718));
#4438=CARTESIAN_POINT('Ctrl Pts',(12.7890457900837,-52.1488397588949,123.625316593718));
#4439=CARTESIAN_POINT('Ctrl Pts',(22.7332329440577,-51.6513088659179,123.625316593718));
#4440=CARTESIAN_POINT('Ctrl Pts',(29.222635459053,-50.8585864535875,123.625316593718));
#4441=CARTESIAN_POINT('Ctrl Pts',(32.113669615465,-50.369059521863,123.625316593718));
#4442=CARTESIAN_POINT('Ctrl Pts',(34.2852816375941,-49.9173133110875,123.625316593718));
#4443=CARTESIAN_POINT('Ctrl Pts',(36.4613646254826,-49.3520615429537,123.625316593718));
#4444=CARTESIAN_POINT('Ctrl Pts',(39.3549921378634,-48.3942592505007,123.625316593718));
#4445=CARTESIAN_POINT('Ctrl Pts',(42.2536822999913,-47.0061529126781,123.625316593718));
#4446=CARTESIAN_POINT('Ctrl Pts',(44.8649229413287,-44.8474045174597,123.625316593718));
#4447=CARTESIAN_POINT('Ctrl Pts',(47.0224676735989,-42.2309843962329,123.625316593718));
#4448=CARTESIAN_POINT('Ctrl Pts',(49.0829835074353,-37.8834056467176,123.625316593718));
#4449=CARTESIAN_POINT('Ctrl Pts',(50.4762124848483,-32.0834597380113,123.625316593718));
#4450=CARTESIAN_POINT('Ctrl Pts',(51.2001773434352,-26.6629815423801,123.625316593718));
#4451=CARTESIAN_POINT('Ctrl Pts',(51.5812322989886,-22.3704113598015,123.625316593718));
#4452=CARTESIAN_POINT('Ctrl Pts',(51.8683377709147,-18.0949806073848,123.625316593718));
#4453=CARTESIAN_POINT('Ctrl Pts',(52.1764138506814,-10.6695381101169,123.625316593718));
#4454=CARTESIAN_POINT('Ctrl Pts',(52.2407276180337,-4.25887216438589,123.625316593718));
#4455=CARTESIAN_POINT('Ctrl Pts',(52.2407276180337,-1.12101662339027E-14,
123.625316593718));
#4456=CARTESIAN_POINT('Ctrl Pts',(-5.5300815714424E-15,-54.3435657281175,
125.29801139519));
#4457=CARTESIAN_POINT('Ctrl Pts',(4.27388402950934,-54.3435657281175,125.29801139519));
#4458=CARTESIAN_POINT('Ctrl Pts',(12.8442257186167,-54.2509685436038,125.29801139519));
#4459=CARTESIAN_POINT('Ctrl Pts',(22.8830561667225,-53.7508166937118,125.29801139519));
#4460=CARTESIAN_POINT('Ctrl Pts',(29.5166723354658,-52.9414914211515,125.29801139519));
#4461=CARTESIAN_POINT('Ctrl Pts',(32.5005752918867,-52.4364648335381,125.29801139519));
#4462=CARTESIAN_POINT('Ctrl Pts',(34.7599263161503,-51.9665912745195,125.29801139519));
#4463=CARTESIAN_POINT('Ctrl Pts',(37.0512924629925,-51.3720432434707,125.29801139519));
#4464=CARTESIAN_POINT('Ctrl Pts',(40.1430693374853,-50.3489460120238,125.298011395189));
#4465=CARTESIAN_POINT('Ctrl Pts',(43.3537406902261,-48.8236928478867,125.298011395189));
#4466=CARTESIAN_POINT('Ctrl Pts',(46.3624760729619,-46.3430684879349,125.298011395189));
#4467=CARTESIAN_POINT('Ctrl Pts',(48.8428991375079,-43.3275454721298,125.29801139519));
#4468=CARTESIAN_POINT('Ctrl Pts',(51.1017716179396,-38.5185448399905,125.29801139519));
#4469=CARTESIAN_POINT('Ctrl Pts',(52.5488630159341,-32.4494403612338,125.29801139519));
#4470=CARTESIAN_POINT('Ctrl Pts',(53.2916747083589,-26.8936121710457,125.298011395189));
#4471=CARTESIAN_POINT('Ctrl Pts',(53.6779290338001,-22.5324208228766,125.29801139519));
#4472=CARTESIAN_POINT('Ctrl Pts',(53.9687903601659,-18.2028720393697,125.29801139519));
#4473=CARTESIAN_POINT('Ctrl Pts',(54.2790442258886,-10.7136881367682,125.29801139519));
#4474=CARTESIAN_POINT('Ctrl Pts',(54.3435657281175,-4.27388402950936,125.29801139519));
#4475=CARTESIAN_POINT('Ctrl Pts',(54.3435657281175,-1.16614477797551E-14,
125.29801139519));
#4476=CARTESIAN_POINT('Ctrl Pts',(-4.21820703988659E-15,-55.,127.160925447374));
#4477=CARTESIAN_POINT('Ctrl Pts',(4.27861236091251,-55.,127.160925447374));
#4478=CARTESIAN_POINT('Ctrl Pts',(12.8614636216093,-54.9071644050128,127.160925447374));
#4479=CARTESIAN_POINT('Ctrl Pts',(22.9295276801761,-54.4062881116674,127.160925447374));
#4480=CARTESIAN_POINT('Ctrl Pts',(29.6080616497365,-53.5918574111868,127.160925447374));
#4481=CARTESIAN_POINT('Ctrl Pts',(32.6211019985529,-53.0819931676847,127.160925447374));
#4482=CARTESIAN_POINT('Ctrl Pts',(34.9078474419916,-52.6065024045392,127.160925447374));
#4483=CARTESIAN_POINT('Ctrl Pts',(37.235186219917,-52.0028961919946,127.160925447374));
#4484=CARTESIAN_POINT('Ctrl Pts',(40.3890962315336,-50.9593706458465,127.160925447374));
#4485=CARTESIAN_POINT('Ctrl Pts',(43.6965749801999,-49.3918909199664,127.160925447374));
#4486=CARTESIAN_POINT('Ctrl Pts',(46.830105937016,-46.8102648932712,127.160925447374));
#4487=CARTESIAN_POINT('Ctrl Pts',(49.4119442723611,-43.669304432751,127.160925447374));
#4488=CARTESIAN_POINT('Ctrl Pts',(51.7325509274523,-38.7161401443223,127.160925447374));
#4489=CARTESIAN_POINT('Ctrl Pts',(53.1960544536492,-32.5633064698391,127.160925447374));
#4490=CARTESIAN_POINT('Ctrl Pts',(53.9446679060672,-26.9654695911566,127.160925447374));
#4491=CARTESIAN_POINT('Ctrl Pts',(54.3324822129568,-22.5828961645821,127.160925447374));
#4492=CARTESIAN_POINT('Ctrl Pts',(54.624507489209,-18.2364467811703,127.160925447374));
#4493=CARTESIAN_POINT('Ctrl Pts',(54.9354239514255,-10.727319386443,127.160925447374));
#4494=CARTESIAN_POINT('Ctrl Pts',(55.,-4.27861236091253,127.160925447374));
#4495=CARTESIAN_POINT('Ctrl Pts',(55.,-1.20256031727691E-14,127.160925447374));
#4496=CARTESIAN_POINT('Ctrl Pts',(-3.33066907387547E-15,-55.,128.282922823656));
#4497=CARTESIAN_POINT('Ctrl Pts',(4.27857016371335,-55.,128.282922823656));
#4498=CARTESIAN_POINT('Ctrl Pts',(12.8614509913425,-54.9071814115401,128.282922823656));
#4499=CARTESIAN_POINT('Ctrl Pts',(22.9298262699159,-54.4062112602173,128.282922823656));
#4500=CARTESIAN_POINT('Ctrl Pts',(29.6084611560283,-53.5917030356242,128.282922823656));
#4501=CARTESIAN_POINT('Ctrl Pts',(32.6213543805973,-53.0818379834608,128.282922823656));
#4502=CARTESIAN_POINT('Ctrl Pts',(34.9080945188746,-52.6063056283566,128.282922823656));
#4503=CARTESIAN_POINT('Ctrl Pts',(37.2354481527232,-52.0026121850267,128.282922823656));
#4504=CARTESIAN_POINT('Ctrl Pts',(40.3890801140463,-50.9591321648077,128.282922823656));
#4505=CARTESIAN_POINT('Ctrl Pts',(43.6971421405899,-49.3910656421516,128.282922823656));
#4506=CARTESIAN_POINT('Ctrl Pts',(46.8299608394988,-46.8099633091804,128.282922823656));
#4507=CARTESIAN_POINT('Ctrl Pts',(49.4111746443079,-43.6698551579066,128.282922823656));
#4508=CARTESIAN_POINT('Ctrl Pts',(51.7319675526779,-38.7168145347551,128.282922823656));
#4509=CARTESIAN_POINT('Ctrl Pts',(53.1958735091235,-32.5636875383798,128.282922823656));
#4510=CARTESIAN_POINT('Ctrl Pts',(53.9445686512253,-26.965607368236,128.282922823656));
#4511=CARTESIAN_POINT('Ctrl Pts',(54.332446128705,-22.5829947812689,128.282922823656));
#4512=CARTESIAN_POINT('Ctrl Pts',(54.624479916232,-18.2365522052165,128.282922823656));
#4513=CARTESIAN_POINT('Ctrl Pts',(54.9354136359493,-10.7274704742057,128.282922823656));
#4514=CARTESIAN_POINT('Ctrl Pts',(55.,-4.27857016371336,128.282922823656));
#4515=CARTESIAN_POINT('Ctrl Pts',(55.,-1.22124532708767E-14,128.282922823656));
#4516=CARTESIAN_POINT('Ctrl Pts',(-6.05377582575325E-15,-50.,123.282922823656));
#4517=CARTESIAN_POINT('Ctrl Pts',(4.24284926253207,-50.,123.282922823656));
#4518=CARTESIAN_POINT('Ctrl Pts',(12.7302395647241,-49.9088787247011,123.282922823656));
#4519=CARTESIAN_POINT('Ctrl Pts',(22.5737740243033,-49.4140813471643,123.282922823656));
#4520=CARTESIAN_POINT('Ctrl Pts',(28.9095701221449,-48.6390015104351,123.282922823656));
#4521=CARTESIAN_POINT('Ctrl Pts',(31.701552825379,-48.1659900833408,123.282922823656));
#4522=CARTESIAN_POINT('Ctrl Pts',(33.779669179276,-47.7335336057943,123.282922823656));
#4523=CARTESIAN_POINT('Ctrl Pts',(35.832918926841,-47.1994440277611,123.282922823656));
#4524=CARTESIAN_POINT('Ctrl Pts',(38.5152281287625,-46.3112470288449,123.282922823656));
#4525=CARTESIAN_POINT('Ctrl Pts',(41.0818480952902,-45.0689098763902,123.282922823656));
#4526=CARTESIAN_POINT('Ctrl Pts',(43.2690790016259,-43.2534747385145,123.282922823656));
#4527=CARTESIAN_POINT('Ctrl Pts',(45.0821786654171,-41.0628664505799,123.282922823656));
#4528=CARTESIAN_POINT('Ctrl Pts',(46.9314486894196,-37.2070445635565,123.282922823656));
#4529=CARTESIAN_POINT('Ctrl Pts',(48.2675376048374,-31.6937214332292,123.282922823656));
#4530=CARTESIAN_POINT('Ctrl Pts',(48.9714714021028,-26.4173148166095,123.282922823656));
#4531=CARTESIAN_POINT('Ctrl Pts',(49.3470259645414,-22.1978407546257,123.282922823656));
#4532=CARTESIAN_POINT('Ctrl Pts',(49.6301346771784,-17.9800810189779,123.282922823656));
#4533=CARTESIAN_POINT('Ctrl Pts',(49.9359010713407,-10.6225884987097,123.282922823656));
#4534=CARTESIAN_POINT('Ctrl Pts',(50.,-4.24284926253208,123.282922823656));
#4535=CARTESIAN_POINT('Ctrl Pts',(50.,-1.09690984112914E-14,123.282922823656));
#4536=CARTESIAN_POINT('Origin',(1.90968570073858E-46,1.51651695951937E-30,
123.282922823656));
#4537=CARTESIAN_POINT('',(-13.007275835615,-16.0210296643639,123.282922823656));
#4538=CARTESIAN_POINT('',(-10.3635889529957,-20.6000296643639,123.282922823656));
#4539=CARTESIAN_POINT('',(-14.8500210271939,-12.829301367146,123.282922823656));
#4540=CARTESIAN_POINT('',(-2.7425653996926,-20.6000296643639,123.282922823656));
#4541=CARTESIAN_POINT('Origin',(-6.55307717634413,-18.4000296643639,123.282922823656));
#4542=CARTESIAN_POINT('',(-0.0988785170732927,-16.0210296643639,123.282922823656));
#4543=CARTESIAN_POINT('',(2.06029252728202,-12.281235713309,123.282922823656));
#4544=CARTESIAN_POINT('',(25.7049228236559,-16.0210296643639,123.282922823656));
#4545=CARTESIAN_POINT('',(-19.4055385881721,-16.0210296643639,123.282922823656));
#4546=CARTESIAN_POINT('',(28.6449228236559,-13.0810296643639,123.282922823656));
#4547=CARTESIAN_POINT('Origin',(25.7049228236559,-13.0810296643639,123.282922823656));
#4548=CARTESIAN_POINT('',(28.6449228236559,13.0809703356361,123.282922823656));
#4549=CARTESIAN_POINT('',(28.6449228236559,-6.54051483218191,123.282922823656));
#4550=CARTESIAN_POINT('',(25.7049228236558,16.0209703356361,123.282922823656));
#4551=CARTESIAN_POINT('Origin',(25.7049228236558,13.0809703356361,123.282922823656));
#4552=CARTESIAN_POINT('',(-0.0988785170733354,16.0209703356361,123.282922823656));
#4553=CARTESIAN_POINT('',(12.8524614118279,16.0209703356361,123.282922823656));
#4554=CARTESIAN_POINT('',(-2.74256539969266,20.5999703356361,123.282922823656));
#4555=CARTESIAN_POINT('',(3.38212312354528,9.99169863285406,123.282922823656));
#4556=CARTESIAN_POINT('',(-10.3635889529957,20.5999703356361,123.282922823656));
#4557=CARTESIAN_POINT('Origin',(-6.55307717634419,18.3999703356361,123.282922823656));
#4558=CARTESIAN_POINT('',(-13.007275835615,16.020970335636,123.282922823656));
#4559=CARTESIAN_POINT('',(-13.5281647408379,15.1187642866911,123.282922823656));
#4560=CARTESIAN_POINT('',(-38.8110771763442,16.020970335636,123.282922823656));
#4561=CARTESIAN_POINT('',(12.8524614118279,16.0209703356361,123.282922823656));
#4562=CARTESIAN_POINT('',(-41.7510771763442,13.080970335636,123.282922823656));
#4563=CARTESIAN_POINT('Origin',(-38.8110771763442,13.080970335636,123.282922823656));
#4564=CARTESIAN_POINT('',(-41.7510771763442,-13.081029664364,123.282922823656));
#4565=CARTESIAN_POINT('',(-41.7510771763442,6.54048516781798,123.282922823656));
#4566=CARTESIAN_POINT('',(-38.8110771763442,-16.021029664364,123.282922823656));
#4567=CARTESIAN_POINT('Origin',(-38.8110771763442,-13.081029664364,123.282922823656));
#4568=CARTESIAN_POINT('',(-19.4055385881721,-16.0210296643639,123.282922823656));
#4569=CARTESIAN_POINT('',(24.,44.819219381653,123.282922823656));
#4570=CARTESIAN_POINT('Origin',(24.,41.569219381653,123.282922823656));
#4571=CARTESIAN_POINT('',(44.8192193816531,-24.,123.282922823656));
#4572=CARTESIAN_POINT('Origin',(41.569219381653,-24.,123.282922823656));
#4573=CARTESIAN_POINT('',(-44.8192193816531,24.,123.282922823656));
#4574=CARTESIAN_POINT('Origin',(-41.569219381653,24.,123.282922823656));
#4575=CARTESIAN_POINT('',(-24.,-44.819219381653,123.282922823656));
#4576=CARTESIAN_POINT('Origin',(-24.,-41.569219381653,123.282922823656));
#4577=CARTESIAN_POINT('',(27.8626983722081,-31.1126983722081,123.282922823656));
#4578=CARTESIAN_POINT('Origin',(31.1126983722081,-31.1126983722081,123.282922823656));
#4579=CARTESIAN_POINT('',(27.8626983722081,31.1126983722081,123.282922823656));
#4580=CARTESIAN_POINT('Origin',(31.1126983722081,31.1126983722081,123.282922823656));
#4581=CARTESIAN_POINT('',(-34.3626983722081,-31.1126983722081,123.282922823656));
#4582=CARTESIAN_POINT('Origin',(-31.1126983722081,-31.1126983722081,123.282922823656));
#4583=CARTESIAN_POINT('',(-34.3626983722081,31.1126983722081,123.282922823656));
#4584=CARTESIAN_POINT('Origin',(-31.1126983722081,31.1126983722081,123.282922823656));
#4585=CARTESIAN_POINT('Origin',(30.661230705914,3.25,127.032922823656));
#4586=CARTESIAN_POINT('',(38.,6.,129.782922823656));
#4587=CARTESIAN_POINT('',(38.,0.500000000000003,124.282922823656));
#4588=CARTESIAN_POINT('',(38.,7.17926929408606,130.962192117742));
#4589=CARTESIAN_POINT('',(28.6449228236559,6.,129.782922823656));
#4590=CARTESIAN_POINT('',(30.661230705914,6.,129.782922823656));
#4591=CARTESIAN_POINT('',(28.6449228236559,0.500000000000003,124.282922823656));
#4592=CARTESIAN_POINT('',(28.6449228236559,-1.77025741609096,122.012665407565));
#4593=CARTESIAN_POINT('',(30.661230705914,0.500000000000002,124.282922823656));
#4594=CARTESIAN_POINT('Origin',(33.3224614118279,-1.66533453693773E-14,
124.282922823656));
#4595=CARTESIAN_POINT('',(28.6449228236559,-0.499999999999998,124.282922823656));
#4596=CARTESIAN_POINT('',(28.6449228236559,13.0809703356361,124.282922823656));
#4597=CARTESIAN_POINT('',(38.,-0.499999999999998,124.282922823656));
#4598=CARTESIAN_POINT('',(35.661230705914,-0.499999999999998,124.282922823656));
#4599=CARTESIAN_POINT('',(38.,2.99999999999999,124.282922823656));
#4600=CARTESIAN_POINT('Origin',(35.661230705914,-3.25,127.032922823656));
#4601=CARTESIAN_POINT('',(38.,-4.17926929408606,127.962192117742));
#4602=CARTESIAN_POINT('',(28.6449228236559,-4.77025741609097,128.553180239747));
#4603=CARTESIAN_POINT('Origin',(-31.1126983722081,31.1126983722081,123.282922823656));
#4604=CARTESIAN_POINT('',(-34.3626983722081,31.1126983722081,128.282922823656));
#4605=CARTESIAN_POINT('',(-34.3626983722081,31.1126983722081,123.282922823656));
#4606=CARTESIAN_POINT('Origin',(-31.1126983722081,31.1126983722081,128.282922823656));
#4607=CARTESIAN_POINT('Origin',(0.,-2.22044604925031E-15,128.282922823656));
#4608=CARTESIAN_POINT('Origin',(-31.1126983722081,-31.1126983722081,123.282922823656));
#4609=CARTESIAN_POINT('',(-34.3626983722081,-31.1126983722081,128.282922823656));
#4610=CARTESIAN_POINT('',(-34.3626983722081,-31.1126983722081,123.282922823656));
#4611=CARTESIAN_POINT('Origin',(-31.1126983722081,-31.1126983722081,128.282922823656));
#4612=CARTESIAN_POINT('Origin',(0.,-2.22044604925031E-15,128.282922823656));
#4613=CARTESIAN_POINT('Origin',(31.1126983722081,31.1126983722081,123.282922823656));
#4614=CARTESIAN_POINT('',(27.8626983722081,31.1126983722081,128.282922823656));
#4615=CARTESIAN_POINT('',(27.8626983722081,31.1126983722081,123.282922823656));
#4616=CARTESIAN_POINT('Origin',(31.1126983722081,31.1126983722081,128.282922823656));
#4617=CARTESIAN_POINT('Origin',(0.,-2.22044604925031E-15,128.282922823656));
#4618=CARTESIAN_POINT('Origin',(31.1126983722081,-31.1126983722081,123.282922823656));
#4619=CARTESIAN_POINT('',(27.8626983722081,-31.1126983722081,128.282922823656));
#4620=CARTESIAN_POINT('',(27.8626983722081,-31.1126983722081,123.282922823656));
#4621=CARTESIAN_POINT('Origin',(31.1126983722081,-31.1126983722081,128.282922823656));
#4622=CARTESIAN_POINT('Origin',(0.,-2.22044604925031E-15,128.282922823656));
#4623=CARTESIAN_POINT('Origin',(-2.7425653996926,-20.6000296643639,123.282922823656));
#4624=CARTESIAN_POINT('',(-2.74256539969259,-20.6000296643639,132.282922823656));
#4625=CARTESIAN_POINT('',(-2.7425653996926,-20.6000296643639,123.282922823656));
#4626=CARTESIAN_POINT('',(-0.0988785170732864,-16.0210296643639,132.282922823656));
#4627=CARTESIAN_POINT('',(-2.74256539969259,-20.6000296643639,132.282922823656));
#4628=CARTESIAN_POINT('',(-0.0988785170732864,-16.0210296643639,123.282922823656));
#4629=CARTESIAN_POINT('Origin',(-6.55307717634413,-18.4000296643639,123.282922823656));
#4630=CARTESIAN_POINT('',(-10.3635889529957,-20.6000296643639,132.282922823656));
#4631=CARTESIAN_POINT('',(-10.3635889529957,-20.6000296643639,123.282922823656));
#4632=CARTESIAN_POINT('Origin',(-6.55307717634413,-18.4000296643639,132.282922823656));
#4633=CARTESIAN_POINT('Origin',(-13.007275835615,-16.0210296643639,123.282922823656));
#4634=CARTESIAN_POINT('',(-13.007275835615,-16.0210296643639,132.282922823656));
#4635=CARTESIAN_POINT('',(-13.007275835615,-16.0210296643639,123.282922823656));
#4636=CARTESIAN_POINT('',(-10.3635889529957,-20.6000296643639,132.282922823656));
#4637=CARTESIAN_POINT('Origin',(-6.55307717634413,-19.4105296643639,132.282922823656));
#4638=CARTESIAN_POINT('',(-22.6820771763441,-16.0210296643639,132.282922823656));
#4639=CARTESIAN_POINT('Origin',(-0.0988785170733353,16.0209703356361,123.282922823656));
#4640=CARTESIAN_POINT('',(-0.0988785170733286,16.0209703356361,132.282922823656));
#4641=CARTESIAN_POINT('',(-0.0988785170733564,16.0209703356361,123.282922823656));
#4642=CARTESIAN_POINT('',(-2.74256539969265,20.5999703356361,132.282922823656));
#4643=CARTESIAN_POINT('',(-2.74256539969265,20.5999703356361,132.282922823656));
#4644=CARTESIAN_POINT('',(-2.74256539969266,20.5999703356361,123.282922823656));
#4645=CARTESIAN_POINT('Origin',(-10.3635889529957,20.5999703356361,123.282922823656));
#4646=CARTESIAN_POINT('',(-10.3635889529957,20.5999703356361,132.282922823656));
#4647=CARTESIAN_POINT('',(-10.3635889529957,20.5999703356361,123.282922823656));
#4648=CARTESIAN_POINT('',(-13.007275835615,16.020970335636,132.282922823656));
#4649=CARTESIAN_POINT('',(-10.3635889529957,20.5999703356361,132.282922823656));
#4650=CARTESIAN_POINT('',(-13.007275835615,16.0209703356361,123.282922823656));
#4651=CARTESIAN_POINT('Origin',(-6.55307717634419,18.3999703356361,123.282922823656));
#4652=CARTESIAN_POINT('Origin',(-6.55307717634418,18.3999703356361,132.282922823656));
#4653=CARTESIAN_POINT('Origin',(-6.55307717634417,19.4104703356361,132.282922823656));
#4654=CARTESIAN_POINT('',(9.57592282365584,16.0209703356361,132.282922823656));
#4655=CARTESIAN_POINT('',(-7.95307717634418,18.3999703356361,132.282922823656));
#4656=CARTESIAN_POINT('Origin',(-6.55307717634418,18.3999703356361,132.282922823656));
#4657=CARTESIAN_POINT('Origin',(25.7049228236558,16.0209703356361,123.282922823656));
#4658=CARTESIAN_POINT('',(25.7049228236558,16.0209703356361,126.330922823656));
#4659=CARTESIAN_POINT('',(25.7049228236558,16.0209703356361,123.282922823656));
#4660=CARTESIAN_POINT('',(17.3229228236558,16.0209703356361,126.330922823656));
#4661=CARTESIAN_POINT('',(9.57592282365584,16.0209703356361,126.330922823656));
#4662=CARTESIAN_POINT('',(17.3229228236558,16.0209703356361,140.446922823656));
#4663=CARTESIAN_POINT('',(17.3229228236558,16.0209703356361,123.282922823656));
#4664=CARTESIAN_POINT('',(-30.4290771763442,16.0209703356361,140.446922823656));
#4665=CARTESIAN_POINT('',(5.89292282365584,16.0209703356361,140.446922823656));
#4666=CARTESIAN_POINT('',(-30.4290771763442,16.0209703356361,126.330922823656));
#4667=CARTESIAN_POINT('',(-30.4290771763442,16.0209703356361,123.282922823656));
#4668=CARTESIAN_POINT('',(-38.8110771763442,16.020970335636,126.330922823656));
#4669=CARTESIAN_POINT('',(9.57592282365584,16.0209703356361,126.330922823656));
#4670=CARTESIAN_POINT('',(-38.8110771763442,16.020970335636,123.282922823656));
#4671=CARTESIAN_POINT('Origin',(25.1969228236558,11.9887703356361,123.282922823656));
#4672=CARTESIAN_POINT('',(23.7969228236558,11.9887703356361,126.330922823656));
#4673=CARTESIAN_POINT('Origin',(25.1969228236558,11.9887703356361,126.330922823656));
#4674=CARTESIAN_POINT('',(23.7969228236558,11.9887703356361,135.282922823656));
#4675=CARTESIAN_POINT('',(23.7969228236558,11.9887703356361,123.282922823656));
#4676=CARTESIAN_POINT('Origin',(25.1969228236558,11.9887703356361,135.282922823656));
#4677=CARTESIAN_POINT('Origin',(25.1969228236558,11.9887703356361,135.282922823656));
#4678=CARTESIAN_POINT('Origin',(-38.3030771763442,-11.988829664364,123.282922823656));
#4679=CARTESIAN_POINT('',(-39.7030771763442,-11.988829664364,126.330922823656));
#4680=CARTESIAN_POINT('Origin',(-38.3030771763442,-11.988829664364,126.330922823656));
#4681=CARTESIAN_POINT('',(-39.7030771763442,-11.988829664364,135.282922823656));
#4682=CARTESIAN_POINT('',(-39.7030771763442,-11.988829664364,123.282922823656));
#4683=CARTESIAN_POINT('Origin',(-38.3030771763442,-11.988829664364,135.282922823656));
#4684=CARTESIAN_POINT('Origin',(-38.3030771763442,-11.988829664364,135.282922823656));
#4685=CARTESIAN_POINT('Origin',(25.1969228236559,-11.9888296643639,123.282922823656));
#4686=CARTESIAN_POINT('',(23.7969228236559,-11.9888296643639,126.330922823656));
#4687=CARTESIAN_POINT('Origin',(25.1969228236559,-11.9888296643639,126.330922823656));
#4688=CARTESIAN_POINT('',(23.7969228236559,-11.9888296643639,135.282922823656));
#4689=CARTESIAN_POINT('',(23.7969228236559,-11.9888296643639,123.282922823656));
#4690=CARTESIAN_POINT('Origin',(25.1969228236559,-11.9888296643639,135.282922823656));
#4691=CARTESIAN_POINT('Origin',(25.1969228236559,-11.9888296643639,135.282922823656));
#4692=CARTESIAN_POINT('Origin',(-38.3030771763442,11.988770335636,123.282922823656));
#4693=CARTESIAN_POINT('',(-39.7030771763442,11.988770335636,126.330922823656));
#4694=CARTESIAN_POINT('Origin',(-38.3030771763442,11.988770335636,126.330922823656));
#4695=CARTESIAN_POINT('',(-39.7030771763442,11.988770335636,135.282922823656));
#4696=CARTESIAN_POINT('',(-39.7030771763442,11.988770335636,123.282922823656));
#4697=CARTESIAN_POINT('Origin',(-38.3030771763442,11.988770335636,135.282922823656));
#4698=CARTESIAN_POINT('Origin',(-38.3030771763442,11.988770335636,135.282922823656));
#4699=CARTESIAN_POINT('Origin',(18.9929228236558,9.29637033563611,123.282922823656));
#4700=CARTESIAN_POINT('',(18.9929228236558,9.29637033563611,126.330922823656));
#4701=CARTESIAN_POINT('',(18.9929228236558,14.3509703356361,126.330922823656));
#4702=CARTESIAN_POINT('',(18.9929228236559,4.64817033563612,126.330922823656));
#4703=CARTESIAN_POINT('',(18.9929228236559,9.29637033563611,140.446922823656));
#4704=CARTESIAN_POINT('',(18.9929228236558,9.29637033563611,123.282922823656));
#4705=CARTESIAN_POINT('',(18.9929228236559,14.3509703356361,140.446922823656));
#4706=CARTESIAN_POINT('',(18.9929228236559,4.64817033563612,140.446922823656));
#4707=CARTESIAN_POINT('',(18.9929228236558,14.3509703356361,123.282922823656));
#4708=CARTESIAN_POINT('Origin',(17.3229228236558,14.3509703356361,123.282922823656));
#4709=CARTESIAN_POINT('Origin',(17.3229228236558,14.3509703356361,126.330922823656));
#4710=CARTESIAN_POINT('Origin',(17.3229228236559,14.3509703356361,140.446922823656));
#4711=CARTESIAN_POINT('Origin',(-30.4290771763442,14.3509703356361,123.282922823656));
#4712=CARTESIAN_POINT('',(-32.0990771763442,14.350970335636,126.330922823656));
#4713=CARTESIAN_POINT('Origin',(-30.4290771763442,14.3509703356361,126.330922823656));
#4714=CARTESIAN_POINT('',(-32.0990771763442,14.350970335636,140.446922823656));
#4715=CARTESIAN_POINT('Origin',(-30.4290771763442,14.3509703356361,140.446922823656));
#4716=CARTESIAN_POINT('',(-32.0990771763442,14.350970335636,123.282922823656));
#4717=CARTESIAN_POINT('Origin',(-32.0990771763442,14.350970335636,123.282922823656));
#4718=CARTESIAN_POINT('',(-32.0990771763442,9.29637033563603,126.330922823656));
#4719=CARTESIAN_POINT('',(-32.0990771763442,7.17547033563604,126.330922823656));
#4720=CARTESIAN_POINT('',(-32.0990771763442,9.29637033563602,140.446922823656));
#4721=CARTESIAN_POINT('',(-32.0990771763442,7.17547033563604,140.446922823656));
#4722=CARTESIAN_POINT('',(-32.0990771763442,9.29637033563603,123.282922823656));
#4723=CARTESIAN_POINT('Origin',(-35.1534771763442,9.29637033563604,123.282922823656));
#4724=CARTESIAN_POINT('',(-35.1534771763442,6.24197033563603,126.330922823656));
#4725=CARTESIAN_POINT('Origin',(-35.1534771763442,9.29637033563604,126.330922823656));
#4726=CARTESIAN_POINT('',(-35.1534771763442,6.24197033563603,140.446922823656));
#4727=CARTESIAN_POINT('Origin',(-35.1534771763442,9.29637033563604,140.446922823656));
#4728=CARTESIAN_POINT('',(-35.1534771763442,6.24197033563603,123.282922823656));
#4729=CARTESIAN_POINT('Origin',(-35.1534771763442,6.24197033563604,123.282922823656));
#4730=CARTESIAN_POINT('',(-38.0490771763442,6.24197033563604,126.330922823656));
#4731=CARTESIAN_POINT('',(-20.8532771763442,6.24197033563602,126.330922823656));
#4732=CARTESIAN_POINT('',(-38.0490771763442,6.24197033563604,140.446922823656));
#4733=CARTESIAN_POINT('',(-20.3452771763442,6.24197033563601,140.446922823656));
#4734=CARTESIAN_POINT('',(-38.0490771763442,6.24197033563604,123.282922823656));
#4735=CARTESIAN_POINT('Origin',(-38.0490771763442,4.57197033563604,123.282922823656));
#4736=CARTESIAN_POINT('',(-39.7190771763442,4.57197033563601,126.330922823656));
#4737=CARTESIAN_POINT('Origin',(-38.0490771763442,4.57197033563604,126.330922823656));
#4738=CARTESIAN_POINT('',(-39.7190771763442,4.57197033563601,140.446922823656));
#4739=CARTESIAN_POINT('Origin',(-38.0490771763442,4.57197033563604,140.446922823656));
#4740=CARTESIAN_POINT('',(-39.7190771763442,4.57197033563601,123.282922823656));
#4741=CARTESIAN_POINT('Origin',(-39.7190771763442,4.57197033563601,123.282922823656));
#4742=CARTESIAN_POINT('',(-39.7190771763442,-4.57202966436399,126.330922823656));
#4743=CARTESIAN_POINT('',(-39.7190771763442,2.28597033563603,126.330922823656));
#4744=CARTESIAN_POINT('',(-39.7190771763442,-4.57202966436399,140.446922823656));
#4745=CARTESIAN_POINT('',(-39.7190771763442,2.28597033563602,140.446922823656));
#4746=CARTESIAN_POINT('',(-39.7190771763442,-4.57202966436399,123.282922823656));
#4747=CARTESIAN_POINT('Origin',(-38.0490771763442,-4.57202966436396,123.282922823656));
#4748=CARTESIAN_POINT('',(-38.0490771763442,-6.24202966436396,126.330922823656));
#4749=CARTESIAN_POINT('Origin',(-38.0490771763442,-4.57202966436396,126.330922823656));
#4750=CARTESIAN_POINT('',(-38.0490771763442,-6.24202966436397,140.446922823656));
#4751=CARTESIAN_POINT('Origin',(-38.0490771763442,-4.57202966436397,140.446922823656));
#4752=CARTESIAN_POINT('',(-38.0490771763442,-6.24202966436396,123.282922823656));
#4753=CARTESIAN_POINT('Origin',(-38.0490771763442,-6.24202966436396,123.282922823656));
#4754=CARTESIAN_POINT('',(-35.1534771763442,-6.24202966436396,126.330922823656));
#4755=CARTESIAN_POINT('',(-22.3010771763442,-6.24202966436395,126.330922823656));
#4756=CARTESIAN_POINT('',(-35.1534771763442,-6.24202966436396,140.446922823656));
#4757=CARTESIAN_POINT('',(-21.7930771763442,-6.24202966436395,140.446922823656));
#4758=CARTESIAN_POINT('',(-35.1534771763442,-6.24202966436396,123.282922823656));
#4759=CARTESIAN_POINT('Origin',(-35.1534771763442,-9.29642966436396,123.282922823656));
#4760=CARTESIAN_POINT('',(-32.0990771763442,-9.29642966436398,126.330922823656));
#4761=CARTESIAN_POINT('Origin',(-35.1534771763442,-9.29642966436396,126.330922823656));
#4762=CARTESIAN_POINT('',(-32.0990771763442,-9.29642966436398,140.446922823656));
#4763=CARTESIAN_POINT('Origin',(-35.1534771763442,-9.29642966436396,140.446922823656));
#4764=CARTESIAN_POINT('',(-32.0990771763442,-9.29642966436398,123.282922823656));
#4765=CARTESIAN_POINT('Origin',(-32.0990771763442,-9.29642966436398,123.282922823656));
#4766=CARTESIAN_POINT('',(-32.0990771763442,-14.351029664364,126.330922823656));
#4767=CARTESIAN_POINT('',(-32.0990771763442,-4.64822966436395,126.330922823656));
#4768=CARTESIAN_POINT('',(-32.0990771763442,-14.351029664364,140.446922823656));
#4769=CARTESIAN_POINT('',(-32.0990771763442,-4.64822966436396,140.446922823656));
#4770=CARTESIAN_POINT('',(-32.0990771763442,-14.351029664364,123.282922823656));
#4771=CARTESIAN_POINT('Origin',(-30.4290771763442,-14.3510296643639,123.282922823656));
#4772=CARTESIAN_POINT('',(-30.4290771763442,-16.0210296643639,126.330922823656));
#4773=CARTESIAN_POINT('Origin',(-30.4290771763442,-14.3510296643639,126.330922823656));
#4774=CARTESIAN_POINT('',(-30.4290771763441,-16.0210296643639,140.446922823656));
#4775=CARTESIAN_POINT('Origin',(-30.4290771763442,-14.3510296643639,140.446922823656));
#4776=CARTESIAN_POINT('',(-30.4290771763442,-16.0210296643639,123.282922823656));
#4777=CARTESIAN_POINT('Origin',(22.0473228236558,9.29637033563614,123.282922823656));
#4778=CARTESIAN_POINT('',(22.0473228236559,6.24197033563614,126.330922823656));
#4779=CARTESIAN_POINT('Origin',(22.0473228236558,9.29637033563614,126.330922823656));
#4780=CARTESIAN_POINT('',(22.0473228236559,6.24197033563614,140.446922823656));
#4781=CARTESIAN_POINT('',(22.0473228236559,6.24197033563614,123.282922823656));
#4782=CARTESIAN_POINT('Origin',(22.0473228236559,9.29637033563614,140.446922823656));
#4783=CARTESIAN_POINT('Origin',(24.9429228236558,6.24197033563614,123.282922823656));
#4784=CARTESIAN_POINT('',(24.9429228236558,6.24197033563614,126.330922823656));
#4785=CARTESIAN_POINT('',(9.19492282365585,6.24197033563612,126.330922823656));
#4786=CARTESIAN_POINT('',(24.9429228236559,6.24197033563614,140.446922823656));
#4787=CARTESIAN_POINT('',(24.9429228236558,6.24197033563614,123.282922823656));
#4788=CARTESIAN_POINT('',(9.70292282365585,6.24197033563612,140.446922823656));
#4789=CARTESIAN_POINT('Origin',(24.9429228236559,4.57197033563614,123.282922823656));
#4790=CARTESIAN_POINT('',(25.8087353193481,5.99999999999998,126.330922823656));
#4791=CARTESIAN_POINT('Origin',(24.9429228236559,4.57197033563614,126.330922823656));
#4792=CARTESIAN_POINT('',(25.8087353193481,5.99999999999998,140.446922823656));
#4793=CARTESIAN_POINT('',(25.8087353193481,5.99999999999998,123.282922823656));
#4794=CARTESIAN_POINT('Origin',(24.9429228236559,4.57197033563614,140.446922823656));
#4795=CARTESIAN_POINT('Origin',(25.8087353193482,-6.00005932872774,123.282922823656));
#4796=CARTESIAN_POINT('',(25.8087353193482,-6.00005932872774,126.330922823656));
#4797=CARTESIAN_POINT('',(28.6449228236559,-6.00005932872774,126.330922823656));
#4798=CARTESIAN_POINT('',(9.62782907150201,-6.00005932872776,126.330922823656));
#4799=CARTESIAN_POINT('',(25.8087353193482,-6.00005932872775,140.446922823656));
#4800=CARTESIAN_POINT('',(25.8087353193482,-6.00005932872774,123.282922823656));
#4801=CARTESIAN_POINT('',(28.6449228236559,-6.00005932872774,140.446922823656));
#4802=CARTESIAN_POINT('',(10.135829071502,-6.00005932872777,140.446922823656));
#4803=CARTESIAN_POINT('',(28.6449228236559,-6.00005932872774,123.282922823656));
#4804=CARTESIAN_POINT('Origin',(24.9429228236559,-4.57202966436386,123.282922823656));
#4805=CARTESIAN_POINT('',(24.9429228236559,-6.24202966436386,126.330922823656));
#4806=CARTESIAN_POINT('Origin',(24.9429228236559,-4.57202966436386,126.330922823656));
#4807=CARTESIAN_POINT('',(24.9429228236559,-6.24202966436386,140.446922823656));
#4808=CARTESIAN_POINT('',(24.9429228236559,-6.24202966436386,123.282922823656));
#4809=CARTESIAN_POINT('Origin',(24.9429228236559,-4.57202966436386,140.446922823656));
#4810=CARTESIAN_POINT('Origin',(22.0473228236559,-6.24202966436387,123.282922823656));
#4811=CARTESIAN_POINT('',(22.0473228236559,-6.24202966436386,126.330922823656));
#4812=CARTESIAN_POINT('',(7.74712282365587,-6.2420296643639,126.330922823656));
#4813=CARTESIAN_POINT('',(22.0473228236559,-6.24202966436386,140.446922823656));
#4814=CARTESIAN_POINT('',(22.0473228236559,-6.24202966436386,123.282922823656));
#4815=CARTESIAN_POINT('',(8.25512282365587,-6.2420296643639,140.446922823656));
#4816=CARTESIAN_POINT('Origin',(22.0473228236559,-9.29642966436387,123.282922823656));
#4817=CARTESIAN_POINT('',(18.9929228236559,-9.2964296643639,126.330922823656));
#4818=CARTESIAN_POINT('Origin',(22.0473228236559,-9.29642966436387,126.330922823656));
#4819=CARTESIAN_POINT('',(18.9929228236559,-9.2964296643639,140.446922823656));
#4820=CARTESIAN_POINT('',(18.9929228236559,-9.2964296643639,123.282922823656));
#4821=CARTESIAN_POINT('Origin',(22.0473228236559,-9.29642966436387,140.446922823656));
#4822=CARTESIAN_POINT('Origin',(18.9929228236559,-14.3510296643639,123.282922823656));
#4823=CARTESIAN_POINT('',(18.9929228236559,-14.3510296643639,126.330922823656));
#4824=CARTESIAN_POINT('',(18.9929228236559,-7.17552966436388,126.330922823656));
#4825=CARTESIAN_POINT('',(18.9929228236559,-14.3510296643639,140.446922823656));
#4826=CARTESIAN_POINT('',(18.9929228236559,-14.3510296643639,123.282922823656));
#4827=CARTESIAN_POINT('',(18.9929228236559,-7.17552966436389,140.446922823656));
#4828=CARTESIAN_POINT('Origin',(17.3229228236559,-14.3510296643639,123.282922823656));
#4829=CARTESIAN_POINT('',(17.3229228236559,-16.0210296643639,126.330922823656));
#4830=CARTESIAN_POINT('Origin',(17.3229228236559,-14.3510296643639,126.330922823656));
#4831=CARTESIAN_POINT('',(17.3229228236559,-16.0210296643639,140.446922823656));
#4832=CARTESIAN_POINT('',(17.3229228236559,-16.0210296643639,123.282922823656));
#4833=CARTESIAN_POINT('Origin',(17.3229228236559,-14.3510296643639,140.446922823656));
#4834=CARTESIAN_POINT('Origin',(-5.53707717634414,-2.96643639114686E-5,
140.446922823656));
#4835=CARTESIAN_POINT('',(28.,5.99999999999998,140.446922823656));
#4836=CARTESIAN_POINT('',(28.,-3.00001483218196,140.446922823656));
#4837=CARTESIAN_POINT('',(28.6449228236559,-3.0000444965458,140.446922823656));
#4838=CARTESIAN_POINT('',(-17.9830771763441,-16.0210296643639,140.446922823656));
#4839=CARTESIAN_POINT('',(11.5539228236559,5.99999999999995,140.446922823656));
#4840=CARTESIAN_POINT('Origin',(-6.55307717634415,-2.96643639080076E-5,
126.330922823656));
#4841=CARTESIAN_POINT('',(-38.8110771763442,-16.021029664364,126.330922823656));
#4842=CARTESIAN_POINT('',(-22.6820771763442,-16.0210296643639,126.330922823656));
#4843=CARTESIAN_POINT('',(-41.7510771763442,-13.081029664364,126.330922823656));
#4844=CARTESIAN_POINT('Origin',(-38.8110771763442,-13.081029664364,126.330922823656));
#4845=CARTESIAN_POINT('',(-41.7510771763442,13.080970335636,126.330922823656));
#4846=CARTESIAN_POINT('',(-41.7510771763442,6.54047033563603,126.330922823656));
#4847=CARTESIAN_POINT('Origin',(-38.8110771763442,13.080970335636,126.330922823656));
#4848=CARTESIAN_POINT('Origin',(-6.55307717634415,-2.96643639080076E-5,
126.330922823656));
#4849=CARTESIAN_POINT('',(28.6449228236559,-13.0810296643639,126.330922823656));
#4850=CARTESIAN_POINT('',(28.6449228236559,-6.54052966436386,126.330922823656));
#4851=CARTESIAN_POINT('',(25.7049228236559,-16.0210296643639,126.330922823656));
#4852=CARTESIAN_POINT('Origin',(25.7049228236559,-13.0810296643639,126.330922823656));
#4853=CARTESIAN_POINT('',(-22.6820771763442,-16.0210296643639,126.330922823656));
#4854=CARTESIAN_POINT('Origin',(-38.8110771763442,-16.021029664364,123.282922823656));
#4855=CARTESIAN_POINT('',(-38.8110771763442,-16.021029664364,123.282922823656));
#4856=CARTESIAN_POINT('',(25.7049228236559,-16.0210296643639,123.282922823656));
#4857=CARTESIAN_POINT('Origin',(28.6449228236559,-13.0810296643639,123.282922823656));
#4858=CARTESIAN_POINT('',(28.6449228236559,-13.0810296643639,123.282922823656));
#4859=CARTESIAN_POINT('',(28.6449228236559,6.,126.330922823656));
#4860=CARTESIAN_POINT('',(28.6449228236559,6.,131.641461411828));
#4861=CARTESIAN_POINT('',(28.6449228236559,13.0809703356361,126.330922823656));
#4862=CARTESIAN_POINT('',(28.6449228236559,-6.54052966436386,126.330922823656));
#4863=CARTESIAN_POINT('',(28.6449228236559,13.0809703356361,123.282922823656));
#4864=CARTESIAN_POINT('Origin',(-38.8110771763442,-13.081029664364,123.282922823656));
#4865=CARTESIAN_POINT('',(-41.7510771763442,-13.081029664364,123.282922823656));
#4866=CARTESIAN_POINT('Origin',(-41.7510771763442,13.080970335636,123.282922823656));
#4867=CARTESIAN_POINT('',(-41.7510771763442,13.080970335636,123.282922823656));
#4868=CARTESIAN_POINT('Origin',(-38.8110771763442,13.080970335636,123.282922823656));
#4869=CARTESIAN_POINT('Origin',(25.7049228236558,13.0809703356361,123.282922823656));
#4870=CARTESIAN_POINT('Origin',(25.7049228236558,13.0809703356361,126.330922823656));
#4871=CARTESIAN_POINT('Origin',(25.7049228236559,-13.0810296643639,123.282922823656));
#4872=CARTESIAN_POINT('Origin',(-6.55307717634415,-2.96643639080076E-5,
126.330922823656));
#4873=CARTESIAN_POINT('',(11.0459228236559,5.99999999999995,126.330922823656));
#4874=CARTESIAN_POINT('Origin',(28.,-6.,140.));
#4875=CARTESIAN_POINT('',(28.,6.,174.));
#4876=CARTESIAN_POINT('Ctrl Pts',(-55.,-2.14622680169081E-15,123.282922823656));
#4877=CARTESIAN_POINT('Ctrl Pts',(-55.,-2.14622680169081E-15,148.143415435269));
#4878=CARTESIAN_POINT('Ctrl Pts',(-55.,-55.,123.282922823656));
#4879=CARTESIAN_POINT('Ctrl Pts',(-55.,-55.,148.143415435269));
#4880=CARTESIAN_POINT('Ctrl Pts',(-6.73555739531044E-15,-55.,123.282922823656));
#4881=CARTESIAN_POINT('Ctrl Pts',(-6.73555739531044E-15,-55.,148.143415435269));
#4882=CARTESIAN_POINT('',(-55.,-2.14622680169081E-15,140.));
#4883=CARTESIAN_POINT('Ctrl Pts',(3.33066907387547E-15,55.,123.282922823656));
#4884=CARTESIAN_POINT('Ctrl Pts',(3.33066907387547E-15,55.,148.143415435269));
#4885=CARTESIAN_POINT('Ctrl Pts',(-55.,55.,123.282922823656));
#4886=CARTESIAN_POINT('Ctrl Pts',(-55.,55.,148.143415435269));
#4887=CARTESIAN_POINT('Ctrl Pts',(-55.,1.22124532708767E-14,123.282922823656));
#4888=CARTESIAN_POINT('Ctrl Pts',(-55.,1.22124532708767E-14,148.143415435269));
#4889=CARTESIAN_POINT('Origin',(-6.55307717634419,18.3999703356361,123.282922823656));
#4890=CARTESIAN_POINT('',(-7.95307717634419,18.3999703356361,123.282922823656));
#4891=CARTESIAN_POINT('Origin',(24.,41.569219381653,134.));
#4892=CARTESIAN_POINT('',(24.,44.819219381653,134.));
#4893=CARTESIAN_POINT('Origin',(41.569219381653,-24.,134.));
#4894=CARTESIAN_POINT('',(44.819219381653,-24.,134.));
#4895=CARTESIAN_POINT('Origin',(-41.569219381653,24.,134.));
#4896=CARTESIAN_POINT('',(-44.819219381653,24.,134.));
#4897=CARTESIAN_POINT('Origin',(-24.,-41.569219381653,134.));
#4898=CARTESIAN_POINT('',(-24.,-44.819219381653,134.));
#4899=CARTESIAN_POINT('Origin',(28.,6.,140.));
#4900=CARTESIAN_POINT('',(38.,6.,174.));
#4901=CARTESIAN_POINT('Origin',(38.,6.,140.));
#4902=UNCERTAINTY_MEASURE_WITH_UNIT(LENGTH_MEASURE(0.01),#4906,
'DISTANCE_ACCURACY_VALUE',
'Maximum model space distance between geometric entities at asserted c
onnectivities');
#4903=UNCERTAINTY_MEASURE_WITH_UNIT(LENGTH_MEASURE(0.01),#4906,
'DISTANCE_ACCURACY_VALUE',
'Maximum model space distance between geometric entities at asserted c
onnectivities');
#4904=(
GEOMETRIC_REPRESENTATION_CONTEXT(3)
GLOBAL_UNCERTAINTY_ASSIGNED_CONTEXT((#4902))
GLOBAL_UNIT_ASSIGNED_CONTEXT((#4906,#4908,#4909))
REPRESENTATION_CONTEXT('','3D')
);
#4905=(
GEOMETRIC_REPRESENTATION_CONTEXT(3)
GLOBAL_UNCERTAINTY_ASSIGNED_CONTEXT((#4903))
GLOBAL_UNIT_ASSIGNED_CONTEXT((#4906,#4908,#4909))
REPRESENTATION_CONTEXT('','3D')
);
#4906=(
LENGTH_UNIT()
NAMED_UNIT(*)
SI_UNIT(.MILLI.,.METRE.)
);
#4907=(
LENGTH_UNIT()
NAMED_UNIT(*)
SI_UNIT($,.METRE.)
);
#4908=(
NAMED_UNIT(*)
PLANE_ANGLE_UNIT()
SI_UNIT($,.RADIAN.)
);
#4909=(
NAMED_UNIT(*)
SI_UNIT($,.STERADIAN.)
SOLID_ANGLE_UNIT()
);
#4910=SHAPE_DEFINITION_REPRESENTATION(#4911,#4912);
#4911=PRODUCT_DEFINITION_SHAPE('',$,#4914);
#4912=SHAPE_REPRESENTATION('',(#2366),#4904);
#4913=PRODUCT_DEFINITION_CONTEXT('part definition',#4918,'design');
#4914=PRODUCT_DEFINITION('2026-07-17-18-47-02-377',
'3-Watt Speaker Chamber',#4915,#4913);
#4915=PRODUCT_DEFINITION_FORMATION('',$,#4920);
#4916=PRODUCT_RELATED_PRODUCT_CATEGORY('3-Watt Speaker Chamber',
'3-Watt Speaker Chamber',(#4920));
#4917=APPLICATION_PROTOCOL_DEFINITION('international standard',
'automotive_design',2009,#4918);
#4918=APPLICATION_CONTEXT(
'Core Data for Automotive Mechanical Design Process');
#4919=PRODUCT_CONTEXT('part definition',#4918,'mechanical');
#4920=PRODUCT('2026-07-17-18-47-02-377','3-Watt Speaker Chamber',$,(#4919));
#4921=PRESENTATION_STYLE_ASSIGNMENT((#4923));
#4922=PRESENTATION_STYLE_ASSIGNMENT((#4924));
#4923=SURFACE_STYLE_USAGE(.BOTH.,#4925);
#4924=SURFACE_STYLE_USAGE(.BOTH.,#4926);
#4925=SURFACE_SIDE_STYLE('',(#4927));
#4926=SURFACE_SIDE_STYLE('',(#4928));
#4927=SURFACE_STYLE_FILL_AREA(#4929);
#4928=SURFACE_STYLE_FILL_AREA(#4930);
#4929=FILL_AREA_STYLE('Steel - Satin',(#4931));
#4930=FILL_AREA_STYLE('Opaque(160,160,160)',(#4932));
#4931=FILL_AREA_STYLE_COLOUR('Steel - Satin',#4933);
#4932=FILL_AREA_STYLE_COLOUR('Opaque(160,160,160)',#4934);
#4933=COLOUR_RGB('Steel - Satin',0.627450980392157,0.627450980392157,0.627450980392157);
#4934=COLOUR_RGB('Opaque(160,160,160)',0.627450980392157,0.627450980392157,
0.627450980392157);
ENDSEC;
END-ISO-10303-21;
