ISO-10303-21;
HEADER;
/* Generated by software containing ST-Developer
 * from STEP Tools, Inc. (www.steptools.com) 
 */

FILE_DESCRIPTION(
/* description */ (''),
/* implementation_level */ '2;1');

FILE_NAME(
/* name */ 'Mid Plate with antenna slot.step',
/* time_stamp */ '2026-07-17T16:49:56-04:00',
/* author */ (''),
/* organization */ (''),
/* preprocessor_version */ 'ST-DEVELOPER v20.1',
/* originating_system */ 'Autodesk Translation Framework v15.8.0.0',
/* authorisation */ '');

FILE_SCHEMA (('AUTOMOTIVE_DESIGN { 1 0 10303 214 3 1 1 }'));
ENDSEC;

DATA;
#10=MECHANICAL_DESIGN_GEOMETRIC_PRESENTATION_REPRESENTATION('',(#13),#6384);
#11=SHAPE_REPRESENTATION_RELATIONSHIP('SRR','None',#6391,#12);
#12=ADVANCED_BREP_SHAPE_REPRESENTATION('',(#14),#6383);
#13=STYLED_ITEM('',(#6401),#14);
#14=MANIFOLD_SOLID_BREP('Mid Plate',#3409);
#15=FACE_BOUND('',#528,.T.);
#16=FACE_BOUND('',#529,.T.);
#17=FACE_BOUND('',#530,.T.);
#18=FACE_BOUND('',#531,.T.);
#19=FACE_BOUND('',#532,.T.);
#20=FACE_BOUND('',#533,.T.);
#21=FACE_BOUND('',#534,.T.);
#22=FACE_BOUND('',#535,.T.);
#23=FACE_BOUND('',#536,.T.);
#24=FACE_BOUND('',#537,.T.);
#25=FACE_BOUND('',#538,.T.);
#26=FACE_BOUND('',#539,.T.);
#27=FACE_BOUND('',#540,.T.);
#28=FACE_BOUND('',#541,.T.);
#29=FACE_BOUND('',#542,.T.);
#30=FACE_BOUND('',#543,.T.);
#31=FACE_BOUND('',#544,.T.);
#32=FACE_BOUND('',#550,.T.);
#33=FACE_BOUND('',#552,.T.);
#34=FACE_BOUND('',#554,.T.);
#35=FACE_BOUND('',#556,.T.);
#36=FACE_BOUND('',#665,.T.);
#37=FACE_BOUND('',#666,.T.);
#38=FACE_BOUND('',#667,.T.);
#39=FACE_BOUND('',#668,.T.);
#40=FACE_BOUND('',#669,.T.);
#41=FACE_BOUND('',#670,.T.);
#42=FACE_BOUND('',#671,.T.);
#43=FACE_BOUND('',#672,.T.);
#44=(
BOUNDED_CURVE()
B_SPLINE_CURVE(2,(#5170,#5171,#5172),.UNSPECIFIED.,.F.,.F.)
B_SPLINE_CURVE_WITH_KNOTS((3,3),(-9.49447207589764,0.),.UNSPECIFIED.)
CURVE()
GEOMETRIC_REPRESENTATION_ITEM()
RATIONAL_B_SPLINE_CURVE((1.,2.33333333333333,1.))
REPRESENTATION_ITEM('')
);
#45=(
BOUNDED_CURVE()
B_SPLINE_CURVE(2,(#5182,#5183,#5184),.UNSPECIFIED.,.F.,.F.)
B_SPLINE_CURVE_WITH_KNOTS((3,3),(-9.49447207589764,0.),.UNSPECIFIED.)
CURVE()
GEOMETRIC_REPRESENTATION_ITEM()
RATIONAL_B_SPLINE_CURVE((1.,2.33333333333333,1.))
REPRESENTATION_ITEM('')
);
#46=(
BOUNDED_CURVE()
B_SPLINE_CURVE(2,(#5193,#5194,#5195),.UNSPECIFIED.,.F.,.F.)
B_SPLINE_CURVE_WITH_KNOTS((3,3),(-9.49447207589764,-1.16421386760418),
 .UNSPECIFIED.)
CURVE()
GEOMETRIC_REPRESENTATION_ITEM()
RATIONAL_B_SPLINE_CURVE((1.,2.16983976103181,1.28689192232718))
REPRESENTATION_ITEM('')
);
#47=(
BOUNDED_CURVE()
B_SPLINE_CURVE(2,(#5204,#5205,#5206),.UNSPECIFIED.,.F.,.F.)
B_SPLINE_CURVE_WITH_KNOTS((3,3),(-1.16421386760418,-1.04767786896375),
 .UNSPECIFIED.)
CURVE()
GEOMETRIC_REPRESENTATION_ITEM()
RATIONAL_B_SPLINE_CURVE((1.28689192232718,1.27453993928439,1.26178621418961))
REPRESENTATION_ITEM('')
);
#48=(
BOUNDED_CURVE()
B_SPLINE_CURVE(2,(#5379,#5380,#5381),.UNSPECIFIED.,.F.,.F.)
B_SPLINE_CURVE_WITH_KNOTS((3,3),(-1.04767786895806,0.),.UNSPECIFIED.)
CURVE()
GEOMETRIC_REPRESENTATION_ITEM()
RATIONAL_B_SPLINE_CURVE((1.26178621418836,1.14712811982707,1.))
REPRESENTATION_ITEM('')
);
#49=(
BOUNDED_CURVE()
B_SPLINE_CURVE(2,(#5390,#5391,#5392),.UNSPECIFIED.,.F.,.F.)
B_SPLINE_CURVE_WITH_KNOTS((3,3),(-9.49447207589764,-8.44679420693958),
 .UNSPECIFIED.)
CURVE()
GEOMETRIC_REPRESENTATION_ITEM()
RATIONAL_B_SPLINE_CURVE((1.,1.14712811982707,1.26178621418836))
REPRESENTATION_ITEM('')
);
#50=(
BOUNDED_CURVE()
B_SPLINE_CURVE(2,(#5395,#5396,#5397),.UNSPECIFIED.,.F.,.F.)
B_SPLINE_CURVE_WITH_KNOTS((3,3),(-8.44679420693389,-8.33025820829346),
 .UNSPECIFIED.)
CURVE()
GEOMETRIC_REPRESENTATION_ITEM()
RATIONAL_B_SPLINE_CURVE((1.26178621418961,1.27453993928439,1.28689192232718))
REPRESENTATION_ITEM('')
);
#51=(
BOUNDED_CURVE()
B_SPLINE_CURVE(2,(#5398,#5399,#5400),.UNSPECIFIED.,.F.,.F.)
B_SPLINE_CURVE_WITH_KNOTS((3,3),(-8.33025820826169,0.),.UNSPECIFIED.)
CURVE()
GEOMETRIC_REPRESENTATION_ITEM()
RATIONAL_B_SPLINE_CURVE((1.28689192233391,2.16983976102735,1.))
REPRESENTATION_ITEM('')
);
#52=(
BOUNDED_CURVE()
B_SPLINE_CURVE(2,(#5468,#5469,#5470),.UNSPECIFIED.,.F.,.F.)
B_SPLINE_CURVE_WITH_KNOTS((3,3),(0.,9.49447207589764),.UNSPECIFIED.)
CURVE()
GEOMETRIC_REPRESENTATION_ITEM()
RATIONAL_B_SPLINE_CURVE((1.,2.33333333333333,1.))
REPRESENTATION_ITEM('')
);
#53=(
BOUNDED_CURVE()
B_SPLINE_CURVE(2,(#5479,#5480,#5481),.UNSPECIFIED.,.F.,.F.)
B_SPLINE_CURVE_WITH_KNOTS((3,3),(0.,9.49447207589764),.UNSPECIFIED.)
CURVE()
GEOMETRIC_REPRESENTATION_ITEM()
RATIONAL_B_SPLINE_CURVE((1.,2.33333333333333,1.))
REPRESENTATION_ITEM('')
);
#54=(
BOUNDED_CURVE()
B_SPLINE_CURVE(2,(#5490,#5491,#5492),.UNSPECIFIED.,.F.,.F.)
B_SPLINE_CURVE_WITH_KNOTS((3,3),(1.16421386760418,9.49447207589764),
 .UNSPECIFIED.)
CURVE()
GEOMETRIC_REPRESENTATION_ITEM()
RATIONAL_B_SPLINE_CURVE((1.28689192232718,2.16983976103181,1.))
REPRESENTATION_ITEM('')
);
#55=(
BOUNDED_CURVE()
B_SPLINE_CURVE(2,(#5501,#5502,#5503),.UNSPECIFIED.,.F.,.F.)
B_SPLINE_CURVE_WITH_KNOTS((3,3),(1.04767786896375,1.16421386760418),
 .UNSPECIFIED.)
CURVE()
GEOMETRIC_REPRESENTATION_ITEM()
RATIONAL_B_SPLINE_CURVE((1.26178621418961,1.27453993928439,1.28689192232718))
REPRESENTATION_ITEM('')
);
#56=(
BOUNDED_CURVE()
B_SPLINE_CURVE(2,(#5808,#5809,#5810),.UNSPECIFIED.,.F.,.F.)
B_SPLINE_CURVE_WITH_KNOTS((3,3),(-0.381400711865729,-0.216147603498095),
 .UNSPECIFIED.)
CURVE()
GEOMETRIC_REPRESENTATION_ITEM()
RATIONAL_B_SPLINE_CURVE((1.,1.,1.))
REPRESENTATION_ITEM('')
);
#57=(
BOUNDED_CURVE()
B_SPLINE_CURVE(2,(#5896,#5897,#5898),.UNSPECIFIED.,.F.,.F.)
B_SPLINE_CURVE_WITH_KNOTS((3,3),(0.203272586624187,0.36852569499182),
 .UNSPECIFIED.)
CURVE()
GEOMETRIC_REPRESENTATION_ITEM()
RATIONAL_B_SPLINE_CURVE((1.,1.,1.))
REPRESENTATION_ITEM('')
);
#58=(
BOUNDED_CURVE()
B_SPLINE_CURVE(2,(#6152,#6153,#6154),.UNSPECIFIED.,.F.,.F.)
B_SPLINE_CURVE_WITH_KNOTS((3,3),(8.44679420693958,9.49447207589764),
 .UNSPECIFIED.)
CURVE()
GEOMETRIC_REPRESENTATION_ITEM()
RATIONAL_B_SPLINE_CURVE((1.26178621418836,1.14712811982707,1.))
REPRESENTATION_ITEM('')
);
#59=(
BOUNDED_CURVE()
B_SPLINE_CURVE(2,(#6155,#6156,#6157),.UNSPECIFIED.,.F.,.F.)
B_SPLINE_CURVE_WITH_KNOTS((3,3),(0.,1.04767786895806),.UNSPECIFIED.)
CURVE()
GEOMETRIC_REPRESENTATION_ITEM()
RATIONAL_B_SPLINE_CURVE((1.,1.14712811982707,1.26178621418836))
REPRESENTATION_ITEM('')
);
#60=(
BOUNDED_CURVE()
B_SPLINE_CURVE(2,(#6318,#6319,#6320),.UNSPECIFIED.,.F.,.F.)
B_SPLINE_CURVE_WITH_KNOTS((3,3),(0.,8.33025820826169),.UNSPECIFIED.)
CURVE()
GEOMETRIC_REPRESENTATION_ITEM()
RATIONAL_B_SPLINE_CURVE((1.,2.16983976102735,1.28689192233391))
REPRESENTATION_ITEM('')
);
#61=(
BOUNDED_CURVE()
B_SPLINE_CURVE(2,(#6321,#6322,#6323),.UNSPECIFIED.,.F.,.F.)
B_SPLINE_CURVE_WITH_KNOTS((3,3),(8.33025820829346,8.44679420693389),
 .UNSPECIFIED.)
CURVE()
GEOMETRIC_REPRESENTATION_ITEM()
RATIONAL_B_SPLINE_CURVE((1.28689192232718,1.27453993928439,1.26178621418961))
REPRESENTATION_ITEM('')
);
#62=B_SPLINE_SURFACE_WITH_KNOTS('',3,1,((#4849,#4850),(#4851,#4852),(#4853,
#4854),(#4855,#4856),(#4857,#4858),(#4859,#4860)),.UNSPECIFIED.,.F.,.F.,
 .F.,(4,2,4),(2,2),(-0.160375535963718,-0.0789825448874343,0.),(0.,0.549999999999997),
 .UNSPECIFIED.);
#63=B_SPLINE_SURFACE_WITH_KNOTS('',3,1,((#4879,#4880),(#4881,#4882),(#4883,
#4884),(#4885,#4886),(#4887,#4888),(#4889,#4890)),.UNSPECIFIED.,.F.,.F.,
 .F.,(4,2,4),(2,2),(-2.03370729827799,-0.854126035714047,0.),(0.,0.549999999999997),
 .UNSPECIFIED.);
#64=B_SPLINE_SURFACE_WITH_KNOTS('',3,1,((#4906,#4907),(#4908,#4909),(#4910,
#4911),(#4912,#4913),(#4914,#4915),(#4916,#4917)),.UNSPECIFIED.,.F.,.F.,
 .F.,(4,2,4),(2,2),(-2.02089827871244,-1.17215183578037,0.),(0.,0.549999999999997),
 .UNSPECIFIED.);
#65=B_SPLINE_SURFACE_WITH_KNOTS('',3,1,((#4933,#4934),(#4935,#4936),(#4937,
#4938),(#4939,#4940),(#4941,#4942),(#4943,#4944)),.UNSPECIFIED.,.F.,.F.,
 .F.,(4,2,4),(2,2),(-0.160374545543962,-0.0813924884224805,0.),(0.,0.549999999999997),
 .UNSPECIFIED.);
#66=B_SPLINE_SURFACE_WITH_KNOTS('',3,1,((#4960,#4961),(#4962,#4963),(#4964,
#4965),(#4966,#4967),(#4968,#4969),(#4970,#4971),(#4972,#4973),(#4974,#4975),
(#4976,#4977),(#4978,#4979),(#4980,#4981),(#4982,#4983)),.UNSPECIFIED.,
 .F.,.F.,.F.,(4,2,2,2,2,4),(2,2),(-9.06047301406634,-6.55991814486549,-4.78801054860587,
-3.54349552552451,-2.24503677149889,0.),(0.,0.549999999999997),
 .UNSPECIFIED.);
#67=B_SPLINE_SURFACE_WITH_KNOTS('',3,1,((#5011,#5012),(#5013,#5014),(#5015,
#5016),(#5017,#5018),(#5019,#5020),(#5021,#5022),(#5023,#5024),(#5025,#5026),
(#5027,#5028),(#5029,#5030),(#5031,#5032),(#5033,#5034)),.UNSPECIFIED.,
 .F.,.F.,.F.,(4,2,2,2,2,4),(2,2),(-17.9338123365007,-12.4106987671396,-10.0662287389779,
-7.83057682227606,-5.04908586053006,0.),(0.,0.549999999999997),
 .UNSPECIFIED.);
#68=B_SPLINE_SURFACE_WITH_KNOTS('',3,1,((#5062,#5063),(#5064,#5065),(#5066,
#5067),(#5068,#5069),(#5070,#5071),(#5072,#5073),(#5074,#5075),(#5076,#5077),
(#5078,#5079),(#5080,#5081),(#5082,#5083),(#5084,#5085)),.UNSPECIFIED.,
 .F.,.F.,.F.,(4,2,2,2,2,4),(2,2),(-17.9338123365153,-12.4106987671439,-10.0662287389796,
-7.83057682227669,-5.04908586053008,0.),(0.,0.549999999999997),
 .UNSPECIFIED.);
#69=B_SPLINE_SURFACE_WITH_KNOTS('',3,1,((#5113,#5114),(#5115,#5116),(#5117,
#5118),(#5119,#5120),(#5121,#5122),(#5123,#5124),(#5125,#5126),(#5127,#5128),
(#5129,#5130),(#5131,#5132),(#5133,#5134),(#5135,#5136)),.UNSPECIFIED.,
 .F.,.F.,.F.,(4,2,2,2,2,4),(2,2),(-15.7619917614073,-12.8411489928175,-10.4409646484821,
-8.1677594254834,-5.52941383680642,0.),(0.,0.549999999999997),
 .UNSPECIFIED.);
#70=B_SPLINE_SURFACE_WITH_KNOTS('',3,1,((#5982,#5983),(#5984,#5985),(#5986,
#5987),(#5988,#5989)),.UNSPECIFIED.,.F.,.F.,.F.,(4,4),(2,2),(8.32011016328019,
8.43869157397722),(0.,2.412),.UNSPECIFIED.);
#71=B_SPLINE_SURFACE_WITH_KNOTS('',3,1,((#6015,#6016),(#6017,#6018),(#6019,
#6020),(#6021,#6022)),.UNSPECIFIED.,.F.,.F.,.F.,(4,4),(2,2),(-8.42519888040625,
-8.30350233976377),(0.,2.412),.UNSPECIFIED.);
#72=B_SPLINE_SURFACE_WITH_KNOTS('',3,1,((#6034,#6035),(#6036,#6037),(#6038,
#6039),(#6040,#6041),(#6042,#6043),(#6044,#6045),(#6046,#6047)),
 .UNSPECIFIED.,.F.,.F.,.F.,(4,3,4),(2,2),(-9.49447207589764,-8.94343961160215,
-8.42519888040737),(0.,2.412),.UNSPECIFIED.);
#73=B_SPLINE_SURFACE_WITH_KNOTS('',3,1,((#6063,#6064),(#6065,#6066),(#6067,
#6068),(#6069,#6070),(#6071,#6072),(#6073,#6074),(#6075,#6076)),
 .UNSPECIFIED.,.F.,.F.,.F.,(4,3,4),(2,2),(-1.06882091311935,-0.647077243791118,
0.),(0.,2.412),.UNSPECIFIED.);
#74=B_SPLINE_SURFACE_WITH_KNOTS('',3,1,((#6092,#6093),(#6094,#6095),(#6096,
#6097),(#6098,#6099)),.UNSPECIFIED.,.F.,.F.,.F.,(4,4),(2,2),(-1.19040157831123,
-1.0688209131201),(0.,2.412),.UNSPECIFIED.);
#75=B_SPLINE_SURFACE_WITH_KNOTS('',3,1,((#6121,#6122),(#6123,#6124),(#6125,
#6126),(#6127,#6128)),.UNSPECIFIED.,.F.,.F.,.F.,(4,4),(2,2),(1.05539023883336,
1.17383991254775),(0.,2.412),.UNSPECIFIED.);
#76=B_SPLINE_SURFACE_WITH_KNOTS('',3,1,((#6185,#6186),(#6187,#6188),(#6189,
#6190),(#6191,#6192),(#6193,#6194),(#6195,#6196)),.UNSPECIFIED.,.F.,.F.,
 .F.,(4,2,4),(2,2),(-2.20953810524637,-0.898848086191944,0.),(0.,0.192000000000002),
 .UNSPECIFIED.);
#77=B_SPLINE_SURFACE_WITH_KNOTS('',3,1,((#6198,#6199),(#6200,#6201),(#6202,
#6203),(#6204,#6205),(#6206,#6207),(#6208,#6209)),.UNSPECIFIED.,.F.,.F.,
 .F.,(4,2,4),(2,2),(-2.17001413483732,-1.28292514537323,0.),(0.,0.192000000000002),
 .UNSPECIFIED.);
#78=B_SPLINE_SURFACE_WITH_KNOTS('',3,1,((#6211,#6212),(#6213,#6214),(#6215,
#6216),(#6217,#6218),(#6219,#6220),(#6221,#6222)),.UNSPECIFIED.,.F.,.F.,
 .F.,(4,2,4),(2,2),(-2.22648081959376,-0.901598731659714,0.),(0.,0.192000000000002),
 .UNSPECIFIED.);
#79=B_SPLINE_SURFACE_WITH_KNOTS('',3,1,((#6223,#6224),(#6225,#6226),(#6227,
#6228),(#6229,#6230),(#6231,#6232),(#6233,#6234)),.UNSPECIFIED.,.F.,.F.,
 .F.,(4,2,4),(2,2),(-2.13349464770202,-1.27464160601941,0.),(0.,0.192000000000002),
 .UNSPECIFIED.);
#80=(
BOUNDED_SURFACE()
B_SPLINE_SURFACE(2,2,((#4731,#4732,#4733,#4734,#4735,#4736,#4737,#4738,
#4739),(#4740,#4741,#4742,#4743,#4744,#4745,#4746,#4747,#4748),(#4749,#4750,
#4751,#4752,#4753,#4754,#4755,#4756,#4757)),.UNSPECIFIED.,.F.,.F.,.F.)
B_SPLINE_SURFACE_WITH_KNOTS((3,3),(3,2,2,2,3),(-0.785398163399061,2.52497475581099E-13),
(-3.10856223549199,-1.554281117746,0.,1.55428111774599,3.10856223549199),
 .UNSPECIFIED.)
GEOMETRIC_REPRESENTATION_ITEM()
RATIONAL_B_SPLINE_SURFACE(((1.,0.712921615010865,1.,0.712921615010865,1.,
0.712921615010865,1.,0.712921615010865,1.),(0.92387953251102,0.658653688393239,
0.92387953251102,0.658653688393239,0.92387953251102,0.658653688393239,0.92387953251102,
0.658653688393239,0.92387953251102),(1.,0.712921615010865,1.,0.712921615010865,
1.,0.712921615010865,1.,0.712921615010865,1.)))
REPRESENTATION_ITEM('')
SURFACE()
);
#81=(
BOUNDED_SURFACE()
B_SPLINE_SURFACE(2,1,((#5161,#5162),(#5163,#5164),(#5165,#5166)),
 .UNSPECIFIED.,.F.,.F.,.F.)
B_SPLINE_SURFACE_WITH_KNOTS((3,3),(2,2),(-9.49447207589764,0.),(0.,1.2),
 .UNSPECIFIED.)
GEOMETRIC_REPRESENTATION_ITEM()
RATIONAL_B_SPLINE_SURFACE(((1.,1.),(2.33333333333333,2.33333333333333),
(1.,1.)))
REPRESENTATION_ITEM('')
SURFACE()
);
#82=(
BOUNDED_SURFACE()
B_SPLINE_SURFACE(2,1,((#5174,#5175),(#5176,#5177),(#5178,#5179)),
 .UNSPECIFIED.,.F.,.F.,.F.)
B_SPLINE_SURFACE_WITH_KNOTS((3,3),(2,2),(-9.49447207589764,0.),(0.,1.2),
 .UNSPECIFIED.)
GEOMETRIC_REPRESENTATION_ITEM()
RATIONAL_B_SPLINE_SURFACE(((1.,1.),(2.33333333333333,2.33333333333333),
(1.,1.)))
REPRESENTATION_ITEM('')
SURFACE()
);
#83=(
BOUNDED_SURFACE()
B_SPLINE_SURFACE(2,1,((#5185,#5186),(#5187,#5188),(#5189,#5190)),
 .UNSPECIFIED.,.F.,.F.,.F.)
B_SPLINE_SURFACE_WITH_KNOTS((3,3),(2,2),(-9.49447207589764,-1.16421386760418),
(0.,1.2),.UNSPECIFIED.)
GEOMETRIC_REPRESENTATION_ITEM()
RATIONAL_B_SPLINE_SURFACE(((1.,1.),(2.16983976103181,2.16983976103181),
(1.28689192232718,1.28689192232718)))
REPRESENTATION_ITEM('')
SURFACE()
);
#84=(
BOUNDED_SURFACE()
B_SPLINE_SURFACE(2,1,((#5196,#5197),(#5198,#5199),(#5200,#5201)),
 .UNSPECIFIED.,.F.,.F.,.F.)
B_SPLINE_SURFACE_WITH_KNOTS((3,3),(2,2),(-1.16421386760418,-1.04767786896375),
(0.,1.2),.UNSPECIFIED.)
GEOMETRIC_REPRESENTATION_ITEM()
RATIONAL_B_SPLINE_SURFACE(((1.28689192232718,1.28689192232718),(1.27453993928439,
1.27453993928439),(1.26178621418961,1.26178621418961)))
REPRESENTATION_ITEM('')
SURFACE()
);
#85=(
BOUNDED_SURFACE()
B_SPLINE_SURFACE(2,2,((#5235,#5236,#5237,#5238,#5239,#5240,#5241,#5242,
#5243),(#5244,#5245,#5246,#5247,#5248,#5249,#5250,#5251,#5252),(#5253,#5254,
#5255,#5256,#5257,#5258,#5259,#5260,#5261)),.UNSPECIFIED.,.F.,.T.,.F.)
B_SPLINE_SURFACE_WITH_KNOTS((3,3),(3,2,2,2,3),(-0.785398163398439,4.80900757229145E-13),
(-3.14159265358979,-1.5707963267949,0.,1.5707963267949,3.14159265358979),
 .UNSPECIFIED.)
GEOMETRIC_REPRESENTATION_ITEM()
RATIONAL_B_SPLINE_SURFACE(((1.,0.707106781186548,1.,0.707106781186548,1.,
0.707106781186548,1.,0.707106781186548,1.),(0.923879532510991,0.653281482437979,
0.923879532510991,0.653281482437979,0.923879532510991,0.653281482437979,
0.923879532510991,0.653281482437979,0.923879532510991),(1.,0.707106781186548,
1.,0.707106781186548,1.,0.707106781186548,1.,0.707106781186548,1.)))
REPRESENTATION_ITEM('')
SURFACE()
);
#86=(
BOUNDED_SURFACE()
B_SPLINE_SURFACE(2,2,((#5279,#5280,#5281,#5282,#5283,#5284,#5285,#5286,
#5287),(#5288,#5289,#5290,#5291,#5292,#5293,#5294,#5295,#5296),(#5297,#5298,
#5299,#5300,#5301,#5302,#5303,#5304,#5305)),.UNSPECIFIED.,.F.,.T.,.F.)
B_SPLINE_SURFACE_WITH_KNOTS((3,3),(3,2,2,2,3),(-0.785398163398341,2.56003459729974E-13),
(-3.14159265358979,-1.5707963267949,0.,1.5707963267949,3.14159265358979),
 .UNSPECIFIED.)
GEOMETRIC_REPRESENTATION_ITEM()
RATIONAL_B_SPLINE_SURFACE(((1.,0.707106781186548,1.,0.707106781186548,1.,
0.707106781186548,1.,0.707106781186548,1.),(0.923879532511176,0.65328148243811,
0.923879532511176,0.65328148243811,0.923879532511176,0.65328148243811,0.923879532511176,
0.65328148243811,0.923879532511176),(1.,0.707106781186548,1.,0.707106781186548,
1.,0.707106781186548,1.,0.707106781186548,1.)))
REPRESENTATION_ITEM('')
SURFACE()
);
#87=(
BOUNDED_SURFACE()
B_SPLINE_SURFACE(2,2,((#5323,#5324,#5325,#5326,#5327,#5328,#5329,#5330,
#5331),(#5332,#5333,#5334,#5335,#5336,#5337,#5338,#5339,#5340),(#5341,#5342,
#5343,#5344,#5345,#5346,#5347,#5348,#5349)),.UNSPECIFIED.,.F.,.T.,.F.)
B_SPLINE_SURFACE_WITH_KNOTS((3,3),(3,2,2,2,3),(-0.785398163398377,2.66881662773935E-13),
(-3.14159265358979,-1.5707963267949,0.,1.5707963267949,3.14159265358979),
 .UNSPECIFIED.)
GEOMETRIC_REPRESENTATION_ITEM()
RATIONAL_B_SPLINE_SURFACE(((1.,0.707106781186548,1.,0.707106781186548,1.,
0.707106781186548,1.,0.707106781186548,1.),(0.923879532511082,0.653281482438044,
0.923879532511082,0.653281482438044,0.923879532511082,0.653281482438044,
0.923879532511082,0.653281482438044,0.923879532511082),(1.,0.707106781186548,
1.,0.707106781186548,1.,0.707106781186548,1.,0.707106781186548,1.)))
REPRESENTATION_ITEM('')
SURFACE()
);
#88=(
BOUNDED_SURFACE()
B_SPLINE_SURFACE(2,1,((#5371,#5372),(#5373,#5374),(#5375,#5376)),
 .UNSPECIFIED.,.F.,.F.,.F.)
B_SPLINE_SURFACE_WITH_KNOTS((3,3),(2,2),(-1.04767786895806,0.),(0.,3.372),
 .UNSPECIFIED.)
GEOMETRIC_REPRESENTATION_ITEM()
RATIONAL_B_SPLINE_SURFACE(((1.26178621418836,1.26178621418836),(1.14712811982707,
1.14712811982707),(1.,1.)))
REPRESENTATION_ITEM('')
SURFACE()
);
#89=(
BOUNDED_SURFACE()
B_SPLINE_SURFACE(2,1,((#5382,#5383),(#5384,#5385),(#5386,#5387)),
 .UNSPECIFIED.,.F.,.F.,.F.)
B_SPLINE_SURFACE_WITH_KNOTS((3,3),(2,2),(-9.49447207589764,-8.44679420693958),
(0.,3.372),.UNSPECIFIED.)
GEOMETRIC_REPRESENTATION_ITEM()
RATIONAL_B_SPLINE_SURFACE(((1.,1.),(1.14712811982707,1.14712811982707),
(1.26178621418836,1.26178621418836)))
REPRESENTATION_ITEM('')
SURFACE()
);
#90=(
BOUNDED_SURFACE()
B_SPLINE_SURFACE(2,1,((#5446,#5447),(#5448,#5449),(#5450,#5451)),
 .UNSPECIFIED.,.F.,.F.,.F.)
B_SPLINE_SURFACE_WITH_KNOTS((3,3),(2,2),(-8.33025820826169,0.),(0.,1.2),
 .UNSPECIFIED.)
GEOMETRIC_REPRESENTATION_ITEM()
RATIONAL_B_SPLINE_SURFACE(((1.28689192233391,1.28689192233391),(2.16983976102735,
2.16983976102735),(1.,1.)))
REPRESENTATION_ITEM('')
SURFACE()
);
#91=(
BOUNDED_SURFACE()
B_SPLINE_SURFACE(2,1,((#5453,#5454),(#5455,#5456),(#5457,#5458)),
 .UNSPECIFIED.,.F.,.F.,.F.)
B_SPLINE_SURFACE_WITH_KNOTS((3,3),(2,2),(-8.44679420693389,-8.33025820829346),
(0.,1.2),.UNSPECIFIED.)
GEOMETRIC_REPRESENTATION_ITEM()
RATIONAL_B_SPLINE_SURFACE(((1.26178621418961,1.26178621418961),(1.27453993928439,
1.27453993928439),(1.28689192232718,1.28689192232718)))
REPRESENTATION_ITEM('')
SURFACE()
);
#92=(
BOUNDED_SURFACE()
B_SPLINE_SURFACE(2,1,((#5459,#5460),(#5461,#5462),(#5463,#5464)),
 .UNSPECIFIED.,.F.,.F.,.F.)
B_SPLINE_SURFACE_WITH_KNOTS((3,3),(2,2),(-9.49447207589764,0.),(0.,1.2),
 .UNSPECIFIED.)
GEOMETRIC_REPRESENTATION_ITEM()
RATIONAL_B_SPLINE_SURFACE(((1.,1.),(2.33333333333333,2.33333333333333),
(1.,1.)))
REPRESENTATION_ITEM('')
SURFACE()
);
#93=(
BOUNDED_SURFACE()
B_SPLINE_SURFACE(2,1,((#5472,#5473),(#5474,#5475),(#5476,#5477)),
 .UNSPECIFIED.,.F.,.F.,.F.)
B_SPLINE_SURFACE_WITH_KNOTS((3,3),(2,2),(-9.49447207589764,0.),(0.,1.2),
 .UNSPECIFIED.)
GEOMETRIC_REPRESENTATION_ITEM()
RATIONAL_B_SPLINE_SURFACE(((1.,1.),(2.33333333333333,2.33333333333333),
(1.,1.)))
REPRESENTATION_ITEM('')
SURFACE()
);
#94=(
BOUNDED_SURFACE()
B_SPLINE_SURFACE(2,1,((#5483,#5484),(#5485,#5486),(#5487,#5488)),
 .UNSPECIFIED.,.F.,.F.,.F.)
B_SPLINE_SURFACE_WITH_KNOTS((3,3),(2,2),(-9.49447207589764,-1.16421386760418),
(0.,1.2),.UNSPECIFIED.)
GEOMETRIC_REPRESENTATION_ITEM()
RATIONAL_B_SPLINE_SURFACE(((1.,1.),(2.16983976103181,2.16983976103181),
(1.28689192232718,1.28689192232718)))
REPRESENTATION_ITEM('')
SURFACE()
);
#95=(
BOUNDED_SURFACE()
B_SPLINE_SURFACE(2,1,((#5494,#5495),(#5496,#5497),(#5498,#5499)),
 .UNSPECIFIED.,.F.,.F.,.F.)
B_SPLINE_SURFACE_WITH_KNOTS((3,3),(2,2),(-1.16421386760418,-1.04767786896375),
(0.,1.2),.UNSPECIFIED.)
GEOMETRIC_REPRESENTATION_ITEM()
RATIONAL_B_SPLINE_SURFACE(((1.28689192232718,1.28689192232718),(1.27453993928439,
1.27453993928439),(1.26178621418961,1.26178621418961)))
REPRESENTATION_ITEM('')
SURFACE()
);
#96=(
BOUNDED_SURFACE()
B_SPLINE_SURFACE(2,1,((#6354,#6355),(#6356,#6357),(#6358,#6359)),
 .UNSPECIFIED.,.F.,.F.,.F.)
B_SPLINE_SURFACE_WITH_KNOTS((3,3),(2,2),(-1.04767786895806,0.),(0.,3.372),
 .UNSPECIFIED.)
GEOMETRIC_REPRESENTATION_ITEM()
RATIONAL_B_SPLINE_SURFACE(((1.26178621418836,1.26178621418836),(1.14712811982707,
1.14712811982707),(1.,1.)))
REPRESENTATION_ITEM('')
SURFACE()
);
#97=(
BOUNDED_SURFACE()
B_SPLINE_SURFACE(2,1,((#6361,#6362),(#6363,#6364),(#6365,#6366)),
 .UNSPECIFIED.,.F.,.F.,.F.)
B_SPLINE_SURFACE_WITH_KNOTS((3,3),(2,2),(-9.49447207589764,-8.44679420693958),
(0.,3.372),.UNSPECIFIED.)
GEOMETRIC_REPRESENTATION_ITEM()
RATIONAL_B_SPLINE_SURFACE(((1.,1.),(1.14712811982707,1.14712811982707),
(1.26178621418836,1.26178621418836)))
REPRESENTATION_ITEM('')
SURFACE()
);
#98=(
BOUNDED_SURFACE()
B_SPLINE_SURFACE(2,1,((#6368,#6369),(#6370,#6371),(#6372,#6373)),
 .UNSPECIFIED.,.F.,.F.,.F.)
B_SPLINE_SURFACE_WITH_KNOTS((3,3),(2,2),(-8.44679420693389,-8.33025820829346),
(0.,1.2),.UNSPECIFIED.)
GEOMETRIC_REPRESENTATION_ITEM()
RATIONAL_B_SPLINE_SURFACE(((1.26178621418961,1.26178621418961),(1.27453993928439,
1.27453993928439),(1.28689192232718,1.28689192232718)))
REPRESENTATION_ITEM('')
SURFACE()
);
#99=(
BOUNDED_SURFACE()
B_SPLINE_SURFACE(2,1,((#6375,#6376),(#6377,#6378),(#6379,#6380)),
 .UNSPECIFIED.,.F.,.F.,.F.)
B_SPLINE_SURFACE_WITH_KNOTS((3,3),(2,2),(-8.33025820826169,0.),(0.,1.2),
 .UNSPECIFIED.)
GEOMETRIC_REPRESENTATION_ITEM()
RATIONAL_B_SPLINE_SURFACE(((1.28689192233391,1.28689192233391),(2.16983976102735,
2.16983976102735),(1.,1.)))
REPRESENTATION_ITEM('')
SURFACE()
);
#100=CONICAL_SURFACE('',#3449,1.1,0.785398163397448);
#101=CONICAL_SURFACE('',#3469,3.09000001490116,0.785398163397447);
#102=CONICAL_SURFACE('',#3473,3.09000001490116,0.785398163397447);
#103=CONICAL_SURFACE('',#3477,3.09000001490116,0.785398163397447);
#104=CONICAL_SURFACE('',#3481,3.09000001490116,0.785398163397447);
#105=CONICAL_SURFACE('',#3490,1.1,0.785398163397448);
#106=CONICAL_SURFACE('',#3499,1.1,0.785398163397451);
#107=CONICAL_SURFACE('',#3508,1.1,0.785398163397451);
#108=CONICAL_SURFACE('',#3633,50.,0.785398163397448);
#109=CONICAL_SURFACE('',#3640,50.,0.785398163397448);
#110=CONICAL_SURFACE('',#3649,51.6,0.785398163397448);
#111=CONICAL_SURFACE('',#3655,50.,0.785398163397448);
#112=CONICAL_SURFACE('',#3661,50.,0.785398163397448);
#113=CONICAL_SURFACE('',#3664,50.,0.785398163397448);
#114=CONICAL_SURFACE('',#3674,51.6,0.785398163397448);
#115=PLANE('',#3445);
#116=PLANE('',#3453);
#117=PLANE('',#3454);
#118=PLANE('',#3455);
#119=PLANE('',#3456);
#120=PLANE('',#3457);
#121=PLANE('',#3458);
#122=PLANE('',#3459);
#123=PLANE('',#3460);
#124=PLANE('',#3461);
#125=PLANE('',#3462);
#126=PLANE('',#3463);
#127=PLANE('',#3464);
#128=PLANE('',#3465);
#129=PLANE('',#3466);
#130=PLANE('',#3467);
#131=PLANE('',#3468);
#132=PLANE('',#3472);
#133=PLANE('',#3476);
#134=PLANE('',#3480);
#135=PLANE('',#3484);
#136=PLANE('',#3512);
#137=PLANE('',#3513);
#138=PLANE('',#3514);
#139=PLANE('',#3515);
#140=PLANE('',#3516);
#141=PLANE('',#3533);
#142=PLANE('',#3535);
#143=PLANE('',#3537);
#144=PLANE('',#3539);
#145=PLANE('',#3558);
#146=PLANE('',#3565);
#147=PLANE('',#3568);
#148=PLANE('',#3571);
#149=PLANE('',#3574);
#150=PLANE('',#3577);
#151=PLANE('',#3579);
#152=PLANE('',#3581);
#153=PLANE('',#3583);
#154=PLANE('',#3585);
#155=PLANE('',#3587);
#156=PLANE('',#3588);
#157=PLANE('',#3589);
#158=PLANE('',#3591);
#159=PLANE('',#3593);
#160=PLANE('',#3594);
#161=PLANE('',#3595);
#162=PLANE('',#3597);
#163=PLANE('',#3599);
#164=PLANE('',#3601);
#165=PLANE('',#3602);
#166=PLANE('',#3603);
#167=PLANE('',#3605);
#168=PLANE('',#3607);
#169=PLANE('',#3608);
#170=PLANE('',#3609);
#171=PLANE('',#3610);
#172=PLANE('',#3611);
#173=PLANE('',#3612);
#174=PLANE('',#3613);
#175=PLANE('',#3614);
#176=PLANE('',#3615);
#177=PLANE('',#3616);
#178=PLANE('',#3617);
#179=PLANE('',#3618);
#180=PLANE('',#3619);
#181=PLANE('',#3620);
#182=PLANE('',#3621);
#183=PLANE('',#3622);
#184=PLANE('',#3623);
#185=PLANE('',#3624);
#186=PLANE('',#3625);
#187=PLANE('',#3626);
#188=PLANE('',#3627);
#189=PLANE('',#3628);
#190=PLANE('',#3629);
#191=PLANE('',#3630);
#192=PLANE('',#3631);
#193=PLANE('',#3632);
#194=PLANE('',#3637);
#195=PLANE('',#3639);
#196=PLANE('',#3643);
#197=PLANE('',#3646);
#198=PLANE('',#3651);
#199=PLANE('',#3658);
#200=PLANE('',#3660);
#201=PLANE('',#3667);
#202=PLANE('',#3671);
#203=PLANE('',#3676);
#204=PLANE('',#3677);
#205=PLANE('',#3678);
#206=PLANE('',#3679);
#207=PLANE('',#3680);
#208=PLANE('',#3681);
#209=PLANE('',#3682);
#210=PLANE('',#3683);
#211=PLANE('',#3685);
#212=PLANE('',#3686);
#213=PLANE('',#3687);
#214=PLANE('',#3689);
#215=PLANE('',#3691);
#216=PLANE('',#3693);
#217=PLANE('',#3696);
#218=PLANE('',#3698);
#219=PLANE('',#3705);
#220=PLANE('',#3706);
#221=PLANE('',#3707);
#222=PLANE('',#3708);
#223=PLANE('',#3709);
#224=PLANE('',#3716);
#225=PLANE('',#3726);
#226=B_SPLINE_CURVE_WITH_KNOTS('',3,(#4660,#4661,#4662,#4663,#4664,#4665,
#4666,#4667,#4668,#4669,#4670,#4671,#4672,#4673),.UNSPECIFIED.,.F.,.F.,
(4,2,2,2,2,2,4),(-0.127655781488393,-0.122282824145253,-0.114301668597353,
-0.0777204605442514,-0.0471718943819718,-0.0220888330255156,0.),
 .UNSPECIFIED.);
#227=B_SPLINE_CURVE_WITH_KNOTS('',3,(#4675,#4676,#4677,#4678,#4679,#4680),
 .UNSPECIFIED.,.F.,.F.,(4,2,4),(1.48427654843018,1.48859215353812,1.49290775864606),
 .UNSPECIFIED.);
#228=B_SPLINE_CURVE_WITH_KNOTS('',3,(#4681,#4682,#4683,#4684,#4685,#4686,
#4687,#4688,#4689,#4690,#4691,#4692,#4693,#4694,#4695,#4696),
 .UNSPECIFIED.,.F.,.F.,(4,2,2,2,2,2,2,4),(-0.128685585940205,-0.112202246215849,
-0.0947097438625264,-0.066010377881588,-0.032986085360747,-0.0128920730031974,
-0.00595948306690096,0.),.UNSPECIFIED.);
#229=B_SPLINE_CURVE_WITH_KNOTS('',3,(#4863,#4864,#4865,#4866,#4867,#4868),
 .UNSPECIFIED.,.F.,.F.,(4,2,4),(-0.160375535963718,-0.0789825448874343,
0.),.UNSPECIFIED.);
#230=B_SPLINE_CURVE_WITH_KNOTS('',3,(#4872,#4873,#4874,#4875,#4876,#4877),
 .UNSPECIFIED.,.F.,.F.,(4,2,4),(-0.160375535963718,-0.0789825448874343,
0.),.UNSPECIFIED.);
#231=B_SPLINE_CURVE_WITH_KNOTS('',3,(#4892,#4893,#4894,#4895,#4896,#4897),
 .UNSPECIFIED.,.F.,.F.,(4,2,4),(-2.03370729827799,-0.854126035714047,0.),
 .UNSPECIFIED.);
#232=B_SPLINE_CURVE_WITH_KNOTS('',3,(#4900,#4901,#4902,#4903,#4904,#4905),
 .UNSPECIFIED.,.F.,.F.,(4,2,4),(-2.03370729827799,-0.854126035714047,0.),
 .UNSPECIFIED.);
#233=B_SPLINE_CURVE_WITH_KNOTS('',3,(#4919,#4920,#4921,#4922,#4923,#4924),
 .UNSPECIFIED.,.F.,.F.,(4,2,4),(-2.02089827871244,-1.17215183578037,0.),
 .UNSPECIFIED.);
#234=B_SPLINE_CURVE_WITH_KNOTS('',3,(#4927,#4928,#4929,#4930,#4931,#4932),
 .UNSPECIFIED.,.F.,.F.,(4,2,4),(-2.02089827871244,-1.17215183578037,0.),
 .UNSPECIFIED.);
#235=B_SPLINE_CURVE_WITH_KNOTS('',3,(#4946,#4947,#4948,#4949,#4950,#4951),
 .UNSPECIFIED.,.F.,.F.,(4,2,4),(-0.160374545543962,-0.0813924884224805,
0.),.UNSPECIFIED.);
#236=B_SPLINE_CURVE_WITH_KNOTS('',3,(#4954,#4955,#4956,#4957,#4958,#4959),
 .UNSPECIFIED.,.F.,.F.,(4,2,4),(-0.160374545543962,-0.0813924884224805,
0.),.UNSPECIFIED.);
#237=B_SPLINE_CURVE_WITH_KNOTS('',3,(#4985,#4986,#4987,#4988,#4989,#4990,
#4991,#4992,#4993,#4994,#4995,#4996),.UNSPECIFIED.,.F.,.F.,(4,2,2,2,2,4),
(-9.06047301406634,-6.55991814486549,-4.78801054860587,-3.54349552552451,
-2.24503677149889,0.),.UNSPECIFIED.);
#238=B_SPLINE_CURVE_WITH_KNOTS('',3,(#4999,#5000,#5001,#5002,#5003,#5004,
#5005,#5006,#5007,#5008,#5009,#5010),.UNSPECIFIED.,.F.,.F.,(4,2,2,2,2,4),
(-9.06047301406634,-6.55991814486549,-4.78801054860587,-3.54349552552451,
-2.24503677149889,0.),.UNSPECIFIED.);
#239=B_SPLINE_CURVE_WITH_KNOTS('',3,(#5036,#5037,#5038,#5039,#5040,#5041,
#5042,#5043,#5044,#5045,#5046,#5047),.UNSPECIFIED.,.F.,.F.,(4,2,2,2,2,4),
(-17.9338123365007,-12.4106987671396,-10.0662287389779,-7.83057682227606,
-5.04908586053006,0.),.UNSPECIFIED.);
#240=B_SPLINE_CURVE_WITH_KNOTS('',3,(#5050,#5051,#5052,#5053,#5054,#5055,
#5056,#5057,#5058,#5059,#5060,#5061),.UNSPECIFIED.,.F.,.F.,(4,2,2,2,2,4),
(-17.9338123365007,-12.4106987671396,-10.0662287389779,-7.83057682227606,
-5.04908586053006,0.),.UNSPECIFIED.);
#241=B_SPLINE_CURVE_WITH_KNOTS('',3,(#5087,#5088,#5089,#5090,#5091,#5092,
#5093,#5094,#5095,#5096,#5097,#5098),.UNSPECIFIED.,.F.,.F.,(4,2,2,2,2,4),
(-17.9338123365153,-12.4106987671439,-10.0662287389796,-7.83057682227669,
-5.04908586053008,0.),.UNSPECIFIED.);
#242=B_SPLINE_CURVE_WITH_KNOTS('',3,(#5101,#5102,#5103,#5104,#5105,#5106,
#5107,#5108,#5109,#5110,#5111,#5112),.UNSPECIFIED.,.F.,.F.,(4,2,2,2,2,4),
(-17.9338123365153,-12.4106987671439,-10.0662287389796,-7.83057682227669,
-5.04908586053008,0.),.UNSPECIFIED.);
#243=B_SPLINE_CURVE_WITH_KNOTS('',3,(#5137,#5138,#5139,#5140,#5141,#5142,
#5143,#5144,#5145,#5146,#5147,#5148),.UNSPECIFIED.,.F.,.F.,(4,2,2,2,2,4),
(-15.7619917614073,-12.8411489928175,-10.4409646484821,-8.1677594254834,
-5.52941383680642,0.),.UNSPECIFIED.);
#244=B_SPLINE_CURVE_WITH_KNOTS('',3,(#5149,#5150,#5151,#5152,#5153,#5154,
#5155,#5156,#5157,#5158,#5159,#5160),.UNSPECIFIED.,.F.,.F.,(4,2,2,2,2,4),
(-15.7619917614073,-12.8411489928175,-10.4409646484821,-8.1677594254834,
-5.52941383680642,0.),.UNSPECIFIED.);
#245=B_SPLINE_CURVE_WITH_KNOTS('',3,(#5792,#5793,#5794,#5795,#5796,#5797),
 .UNSPECIFIED.,.F.,.F.,(4,2,4),(0.804769131715641,0.901664485870226,0.947363736576151),
 .UNSPECIFIED.);
#246=B_SPLINE_CURVE_WITH_KNOTS('',2,(#5819,#5820,#5821),.UNSPECIFIED.,.F.,
 .F.,(3,3),(0.0225662275858811,0.255580515193834),.UNSPECIFIED.);
#247=B_SPLINE_CURVE_WITH_KNOTS('',3,(#5825,#5826,#5827,#5828,#5829,#5830),
 .UNSPECIFIED.,.F.,.F.,(4,2,4),(0.295372527063787,0.341071777769707,0.437967131924297),
 .UNSPECIFIED.);
#248=B_SPLINE_CURVE_WITH_KNOTS('',3,(#5843,#5844,#5845,#5846,#5847,#5848,
#5849,#5850,#5851,#5852,#5853,#5854,#5855,#5856),.UNSPECIFIED.,.F.,.F.,
(4,2,2,2,2,2,4),(-1.94182887905862,-1.90289480839724,-1.83282071988468,
-1.76274663137211,-1.69267254285955,-1.62259845434698,-1.59041237981705),
 .UNSPECIFIED.);
#249=B_SPLINE_CURVE_WITH_KNOTS('',3,(#5857,#5858,#5859,#5860),
 .UNSPECIFIED.,.F.,.F.,(4,4),(-1.59041237981705,-1.58366295359777),
 .UNSPECIFIED.);
#250=B_SPLINE_CURVE_WITH_KNOTS('',3,(#5873,#5874,#5875,#5876,#5877,#5878),
 .UNSPECIFIED.,.F.,.F.,(4,2,4),(0.804769131715641,0.901664485870226,0.947363736576143),
 .UNSPECIFIED.);
#251=B_SPLINE_CURVE_WITH_KNOTS('',2,(#5887,#5888,#5889),.UNSPECIFIED.,.F.,
 .F.,(3,3),(0.0225662275858878,0.255580515193841),.UNSPECIFIED.);
#252=B_SPLINE_CURVE_WITH_KNOTS('',3,(#5902,#5903,#5904,#5905,#5906,#5907),
 .UNSPECIFIED.,.F.,.F.,(4,2,4),(0.295372527063785,0.341071777769707,0.437967131924297),
 .UNSPECIFIED.);
#253=B_SPLINE_CURVE_WITH_KNOTS('',3,(#5911,#5912,#5913,#5914,#5915,#5916),
 .UNSPECIFIED.,.F.,.F.,(4,2,4),(0.804769131715641,0.901664485870226,0.94736373657615),
 .UNSPECIFIED.);
#254=B_SPLINE_CURVE_WITH_KNOTS('',3,(#5921,#5922,#5923,#5924,#5925,#5926),
 .UNSPECIFIED.,.F.,.F.,(4,2,4),(0.295372527063787,0.341071777769707,0.437967131924297),
 .UNSPECIFIED.);
#255=B_SPLINE_CURVE_WITH_KNOTS('',3,(#5940,#5941,#5942,#5943,#5944,#5945,
#5946,#5947,#5948,#5949,#5950,#5951,#5952,#5953),.UNSPECIFIED.,.F.,.F.,
(4,2,2,2,2,2,4),(-1.94182887905862,-1.90289480839724,-1.83282071988468,
-1.76274663137211,-1.69267254285955,-1.62259845434698,-1.5836643836856),
 .UNSPECIFIED.);
#256=B_SPLINE_CURVE_WITH_KNOTS('',3,(#5955,#5956,#5957,#5958,#5959,#5960,
#5961,#5962,#5963,#5964,#5965,#5966,#5967,#5968),.UNSPECIFIED.,.F.,.F.,
(4,2,2,2,2,2,4),(-1.94182887905863,-1.90289480839724,-1.83282071988468,
-1.76274663137211,-1.69267254285955,-1.62259845434699,-1.5836643836856),
 .UNSPECIFIED.);
#257=B_SPLINE_CURVE_WITH_KNOTS('',3,(#5991,#5992,#5993,#5994),
 .UNSPECIFIED.,.F.,.F.,(4,4),(0.,0.160398659822342),.UNSPECIFIED.);
#258=B_SPLINE_CURVE_WITH_KNOTS('',3,(#5997,#5998,#5999,#6000),
 .UNSPECIFIED.,.F.,.F.,(4,4),(8.32011016328019,8.43869143042381),
 .UNSPECIFIED.);
#259=B_SPLINE_CURVE_WITH_KNOTS('',3,(#6024,#6025,#6026,#6027),
 .UNSPECIFIED.,.F.,.F.,(4,4),(0.,0.16042020631877),.UNSPECIFIED.);
#260=B_SPLINE_CURVE_WITH_KNOTS('',3,(#6029,#6030,#6031,#6032),
 .UNSPECIFIED.,.F.,.F.,(4,4),(-8.42519888040625,-8.30350233976377),
 .UNSPECIFIED.);
#261=B_SPLINE_CURVE_WITH_KNOTS('',3,(#6049,#6050,#6051,#6052,#6053,#6054),
 .UNSPECIFIED.,.F.,.F.,(4,2,4),(0.,0.995551178065301,2.05409595457655),
 .UNSPECIFIED.);
#262=B_SPLINE_CURVE_WITH_KNOTS('',3,(#6056,#6057,#6058,#6059,#6060,#6061),
 .UNSPECIFIED.,.F.,.F.,(4,2,4),(-9.49447207589764,-8.94343961160215,-8.42519888040737),
 .UNSPECIFIED.);
#263=B_SPLINE_CURVE_WITH_KNOTS('',3,(#6078,#6079,#6080,#6081,#6082,#6083),
 .UNSPECIFIED.,.F.,.F.,(4,2,4),(0.,1.20417314283833,1.98901359989369),
 .UNSPECIFIED.);
#264=B_SPLINE_CURVE_WITH_KNOTS('',3,(#6085,#6086,#6087,#6088,#6089,#6090),
 .UNSPECIFIED.,.F.,.F.,(4,2,4),(-1.06882091311935,-0.647077243791118,0.),
 .UNSPECIFIED.);
#265=B_SPLINE_CURVE_WITH_KNOTS('',3,(#6101,#6102,#6103,#6104),
 .UNSPECIFIED.,.F.,.F.,(4,4),(0.,0.160401742540867),.UNSPECIFIED.);
#266=B_SPLINE_CURVE_WITH_KNOTS('',3,(#6106,#6107,#6108,#6109),
 .UNSPECIFIED.,.F.,.F.,(4,4),(-1.19040157831123,-1.0688209131201),
 .UNSPECIFIED.);
#267=B_SPLINE_CURVE_WITH_KNOTS('',3,(#6129,#6130,#6131,#6132),
 .UNSPECIFIED.,.F.,.F.,(4,4),(0.,0.16039189982616),.UNSPECIFIED.);
#268=B_SPLINE_CURVE_WITH_KNOTS('',3,(#6133,#6134,#6135,#6136),
 .UNSPECIFIED.,.F.,.F.,(4,4),(1.05539053626723,1.17383991254775),
 .UNSPECIFIED.);
#269=B_SPLINE_CURVE_WITH_KNOTS('',3,(#6139,#6140,#6141,#6142,#6143,#6144),
 .UNSPECIFIED.,.F.,.F.,(4,2,4),(0.15925446951892,0.901598731659714,2.22648081959376),
 .UNSPECIFIED.);
#270=B_SPLINE_CURVE_WITH_KNOTS('',3,(#6145,#6146,#6147,#6148,#6149,#6150),
 .UNSPECIFIED.,.F.,.F.,(4,2,4),(0.,1.28292514537323,2.01332726496777),
 .UNSPECIFIED.);
#271=B_SPLINE_CURVE_WITH_KNOTS('',3,(#6160,#6161,#6162,#6163,#6164,#6165),
 .UNSPECIFIED.,.F.,.F.,(4,2,4),(-2.20953810524637,-0.898848086191944,0.),
 .UNSPECIFIED.);
#272=B_SPLINE_CURVE_WITH_KNOTS('',3,(#6167,#6168,#6169,#6170,#6171,#6172),
 .UNSPECIFIED.,.F.,.F.,(4,2,4),(-2.17001413483732,-1.28292514537323,0.),
 .UNSPECIFIED.);
#273=B_SPLINE_CURVE_WITH_KNOTS('',3,(#6173,#6174,#6175,#6176,#6177,#6178),
 .UNSPECIFIED.,.F.,.F.,(4,2,4),(-2.22648081959376,-0.901598731659714,0.),
 .UNSPECIFIED.);
#274=B_SPLINE_CURVE_WITH_KNOTS('',3,(#6179,#6180,#6181,#6182,#6183,#6184),
 .UNSPECIFIED.,.F.,.F.,(4,2,4),(-2.13349464770202,-1.27464160601941,0.),
 .UNSPECIFIED.);
#275=FACE_OUTER_BOUND('',#467,.T.);
#276=FACE_OUTER_BOUND('',#468,.T.);
#277=FACE_OUTER_BOUND('',#469,.T.);
#278=FACE_OUTER_BOUND('',#470,.T.);
#279=FACE_OUTER_BOUND('',#471,.T.);
#280=FACE_OUTER_BOUND('',#472,.T.);
#281=FACE_OUTER_BOUND('',#473,.T.);
#282=FACE_OUTER_BOUND('',#474,.T.);
#283=FACE_OUTER_BOUND('',#475,.T.);
#284=FACE_OUTER_BOUND('',#476,.T.);
#285=FACE_OUTER_BOUND('',#477,.T.);
#286=FACE_OUTER_BOUND('',#478,.T.);
#287=FACE_OUTER_BOUND('',#479,.T.);
#288=FACE_OUTER_BOUND('',#480,.T.);
#289=FACE_OUTER_BOUND('',#481,.T.);
#290=FACE_OUTER_BOUND('',#482,.T.);
#291=FACE_OUTER_BOUND('',#483,.T.);
#292=FACE_OUTER_BOUND('',#484,.T.);
#293=FACE_OUTER_BOUND('',#485,.T.);
#294=FACE_OUTER_BOUND('',#486,.T.);
#295=FACE_OUTER_BOUND('',#487,.T.);
#296=FACE_OUTER_BOUND('',#488,.T.);
#297=FACE_OUTER_BOUND('',#489,.T.);
#298=FACE_OUTER_BOUND('',#490,.T.);
#299=FACE_OUTER_BOUND('',#491,.T.);
#300=FACE_OUTER_BOUND('',#492,.T.);
#301=FACE_OUTER_BOUND('',#493,.T.);
#302=FACE_OUTER_BOUND('',#494,.T.);
#303=FACE_OUTER_BOUND('',#495,.T.);
#304=FACE_OUTER_BOUND('',#496,.T.);
#305=FACE_OUTER_BOUND('',#497,.T.);
#306=FACE_OUTER_BOUND('',#498,.T.);
#307=FACE_OUTER_BOUND('',#499,.T.);
#308=FACE_OUTER_BOUND('',#500,.T.);
#309=FACE_OUTER_BOUND('',#501,.T.);
#310=FACE_OUTER_BOUND('',#502,.T.);
#311=FACE_OUTER_BOUND('',#503,.T.);
#312=FACE_OUTER_BOUND('',#504,.T.);
#313=FACE_OUTER_BOUND('',#505,.T.);
#314=FACE_OUTER_BOUND('',#506,.T.);
#315=FACE_OUTER_BOUND('',#507,.T.);
#316=FACE_OUTER_BOUND('',#508,.T.);
#317=FACE_OUTER_BOUND('',#509,.T.);
#318=FACE_OUTER_BOUND('',#510,.T.);
#319=FACE_OUTER_BOUND('',#511,.T.);
#320=FACE_OUTER_BOUND('',#512,.T.);
#321=FACE_OUTER_BOUND('',#513,.T.);
#322=FACE_OUTER_BOUND('',#514,.T.);
#323=FACE_OUTER_BOUND('',#515,.T.);
#324=FACE_OUTER_BOUND('',#516,.T.);
#325=FACE_OUTER_BOUND('',#517,.T.);
#326=FACE_OUTER_BOUND('',#518,.T.);
#327=FACE_OUTER_BOUND('',#519,.T.);
#328=FACE_OUTER_BOUND('',#520,.T.);
#329=FACE_OUTER_BOUND('',#521,.T.);
#330=FACE_OUTER_BOUND('',#522,.T.);
#331=FACE_OUTER_BOUND('',#523,.T.);
#332=FACE_OUTER_BOUND('',#524,.T.);
#333=FACE_OUTER_BOUND('',#525,.T.);
#334=FACE_OUTER_BOUND('',#526,.T.);
#335=FACE_OUTER_BOUND('',#527,.T.);
#336=FACE_OUTER_BOUND('',#545,.T.);
#337=FACE_OUTER_BOUND('',#546,.T.);
#338=FACE_OUTER_BOUND('',#547,.T.);
#339=FACE_OUTER_BOUND('',#548,.T.);
#340=FACE_OUTER_BOUND('',#549,.T.);
#341=FACE_OUTER_BOUND('',#551,.T.);
#342=FACE_OUTER_BOUND('',#553,.T.);
#343=FACE_OUTER_BOUND('',#555,.T.);
#344=FACE_OUTER_BOUND('',#557,.T.);
#345=FACE_OUTER_BOUND('',#558,.T.);
#346=FACE_OUTER_BOUND('',#559,.T.);
#347=FACE_OUTER_BOUND('',#560,.T.);
#348=FACE_OUTER_BOUND('',#561,.T.);
#349=FACE_OUTER_BOUND('',#562,.T.);
#350=FACE_OUTER_BOUND('',#563,.T.);
#351=FACE_OUTER_BOUND('',#564,.T.);
#352=FACE_OUTER_BOUND('',#565,.T.);
#353=FACE_OUTER_BOUND('',#566,.T.);
#354=FACE_OUTER_BOUND('',#567,.T.);
#355=FACE_OUTER_BOUND('',#568,.T.);
#356=FACE_OUTER_BOUND('',#569,.T.);
#357=FACE_OUTER_BOUND('',#570,.T.);
#358=FACE_OUTER_BOUND('',#571,.T.);
#359=FACE_OUTER_BOUND('',#572,.T.);
#360=FACE_OUTER_BOUND('',#573,.T.);
#361=FACE_OUTER_BOUND('',#574,.T.);
#362=FACE_OUTER_BOUND('',#575,.T.);
#363=FACE_OUTER_BOUND('',#576,.T.);
#364=FACE_OUTER_BOUND('',#577,.T.);
#365=FACE_OUTER_BOUND('',#578,.T.);
#366=FACE_OUTER_BOUND('',#579,.T.);
#367=FACE_OUTER_BOUND('',#580,.T.);
#368=FACE_OUTER_BOUND('',#581,.T.);
#369=FACE_OUTER_BOUND('',#582,.T.);
#370=FACE_OUTER_BOUND('',#583,.T.);
#371=FACE_OUTER_BOUND('',#584,.T.);
#372=FACE_OUTER_BOUND('',#585,.T.);
#373=FACE_OUTER_BOUND('',#586,.T.);
#374=FACE_OUTER_BOUND('',#587,.T.);
#375=FACE_OUTER_BOUND('',#588,.T.);
#376=FACE_OUTER_BOUND('',#589,.T.);
#377=FACE_OUTER_BOUND('',#590,.T.);
#378=FACE_OUTER_BOUND('',#591,.T.);
#379=FACE_OUTER_BOUND('',#592,.T.);
#380=FACE_OUTER_BOUND('',#593,.T.);
#381=FACE_OUTER_BOUND('',#594,.T.);
#382=FACE_OUTER_BOUND('',#595,.T.);
#383=FACE_OUTER_BOUND('',#596,.T.);
#384=FACE_OUTER_BOUND('',#597,.T.);
#385=FACE_OUTER_BOUND('',#598,.T.);
#386=FACE_OUTER_BOUND('',#599,.T.);
#387=FACE_OUTER_BOUND('',#600,.T.);
#388=FACE_OUTER_BOUND('',#601,.T.);
#389=FACE_OUTER_BOUND('',#602,.T.);
#390=FACE_OUTER_BOUND('',#603,.T.);
#391=FACE_OUTER_BOUND('',#604,.T.);
#392=FACE_OUTER_BOUND('',#605,.T.);
#393=FACE_OUTER_BOUND('',#606,.T.);
#394=FACE_OUTER_BOUND('',#607,.T.);
#395=FACE_OUTER_BOUND('',#608,.T.);
#396=FACE_OUTER_BOUND('',#609,.T.);
#397=FACE_OUTER_BOUND('',#610,.T.);
#398=FACE_OUTER_BOUND('',#611,.T.);
#399=FACE_OUTER_BOUND('',#612,.T.);
#400=FACE_OUTER_BOUND('',#613,.T.);
#401=FACE_OUTER_BOUND('',#614,.T.);
#402=FACE_OUTER_BOUND('',#615,.T.);
#403=FACE_OUTER_BOUND('',#616,.T.);
#404=FACE_OUTER_BOUND('',#617,.T.);
#405=FACE_OUTER_BOUND('',#618,.T.);
#406=FACE_OUTER_BOUND('',#619,.T.);
#407=FACE_OUTER_BOUND('',#620,.T.);
#408=FACE_OUTER_BOUND('',#621,.T.);
#409=FACE_OUTER_BOUND('',#622,.T.);
#410=FACE_OUTER_BOUND('',#623,.T.);
#411=FACE_OUTER_BOUND('',#624,.T.);
#412=FACE_OUTER_BOUND('',#625,.T.);
#413=FACE_OUTER_BOUND('',#626,.T.);
#414=FACE_OUTER_BOUND('',#627,.T.);
#415=FACE_OUTER_BOUND('',#628,.T.);
#416=FACE_OUTER_BOUND('',#629,.T.);
#417=FACE_OUTER_BOUND('',#630,.T.);
#418=FACE_OUTER_BOUND('',#631,.T.);
#419=FACE_OUTER_BOUND('',#632,.T.);
#420=FACE_OUTER_BOUND('',#633,.T.);
#421=FACE_OUTER_BOUND('',#634,.T.);
#422=FACE_OUTER_BOUND('',#635,.T.);
#423=FACE_OUTER_BOUND('',#636,.T.);
#424=FACE_OUTER_BOUND('',#637,.T.);
#425=FACE_OUTER_BOUND('',#638,.T.);
#426=FACE_OUTER_BOUND('',#639,.T.);
#427=FACE_OUTER_BOUND('',#640,.T.);
#428=FACE_OUTER_BOUND('',#641,.T.);
#429=FACE_OUTER_BOUND('',#642,.T.);
#430=FACE_OUTER_BOUND('',#643,.T.);
#431=FACE_OUTER_BOUND('',#644,.T.);
#432=FACE_OUTER_BOUND('',#645,.T.);
#433=FACE_OUTER_BOUND('',#646,.T.);
#434=FACE_OUTER_BOUND('',#647,.T.);
#435=FACE_OUTER_BOUND('',#648,.T.);
#436=FACE_OUTER_BOUND('',#649,.T.);
#437=FACE_OUTER_BOUND('',#650,.T.);
#438=FACE_OUTER_BOUND('',#651,.T.);
#439=FACE_OUTER_BOUND('',#652,.T.);
#440=FACE_OUTER_BOUND('',#653,.T.);
#441=FACE_OUTER_BOUND('',#654,.T.);
#442=FACE_OUTER_BOUND('',#655,.T.);
#443=FACE_OUTER_BOUND('',#656,.T.);
#444=FACE_OUTER_BOUND('',#657,.T.);
#445=FACE_OUTER_BOUND('',#658,.T.);
#446=FACE_OUTER_BOUND('',#659,.T.);
#447=FACE_OUTER_BOUND('',#660,.T.);
#448=FACE_OUTER_BOUND('',#661,.T.);
#449=FACE_OUTER_BOUND('',#662,.T.);
#450=FACE_OUTER_BOUND('',#663,.T.);
#451=FACE_OUTER_BOUND('',#664,.T.);
#452=FACE_OUTER_BOUND('',#673,.T.);
#453=FACE_OUTER_BOUND('',#674,.T.);
#454=FACE_OUTER_BOUND('',#675,.T.);
#455=FACE_OUTER_BOUND('',#676,.T.);
#456=FACE_OUTER_BOUND('',#677,.T.);
#457=FACE_OUTER_BOUND('',#678,.T.);
#458=FACE_OUTER_BOUND('',#679,.T.);
#459=FACE_OUTER_BOUND('',#680,.T.);
#460=FACE_OUTER_BOUND('',#681,.T.);
#461=FACE_OUTER_BOUND('',#682,.T.);
#462=FACE_OUTER_BOUND('',#683,.T.);
#463=FACE_OUTER_BOUND('',#684,.T.);
#464=FACE_OUTER_BOUND('',#685,.T.);
#465=FACE_OUTER_BOUND('',#686,.T.);
#466=FACE_OUTER_BOUND('',#687,.T.);
#467=EDGE_LOOP('',(#2201,#2202,#2203,#2204,#2205,#2206,#2207,#2208,#2209,
#2210,#2211,#2212,#2213,#2214,#2215));
#468=EDGE_LOOP('',(#2216,#2217,#2218,#2219,#2220,#2221,#2222,#2223,#2224,
#2225));
#469=EDGE_LOOP('',(#2226,#2227,#2228,#2229));
#470=EDGE_LOOP('',(#2230,#2231,#2232,#2233));
#471=EDGE_LOOP('',(#2234,#2235,#2236,#2237));
#472=EDGE_LOOP('',(#2238,#2239,#2240,#2241,#2242,#2243,#2244));
#473=EDGE_LOOP('',(#2245,#2246,#2247,#2248));
#474=EDGE_LOOP('',(#2249,#2250,#2251,#2252,#2253,#2254));
#475=EDGE_LOOP('',(#2255,#2256,#2257,#2258,#2259));
#476=EDGE_LOOP('',(#2260,#2261,#2262,#2263));
#477=EDGE_LOOP('',(#2264,#2265,#2266,#2267));
#478=EDGE_LOOP('',(#2268,#2269,#2270,#2271));
#479=EDGE_LOOP('',(#2272,#2273,#2274,#2275));
#480=EDGE_LOOP('',(#2276,#2277,#2278,#2279));
#481=EDGE_LOOP('',(#2280,#2281,#2282,#2283));
#482=EDGE_LOOP('',(#2284,#2285,#2286,#2287));
#483=EDGE_LOOP('',(#2288,#2289,#2290,#2291));
#484=EDGE_LOOP('',(#2292,#2293,#2294,#2295));
#485=EDGE_LOOP('',(#2296,#2297,#2298,#2299,#2300,#2301));
#486=EDGE_LOOP('',(#2302,#2303,#2304,#2305));
#487=EDGE_LOOP('',(#2306,#2307,#2308,#2309,#2310,#2311));
#488=EDGE_LOOP('',(#2312,#2313,#2314,#2315));
#489=EDGE_LOOP('',(#2316,#2317,#2318,#2319,#2320,#2321,#2322,#2323,#2324,
#2325,#2326,#2327,#2328));
#490=EDGE_LOOP('',(#2329,#2330,#2331,#2332));
#491=EDGE_LOOP('',(#2333,#2334,#2335,#2336));
#492=EDGE_LOOP('',(#2337,#2338,#2339,#2340));
#493=EDGE_LOOP('',(#2341,#2342,#2343,#2344));
#494=EDGE_LOOP('',(#2345,#2346,#2347,#2348));
#495=EDGE_LOOP('',(#2349,#2350,#2351,#2352));
#496=EDGE_LOOP('',(#2353,#2354,#2355,#2356));
#497=EDGE_LOOP('',(#2357,#2358,#2359,#2360));
#498=EDGE_LOOP('',(#2361,#2362,#2363,#2364));
#499=EDGE_LOOP('',(#2365,#2366,#2367,#2368));
#500=EDGE_LOOP('',(#2369,#2370,#2371,#2372));
#501=EDGE_LOOP('',(#2373,#2374,#2375,#2376));
#502=EDGE_LOOP('',(#2377,#2378,#2379,#2380));
#503=EDGE_LOOP('',(#2381,#2382,#2383,#2384));
#504=EDGE_LOOP('',(#2385,#2386,#2387,#2388));
#505=EDGE_LOOP('',(#2389));
#506=EDGE_LOOP('',(#2390,#2391,#2392,#2393));
#507=EDGE_LOOP('',(#2394));
#508=EDGE_LOOP('',(#2395,#2396,#2397,#2398));
#509=EDGE_LOOP('',(#2399));
#510=EDGE_LOOP('',(#2400,#2401,#2402,#2403));
#511=EDGE_LOOP('',(#2404));
#512=EDGE_LOOP('',(#2405,#2406,#2407,#2408,#2409,#2410));
#513=EDGE_LOOP('',(#2411,#2412,#2413,#2414,#2415));
#514=EDGE_LOOP('',(#2416,#2417,#2418,#2419,#2420));
#515=EDGE_LOOP('',(#2421,#2422,#2423,#2424,#2425,#2426));
#516=EDGE_LOOP('',(#2427,#2428,#2429,#2430,#2431));
#517=EDGE_LOOP('',(#2432,#2433,#2434,#2435,#2436));
#518=EDGE_LOOP('',(#2437,#2438,#2439,#2440,#2441,#2442));
#519=EDGE_LOOP('',(#2443,#2444,#2445,#2446,#2447));
#520=EDGE_LOOP('',(#2448,#2449,#2450,#2451,#2452));
#521=EDGE_LOOP('',(#2453));
#522=EDGE_LOOP('',(#2454));
#523=EDGE_LOOP('',(#2455));
#524=EDGE_LOOP('',(#2456));
#525=EDGE_LOOP('',(#2457,#2458,#2459,#2460));
#526=EDGE_LOOP('',(#2461,#2462,#2463,#2464));
#527=EDGE_LOOP('',(#2465,#2466,#2467,#2468,#2469,#2470,#2471,#2472));
#528=EDGE_LOOP('',(#2473));
#529=EDGE_LOOP('',(#2474));
#530=EDGE_LOOP('',(#2475));
#531=EDGE_LOOP('',(#2476));
#532=EDGE_LOOP('',(#2477));
#533=EDGE_LOOP('',(#2478));
#534=EDGE_LOOP('',(#2479,#2480,#2481,#2482,#2483,#2484,#2485,#2486,#2487,
#2488,#2489,#2490,#2491,#2492,#2493,#2494,#2495,#2496));
#535=EDGE_LOOP('',(#2497));
#536=EDGE_LOOP('',(#2498));
#537=EDGE_LOOP('',(#2499));
#538=EDGE_LOOP('',(#2500));
#539=EDGE_LOOP('',(#2501));
#540=EDGE_LOOP('',(#2502));
#541=EDGE_LOOP('',(#2503));
#542=EDGE_LOOP('',(#2504));
#543=EDGE_LOOP('',(#2505,#2506,#2507,#2508));
#544=EDGE_LOOP('',(#2509));
#545=EDGE_LOOP('',(#2510,#2511,#2512,#2513));
#546=EDGE_LOOP('',(#2514,#2515,#2516,#2517));
#547=EDGE_LOOP('',(#2518,#2519,#2520,#2521));
#548=EDGE_LOOP('',(#2522,#2523,#2524,#2525));
#549=EDGE_LOOP('',(#2526));
#550=EDGE_LOOP('',(#2527));
#551=EDGE_LOOP('',(#2528));
#552=EDGE_LOOP('',(#2529));
#553=EDGE_LOOP('',(#2530));
#554=EDGE_LOOP('',(#2531));
#555=EDGE_LOOP('',(#2532));
#556=EDGE_LOOP('',(#2533));
#557=EDGE_LOOP('',(#2534,#2535,#2536,#2537));
#558=EDGE_LOOP('',(#2538,#2539,#2540,#2541));
#559=EDGE_LOOP('',(#2542,#2543,#2544,#2545));
#560=EDGE_LOOP('',(#2546,#2547,#2548,#2549));
#561=EDGE_LOOP('',(#2550,#2551,#2552,#2553));
#562=EDGE_LOOP('',(#2554,#2555,#2556,#2557));
#563=EDGE_LOOP('',(#2558,#2559,#2560,#2561,#2562,#2563,#2564));
#564=EDGE_LOOP('',(#2565,#2566,#2567,#2568,#2569,#2570,#2571));
#565=EDGE_LOOP('',(#2572,#2573,#2574,#2575,#2576,#2577,#2578));
#566=EDGE_LOOP('',(#2579,#2580,#2581,#2582));
#567=EDGE_LOOP('',(#2583,#2584,#2585,#2586,#2587,#2588,#2589));
#568=EDGE_LOOP('',(#2590,#2591,#2592));
#569=EDGE_LOOP('',(#2593,#2594,#2595));
#570=EDGE_LOOP('',(#2596,#2597,#2598));
#571=EDGE_LOOP('',(#2599,#2600,#2601));
#572=EDGE_LOOP('',(#2602,#2603));
#573=EDGE_LOOP('',(#2604,#2605));
#574=EDGE_LOOP('',(#2606,#2607));
#575=EDGE_LOOP('',(#2608,#2609));
#576=EDGE_LOOP('',(#2610,#2611,#2612,#2613));
#577=EDGE_LOOP('',(#2614,#2615,#2616,#2617,#2618,#2619,#2620,#2621,#2622));
#578=EDGE_LOOP('',(#2623,#2624,#2625,#2626,#2627,#2628,#2629,#2630,#2631));
#579=EDGE_LOOP('',(#2632,#2633,#2634,#2635));
#580=EDGE_LOOP('',(#2636,#2637,#2638,#2639));
#581=EDGE_LOOP('',(#2640,#2641,#2642,#2643,#2644,#2645,#2646,#2647,#2648));
#582=EDGE_LOOP('',(#2649,#2650,#2651,#2652,#2653,#2654,#2655,#2656,#2657));
#583=EDGE_LOOP('',(#2658,#2659,#2660,#2661));
#584=EDGE_LOOP('',(#2662,#2663,#2664,#2665));
#585=EDGE_LOOP('',(#2666,#2667,#2668,#2669));
#586=EDGE_LOOP('',(#2670,#2671,#2672,#2673,#2674,#2675,#2676,#2677,#2678));
#587=EDGE_LOOP('',(#2679,#2680,#2681,#2682,#2683,#2684,#2685,#2686,#2687));
#588=EDGE_LOOP('',(#2688,#2689,#2690,#2691));
#589=EDGE_LOOP('',(#2692,#2693,#2694,#2695));
#590=EDGE_LOOP('',(#2696,#2697,#2698,#2699,#2700,#2701,#2702,#2703,#2704));
#591=EDGE_LOOP('',(#2705,#2706,#2707,#2708,#2709,#2710,#2711,#2712,#2713));
#592=EDGE_LOOP('',(#2714,#2715,#2716));
#593=EDGE_LOOP('',(#2717,#2718,#2719));
#594=EDGE_LOOP('',(#2720,#2721,#2722));
#595=EDGE_LOOP('',(#2723,#2724,#2725,#2726,#2727));
#596=EDGE_LOOP('',(#2728,#2729,#2730));
#597=EDGE_LOOP('',(#2731,#2732,#2733,#2734,#2735));
#598=EDGE_LOOP('',(#2736,#2737,#2738));
#599=EDGE_LOOP('',(#2739,#2740,#2741,#2742,#2743));
#600=EDGE_LOOP('',(#2744,#2745,#2746));
#601=EDGE_LOOP('',(#2747,#2748,#2749));
#602=EDGE_LOOP('',(#2750,#2751,#2752));
#603=EDGE_LOOP('',(#2753,#2754,#2755,#2756,#2757));
#604=EDGE_LOOP('',(#2758,#2759,#2760));
#605=EDGE_LOOP('',(#2761,#2762,#2763,#2764,#2765));
#606=EDGE_LOOP('',(#2766,#2767,#2768));
#607=EDGE_LOOP('',(#2769,#2770,#2771));
#608=EDGE_LOOP('',(#2772,#2773,#2774));
#609=EDGE_LOOP('',(#2775,#2776,#2777,#2778,#2779));
#610=EDGE_LOOP('',(#2780,#2781,#2782));
#611=EDGE_LOOP('',(#2783,#2784,#2785,#2786,#2787));
#612=EDGE_LOOP('',(#2788,#2789,#2790));
#613=EDGE_LOOP('',(#2791,#2792,#2793));
#614=EDGE_LOOP('',(#2794,#2795,#2796));
#615=EDGE_LOOP('',(#2797,#2798,#2799,#2800,#2801));
#616=EDGE_LOOP('',(#2802,#2803,#2804,#2805));
#617=EDGE_LOOP('',(#2806,#2807,#2808,#2809));
#618=EDGE_LOOP('',(#2810,#2811,#2812,#2813));
#619=EDGE_LOOP('',(#2814,#2815,#2816,#2817));
#620=EDGE_LOOP('',(#2818,#2819,#2820,#2821));
#621=EDGE_LOOP('',(#2822,#2823,#2824,#2825));
#622=EDGE_LOOP('',(#2826,#2827,#2828,#2829,#2830,#2831,#2832));
#623=EDGE_LOOP('',(#2833,#2834,#2835,#2836));
#624=EDGE_LOOP('',(#2837,#2838,#2839,#2840));
#625=EDGE_LOOP('',(#2841,#2842,#2843,#2844));
#626=EDGE_LOOP('',(#2845,#2846,#2847,#2848));
#627=EDGE_LOOP('',(#2849,#2850,#2851,#2852));
#628=EDGE_LOOP('',(#2853,#2854,#2855,#2856));
#629=EDGE_LOOP('',(#2857,#2858,#2859,#2860));
#630=EDGE_LOOP('',(#2861,#2862,#2863,#2864));
#631=EDGE_LOOP('',(#2865,#2866,#2867,#2868,#2869,#2870,#2871,#2872));
#632=EDGE_LOOP('',(#2873,#2874,#2875,#2876,#2877,#2878));
#633=EDGE_LOOP('',(#2879,#2880,#2881,#2882));
#634=EDGE_LOOP('',(#2883,#2884,#2885,#2886));
#635=EDGE_LOOP('',(#2887,#2888,#2889,#2890));
#636=EDGE_LOOP('',(#2891,#2892,#2893,#2894));
#637=EDGE_LOOP('',(#2895,#2896,#2897,#2898));
#638=EDGE_LOOP('',(#2899,#2900,#2901,#2902));
#639=EDGE_LOOP('',(#2903,#2904,#2905,#2906));
#640=EDGE_LOOP('',(#2907,#2908,#2909,#2910,#2911,#2912));
#641=EDGE_LOOP('',(#2913,#2914,#2915,#2916));
#642=EDGE_LOOP('',(#2917,#2918,#2919,#2920,#2921,#2922));
#643=EDGE_LOOP('',(#2923,#2924,#2925,#2926,#2927,#2928));
#644=EDGE_LOOP('',(#2929,#2930,#2931,#2932,#2933));
#645=EDGE_LOOP('',(#2934,#2935,#2936,#2937,#2938));
#646=EDGE_LOOP('',(#2939,#2940,#2941,#2942,#2943));
#647=EDGE_LOOP('',(#2944,#2945,#2946,#2947,#2948));
#648=EDGE_LOOP('',(#2949,#2950,#2951,#2952,#2953));
#649=EDGE_LOOP('',(#2954,#2955,#2956,#2957,#2958));
#650=EDGE_LOOP('',(#2959,#2960,#2961,#2962,#2963));
#651=EDGE_LOOP('',(#2964,#2965,#2966,#2967));
#652=EDGE_LOOP('',(#2968,#2969,#2970,#2971,#2972));
#653=EDGE_LOOP('',(#2973,#2974,#2975,#2976));
#654=EDGE_LOOP('',(#2977,#2978,#2979,#2980));
#655=EDGE_LOOP('',(#2981,#2982,#2983,#2984,#2985,#2986));
#656=EDGE_LOOP('',(#2987,#2988,#2989,#2990));
#657=EDGE_LOOP('',(#2991,#2992,#2993,#2994,#2995,#2996,#2997,#2998));
#658=EDGE_LOOP('',(#2999,#3000,#3001,#3002,#3003,#3004));
#659=EDGE_LOOP('',(#3005,#3006,#3007,#3008,#3009,#3010));
#660=EDGE_LOOP('',(#3011,#3012,#3013,#3014));
#661=EDGE_LOOP('',(#3015,#3016,#3017,#3018,#3019));
#662=EDGE_LOOP('',(#3020,#3021,#3022,#3023));
#663=EDGE_LOOP('',(#3024,#3025,#3026,#3027));
#664=EDGE_LOOP('',(#3028,#3029,#3030,#3031,#3032,#3033,#3034,#3035,#3036,
#3037,#3038,#3039,#3040,#3041,#3042,#3043));
#665=EDGE_LOOP('',(#3044));
#666=EDGE_LOOP('',(#3045,#3046,#3047,#3048));
#667=EDGE_LOOP('',(#3049));
#668=EDGE_LOOP('',(#3050));
#669=EDGE_LOOP('',(#3051));
#670=EDGE_LOOP('',(#3052,#3053,#3054,#3055,#3056,#3057));
#671=EDGE_LOOP('',(#3058,#3059,#3060,#3061,#3062,#3063,#3064,#3065,#3066,
#3067));
#672=EDGE_LOOP('',(#3068,#3069,#3070,#3071,#3072,#3073,#3074,#3075,#3076));
#673=EDGE_LOOP('',(#3077,#3078,#3079,#3080,#3081));
#674=EDGE_LOOP('',(#3082,#3083,#3084,#3085));
#675=EDGE_LOOP('',(#3086,#3087,#3088,#3089,#3090,#3091,#3092,#3093,#3094,
#3095,#3096,#3097));
#676=EDGE_LOOP('',(#3098,#3099,#3100,#3101,#3102,#3103,#3104,#3105,#3106,
#3107,#3108,#3109));
#677=EDGE_LOOP('',(#3110,#3111,#3112,#3113,#3114,#3115,#3116,#3117,#3118,
#3119,#3120,#3121));
#678=EDGE_LOOP('',(#3122,#3123,#3124,#3125,#3126,#3127,#3128,#3129,#3130,
#3131,#3132,#3133));
#679=EDGE_LOOP('',(#3134,#3135,#3136,#3137,#3138,#3139,#3140,#3141,#3142,
#3143));
#680=EDGE_LOOP('',(#3144,#3145,#3146,#3147,#3148,#3149,#3150,#3151,#3152,
#3153));
#681=EDGE_LOOP('',(#3154,#3155,#3156,#3157,#3158,#3159,#3160,#3161,#3162,
#3163));
#682=EDGE_LOOP('',(#3164,#3165,#3166));
#683=EDGE_LOOP('',(#3167,#3168,#3169,#3170));
#684=EDGE_LOOP('',(#3171,#3172,#3173,#3174,#3175));
#685=EDGE_LOOP('',(#3176,#3177,#3178,#3179,#3180));
#686=EDGE_LOOP('',(#3181,#3182,#3183,#3184));
#687=EDGE_LOOP('',(#3185,#3186,#3187,#3188));
#688=CIRCLE('',#3425,3.25);
#689=CIRCLE('',#3428,3.25);
#690=CIRCLE('',#3429,3.25);
#691=CIRCLE('',#3430,3.25);
#692=CIRCLE('',#3433,16.8171369979437);
#693=CIRCLE('',#3434,16.8171369979437);
#694=CIRCLE('',#3435,16.8171369979437);
#695=CIRCLE('',#3437,18.8171369979433);
#696=CIRCLE('',#3438,18.8171369979433);
#697=CIRCLE('',#3440,16.55714925315);
#698=CIRCLE('',#3441,16.55714925315);
#699=CIRCLE('',#3443,0.999999999999523);
#700=CIRCLE('',#3444,0.999999999999523);
#701=CIRCLE('',#3447,1.6);
#702=CIRCLE('',#3448,1.6);
#703=CIRCLE('',#3450,0.600000000000005);
#704=CIRCLE('',#3451,1.30710678118655);
#705=CIRCLE('',#3452,1.30710678118655);
#706=CIRCLE('',#3470,2.34000001490116);
#707=CIRCLE('',#3471,3.84000001490116);
#708=CIRCLE('',#3474,2.34000001490116);
#709=CIRCLE('',#3475,3.84000001490116);
#710=CIRCLE('',#3478,2.34000001490116);
#711=CIRCLE('',#3479,3.84000001490116);
#712=CIRCLE('',#3482,2.34000001490116);
#713=CIRCLE('',#3483,3.84000001490116);
#714=CIRCLE('',#3485,1.6);
#715=CIRCLE('',#3486,0.999999999998143);
#716=CIRCLE('',#3487,1.30710678118655);
#717=CIRCLE('',#3488,1.30710678118655);
#718=CIRCLE('',#3489,1.6);
#719=CIRCLE('',#3491,0.600000000000005);
#720=CIRCLE('',#3493,1.6);
#721=CIRCLE('',#3494,1.6);
#722=CIRCLE('',#3495,0.999999999998062);
#723=CIRCLE('',#3496,1.30710678118655);
#724=CIRCLE('',#3497,1.30710678118655);
#725=CIRCLE('',#3498,1.6);
#726=CIRCLE('',#3500,0.599999999999996);
#727=CIRCLE('',#3502,1.6);
#728=CIRCLE('',#3503,1.6);
#729=CIRCLE('',#3504,0.999999999998049);
#730=CIRCLE('',#3505,1.30710678118655);
#731=CIRCLE('',#3506,1.30710678118655);
#732=CIRCLE('',#3507,1.6);
#733=CIRCLE('',#3509,0.599999999999996);
#734=CIRCLE('',#3511,1.6);
#735=CIRCLE('',#3517,3.24999999999999);
#736=CIRCLE('',#3518,3.24999999999999);
#737=CIRCLE('',#3519,1.6);
#738=CIRCLE('',#3520,1.6);
#739=CIRCLE('',#3521,1.6);
#740=CIRCLE('',#3522,1.6);
#741=CIRCLE('',#3523,3.24999999999999);
#742=CIRCLE('',#3524,3.24999999999999);
#743=CIRCLE('',#3526,1.6);
#744=CIRCLE('',#3528,1.6);
#745=CIRCLE('',#3530,1.6);
#746=CIRCLE('',#3532,1.6);
#747=CIRCLE('',#3534,3.25);
#748=CIRCLE('',#3536,3.25);
#749=CIRCLE('',#3538,3.25);
#750=CIRCLE('',#3541,1.6);
#751=CIRCLE('',#3542,1.6);
#752=CIRCLE('',#3543,1.6);
#753=CIRCLE('',#3544,1.6);
#754=CIRCLE('',#3545,1.6);
#755=CIRCLE('',#3547,1.6);
#756=CIRCLE('',#3548,1.6);
#757=CIRCLE('',#3549,1.6);
#758=CIRCLE('',#3550,1.6);
#759=CIRCLE('',#3551,1.6);
#760=CIRCLE('',#3553,1.6);
#761=CIRCLE('',#3554,1.6);
#762=CIRCLE('',#3555,1.6);
#763=CIRCLE('',#3556,1.6);
#764=CIRCLE('',#3557,1.6);
#765=CIRCLE('',#3560,1.6);
#766=CIRCLE('',#3561,1.6);
#767=CIRCLE('',#3562,1.6);
#768=CIRCLE('',#3563,1.6);
#769=CIRCLE('',#3564,1.6);
#770=CIRCLE('',#3566,3.24999999999999);
#771=CIRCLE('',#3567,3.24999999999999);
#772=CIRCLE('',#3569,3.24999999999999);
#773=CIRCLE('',#3570,3.24999999999999);
#774=CIRCLE('',#3572,3.24999999999999);
#775=CIRCLE('',#3573,3.24999999999999);
#776=CIRCLE('',#3575,3.24999999999999);
#777=CIRCLE('',#3576,3.24999999999999);
#778=CIRCLE('',#3578,3.24999999999999);
#779=CIRCLE('',#3580,3.24999999999999);
#780=CIRCLE('',#3582,3.24999999999999);
#781=CIRCLE('',#3584,3.24999999999999);
#782=CIRCLE('',#3586,3.24999999999999);
#783=CIRCLE('',#3590,3.24999999999999);
#784=CIRCLE('',#3592,3.24999999999999);
#785=CIRCLE('',#3596,3.24999999999999);
#786=CIRCLE('',#3598,3.24999999999999);
#787=CIRCLE('',#3600,3.24999999999999);
#788=CIRCLE('',#3604,3.24999999999999);
#789=CIRCLE('',#3606,3.24999999999999);
#790=CIRCLE('',#3634,50.);
#791=CIRCLE('',#3635,519.977375291635);
#792=CIRCLE('',#3636,50.79);
#793=CIRCLE('',#3638,293.867260140504);
#794=CIRCLE('',#3641,50.79);
#795=CIRCLE('',#3642,50.);
#796=CIRCLE('',#3644,3.25);
#797=CIRCLE('',#3645,50.81);
#798=CIRCLE('',#3647,3.25);
#799=CIRCLE('',#3648,50.81);
#800=CIRCLE('',#3650,51.6);
#801=CIRCLE('',#3652,3.25);
#802=CIRCLE('',#3653,50.79);
#803=CIRCLE('',#3654,50.81);
#804=CIRCLE('',#3656,50.);
#805=CIRCLE('',#3657,293.867260163632);
#806=CIRCLE('',#3659,519.977375289458);
#807=CIRCLE('',#3662,50.79);
#808=CIRCLE('',#3663,50.);
#809=CIRCLE('',#3665,50.79);
#810=CIRCLE('',#3666,50.);
#811=CIRCLE('',#3668,3.25);
#812=CIRCLE('',#3669,50.81);
#813=CIRCLE('',#3670,3.25);
#814=CIRCLE('',#3672,3.25);
#815=CIRCLE('',#3673,50.81);
#816=CIRCLE('',#3675,51.6);
#817=CIRCLE('',#3684,3.2);
#818=CIRCLE('',#3697,3.2);
#819=CIRCLE('',#3699,6.);
#820=CIRCLE('',#3702,3.2);
#821=CIRCLE('',#3703,3.2);
#822=CIRCLE('',#3710,3.25);
#823=CIRCLE('',#3711,3.25);
#824=CIRCLE('',#3712,3.25);
#825=CIRCLE('',#3713,3.25);
#826=CIRCLE('',#3714,3.25);
#827=CIRCLE('',#3715,6.);
#828=ELLIPSE('',#3424,4.59619407771256,3.25);
#829=ELLIPSE('',#3426,4.59619407771256,3.25);
#830=ELLIPSE('',#3427,4.59619407771256,3.25);
#831=ELLIPSE('',#3431,4.59619407771256,3.25);
#832=ELLIPSE('',#3688,4.59619407771256,3.25);
#833=ELLIPSE('',#3690,4.52548339959391,3.2);
#834=ELLIPSE('',#3692,4.52548339959391,3.2);
#835=ELLIPSE('',#3694,4.59619407771256,3.25);
#836=ELLIPSE('',#3695,4.52548339959391,3.2);
#837=ELLIPSE('',#3701,4.52548339959391,3.2);
#838=LINE('',#4618,#1115);
#839=LINE('',#4622,#1116);
#840=LINE('',#4626,#1117);
#841=LINE('',#4632,#1118);
#842=LINE('',#4636,#1119);
#843=LINE('',#4641,#1120);
#844=LINE('',#4646,#1121);
#845=LINE('',#4650,#1122);
#846=LINE('',#4654,#1123);
#847=LINE('',#4658,#1124);
#848=LINE('',#4702,#1125);
#849=LINE('',#4705,#1126);
#850=LINE('',#4710,#1127);
#851=LINE('',#4717,#1128);
#852=LINE('',#4719,#1129);
#853=LINE('',#4720,#1130);
#854=LINE('',#4728,#1131);
#855=LINE('',#4761,#1132);
#856=LINE('',#4763,#1133);
#857=LINE('',#4765,#1134);
#858=LINE('',#4766,#1135);
#859=LINE('',#4769,#1136);
#860=LINE('',#4771,#1137);
#861=LINE('',#4772,#1138);
#862=LINE('',#4775,#1139);
#863=LINE('',#4777,#1140);
#864=LINE('',#4778,#1141);
#865=LINE('',#4781,#1142);
#866=LINE('',#4783,#1143);
#867=LINE('',#4784,#1144);
#868=LINE('',#4787,#1145);
#869=LINE('',#4789,#1146);
#870=LINE('',#4790,#1147);
#871=LINE('',#4793,#1148);
#872=LINE('',#4795,#1149);
#873=LINE('',#4796,#1150);
#874=LINE('',#4799,#1151);
#875=LINE('',#4801,#1152);
#876=LINE('',#4802,#1153);
#877=LINE('',#4805,#1154);
#878=LINE('',#4807,#1155);
#879=LINE('',#4808,#1156);
#880=LINE('',#4811,#1157);
#881=LINE('',#4813,#1158);
#882=LINE('',#4814,#1159);
#883=LINE('',#4816,#1160);
#884=LINE('',#4818,#1161);
#885=LINE('',#4819,#1162);
#886=LINE('',#4822,#1163);
#887=LINE('',#4823,#1164);
#888=LINE('',#4826,#1165);
#889=LINE('',#4828,#1166);
#890=LINE('',#4829,#1167);
#891=LINE('',#4831,#1168);
#892=LINE('',#4832,#1169);
#893=LINE('',#4837,#1170);
#894=LINE('',#4839,#1171);
#895=LINE('',#4841,#1172);
#896=LINE('',#4842,#1173);
#897=LINE('',#4845,#1174);
#898=LINE('',#4847,#1175);
#899=LINE('',#4848,#1176);
#900=LINE('',#4870,#1177);
#901=LINE('',#4878,#1178);
#902=LINE('',#4899,#1179);
#903=LINE('',#4926,#1180);
#904=LINE('',#4953,#1181);
#905=LINE('',#4998,#1182);
#906=LINE('',#5049,#1183);
#907=LINE('',#5100,#1184);
#908=LINE('',#5168,#1185);
#909=LINE('',#5173,#1186);
#910=LINE('',#5181,#1187);
#911=LINE('',#5192,#1188);
#912=LINE('',#5203,#1189);
#913=LINE('',#5211,#1190);
#914=LINE('',#5218,#1191);
#915=LINE('',#5225,#1192);
#916=LINE('',#5232,#1193);
#917=LINE('',#5274,#1194);
#918=LINE('',#5278,#1195);
#919=LINE('',#5318,#1196);
#920=LINE('',#5322,#1197);
#921=LINE('',#5362,#1198);
#922=LINE('',#5366,#1199);
#923=LINE('',#5378,#1200);
#924=LINE('',#5389,#1201);
#925=LINE('',#5416,#1202);
#926=LINE('',#5417,#1203);
#927=LINE('',#5423,#1204);
#928=LINE('',#5427,#1205);
#929=LINE('',#5431,#1206);
#930=LINE('',#5435,#1207);
#931=LINE('',#5452,#1208);
#932=LINE('',#5466,#1209);
#933=LINE('',#5471,#1210);
#934=LINE('',#5482,#1211);
#935=LINE('',#5493,#1212);
#936=LINE('',#5504,#1213);
#937=LINE('',#5509,#1214);
#938=LINE('',#5521,#1215);
#939=LINE('',#5533,#1216);
#940=LINE('',#5543,#1217);
#941=LINE('',#5544,#1218);
#942=LINE('',#5549,#1219);
#943=LINE('',#5560,#1220);
#944=LINE('',#5567,#1221);
#945=LINE('',#5577,#1222);
#946=LINE('',#5584,#1223);
#947=LINE('',#5589,#1224);
#948=LINE('',#5594,#1225);
#949=LINE('',#5598,#1226);
#950=LINE('',#5603,#1227);
#951=LINE('',#5608,#1228);
#952=LINE('',#5610,#1229);
#953=LINE('',#5612,#1230);
#954=LINE('',#5615,#1231);
#955=LINE('',#5617,#1232);
#956=LINE('',#5618,#1233);
#957=LINE('',#5620,#1234);
#958=LINE('',#5622,#1235);
#959=LINE('',#5624,#1236);
#960=LINE('',#5625,#1237);
#961=LINE('',#5628,#1238);
#962=LINE('',#5630,#1239);
#963=LINE('',#5632,#1240);
#964=LINE('',#5633,#1241);
#965=LINE('',#5635,#1242);
#966=LINE('',#5636,#1243);
#967=LINE('',#5637,#1244);
#968=LINE('',#5641,#1245);
#969=LINE('',#5645,#1246);
#970=LINE('',#5646,#1247);
#971=LINE('',#5650,#1248);
#972=LINE('',#5654,#1249);
#973=LINE('',#5655,#1250);
#974=LINE('',#5657,#1251);
#975=LINE('',#5659,#1252);
#976=LINE('',#5660,#1253);
#977=LINE('',#5662,#1254);
#978=LINE('',#5664,#1255);
#979=LINE('',#5666,#1256);
#980=LINE('',#5667,#1257);
#981=LINE('',#5670,#1258);
#982=LINE('',#5672,#1259);
#983=LINE('',#5674,#1260);
#984=LINE('',#5675,#1261);
#985=LINE('',#5677,#1262);
#986=LINE('',#5678,#1263);
#987=LINE('',#5679,#1264);
#988=LINE('',#5683,#1265);
#989=LINE('',#5687,#1266);
#990=LINE('',#5688,#1267);
#991=LINE('',#5690,#1268);
#992=LINE('',#5695,#1269);
#993=LINE('',#5697,#1270);
#994=LINE('',#5699,#1271);
#995=LINE('',#5702,#1272);
#996=LINE('',#5704,#1273);
#997=LINE('',#5705,#1274);
#998=LINE('',#5707,#1275);
#999=LINE('',#5708,#1276);
#1000=LINE('',#5709,#1277);
#1001=LINE('',#5711,#1278);
#1002=LINE('',#5713,#1279);
#1003=LINE('',#5714,#1280);
#1004=LINE('',#5716,#1281);
#1005=LINE('',#5717,#1282);
#1006=LINE('',#5718,#1283);
#1007=LINE('',#5720,#1284);
#1008=LINE('',#5725,#1285);
#1009=LINE('',#5727,#1286);
#1010=LINE('',#5730,#1287);
#1011=LINE('',#5732,#1288);
#1012=LINE('',#5734,#1289);
#1013=LINE('',#5735,#1290);
#1014=LINE('',#5737,#1291);
#1015=LINE('',#5738,#1292);
#1016=LINE('',#5739,#1293);
#1017=LINE('',#5741,#1294);
#1018=LINE('',#5743,#1295);
#1019=LINE('',#5744,#1296);
#1020=LINE('',#5746,#1297);
#1021=LINE('',#5747,#1298);
#1022=LINE('',#5748,#1299);
#1023=LINE('',#5750,#1300);
#1024=LINE('',#5752,#1301);
#1025=LINE('',#5754,#1302);
#1026=LINE('',#5756,#1303);
#1027=LINE('',#5760,#1304);
#1028=LINE('',#5762,#1305);
#1029=LINE('',#5765,#1306);
#1030=LINE('',#5767,#1307);
#1031=LINE('',#5770,#1308);
#1032=LINE('',#5772,#1309);
#1033=LINE('',#5775,#1310);
#1034=LINE('',#5777,#1311);
#1035=LINE('',#5780,#1312);
#1036=LINE('',#5782,#1313);
#1037=LINE('',#5784,#1314);
#1038=LINE('',#5786,#1315);
#1039=LINE('',#5806,#1316);
#1040=LINE('',#5812,#1317);
#1041=LINE('',#5816,#1318);
#1042=LINE('',#5818,#1319);
#1043=LINE('',#5869,#1320);
#1044=LINE('',#5885,#1321);
#1045=LINE('',#5891,#1322);
#1046=LINE('',#5895,#1323);
#1047=LINE('',#5972,#1324);
#1048=LINE('',#5974,#1325);
#1049=LINE('',#5976,#1326);
#1050=LINE('',#5978,#1327);
#1051=LINE('',#5980,#1328);
#1052=LINE('',#5981,#1329);
#1053=LINE('',#5996,#1330);
#1054=LINE('',#6003,#1331);
#1055=LINE('',#6005,#1332);
#1056=LINE('',#6006,#1333);
#1057=LINE('',#6009,#1334);
#1058=LINE('',#6011,#1335);
#1059=LINE('',#6013,#1336);
#1060=LINE('',#6014,#1337);
#1061=LINE('',#6033,#1338);
#1062=LINE('',#6062,#1339);
#1063=LINE('',#6091,#1340);
#1064=LINE('',#6110,#1341);
#1065=LINE('',#6113,#1342);
#1066=LINE('',#6115,#1343);
#1067=LINE('',#6117,#1344);
#1068=LINE('',#6119,#1345);
#1069=LINE('',#6120,#1346);
#1070=LINE('',#6197,#1347);
#1071=LINE('',#6210,#1348);
#1072=LINE('',#6238,#1349);
#1073=LINE('',#6240,#1350);
#1074=LINE('',#6242,#1351);
#1075=LINE('',#6244,#1352);
#1076=LINE('',#6245,#1353);
#1077=LINE('',#6249,#1354);
#1078=LINE('',#6251,#1355);
#1079=LINE('',#6253,#1356);
#1080=LINE('',#6257,#1357);
#1081=LINE('',#6259,#1358);
#1082=LINE('',#6261,#1359);
#1083=LINE('',#6263,#1360);
#1084=LINE('',#6264,#1361);
#1085=LINE('',#6266,#1362);
#1086=LINE('',#6267,#1363);
#1087=LINE('',#6272,#1364);
#1088=LINE('',#6273,#1365);
#1089=LINE('',#6277,#1366);
#1090=LINE('',#6282,#1367);
#1091=LINE('',#6283,#1368);
#1092=LINE('',#6288,#1369);
#1093=LINE('',#6292,#1370);
#1094=LINE('',#6294,#1371);
#1095=LINE('',#6298,#1372);
#1096=LINE('',#6300,#1373);
#1097=LINE('',#6301,#1374);
#1098=LINE('',#6309,#1375);
#1099=LINE('',#6311,#1376);
#1100=LINE('',#6313,#1377);
#1101=LINE('',#6315,#1378);
#1102=LINE('',#6324,#1379);
#1103=LINE('',#6334,#1380);
#1104=LINE('',#6336,#1381);
#1105=LINE('',#6339,#1382);
#1106=LINE('',#6341,#1383);
#1107=LINE('',#6343,#1384);
#1108=LINE('',#6345,#1385);
#1109=LINE('',#6347,#1386);
#1110=LINE('',#6349,#1387);
#1111=LINE('',#6351,#1388);
#1112=LINE('',#6360,#1389);
#1113=LINE('',#6367,#1390);
#1114=LINE('',#6374,#1391);
#1115=VECTOR('',#3731,3.25);
#1116=VECTOR('',#3734,10.);
#1117=VECTOR('',#3737,10.);
#1118=VECTOR('',#3742,10.);
#1119=VECTOR('',#3745,3.25);
#1120=VECTOR('',#3750,10.);
#1121=VECTOR('',#3755,10.);
#1122=VECTOR('',#3758,10.);
#1123=VECTOR('',#3761,10.);
#1124=VECTOR('',#3764,10.);
#1125=VECTOR('',#3769,10.);
#1126=VECTOR('',#3772,10.);
#1127=VECTOR('',#3777,10.);
#1128=VECTOR('',#3788,10.);
#1129=VECTOR('',#3789,10.);
#1130=VECTOR('',#3790,10.);
#1131=VECTOR('',#3801,1.1);
#1132=VECTOR('',#3808,10.);
#1133=VECTOR('',#3809,10.);
#1134=VECTOR('',#3810,10.);
#1135=VECTOR('',#3811,10.);
#1136=VECTOR('',#3814,10.);
#1137=VECTOR('',#3815,10.);
#1138=VECTOR('',#3816,10.);
#1139=VECTOR('',#3819,10.);
#1140=VECTOR('',#3820,10.);
#1141=VECTOR('',#3821,10.);
#1142=VECTOR('',#3824,10.);
#1143=VECTOR('',#3825,10.);
#1144=VECTOR('',#3826,10.);
#1145=VECTOR('',#3829,10.);
#1146=VECTOR('',#3830,10.);
#1147=VECTOR('',#3831,10.);
#1148=VECTOR('',#3834,10.);
#1149=VECTOR('',#3835,10.);
#1150=VECTOR('',#3836,10.);
#1151=VECTOR('',#3839,10.);
#1152=VECTOR('',#3840,10.);
#1153=VECTOR('',#3841,10.);
#1154=VECTOR('',#3844,10.);
#1155=VECTOR('',#3845,10.);
#1156=VECTOR('',#3846,10.);
#1157=VECTOR('',#3849,10.);
#1158=VECTOR('',#3850,10.);
#1159=VECTOR('',#3851,10.);
#1160=VECTOR('',#3854,10.);
#1161=VECTOR('',#3855,10.);
#1162=VECTOR('',#3856,10.);
#1163=VECTOR('',#3859,10.);
#1164=VECTOR('',#3860,10.);
#1165=VECTOR('',#3863,10.);
#1166=VECTOR('',#3864,10.);
#1167=VECTOR('',#3865,10.);
#1168=VECTOR('',#3868,10.);
#1169=VECTOR('',#3869,10.);
#1170=VECTOR('',#3874,10.);
#1171=VECTOR('',#3875,10.);
#1172=VECTOR('',#3876,10.);
#1173=VECTOR('',#3877,10.);
#1174=VECTOR('',#3880,10.);
#1175=VECTOR('',#3881,10.);
#1176=VECTOR('',#3882,10.);
#1177=VECTOR('',#3883,10.);
#1178=VECTOR('',#3884,10.);
#1179=VECTOR('',#3885,10.);
#1180=VECTOR('',#3886,10.);
#1181=VECTOR('',#3887,10.);
#1182=VECTOR('',#3888,10.);
#1183=VECTOR('',#3889,10.);
#1184=VECTOR('',#3890,10.);
#1185=VECTOR('',#3891,10.);
#1186=VECTOR('',#3892,10.);
#1187=VECTOR('',#3893,10.);
#1188=VECTOR('',#3894,10.);
#1189=VECTOR('',#3895,10.);
#1190=VECTOR('',#3900,3.09000001490116);
#1191=VECTOR('',#3909,3.09000001490116);
#1192=VECTOR('',#3918,3.09000001490116);
#1193=VECTOR('',#3927,3.09000001490116);
#1194=VECTOR('',#3946,1.1);
#1195=VECTOR('',#3951,1.6);
#1196=VECTOR('',#3966,1.1);
#1197=VECTOR('',#3971,1.6);
#1198=VECTOR('',#3986,1.1);
#1199=VECTOR('',#3991,1.6);
#1200=VECTOR('',#4000,10.);
#1201=VECTOR('',#4001,10.);
#1202=VECTOR('',#4018,10.);
#1203=VECTOR('',#4019,10.);
#1204=VECTOR('',#4026,1.6);
#1205=VECTOR('',#4031,1.6);
#1206=VECTOR('',#4036,1.6);
#1207=VECTOR('',#4041,1.6);
#1208=VECTOR('',#4056,10.);
#1209=VECTOR('',#4057,10.);
#1210=VECTOR('',#4058,10.);
#1211=VECTOR('',#4059,10.);
#1212=VECTOR('',#4060,10.);
#1213=VECTOR('',#4061,10.);
#1214=VECTOR('',#4066,1.6);
#1215=VECTOR('',#4079,1.6);
#1216=VECTOR('',#4092,1.6);
#1217=VECTOR('',#4103,10.);
#1218=VECTOR('',#4104,10.);
#1219=VECTOR('',#4109,1.6);
#1220=VECTOR('',#4120,10.);
#1221=VECTOR('',#4127,10.);
#1222=VECTOR('',#4138,10.);
#1223=VECTOR('',#4145,10.);
#1224=VECTOR('',#4150,10.);
#1225=VECTOR('',#4155,10.);
#1226=VECTOR('',#4158,10.);
#1227=VECTOR('',#4163,10.);
#1228=VECTOR('',#4168,10.);
#1229=VECTOR('',#4169,10.);
#1230=VECTOR('',#4170,10.);
#1231=VECTOR('',#4175,10.);
#1232=VECTOR('',#4176,10.);
#1233=VECTOR('',#4177,10.);
#1234=VECTOR('',#4178,10.);
#1235=VECTOR('',#4179,10.);
#1236=VECTOR('',#4180,10.);
#1237=VECTOR('',#4181,10.);
#1238=VECTOR('',#4184,10.);
#1239=VECTOR('',#4185,10.);
#1240=VECTOR('',#4186,10.);
#1241=VECTOR('',#4187,10.);
#1242=VECTOR('',#4188,10.);
#1243=VECTOR('',#4189,10.);
#1244=VECTOR('',#4190,10.);
#1245=VECTOR('',#4193,10.);
#1246=VECTOR('',#4196,10.);
#1247=VECTOR('',#4197,10.);
#1248=VECTOR('',#4200,10.);
#1249=VECTOR('',#4203,10.);
#1250=VECTOR('',#4204,10.);
#1251=VECTOR('',#4207,10.);
#1252=VECTOR('',#4208,10.);
#1253=VECTOR('',#4209,10.);
#1254=VECTOR('',#4210,10.);
#1255=VECTOR('',#4211,10.);
#1256=VECTOR('',#4212,10.);
#1257=VECTOR('',#4213,10.);
#1258=VECTOR('',#4216,10.);
#1259=VECTOR('',#4217,10.);
#1260=VECTOR('',#4218,10.);
#1261=VECTOR('',#4219,10.);
#1262=VECTOR('',#4220,10.);
#1263=VECTOR('',#4221,10.);
#1264=VECTOR('',#4222,10.);
#1265=VECTOR('',#4225,10.);
#1266=VECTOR('',#4228,10.);
#1267=VECTOR('',#4229,10.);
#1268=VECTOR('',#4232,10.);
#1269=VECTOR('',#4237,10.);
#1270=VECTOR('',#4238,10.);
#1271=VECTOR('',#4239,10.);
#1272=VECTOR('',#4244,10.);
#1273=VECTOR('',#4245,10.);
#1274=VECTOR('',#4246,10.);
#1275=VECTOR('',#4247,10.);
#1276=VECTOR('',#4248,10.);
#1277=VECTOR('',#4249,10.);
#1278=VECTOR('',#4252,10.);
#1279=VECTOR('',#4253,10.);
#1280=VECTOR('',#4254,10.);
#1281=VECTOR('',#4255,10.);
#1282=VECTOR('',#4256,10.);
#1283=VECTOR('',#4257,10.);
#1284=VECTOR('',#4260,10.);
#1285=VECTOR('',#4265,10.);
#1286=VECTOR('',#4266,10.);
#1287=VECTOR('',#4269,10.);
#1288=VECTOR('',#4272,10.);
#1289=VECTOR('',#4273,10.);
#1290=VECTOR('',#4274,10.);
#1291=VECTOR('',#4275,10.);
#1292=VECTOR('',#4276,10.);
#1293=VECTOR('',#4277,10.);
#1294=VECTOR('',#4280,10.);
#1295=VECTOR('',#4281,10.);
#1296=VECTOR('',#4282,10.);
#1297=VECTOR('',#4283,10.);
#1298=VECTOR('',#4284,10.);
#1299=VECTOR('',#4285,10.);
#1300=VECTOR('',#4288,10.);
#1301=VECTOR('',#4291,10.);
#1302=VECTOR('',#4294,10.);
#1303=VECTOR('',#4297,10.);
#1304=VECTOR('',#4304,10.);
#1305=VECTOR('',#4307,10.);
#1306=VECTOR('',#4312,10.);
#1307=VECTOR('',#4315,10.);
#1308=VECTOR('',#4320,10.);
#1309=VECTOR('',#4323,10.);
#1310=VECTOR('',#4328,10.);
#1311=VECTOR('',#4331,10.);
#1312=VECTOR('',#4336,10.);
#1313=VECTOR('',#4339,10.);
#1314=VECTOR('',#4342,10.);
#1315=VECTOR('',#4345,10.);
#1316=VECTOR('',#4360,10.);
#1317=VECTOR('',#4361,10.);
#1318=VECTOR('',#4366,10.);
#1319=VECTOR('',#4367,10.);
#1320=VECTOR('',#4396,10.);
#1321=VECTOR('',#4407,10.);
#1322=VECTOR('',#4408,10.);
#1323=VECTOR('',#4413,10.);
#1324=VECTOR('',#4446,10.);
#1325=VECTOR('',#4447,10.);
#1326=VECTOR('',#4448,10.);
#1327=VECTOR('',#4449,10.);
#1328=VECTOR('',#4450,10.);
#1329=VECTOR('',#4451,10.);
#1330=VECTOR('',#4452,10.);
#1331=VECTOR('',#4455,10.);
#1332=VECTOR('',#4456,10.);
#1333=VECTOR('',#4457,10.);
#1334=VECTOR('',#4460,10.);
#1335=VECTOR('',#4461,10.);
#1336=VECTOR('',#4462,10.);
#1337=VECTOR('',#4463,10.);
#1338=VECTOR('',#4464,10.);
#1339=VECTOR('',#4465,10.);
#1340=VECTOR('',#4466,10.);
#1341=VECTOR('',#4467,10.);
#1342=VECTOR('',#4470,10.);
#1343=VECTOR('',#4471,10.);
#1344=VECTOR('',#4472,10.);
#1345=VECTOR('',#4473,10.);
#1346=VECTOR('',#4474,10.);
#1347=VECTOR('',#4479,10.);
#1348=VECTOR('',#4480,10.);
#1349=VECTOR('',#4483,10.);
#1350=VECTOR('',#4484,10.);
#1351=VECTOR('',#4485,10.);
#1352=VECTOR('',#4486,10.);
#1353=VECTOR('',#4487,10.);
#1354=VECTOR('',#4490,10.);
#1355=VECTOR('',#4491,10.);
#1356=VECTOR('',#4494,10.);
#1357=VECTOR('',#4497,10.);
#1358=VECTOR('',#4498,10.);
#1359=VECTOR('',#4499,10.);
#1360=VECTOR('',#4500,10.);
#1361=VECTOR('',#4501,10.);
#1362=VECTOR('',#4504,10.);
#1363=VECTOR('',#4505,10.);
#1364=VECTOR('',#4510,10.);
#1365=VECTOR('',#4511,10.);
#1366=VECTOR('',#4516,10.);
#1367=VECTOR('',#4521,10.);
#1368=VECTOR('',#4522,10.);
#1369=VECTOR('',#4529,10.);
#1370=VECTOR('',#4534,10.);
#1371=VECTOR('',#4537,10.);
#1372=VECTOR('',#4540,10.);
#1373=VECTOR('',#4541,10.);
#1374=VECTOR('',#4542,10.);
#1375=VECTOR('',#4555,10.);
#1376=VECTOR('',#4558,10.);
#1377=VECTOR('',#4561,10.);
#1378=VECTOR('',#4564,10.);
#1379=VECTOR('',#4567,10.);
#1380=VECTOR('',#4580,10.);
#1381=VECTOR('',#4583,10.);
#1382=VECTOR('',#4588,3.24999999999999);
#1383=VECTOR('',#4591,3.24999999999999);
#1384=VECTOR('',#4594,3.24999999999999);
#1385=VECTOR('',#4597,3.24999999999999);
#1386=VECTOR('',#4600,3.25);
#1387=VECTOR('',#4603,3.25);
#1388=VECTOR('',#4606,3.25);
#1389=VECTOR('',#4611,10.);
#1390=VECTOR('',#4612,10.);
#1391=VECTOR('',#4613,10.);
#1392=VERTEX_POINT('',#4616);
#1393=VERTEX_POINT('',#4617);
#1394=VERTEX_POINT('',#4619);
#1395=VERTEX_POINT('',#4621);
#1396=VERTEX_POINT('',#4623);
#1397=VERTEX_POINT('',#4625);
#1398=VERTEX_POINT('',#4627);
#1399=VERTEX_POINT('',#4629);
#1400=VERTEX_POINT('',#4631);
#1401=VERTEX_POINT('',#4633);
#1402=VERTEX_POINT('',#4635);
#1403=VERTEX_POINT('',#4638);
#1404=VERTEX_POINT('',#4640);
#1405=VERTEX_POINT('',#4644);
#1406=VERTEX_POINT('',#4645);
#1407=VERTEX_POINT('',#4647);
#1408=VERTEX_POINT('',#4649);
#1409=VERTEX_POINT('',#4651);
#1410=VERTEX_POINT('',#4653);
#1411=VERTEX_POINT('',#4655);
#1412=VERTEX_POINT('',#4657);
#1413=VERTEX_POINT('',#4659);
#1414=VERTEX_POINT('',#4674);
#1415=VERTEX_POINT('',#4698);
#1416=VERTEX_POINT('',#4699);
#1417=VERTEX_POINT('',#4701);
#1418=VERTEX_POINT('',#4703);
#1419=VERTEX_POINT('',#4707);
#1420=VERTEX_POINT('',#4709);
#1421=VERTEX_POINT('',#4716);
#1422=VERTEX_POINT('',#4718);
#1423=VERTEX_POINT('',#4725);
#1424=VERTEX_POINT('',#4727);
#1425=VERTEX_POINT('',#4759);
#1426=VERTEX_POINT('',#4760);
#1427=VERTEX_POINT('',#4762);
#1428=VERTEX_POINT('',#4764);
#1429=VERTEX_POINT('',#4768);
#1430=VERTEX_POINT('',#4770);
#1431=VERTEX_POINT('',#4774);
#1432=VERTEX_POINT('',#4776);
#1433=VERTEX_POINT('',#4780);
#1434=VERTEX_POINT('',#4782);
#1435=VERTEX_POINT('',#4786);
#1436=VERTEX_POINT('',#4788);
#1437=VERTEX_POINT('',#4792);
#1438=VERTEX_POINT('',#4794);
#1439=VERTEX_POINT('',#4798);
#1440=VERTEX_POINT('',#4800);
#1441=VERTEX_POINT('',#4804);
#1442=VERTEX_POINT('',#4806);
#1443=VERTEX_POINT('',#4810);
#1444=VERTEX_POINT('',#4812);
#1445=VERTEX_POINT('',#4817);
#1446=VERTEX_POINT('',#4821);
#1447=VERTEX_POINT('',#4825);
#1448=VERTEX_POINT('',#4827);
#1449=VERTEX_POINT('',#4835);
#1450=VERTEX_POINT('',#4836);
#1451=VERTEX_POINT('',#4838);
#1452=VERTEX_POINT('',#4840);
#1453=VERTEX_POINT('',#4844);
#1454=VERTEX_POINT('',#4846);
#1455=VERTEX_POINT('',#4861);
#1456=VERTEX_POINT('',#4862);
#1457=VERTEX_POINT('',#4869);
#1458=VERTEX_POINT('',#4871);
#1459=VERTEX_POINT('',#4891);
#1460=VERTEX_POINT('',#4898);
#1461=VERTEX_POINT('',#4918);
#1462=VERTEX_POINT('',#4925);
#1463=VERTEX_POINT('',#4945);
#1464=VERTEX_POINT('',#4952);
#1465=VERTEX_POINT('',#4984);
#1466=VERTEX_POINT('',#4997);
#1467=VERTEX_POINT('',#5035);
#1468=VERTEX_POINT('',#5048);
#1469=VERTEX_POINT('',#5086);
#1470=VERTEX_POINT('',#5099);
#1471=VERTEX_POINT('',#5167);
#1472=VERTEX_POINT('',#5169);
#1473=VERTEX_POINT('',#5180);
#1474=VERTEX_POINT('',#5191);
#1475=VERTEX_POINT('',#5202);
#1476=VERTEX_POINT('',#5208);
#1477=VERTEX_POINT('',#5210);
#1478=VERTEX_POINT('',#5215);
#1479=VERTEX_POINT('',#5217);
#1480=VERTEX_POINT('',#5222);
#1481=VERTEX_POINT('',#5224);
#1482=VERTEX_POINT('',#5229);
#1483=VERTEX_POINT('',#5231);
#1484=VERTEX_POINT('',#5262);
#1485=VERTEX_POINT('',#5263);
#1486=VERTEX_POINT('',#5265);
#1487=VERTEX_POINT('',#5267);
#1488=VERTEX_POINT('',#5272);
#1489=VERTEX_POINT('',#5276);
#1490=VERTEX_POINT('',#5306);
#1491=VERTEX_POINT('',#5307);
#1492=VERTEX_POINT('',#5309);
#1493=VERTEX_POINT('',#5311);
#1494=VERTEX_POINT('',#5316);
#1495=VERTEX_POINT('',#5320);
#1496=VERTEX_POINT('',#5350);
#1497=VERTEX_POINT('',#5351);
#1498=VERTEX_POINT('',#5353);
#1499=VERTEX_POINT('',#5355);
#1500=VERTEX_POINT('',#5360);
#1501=VERTEX_POINT('',#5364);
#1502=VERTEX_POINT('',#5377);
#1503=VERTEX_POINT('',#5388);
#1504=VERTEX_POINT('',#5394);
#1505=VERTEX_POINT('',#5401);
#1506=VERTEX_POINT('',#5403);
#1507=VERTEX_POINT('',#5405);
#1508=VERTEX_POINT('',#5407);
#1509=VERTEX_POINT('',#5409);
#1510=VERTEX_POINT('',#5411);
#1511=VERTEX_POINT('',#5413);
#1512=VERTEX_POINT('',#5415);
#1513=VERTEX_POINT('',#5418);
#1514=VERTEX_POINT('',#5421);
#1515=VERTEX_POINT('',#5425);
#1516=VERTEX_POINT('',#5429);
#1517=VERTEX_POINT('',#5433);
#1518=VERTEX_POINT('',#5437);
#1519=VERTEX_POINT('',#5440);
#1520=VERTEX_POINT('',#5443);
#1521=VERTEX_POINT('',#5465);
#1522=VERTEX_POINT('',#5467);
#1523=VERTEX_POINT('',#5478);
#1524=VERTEX_POINT('',#5489);
#1525=VERTEX_POINT('',#5500);
#1526=VERTEX_POINT('',#5506);
#1527=VERTEX_POINT('',#5508);
#1528=VERTEX_POINT('',#5510);
#1529=VERTEX_POINT('',#5512);
#1530=VERTEX_POINT('',#5514);
#1531=VERTEX_POINT('',#5518);
#1532=VERTEX_POINT('',#5520);
#1533=VERTEX_POINT('',#5522);
#1534=VERTEX_POINT('',#5524);
#1535=VERTEX_POINT('',#5526);
#1536=VERTEX_POINT('',#5530);
#1537=VERTEX_POINT('',#5532);
#1538=VERTEX_POINT('',#5534);
#1539=VERTEX_POINT('',#5536);
#1540=VERTEX_POINT('',#5538);
#1541=VERTEX_POINT('',#5542);
#1542=VERTEX_POINT('',#5546);
#1543=VERTEX_POINT('',#5548);
#1544=VERTEX_POINT('',#5550);
#1545=VERTEX_POINT('',#5552);
#1546=VERTEX_POINT('',#5554);
#1547=VERTEX_POINT('',#5558);
#1548=VERTEX_POINT('',#5559);
#1549=VERTEX_POINT('',#5561);
#1550=VERTEX_POINT('',#5565);
#1551=VERTEX_POINT('',#5566);
#1552=VERTEX_POINT('',#5568);
#1553=VERTEX_POINT('',#5572);
#1554=VERTEX_POINT('',#5573);
#1555=VERTEX_POINT('',#5575);
#1556=VERTEX_POINT('',#5579);
#1557=VERTEX_POINT('',#5580);
#1558=VERTEX_POINT('',#5582);
#1559=VERTEX_POINT('',#5586);
#1560=VERTEX_POINT('',#5587);
#1561=VERTEX_POINT('',#5591);
#1562=VERTEX_POINT('',#5592);
#1563=VERTEX_POINT('',#5596);
#1564=VERTEX_POINT('',#5597);
#1565=VERTEX_POINT('',#5601);
#1566=VERTEX_POINT('',#5602);
#1567=VERTEX_POINT('',#5606);
#1568=VERTEX_POINT('',#5607);
#1569=VERTEX_POINT('',#5609);
#1570=VERTEX_POINT('',#5611);
#1571=VERTEX_POINT('',#5616);
#1572=VERTEX_POINT('',#5619);
#1573=VERTEX_POINT('',#5621);
#1574=VERTEX_POINT('',#5623);
#1575=VERTEX_POINT('',#5627);
#1576=VERTEX_POINT('',#5629);
#1577=VERTEX_POINT('',#5631);
#1578=VERTEX_POINT('',#5634);
#1579=VERTEX_POINT('',#5639);
#1580=VERTEX_POINT('',#5640);
#1581=VERTEX_POINT('',#5642);
#1582=VERTEX_POINT('',#5644);
#1583=VERTEX_POINT('',#5648);
#1584=VERTEX_POINT('',#5649);
#1585=VERTEX_POINT('',#5651);
#1586=VERTEX_POINT('',#5653);
#1587=VERTEX_POINT('',#5658);
#1588=VERTEX_POINT('',#5661);
#1589=VERTEX_POINT('',#5663);
#1590=VERTEX_POINT('',#5665);
#1591=VERTEX_POINT('',#5669);
#1592=VERTEX_POINT('',#5671);
#1593=VERTEX_POINT('',#5673);
#1594=VERTEX_POINT('',#5676);
#1595=VERTEX_POINT('',#5681);
#1596=VERTEX_POINT('',#5682);
#1597=VERTEX_POINT('',#5684);
#1598=VERTEX_POINT('',#5686);
#1599=VERTEX_POINT('',#5693);
#1600=VERTEX_POINT('',#5694);
#1601=VERTEX_POINT('',#5696);
#1602=VERTEX_POINT('',#5698);
#1603=VERTEX_POINT('',#5703);
#1604=VERTEX_POINT('',#5706);
#1605=VERTEX_POINT('',#5712);
#1606=VERTEX_POINT('',#5715);
#1607=VERTEX_POINT('',#5723);
#1608=VERTEX_POINT('',#5724);
#1609=VERTEX_POINT('',#5726);
#1610=VERTEX_POINT('',#5728);
#1611=VERTEX_POINT('',#5733);
#1612=VERTEX_POINT('',#5736);
#1613=VERTEX_POINT('',#5742);
#1614=VERTEX_POINT('',#5745);
#1615=VERTEX_POINT('',#5790);
#1616=VERTEX_POINT('',#5791);
#1617=VERTEX_POINT('',#5798);
#1618=VERTEX_POINT('',#5800);
#1619=VERTEX_POINT('',#5804);
#1620=VERTEX_POINT('',#5805);
#1621=VERTEX_POINT('',#5807);
#1622=VERTEX_POINT('',#5811);
#1623=VERTEX_POINT('',#5815);
#1624=VERTEX_POINT('',#5817);
#1625=VERTEX_POINT('',#5823);
#1626=VERTEX_POINT('',#5824);
#1627=VERTEX_POINT('',#5834);
#1628=VERTEX_POINT('',#5838);
#1629=VERTEX_POINT('',#5842);
#1630=VERTEX_POINT('',#5863);
#1631=VERTEX_POINT('',#5864);
#1632=VERTEX_POINT('',#5866);
#1633=VERTEX_POINT('',#5868);
#1634=VERTEX_POINT('',#5872);
#1635=VERTEX_POINT('',#5879);
#1636=VERTEX_POINT('',#5883);
#1637=VERTEX_POINT('',#5884);
#1638=VERTEX_POINT('',#5886);
#1639=VERTEX_POINT('',#5890);
#1640=VERTEX_POINT('',#5894);
#1641=VERTEX_POINT('',#5900);
#1642=VERTEX_POINT('',#5901);
#1643=VERTEX_POINT('',#5908);
#1644=VERTEX_POINT('',#5910);
#1645=VERTEX_POINT('',#5919);
#1646=VERTEX_POINT('',#5920);
#1647=VERTEX_POINT('',#5930);
#1648=VERTEX_POINT('',#5932);
#1649=VERTEX_POINT('',#5936);
#1650=VERTEX_POINT('',#5970);
#1651=VERTEX_POINT('',#5971);
#1652=VERTEX_POINT('',#5973);
#1653=VERTEX_POINT('',#5975);
#1654=VERTEX_POINT('',#5977);
#1655=VERTEX_POINT('',#5979);
#1656=VERTEX_POINT('',#5990);
#1657=VERTEX_POINT('',#5995);
#1658=VERTEX_POINT('',#6002);
#1659=VERTEX_POINT('',#6004);
#1660=VERTEX_POINT('',#6008);
#1661=VERTEX_POINT('',#6010);
#1662=VERTEX_POINT('',#6012);
#1663=VERTEX_POINT('',#6023);
#1664=VERTEX_POINT('',#6028);
#1665=VERTEX_POINT('',#6048);
#1666=VERTEX_POINT('',#6055);
#1667=VERTEX_POINT('',#6077);
#1668=VERTEX_POINT('',#6084);
#1669=VERTEX_POINT('',#6100);
#1670=VERTEX_POINT('',#6105);
#1671=VERTEX_POINT('',#6112);
#1672=VERTEX_POINT('',#6114);
#1673=VERTEX_POINT('',#6116);
#1674=VERTEX_POINT('',#6118);
#1675=VERTEX_POINT('',#6138);
#1676=VERTEX_POINT('',#6151);
#1677=VERTEX_POINT('',#6159);
#1678=VERTEX_POINT('',#6166);
#1679=VERTEX_POINT('',#6236);
#1680=VERTEX_POINT('',#6237);
#1681=VERTEX_POINT('',#6239);
#1682=VERTEX_POINT('',#6241);
#1683=VERTEX_POINT('',#6243);
#1684=VERTEX_POINT('',#6247);
#1685=VERTEX_POINT('',#6248);
#1686=VERTEX_POINT('',#6250);
#1687=VERTEX_POINT('',#6255);
#1688=VERTEX_POINT('',#6256);
#1689=VERTEX_POINT('',#6258);
#1690=VERTEX_POINT('',#6260);
#1691=VERTEX_POINT('',#6262);
#1692=VERTEX_POINT('',#6269);
#1693=VERTEX_POINT('',#6271);
#1694=VERTEX_POINT('',#6275);
#1695=VERTEX_POINT('',#6279);
#1696=VERTEX_POINT('',#6281);
#1697=VERTEX_POINT('',#6286);
#1698=VERTEX_POINT('',#6290);
#1699=VERTEX_POINT('',#6295);
#1700=VERTEX_POINT('',#6297);
#1701=VERTEX_POINT('',#6299);
#1702=VERTEX_POINT('',#6303);
#1703=VERTEX_POINT('',#6317);
#1704=VERTEX_POINT('',#6326);
#1705=VERTEX_POINT('',#6329);
#1706=VERTEX_POINT('',#6332);
#1707=EDGE_CURVE('',#1392,#1393,#838,.T.);
#1708=EDGE_CURVE('',#1394,#1392,#828,.T.);
#1709=EDGE_CURVE('',#1395,#1394,#839,.T.);
#1710=EDGE_CURVE('',#1396,#1395,#688,.T.);
#1711=EDGE_CURVE('',#1397,#1396,#840,.T.);
#1712=EDGE_CURVE('',#1398,#1397,#829,.T.);
#1713=EDGE_CURVE('',#1399,#1398,#830,.T.);
#1714=EDGE_CURVE('',#1400,#1399,#841,.T.);
#1715=EDGE_CURVE('',#1401,#1400,#689,.T.);
#1716=EDGE_CURVE('',#1401,#1402,#842,.T.);
#1717=EDGE_CURVE('',#1402,#1402,#690,.F.);
#1718=EDGE_CURVE('',#1403,#1401,#691,.T.);
#1719=EDGE_CURVE('',#1404,#1403,#843,.T.);
#1720=EDGE_CURVE('',#1393,#1404,#831,.T.);
#1721=EDGE_CURVE('',#1405,#1406,#844,.T.);
#1722=EDGE_CURVE('',#1407,#1405,#692,.T.);
#1723=EDGE_CURVE('',#1407,#1408,#845,.T.);
#1724=EDGE_CURVE('',#1408,#1409,#693,.T.);
#1725=EDGE_CURVE('',#1410,#1409,#846,.T.);
#1726=EDGE_CURVE('',#1411,#1410,#694,.T.);
#1727=EDGE_CURVE('',#1412,#1411,#847,.T.);
#1728=EDGE_CURVE('',#1413,#1412,#226,.T.);
#1729=EDGE_CURVE('',#1414,#1413,#227,.T.);
#1730=EDGE_CURVE('',#1406,#1414,#228,.T.);
#1731=EDGE_CURVE('',#1415,#1416,#695,.T.);
#1732=EDGE_CURVE('',#1415,#1417,#848,.T.);
#1733=EDGE_CURVE('',#1417,#1418,#696,.T.);
#1734=EDGE_CURVE('',#1416,#1418,#849,.T.);
#1735=EDGE_CURVE('',#1419,#1415,#697,.T.);
#1736=EDGE_CURVE('',#1419,#1420,#850,.T.);
#1737=EDGE_CURVE('',#1420,#1417,#698,.T.);
#1738=EDGE_CURVE('',#1416,#1407,#699,.T.);
#1739=EDGE_CURVE('',#1418,#1408,#700,.T.);
#1740=EDGE_CURVE('',#1421,#1420,#851,.T.);
#1741=EDGE_CURVE('',#1422,#1421,#852,.T.);
#1742=EDGE_CURVE('',#1409,#1422,#853,.T.);
#1743=EDGE_CURVE('',#1412,#1406,#701,.T.);
#1744=EDGE_CURVE('',#1405,#1411,#702,.T.);
#1745=EDGE_CURVE('',#1423,#1423,#703,.T.);
#1746=EDGE_CURVE('',#1423,#1424,#854,.T.);
#1747=EDGE_CURVE('',#1414,#1424,#704,.T.);
#1748=EDGE_CURVE('',#1424,#1413,#705,.T.);
#1749=EDGE_CURVE('',#1425,#1426,#855,.T.);
#1750=EDGE_CURVE('',#1425,#1427,#856,.T.);
#1751=EDGE_CURVE('',#1427,#1428,#857,.T.);
#1752=EDGE_CURVE('',#1426,#1428,#858,.T.);
#1753=EDGE_CURVE('',#1429,#1425,#859,.T.);
#1754=EDGE_CURVE('',#1429,#1430,#860,.T.);
#1755=EDGE_CURVE('',#1430,#1427,#861,.T.);
#1756=EDGE_CURVE('',#1431,#1429,#862,.T.);
#1757=EDGE_CURVE('',#1431,#1432,#863,.T.);
#1758=EDGE_CURVE('',#1432,#1430,#864,.T.);
#1759=EDGE_CURVE('',#1433,#1431,#865,.T.);
#1760=EDGE_CURVE('',#1433,#1434,#866,.T.);
#1761=EDGE_CURVE('',#1434,#1432,#867,.T.);
#1762=EDGE_CURVE('',#1435,#1433,#868,.T.);
#1763=EDGE_CURVE('',#1435,#1436,#869,.T.);
#1764=EDGE_CURVE('',#1436,#1434,#870,.T.);
#1765=EDGE_CURVE('',#1437,#1435,#871,.T.);
#1766=EDGE_CURVE('',#1437,#1438,#872,.T.);
#1767=EDGE_CURVE('',#1438,#1436,#873,.T.);
#1768=EDGE_CURVE('',#1439,#1437,#874,.T.);
#1769=EDGE_CURVE('',#1439,#1440,#875,.T.);
#1770=EDGE_CURVE('',#1440,#1438,#876,.T.);
#1771=EDGE_CURVE('',#1441,#1439,#877,.T.);
#1772=EDGE_CURVE('',#1441,#1442,#878,.T.);
#1773=EDGE_CURVE('',#1442,#1440,#879,.T.);
#1774=EDGE_CURVE('',#1443,#1441,#880,.T.);
#1775=EDGE_CURVE('',#1443,#1444,#881,.T.);
#1776=EDGE_CURVE('',#1444,#1442,#882,.T.);
#1777=EDGE_CURVE('',#1410,#1443,#883,.T.);
#1778=EDGE_CURVE('',#1422,#1445,#884,.T.);
#1779=EDGE_CURVE('',#1445,#1444,#885,.T.);
#1780=EDGE_CURVE('',#1421,#1446,#886,.T.);
#1781=EDGE_CURVE('',#1446,#1445,#887,.T.);
#1782=EDGE_CURVE('',#1447,#1419,#888,.T.);
#1783=EDGE_CURVE('',#1447,#1448,#889,.T.);
#1784=EDGE_CURVE('',#1448,#1446,#890,.T.);
#1785=EDGE_CURVE('',#1426,#1447,#891,.T.);
#1786=EDGE_CURVE('',#1428,#1448,#892,.T.);
#1787=EDGE_CURVE('',#1449,#1450,#893,.T.);
#1788=EDGE_CURVE('',#1451,#1450,#894,.T.);
#1789=EDGE_CURVE('',#1451,#1452,#895,.T.);
#1790=EDGE_CURVE('',#1449,#1452,#896,.T.);
#1791=EDGE_CURVE('',#1453,#1450,#897,.T.);
#1792=EDGE_CURVE('',#1454,#1453,#898,.T.);
#1793=EDGE_CURVE('',#1451,#1454,#899,.T.);
#1794=EDGE_CURVE('',#1455,#1456,#229,.T.);
#1795=EDGE_CURVE('',#1457,#1455,#900,.T.);
#1796=EDGE_CURVE('',#1457,#1458,#230,.T.);
#1797=EDGE_CURVE('',#1458,#1456,#901,.T.);
#1798=EDGE_CURVE('',#1459,#1455,#231,.T.);
#1799=EDGE_CURVE('',#1460,#1459,#902,.T.);
#1800=EDGE_CURVE('',#1460,#1457,#232,.T.);
#1801=EDGE_CURVE('',#1461,#1459,#233,.T.);
#1802=EDGE_CURVE('',#1462,#1461,#903,.T.);
#1803=EDGE_CURVE('',#1462,#1460,#234,.T.);
#1804=EDGE_CURVE('',#1463,#1461,#235,.T.);
#1805=EDGE_CURVE('',#1464,#1463,#904,.T.);
#1806=EDGE_CURVE('',#1464,#1462,#236,.T.);
#1807=EDGE_CURVE('',#1465,#1463,#237,.T.);
#1808=EDGE_CURVE('',#1466,#1465,#905,.T.);
#1809=EDGE_CURVE('',#1466,#1464,#238,.T.);
#1810=EDGE_CURVE('',#1467,#1465,#239,.T.);
#1811=EDGE_CURVE('',#1468,#1467,#906,.T.);
#1812=EDGE_CURVE('',#1468,#1466,#240,.T.);
#1813=EDGE_CURVE('',#1469,#1467,#241,.T.);
#1814=EDGE_CURVE('',#1470,#1469,#907,.T.);
#1815=EDGE_CURVE('',#1470,#1468,#242,.T.);
#1816=EDGE_CURVE('',#1456,#1469,#243,.T.);
#1817=EDGE_CURVE('',#1458,#1470,#244,.T.);
#1818=EDGE_CURVE('',#1467,#1471,#908,.T.);
#1819=EDGE_CURVE('',#1472,#1471,#44,.T.);
#1820=EDGE_CURVE('',#1469,#1472,#909,.T.);
#1821=EDGE_CURVE('',#1473,#1465,#910,.T.);
#1822=EDGE_CURVE('',#1471,#1473,#45,.T.);
#1823=EDGE_CURVE('',#1463,#1474,#911,.T.);
#1824=EDGE_CURVE('',#1473,#1474,#46,.T.);
#1825=EDGE_CURVE('',#1475,#1461,#912,.T.);
#1826=EDGE_CURVE('',#1474,#1475,#47,.T.);
#1827=EDGE_CURVE('',#1476,#1476,#706,.T.);
#1828=EDGE_CURVE('',#1476,#1477,#913,.T.);
#1829=EDGE_CURVE('',#1477,#1477,#707,.T.);
#1830=EDGE_CURVE('',#1478,#1478,#708,.T.);
#1831=EDGE_CURVE('',#1478,#1479,#914,.T.);
#1832=EDGE_CURVE('',#1479,#1479,#709,.T.);
#1833=EDGE_CURVE('',#1480,#1480,#710,.T.);
#1834=EDGE_CURVE('',#1480,#1481,#915,.T.);
#1835=EDGE_CURVE('',#1481,#1481,#711,.T.);
#1836=EDGE_CURVE('',#1482,#1482,#712,.T.);
#1837=EDGE_CURVE('',#1482,#1483,#916,.T.);
#1838=EDGE_CURVE('',#1483,#1483,#713,.T.);
#1839=EDGE_CURVE('',#1484,#1485,#714,.T.);
#1840=EDGE_CURVE('',#1485,#1486,#715,.T.);
#1841=EDGE_CURVE('',#1486,#1487,#716,.T.);
#1842=EDGE_CURVE('',#1487,#1486,#717,.T.);
#1843=EDGE_CURVE('',#1485,#1484,#718,.T.);
#1844=EDGE_CURVE('',#1488,#1488,#719,.T.);
#1845=EDGE_CURVE('',#1488,#1487,#917,.T.);
#1846=EDGE_CURVE('',#1489,#1489,#720,.T.);
#1847=EDGE_CURVE('',#1489,#1484,#918,.T.);
#1848=EDGE_CURVE('',#1490,#1491,#721,.T.);
#1849=EDGE_CURVE('',#1491,#1492,#722,.T.);
#1850=EDGE_CURVE('',#1492,#1493,#723,.T.);
#1851=EDGE_CURVE('',#1493,#1492,#724,.T.);
#1852=EDGE_CURVE('',#1491,#1490,#725,.T.);
#1853=EDGE_CURVE('',#1494,#1494,#726,.T.);
#1854=EDGE_CURVE('',#1494,#1493,#919,.T.);
#1855=EDGE_CURVE('',#1495,#1495,#727,.T.);
#1856=EDGE_CURVE('',#1495,#1490,#920,.T.);
#1857=EDGE_CURVE('',#1496,#1497,#728,.T.);
#1858=EDGE_CURVE('',#1497,#1498,#729,.T.);
#1859=EDGE_CURVE('',#1498,#1499,#730,.T.);
#1860=EDGE_CURVE('',#1499,#1498,#731,.T.);
#1861=EDGE_CURVE('',#1497,#1496,#732,.T.);
#1862=EDGE_CURVE('',#1500,#1500,#733,.T.);
#1863=EDGE_CURVE('',#1500,#1499,#921,.T.);
#1864=EDGE_CURVE('',#1501,#1501,#734,.T.);
#1865=EDGE_CURVE('',#1501,#1496,#922,.T.);
#1866=EDGE_CURVE('',#1459,#1502,#923,.T.);
#1867=EDGE_CURVE('',#1475,#1502,#48,.T.);
#1868=EDGE_CURVE('',#1455,#1503,#924,.T.);
#1869=EDGE_CURVE('',#1502,#1503,#49,.T.);
#1870=EDGE_CURVE('',#1503,#1504,#50,.T.);
#1871=EDGE_CURVE('',#1504,#1472,#51,.T.);
#1872=EDGE_CURVE('',#1505,#1505,#735,.T.);
#1873=EDGE_CURVE('',#1506,#1506,#736,.T.);
#1874=EDGE_CURVE('',#1507,#1507,#737,.T.);
#1875=EDGE_CURVE('',#1508,#1508,#738,.T.);
#1876=EDGE_CURVE('',#1509,#1509,#739,.T.);
#1877=EDGE_CURVE('',#1510,#1510,#740,.T.);
#1878=EDGE_CURVE('',#1511,#1511,#741,.T.);
#1879=EDGE_CURVE('',#1449,#1512,#925,.T.);
#1880=EDGE_CURVE('',#1512,#1453,#926,.T.);
#1881=EDGE_CURVE('',#1513,#1513,#742,.T.);
#1882=EDGE_CURVE('',#1514,#1514,#743,.T.);
#1883=EDGE_CURVE('',#1514,#1507,#927,.T.);
#1884=EDGE_CURVE('',#1515,#1515,#744,.T.);
#1885=EDGE_CURVE('',#1515,#1508,#928,.T.);
#1886=EDGE_CURVE('',#1516,#1516,#745,.T.);
#1887=EDGE_CURVE('',#1516,#1509,#929,.T.);
#1888=EDGE_CURVE('',#1517,#1517,#746,.T.);
#1889=EDGE_CURVE('',#1517,#1510,#930,.T.);
#1890=EDGE_CURVE('',#1518,#1518,#747,.F.);
#1891=EDGE_CURVE('',#1519,#1519,#748,.F.);
#1892=EDGE_CURVE('',#1520,#1520,#749,.F.);
#1893=EDGE_CURVE('',#1504,#1456,#931,.T.);
#1894=EDGE_CURVE('',#1521,#1470,#932,.T.);
#1895=EDGE_CURVE('',#1522,#1521,#52,.T.);
#1896=EDGE_CURVE('',#1522,#1468,#933,.T.);
#1897=EDGE_CURVE('',#1523,#1522,#53,.T.);
#1898=EDGE_CURVE('',#1466,#1523,#934,.T.);
#1899=EDGE_CURVE('',#1524,#1523,#54,.T.);
#1900=EDGE_CURVE('',#1524,#1464,#935,.T.);
#1901=EDGE_CURVE('',#1525,#1524,#55,.T.);
#1902=EDGE_CURVE('',#1462,#1525,#936,.T.);
#1903=EDGE_CURVE('',#1526,#1526,#750,.T.);
#1904=EDGE_CURVE('',#1526,#1527,#937,.T.);
#1905=EDGE_CURVE('',#1527,#1528,#751,.T.);
#1906=EDGE_CURVE('',#1528,#1529,#752,.T.);
#1907=EDGE_CURVE('',#1529,#1530,#753,.T.);
#1908=EDGE_CURVE('',#1530,#1527,#754,.T.);
#1909=EDGE_CURVE('',#1531,#1531,#755,.T.);
#1910=EDGE_CURVE('',#1531,#1532,#938,.T.);
#1911=EDGE_CURVE('',#1532,#1533,#756,.T.);
#1912=EDGE_CURVE('',#1533,#1534,#757,.T.);
#1913=EDGE_CURVE('',#1534,#1535,#758,.T.);
#1914=EDGE_CURVE('',#1535,#1532,#759,.T.);
#1915=EDGE_CURVE('',#1536,#1536,#760,.T.);
#1916=EDGE_CURVE('',#1536,#1537,#939,.T.);
#1917=EDGE_CURVE('',#1537,#1538,#761,.T.);
#1918=EDGE_CURVE('',#1538,#1539,#762,.T.);
#1919=EDGE_CURVE('',#1539,#1540,#763,.T.);
#1920=EDGE_CURVE('',#1540,#1537,#764,.T.);
#1921=EDGE_CURVE('',#1541,#1512,#940,.T.);
#1922=EDGE_CURVE('',#1454,#1541,#941,.T.);
#1923=EDGE_CURVE('',#1542,#1542,#765,.T.);
#1924=EDGE_CURVE('',#1542,#1543,#942,.T.);
#1925=EDGE_CURVE('',#1543,#1544,#766,.T.);
#1926=EDGE_CURVE('',#1544,#1545,#767,.T.);
#1927=EDGE_CURVE('',#1545,#1546,#768,.T.);
#1928=EDGE_CURVE('',#1546,#1543,#769,.T.);
#1929=EDGE_CURVE('',#1547,#1548,#943,.T.);
#1930=EDGE_CURVE('',#1548,#1549,#770,.T.);
#1931=EDGE_CURVE('',#1549,#1547,#771,.T.);
#1932=EDGE_CURVE('',#1550,#1551,#944,.T.);
#1933=EDGE_CURVE('',#1551,#1552,#772,.T.);
#1934=EDGE_CURVE('',#1552,#1550,#773,.T.);
#1935=EDGE_CURVE('',#1553,#1554,#774,.T.);
#1936=EDGE_CURVE('',#1554,#1555,#775,.T.);
#1937=EDGE_CURVE('',#1555,#1553,#945,.T.);
#1938=EDGE_CURVE('',#1556,#1557,#776,.T.);
#1939=EDGE_CURVE('',#1557,#1558,#777,.T.);
#1940=EDGE_CURVE('',#1558,#1556,#946,.T.);
#1941=EDGE_CURVE('',#1559,#1560,#778,.T.);
#1942=EDGE_CURVE('',#1560,#1559,#947,.T.);
#1943=EDGE_CURVE('',#1561,#1562,#779,.T.);
#1944=EDGE_CURVE('',#1562,#1561,#948,.T.);
#1945=EDGE_CURVE('',#1563,#1564,#949,.T.);
#1946=EDGE_CURVE('',#1564,#1563,#780,.T.);
#1947=EDGE_CURVE('',#1565,#1566,#950,.T.);
#1948=EDGE_CURVE('',#1566,#1565,#781,.T.);
#1949=EDGE_CURVE('',#1567,#1568,#951,.T.);
#1950=EDGE_CURVE('',#1568,#1569,#952,.T.);
#1951=EDGE_CURVE('',#1569,#1570,#953,.T.);
#1952=EDGE_CURVE('',#1570,#1567,#782,.T.);
#1953=EDGE_CURVE('',#1570,#1550,#954,.T.);
#1954=EDGE_CURVE('',#1571,#1569,#955,.T.);
#1955=EDGE_CURVE('',#1532,#1571,#956,.T.);
#1956=EDGE_CURVE('',#1572,#1532,#957,.T.);
#1957=EDGE_CURVE('',#1573,#1572,#958,.T.);
#1958=EDGE_CURVE('',#1574,#1573,#959,.T.);
#1959=EDGE_CURVE('',#1574,#1551,#960,.T.);
#1960=EDGE_CURVE('',#1575,#1562,#961,.T.);
#1961=EDGE_CURVE('',#1576,#1575,#962,.T.);
#1962=EDGE_CURVE('',#1577,#1576,#963,.T.);
#1963=EDGE_CURVE('',#1534,#1577,#964,.T.);
#1964=EDGE_CURVE('',#1578,#1534,#965,.T.);
#1965=EDGE_CURVE('',#1568,#1578,#966,.T.);
#1966=EDGE_CURVE('',#1567,#1561,#967,.T.);
#1967=EDGE_CURVE('',#1579,#1580,#968,.T.);
#1968=EDGE_CURVE('',#1580,#1581,#783,.T.);
#1969=EDGE_CURVE('',#1581,#1582,#969,.T.);
#1970=EDGE_CURVE('',#1582,#1579,#970,.T.);
#1971=EDGE_CURVE('',#1583,#1584,#971,.T.);
#1972=EDGE_CURVE('',#1584,#1585,#784,.T.);
#1973=EDGE_CURVE('',#1585,#1586,#972,.T.);
#1974=EDGE_CURVE('',#1586,#1583,#973,.T.);
#1975=EDGE_CURVE('',#1584,#1563,#974,.T.);
#1976=EDGE_CURVE('',#1587,#1583,#975,.T.);
#1977=EDGE_CURVE('',#1539,#1587,#976,.T.);
#1978=EDGE_CURVE('',#1588,#1539,#977,.T.);
#1979=EDGE_CURVE('',#1589,#1588,#978,.T.);
#1980=EDGE_CURVE('',#1590,#1589,#979,.T.);
#1981=EDGE_CURVE('',#1590,#1564,#980,.T.);
#1982=EDGE_CURVE('',#1591,#1555,#981,.T.);
#1983=EDGE_CURVE('',#1592,#1591,#982,.T.);
#1984=EDGE_CURVE('',#1593,#1592,#983,.T.);
#1985=EDGE_CURVE('',#1537,#1593,#984,.T.);
#1986=EDGE_CURVE('',#1594,#1537,#985,.T.);
#1987=EDGE_CURVE('',#1586,#1594,#986,.T.);
#1988=EDGE_CURVE('',#1585,#1553,#987,.T.);
#1989=EDGE_CURVE('',#1595,#1596,#988,.T.);
#1990=EDGE_CURVE('',#1596,#1597,#785,.T.);
#1991=EDGE_CURVE('',#1597,#1598,#989,.T.);
#1992=EDGE_CURVE('',#1598,#1595,#990,.T.);
#1993=EDGE_CURVE('',#1573,#1576,#991,.T.);
#1994=EDGE_CURVE('',#1575,#1574,#786,.T.);
#1995=EDGE_CURVE('',#1599,#1600,#992,.T.);
#1996=EDGE_CURVE('',#1600,#1601,#993,.T.);
#1997=EDGE_CURVE('',#1601,#1602,#994,.T.);
#1998=EDGE_CURVE('',#1602,#1599,#787,.T.);
#1999=EDGE_CURVE('',#1602,#1558,#995,.T.);
#2000=EDGE_CURVE('',#1603,#1601,#996,.T.);
#2001=EDGE_CURVE('',#1527,#1603,#997,.T.);
#2002=EDGE_CURVE('',#1604,#1527,#998,.T.);
#2003=EDGE_CURVE('',#1582,#1604,#999,.T.);
#2004=EDGE_CURVE('',#1581,#1556,#1000,.T.);
#2005=EDGE_CURVE('',#1580,#1565,#1001,.T.);
#2006=EDGE_CURVE('',#1605,#1579,#1002,.T.);
#2007=EDGE_CURVE('',#1529,#1605,#1003,.T.);
#2008=EDGE_CURVE('',#1606,#1529,#1004,.T.);
#2009=EDGE_CURVE('',#1600,#1606,#1005,.T.);
#2010=EDGE_CURVE('',#1599,#1566,#1006,.T.);
#2011=EDGE_CURVE('',#1589,#1592,#1007,.T.);
#2012=EDGE_CURVE('',#1591,#1590,#788,.T.);
#2013=EDGE_CURVE('',#1607,#1608,#1008,.T.);
#2014=EDGE_CURVE('',#1608,#1609,#1009,.T.);
#2015=EDGE_CURVE('',#1609,#1610,#789,.T.);
#2016=EDGE_CURVE('',#1610,#1607,#1010,.T.);
#2017=EDGE_CURVE('',#1609,#1560,#1011,.T.);
#2018=EDGE_CURVE('',#1611,#1608,#1012,.T.);
#2019=EDGE_CURVE('',#1545,#1611,#1013,.T.);
#2020=EDGE_CURVE('',#1612,#1545,#1014,.T.);
#2021=EDGE_CURVE('',#1598,#1612,#1015,.T.);
#2022=EDGE_CURVE('',#1597,#1559,#1016,.T.);
#2023=EDGE_CURVE('',#1596,#1547,#1017,.T.);
#2024=EDGE_CURVE('',#1613,#1595,#1018,.T.);
#2025=EDGE_CURVE('',#1543,#1613,#1019,.T.);
#2026=EDGE_CURVE('',#1614,#1543,#1020,.T.);
#2027=EDGE_CURVE('',#1607,#1614,#1021,.T.);
#2028=EDGE_CURVE('',#1610,#1548,#1022,.T.);
#2029=EDGE_CURVE('',#1605,#1530,#1023,.T.);
#2030=EDGE_CURVE('',#1530,#1604,#1024,.T.);
#2031=EDGE_CURVE('',#1528,#1606,#1025,.T.);
#2032=EDGE_CURVE('',#1603,#1528,#1026,.T.);
#2033=EDGE_CURVE('',#1544,#1612,#1027,.T.);
#2034=EDGE_CURVE('',#1613,#1544,#1028,.T.);
#2035=EDGE_CURVE('',#1611,#1546,#1029,.T.);
#2036=EDGE_CURVE('',#1546,#1614,#1030,.T.);
#2037=EDGE_CURVE('',#1535,#1572,#1031,.T.);
#2038=EDGE_CURVE('',#1577,#1535,#1032,.T.);
#2039=EDGE_CURVE('',#1533,#1578,#1033,.T.);
#2040=EDGE_CURVE('',#1571,#1533,#1034,.T.);
#2041=EDGE_CURVE('',#1538,#1588,#1035,.T.);
#2042=EDGE_CURVE('',#1593,#1538,#1036,.T.);
#2043=EDGE_CURVE('',#1540,#1594,#1037,.T.);
#2044=EDGE_CURVE('',#1587,#1540,#1038,.T.);
#2045=EDGE_CURVE('',#1615,#1616,#245,.T.);
#2046=EDGE_CURVE('',#1617,#1616,#790,.T.);
#2047=EDGE_CURVE('',#1617,#1618,#791,.T.);
#2048=EDGE_CURVE('',#1615,#1618,#792,.T.);
#2049=EDGE_CURVE('',#1619,#1620,#1039,.T.);
#2050=EDGE_CURVE('',#1621,#1619,#56,.T.);
#2051=EDGE_CURVE('',#1622,#1621,#1040,.T.);
#2052=EDGE_CURVE('',#1622,#1620,#793,.T.);
#2053=EDGE_CURVE('',#1618,#1623,#1041,.T.);
#2054=EDGE_CURVE('',#1624,#1617,#1042,.T.);
#2055=EDGE_CURVE('',#1624,#1623,#246,.T.);
#2056=EDGE_CURVE('',#1625,#1626,#247,.T.);
#2057=EDGE_CURVE('',#1620,#1626,#794,.T.);
#2058=EDGE_CURVE('',#1625,#1622,#795,.T.);
#2059=EDGE_CURVE('',#1615,#1627,#796,.T.);
#2060=EDGE_CURVE('',#1623,#1627,#797,.T.);
#2061=EDGE_CURVE('',#1628,#1626,#798,.T.);
#2062=EDGE_CURVE('',#1628,#1619,#799,.T.);
#2063=EDGE_CURVE('',#1628,#1629,#248,.T.);
#2064=EDGE_CURVE('',#1629,#1627,#249,.T.);
#2065=EDGE_CURVE('',#1621,#1624,#800,.T.);
#2066=EDGE_CURVE('',#1630,#1631,#801,.T.);
#2067=EDGE_CURVE('',#1630,#1632,#802,.T.);
#2068=EDGE_CURVE('',#1632,#1633,#1043,.T.);
#2069=EDGE_CURVE('',#1633,#1631,#803,.T.);
#2070=EDGE_CURVE('',#1630,#1634,#250,.T.);
#2071=EDGE_CURVE('',#1635,#1634,#804,.T.);
#2072=EDGE_CURVE('',#1635,#1632,#805,.T.);
#2073=EDGE_CURVE('',#1636,#1637,#1044,.T.);
#2074=EDGE_CURVE('',#1638,#1636,#251,.T.);
#2075=EDGE_CURVE('',#1639,#1638,#1045,.T.);
#2076=EDGE_CURVE('',#1639,#1637,#806,.T.);
#2077=EDGE_CURVE('',#1640,#1635,#1046,.T.);
#2078=EDGE_CURVE('',#1640,#1633,#57,.T.);
#2079=EDGE_CURVE('',#1641,#1642,#252,.T.);
#2080=EDGE_CURVE('',#1643,#1642,#807,.T.);
#2081=EDGE_CURVE('',#1643,#1644,#253,.T.);
#2082=EDGE_CURVE('',#1641,#1644,#808,.T.);
#2083=EDGE_CURVE('',#1645,#1646,#254,.T.);
#2084=EDGE_CURVE('',#1637,#1646,#809,.T.);
#2085=EDGE_CURVE('',#1645,#1639,#810,.T.);
#2086=EDGE_CURVE('',#1647,#1642,#811,.T.);
#2087=EDGE_CURVE('',#1647,#1648,#812,.T.);
#2088=EDGE_CURVE('',#1643,#1648,#813,.T.);
#2089=EDGE_CURVE('',#1649,#1646,#814,.T.);
#2090=EDGE_CURVE('',#1649,#1636,#815,.T.);
#2091=EDGE_CURVE('',#1647,#1631,#255,.T.);
#2092=EDGE_CURVE('',#1638,#1640,#816,.T.);
#2093=EDGE_CURVE('',#1649,#1648,#256,.T.);
#2094=EDGE_CURVE('',#1650,#1651,#1047,.T.);
#2095=EDGE_CURVE('',#1650,#1652,#1048,.T.);
#2096=EDGE_CURVE('',#1652,#1653,#1049,.T.);
#2097=EDGE_CURVE('',#1654,#1653,#1050,.T.);
#2098=EDGE_CURVE('',#1655,#1654,#1051,.T.);
#2099=EDGE_CURVE('',#1655,#1651,#1052,.T.);
#2100=EDGE_CURVE('',#1656,#1650,#257,.T.);
#2101=EDGE_CURVE('',#1657,#1656,#1053,.T.);
#2102=EDGE_CURVE('',#1652,#1657,#258,.T.);
#2103=EDGE_CURVE('',#1658,#1656,#1054,.T.);
#2104=EDGE_CURVE('',#1659,#1658,#1055,.T.);
#2105=EDGE_CURVE('',#1657,#1659,#1056,.T.);
#2106=EDGE_CURVE('',#1660,#1525,#1057,.T.);
#2107=EDGE_CURVE('',#1661,#1660,#1058,.T.);
#2108=EDGE_CURVE('',#1662,#1661,#1059,.T.);
#2109=EDGE_CURVE('',#1662,#1525,#1060,.T.);
#2110=EDGE_CURVE('',#1651,#1663,#259,.T.);
#2111=EDGE_CURVE('',#1664,#1655,#260,.T.);
#2112=EDGE_CURVE('',#1664,#1663,#1061,.T.);
#2113=EDGE_CURVE('',#1663,#1665,#261,.T.);
#2114=EDGE_CURVE('',#1666,#1664,#262,.T.);
#2115=EDGE_CURVE('',#1666,#1665,#1062,.T.);
#2116=EDGE_CURVE('',#1665,#1667,#263,.T.);
#2117=EDGE_CURVE('',#1668,#1666,#264,.T.);
#2118=EDGE_CURVE('',#1668,#1667,#1063,.T.);
#2119=EDGE_CURVE('',#1667,#1669,#265,.T.);
#2120=EDGE_CURVE('',#1670,#1668,#266,.T.);
#2121=EDGE_CURVE('',#1670,#1669,#1064,.T.);
#2122=EDGE_CURVE('',#1669,#1671,#1065,.T.);
#2123=EDGE_CURVE('',#1670,#1672,#1066,.T.);
#2124=EDGE_CURVE('',#1673,#1672,#1067,.T.);
#2125=EDGE_CURVE('',#1674,#1673,#1068,.T.);
#2126=EDGE_CURVE('',#1674,#1671,#1069,.T.);
#2127=EDGE_CURVE('',#1671,#1660,#267,.T.);
#2128=EDGE_CURVE('',#1661,#1674,#268,.T.);
#2129=EDGE_CURVE('',#1661,#1675,#269,.T.);
#2130=EDGE_CURVE('',#1675,#1657,#270,.T.);
#2131=EDGE_CURVE('',#1659,#1676,#58,.T.);
#2132=EDGE_CURVE('',#1676,#1662,#59,.T.);
#2133=EDGE_CURVE('',#1677,#1654,#271,.T.);
#2134=EDGE_CURVE('',#1653,#1678,#272,.T.);
#2135=EDGE_CURVE('',#1678,#1673,#273,.T.);
#2136=EDGE_CURVE('',#1672,#1677,#274,.T.);
#2137=EDGE_CURVE('',#1666,#1677,#1070,.T.);
#2138=EDGE_CURVE('',#1675,#1678,#1071,.T.);
#2139=EDGE_CURVE('',#1679,#1680,#1072,.T.);
#2140=EDGE_CURVE('',#1681,#1680,#1073,.T.);
#2141=EDGE_CURVE('',#1682,#1681,#1074,.T.);
#2142=EDGE_CURVE('',#1683,#1682,#1075,.T.);
#2143=EDGE_CURVE('',#1683,#1679,#1076,.T.);
#2144=EDGE_CURVE('',#1684,#1685,#1077,.T.);
#2145=EDGE_CURVE('',#1686,#1685,#1078,.T.);
#2146=EDGE_CURVE('',#1686,#1679,#817,.T.);
#2147=EDGE_CURVE('',#1684,#1683,#1079,.T.);
#2148=EDGE_CURVE('',#1687,#1688,#1080,.T.);
#2149=EDGE_CURVE('',#1689,#1688,#1081,.T.);
#2150=EDGE_CURVE('',#1690,#1689,#1082,.T.);
#2151=EDGE_CURVE('',#1690,#1691,#1083,.T.);
#2152=EDGE_CURVE('',#1691,#1687,#1084,.T.);
#2153=EDGE_CURVE('',#1682,#1403,#1085,.T.);
#2154=EDGE_CURVE('',#1681,#1404,#1086,.T.);
#2155=EDGE_CURVE('',#1692,#1393,#832,.T.);
#2156=EDGE_CURVE('',#1681,#1693,#1087,.T.);
#2157=EDGE_CURVE('',#1692,#1693,#1088,.F.);
#2158=EDGE_CURVE('',#1680,#1694,#833,.T.);
#2159=EDGE_CURVE('',#1694,#1693,#1089,.T.);
#2160=EDGE_CURVE('',#1695,#1687,#834,.T.);
#2161=EDGE_CURVE('',#1691,#1696,#1090,.T.);
#2162=EDGE_CURVE('',#1695,#1696,#1091,.T.);
#2163=EDGE_CURVE('',#1392,#1692,#835,.T.);
#2164=EDGE_CURVE('',#1694,#1697,#836,.T.);
#2165=EDGE_CURVE('',#1394,#1697,#1092,.T.);
#2166=EDGE_CURVE('',#1697,#1698,#818,.T.);
#2167=EDGE_CURVE('',#1395,#1698,#1093,.T.);
#2168=EDGE_CURVE('',#1698,#1686,#1094,.T.);
#2169=EDGE_CURVE('',#1699,#1685,#819,.T.);
#2170=EDGE_CURVE('',#1699,#1700,#1095,.T.);
#2171=EDGE_CURVE('',#1700,#1701,#1096,.T.);
#2172=EDGE_CURVE('',#1701,#1396,#1097,.T.);
#2173=EDGE_CURVE('',#1702,#1695,#837,.T.);
#2174=EDGE_CURVE('',#1701,#1702,#820,.T.);
#2175=EDGE_CURVE('',#1688,#1700,#821,.T.);
#2176=EDGE_CURVE('',#1702,#1397,#1098,.T.);
#2177=EDGE_CURVE('',#1696,#1398,#1099,.F.);
#2178=EDGE_CURVE('',#1399,#1691,#1100,.T.);
#2179=EDGE_CURVE('',#1400,#1690,#1101,.T.);
#2180=EDGE_CURVE('',#1521,#1703,#60,.T.);
#2181=EDGE_CURVE('',#1703,#1658,#61,.T.);
#2182=EDGE_CURVE('',#1541,#1452,#1102,.T.);
#2183=EDGE_CURVE('',#1616,#1625,#822,.T.);
#2184=EDGE_CURVE('',#1634,#1704,#823,.T.);
#2185=EDGE_CURVE('',#1704,#1641,#824,.T.);
#2186=EDGE_CURVE('',#1644,#1705,#825,.T.);
#2187=EDGE_CURVE('',#1705,#1645,#826,.T.);
#2188=EDGE_CURVE('',#1706,#1684,#827,.T.);
#2189=EDGE_CURVE('',#1689,#1706,#1103,.T.);
#2190=EDGE_CURVE('',#1699,#1706,#1104,.T.);
#2191=EDGE_CURVE('',#1552,#1506,#1105,.T.);
#2192=EDGE_CURVE('',#1554,#1511,#1106,.T.);
#2193=EDGE_CURVE('',#1557,#1505,#1107,.T.);
#2194=EDGE_CURVE('',#1549,#1513,#1108,.T.);
#2195=EDGE_CURVE('',#1629,#1520,#1109,.T.);
#2196=EDGE_CURVE('',#1705,#1519,#1110,.T.);
#2197=EDGE_CURVE('',#1704,#1518,#1111,.T.);
#2198=EDGE_CURVE('',#1676,#1460,#1112,.T.);
#2199=EDGE_CURVE('',#1658,#1457,#1113,.T.);
#2200=EDGE_CURVE('',#1458,#1703,#1114,.T.);
#2201=ORIENTED_EDGE('',*,*,#1707,.F.);
#2202=ORIENTED_EDGE('',*,*,#1708,.F.);
#2203=ORIENTED_EDGE('',*,*,#1709,.F.);
#2204=ORIENTED_EDGE('',*,*,#1710,.F.);
#2205=ORIENTED_EDGE('',*,*,#1711,.F.);
#2206=ORIENTED_EDGE('',*,*,#1712,.F.);
#2207=ORIENTED_EDGE('',*,*,#1713,.F.);
#2208=ORIENTED_EDGE('',*,*,#1714,.F.);
#2209=ORIENTED_EDGE('',*,*,#1715,.F.);
#2210=ORIENTED_EDGE('',*,*,#1716,.T.);
#2211=ORIENTED_EDGE('',*,*,#1717,.F.);
#2212=ORIENTED_EDGE('',*,*,#1716,.F.);
#2213=ORIENTED_EDGE('',*,*,#1718,.F.);
#2214=ORIENTED_EDGE('',*,*,#1719,.F.);
#2215=ORIENTED_EDGE('',*,*,#1720,.F.);
#2216=ORIENTED_EDGE('',*,*,#1721,.F.);
#2217=ORIENTED_EDGE('',*,*,#1722,.F.);
#2218=ORIENTED_EDGE('',*,*,#1723,.T.);
#2219=ORIENTED_EDGE('',*,*,#1724,.T.);
#2220=ORIENTED_EDGE('',*,*,#1725,.F.);
#2221=ORIENTED_EDGE('',*,*,#1726,.F.);
#2222=ORIENTED_EDGE('',*,*,#1727,.F.);
#2223=ORIENTED_EDGE('',*,*,#1728,.F.);
#2224=ORIENTED_EDGE('',*,*,#1729,.F.);
#2225=ORIENTED_EDGE('',*,*,#1730,.F.);
#2226=ORIENTED_EDGE('',*,*,#1731,.F.);
#2227=ORIENTED_EDGE('',*,*,#1732,.T.);
#2228=ORIENTED_EDGE('',*,*,#1733,.T.);
#2229=ORIENTED_EDGE('',*,*,#1734,.F.);
#2230=ORIENTED_EDGE('',*,*,#1735,.F.);
#2231=ORIENTED_EDGE('',*,*,#1736,.T.);
#2232=ORIENTED_EDGE('',*,*,#1737,.T.);
#2233=ORIENTED_EDGE('',*,*,#1732,.F.);
#2234=ORIENTED_EDGE('',*,*,#1738,.F.);
#2235=ORIENTED_EDGE('',*,*,#1734,.T.);
#2236=ORIENTED_EDGE('',*,*,#1739,.T.);
#2237=ORIENTED_EDGE('',*,*,#1723,.F.);
#2238=ORIENTED_EDGE('',*,*,#1739,.F.);
#2239=ORIENTED_EDGE('',*,*,#1733,.F.);
#2240=ORIENTED_EDGE('',*,*,#1737,.F.);
#2241=ORIENTED_EDGE('',*,*,#1740,.F.);
#2242=ORIENTED_EDGE('',*,*,#1741,.F.);
#2243=ORIENTED_EDGE('',*,*,#1742,.F.);
#2244=ORIENTED_EDGE('',*,*,#1724,.F.);
#2245=ORIENTED_EDGE('',*,*,#1721,.T.);
#2246=ORIENTED_EDGE('',*,*,#1743,.F.);
#2247=ORIENTED_EDGE('',*,*,#1727,.T.);
#2248=ORIENTED_EDGE('',*,*,#1744,.F.);
#2249=ORIENTED_EDGE('',*,*,#1745,.T.);
#2250=ORIENTED_EDGE('',*,*,#1746,.T.);
#2251=ORIENTED_EDGE('',*,*,#1747,.F.);
#2252=ORIENTED_EDGE('',*,*,#1729,.T.);
#2253=ORIENTED_EDGE('',*,*,#1748,.F.);
#2254=ORIENTED_EDGE('',*,*,#1746,.F.);
#2255=ORIENTED_EDGE('',*,*,#1730,.T.);
#2256=ORIENTED_EDGE('',*,*,#1747,.T.);
#2257=ORIENTED_EDGE('',*,*,#1748,.T.);
#2258=ORIENTED_EDGE('',*,*,#1728,.T.);
#2259=ORIENTED_EDGE('',*,*,#1743,.T.);
#2260=ORIENTED_EDGE('',*,*,#1749,.F.);
#2261=ORIENTED_EDGE('',*,*,#1750,.T.);
#2262=ORIENTED_EDGE('',*,*,#1751,.T.);
#2263=ORIENTED_EDGE('',*,*,#1752,.F.);
#2264=ORIENTED_EDGE('',*,*,#1753,.F.);
#2265=ORIENTED_EDGE('',*,*,#1754,.T.);
#2266=ORIENTED_EDGE('',*,*,#1755,.T.);
#2267=ORIENTED_EDGE('',*,*,#1750,.F.);
#2268=ORIENTED_EDGE('',*,*,#1756,.F.);
#2269=ORIENTED_EDGE('',*,*,#1757,.T.);
#2270=ORIENTED_EDGE('',*,*,#1758,.T.);
#2271=ORIENTED_EDGE('',*,*,#1754,.F.);
#2272=ORIENTED_EDGE('',*,*,#1759,.F.);
#2273=ORIENTED_EDGE('',*,*,#1760,.T.);
#2274=ORIENTED_EDGE('',*,*,#1761,.T.);
#2275=ORIENTED_EDGE('',*,*,#1757,.F.);
#2276=ORIENTED_EDGE('',*,*,#1762,.F.);
#2277=ORIENTED_EDGE('',*,*,#1763,.T.);
#2278=ORIENTED_EDGE('',*,*,#1764,.T.);
#2279=ORIENTED_EDGE('',*,*,#1760,.F.);
#2280=ORIENTED_EDGE('',*,*,#1765,.F.);
#2281=ORIENTED_EDGE('',*,*,#1766,.T.);
#2282=ORIENTED_EDGE('',*,*,#1767,.T.);
#2283=ORIENTED_EDGE('',*,*,#1763,.F.);
#2284=ORIENTED_EDGE('',*,*,#1768,.F.);
#2285=ORIENTED_EDGE('',*,*,#1769,.T.);
#2286=ORIENTED_EDGE('',*,*,#1770,.T.);
#2287=ORIENTED_EDGE('',*,*,#1766,.F.);
#2288=ORIENTED_EDGE('',*,*,#1771,.F.);
#2289=ORIENTED_EDGE('',*,*,#1772,.T.);
#2290=ORIENTED_EDGE('',*,*,#1773,.T.);
#2291=ORIENTED_EDGE('',*,*,#1769,.F.);
#2292=ORIENTED_EDGE('',*,*,#1774,.F.);
#2293=ORIENTED_EDGE('',*,*,#1775,.T.);
#2294=ORIENTED_EDGE('',*,*,#1776,.T.);
#2295=ORIENTED_EDGE('',*,*,#1772,.F.);
#2296=ORIENTED_EDGE('',*,*,#1777,.F.);
#2297=ORIENTED_EDGE('',*,*,#1725,.T.);
#2298=ORIENTED_EDGE('',*,*,#1742,.T.);
#2299=ORIENTED_EDGE('',*,*,#1778,.T.);
#2300=ORIENTED_EDGE('',*,*,#1779,.T.);
#2301=ORIENTED_EDGE('',*,*,#1775,.F.);
#2302=ORIENTED_EDGE('',*,*,#1741,.T.);
#2303=ORIENTED_EDGE('',*,*,#1780,.T.);
#2304=ORIENTED_EDGE('',*,*,#1781,.T.);
#2305=ORIENTED_EDGE('',*,*,#1778,.F.);
#2306=ORIENTED_EDGE('',*,*,#1782,.F.);
#2307=ORIENTED_EDGE('',*,*,#1783,.T.);
#2308=ORIENTED_EDGE('',*,*,#1784,.T.);
#2309=ORIENTED_EDGE('',*,*,#1780,.F.);
#2310=ORIENTED_EDGE('',*,*,#1740,.T.);
#2311=ORIENTED_EDGE('',*,*,#1736,.F.);
#2312=ORIENTED_EDGE('',*,*,#1785,.F.);
#2313=ORIENTED_EDGE('',*,*,#1752,.T.);
#2314=ORIENTED_EDGE('',*,*,#1786,.T.);
#2315=ORIENTED_EDGE('',*,*,#1783,.F.);
#2316=ORIENTED_EDGE('',*,*,#1786,.F.);
#2317=ORIENTED_EDGE('',*,*,#1751,.F.);
#2318=ORIENTED_EDGE('',*,*,#1755,.F.);
#2319=ORIENTED_EDGE('',*,*,#1758,.F.);
#2320=ORIENTED_EDGE('',*,*,#1761,.F.);
#2321=ORIENTED_EDGE('',*,*,#1764,.F.);
#2322=ORIENTED_EDGE('',*,*,#1767,.F.);
#2323=ORIENTED_EDGE('',*,*,#1770,.F.);
#2324=ORIENTED_EDGE('',*,*,#1773,.F.);
#2325=ORIENTED_EDGE('',*,*,#1776,.F.);
#2326=ORIENTED_EDGE('',*,*,#1779,.F.);
#2327=ORIENTED_EDGE('',*,*,#1781,.F.);
#2328=ORIENTED_EDGE('',*,*,#1784,.F.);
#2329=ORIENTED_EDGE('',*,*,#1787,.T.);
#2330=ORIENTED_EDGE('',*,*,#1788,.F.);
#2331=ORIENTED_EDGE('',*,*,#1789,.T.);
#2332=ORIENTED_EDGE('',*,*,#1790,.F.);
#2333=ORIENTED_EDGE('',*,*,#1788,.T.);
#2334=ORIENTED_EDGE('',*,*,#1791,.F.);
#2335=ORIENTED_EDGE('',*,*,#1792,.F.);
#2336=ORIENTED_EDGE('',*,*,#1793,.F.);
#2337=ORIENTED_EDGE('',*,*,#1794,.F.);
#2338=ORIENTED_EDGE('',*,*,#1795,.F.);
#2339=ORIENTED_EDGE('',*,*,#1796,.T.);
#2340=ORIENTED_EDGE('',*,*,#1797,.T.);
#2341=ORIENTED_EDGE('',*,*,#1798,.F.);
#2342=ORIENTED_EDGE('',*,*,#1799,.F.);
#2343=ORIENTED_EDGE('',*,*,#1800,.T.);
#2344=ORIENTED_EDGE('',*,*,#1795,.T.);
#2345=ORIENTED_EDGE('',*,*,#1801,.F.);
#2346=ORIENTED_EDGE('',*,*,#1802,.F.);
#2347=ORIENTED_EDGE('',*,*,#1803,.T.);
#2348=ORIENTED_EDGE('',*,*,#1799,.T.);
#2349=ORIENTED_EDGE('',*,*,#1804,.F.);
#2350=ORIENTED_EDGE('',*,*,#1805,.F.);
#2351=ORIENTED_EDGE('',*,*,#1806,.T.);
#2352=ORIENTED_EDGE('',*,*,#1802,.T.);
#2353=ORIENTED_EDGE('',*,*,#1807,.F.);
#2354=ORIENTED_EDGE('',*,*,#1808,.F.);
#2355=ORIENTED_EDGE('',*,*,#1809,.T.);
#2356=ORIENTED_EDGE('',*,*,#1805,.T.);
#2357=ORIENTED_EDGE('',*,*,#1810,.F.);
#2358=ORIENTED_EDGE('',*,*,#1811,.F.);
#2359=ORIENTED_EDGE('',*,*,#1812,.T.);
#2360=ORIENTED_EDGE('',*,*,#1808,.T.);
#2361=ORIENTED_EDGE('',*,*,#1813,.F.);
#2362=ORIENTED_EDGE('',*,*,#1814,.F.);
#2363=ORIENTED_EDGE('',*,*,#1815,.T.);
#2364=ORIENTED_EDGE('',*,*,#1811,.T.);
#2365=ORIENTED_EDGE('',*,*,#1816,.F.);
#2366=ORIENTED_EDGE('',*,*,#1797,.F.);
#2367=ORIENTED_EDGE('',*,*,#1817,.T.);
#2368=ORIENTED_EDGE('',*,*,#1814,.T.);
#2369=ORIENTED_EDGE('',*,*,#1813,.T.);
#2370=ORIENTED_EDGE('',*,*,#1818,.T.);
#2371=ORIENTED_EDGE('',*,*,#1819,.F.);
#2372=ORIENTED_EDGE('',*,*,#1820,.F.);
#2373=ORIENTED_EDGE('',*,*,#1810,.T.);
#2374=ORIENTED_EDGE('',*,*,#1821,.F.);
#2375=ORIENTED_EDGE('',*,*,#1822,.F.);
#2376=ORIENTED_EDGE('',*,*,#1818,.F.);
#2377=ORIENTED_EDGE('',*,*,#1807,.T.);
#2378=ORIENTED_EDGE('',*,*,#1823,.T.);
#2379=ORIENTED_EDGE('',*,*,#1824,.F.);
#2380=ORIENTED_EDGE('',*,*,#1821,.T.);
#2381=ORIENTED_EDGE('',*,*,#1804,.T.);
#2382=ORIENTED_EDGE('',*,*,#1825,.F.);
#2383=ORIENTED_EDGE('',*,*,#1826,.F.);
#2384=ORIENTED_EDGE('',*,*,#1823,.F.);
#2385=ORIENTED_EDGE('',*,*,#1827,.T.);
#2386=ORIENTED_EDGE('',*,*,#1828,.T.);
#2387=ORIENTED_EDGE('',*,*,#1829,.F.);
#2388=ORIENTED_EDGE('',*,*,#1828,.F.);
#2389=ORIENTED_EDGE('',*,*,#1827,.F.);
#2390=ORIENTED_EDGE('',*,*,#1830,.T.);
#2391=ORIENTED_EDGE('',*,*,#1831,.T.);
#2392=ORIENTED_EDGE('',*,*,#1832,.F.);
#2393=ORIENTED_EDGE('',*,*,#1831,.F.);
#2394=ORIENTED_EDGE('',*,*,#1830,.F.);
#2395=ORIENTED_EDGE('',*,*,#1833,.T.);
#2396=ORIENTED_EDGE('',*,*,#1834,.T.);
#2397=ORIENTED_EDGE('',*,*,#1835,.F.);
#2398=ORIENTED_EDGE('',*,*,#1834,.F.);
#2399=ORIENTED_EDGE('',*,*,#1833,.F.);
#2400=ORIENTED_EDGE('',*,*,#1836,.T.);
#2401=ORIENTED_EDGE('',*,*,#1837,.T.);
#2402=ORIENTED_EDGE('',*,*,#1838,.F.);
#2403=ORIENTED_EDGE('',*,*,#1837,.F.);
#2404=ORIENTED_EDGE('',*,*,#1836,.F.);
#2405=ORIENTED_EDGE('',*,*,#1839,.T.);
#2406=ORIENTED_EDGE('',*,*,#1840,.T.);
#2407=ORIENTED_EDGE('',*,*,#1841,.T.);
#2408=ORIENTED_EDGE('',*,*,#1842,.T.);
#2409=ORIENTED_EDGE('',*,*,#1840,.F.);
#2410=ORIENTED_EDGE('',*,*,#1843,.T.);
#2411=ORIENTED_EDGE('',*,*,#1844,.T.);
#2412=ORIENTED_EDGE('',*,*,#1845,.T.);
#2413=ORIENTED_EDGE('',*,*,#1841,.F.);
#2414=ORIENTED_EDGE('',*,*,#1842,.F.);
#2415=ORIENTED_EDGE('',*,*,#1845,.F.);
#2416=ORIENTED_EDGE('',*,*,#1846,.F.);
#2417=ORIENTED_EDGE('',*,*,#1847,.T.);
#2418=ORIENTED_EDGE('',*,*,#1843,.F.);
#2419=ORIENTED_EDGE('',*,*,#1839,.F.);
#2420=ORIENTED_EDGE('',*,*,#1847,.F.);
#2421=ORIENTED_EDGE('',*,*,#1848,.T.);
#2422=ORIENTED_EDGE('',*,*,#1849,.T.);
#2423=ORIENTED_EDGE('',*,*,#1850,.T.);
#2424=ORIENTED_EDGE('',*,*,#1851,.T.);
#2425=ORIENTED_EDGE('',*,*,#1849,.F.);
#2426=ORIENTED_EDGE('',*,*,#1852,.T.);
#2427=ORIENTED_EDGE('',*,*,#1853,.T.);
#2428=ORIENTED_EDGE('',*,*,#1854,.T.);
#2429=ORIENTED_EDGE('',*,*,#1850,.F.);
#2430=ORIENTED_EDGE('',*,*,#1851,.F.);
#2431=ORIENTED_EDGE('',*,*,#1854,.F.);
#2432=ORIENTED_EDGE('',*,*,#1855,.F.);
#2433=ORIENTED_EDGE('',*,*,#1856,.T.);
#2434=ORIENTED_EDGE('',*,*,#1852,.F.);
#2435=ORIENTED_EDGE('',*,*,#1848,.F.);
#2436=ORIENTED_EDGE('',*,*,#1856,.F.);
#2437=ORIENTED_EDGE('',*,*,#1857,.T.);
#2438=ORIENTED_EDGE('',*,*,#1858,.T.);
#2439=ORIENTED_EDGE('',*,*,#1859,.T.);
#2440=ORIENTED_EDGE('',*,*,#1860,.T.);
#2441=ORIENTED_EDGE('',*,*,#1858,.F.);
#2442=ORIENTED_EDGE('',*,*,#1861,.T.);
#2443=ORIENTED_EDGE('',*,*,#1862,.T.);
#2444=ORIENTED_EDGE('',*,*,#1863,.T.);
#2445=ORIENTED_EDGE('',*,*,#1859,.F.);
#2446=ORIENTED_EDGE('',*,*,#1860,.F.);
#2447=ORIENTED_EDGE('',*,*,#1863,.F.);
#2448=ORIENTED_EDGE('',*,*,#1864,.F.);
#2449=ORIENTED_EDGE('',*,*,#1865,.T.);
#2450=ORIENTED_EDGE('',*,*,#1861,.F.);
#2451=ORIENTED_EDGE('',*,*,#1857,.F.);
#2452=ORIENTED_EDGE('',*,*,#1865,.F.);
#2453=ORIENTED_EDGE('',*,*,#1844,.F.);
#2454=ORIENTED_EDGE('',*,*,#1862,.F.);
#2455=ORIENTED_EDGE('',*,*,#1745,.F.);
#2456=ORIENTED_EDGE('',*,*,#1853,.F.);
#2457=ORIENTED_EDGE('',*,*,#1801,.T.);
#2458=ORIENTED_EDGE('',*,*,#1866,.T.);
#2459=ORIENTED_EDGE('',*,*,#1867,.F.);
#2460=ORIENTED_EDGE('',*,*,#1825,.T.);
#2461=ORIENTED_EDGE('',*,*,#1798,.T.);
#2462=ORIENTED_EDGE('',*,*,#1868,.T.);
#2463=ORIENTED_EDGE('',*,*,#1869,.F.);
#2464=ORIENTED_EDGE('',*,*,#1866,.F.);
#2465=ORIENTED_EDGE('',*,*,#1870,.T.);
#2466=ORIENTED_EDGE('',*,*,#1871,.T.);
#2467=ORIENTED_EDGE('',*,*,#1819,.T.);
#2468=ORIENTED_EDGE('',*,*,#1822,.T.);
#2469=ORIENTED_EDGE('',*,*,#1824,.T.);
#2470=ORIENTED_EDGE('',*,*,#1826,.T.);
#2471=ORIENTED_EDGE('',*,*,#1867,.T.);
#2472=ORIENTED_EDGE('',*,*,#1869,.T.);
#2473=ORIENTED_EDGE('',*,*,#1835,.T.);
#2474=ORIENTED_EDGE('',*,*,#1829,.T.);
#2475=ORIENTED_EDGE('',*,*,#1838,.T.);
#2476=ORIENTED_EDGE('',*,*,#1832,.T.);
#2477=ORIENTED_EDGE('',*,*,#1855,.T.);
#2478=ORIENTED_EDGE('',*,*,#1864,.T.);
#2479=ORIENTED_EDGE('',*,*,#1782,.T.);
#2480=ORIENTED_EDGE('',*,*,#1735,.T.);
#2481=ORIENTED_EDGE('',*,*,#1731,.T.);
#2482=ORIENTED_EDGE('',*,*,#1738,.T.);
#2483=ORIENTED_EDGE('',*,*,#1722,.T.);
#2484=ORIENTED_EDGE('',*,*,#1744,.T.);
#2485=ORIENTED_EDGE('',*,*,#1726,.T.);
#2486=ORIENTED_EDGE('',*,*,#1777,.T.);
#2487=ORIENTED_EDGE('',*,*,#1774,.T.);
#2488=ORIENTED_EDGE('',*,*,#1771,.T.);
#2489=ORIENTED_EDGE('',*,*,#1768,.T.);
#2490=ORIENTED_EDGE('',*,*,#1765,.T.);
#2491=ORIENTED_EDGE('',*,*,#1762,.T.);
#2492=ORIENTED_EDGE('',*,*,#1759,.T.);
#2493=ORIENTED_EDGE('',*,*,#1756,.T.);
#2494=ORIENTED_EDGE('',*,*,#1753,.T.);
#2495=ORIENTED_EDGE('',*,*,#1749,.T.);
#2496=ORIENTED_EDGE('',*,*,#1785,.T.);
#2497=ORIENTED_EDGE('',*,*,#1846,.T.);
#2498=ORIENTED_EDGE('',*,*,#1872,.T.);
#2499=ORIENTED_EDGE('',*,*,#1873,.T.);
#2500=ORIENTED_EDGE('',*,*,#1874,.T.);
#2501=ORIENTED_EDGE('',*,*,#1875,.T.);
#2502=ORIENTED_EDGE('',*,*,#1876,.T.);
#2503=ORIENTED_EDGE('',*,*,#1877,.T.);
#2504=ORIENTED_EDGE('',*,*,#1878,.T.);
#2505=ORIENTED_EDGE('',*,*,#1879,.T.);
#2506=ORIENTED_EDGE('',*,*,#1880,.T.);
#2507=ORIENTED_EDGE('',*,*,#1791,.T.);
#2508=ORIENTED_EDGE('',*,*,#1787,.F.);
#2509=ORIENTED_EDGE('',*,*,#1881,.T.);
#2510=ORIENTED_EDGE('',*,*,#1882,.F.);
#2511=ORIENTED_EDGE('',*,*,#1883,.T.);
#2512=ORIENTED_EDGE('',*,*,#1874,.F.);
#2513=ORIENTED_EDGE('',*,*,#1883,.F.);
#2514=ORIENTED_EDGE('',*,*,#1884,.F.);
#2515=ORIENTED_EDGE('',*,*,#1885,.T.);
#2516=ORIENTED_EDGE('',*,*,#1875,.F.);
#2517=ORIENTED_EDGE('',*,*,#1885,.F.);
#2518=ORIENTED_EDGE('',*,*,#1886,.F.);
#2519=ORIENTED_EDGE('',*,*,#1887,.T.);
#2520=ORIENTED_EDGE('',*,*,#1876,.F.);
#2521=ORIENTED_EDGE('',*,*,#1887,.F.);
#2522=ORIENTED_EDGE('',*,*,#1888,.F.);
#2523=ORIENTED_EDGE('',*,*,#1889,.T.);
#2524=ORIENTED_EDGE('',*,*,#1877,.F.);
#2525=ORIENTED_EDGE('',*,*,#1889,.F.);
#2526=ORIENTED_EDGE('',*,*,#1890,.T.);
#2527=ORIENTED_EDGE('',*,*,#1884,.T.);
#2528=ORIENTED_EDGE('',*,*,#1891,.T.);
#2529=ORIENTED_EDGE('',*,*,#1882,.T.);
#2530=ORIENTED_EDGE('',*,*,#1892,.T.);
#2531=ORIENTED_EDGE('',*,*,#1888,.T.);
#2532=ORIENTED_EDGE('',*,*,#1717,.T.);
#2533=ORIENTED_EDGE('',*,*,#1886,.T.);
#2534=ORIENTED_EDGE('',*,*,#1816,.T.);
#2535=ORIENTED_EDGE('',*,*,#1820,.T.);
#2536=ORIENTED_EDGE('',*,*,#1871,.F.);
#2537=ORIENTED_EDGE('',*,*,#1893,.T.);
#2538=ORIENTED_EDGE('',*,*,#1794,.T.);
#2539=ORIENTED_EDGE('',*,*,#1893,.F.);
#2540=ORIENTED_EDGE('',*,*,#1870,.F.);
#2541=ORIENTED_EDGE('',*,*,#1868,.F.);
#2542=ORIENTED_EDGE('',*,*,#1815,.F.);
#2543=ORIENTED_EDGE('',*,*,#1894,.F.);
#2544=ORIENTED_EDGE('',*,*,#1895,.F.);
#2545=ORIENTED_EDGE('',*,*,#1896,.T.);
#2546=ORIENTED_EDGE('',*,*,#1812,.F.);
#2547=ORIENTED_EDGE('',*,*,#1896,.F.);
#2548=ORIENTED_EDGE('',*,*,#1897,.F.);
#2549=ORIENTED_EDGE('',*,*,#1898,.F.);
#2550=ORIENTED_EDGE('',*,*,#1809,.F.);
#2551=ORIENTED_EDGE('',*,*,#1898,.T.);
#2552=ORIENTED_EDGE('',*,*,#1899,.F.);
#2553=ORIENTED_EDGE('',*,*,#1900,.T.);
#2554=ORIENTED_EDGE('',*,*,#1806,.F.);
#2555=ORIENTED_EDGE('',*,*,#1900,.F.);
#2556=ORIENTED_EDGE('',*,*,#1901,.F.);
#2557=ORIENTED_EDGE('',*,*,#1902,.F.);
#2558=ORIENTED_EDGE('',*,*,#1903,.F.);
#2559=ORIENTED_EDGE('',*,*,#1904,.T.);
#2560=ORIENTED_EDGE('',*,*,#1905,.T.);
#2561=ORIENTED_EDGE('',*,*,#1906,.T.);
#2562=ORIENTED_EDGE('',*,*,#1907,.T.);
#2563=ORIENTED_EDGE('',*,*,#1908,.T.);
#2564=ORIENTED_EDGE('',*,*,#1904,.F.);
#2565=ORIENTED_EDGE('',*,*,#1909,.F.);
#2566=ORIENTED_EDGE('',*,*,#1910,.T.);
#2567=ORIENTED_EDGE('',*,*,#1911,.T.);
#2568=ORIENTED_EDGE('',*,*,#1912,.T.);
#2569=ORIENTED_EDGE('',*,*,#1913,.T.);
#2570=ORIENTED_EDGE('',*,*,#1914,.T.);
#2571=ORIENTED_EDGE('',*,*,#1910,.F.);
#2572=ORIENTED_EDGE('',*,*,#1915,.F.);
#2573=ORIENTED_EDGE('',*,*,#1916,.T.);
#2574=ORIENTED_EDGE('',*,*,#1917,.T.);
#2575=ORIENTED_EDGE('',*,*,#1918,.T.);
#2576=ORIENTED_EDGE('',*,*,#1919,.T.);
#2577=ORIENTED_EDGE('',*,*,#1920,.T.);
#2578=ORIENTED_EDGE('',*,*,#1916,.F.);
#2579=ORIENTED_EDGE('',*,*,#1921,.F.);
#2580=ORIENTED_EDGE('',*,*,#1922,.F.);
#2581=ORIENTED_EDGE('',*,*,#1792,.T.);
#2582=ORIENTED_EDGE('',*,*,#1880,.F.);
#2583=ORIENTED_EDGE('',*,*,#1923,.F.);
#2584=ORIENTED_EDGE('',*,*,#1924,.T.);
#2585=ORIENTED_EDGE('',*,*,#1925,.T.);
#2586=ORIENTED_EDGE('',*,*,#1926,.T.);
#2587=ORIENTED_EDGE('',*,*,#1927,.T.);
#2588=ORIENTED_EDGE('',*,*,#1928,.T.);
#2589=ORIENTED_EDGE('',*,*,#1924,.F.);
#2590=ORIENTED_EDGE('',*,*,#1929,.T.);
#2591=ORIENTED_EDGE('',*,*,#1930,.T.);
#2592=ORIENTED_EDGE('',*,*,#1931,.T.);
#2593=ORIENTED_EDGE('',*,*,#1932,.T.);
#2594=ORIENTED_EDGE('',*,*,#1933,.T.);
#2595=ORIENTED_EDGE('',*,*,#1934,.T.);
#2596=ORIENTED_EDGE('',*,*,#1935,.T.);
#2597=ORIENTED_EDGE('',*,*,#1936,.T.);
#2598=ORIENTED_EDGE('',*,*,#1937,.T.);
#2599=ORIENTED_EDGE('',*,*,#1938,.T.);
#2600=ORIENTED_EDGE('',*,*,#1939,.T.);
#2601=ORIENTED_EDGE('',*,*,#1940,.T.);
#2602=ORIENTED_EDGE('',*,*,#1941,.T.);
#2603=ORIENTED_EDGE('',*,*,#1942,.T.);
#2604=ORIENTED_EDGE('',*,*,#1943,.T.);
#2605=ORIENTED_EDGE('',*,*,#1944,.T.);
#2606=ORIENTED_EDGE('',*,*,#1945,.T.);
#2607=ORIENTED_EDGE('',*,*,#1946,.T.);
#2608=ORIENTED_EDGE('',*,*,#1947,.T.);
#2609=ORIENTED_EDGE('',*,*,#1948,.T.);
#2610=ORIENTED_EDGE('',*,*,#1949,.T.);
#2611=ORIENTED_EDGE('',*,*,#1950,.T.);
#2612=ORIENTED_EDGE('',*,*,#1951,.T.);
#2613=ORIENTED_EDGE('',*,*,#1952,.T.);
#2614=ORIENTED_EDGE('',*,*,#1932,.F.);
#2615=ORIENTED_EDGE('',*,*,#1953,.F.);
#2616=ORIENTED_EDGE('',*,*,#1951,.F.);
#2617=ORIENTED_EDGE('',*,*,#1954,.F.);
#2618=ORIENTED_EDGE('',*,*,#1955,.F.);
#2619=ORIENTED_EDGE('',*,*,#1956,.F.);
#2620=ORIENTED_EDGE('',*,*,#1957,.F.);
#2621=ORIENTED_EDGE('',*,*,#1958,.F.);
#2622=ORIENTED_EDGE('',*,*,#1959,.T.);
#2623=ORIENTED_EDGE('',*,*,#1944,.F.);
#2624=ORIENTED_EDGE('',*,*,#1960,.F.);
#2625=ORIENTED_EDGE('',*,*,#1961,.F.);
#2626=ORIENTED_EDGE('',*,*,#1962,.F.);
#2627=ORIENTED_EDGE('',*,*,#1963,.F.);
#2628=ORIENTED_EDGE('',*,*,#1964,.F.);
#2629=ORIENTED_EDGE('',*,*,#1965,.F.);
#2630=ORIENTED_EDGE('',*,*,#1949,.F.);
#2631=ORIENTED_EDGE('',*,*,#1966,.T.);
#2632=ORIENTED_EDGE('',*,*,#1967,.T.);
#2633=ORIENTED_EDGE('',*,*,#1968,.T.);
#2634=ORIENTED_EDGE('',*,*,#1969,.T.);
#2635=ORIENTED_EDGE('',*,*,#1970,.T.);
#2636=ORIENTED_EDGE('',*,*,#1971,.T.);
#2637=ORIENTED_EDGE('',*,*,#1972,.T.);
#2638=ORIENTED_EDGE('',*,*,#1973,.T.);
#2639=ORIENTED_EDGE('',*,*,#1974,.T.);
#2640=ORIENTED_EDGE('',*,*,#1945,.F.);
#2641=ORIENTED_EDGE('',*,*,#1975,.F.);
#2642=ORIENTED_EDGE('',*,*,#1971,.F.);
#2643=ORIENTED_EDGE('',*,*,#1976,.F.);
#2644=ORIENTED_EDGE('',*,*,#1977,.F.);
#2645=ORIENTED_EDGE('',*,*,#1978,.F.);
#2646=ORIENTED_EDGE('',*,*,#1979,.F.);
#2647=ORIENTED_EDGE('',*,*,#1980,.F.);
#2648=ORIENTED_EDGE('',*,*,#1981,.T.);
#2649=ORIENTED_EDGE('',*,*,#1937,.F.);
#2650=ORIENTED_EDGE('',*,*,#1982,.F.);
#2651=ORIENTED_EDGE('',*,*,#1983,.F.);
#2652=ORIENTED_EDGE('',*,*,#1984,.F.);
#2653=ORIENTED_EDGE('',*,*,#1985,.F.);
#2654=ORIENTED_EDGE('',*,*,#1986,.F.);
#2655=ORIENTED_EDGE('',*,*,#1987,.F.);
#2656=ORIENTED_EDGE('',*,*,#1973,.F.);
#2657=ORIENTED_EDGE('',*,*,#1988,.T.);
#2658=ORIENTED_EDGE('',*,*,#1989,.T.);
#2659=ORIENTED_EDGE('',*,*,#1990,.T.);
#2660=ORIENTED_EDGE('',*,*,#1991,.T.);
#2661=ORIENTED_EDGE('',*,*,#1992,.T.);
#2662=ORIENTED_EDGE('',*,*,#1958,.T.);
#2663=ORIENTED_EDGE('',*,*,#1993,.T.);
#2664=ORIENTED_EDGE('',*,*,#1961,.T.);
#2665=ORIENTED_EDGE('',*,*,#1994,.T.);
#2666=ORIENTED_EDGE('',*,*,#1995,.T.);
#2667=ORIENTED_EDGE('',*,*,#1996,.T.);
#2668=ORIENTED_EDGE('',*,*,#1997,.T.);
#2669=ORIENTED_EDGE('',*,*,#1998,.T.);
#2670=ORIENTED_EDGE('',*,*,#1940,.F.);
#2671=ORIENTED_EDGE('',*,*,#1999,.F.);
#2672=ORIENTED_EDGE('',*,*,#1997,.F.);
#2673=ORIENTED_EDGE('',*,*,#2000,.F.);
#2674=ORIENTED_EDGE('',*,*,#2001,.F.);
#2675=ORIENTED_EDGE('',*,*,#2002,.F.);
#2676=ORIENTED_EDGE('',*,*,#2003,.F.);
#2677=ORIENTED_EDGE('',*,*,#1969,.F.);
#2678=ORIENTED_EDGE('',*,*,#2004,.T.);
#2679=ORIENTED_EDGE('',*,*,#1947,.F.);
#2680=ORIENTED_EDGE('',*,*,#2005,.F.);
#2681=ORIENTED_EDGE('',*,*,#1967,.F.);
#2682=ORIENTED_EDGE('',*,*,#2006,.F.);
#2683=ORIENTED_EDGE('',*,*,#2007,.F.);
#2684=ORIENTED_EDGE('',*,*,#2008,.F.);
#2685=ORIENTED_EDGE('',*,*,#2009,.F.);
#2686=ORIENTED_EDGE('',*,*,#1995,.F.);
#2687=ORIENTED_EDGE('',*,*,#2010,.T.);
#2688=ORIENTED_EDGE('',*,*,#2011,.T.);
#2689=ORIENTED_EDGE('',*,*,#1983,.T.);
#2690=ORIENTED_EDGE('',*,*,#2012,.T.);
#2691=ORIENTED_EDGE('',*,*,#1980,.T.);
#2692=ORIENTED_EDGE('',*,*,#2013,.T.);
#2693=ORIENTED_EDGE('',*,*,#2014,.T.);
#2694=ORIENTED_EDGE('',*,*,#2015,.T.);
#2695=ORIENTED_EDGE('',*,*,#2016,.T.);
#2696=ORIENTED_EDGE('',*,*,#1942,.F.);
#2697=ORIENTED_EDGE('',*,*,#2017,.F.);
#2698=ORIENTED_EDGE('',*,*,#2014,.F.);
#2699=ORIENTED_EDGE('',*,*,#2018,.F.);
#2700=ORIENTED_EDGE('',*,*,#2019,.F.);
#2701=ORIENTED_EDGE('',*,*,#2020,.F.);
#2702=ORIENTED_EDGE('',*,*,#2021,.F.);
#2703=ORIENTED_EDGE('',*,*,#1991,.F.);
#2704=ORIENTED_EDGE('',*,*,#2022,.T.);
#2705=ORIENTED_EDGE('',*,*,#1929,.F.);
#2706=ORIENTED_EDGE('',*,*,#2023,.F.);
#2707=ORIENTED_EDGE('',*,*,#1989,.F.);
#2708=ORIENTED_EDGE('',*,*,#2024,.F.);
#2709=ORIENTED_EDGE('',*,*,#2025,.F.);
#2710=ORIENTED_EDGE('',*,*,#2026,.F.);
#2711=ORIENTED_EDGE('',*,*,#2027,.F.);
#2712=ORIENTED_EDGE('',*,*,#2016,.F.);
#2713=ORIENTED_EDGE('',*,*,#2028,.T.);
#2714=ORIENTED_EDGE('',*,*,#1907,.F.);
#2715=ORIENTED_EDGE('',*,*,#2007,.T.);
#2716=ORIENTED_EDGE('',*,*,#2029,.T.);
#2717=ORIENTED_EDGE('',*,*,#2002,.T.);
#2718=ORIENTED_EDGE('',*,*,#1908,.F.);
#2719=ORIENTED_EDGE('',*,*,#2030,.T.);
#2720=ORIENTED_EDGE('',*,*,#1906,.F.);
#2721=ORIENTED_EDGE('',*,*,#2031,.T.);
#2722=ORIENTED_EDGE('',*,*,#2008,.T.);
#2723=ORIENTED_EDGE('',*,*,#1996,.F.);
#2724=ORIENTED_EDGE('',*,*,#2009,.T.);
#2725=ORIENTED_EDGE('',*,*,#2031,.F.);
#2726=ORIENTED_EDGE('',*,*,#2032,.F.);
#2727=ORIENTED_EDGE('',*,*,#2000,.T.);
#2728=ORIENTED_EDGE('',*,*,#2032,.T.);
#2729=ORIENTED_EDGE('',*,*,#1905,.F.);
#2730=ORIENTED_EDGE('',*,*,#2001,.T.);
#2731=ORIENTED_EDGE('',*,*,#1970,.F.);
#2732=ORIENTED_EDGE('',*,*,#2003,.T.);
#2733=ORIENTED_EDGE('',*,*,#2030,.F.);
#2734=ORIENTED_EDGE('',*,*,#2029,.F.);
#2735=ORIENTED_EDGE('',*,*,#2006,.T.);
#2736=ORIENTED_EDGE('',*,*,#2020,.T.);
#2737=ORIENTED_EDGE('',*,*,#1926,.F.);
#2738=ORIENTED_EDGE('',*,*,#2033,.T.);
#2739=ORIENTED_EDGE('',*,*,#1992,.F.);
#2740=ORIENTED_EDGE('',*,*,#2021,.T.);
#2741=ORIENTED_EDGE('',*,*,#2033,.F.);
#2742=ORIENTED_EDGE('',*,*,#2034,.F.);
#2743=ORIENTED_EDGE('',*,*,#2024,.T.);
#2744=ORIENTED_EDGE('',*,*,#2034,.T.);
#2745=ORIENTED_EDGE('',*,*,#1925,.F.);
#2746=ORIENTED_EDGE('',*,*,#2025,.T.);
#2747=ORIENTED_EDGE('',*,*,#2035,.T.);
#2748=ORIENTED_EDGE('',*,*,#1927,.F.);
#2749=ORIENTED_EDGE('',*,*,#2019,.T.);
#2750=ORIENTED_EDGE('',*,*,#2026,.T.);
#2751=ORIENTED_EDGE('',*,*,#1928,.F.);
#2752=ORIENTED_EDGE('',*,*,#2036,.T.);
#2753=ORIENTED_EDGE('',*,*,#2013,.F.);
#2754=ORIENTED_EDGE('',*,*,#2027,.T.);
#2755=ORIENTED_EDGE('',*,*,#2036,.F.);
#2756=ORIENTED_EDGE('',*,*,#2035,.F.);
#2757=ORIENTED_EDGE('',*,*,#2018,.T.);
#2758=ORIENTED_EDGE('',*,*,#1914,.F.);
#2759=ORIENTED_EDGE('',*,*,#2037,.T.);
#2760=ORIENTED_EDGE('',*,*,#1956,.T.);
#2761=ORIENTED_EDGE('',*,*,#1993,.F.);
#2762=ORIENTED_EDGE('',*,*,#1957,.T.);
#2763=ORIENTED_EDGE('',*,*,#2037,.F.);
#2764=ORIENTED_EDGE('',*,*,#2038,.F.);
#2765=ORIENTED_EDGE('',*,*,#1962,.T.);
#2766=ORIENTED_EDGE('',*,*,#2038,.T.);
#2767=ORIENTED_EDGE('',*,*,#1913,.F.);
#2768=ORIENTED_EDGE('',*,*,#1963,.T.);
#2769=ORIENTED_EDGE('',*,*,#1964,.T.);
#2770=ORIENTED_EDGE('',*,*,#1912,.F.);
#2771=ORIENTED_EDGE('',*,*,#2039,.T.);
#2772=ORIENTED_EDGE('',*,*,#2040,.T.);
#2773=ORIENTED_EDGE('',*,*,#1911,.F.);
#2774=ORIENTED_EDGE('',*,*,#1955,.T.);
#2775=ORIENTED_EDGE('',*,*,#1950,.F.);
#2776=ORIENTED_EDGE('',*,*,#1965,.T.);
#2777=ORIENTED_EDGE('',*,*,#2039,.F.);
#2778=ORIENTED_EDGE('',*,*,#2040,.F.);
#2779=ORIENTED_EDGE('',*,*,#1954,.T.);
#2780=ORIENTED_EDGE('',*,*,#1978,.T.);
#2781=ORIENTED_EDGE('',*,*,#1918,.F.);
#2782=ORIENTED_EDGE('',*,*,#2041,.T.);
#2783=ORIENTED_EDGE('',*,*,#2011,.F.);
#2784=ORIENTED_EDGE('',*,*,#1979,.T.);
#2785=ORIENTED_EDGE('',*,*,#2041,.F.);
#2786=ORIENTED_EDGE('',*,*,#2042,.F.);
#2787=ORIENTED_EDGE('',*,*,#1984,.T.);
#2788=ORIENTED_EDGE('',*,*,#1920,.F.);
#2789=ORIENTED_EDGE('',*,*,#2043,.T.);
#2790=ORIENTED_EDGE('',*,*,#1986,.T.);
#2791=ORIENTED_EDGE('',*,*,#2044,.T.);
#2792=ORIENTED_EDGE('',*,*,#1919,.F.);
#2793=ORIENTED_EDGE('',*,*,#1977,.T.);
#2794=ORIENTED_EDGE('',*,*,#1917,.F.);
#2795=ORIENTED_EDGE('',*,*,#1985,.T.);
#2796=ORIENTED_EDGE('',*,*,#2042,.T.);
#2797=ORIENTED_EDGE('',*,*,#1974,.F.);
#2798=ORIENTED_EDGE('',*,*,#1987,.T.);
#2799=ORIENTED_EDGE('',*,*,#2043,.F.);
#2800=ORIENTED_EDGE('',*,*,#2044,.F.);
#2801=ORIENTED_EDGE('',*,*,#1976,.T.);
#2802=ORIENTED_EDGE('',*,*,#2045,.T.);
#2803=ORIENTED_EDGE('',*,*,#2046,.F.);
#2804=ORIENTED_EDGE('',*,*,#2047,.T.);
#2805=ORIENTED_EDGE('',*,*,#2048,.F.);
#2806=ORIENTED_EDGE('',*,*,#2049,.F.);
#2807=ORIENTED_EDGE('',*,*,#2050,.F.);
#2808=ORIENTED_EDGE('',*,*,#2051,.F.);
#2809=ORIENTED_EDGE('',*,*,#2052,.T.);
#2810=ORIENTED_EDGE('',*,*,#2053,.F.);
#2811=ORIENTED_EDGE('',*,*,#2047,.F.);
#2812=ORIENTED_EDGE('',*,*,#2054,.F.);
#2813=ORIENTED_EDGE('',*,*,#2055,.T.);
#2814=ORIENTED_EDGE('',*,*,#2056,.T.);
#2815=ORIENTED_EDGE('',*,*,#2057,.F.);
#2816=ORIENTED_EDGE('',*,*,#2052,.F.);
#2817=ORIENTED_EDGE('',*,*,#2058,.F.);
#2818=ORIENTED_EDGE('',*,*,#2059,.F.);
#2819=ORIENTED_EDGE('',*,*,#2048,.T.);
#2820=ORIENTED_EDGE('',*,*,#2053,.T.);
#2821=ORIENTED_EDGE('',*,*,#2060,.T.);
#2822=ORIENTED_EDGE('',*,*,#2061,.F.);
#2823=ORIENTED_EDGE('',*,*,#2062,.T.);
#2824=ORIENTED_EDGE('',*,*,#2049,.T.);
#2825=ORIENTED_EDGE('',*,*,#2057,.T.);
#2826=ORIENTED_EDGE('',*,*,#2063,.T.);
#2827=ORIENTED_EDGE('',*,*,#2064,.T.);
#2828=ORIENTED_EDGE('',*,*,#2060,.F.);
#2829=ORIENTED_EDGE('',*,*,#2055,.F.);
#2830=ORIENTED_EDGE('',*,*,#2065,.F.);
#2831=ORIENTED_EDGE('',*,*,#2050,.T.);
#2832=ORIENTED_EDGE('',*,*,#2062,.F.);
#2833=ORIENTED_EDGE('',*,*,#2066,.F.);
#2834=ORIENTED_EDGE('',*,*,#2067,.T.);
#2835=ORIENTED_EDGE('',*,*,#2068,.T.);
#2836=ORIENTED_EDGE('',*,*,#2069,.T.);
#2837=ORIENTED_EDGE('',*,*,#2070,.T.);
#2838=ORIENTED_EDGE('',*,*,#2071,.F.);
#2839=ORIENTED_EDGE('',*,*,#2072,.T.);
#2840=ORIENTED_EDGE('',*,*,#2067,.F.);
#2841=ORIENTED_EDGE('',*,*,#2073,.F.);
#2842=ORIENTED_EDGE('',*,*,#2074,.F.);
#2843=ORIENTED_EDGE('',*,*,#2075,.F.);
#2844=ORIENTED_EDGE('',*,*,#2076,.T.);
#2845=ORIENTED_EDGE('',*,*,#2068,.F.);
#2846=ORIENTED_EDGE('',*,*,#2072,.F.);
#2847=ORIENTED_EDGE('',*,*,#2077,.F.);
#2848=ORIENTED_EDGE('',*,*,#2078,.T.);
#2849=ORIENTED_EDGE('',*,*,#2079,.T.);
#2850=ORIENTED_EDGE('',*,*,#2080,.F.);
#2851=ORIENTED_EDGE('',*,*,#2081,.T.);
#2852=ORIENTED_EDGE('',*,*,#2082,.F.);
#2853=ORIENTED_EDGE('',*,*,#2083,.T.);
#2854=ORIENTED_EDGE('',*,*,#2084,.F.);
#2855=ORIENTED_EDGE('',*,*,#2076,.F.);
#2856=ORIENTED_EDGE('',*,*,#2085,.F.);
#2857=ORIENTED_EDGE('',*,*,#2086,.F.);
#2858=ORIENTED_EDGE('',*,*,#2087,.T.);
#2859=ORIENTED_EDGE('',*,*,#2088,.F.);
#2860=ORIENTED_EDGE('',*,*,#2080,.T.);
#2861=ORIENTED_EDGE('',*,*,#2089,.F.);
#2862=ORIENTED_EDGE('',*,*,#2090,.T.);
#2863=ORIENTED_EDGE('',*,*,#2073,.T.);
#2864=ORIENTED_EDGE('',*,*,#2084,.T.);
#2865=ORIENTED_EDGE('',*,*,#2091,.T.);
#2866=ORIENTED_EDGE('',*,*,#2069,.F.);
#2867=ORIENTED_EDGE('',*,*,#2078,.F.);
#2868=ORIENTED_EDGE('',*,*,#2092,.F.);
#2869=ORIENTED_EDGE('',*,*,#2074,.T.);
#2870=ORIENTED_EDGE('',*,*,#2090,.F.);
#2871=ORIENTED_EDGE('',*,*,#2093,.T.);
#2872=ORIENTED_EDGE('',*,*,#2087,.F.);
#2873=ORIENTED_EDGE('',*,*,#2094,.F.);
#2874=ORIENTED_EDGE('',*,*,#2095,.T.);
#2875=ORIENTED_EDGE('',*,*,#2096,.T.);
#2876=ORIENTED_EDGE('',*,*,#2097,.F.);
#2877=ORIENTED_EDGE('',*,*,#2098,.F.);
#2878=ORIENTED_EDGE('',*,*,#2099,.T.);
#2879=ORIENTED_EDGE('',*,*,#2100,.F.);
#2880=ORIENTED_EDGE('',*,*,#2101,.F.);
#2881=ORIENTED_EDGE('',*,*,#2102,.F.);
#2882=ORIENTED_EDGE('',*,*,#2095,.F.);
#2883=ORIENTED_EDGE('',*,*,#2103,.F.);
#2884=ORIENTED_EDGE('',*,*,#2104,.F.);
#2885=ORIENTED_EDGE('',*,*,#2105,.F.);
#2886=ORIENTED_EDGE('',*,*,#2101,.T.);
#2887=ORIENTED_EDGE('',*,*,#2106,.F.);
#2888=ORIENTED_EDGE('',*,*,#2107,.F.);
#2889=ORIENTED_EDGE('',*,*,#2108,.F.);
#2890=ORIENTED_EDGE('',*,*,#2109,.T.);
#2891=ORIENTED_EDGE('',*,*,#2110,.F.);
#2892=ORIENTED_EDGE('',*,*,#2099,.F.);
#2893=ORIENTED_EDGE('',*,*,#2111,.F.);
#2894=ORIENTED_EDGE('',*,*,#2112,.T.);
#2895=ORIENTED_EDGE('',*,*,#2113,.F.);
#2896=ORIENTED_EDGE('',*,*,#2112,.F.);
#2897=ORIENTED_EDGE('',*,*,#2114,.F.);
#2898=ORIENTED_EDGE('',*,*,#2115,.T.);
#2899=ORIENTED_EDGE('',*,*,#2116,.F.);
#2900=ORIENTED_EDGE('',*,*,#2115,.F.);
#2901=ORIENTED_EDGE('',*,*,#2117,.F.);
#2902=ORIENTED_EDGE('',*,*,#2118,.T.);
#2903=ORIENTED_EDGE('',*,*,#2119,.F.);
#2904=ORIENTED_EDGE('',*,*,#2118,.F.);
#2905=ORIENTED_EDGE('',*,*,#2120,.F.);
#2906=ORIENTED_EDGE('',*,*,#2121,.T.);
#2907=ORIENTED_EDGE('',*,*,#2122,.F.);
#2908=ORIENTED_EDGE('',*,*,#2121,.F.);
#2909=ORIENTED_EDGE('',*,*,#2123,.T.);
#2910=ORIENTED_EDGE('',*,*,#2124,.F.);
#2911=ORIENTED_EDGE('',*,*,#2125,.F.);
#2912=ORIENTED_EDGE('',*,*,#2126,.T.);
#2913=ORIENTED_EDGE('',*,*,#2127,.F.);
#2914=ORIENTED_EDGE('',*,*,#2126,.F.);
#2915=ORIENTED_EDGE('',*,*,#2128,.F.);
#2916=ORIENTED_EDGE('',*,*,#2107,.T.);
#2917=ORIENTED_EDGE('',*,*,#2129,.T.);
#2918=ORIENTED_EDGE('',*,*,#2130,.T.);
#2919=ORIENTED_EDGE('',*,*,#2105,.T.);
#2920=ORIENTED_EDGE('',*,*,#2131,.T.);
#2921=ORIENTED_EDGE('',*,*,#2132,.T.);
#2922=ORIENTED_EDGE('',*,*,#2108,.T.);
#2923=ORIENTED_EDGE('',*,*,#2133,.T.);
#2924=ORIENTED_EDGE('',*,*,#2097,.T.);
#2925=ORIENTED_EDGE('',*,*,#2134,.T.);
#2926=ORIENTED_EDGE('',*,*,#2135,.T.);
#2927=ORIENTED_EDGE('',*,*,#2124,.T.);
#2928=ORIENTED_EDGE('',*,*,#2136,.T.);
#2929=ORIENTED_EDGE('',*,*,#2111,.T.);
#2930=ORIENTED_EDGE('',*,*,#2098,.T.);
#2931=ORIENTED_EDGE('',*,*,#2133,.F.);
#2932=ORIENTED_EDGE('',*,*,#2137,.F.);
#2933=ORIENTED_EDGE('',*,*,#2114,.T.);
#2934=ORIENTED_EDGE('',*,*,#2130,.F.);
#2935=ORIENTED_EDGE('',*,*,#2138,.T.);
#2936=ORIENTED_EDGE('',*,*,#2134,.F.);
#2937=ORIENTED_EDGE('',*,*,#2096,.F.);
#2938=ORIENTED_EDGE('',*,*,#2102,.T.);
#2939=ORIENTED_EDGE('',*,*,#2128,.T.);
#2940=ORIENTED_EDGE('',*,*,#2125,.T.);
#2941=ORIENTED_EDGE('',*,*,#2135,.F.);
#2942=ORIENTED_EDGE('',*,*,#2138,.F.);
#2943=ORIENTED_EDGE('',*,*,#2129,.F.);
#2944=ORIENTED_EDGE('',*,*,#2117,.T.);
#2945=ORIENTED_EDGE('',*,*,#2137,.T.);
#2946=ORIENTED_EDGE('',*,*,#2136,.F.);
#2947=ORIENTED_EDGE('',*,*,#2123,.F.);
#2948=ORIENTED_EDGE('',*,*,#2120,.T.);
#2949=ORIENTED_EDGE('',*,*,#2139,.T.);
#2950=ORIENTED_EDGE('',*,*,#2140,.F.);
#2951=ORIENTED_EDGE('',*,*,#2141,.F.);
#2952=ORIENTED_EDGE('',*,*,#2142,.F.);
#2953=ORIENTED_EDGE('',*,*,#2143,.T.);
#2954=ORIENTED_EDGE('',*,*,#2144,.T.);
#2955=ORIENTED_EDGE('',*,*,#2145,.F.);
#2956=ORIENTED_EDGE('',*,*,#2146,.T.);
#2957=ORIENTED_EDGE('',*,*,#2143,.F.);
#2958=ORIENTED_EDGE('',*,*,#2147,.F.);
#2959=ORIENTED_EDGE('',*,*,#2148,.T.);
#2960=ORIENTED_EDGE('',*,*,#2149,.F.);
#2961=ORIENTED_EDGE('',*,*,#2150,.F.);
#2962=ORIENTED_EDGE('',*,*,#2151,.T.);
#2963=ORIENTED_EDGE('',*,*,#2152,.T.);
#2964=ORIENTED_EDGE('',*,*,#1719,.T.);
#2965=ORIENTED_EDGE('',*,*,#2153,.F.);
#2966=ORIENTED_EDGE('',*,*,#2141,.T.);
#2967=ORIENTED_EDGE('',*,*,#2154,.T.);
#2968=ORIENTED_EDGE('',*,*,#2155,.T.);
#2969=ORIENTED_EDGE('',*,*,#1720,.T.);
#2970=ORIENTED_EDGE('',*,*,#2154,.F.);
#2971=ORIENTED_EDGE('',*,*,#2156,.T.);
#2972=ORIENTED_EDGE('',*,*,#2157,.F.);
#2973=ORIENTED_EDGE('',*,*,#2158,.T.);
#2974=ORIENTED_EDGE('',*,*,#2159,.T.);
#2975=ORIENTED_EDGE('',*,*,#2156,.F.);
#2976=ORIENTED_EDGE('',*,*,#2140,.T.);
#2977=ORIENTED_EDGE('',*,*,#2160,.T.);
#2978=ORIENTED_EDGE('',*,*,#2152,.F.);
#2979=ORIENTED_EDGE('',*,*,#2161,.T.);
#2980=ORIENTED_EDGE('',*,*,#2162,.F.);
#2981=ORIENTED_EDGE('',*,*,#1708,.T.);
#2982=ORIENTED_EDGE('',*,*,#2163,.T.);
#2983=ORIENTED_EDGE('',*,*,#2157,.T.);
#2984=ORIENTED_EDGE('',*,*,#2159,.F.);
#2985=ORIENTED_EDGE('',*,*,#2164,.T.);
#2986=ORIENTED_EDGE('',*,*,#2165,.F.);
#2987=ORIENTED_EDGE('',*,*,#1709,.T.);
#2988=ORIENTED_EDGE('',*,*,#2165,.T.);
#2989=ORIENTED_EDGE('',*,*,#2166,.T.);
#2990=ORIENTED_EDGE('',*,*,#2167,.F.);
#2991=ORIENTED_EDGE('',*,*,#1710,.T.);
#2992=ORIENTED_EDGE('',*,*,#2167,.T.);
#2993=ORIENTED_EDGE('',*,*,#2168,.T.);
#2994=ORIENTED_EDGE('',*,*,#2145,.T.);
#2995=ORIENTED_EDGE('',*,*,#2169,.F.);
#2996=ORIENTED_EDGE('',*,*,#2170,.T.);
#2997=ORIENTED_EDGE('',*,*,#2171,.T.);
#2998=ORIENTED_EDGE('',*,*,#2172,.T.);
#2999=ORIENTED_EDGE('',*,*,#2160,.F.);
#3000=ORIENTED_EDGE('',*,*,#2173,.F.);
#3001=ORIENTED_EDGE('',*,*,#2174,.F.);
#3002=ORIENTED_EDGE('',*,*,#2171,.F.);
#3003=ORIENTED_EDGE('',*,*,#2175,.F.);
#3004=ORIENTED_EDGE('',*,*,#2148,.F.);
#3005=ORIENTED_EDGE('',*,*,#2146,.F.);
#3006=ORIENTED_EDGE('',*,*,#2168,.F.);
#3007=ORIENTED_EDGE('',*,*,#2166,.F.);
#3008=ORIENTED_EDGE('',*,*,#2164,.F.);
#3009=ORIENTED_EDGE('',*,*,#2158,.F.);
#3010=ORIENTED_EDGE('',*,*,#2139,.F.);
#3011=ORIENTED_EDGE('',*,*,#1711,.T.);
#3012=ORIENTED_EDGE('',*,*,#2172,.F.);
#3013=ORIENTED_EDGE('',*,*,#2174,.T.);
#3014=ORIENTED_EDGE('',*,*,#2176,.T.);
#3015=ORIENTED_EDGE('',*,*,#1712,.T.);
#3016=ORIENTED_EDGE('',*,*,#2176,.F.);
#3017=ORIENTED_EDGE('',*,*,#2173,.T.);
#3018=ORIENTED_EDGE('',*,*,#2162,.T.);
#3019=ORIENTED_EDGE('',*,*,#2177,.T.);
#3020=ORIENTED_EDGE('',*,*,#1713,.T.);
#3021=ORIENTED_EDGE('',*,*,#2177,.F.);
#3022=ORIENTED_EDGE('',*,*,#2161,.F.);
#3023=ORIENTED_EDGE('',*,*,#2178,.F.);
#3024=ORIENTED_EDGE('',*,*,#1714,.T.);
#3025=ORIENTED_EDGE('',*,*,#2178,.T.);
#3026=ORIENTED_EDGE('',*,*,#2151,.F.);
#3027=ORIENTED_EDGE('',*,*,#2179,.F.);
#3028=ORIENTED_EDGE('',*,*,#2106,.T.);
#3029=ORIENTED_EDGE('',*,*,#1901,.T.);
#3030=ORIENTED_EDGE('',*,*,#1899,.T.);
#3031=ORIENTED_EDGE('',*,*,#1897,.T.);
#3032=ORIENTED_EDGE('',*,*,#1895,.T.);
#3033=ORIENTED_EDGE('',*,*,#2180,.T.);
#3034=ORIENTED_EDGE('',*,*,#2181,.T.);
#3035=ORIENTED_EDGE('',*,*,#2103,.T.);
#3036=ORIENTED_EDGE('',*,*,#2100,.T.);
#3037=ORIENTED_EDGE('',*,*,#2094,.T.);
#3038=ORIENTED_EDGE('',*,*,#2110,.T.);
#3039=ORIENTED_EDGE('',*,*,#2113,.T.);
#3040=ORIENTED_EDGE('',*,*,#2116,.T.);
#3041=ORIENTED_EDGE('',*,*,#2119,.T.);
#3042=ORIENTED_EDGE('',*,*,#2122,.T.);
#3043=ORIENTED_EDGE('',*,*,#2127,.T.);
#3044=ORIENTED_EDGE('',*,*,#1923,.T.);
#3045=ORIENTED_EDGE('',*,*,#2182,.T.);
#3046=ORIENTED_EDGE('',*,*,#1789,.F.);
#3047=ORIENTED_EDGE('',*,*,#1793,.T.);
#3048=ORIENTED_EDGE('',*,*,#1922,.T.);
#3049=ORIENTED_EDGE('',*,*,#1915,.T.);
#3050=ORIENTED_EDGE('',*,*,#1909,.T.);
#3051=ORIENTED_EDGE('',*,*,#1903,.T.);
#3052=ORIENTED_EDGE('',*,*,#2046,.T.);
#3053=ORIENTED_EDGE('',*,*,#2183,.T.);
#3054=ORIENTED_EDGE('',*,*,#2058,.T.);
#3055=ORIENTED_EDGE('',*,*,#2051,.T.);
#3056=ORIENTED_EDGE('',*,*,#2065,.T.);
#3057=ORIENTED_EDGE('',*,*,#2054,.T.);
#3058=ORIENTED_EDGE('',*,*,#2071,.T.);
#3059=ORIENTED_EDGE('',*,*,#2184,.T.);
#3060=ORIENTED_EDGE('',*,*,#2185,.T.);
#3061=ORIENTED_EDGE('',*,*,#2082,.T.);
#3062=ORIENTED_EDGE('',*,*,#2186,.T.);
#3063=ORIENTED_EDGE('',*,*,#2187,.T.);
#3064=ORIENTED_EDGE('',*,*,#2085,.T.);
#3065=ORIENTED_EDGE('',*,*,#2075,.T.);
#3066=ORIENTED_EDGE('',*,*,#2092,.T.);
#3067=ORIENTED_EDGE('',*,*,#2077,.T.);
#3068=ORIENTED_EDGE('',*,*,#2188,.T.);
#3069=ORIENTED_EDGE('',*,*,#2147,.T.);
#3070=ORIENTED_EDGE('',*,*,#2142,.T.);
#3071=ORIENTED_EDGE('',*,*,#2153,.T.);
#3072=ORIENTED_EDGE('',*,*,#1718,.T.);
#3073=ORIENTED_EDGE('',*,*,#1715,.T.);
#3074=ORIENTED_EDGE('',*,*,#2179,.T.);
#3075=ORIENTED_EDGE('',*,*,#2150,.T.);
#3076=ORIENTED_EDGE('',*,*,#2189,.T.);
#3077=ORIENTED_EDGE('',*,*,#2190,.T.);
#3078=ORIENTED_EDGE('',*,*,#2189,.F.);
#3079=ORIENTED_EDGE('',*,*,#2149,.T.);
#3080=ORIENTED_EDGE('',*,*,#2175,.T.);
#3081=ORIENTED_EDGE('',*,*,#2170,.F.);
#3082=ORIENTED_EDGE('',*,*,#2169,.T.);
#3083=ORIENTED_EDGE('',*,*,#2144,.F.);
#3084=ORIENTED_EDGE('',*,*,#2188,.F.);
#3085=ORIENTED_EDGE('',*,*,#2190,.F.);
#3086=ORIENTED_EDGE('',*,*,#1933,.F.);
#3087=ORIENTED_EDGE('',*,*,#1959,.F.);
#3088=ORIENTED_EDGE('',*,*,#1994,.F.);
#3089=ORIENTED_EDGE('',*,*,#1960,.T.);
#3090=ORIENTED_EDGE('',*,*,#1943,.F.);
#3091=ORIENTED_EDGE('',*,*,#1966,.F.);
#3092=ORIENTED_EDGE('',*,*,#1952,.F.);
#3093=ORIENTED_EDGE('',*,*,#1953,.T.);
#3094=ORIENTED_EDGE('',*,*,#1934,.F.);
#3095=ORIENTED_EDGE('',*,*,#2191,.T.);
#3096=ORIENTED_EDGE('',*,*,#1873,.F.);
#3097=ORIENTED_EDGE('',*,*,#2191,.F.);
#3098=ORIENTED_EDGE('',*,*,#1935,.F.);
#3099=ORIENTED_EDGE('',*,*,#1988,.F.);
#3100=ORIENTED_EDGE('',*,*,#1972,.F.);
#3101=ORIENTED_EDGE('',*,*,#1975,.T.);
#3102=ORIENTED_EDGE('',*,*,#1946,.F.);
#3103=ORIENTED_EDGE('',*,*,#1981,.F.);
#3104=ORIENTED_EDGE('',*,*,#2012,.F.);
#3105=ORIENTED_EDGE('',*,*,#1982,.T.);
#3106=ORIENTED_EDGE('',*,*,#1936,.F.);
#3107=ORIENTED_EDGE('',*,*,#2192,.T.);
#3108=ORIENTED_EDGE('',*,*,#1878,.F.);
#3109=ORIENTED_EDGE('',*,*,#2192,.F.);
#3110=ORIENTED_EDGE('',*,*,#1938,.F.);
#3111=ORIENTED_EDGE('',*,*,#2004,.F.);
#3112=ORIENTED_EDGE('',*,*,#1968,.F.);
#3113=ORIENTED_EDGE('',*,*,#2005,.T.);
#3114=ORIENTED_EDGE('',*,*,#1948,.F.);
#3115=ORIENTED_EDGE('',*,*,#2010,.F.);
#3116=ORIENTED_EDGE('',*,*,#1998,.F.);
#3117=ORIENTED_EDGE('',*,*,#1999,.T.);
#3118=ORIENTED_EDGE('',*,*,#1939,.F.);
#3119=ORIENTED_EDGE('',*,*,#2193,.T.);
#3120=ORIENTED_EDGE('',*,*,#1872,.F.);
#3121=ORIENTED_EDGE('',*,*,#2193,.F.);
#3122=ORIENTED_EDGE('',*,*,#1930,.F.);
#3123=ORIENTED_EDGE('',*,*,#2028,.F.);
#3124=ORIENTED_EDGE('',*,*,#2015,.F.);
#3125=ORIENTED_EDGE('',*,*,#2017,.T.);
#3126=ORIENTED_EDGE('',*,*,#1941,.F.);
#3127=ORIENTED_EDGE('',*,*,#2022,.F.);
#3128=ORIENTED_EDGE('',*,*,#1990,.F.);
#3129=ORIENTED_EDGE('',*,*,#2023,.T.);
#3130=ORIENTED_EDGE('',*,*,#1931,.F.);
#3131=ORIENTED_EDGE('',*,*,#2194,.T.);
#3132=ORIENTED_EDGE('',*,*,#1881,.F.);
#3133=ORIENTED_EDGE('',*,*,#2194,.F.);
#3134=ORIENTED_EDGE('',*,*,#2063,.F.);
#3135=ORIENTED_EDGE('',*,*,#2061,.T.);
#3136=ORIENTED_EDGE('',*,*,#2056,.F.);
#3137=ORIENTED_EDGE('',*,*,#2183,.F.);
#3138=ORIENTED_EDGE('',*,*,#2045,.F.);
#3139=ORIENTED_EDGE('',*,*,#2059,.T.);
#3140=ORIENTED_EDGE('',*,*,#2064,.F.);
#3141=ORIENTED_EDGE('',*,*,#2195,.T.);
#3142=ORIENTED_EDGE('',*,*,#1892,.F.);
#3143=ORIENTED_EDGE('',*,*,#2195,.F.);
#3144=ORIENTED_EDGE('',*,*,#2186,.F.);
#3145=ORIENTED_EDGE('',*,*,#2081,.F.);
#3146=ORIENTED_EDGE('',*,*,#2088,.T.);
#3147=ORIENTED_EDGE('',*,*,#2093,.F.);
#3148=ORIENTED_EDGE('',*,*,#2089,.T.);
#3149=ORIENTED_EDGE('',*,*,#2083,.F.);
#3150=ORIENTED_EDGE('',*,*,#2187,.F.);
#3151=ORIENTED_EDGE('',*,*,#2196,.T.);
#3152=ORIENTED_EDGE('',*,*,#1891,.F.);
#3153=ORIENTED_EDGE('',*,*,#2196,.F.);
#3154=ORIENTED_EDGE('',*,*,#2184,.F.);
#3155=ORIENTED_EDGE('',*,*,#2070,.F.);
#3156=ORIENTED_EDGE('',*,*,#2066,.T.);
#3157=ORIENTED_EDGE('',*,*,#2091,.F.);
#3158=ORIENTED_EDGE('',*,*,#2086,.T.);
#3159=ORIENTED_EDGE('',*,*,#2079,.F.);
#3160=ORIENTED_EDGE('',*,*,#2185,.F.);
#3161=ORIENTED_EDGE('',*,*,#2197,.T.);
#3162=ORIENTED_EDGE('',*,*,#1890,.F.);
#3163=ORIENTED_EDGE('',*,*,#2197,.F.);
#3164=ORIENTED_EDGE('',*,*,#1707,.T.);
#3165=ORIENTED_EDGE('',*,*,#2155,.F.);
#3166=ORIENTED_EDGE('',*,*,#2163,.F.);
#3167=ORIENTED_EDGE('',*,*,#1790,.T.);
#3168=ORIENTED_EDGE('',*,*,#2182,.F.);
#3169=ORIENTED_EDGE('',*,*,#1921,.T.);
#3170=ORIENTED_EDGE('',*,*,#1879,.F.);
#3171=ORIENTED_EDGE('',*,*,#1803,.F.);
#3172=ORIENTED_EDGE('',*,*,#1902,.T.);
#3173=ORIENTED_EDGE('',*,*,#2109,.F.);
#3174=ORIENTED_EDGE('',*,*,#2132,.F.);
#3175=ORIENTED_EDGE('',*,*,#2198,.T.);
#3176=ORIENTED_EDGE('',*,*,#1800,.F.);
#3177=ORIENTED_EDGE('',*,*,#2198,.F.);
#3178=ORIENTED_EDGE('',*,*,#2131,.F.);
#3179=ORIENTED_EDGE('',*,*,#2104,.T.);
#3180=ORIENTED_EDGE('',*,*,#2199,.T.);
#3181=ORIENTED_EDGE('',*,*,#1796,.F.);
#3182=ORIENTED_EDGE('',*,*,#2199,.F.);
#3183=ORIENTED_EDGE('',*,*,#2181,.F.);
#3184=ORIENTED_EDGE('',*,*,#2200,.F.);
#3185=ORIENTED_EDGE('',*,*,#1817,.F.);
#3186=ORIENTED_EDGE('',*,*,#2200,.T.);
#3187=ORIENTED_EDGE('',*,*,#2180,.F.);
#3188=ORIENTED_EDGE('',*,*,#1894,.T.);
#3189=CYLINDRICAL_SURFACE('',#3423,3.25);
#3190=CYLINDRICAL_SURFACE('',#3432,16.8171369979437);
#3191=CYLINDRICAL_SURFACE('',#3436,18.8171369979433);
#3192=CYLINDRICAL_SURFACE('',#3439,16.55714925315);
#3193=CYLINDRICAL_SURFACE('',#3442,0.999999999999523);
#3194=CYLINDRICAL_SURFACE('',#3446,1.6);
#3195=CYLINDRICAL_SURFACE('',#3492,1.6);
#3196=CYLINDRICAL_SURFACE('',#3501,1.6);
#3197=CYLINDRICAL_SURFACE('',#3510,1.6);
#3198=CYLINDRICAL_SURFACE('',#3525,1.6);
#3199=CYLINDRICAL_SURFACE('',#3527,1.6);
#3200=CYLINDRICAL_SURFACE('',#3529,1.6);
#3201=CYLINDRICAL_SURFACE('',#3531,1.6);
#3202=CYLINDRICAL_SURFACE('',#3540,1.6);
#3203=CYLINDRICAL_SURFACE('',#3546,1.6);
#3204=CYLINDRICAL_SURFACE('',#3552,1.6);
#3205=CYLINDRICAL_SURFACE('',#3559,1.6);
#3206=CYLINDRICAL_SURFACE('',#3700,3.2);
#3207=CYLINDRICAL_SURFACE('',#3704,3.2);
#3208=CYLINDRICAL_SURFACE('',#3717,6.);
#3209=CYLINDRICAL_SURFACE('',#3718,3.24999999999999);
#3210=CYLINDRICAL_SURFACE('',#3719,3.24999999999999);
#3211=CYLINDRICAL_SURFACE('',#3720,3.24999999999999);
#3212=CYLINDRICAL_SURFACE('',#3721,3.24999999999999);
#3213=CYLINDRICAL_SURFACE('',#3722,3.25);
#3214=CYLINDRICAL_SURFACE('',#3723,3.25);
#3215=CYLINDRICAL_SURFACE('',#3724,3.25);
#3216=CYLINDRICAL_SURFACE('',#3725,3.25);
#3217=ADVANCED_FACE('',(#275),#3189,.F.);
#3218=ADVANCED_FACE('',(#276),#3190,.T.);
#3219=ADVANCED_FACE('',(#277),#3191,.F.);
#3220=ADVANCED_FACE('',(#278),#3192,.F.);
#3221=ADVANCED_FACE('',(#279),#3193,.F.);
#3222=ADVANCED_FACE('',(#280),#115,.T.);
#3223=ADVANCED_FACE('',(#281),#3194,.F.);
#3224=ADVANCED_FACE('',(#282),#100,.F.);
#3225=ADVANCED_FACE('',(#283),#80,.T.);
#3226=ADVANCED_FACE('',(#284),#116,.F.);
#3227=ADVANCED_FACE('',(#285),#117,.F.);
#3228=ADVANCED_FACE('',(#286),#118,.F.);
#3229=ADVANCED_FACE('',(#287),#119,.F.);
#3230=ADVANCED_FACE('',(#288),#120,.F.);
#3231=ADVANCED_FACE('',(#289),#121,.F.);
#3232=ADVANCED_FACE('',(#290),#122,.F.);
#3233=ADVANCED_FACE('',(#291),#123,.F.);
#3234=ADVANCED_FACE('',(#292),#124,.F.);
#3235=ADVANCED_FACE('',(#293),#125,.F.);
#3236=ADVANCED_FACE('',(#294),#126,.F.);
#3237=ADVANCED_FACE('',(#295),#127,.F.);
#3238=ADVANCED_FACE('',(#296),#128,.F.);
#3239=ADVANCED_FACE('',(#297),#129,.F.);
#3240=ADVANCED_FACE('',(#298),#130,.T.);
#3241=ADVANCED_FACE('',(#299),#131,.T.);
#3242=ADVANCED_FACE('',(#300),#62,.T.);
#3243=ADVANCED_FACE('',(#301),#63,.T.);
#3244=ADVANCED_FACE('',(#302),#64,.T.);
#3245=ADVANCED_FACE('',(#303),#65,.T.);
#3246=ADVANCED_FACE('',(#304),#66,.T.);
#3247=ADVANCED_FACE('',(#305),#67,.T.);
#3248=ADVANCED_FACE('',(#306),#68,.T.);
#3249=ADVANCED_FACE('',(#307),#69,.T.);
#3250=ADVANCED_FACE('',(#308),#81,.T.);
#3251=ADVANCED_FACE('',(#309),#82,.T.);
#3252=ADVANCED_FACE('',(#310),#83,.T.);
#3253=ADVANCED_FACE('',(#311),#84,.T.);
#3254=ADVANCED_FACE('',(#312),#101,.F.);
#3255=ADVANCED_FACE('',(#313),#132,.T.);
#3256=ADVANCED_FACE('',(#314),#102,.F.);
#3257=ADVANCED_FACE('',(#315),#133,.T.);
#3258=ADVANCED_FACE('',(#316),#103,.F.);
#3259=ADVANCED_FACE('',(#317),#134,.T.);
#3260=ADVANCED_FACE('',(#318),#104,.F.);
#3261=ADVANCED_FACE('',(#319),#135,.T.);
#3262=ADVANCED_FACE('',(#320),#85,.T.);
#3263=ADVANCED_FACE('',(#321),#105,.F.);
#3264=ADVANCED_FACE('',(#322),#3195,.F.);
#3265=ADVANCED_FACE('',(#323),#86,.T.);
#3266=ADVANCED_FACE('',(#324),#106,.F.);
#3267=ADVANCED_FACE('',(#325),#3196,.F.);
#3268=ADVANCED_FACE('',(#326),#87,.T.);
#3269=ADVANCED_FACE('',(#327),#107,.F.);
#3270=ADVANCED_FACE('',(#328),#3197,.F.);
#3271=ADVANCED_FACE('',(#329),#136,.T.);
#3272=ADVANCED_FACE('',(#330),#137,.T.);
#3273=ADVANCED_FACE('',(#331),#138,.T.);
#3274=ADVANCED_FACE('',(#332),#139,.T.);
#3275=ADVANCED_FACE('',(#333),#88,.T.);
#3276=ADVANCED_FACE('',(#334),#89,.T.);
#3277=ADVANCED_FACE('',(#335,#15,#16,#17,#18,#19,#20,#21,#22,#23,#24,#25,
#26,#27,#28,#29,#30,#31),#140,.T.);
#3278=ADVANCED_FACE('',(#336),#3198,.F.);
#3279=ADVANCED_FACE('',(#337),#3199,.F.);
#3280=ADVANCED_FACE('',(#338),#3200,.F.);
#3281=ADVANCED_FACE('',(#339),#3201,.F.);
#3282=ADVANCED_FACE('',(#340,#32),#141,.F.);
#3283=ADVANCED_FACE('',(#341,#33),#142,.F.);
#3284=ADVANCED_FACE('',(#342,#34),#143,.F.);
#3285=ADVANCED_FACE('',(#343,#35),#144,.F.);
#3286=ADVANCED_FACE('',(#344),#90,.T.);
#3287=ADVANCED_FACE('',(#345),#91,.T.);
#3288=ADVANCED_FACE('',(#346),#92,.T.);
#3289=ADVANCED_FACE('',(#347),#93,.T.);
#3290=ADVANCED_FACE('',(#348),#94,.T.);
#3291=ADVANCED_FACE('',(#349),#95,.T.);
#3292=ADVANCED_FACE('',(#350),#3202,.F.);
#3293=ADVANCED_FACE('',(#351),#3203,.F.);
#3294=ADVANCED_FACE('',(#352),#3204,.F.);
#3295=ADVANCED_FACE('',(#353),#145,.T.);
#3296=ADVANCED_FACE('',(#354),#3205,.F.);
#3297=ADVANCED_FACE('',(#355),#146,.F.);
#3298=ADVANCED_FACE('',(#356),#147,.F.);
#3299=ADVANCED_FACE('',(#357),#148,.F.);
#3300=ADVANCED_FACE('',(#358),#149,.F.);
#3301=ADVANCED_FACE('',(#359),#150,.F.);
#3302=ADVANCED_FACE('',(#360),#151,.F.);
#3303=ADVANCED_FACE('',(#361),#152,.F.);
#3304=ADVANCED_FACE('',(#362),#153,.F.);
#3305=ADVANCED_FACE('',(#363),#154,.F.);
#3306=ADVANCED_FACE('',(#364),#155,.F.);
#3307=ADVANCED_FACE('',(#365),#156,.F.);
#3308=ADVANCED_FACE('',(#366),#157,.F.);
#3309=ADVANCED_FACE('',(#367),#158,.F.);
#3310=ADVANCED_FACE('',(#368),#159,.F.);
#3311=ADVANCED_FACE('',(#369),#160,.F.);
#3312=ADVANCED_FACE('',(#370),#161,.F.);
#3313=ADVANCED_FACE('',(#371),#162,.F.);
#3314=ADVANCED_FACE('',(#372),#163,.F.);
#3315=ADVANCED_FACE('',(#373),#164,.F.);
#3316=ADVANCED_FACE('',(#374),#165,.F.);
#3317=ADVANCED_FACE('',(#375),#166,.F.);
#3318=ADVANCED_FACE('',(#376),#167,.F.);
#3319=ADVANCED_FACE('',(#377),#168,.F.);
#3320=ADVANCED_FACE('',(#378),#169,.F.);
#3321=ADVANCED_FACE('',(#379),#170,.F.);
#3322=ADVANCED_FACE('',(#380),#171,.F.);
#3323=ADVANCED_FACE('',(#381),#172,.F.);
#3324=ADVANCED_FACE('',(#382),#173,.F.);
#3325=ADVANCED_FACE('',(#383),#174,.F.);
#3326=ADVANCED_FACE('',(#384),#175,.F.);
#3327=ADVANCED_FACE('',(#385),#176,.F.);
#3328=ADVANCED_FACE('',(#386),#177,.F.);
#3329=ADVANCED_FACE('',(#387),#178,.F.);
#3330=ADVANCED_FACE('',(#388),#179,.F.);
#3331=ADVANCED_FACE('',(#389),#180,.F.);
#3332=ADVANCED_FACE('',(#390),#181,.F.);
#3333=ADVANCED_FACE('',(#391),#182,.F.);
#3334=ADVANCED_FACE('',(#392),#183,.F.);
#3335=ADVANCED_FACE('',(#393),#184,.F.);
#3336=ADVANCED_FACE('',(#394),#185,.F.);
#3337=ADVANCED_FACE('',(#395),#186,.F.);
#3338=ADVANCED_FACE('',(#396),#187,.F.);
#3339=ADVANCED_FACE('',(#397),#188,.F.);
#3340=ADVANCED_FACE('',(#398),#189,.F.);
#3341=ADVANCED_FACE('',(#399),#190,.F.);
#3342=ADVANCED_FACE('',(#400),#191,.F.);
#3343=ADVANCED_FACE('',(#401),#192,.F.);
#3344=ADVANCED_FACE('',(#402),#193,.F.);
#3345=ADVANCED_FACE('',(#403),#108,.T.);
#3346=ADVANCED_FACE('',(#404),#194,.F.);
#3347=ADVANCED_FACE('',(#405),#195,.F.);
#3348=ADVANCED_FACE('',(#406),#109,.T.);
#3349=ADVANCED_FACE('',(#407),#196,.T.);
#3350=ADVANCED_FACE('',(#408),#197,.T.);
#3351=ADVANCED_FACE('',(#409),#110,.F.);
#3352=ADVANCED_FACE('',(#410),#198,.T.);
#3353=ADVANCED_FACE('',(#411),#111,.T.);
#3354=ADVANCED_FACE('',(#412),#199,.F.);
#3355=ADVANCED_FACE('',(#413),#200,.F.);
#3356=ADVANCED_FACE('',(#414),#112,.T.);
#3357=ADVANCED_FACE('',(#415),#113,.T.);
#3358=ADVANCED_FACE('',(#416),#201,.T.);
#3359=ADVANCED_FACE('',(#417),#202,.T.);
#3360=ADVANCED_FACE('',(#418),#114,.F.);
#3361=ADVANCED_FACE('',(#419),#203,.T.);
#3362=ADVANCED_FACE('',(#420),#70,.T.);
#3363=ADVANCED_FACE('',(#421),#204,.T.);
#3364=ADVANCED_FACE('',(#422),#205,.T.);
#3365=ADVANCED_FACE('',(#423),#71,.T.);
#3366=ADVANCED_FACE('',(#424),#72,.T.);
#3367=ADVANCED_FACE('',(#425),#73,.T.);
#3368=ADVANCED_FACE('',(#426),#74,.T.);
#3369=ADVANCED_FACE('',(#427),#206,.T.);
#3370=ADVANCED_FACE('',(#428),#75,.T.);
#3371=ADVANCED_FACE('',(#429),#207,.F.);
#3372=ADVANCED_FACE('',(#430),#208,.T.);
#3373=ADVANCED_FACE('',(#431),#76,.T.);
#3374=ADVANCED_FACE('',(#432),#77,.T.);
#3375=ADVANCED_FACE('',(#433),#78,.T.);
#3376=ADVANCED_FACE('',(#434),#79,.T.);
#3377=ADVANCED_FACE('',(#435),#209,.T.);
#3378=ADVANCED_FACE('',(#436),#210,.T.);
#3379=ADVANCED_FACE('',(#437),#211,.T.);
#3380=ADVANCED_FACE('',(#438),#212,.T.);
#3381=ADVANCED_FACE('',(#439),#213,.T.);
#3382=ADVANCED_FACE('',(#440),#214,.T.);
#3383=ADVANCED_FACE('',(#441),#215,.T.);
#3384=ADVANCED_FACE('',(#442),#216,.T.);
#3385=ADVANCED_FACE('',(#443),#217,.T.);
#3386=ADVANCED_FACE('',(#444),#218,.T.);
#3387=ADVANCED_FACE('',(#445),#3206,.F.);
#3388=ADVANCED_FACE('',(#446),#3207,.F.);
#3389=ADVANCED_FACE('',(#447),#219,.T.);
#3390=ADVANCED_FACE('',(#448),#220,.T.);
#3391=ADVANCED_FACE('',(#449),#221,.T.);
#3392=ADVANCED_FACE('',(#450),#222,.T.);
#3393=ADVANCED_FACE('',(#451,#36,#37,#38,#39,#40,#41,#42,#43),#223,.F.);
#3394=ADVANCED_FACE('',(#452),#224,.T.);
#3395=ADVANCED_FACE('',(#453),#3208,.T.);
#3396=ADVANCED_FACE('',(#454),#3209,.F.);
#3397=ADVANCED_FACE('',(#455),#3210,.F.);
#3398=ADVANCED_FACE('',(#456),#3211,.F.);
#3399=ADVANCED_FACE('',(#457),#3212,.F.);
#3400=ADVANCED_FACE('',(#458),#3213,.F.);
#3401=ADVANCED_FACE('',(#459),#3214,.F.);
#3402=ADVANCED_FACE('',(#460),#3215,.F.);
#3403=ADVANCED_FACE('',(#461),#3216,.F.);
#3404=ADVANCED_FACE('',(#462),#225,.T.);
#3405=ADVANCED_FACE('',(#463),#96,.T.);
#3406=ADVANCED_FACE('',(#464),#97,.T.);
#3407=ADVANCED_FACE('',(#465),#98,.T.);
#3408=ADVANCED_FACE('',(#466),#99,.T.);
#3409=CLOSED_SHELL('',(#3217,#3218,#3219,#3220,#3221,#3222,#3223,#3224,
#3225,#3226,#3227,#3228,#3229,#3230,#3231,#3232,#3233,#3234,#3235,#3236,
#3237,#3238,#3239,#3240,#3241,#3242,#3243,#3244,#3245,#3246,#3247,#3248,
#3249,#3250,#3251,#3252,#3253,#3254,#3255,#3256,#3257,#3258,#3259,#3260,
#3261,#3262,#3263,#3264,#3265,#3266,#3267,#3268,#3269,#3270,#3271,#3272,
#3273,#3274,#3275,#3276,#3277,#3278,#3279,#3280,#3281,#3282,#3283,#3284,
#3285,#3286,#3287,#3288,#3289,#3290,#3291,#3292,#3293,#3294,#3295,#3296,
#3297,#3298,#3299,#3300,#3301,#3302,#3303,#3304,#3305,#3306,#3307,#3308,
#3309,#3310,#3311,#3312,#3313,#3314,#3315,#3316,#3317,#3318,#3319,#3320,
#3321,#3322,#3323,#3324,#3325,#3326,#3327,#3328,#3329,#3330,#3331,#3332,
#3333,#3334,#3335,#3336,#3337,#3338,#3339,#3340,#3341,#3342,#3343,#3344,
#3345,#3346,#3347,#3348,#3349,#3350,#3351,#3352,#3353,#3354,#3355,#3356,
#3357,#3358,#3359,#3360,#3361,#3362,#3363,#3364,#3365,#3366,#3367,#3368,
#3369,#3370,#3371,#3372,#3373,#3374,#3375,#3376,#3377,#3378,#3379,#3380,
#3381,#3382,#3383,#3384,#3385,#3386,#3387,#3388,#3389,#3390,#3391,#3392,
#3393,#3394,#3395,#3396,#3397,#3398,#3399,#3400,#3401,#3402,#3403,#3404,
#3405,#3406,#3407,#3408));
#3410=DERIVED_UNIT_ELEMENT(#3412,1.);
#3411=DERIVED_UNIT_ELEMENT(#6386,-3.);
#3412=(
MASS_UNIT()
NAMED_UNIT(*)
SI_UNIT(.KILO.,.GRAM.)
);
#3413=DERIVED_UNIT((#3410,#3411));
#3414=MEASURE_REPRESENTATION_ITEM('density measure',
POSITIVE_RATIO_MEASURE(7850.),#3413);
#3415=PROPERTY_DEFINITION_REPRESENTATION(#3420,#3417);
#3416=PROPERTY_DEFINITION_REPRESENTATION(#3421,#3418);
#3417=REPRESENTATION('material name',(#3419),#6383);
#3418=REPRESENTATION('density',(#3414),#6383);
#3419=DESCRIPTIVE_REPRESENTATION_ITEM('Steel','Steel');
#3420=PROPERTY_DEFINITION('material property','material name',#6393);
#3421=PROPERTY_DEFINITION('material property','density of part',#6393);
#3422=AXIS2_PLACEMENT_3D('',#4614,#3727,#3728);
#3423=AXIS2_PLACEMENT_3D('',#4615,#3729,#3730);
#3424=AXIS2_PLACEMENT_3D('',#4620,#3732,#3733);
#3425=AXIS2_PLACEMENT_3D('',#4624,#3735,#3736);
#3426=AXIS2_PLACEMENT_3D('',#4628,#3738,#3739);
#3427=AXIS2_PLACEMENT_3D('',#4630,#3740,#3741);
#3428=AXIS2_PLACEMENT_3D('',#4634,#3743,#3744);
#3429=AXIS2_PLACEMENT_3D('',#4637,#3746,#3747);
#3430=AXIS2_PLACEMENT_3D('',#4639,#3748,#3749);
#3431=AXIS2_PLACEMENT_3D('',#4642,#3751,#3752);
#3432=AXIS2_PLACEMENT_3D('',#4643,#3753,#3754);
#3433=AXIS2_PLACEMENT_3D('',#4648,#3756,#3757);
#3434=AXIS2_PLACEMENT_3D('',#4652,#3759,#3760);
#3435=AXIS2_PLACEMENT_3D('',#4656,#3762,#3763);
#3436=AXIS2_PLACEMENT_3D('',#4697,#3765,#3766);
#3437=AXIS2_PLACEMENT_3D('',#4700,#3767,#3768);
#3438=AXIS2_PLACEMENT_3D('',#4704,#3770,#3771);
#3439=AXIS2_PLACEMENT_3D('',#4706,#3773,#3774);
#3440=AXIS2_PLACEMENT_3D('',#4708,#3775,#3776);
#3441=AXIS2_PLACEMENT_3D('',#4711,#3778,#3779);
#3442=AXIS2_PLACEMENT_3D('',#4712,#3780,#3781);
#3443=AXIS2_PLACEMENT_3D('',#4713,#3782,#3783);
#3444=AXIS2_PLACEMENT_3D('',#4714,#3784,#3785);
#3445=AXIS2_PLACEMENT_3D('',#4715,#3786,#3787);
#3446=AXIS2_PLACEMENT_3D('',#4721,#3791,#3792);
#3447=AXIS2_PLACEMENT_3D('',#4722,#3793,#3794);
#3448=AXIS2_PLACEMENT_3D('',#4723,#3795,#3796);
#3449=AXIS2_PLACEMENT_3D('',#4724,#3797,#3798);
#3450=AXIS2_PLACEMENT_3D('',#4726,#3799,#3800);
#3451=AXIS2_PLACEMENT_3D('',#4729,#3802,#3803);
#3452=AXIS2_PLACEMENT_3D('',#4730,#3804,#3805);
#3453=AXIS2_PLACEMENT_3D('',#4758,#3806,#3807);
#3454=AXIS2_PLACEMENT_3D('',#4767,#3812,#3813);
#3455=AXIS2_PLACEMENT_3D('',#4773,#3817,#3818);
#3456=AXIS2_PLACEMENT_3D('',#4779,#3822,#3823);
#3457=AXIS2_PLACEMENT_3D('',#4785,#3827,#3828);
#3458=AXIS2_PLACEMENT_3D('',#4791,#3832,#3833);
#3459=AXIS2_PLACEMENT_3D('',#4797,#3837,#3838);
#3460=AXIS2_PLACEMENT_3D('',#4803,#3842,#3843);
#3461=AXIS2_PLACEMENT_3D('',#4809,#3847,#3848);
#3462=AXIS2_PLACEMENT_3D('',#4815,#3852,#3853);
#3463=AXIS2_PLACEMENT_3D('',#4820,#3857,#3858);
#3464=AXIS2_PLACEMENT_3D('',#4824,#3861,#3862);
#3465=AXIS2_PLACEMENT_3D('',#4830,#3866,#3867);
#3466=AXIS2_PLACEMENT_3D('',#4833,#3870,#3871);
#3467=AXIS2_PLACEMENT_3D('',#4834,#3872,#3873);
#3468=AXIS2_PLACEMENT_3D('',#4843,#3878,#3879);
#3469=AXIS2_PLACEMENT_3D('',#5207,#3896,#3897);
#3470=AXIS2_PLACEMENT_3D('',#5209,#3898,#3899);
#3471=AXIS2_PLACEMENT_3D('',#5212,#3901,#3902);
#3472=AXIS2_PLACEMENT_3D('',#5213,#3903,#3904);
#3473=AXIS2_PLACEMENT_3D('',#5214,#3905,#3906);
#3474=AXIS2_PLACEMENT_3D('',#5216,#3907,#3908);
#3475=AXIS2_PLACEMENT_3D('',#5219,#3910,#3911);
#3476=AXIS2_PLACEMENT_3D('',#5220,#3912,#3913);
#3477=AXIS2_PLACEMENT_3D('',#5221,#3914,#3915);
#3478=AXIS2_PLACEMENT_3D('',#5223,#3916,#3917);
#3479=AXIS2_PLACEMENT_3D('',#5226,#3919,#3920);
#3480=AXIS2_PLACEMENT_3D('',#5227,#3921,#3922);
#3481=AXIS2_PLACEMENT_3D('',#5228,#3923,#3924);
#3482=AXIS2_PLACEMENT_3D('',#5230,#3925,#3926);
#3483=AXIS2_PLACEMENT_3D('',#5233,#3928,#3929);
#3484=AXIS2_PLACEMENT_3D('',#5234,#3930,#3931);
#3485=AXIS2_PLACEMENT_3D('',#5264,#3932,#3933);
#3486=AXIS2_PLACEMENT_3D('',#5266,#3934,#3935);
#3487=AXIS2_PLACEMENT_3D('',#5268,#3936,#3937);
#3488=AXIS2_PLACEMENT_3D('',#5269,#3938,#3939);
#3489=AXIS2_PLACEMENT_3D('',#5270,#3940,#3941);
#3490=AXIS2_PLACEMENT_3D('',#5271,#3942,#3943);
#3491=AXIS2_PLACEMENT_3D('',#5273,#3944,#3945);
#3492=AXIS2_PLACEMENT_3D('',#5275,#3947,#3948);
#3493=AXIS2_PLACEMENT_3D('',#5277,#3949,#3950);
#3494=AXIS2_PLACEMENT_3D('',#5308,#3952,#3953);
#3495=AXIS2_PLACEMENT_3D('',#5310,#3954,#3955);
#3496=AXIS2_PLACEMENT_3D('',#5312,#3956,#3957);
#3497=AXIS2_PLACEMENT_3D('',#5313,#3958,#3959);
#3498=AXIS2_PLACEMENT_3D('',#5314,#3960,#3961);
#3499=AXIS2_PLACEMENT_3D('',#5315,#3962,#3963);
#3500=AXIS2_PLACEMENT_3D('',#5317,#3964,#3965);
#3501=AXIS2_PLACEMENT_3D('',#5319,#3967,#3968);
#3502=AXIS2_PLACEMENT_3D('',#5321,#3969,#3970);
#3503=AXIS2_PLACEMENT_3D('',#5352,#3972,#3973);
#3504=AXIS2_PLACEMENT_3D('',#5354,#3974,#3975);
#3505=AXIS2_PLACEMENT_3D('',#5356,#3976,#3977);
#3506=AXIS2_PLACEMENT_3D('',#5357,#3978,#3979);
#3507=AXIS2_PLACEMENT_3D('',#5358,#3980,#3981);
#3508=AXIS2_PLACEMENT_3D('',#5359,#3982,#3983);
#3509=AXIS2_PLACEMENT_3D('',#5361,#3984,#3985);
#3510=AXIS2_PLACEMENT_3D('',#5363,#3987,#3988);
#3511=AXIS2_PLACEMENT_3D('',#5365,#3989,#3990);
#3512=AXIS2_PLACEMENT_3D('',#5367,#3992,#3993);
#3513=AXIS2_PLACEMENT_3D('',#5368,#3994,#3995);
#3514=AXIS2_PLACEMENT_3D('',#5369,#3996,#3997);
#3515=AXIS2_PLACEMENT_3D('',#5370,#3998,#3999);
#3516=AXIS2_PLACEMENT_3D('',#5393,#4002,#4003);
#3517=AXIS2_PLACEMENT_3D('',#5402,#4004,#4005);
#3518=AXIS2_PLACEMENT_3D('',#5404,#4006,#4007);
#3519=AXIS2_PLACEMENT_3D('',#5406,#4008,#4009);
#3520=AXIS2_PLACEMENT_3D('',#5408,#4010,#4011);
#3521=AXIS2_PLACEMENT_3D('',#5410,#4012,#4013);
#3522=AXIS2_PLACEMENT_3D('',#5412,#4014,#4015);
#3523=AXIS2_PLACEMENT_3D('',#5414,#4016,#4017);
#3524=AXIS2_PLACEMENT_3D('',#5419,#4020,#4021);
#3525=AXIS2_PLACEMENT_3D('',#5420,#4022,#4023);
#3526=AXIS2_PLACEMENT_3D('',#5422,#4024,#4025);
#3527=AXIS2_PLACEMENT_3D('',#5424,#4027,#4028);
#3528=AXIS2_PLACEMENT_3D('',#5426,#4029,#4030);
#3529=AXIS2_PLACEMENT_3D('',#5428,#4032,#4033);
#3530=AXIS2_PLACEMENT_3D('',#5430,#4034,#4035);
#3531=AXIS2_PLACEMENT_3D('',#5432,#4037,#4038);
#3532=AXIS2_PLACEMENT_3D('',#5434,#4039,#4040);
#3533=AXIS2_PLACEMENT_3D('',#5436,#4042,#4043);
#3534=AXIS2_PLACEMENT_3D('',#5438,#4044,#4045);
#3535=AXIS2_PLACEMENT_3D('',#5439,#4046,#4047);
#3536=AXIS2_PLACEMENT_3D('',#5441,#4048,#4049);
#3537=AXIS2_PLACEMENT_3D('',#5442,#4050,#4051);
#3538=AXIS2_PLACEMENT_3D('',#5444,#4052,#4053);
#3539=AXIS2_PLACEMENT_3D('',#5445,#4054,#4055);
#3540=AXIS2_PLACEMENT_3D('',#5505,#4062,#4063);
#3541=AXIS2_PLACEMENT_3D('',#5507,#4064,#4065);
#3542=AXIS2_PLACEMENT_3D('',#5511,#4067,#4068);
#3543=AXIS2_PLACEMENT_3D('',#5513,#4069,#4070);
#3544=AXIS2_PLACEMENT_3D('',#5515,#4071,#4072);
#3545=AXIS2_PLACEMENT_3D('',#5516,#4073,#4074);
#3546=AXIS2_PLACEMENT_3D('',#5517,#4075,#4076);
#3547=AXIS2_PLACEMENT_3D('',#5519,#4077,#4078);
#3548=AXIS2_PLACEMENT_3D('',#5523,#4080,#4081);
#3549=AXIS2_PLACEMENT_3D('',#5525,#4082,#4083);
#3550=AXIS2_PLACEMENT_3D('',#5527,#4084,#4085);
#3551=AXIS2_PLACEMENT_3D('',#5528,#4086,#4087);
#3552=AXIS2_PLACEMENT_3D('',#5529,#4088,#4089);
#3553=AXIS2_PLACEMENT_3D('',#5531,#4090,#4091);
#3554=AXIS2_PLACEMENT_3D('',#5535,#4093,#4094);
#3555=AXIS2_PLACEMENT_3D('',#5537,#4095,#4096);
#3556=AXIS2_PLACEMENT_3D('',#5539,#4097,#4098);
#3557=AXIS2_PLACEMENT_3D('',#5540,#4099,#4100);
#3558=AXIS2_PLACEMENT_3D('',#5541,#4101,#4102);
#3559=AXIS2_PLACEMENT_3D('',#5545,#4105,#4106);
#3560=AXIS2_PLACEMENT_3D('',#5547,#4107,#4108);
#3561=AXIS2_PLACEMENT_3D('',#5551,#4110,#4111);
#3562=AXIS2_PLACEMENT_3D('',#5553,#4112,#4113);
#3563=AXIS2_PLACEMENT_3D('',#5555,#4114,#4115);
#3564=AXIS2_PLACEMENT_3D('',#5556,#4116,#4117);
#3565=AXIS2_PLACEMENT_3D('',#5557,#4118,#4119);
#3566=AXIS2_PLACEMENT_3D('',#5562,#4121,#4122);
#3567=AXIS2_PLACEMENT_3D('',#5563,#4123,#4124);
#3568=AXIS2_PLACEMENT_3D('',#5564,#4125,#4126);
#3569=AXIS2_PLACEMENT_3D('',#5569,#4128,#4129);
#3570=AXIS2_PLACEMENT_3D('',#5570,#4130,#4131);
#3571=AXIS2_PLACEMENT_3D('',#5571,#4132,#4133);
#3572=AXIS2_PLACEMENT_3D('',#5574,#4134,#4135);
#3573=AXIS2_PLACEMENT_3D('',#5576,#4136,#4137);
#3574=AXIS2_PLACEMENT_3D('',#5578,#4139,#4140);
#3575=AXIS2_PLACEMENT_3D('',#5581,#4141,#4142);
#3576=AXIS2_PLACEMENT_3D('',#5583,#4143,#4144);
#3577=AXIS2_PLACEMENT_3D('',#5585,#4146,#4147);
#3578=AXIS2_PLACEMENT_3D('',#5588,#4148,#4149);
#3579=AXIS2_PLACEMENT_3D('',#5590,#4151,#4152);
#3580=AXIS2_PLACEMENT_3D('',#5593,#4153,#4154);
#3581=AXIS2_PLACEMENT_3D('',#5595,#4156,#4157);
#3582=AXIS2_PLACEMENT_3D('',#5599,#4159,#4160);
#3583=AXIS2_PLACEMENT_3D('',#5600,#4161,#4162);
#3584=AXIS2_PLACEMENT_3D('',#5604,#4164,#4165);
#3585=AXIS2_PLACEMENT_3D('',#5605,#4166,#4167);
#3586=AXIS2_PLACEMENT_3D('',#5613,#4171,#4172);
#3587=AXIS2_PLACEMENT_3D('',#5614,#4173,#4174);
#3588=AXIS2_PLACEMENT_3D('',#5626,#4182,#4183);
#3589=AXIS2_PLACEMENT_3D('',#5638,#4191,#4192);
#3590=AXIS2_PLACEMENT_3D('',#5643,#4194,#4195);
#3591=AXIS2_PLACEMENT_3D('',#5647,#4198,#4199);
#3592=AXIS2_PLACEMENT_3D('',#5652,#4201,#4202);
#3593=AXIS2_PLACEMENT_3D('',#5656,#4205,#4206);
#3594=AXIS2_PLACEMENT_3D('',#5668,#4214,#4215);
#3595=AXIS2_PLACEMENT_3D('',#5680,#4223,#4224);
#3596=AXIS2_PLACEMENT_3D('',#5685,#4226,#4227);
#3597=AXIS2_PLACEMENT_3D('',#5689,#4230,#4231);
#3598=AXIS2_PLACEMENT_3D('',#5691,#4233,#4234);
#3599=AXIS2_PLACEMENT_3D('',#5692,#4235,#4236);
#3600=AXIS2_PLACEMENT_3D('',#5700,#4240,#4241);
#3601=AXIS2_PLACEMENT_3D('',#5701,#4242,#4243);
#3602=AXIS2_PLACEMENT_3D('',#5710,#4250,#4251);
#3603=AXIS2_PLACEMENT_3D('',#5719,#4258,#4259);
#3604=AXIS2_PLACEMENT_3D('',#5721,#4261,#4262);
#3605=AXIS2_PLACEMENT_3D('',#5722,#4263,#4264);
#3606=AXIS2_PLACEMENT_3D('',#5729,#4267,#4268);
#3607=AXIS2_PLACEMENT_3D('',#5731,#4270,#4271);
#3608=AXIS2_PLACEMENT_3D('',#5740,#4278,#4279);
#3609=AXIS2_PLACEMENT_3D('',#5749,#4286,#4287);
#3610=AXIS2_PLACEMENT_3D('',#5751,#4289,#4290);
#3611=AXIS2_PLACEMENT_3D('',#5753,#4292,#4293);
#3612=AXIS2_PLACEMENT_3D('',#5755,#4295,#4296);
#3613=AXIS2_PLACEMENT_3D('',#5757,#4298,#4299);
#3614=AXIS2_PLACEMENT_3D('',#5758,#4300,#4301);
#3615=AXIS2_PLACEMENT_3D('',#5759,#4302,#4303);
#3616=AXIS2_PLACEMENT_3D('',#5761,#4305,#4306);
#3617=AXIS2_PLACEMENT_3D('',#5763,#4308,#4309);
#3618=AXIS2_PLACEMENT_3D('',#5764,#4310,#4311);
#3619=AXIS2_PLACEMENT_3D('',#5766,#4313,#4314);
#3620=AXIS2_PLACEMENT_3D('',#5768,#4316,#4317);
#3621=AXIS2_PLACEMENT_3D('',#5769,#4318,#4319);
#3622=AXIS2_PLACEMENT_3D('',#5771,#4321,#4322);
#3623=AXIS2_PLACEMENT_3D('',#5773,#4324,#4325);
#3624=AXIS2_PLACEMENT_3D('',#5774,#4326,#4327);
#3625=AXIS2_PLACEMENT_3D('',#5776,#4329,#4330);
#3626=AXIS2_PLACEMENT_3D('',#5778,#4332,#4333);
#3627=AXIS2_PLACEMENT_3D('',#5779,#4334,#4335);
#3628=AXIS2_PLACEMENT_3D('',#5781,#4337,#4338);
#3629=AXIS2_PLACEMENT_3D('',#5783,#4340,#4341);
#3630=AXIS2_PLACEMENT_3D('',#5785,#4343,#4344);
#3631=AXIS2_PLACEMENT_3D('',#5787,#4346,#4347);
#3632=AXIS2_PLACEMENT_3D('',#5788,#4348,#4349);
#3633=AXIS2_PLACEMENT_3D('',#5789,#4350,#4351);
#3634=AXIS2_PLACEMENT_3D('',#5799,#4352,#4353);
#3635=AXIS2_PLACEMENT_3D('',#5801,#4354,#4355);
#3636=AXIS2_PLACEMENT_3D('',#5802,#4356,#4357);
#3637=AXIS2_PLACEMENT_3D('',#5803,#4358,#4359);
#3638=AXIS2_PLACEMENT_3D('',#5813,#4362,#4363);
#3639=AXIS2_PLACEMENT_3D('',#5814,#4364,#4365);
#3640=AXIS2_PLACEMENT_3D('',#5822,#4368,#4369);
#3641=AXIS2_PLACEMENT_3D('',#5831,#4370,#4371);
#3642=AXIS2_PLACEMENT_3D('',#5832,#4372,#4373);
#3643=AXIS2_PLACEMENT_3D('',#5833,#4374,#4375);
#3644=AXIS2_PLACEMENT_3D('',#5835,#4376,#4377);
#3645=AXIS2_PLACEMENT_3D('',#5836,#4378,#4379);
#3646=AXIS2_PLACEMENT_3D('',#5837,#4380,#4381);
#3647=AXIS2_PLACEMENT_3D('',#5839,#4382,#4383);
#3648=AXIS2_PLACEMENT_3D('',#5840,#4384,#4385);
#3649=AXIS2_PLACEMENT_3D('',#5841,#4386,#4387);
#3650=AXIS2_PLACEMENT_3D('',#5861,#4388,#4389);
#3651=AXIS2_PLACEMENT_3D('',#5862,#4390,#4391);
#3652=AXIS2_PLACEMENT_3D('',#5865,#4392,#4393);
#3653=AXIS2_PLACEMENT_3D('',#5867,#4394,#4395);
#3654=AXIS2_PLACEMENT_3D('',#5870,#4397,#4398);
#3655=AXIS2_PLACEMENT_3D('',#5871,#4399,#4400);
#3656=AXIS2_PLACEMENT_3D('',#5880,#4401,#4402);
#3657=AXIS2_PLACEMENT_3D('',#5881,#4403,#4404);
#3658=AXIS2_PLACEMENT_3D('',#5882,#4405,#4406);
#3659=AXIS2_PLACEMENT_3D('',#5892,#4409,#4410);
#3660=AXIS2_PLACEMENT_3D('',#5893,#4411,#4412);
#3661=AXIS2_PLACEMENT_3D('',#5899,#4414,#4415);
#3662=AXIS2_PLACEMENT_3D('',#5909,#4416,#4417);
#3663=AXIS2_PLACEMENT_3D('',#5917,#4418,#4419);
#3664=AXIS2_PLACEMENT_3D('',#5918,#4420,#4421);
#3665=AXIS2_PLACEMENT_3D('',#5927,#4422,#4423);
#3666=AXIS2_PLACEMENT_3D('',#5928,#4424,#4425);
#3667=AXIS2_PLACEMENT_3D('',#5929,#4426,#4427);
#3668=AXIS2_PLACEMENT_3D('',#5931,#4428,#4429);
#3669=AXIS2_PLACEMENT_3D('',#5933,#4430,#4431);
#3670=AXIS2_PLACEMENT_3D('',#5934,#4432,#4433);
#3671=AXIS2_PLACEMENT_3D('',#5935,#4434,#4435);
#3672=AXIS2_PLACEMENT_3D('',#5937,#4436,#4437);
#3673=AXIS2_PLACEMENT_3D('',#5938,#4438,#4439);
#3674=AXIS2_PLACEMENT_3D('',#5939,#4440,#4441);
#3675=AXIS2_PLACEMENT_3D('',#5954,#4442,#4443);
#3676=AXIS2_PLACEMENT_3D('',#5969,#4444,#4445);
#3677=AXIS2_PLACEMENT_3D('',#6001,#4453,#4454);
#3678=AXIS2_PLACEMENT_3D('',#6007,#4458,#4459);
#3679=AXIS2_PLACEMENT_3D('',#6111,#4468,#4469);
#3680=AXIS2_PLACEMENT_3D('',#6137,#4475,#4476);
#3681=AXIS2_PLACEMENT_3D('',#6158,#4477,#4478);
#3682=AXIS2_PLACEMENT_3D('',#6235,#4481,#4482);
#3683=AXIS2_PLACEMENT_3D('',#6246,#4488,#4489);
#3684=AXIS2_PLACEMENT_3D('',#6252,#4492,#4493);
#3685=AXIS2_PLACEMENT_3D('',#6254,#4495,#4496);
#3686=AXIS2_PLACEMENT_3D('',#6265,#4502,#4503);
#3687=AXIS2_PLACEMENT_3D('',#6268,#4506,#4507);
#3688=AXIS2_PLACEMENT_3D('',#6270,#4508,#4509);
#3689=AXIS2_PLACEMENT_3D('',#6274,#4512,#4513);
#3690=AXIS2_PLACEMENT_3D('',#6276,#4514,#4515);
#3691=AXIS2_PLACEMENT_3D('',#6278,#4517,#4518);
#3692=AXIS2_PLACEMENT_3D('',#6280,#4519,#4520);
#3693=AXIS2_PLACEMENT_3D('',#6284,#4523,#4524);
#3694=AXIS2_PLACEMENT_3D('',#6285,#4525,#4526);
#3695=AXIS2_PLACEMENT_3D('',#6287,#4527,#4528);
#3696=AXIS2_PLACEMENT_3D('',#6289,#4530,#4531);
#3697=AXIS2_PLACEMENT_3D('',#6291,#4532,#4533);
#3698=AXIS2_PLACEMENT_3D('',#6293,#4535,#4536);
#3699=AXIS2_PLACEMENT_3D('',#6296,#4538,#4539);
#3700=AXIS2_PLACEMENT_3D('',#6302,#4543,#4544);
#3701=AXIS2_PLACEMENT_3D('',#6304,#4545,#4546);
#3702=AXIS2_PLACEMENT_3D('',#6305,#4547,#4548);
#3703=AXIS2_PLACEMENT_3D('',#6306,#4549,#4550);
#3704=AXIS2_PLACEMENT_3D('',#6307,#4551,#4552);
#3705=AXIS2_PLACEMENT_3D('',#6308,#4553,#4554);
#3706=AXIS2_PLACEMENT_3D('',#6310,#4556,#4557);
#3707=AXIS2_PLACEMENT_3D('',#6312,#4559,#4560);
#3708=AXIS2_PLACEMENT_3D('',#6314,#4562,#4563);
#3709=AXIS2_PLACEMENT_3D('',#6316,#4565,#4566);
#3710=AXIS2_PLACEMENT_3D('',#6325,#4568,#4569);
#3711=AXIS2_PLACEMENT_3D('',#6327,#4570,#4571);
#3712=AXIS2_PLACEMENT_3D('',#6328,#4572,#4573);
#3713=AXIS2_PLACEMENT_3D('',#6330,#4574,#4575);
#3714=AXIS2_PLACEMENT_3D('',#6331,#4576,#4577);
#3715=AXIS2_PLACEMENT_3D('',#6333,#4578,#4579);
#3716=AXIS2_PLACEMENT_3D('',#6335,#4581,#4582);
#3717=AXIS2_PLACEMENT_3D('',#6337,#4584,#4585);
#3718=AXIS2_PLACEMENT_3D('',#6338,#4586,#4587);
#3719=AXIS2_PLACEMENT_3D('',#6340,#4589,#4590);
#3720=AXIS2_PLACEMENT_3D('',#6342,#4592,#4593);
#3721=AXIS2_PLACEMENT_3D('',#6344,#4595,#4596);
#3722=AXIS2_PLACEMENT_3D('',#6346,#4598,#4599);
#3723=AXIS2_PLACEMENT_3D('',#6348,#4601,#4602);
#3724=AXIS2_PLACEMENT_3D('',#6350,#4604,#4605);
#3725=AXIS2_PLACEMENT_3D('',#6352,#4607,#4608);
#3726=AXIS2_PLACEMENT_3D('',#6353,#4609,#4610);
#3727=DIRECTION('axis',(0.,0.,1.));
#3728=DIRECTION('refdir',(1.,0.,0.));
#3729=DIRECTION('center_axis',(0.,0.,1.));
#3730=DIRECTION('ref_axis',(1.,0.,0.));
#3731=DIRECTION('',(0.,0.,1.));
#3732=DIRECTION('center_axis',(0.,0.707106781186548,0.707106781186548));
#3733=DIRECTION('ref_axis',(0.,-0.707106781186548,0.707106781186548));
#3734=DIRECTION('',(0.,0.,1.));
#3735=DIRECTION('center_axis',(0.,0.,1.));
#3736=DIRECTION('ref_axis',(1.,0.,0.));
#3737=DIRECTION('',(0.,0.,-1.));
#3738=DIRECTION('center_axis',(0.,0.707106781186548,0.707106781186548));
#3739=DIRECTION('ref_axis',(0.,-0.707106781186548,0.707106781186548));
#3740=DIRECTION('center_axis',(0.,0.707106781186548,-0.707106781186548));
#3741=DIRECTION('ref_axis',(0.,-0.707106781186548,-0.707106781186548));
#3742=DIRECTION('',(0.,0.,-1.));
#3743=DIRECTION('center_axis',(0.,0.,1.));
#3744=DIRECTION('ref_axis',(1.,0.,0.));
#3745=DIRECTION('',(0.,0.,1.));
#3746=DIRECTION('center_axis',(0.,0.,1.));
#3747=DIRECTION('ref_axis',(1.,0.,0.));
#3748=DIRECTION('center_axis',(0.,0.,1.));
#3749=DIRECTION('ref_axis',(1.,0.,0.));
#3750=DIRECTION('',(0.,0.,1.));
#3751=DIRECTION('center_axis',(0.,0.707106781186548,-0.707106781186548));
#3752=DIRECTION('ref_axis',(0.,-0.707106781186548,-0.707106781186548));
#3753=DIRECTION('center_axis',(0.,0.,-1.));
#3754=DIRECTION('ref_axis',(0.0130818869784312,-0.999914428455297,0.));
#3755=DIRECTION('',(0.,0.,-1.));
#3756=DIRECTION('center_axis',(0.,0.,1.));
#3757=DIRECTION('ref_axis',(0.0130818869784312,-0.999914428455297,0.));
#3758=DIRECTION('',(0.,0.,-1.));
#3759=DIRECTION('center_axis',(0.,0.,1.));
#3760=DIRECTION('ref_axis',(0.0130818869784312,-0.999914428455297,0.));
#3761=DIRECTION('',(0.,0.,-1.));
#3762=DIRECTION('center_axis',(0.,0.,1.));
#3763=DIRECTION('ref_axis',(0.0130818869784312,-0.999914428455297,0.));
#3764=DIRECTION('',(0.,0.,1.));
#3765=DIRECTION('center_axis',(0.,0.,-1.));
#3766=DIRECTION('ref_axis',(0.0130818869784314,-0.999914428455297,0.));
#3767=DIRECTION('center_axis',(0.,0.,-1.));
#3768=DIRECTION('ref_axis',(0.0130818869784314,-0.999914428455297,0.));
#3769=DIRECTION('',(0.,0.,-1.));
#3770=DIRECTION('center_axis',(0.,0.,-1.));
#3771=DIRECTION('ref_axis',(0.0130818869784314,-0.999914428455297,0.));
#3772=DIRECTION('',(0.,0.,-1.));
#3773=DIRECTION('center_axis',(0.,0.,-1.));
#3774=DIRECTION('ref_axis',(0.987129864262059,-0.159920702480854,0.));
#3775=DIRECTION('center_axis',(0.,0.,-1.));
#3776=DIRECTION('ref_axis',(0.987129864262059,-0.159920702480854,0.));
#3777=DIRECTION('',(0.,0.,-1.));
#3778=DIRECTION('center_axis',(0.,0.,-1.));
#3779=DIRECTION('ref_axis',(0.987129864262059,-0.159920702480854,0.));
#3780=DIRECTION('center_axis',(0.,0.,-1.));
#3781=DIRECTION('ref_axis',(-0.0130818869784362,0.999914428455297,0.));
#3782=DIRECTION('center_axis',(0.,0.,-1.));
#3783=DIRECTION('ref_axis',(-0.0130818869784362,0.999914428455297,0.));
#3784=DIRECTION('center_axis',(0.,0.,-1.));
#3785=DIRECTION('ref_axis',(-0.0130818869784362,0.999914428455297,0.));
#3786=DIRECTION('center_axis',(0.,0.,1.));
#3787=DIRECTION('ref_axis',(-1.,0.,0.));
#3788=DIRECTION('',(0.925104441599783,-0.379712749499347,0.));
#3789=DIRECTION('',(0.342020143325668,0.939692620785909,0.));
#3790=DIRECTION('',(-0.939692620785908,0.342020143325669,0.));
#3791=DIRECTION('center_axis',(0.,0.,-1.));
#3792=DIRECTION('ref_axis',(-1.,0.,0.));
#3793=DIRECTION('center_axis',(0.,0.,1.));
#3794=DIRECTION('ref_axis',(-1.,0.,0.));
#3795=DIRECTION('center_axis',(0.,0.,-1.));
#3796=DIRECTION('ref_axis',(-1.,0.,0.));
#3797=DIRECTION('center_axis',(0.,0.,1.));
#3798=DIRECTION('ref_axis',(-1.,0.,0.));
#3799=DIRECTION('center_axis',(0.,0.,-1.));
#3800=DIRECTION('ref_axis',(-1.,0.,0.));
#3801=DIRECTION('',(0.707106781186547,8.65956056235493E-17,0.707106781186548));
#3802=DIRECTION('center_axis',(0.,0.,-1.));
#3803=DIRECTION('ref_axis',(-1.,-6.12323399573674E-17,0.));
#3804=DIRECTION('center_axis',(0.,0.,-1.));
#3805=DIRECTION('ref_axis',(-1.,-6.12323399573674E-17,0.));
#3806=DIRECTION('center_axis',(0.939692620785908,-0.342020143325669,0.));
#3807=DIRECTION('ref_axis',(-0.342020143325669,-0.939692620785908,0.));
#3808=DIRECTION('',(-0.342020143325669,-0.939692620785908,0.));
#3809=DIRECTION('',(0.,0.,-1.));
#3810=DIRECTION('',(-0.342020143325669,-0.939692620785908,0.));
#3811=DIRECTION('',(0.,0.,-1.));
#3812=DIRECTION('center_axis',(0.342020143325668,0.939692620785909,0.));
#3813=DIRECTION('ref_axis',(0.939692620785909,-0.342020143325668,0.));
#3814=DIRECTION('',(0.939692620785909,-0.342020143325668,0.));
#3815=DIRECTION('',(0.,0.,-1.));
#3816=DIRECTION('',(0.939692620785909,-0.342020143325668,0.));
#3817=DIRECTION('center_axis',(-0.939692620785908,0.342020143325669,0.));
#3818=DIRECTION('ref_axis',(0.342020143325669,0.939692620785908,0.));
#3819=DIRECTION('',(0.342020143325669,0.939692620785908,0.));
#3820=DIRECTION('',(0.,0.,-1.));
#3821=DIRECTION('',(0.342020143325669,0.939692620785908,0.));
#3822=DIRECTION('center_axis',(0.342020468884026,0.939692502292293,0.));
#3823=DIRECTION('ref_axis',(0.939692502292293,-0.342020468884026,0.));
#3824=DIRECTION('',(0.939692502292293,-0.342020468884026,0.));
#3825=DIRECTION('',(0.,0.,-1.));
#3826=DIRECTION('',(0.939692502292293,-0.342020468884026,0.));
#3827=DIRECTION('center_axis',(-0.939692502292325,0.342020468883939,0.));
#3828=DIRECTION('ref_axis',(0.342020468883939,0.939692502292324,0.));
#3829=DIRECTION('',(0.342020468883939,0.939692502292324,0.));
#3830=DIRECTION('',(0.,0.,-1.));
#3831=DIRECTION('',(0.342020468883939,0.939692502292324,0.));
#3832=DIRECTION('center_axis',(-0.342020143325667,-0.939692620785909,0.));
#3833=DIRECTION('ref_axis',(-0.939692620785909,0.342020143325667,0.));
#3834=DIRECTION('',(-0.939692620785909,0.342020143325667,0.));
#3835=DIRECTION('',(0.,0.,-1.));
#3836=DIRECTION('',(-0.939692620785909,0.342020143325667,0.));
#3837=DIRECTION('center_axis',(-0.939692620785908,0.34202014332567,0.));
#3838=DIRECTION('ref_axis',(0.34202014332567,0.939692620785908,0.));
#3839=DIRECTION('',(0.34202014332567,0.939692620785908,0.));
#3840=DIRECTION('',(0.,0.,-1.));
#3841=DIRECTION('',(0.34202014332567,0.939692620785908,0.));
#3842=DIRECTION('center_axis',(-0.342020143325669,-0.939692620785909,0.));
#3843=DIRECTION('ref_axis',(-0.939692620785909,0.342020143325669,0.));
#3844=DIRECTION('',(-0.939692620785909,0.342020143325669,0.));
#3845=DIRECTION('',(0.,0.,-1.));
#3846=DIRECTION('',(-0.939692620785909,0.342020143325669,0.));
#3847=DIRECTION('center_axis',(0.939692620785908,-0.342020143325669,0.));
#3848=DIRECTION('ref_axis',(-0.342020143325669,-0.939692620785908,0.));
#3849=DIRECTION('',(-0.342020143325669,-0.939692620785908,0.));
#3850=DIRECTION('',(0.,0.,-1.));
#3851=DIRECTION('',(-0.342020143325669,-0.939692620785908,0.));
#3852=DIRECTION('center_axis',(-0.342020143325668,-0.939692620785909,0.));
#3853=DIRECTION('ref_axis',(-0.939692620785909,0.342020143325668,0.));
#3854=DIRECTION('',(-0.939692620785909,0.342020143325668,0.));
#3855=DIRECTION('',(0.,0.,-1.));
#3856=DIRECTION('',(-0.939692620785909,0.342020143325668,0.));
#3857=DIRECTION('center_axis',(0.939692620785909,-0.342020143325668,0.));
#3858=DIRECTION('ref_axis',(-0.342020143325668,-0.939692620785909,0.));
#3859=DIRECTION('',(0.,0.,-1.));
#3860=DIRECTION('',(-0.342020143325668,-0.939692620785909,0.));
#3861=DIRECTION('center_axis',(0.379712749499347,0.925104441599783,0.));
#3862=DIRECTION('ref_axis',(0.925104441599783,-0.379712749499347,0.));
#3863=DIRECTION('',(0.925104441599783,-0.379712749499347,0.));
#3864=DIRECTION('',(0.,0.,-1.));
#3865=DIRECTION('',(0.925104441599783,-0.379712749499347,0.));
#3866=DIRECTION('center_axis',(0.342020143325668,0.939692620785909,0.));
#3867=DIRECTION('ref_axis',(0.939692620785909,-0.342020143325668,0.));
#3868=DIRECTION('',(0.939692620785909,-0.342020143325668,0.));
#3869=DIRECTION('',(0.939692620785909,-0.342020143325668,0.));
#3870=DIRECTION('center_axis',(0.,0.,-1.));
#3871=DIRECTION('ref_axis',(-1.,0.,0.));
#3872=DIRECTION('center_axis',(1.,0.,0.));
#3873=DIRECTION('ref_axis',(0.,0.,-1.));
#3874=DIRECTION('',(0.,-1.,0.));
#3875=DIRECTION('',(0.,0.,1.));
#3876=DIRECTION('',(0.,1.,0.));
#3877=DIRECTION('',(0.,0.,-1.));
#3878=DIRECTION('center_axis',(0.,1.,0.));
#3879=DIRECTION('ref_axis',(-1.,0.,0.));
#3880=DIRECTION('',(-1.,0.,0.));
#3881=DIRECTION('',(0.,0.,1.));
#3882=DIRECTION('',(1.,0.,0.));
#3883=DIRECTION('',(0.,0.,1.));
#3884=DIRECTION('',(0.,0.,1.));
#3885=DIRECTION('',(0.,0.,1.));
#3886=DIRECTION('',(0.,0.,1.));
#3887=DIRECTION('',(0.,0.,1.));
#3888=DIRECTION('',(0.,0.,1.));
#3889=DIRECTION('',(0.,0.,1.));
#3890=DIRECTION('',(0.,0.,1.));
#3891=DIRECTION('',(0.,0.,1.));
#3892=DIRECTION('',(0.,0.,1.));
#3893=DIRECTION('',(0.,0.,-1.));
#3894=DIRECTION('',(0.,0.,1.));
#3895=DIRECTION('',(0.,0.,-1.));
#3896=DIRECTION('center_axis',(0.,0.,1.));
#3897=DIRECTION('ref_axis',(-1.,0.,0.));
#3898=DIRECTION('center_axis',(0.,0.,-1.));
#3899=DIRECTION('ref_axis',(-1.,0.,0.));
#3900=DIRECTION('',(0.707106781186547,8.65956056235492E-17,0.707106781186548));
#3901=DIRECTION('center_axis',(0.,0.,-1.));
#3902=DIRECTION('ref_axis',(-1.,0.,0.));
#3903=DIRECTION('center_axis',(0.,0.,1.));
#3904=DIRECTION('ref_axis',(-1.,0.,0.));
#3905=DIRECTION('center_axis',(0.,0.,1.));
#3906=DIRECTION('ref_axis',(-1.,0.,0.));
#3907=DIRECTION('center_axis',(0.,0.,-1.));
#3908=DIRECTION('ref_axis',(-1.,0.,0.));
#3909=DIRECTION('',(0.707106781186547,8.65956056235492E-17,0.707106781186548));
#3910=DIRECTION('center_axis',(0.,0.,-1.));
#3911=DIRECTION('ref_axis',(-1.,0.,0.));
#3912=DIRECTION('center_axis',(0.,0.,1.));
#3913=DIRECTION('ref_axis',(-1.,0.,0.));
#3914=DIRECTION('center_axis',(0.,0.,1.));
#3915=DIRECTION('ref_axis',(-1.,0.,0.));
#3916=DIRECTION('center_axis',(0.,0.,-1.));
#3917=DIRECTION('ref_axis',(-1.,0.,0.));
#3918=DIRECTION('',(0.707106781186547,8.65956056235492E-17,0.707106781186548));
#3919=DIRECTION('center_axis',(0.,0.,-1.));
#3920=DIRECTION('ref_axis',(-1.,0.,0.));
#3921=DIRECTION('center_axis',(0.,0.,1.));
#3922=DIRECTION('ref_axis',(-1.,0.,0.));
#3923=DIRECTION('center_axis',(0.,0.,1.));
#3924=DIRECTION('ref_axis',(-1.,0.,0.));
#3925=DIRECTION('center_axis',(0.,0.,-1.));
#3926=DIRECTION('ref_axis',(-1.,0.,0.));
#3927=DIRECTION('',(0.707106781186547,8.65956056235492E-17,0.707106781186548));
#3928=DIRECTION('center_axis',(0.,0.,-1.));
#3929=DIRECTION('ref_axis',(-1.,0.,0.));
#3930=DIRECTION('center_axis',(0.,0.,1.));
#3931=DIRECTION('ref_axis',(-1.,0.,0.));
#3932=DIRECTION('center_axis',(0.,0.,1.));
#3933=DIRECTION('ref_axis',(-1.,0.,0.));
#3934=DIRECTION('center_axis',(1.22464679913478E-16,-1.,-7.54626171001562E-15));
#3935=DIRECTION('ref_axis',(-1.,-1.22464679914735E-16,1.66533453693777E-13));
#3936=DIRECTION('center_axis',(0.,0.,-1.));
#3937=DIRECTION('ref_axis',(-1.,-6.12323399573674E-17,0.));
#3938=DIRECTION('center_axis',(0.,0.,-1.));
#3939=DIRECTION('ref_axis',(-1.,-6.12323399573674E-17,0.));
#3940=DIRECTION('center_axis',(0.,0.,1.));
#3941=DIRECTION('ref_axis',(-1.,0.,0.));
#3942=DIRECTION('center_axis',(0.,0.,1.));
#3943=DIRECTION('ref_axis',(-1.,0.,0.));
#3944=DIRECTION('center_axis',(0.,0.,-1.));
#3945=DIRECTION('ref_axis',(-1.,0.,0.));
#3946=DIRECTION('',(0.707106781186547,8.65956056235493E-17,0.707106781186548));
#3947=DIRECTION('center_axis',(0.,0.,-1.));
#3948=DIRECTION('ref_axis',(-1.,0.,0.));
#3949=DIRECTION('center_axis',(0.,0.,-1.));
#3950=DIRECTION('ref_axis',(-1.,0.,0.));
#3951=DIRECTION('',(0.,0.,-1.));
#3952=DIRECTION('center_axis',(0.,0.,1.));
#3953=DIRECTION('ref_axis',(-1.,0.,0.));
#3954=DIRECTION('center_axis',(-7.69704614087611E-28,-1.,-1.73322070659513E-14));
#3955=DIRECTION('ref_axis',(-1.,0.,4.44089209850071E-14));
#3956=DIRECTION('center_axis',(0.,1.3589990236205E-14,-1.));
#3957=DIRECTION('ref_axis',(-1.,0.,0.));
#3958=DIRECTION('center_axis',(0.,1.3589990236205E-14,-1.));
#3959=DIRECTION('ref_axis',(-1.,0.,0.));
#3960=DIRECTION('center_axis',(0.,0.,1.));
#3961=DIRECTION('ref_axis',(-1.,0.,0.));
#3962=DIRECTION('center_axis',(0.,0.,1.));
#3963=DIRECTION('ref_axis',(-1.,0.,0.));
#3964=DIRECTION('center_axis',(0.,0.,-1.));
#3965=DIRECTION('ref_axis',(-1.,0.,0.));
#3966=DIRECTION('',(0.707106781186549,8.65956056235496E-17,0.707106781186546));
#3967=DIRECTION('center_axis',(0.,0.,-1.));
#3968=DIRECTION('ref_axis',(-1.,0.,0.));
#3969=DIRECTION('center_axis',(0.,0.,-1.));
#3970=DIRECTION('ref_axis',(-1.,0.,0.));
#3971=DIRECTION('',(0.,0.,-1.));
#3972=DIRECTION('center_axis',(0.,0.,1.));
#3973=DIRECTION('ref_axis',(-1.,0.,0.));
#3974=DIRECTION('center_axis',(-1.39633891671764E-28,-1.,-2.51542057000494E-15));
#3975=DIRECTION('ref_axis',(-1.,0.,5.55111512312592E-14));
#3976=DIRECTION('center_axis',(0.,1.3589990236205E-14,-1.));
#3977=DIRECTION('ref_axis',(-1.,0.,0.));
#3978=DIRECTION('center_axis',(0.,1.3589990236205E-14,-1.));
#3979=DIRECTION('ref_axis',(-1.,0.,0.));
#3980=DIRECTION('center_axis',(0.,0.,1.));
#3981=DIRECTION('ref_axis',(-1.,0.,0.));
#3982=DIRECTION('center_axis',(0.,0.,1.));
#3983=DIRECTION('ref_axis',(-1.,0.,0.));
#3984=DIRECTION('center_axis',(0.,0.,-1.));
#3985=DIRECTION('ref_axis',(-1.,0.,0.));
#3986=DIRECTION('',(0.707106781186549,8.65956056235496E-17,0.707106781186546));
#3987=DIRECTION('center_axis',(0.,0.,-1.));
#3988=DIRECTION('ref_axis',(-1.,0.,0.));
#3989=DIRECTION('center_axis',(0.,0.,-1.));
#3990=DIRECTION('ref_axis',(-1.,0.,0.));
#3991=DIRECTION('',(0.,0.,-1.));
#3992=DIRECTION('center_axis',(0.,0.,1.));
#3993=DIRECTION('ref_axis',(-1.,0.,0.));
#3994=DIRECTION('center_axis',(0.,0.,1.));
#3995=DIRECTION('ref_axis',(-1.,0.,0.));
#3996=DIRECTION('center_axis',(0.,0.,1.));
#3997=DIRECTION('ref_axis',(-1.,0.,0.));
#3998=DIRECTION('center_axis',(0.,0.,1.));
#3999=DIRECTION('ref_axis',(-1.,0.,0.));
#4000=DIRECTION('',(0.,0.,1.));
#4001=DIRECTION('',(0.,0.,1.));
#4002=DIRECTION('center_axis',(0.,0.,1.));
#4003=DIRECTION('ref_axis',(1.,0.,0.));
#4004=DIRECTION('center_axis',(0.,0.,-1.));
#4005=DIRECTION('ref_axis',(1.,0.,0.));
#4006=DIRECTION('center_axis',(0.,0.,-1.));
#4007=DIRECTION('ref_axis',(1.,0.,0.));
#4008=DIRECTION('center_axis',(0.,0.,-1.));
#4009=DIRECTION('ref_axis',(1.,0.,0.));
#4010=DIRECTION('center_axis',(0.,0.,-1.));
#4011=DIRECTION('ref_axis',(1.,0.,0.));
#4012=DIRECTION('center_axis',(0.,0.,-1.));
#4013=DIRECTION('ref_axis',(1.,0.,0.));
#4014=DIRECTION('center_axis',(0.,0.,-1.));
#4015=DIRECTION('ref_axis',(1.,0.,0.));
#4016=DIRECTION('center_axis',(0.,0.,-1.));
#4017=DIRECTION('ref_axis',(1.,0.,0.));
#4018=DIRECTION('',(1.,1.11022302462516E-16,0.));
#4019=DIRECTION('',(0.,-1.,0.));
#4020=DIRECTION('center_axis',(0.,0.,-1.));
#4021=DIRECTION('ref_axis',(1.,0.,0.));
#4022=DIRECTION('center_axis',(0.,0.,1.));
#4023=DIRECTION('ref_axis',(1.,0.,0.));
#4024=DIRECTION('center_axis',(0.,0.,1.));
#4025=DIRECTION('ref_axis',(1.,0.,0.));
#4026=DIRECTION('',(0.,0.,1.));
#4027=DIRECTION('center_axis',(0.,0.,1.));
#4028=DIRECTION('ref_axis',(1.,0.,0.));
#4029=DIRECTION('center_axis',(0.,0.,1.));
#4030=DIRECTION('ref_axis',(1.,0.,0.));
#4031=DIRECTION('',(0.,0.,1.));
#4032=DIRECTION('center_axis',(0.,0.,1.));
#4033=DIRECTION('ref_axis',(1.,0.,0.));
#4034=DIRECTION('center_axis',(0.,0.,1.));
#4035=DIRECTION('ref_axis',(1.,0.,0.));
#4036=DIRECTION('',(0.,0.,1.));
#4037=DIRECTION('center_axis',(0.,0.,1.));
#4038=DIRECTION('ref_axis',(1.,0.,0.));
#4039=DIRECTION('center_axis',(0.,0.,1.));
#4040=DIRECTION('ref_axis',(1.,0.,0.));
#4041=DIRECTION('',(0.,0.,1.));
#4042=DIRECTION('center_axis',(0.,0.,1.));
#4043=DIRECTION('ref_axis',(1.,0.,0.));
#4044=DIRECTION('center_axis',(0.,0.,1.));
#4045=DIRECTION('ref_axis',(1.,0.,0.));
#4046=DIRECTION('center_axis',(0.,0.,1.));
#4047=DIRECTION('ref_axis',(1.,0.,0.));
#4048=DIRECTION('center_axis',(0.,0.,1.));
#4049=DIRECTION('ref_axis',(1.,0.,0.));
#4050=DIRECTION('center_axis',(0.,0.,1.));
#4051=DIRECTION('ref_axis',(1.,0.,0.));
#4052=DIRECTION('center_axis',(0.,0.,1.));
#4053=DIRECTION('ref_axis',(1.,0.,0.));
#4054=DIRECTION('center_axis',(0.,0.,1.));
#4055=DIRECTION('ref_axis',(1.,0.,0.));
#4056=DIRECTION('',(0.,0.,-1.));
#4057=DIRECTION('',(0.,0.,1.));
#4058=DIRECTION('',(0.,0.,1.));
#4059=DIRECTION('',(0.,0.,-1.));
#4060=DIRECTION('',(0.,0.,1.));
#4061=DIRECTION('',(0.,0.,-1.));
#4062=DIRECTION('center_axis',(0.,0.,1.));
#4063=DIRECTION('ref_axis',(1.,0.,0.));
#4064=DIRECTION('center_axis',(0.,0.,1.));
#4065=DIRECTION('ref_axis',(1.,0.,0.));
#4066=DIRECTION('',(0.,0.,1.));
#4067=DIRECTION('center_axis',(0.,0.,1.));
#4068=DIRECTION('ref_axis',(1.,0.,0.));
#4069=DIRECTION('center_axis',(0.,0.,1.));
#4070=DIRECTION('ref_axis',(1.,0.,0.));
#4071=DIRECTION('center_axis',(0.,0.,1.));
#4072=DIRECTION('ref_axis',(1.,0.,0.));
#4073=DIRECTION('center_axis',(0.,0.,1.));
#4074=DIRECTION('ref_axis',(1.,0.,0.));
#4075=DIRECTION('center_axis',(0.,0.,1.));
#4076=DIRECTION('ref_axis',(1.,0.,0.));
#4077=DIRECTION('center_axis',(0.,0.,1.));
#4078=DIRECTION('ref_axis',(1.,0.,0.));
#4079=DIRECTION('',(0.,0.,1.));
#4080=DIRECTION('center_axis',(0.,0.,1.));
#4081=DIRECTION('ref_axis',(1.,0.,0.));
#4082=DIRECTION('center_axis',(0.,0.,1.));
#4083=DIRECTION('ref_axis',(1.,0.,0.));
#4084=DIRECTION('center_axis',(0.,0.,1.));
#4085=DIRECTION('ref_axis',(1.,0.,0.));
#4086=DIRECTION('center_axis',(0.,0.,1.));
#4087=DIRECTION('ref_axis',(1.,0.,0.));
#4088=DIRECTION('center_axis',(0.,0.,1.));
#4089=DIRECTION('ref_axis',(1.,0.,0.));
#4090=DIRECTION('center_axis',(0.,0.,1.));
#4091=DIRECTION('ref_axis',(1.,0.,0.));
#4092=DIRECTION('',(0.,0.,1.));
#4093=DIRECTION('center_axis',(0.,0.,1.));
#4094=DIRECTION('ref_axis',(1.,0.,0.));
#4095=DIRECTION('center_axis',(0.,0.,1.));
#4096=DIRECTION('ref_axis',(1.,0.,0.));
#4097=DIRECTION('center_axis',(0.,0.,1.));
#4098=DIRECTION('ref_axis',(1.,0.,0.));
#4099=DIRECTION('center_axis',(0.,0.,1.));
#4100=DIRECTION('ref_axis',(1.,0.,0.));
#4101=DIRECTION('center_axis',(-1.,0.,0.));
#4102=DIRECTION('ref_axis',(0.,-1.,0.));
#4103=DIRECTION('',(0.,0.,1.));
#4104=DIRECTION('',(0.,1.,0.));
#4105=DIRECTION('center_axis',(0.,0.,1.));
#4106=DIRECTION('ref_axis',(1.,0.,0.));
#4107=DIRECTION('center_axis',(0.,0.,1.));
#4108=DIRECTION('ref_axis',(1.,0.,0.));
#4109=DIRECTION('',(0.,0.,1.));
#4110=DIRECTION('center_axis',(0.,0.,1.));
#4111=DIRECTION('ref_axis',(1.,0.,0.));
#4112=DIRECTION('center_axis',(0.,0.,1.));
#4113=DIRECTION('ref_axis',(1.,0.,0.));
#4114=DIRECTION('center_axis',(0.,0.,1.));
#4115=DIRECTION('ref_axis',(1.,0.,0.));
#4116=DIRECTION('center_axis',(0.,0.,1.));
#4117=DIRECTION('ref_axis',(1.,0.,0.));
#4118=DIRECTION('center_axis',(0.,0.,-1.));
#4119=DIRECTION('ref_axis',(-1.,0.,0.));
#4120=DIRECTION('',(0.,1.,0.));
#4121=DIRECTION('center_axis',(0.,0.,1.));
#4122=DIRECTION('ref_axis',(1.,0.,0.));
#4123=DIRECTION('center_axis',(0.,0.,1.));
#4124=DIRECTION('ref_axis',(1.,0.,0.));
#4125=DIRECTION('center_axis',(0.,0.,-1.));
#4126=DIRECTION('ref_axis',(-1.,0.,0.));
#4127=DIRECTION('',(0.,1.,0.));
#4128=DIRECTION('center_axis',(0.,0.,1.));
#4129=DIRECTION('ref_axis',(1.,0.,0.));
#4130=DIRECTION('center_axis',(0.,0.,1.));
#4131=DIRECTION('ref_axis',(1.,0.,0.));
#4132=DIRECTION('center_axis',(0.,0.,-1.));
#4133=DIRECTION('ref_axis',(-1.,0.,0.));
#4134=DIRECTION('center_axis',(0.,0.,1.));
#4135=DIRECTION('ref_axis',(1.,0.,0.));
#4136=DIRECTION('center_axis',(0.,0.,1.));
#4137=DIRECTION('ref_axis',(1.,0.,0.));
#4138=DIRECTION('',(1.56984718922064E-15,1.,0.));
#4139=DIRECTION('center_axis',(0.,0.,-1.));
#4140=DIRECTION('ref_axis',(-1.,0.,0.));
#4141=DIRECTION('center_axis',(0.,0.,1.));
#4142=DIRECTION('ref_axis',(1.,0.,0.));
#4143=DIRECTION('center_axis',(0.,0.,1.));
#4144=DIRECTION('ref_axis',(1.,0.,0.));
#4145=DIRECTION('',(1.56984718922064E-15,1.,0.));
#4146=DIRECTION('center_axis',(0.,0.,-1.));
#4147=DIRECTION('ref_axis',(-1.,0.,0.));
#4148=DIRECTION('center_axis',(0.,0.,1.));
#4149=DIRECTION('ref_axis',(1.,0.,0.));
#4150=DIRECTION('',(0.,-1.,0.));
#4151=DIRECTION('center_axis',(0.,0.,-1.));
#4152=DIRECTION('ref_axis',(-1.,0.,0.));
#4153=DIRECTION('center_axis',(0.,0.,1.));
#4154=DIRECTION('ref_axis',(1.,0.,0.));
#4155=DIRECTION('',(0.,-1.,0.));
#4156=DIRECTION('center_axis',(0.,0.,-1.));
#4157=DIRECTION('ref_axis',(-1.,0.,0.));
#4158=DIRECTION('',(-1.56984718922064E-15,-1.,0.));
#4159=DIRECTION('center_axis',(0.,0.,1.));
#4160=DIRECTION('ref_axis',(1.,0.,0.));
#4161=DIRECTION('center_axis',(0.,0.,-1.));
#4162=DIRECTION('ref_axis',(-1.,0.,0.));
#4163=DIRECTION('',(-1.56984718922064E-15,-1.,0.));
#4164=DIRECTION('center_axis',(0.,0.,1.));
#4165=DIRECTION('ref_axis',(1.,0.,0.));
#4166=DIRECTION('center_axis',(0.,0.,-1.));
#4167=DIRECTION('ref_axis',(-1.,0.,0.));
#4168=DIRECTION('',(0.,1.,0.));
#4169=DIRECTION('',(-1.,0.,0.));
#4170=DIRECTION('',(0.,-1.,0.));
#4171=DIRECTION('center_axis',(0.,0.,1.));
#4172=DIRECTION('ref_axis',(1.,0.,0.));
#4173=DIRECTION('center_axis',(-1.,0.,0.));
#4174=DIRECTION('ref_axis',(0.,-1.,0.));
#4175=DIRECTION('',(0.,0.,1.));
#4176=DIRECTION('',(0.,0.,1.));
#4177=DIRECTION('',(0.,-1.,0.));
#4178=DIRECTION('',(0.,-1.,0.));
#4179=DIRECTION('',(0.,0.,-1.));
#4180=DIRECTION('',(0.,-1.,0.));
#4181=DIRECTION('',(0.,0.,1.));
#4182=DIRECTION('center_axis',(1.,0.,0.));
#4183=DIRECTION('ref_axis',(0.,1.,0.));
#4184=DIRECTION('',(0.,0.,1.));
#4185=DIRECTION('',(0.,1.,0.));
#4186=DIRECTION('',(0.,0.,1.));
#4187=DIRECTION('',(0.,1.,0.));
#4188=DIRECTION('',(0.,1.,0.));
#4189=DIRECTION('',(0.,0.,-1.));
#4190=DIRECTION('',(0.,0.,1.));
#4191=DIRECTION('center_axis',(0.,0.,-1.));
#4192=DIRECTION('ref_axis',(-1.,0.,0.));
#4193=DIRECTION('',(1.56984718922064E-15,1.,0.));
#4194=DIRECTION('center_axis',(0.,0.,1.));
#4195=DIRECTION('ref_axis',(1.,0.,0.));
#4196=DIRECTION('',(-1.56984718922064E-15,-1.,0.));
#4197=DIRECTION('',(1.,0.,0.));
#4198=DIRECTION('center_axis',(0.,0.,-1.));
#4199=DIRECTION('ref_axis',(-1.,0.,0.));
#4200=DIRECTION('',(1.56984718922064E-15,1.,0.));
#4201=DIRECTION('center_axis',(0.,0.,1.));
#4202=DIRECTION('ref_axis',(1.,0.,0.));
#4203=DIRECTION('',(-1.56984718922064E-15,-1.,0.));
#4204=DIRECTION('',(1.,0.,0.));
#4205=DIRECTION('center_axis',(1.,-1.56984718922064E-15,0.));
#4206=DIRECTION('ref_axis',(1.56984718922064E-15,1.,0.));
#4207=DIRECTION('',(0.,0.,1.));
#4208=DIRECTION('',(0.,0.,1.));
#4209=DIRECTION('',(1.56984718922064E-15,1.,0.));
#4210=DIRECTION('',(1.56984718922064E-15,1.,0.));
#4211=DIRECTION('',(0.,0.,-1.));
#4212=DIRECTION('',(1.56984718922064E-15,1.,0.));
#4213=DIRECTION('',(0.,0.,1.));
#4214=DIRECTION('center_axis',(-1.,1.56984718922064E-15,0.));
#4215=DIRECTION('ref_axis',(-1.56984718922064E-15,-1.,0.));
#4216=DIRECTION('',(0.,0.,1.));
#4217=DIRECTION('',(-1.56984718922064E-15,-1.,0.));
#4218=DIRECTION('',(0.,0.,1.));
#4219=DIRECTION('',(-1.56984718922064E-15,-1.,0.));
#4220=DIRECTION('',(-1.56984718922064E-15,-1.,0.));
#4221=DIRECTION('',(0.,0.,-1.));
#4222=DIRECTION('',(0.,0.,1.));
#4223=DIRECTION('center_axis',(0.,0.,-1.));
#4224=DIRECTION('ref_axis',(-1.,0.,0.));
#4225=DIRECTION('',(0.,-1.,0.));
#4226=DIRECTION('center_axis',(0.,0.,1.));
#4227=DIRECTION('ref_axis',(1.,0.,0.));
#4228=DIRECTION('',(0.,1.,0.));
#4229=DIRECTION('',(-1.,0.,0.));
#4230=DIRECTION('center_axis',(0.,0.,-1.));
#4231=DIRECTION('ref_axis',(-1.,0.,0.));
#4232=DIRECTION('',(1.,0.,0.));
#4233=DIRECTION('center_axis',(0.,0.,1.));
#4234=DIRECTION('ref_axis',(1.,0.,0.));
#4235=DIRECTION('center_axis',(0.,0.,-1.));
#4236=DIRECTION('ref_axis',(-1.,0.,0.));
#4237=DIRECTION('',(1.56984718922064E-15,1.,0.));
#4238=DIRECTION('',(-1.,0.,0.));
#4239=DIRECTION('',(-1.56984718922064E-15,-1.,0.));
#4240=DIRECTION('center_axis',(0.,0.,1.));
#4241=DIRECTION('ref_axis',(1.,0.,0.));
#4242=DIRECTION('center_axis',(-1.,1.56984718922064E-15,0.));
#4243=DIRECTION('ref_axis',(-1.56984718922064E-15,-1.,0.));
#4244=DIRECTION('',(0.,0.,1.));
#4245=DIRECTION('',(0.,0.,1.));
#4246=DIRECTION('',(-1.56984718922064E-15,-1.,0.));
#4247=DIRECTION('',(-1.56984718922064E-15,-1.,0.));
#4248=DIRECTION('',(0.,0.,-1.));
#4249=DIRECTION('',(0.,0.,1.));
#4250=DIRECTION('center_axis',(1.,-1.56984718922064E-15,0.));
#4251=DIRECTION('ref_axis',(1.56984718922064E-15,1.,0.));
#4252=DIRECTION('',(0.,0.,1.));
#4253=DIRECTION('',(0.,0.,1.));
#4254=DIRECTION('',(1.56984718922064E-15,1.,0.));
#4255=DIRECTION('',(1.56984718922064E-15,1.,0.));
#4256=DIRECTION('',(0.,0.,-1.));
#4257=DIRECTION('',(0.,0.,1.));
#4258=DIRECTION('center_axis',(0.,0.,-1.));
#4259=DIRECTION('ref_axis',(-1.,0.,0.));
#4260=DIRECTION('',(-1.,0.,0.));
#4261=DIRECTION('center_axis',(0.,0.,1.));
#4262=DIRECTION('ref_axis',(1.,0.,0.));
#4263=DIRECTION('center_axis',(0.,0.,-1.));
#4264=DIRECTION('ref_axis',(-1.,0.,0.));
#4265=DIRECTION('',(1.,0.,0.));
#4266=DIRECTION('',(0.,1.,0.));
#4267=DIRECTION('center_axis',(0.,0.,1.));
#4268=DIRECTION('ref_axis',(1.,0.,0.));
#4269=DIRECTION('',(0.,-1.,0.));
#4270=DIRECTION('center_axis',(1.,0.,0.));
#4271=DIRECTION('ref_axis',(0.,1.,0.));
#4272=DIRECTION('',(0.,0.,1.));
#4273=DIRECTION('',(0.,0.,1.));
#4274=DIRECTION('',(0.,1.,0.));
#4275=DIRECTION('',(0.,1.,0.));
#4276=DIRECTION('',(0.,0.,-1.));
#4277=DIRECTION('',(0.,0.,1.));
#4278=DIRECTION('center_axis',(-1.,0.,0.));
#4279=DIRECTION('ref_axis',(0.,-1.,0.));
#4280=DIRECTION('',(0.,0.,1.));
#4281=DIRECTION('',(0.,0.,1.));
#4282=DIRECTION('',(0.,-1.,0.));
#4283=DIRECTION('',(0.,-1.,0.));
#4284=DIRECTION('',(0.,0.,-1.));
#4285=DIRECTION('',(0.,0.,1.));
#4286=DIRECTION('center_axis',(0.,0.,-1.));
#4287=DIRECTION('ref_axis',(-1.,0.,0.));
#4288=DIRECTION('',(-1.,0.,0.));
#4289=DIRECTION('center_axis',(0.,0.,-1.));
#4290=DIRECTION('ref_axis',(-1.,0.,0.));
#4291=DIRECTION('',(-1.,0.,0.));
#4292=DIRECTION('center_axis',(0.,0.,-1.));
#4293=DIRECTION('ref_axis',(-1.,0.,0.));
#4294=DIRECTION('',(1.,0.,0.));
#4295=DIRECTION('center_axis',(0.,-1.,0.));
#4296=DIRECTION('ref_axis',(1.,0.,0.));
#4297=DIRECTION('',(1.,0.,0.));
#4298=DIRECTION('center_axis',(0.,0.,-1.));
#4299=DIRECTION('ref_axis',(-1.,0.,0.));
#4300=DIRECTION('center_axis',(0.,1.,0.));
#4301=DIRECTION('ref_axis',(-1.,0.,0.));
#4302=DIRECTION('center_axis',(0.,0.,-1.));
#4303=DIRECTION('ref_axis',(-1.,0.,0.));
#4304=DIRECTION('',(1.,0.,0.));
#4305=DIRECTION('center_axis',(0.,-1.,0.));
#4306=DIRECTION('ref_axis',(1.,0.,0.));
#4307=DIRECTION('',(1.,0.,0.));
#4308=DIRECTION('center_axis',(0.,0.,-1.));
#4309=DIRECTION('ref_axis',(-1.,0.,0.));
#4310=DIRECTION('center_axis',(0.,0.,-1.));
#4311=DIRECTION('ref_axis',(-1.,0.,0.));
#4312=DIRECTION('',(-1.,0.,0.));
#4313=DIRECTION('center_axis',(0.,0.,-1.));
#4314=DIRECTION('ref_axis',(-1.,0.,0.));
#4315=DIRECTION('',(-1.,0.,0.));
#4316=DIRECTION('center_axis',(0.,1.,0.));
#4317=DIRECTION('ref_axis',(-1.,0.,0.));
#4318=DIRECTION('center_axis',(0.,0.,-1.));
#4319=DIRECTION('ref_axis',(-1.,0.,0.));
#4320=DIRECTION('',(-1.,0.,0.));
#4321=DIRECTION('center_axis',(0.,1.,0.));
#4322=DIRECTION('ref_axis',(-1.,0.,0.));
#4323=DIRECTION('',(-1.,0.,0.));
#4324=DIRECTION('center_axis',(0.,0.,-1.));
#4325=DIRECTION('ref_axis',(-1.,0.,0.));
#4326=DIRECTION('center_axis',(0.,0.,-1.));
#4327=DIRECTION('ref_axis',(-1.,0.,0.));
#4328=DIRECTION('',(1.,0.,0.));
#4329=DIRECTION('center_axis',(0.,0.,-1.));
#4330=DIRECTION('ref_axis',(-1.,0.,0.));
#4331=DIRECTION('',(1.,0.,0.));
#4332=DIRECTION('center_axis',(0.,-1.,0.));
#4333=DIRECTION('ref_axis',(1.,0.,0.));
#4334=DIRECTION('center_axis',(0.,0.,-1.));
#4335=DIRECTION('ref_axis',(-1.,0.,0.));
#4336=DIRECTION('',(1.,0.,0.));
#4337=DIRECTION('center_axis',(0.,-1.,0.));
#4338=DIRECTION('ref_axis',(1.,0.,0.));
#4339=DIRECTION('',(1.,0.,0.));
#4340=DIRECTION('center_axis',(0.,0.,-1.));
#4341=DIRECTION('ref_axis',(-1.,0.,0.));
#4342=DIRECTION('',(-1.,0.,0.));
#4343=DIRECTION('center_axis',(0.,0.,-1.));
#4344=DIRECTION('ref_axis',(-1.,0.,0.));
#4345=DIRECTION('',(-1.,0.,0.));
#4346=DIRECTION('center_axis',(0.,0.,-1.));
#4347=DIRECTION('ref_axis',(-1.,0.,0.));
#4348=DIRECTION('center_axis',(0.,1.,0.));
#4349=DIRECTION('ref_axis',(-1.,0.,0.));
#4350=DIRECTION('center_axis',(0.,0.,1.));
#4351=DIRECTION('ref_axis',(-0.993227593995936,-0.116184966863374,0.));
#4352=DIRECTION('center_axis',(0.,0.,-1.));
#4353=DIRECTION('ref_axis',(1.,0.,0.));
#4354=DIRECTION('center_axis',(-0.707106781215852,1.5516300790981E-10,-0.707106781157243));
#4355=DIRECTION('ref_axis',(0.181051706078358,-0.966664657143282,-0.181051706305622));
#4356=DIRECTION('center_axis',(0.,0.,1.));
#4357=DIRECTION('ref_axis',(1.,0.,0.));
#4358=DIRECTION('center_axis',(0.707106781186548,0.,0.707106781186548));
#4359=DIRECTION('ref_axis',(0.,1.,0.));
#4360=DIRECTION('',(0.,-1.,0.));
#4361=DIRECTION('',(0.,1.,0.));
#4362=DIRECTION('center_axis',(0.707106781238904,1.63383255439358E-10,0.707106781134191));
#4363=DIRECTION('ref_axis',(0.291431798449614,0.911117453217181,-0.291431798703337));
#4364=DIRECTION('center_axis',(0.707106781186546,0.,0.70710678118655));
#4365=DIRECTION('ref_axis',(0.,1.,0.));
#4366=DIRECTION('',(0.,-1.,0.));
#4367=DIRECTION('',(0.,1.,0.));
#4368=DIRECTION('center_axis',(0.,0.,1.));
#4369=DIRECTION('ref_axis',(1.,0.,0.));
#4370=DIRECTION('center_axis',(0.,0.,1.));
#4371=DIRECTION('ref_axis',(1.,0.,0.));
#4372=DIRECTION('center_axis',(0.,0.,-1.));
#4373=DIRECTION('ref_axis',(1.,0.,0.));
#4374=DIRECTION('center_axis',(0.,0.,-1.));
#4375=DIRECTION('ref_axis',(-1.,0.,0.));
#4376=DIRECTION('center_axis',(0.,0.,-1.));
#4377=DIRECTION('ref_axis',(1.,0.,0.));
#4378=DIRECTION('center_axis',(0.,0.,-1.));
#4379=DIRECTION('ref_axis',(1.,0.,0.));
#4380=DIRECTION('center_axis',(0.,0.,-1.));
#4381=DIRECTION('ref_axis',(-1.,0.,0.));
#4382=DIRECTION('center_axis',(0.,0.,-1.));
#4383=DIRECTION('ref_axis',(1.,0.,0.));
#4384=DIRECTION('center_axis',(0.,0.,-1.));
#4385=DIRECTION('ref_axis',(1.,0.,0.));
#4386=DIRECTION('center_axis',(0.,0.,-1.));
#4387=DIRECTION('ref_axis',(-0.979565660975529,0.201124627625695,0.));
#4388=DIRECTION('center_axis',(0.,0.,1.));
#4389=DIRECTION('ref_axis',(1.,0.,0.));
#4390=DIRECTION('center_axis',(0.,0.,-1.));
#4391=DIRECTION('ref_axis',(-1.,0.,0.));
#4392=DIRECTION('center_axis',(0.,0.,-1.));
#4393=DIRECTION('ref_axis',(1.,0.,0.));
#4394=DIRECTION('center_axis',(0.,0.,1.));
#4395=DIRECTION('ref_axis',(1.,0.,0.));
#4396=DIRECTION('',(0.,1.,0.));
#4397=DIRECTION('center_axis',(0.,0.,-1.));
#4398=DIRECTION('ref_axis',(1.,0.,0.));
#4399=DIRECTION('center_axis',(0.,0.,1.));
#4400=DIRECTION('ref_axis',(1.,0.,0.));
#4401=DIRECTION('center_axis',(0.,0.,-1.));
#4402=DIRECTION('ref_axis',(1.,0.,0.));
#4403=DIRECTION('center_axis',(0.707106781149961,1.1320480035215E-10,-0.707106781223134));
#4404=DIRECTION('ref_axis',(-0.291431798664406,0.911117453217194,-0.291431798488502));
#4405=DIRECTION('center_axis',(-0.707106781186548,0.,0.707106781186548));
#4406=DIRECTION('ref_axis',(0.,-1.,0.));
#4407=DIRECTION('',(0.,1.,0.));
#4408=DIRECTION('',(0.,-1.,0.));
#4409=DIRECTION('center_axis',(-0.70710678114478,2.2264548990425E-10,0.707106781228315));
#4410=DIRECTION('ref_axis',(-0.181051706354856,-0.966664657143248,-0.181051706029306));
#4411=DIRECTION('center_axis',(-0.707106781186548,0.,0.707106781186548));
#4412=DIRECTION('ref_axis',(0.,-1.,0.));
#4413=DIRECTION('',(0.,-1.,0.));
#4414=DIRECTION('center_axis',(0.,0.,1.));
#4415=DIRECTION('ref_axis',(1.,0.,0.));
#4416=DIRECTION('center_axis',(0.,0.,1.));
#4417=DIRECTION('ref_axis',(1.,0.,0.));
#4418=DIRECTION('center_axis',(0.,0.,-1.));
#4419=DIRECTION('ref_axis',(1.,0.,0.));
#4420=DIRECTION('center_axis',(0.,0.,1.));
#4421=DIRECTION('ref_axis',(1.,0.,0.));
#4422=DIRECTION('center_axis',(0.,0.,1.));
#4423=DIRECTION('ref_axis',(1.,0.,0.));
#4424=DIRECTION('center_axis',(0.,0.,-1.));
#4425=DIRECTION('ref_axis',(1.,0.,0.));
#4426=DIRECTION('center_axis',(0.,0.,-1.));
#4427=DIRECTION('ref_axis',(-1.,0.,0.));
#4428=DIRECTION('center_axis',(0.,0.,-1.));
#4429=DIRECTION('ref_axis',(1.,0.,0.));
#4430=DIRECTION('center_axis',(0.,0.,-1.));
#4431=DIRECTION('ref_axis',(1.,0.,0.));
#4432=DIRECTION('center_axis',(0.,0.,-1.));
#4433=DIRECTION('ref_axis',(1.,0.,0.));
#4434=DIRECTION('center_axis',(0.,0.,-1.));
#4435=DIRECTION('ref_axis',(-1.,0.,0.));
#4436=DIRECTION('center_axis',(0.,0.,-1.));
#4437=DIRECTION('ref_axis',(1.,0.,0.));
#4438=DIRECTION('center_axis',(0.,0.,-1.));
#4439=DIRECTION('ref_axis',(1.,0.,0.));
#4440=DIRECTION('center_axis',(0.,0.,-1.));
#4441=DIRECTION('ref_axis',(1.,0.,0.));
#4442=DIRECTION('center_axis',(0.,0.,1.));
#4443=DIRECTION('ref_axis',(1.,0.,0.));
#4444=DIRECTION('center_axis',(-1.,-1.68988989403995E-15,0.));
#4445=DIRECTION('ref_axis',(-1.68988989403995E-15,1.,0.));
#4446=DIRECTION('',(1.68988989403995E-15,-1.,0.));
#4447=DIRECTION('',(0.,0.,-1.));
#4448=DIRECTION('',(0.,0.,-1.));
#4449=DIRECTION('',(-1.68988989403995E-15,1.,0.));
#4450=DIRECTION('',(0.,0.,-1.));
#4451=DIRECTION('',(0.,0.,1.));
#4452=DIRECTION('',(0.,0.,1.));
#4453=DIRECTION('center_axis',(-1.,0.,0.));
#4454=DIRECTION('ref_axis',(0.,1.,0.));
#4455=DIRECTION('',(0.,-1.,0.));
#4456=DIRECTION('',(0.,0.,1.));
#4457=DIRECTION('',(0.,1.,0.));
#4458=DIRECTION('center_axis',(1.,9.63533043424693E-16,0.));
#4459=DIRECTION('ref_axis',(9.63533043424693E-16,-1.,0.));
#4460=DIRECTION('',(-9.63533043424693E-16,1.,0.));
#4461=DIRECTION('',(0.,0.,1.));
#4462=DIRECTION('',(9.63533043424693E-16,-1.,0.));
#4463=DIRECTION('',(0.,0.,1.));
#4464=DIRECTION('',(0.,0.,1.));
#4465=DIRECTION('',(0.,0.,1.));
#4466=DIRECTION('',(0.,0.,1.));
#4467=DIRECTION('',(0.,0.,1.));
#4468=DIRECTION('center_axis',(1.,1.69017636061086E-15,0.));
#4469=DIRECTION('ref_axis',(1.69017636061086E-15,-1.,0.));
#4470=DIRECTION('',(-1.69017636061086E-15,1.,0.));
#4471=DIRECTION('',(0.,0.,-1.));
#4472=DIRECTION('',(1.69017636061086E-15,-1.,0.));
#4473=DIRECTION('',(0.,0.,-1.));
#4474=DIRECTION('',(0.,0.,1.));
#4475=DIRECTION('center_axis',(0.,0.,1.));
#4476=DIRECTION('ref_axis',(1.,0.,0.));
#4477=DIRECTION('center_axis',(0.,0.,-1.));
#4478=DIRECTION('ref_axis',(-1.,0.,0.));
#4479=DIRECTION('',(0.,0.,-1.));
#4480=DIRECTION('',(0.,0.,-1.));
#4481=DIRECTION('center_axis',(-1.,-6.96064592241478E-15,0.));
#4482=DIRECTION('ref_axis',(-6.96064592241478E-15,1.,0.));
#4483=DIRECTION('',(0.,-1.,0.));
#4484=DIRECTION('',(0.,0.,-1.));
#4485=DIRECTION('',(0.,0.,-1.));
#4486=DIRECTION('',(6.96064592241477E-15,-1.,0.));
#4487=DIRECTION('',(0.,0.,-1.));
#4488=DIRECTION('center_axis',(0.,1.,0.));
#4489=DIRECTION('ref_axis',(1.,0.,0.));
#4490=DIRECTION('',(0.,0.,-1.));
#4491=DIRECTION('',(1.,0.,0.));
#4492=DIRECTION('center_axis',(0.,-1.,0.));
#4493=DIRECTION('ref_axis',(1.,0.,0.));
#4494=DIRECTION('',(-1.,0.,0.));
#4495=DIRECTION('center_axis',(1.,8.35277510689773E-15,0.));
#4496=DIRECTION('ref_axis',(8.35277510689773E-15,-1.,0.));
#4497=DIRECTION('',(0.,1.,0.));
#4498=DIRECTION('',(0.,0.,-1.));
#4499=DIRECTION('',(-8.35277510689773E-15,1.,0.));
#4500=DIRECTION('',(0.,0.,-1.));
#4501=DIRECTION('',(0.,0.,-1.));
#4502=DIRECTION('center_axis',(0.,-1.,0.));
#4503=DIRECTION('ref_axis',(-1.,0.,0.));
#4504=DIRECTION('',(1.,0.,0.));
#4505=DIRECTION('',(1.,0.,0.));
#4506=DIRECTION('center_axis',(0.,-0.707106781186548,0.707106781186548));
#4507=DIRECTION('ref_axis',(-1.,0.,0.));
#4508=DIRECTION('center_axis',(0.,0.707106781186548,-0.707106781186548));
#4509=DIRECTION('ref_axis',(0.,-0.707106781186548,-0.707106781186548));
#4510=DIRECTION('',(0.577350269189626,-0.577350269189626,-0.577350269189626));
#4511=DIRECTION('',(1.,0.,0.));
#4512=DIRECTION('center_axis',(-0.707106781186548,-0.707106781186547,0.));
#4513=DIRECTION('ref_axis',(0.,0.,-1.));
#4514=DIRECTION('center_axis',(0.707106781186548,0.707106781186547,0.));
#4515=DIRECTION('ref_axis',(0.707106781186547,-0.707106781186548,0.));
#4516=DIRECTION('',(0.577350269189626,-0.577350269189626,0.577350269189626));
#4517=DIRECTION('center_axis',(0.707106781186548,-0.707106781186547,0.));
#4518=DIRECTION('ref_axis',(0.,0.,1.));
#4519=DIRECTION('center_axis',(-0.707106781186548,0.707106781186547,0.));
#4520=DIRECTION('ref_axis',(0.707106781186547,0.707106781186548,0.));
#4521=DIRECTION('',(-0.577350269189626,-0.577350269189626,-0.577350269189626));
#4522=DIRECTION('',(-0.577350269189626,-0.577350269189626,0.577350269189626));
#4523=DIRECTION('center_axis',(0.,-0.707106781186548,-0.707106781186548));
#4524=DIRECTION('ref_axis',(1.,0.,0.));
#4525=DIRECTION('center_axis',(0.,0.707106781186548,0.707106781186548));
#4526=DIRECTION('ref_axis',(0.,-0.707106781186548,0.707106781186548));
#4527=DIRECTION('center_axis',(0.,0.707106781186548,0.707106781186548));
#4528=DIRECTION('ref_axis',(0.,0.707106781186548,-0.707106781186548));
#4529=DIRECTION('',(-1.,0.,0.));
#4530=DIRECTION('center_axis',(0.,-1.,0.));
#4531=DIRECTION('ref_axis',(-1.,0.,0.));
#4532=DIRECTION('center_axis',(0.,1.,0.));
#4533=DIRECTION('ref_axis',(1.,0.,0.));
#4534=DIRECTION('',(-1.,0.,0.));
#4535=DIRECTION('center_axis',(0.,0.,-1.));
#4536=DIRECTION('ref_axis',(-1.,0.,0.));
#4537=DIRECTION('',(0.,1.,0.));
#4538=DIRECTION('center_axis',(0.,0.,1.));
#4539=DIRECTION('ref_axis',(1.,0.,0.));
#4540=DIRECTION('',(1.,0.,0.));
#4541=DIRECTION('',(0.,-1.,0.));
#4542=DIRECTION('',(-1.,0.,0.));
#4543=DIRECTION('center_axis',(0.,1.,0.));
#4544=DIRECTION('ref_axis',(1.,0.,0.));
#4545=DIRECTION('center_axis',(0.,0.707106781186548,0.707106781186548));
#4546=DIRECTION('ref_axis',(0.,0.707106781186548,-0.707106781186548));
#4547=DIRECTION('center_axis',(0.,1.,0.));
#4548=DIRECTION('ref_axis',(1.,0.,0.));
#4549=DIRECTION('center_axis',(0.,-1.,0.));
#4550=DIRECTION('ref_axis',(1.,0.,0.));
#4551=DIRECTION('center_axis',(0.,1.,0.));
#4552=DIRECTION('ref_axis',(1.,0.,0.));
#4553=DIRECTION('center_axis',(0.,-1.,0.));
#4554=DIRECTION('ref_axis',(-1.,0.,0.));
#4555=DIRECTION('',(-1.,0.,0.));
#4556=DIRECTION('center_axis',(0.,-0.707106781186548,-0.707106781186548));
#4557=DIRECTION('ref_axis',(1.,0.,0.));
#4558=DIRECTION('',(1.,0.,0.));
#4559=DIRECTION('center_axis',(0.,-0.707106781186548,0.707106781186548));
#4560=DIRECTION('ref_axis',(-1.,0.,0.));
#4561=DIRECTION('',(1.,0.,0.));
#4562=DIRECTION('center_axis',(0.,-1.,0.));
#4563=DIRECTION('ref_axis',(-1.,0.,0.));
#4564=DIRECTION('',(1.,0.,0.));
#4565=DIRECTION('center_axis',(0.,0.,1.));
#4566=DIRECTION('ref_axis',(1.,0.,0.));
#4567=DIRECTION('',(-1.,-1.11022302462516E-16,0.));
#4568=DIRECTION('center_axis',(0.,0.,1.));
#4569=DIRECTION('ref_axis',(1.,0.,0.));
#4570=DIRECTION('center_axis',(0.,0.,1.));
#4571=DIRECTION('ref_axis',(1.,0.,0.));
#4572=DIRECTION('center_axis',(0.,0.,1.));
#4573=DIRECTION('ref_axis',(1.,0.,0.));
#4574=DIRECTION('center_axis',(0.,0.,1.));
#4575=DIRECTION('ref_axis',(1.,0.,0.));
#4576=DIRECTION('center_axis',(0.,0.,1.));
#4577=DIRECTION('ref_axis',(1.,0.,0.));
#4578=DIRECTION('center_axis',(0.,0.,1.));
#4579=DIRECTION('ref_axis',(1.,0.,0.));
#4580=DIRECTION('',(-1.,0.,0.));
#4581=DIRECTION('center_axis',(0.,1.,0.));
#4582=DIRECTION('ref_axis',(1.,0.,0.));
#4583=DIRECTION('',(0.,0.,1.));
#4584=DIRECTION('center_axis',(0.,0.,-1.));
#4585=DIRECTION('ref_axis',(1.,0.,0.));
#4586=DIRECTION('center_axis',(0.,0.,1.));
#4587=DIRECTION('ref_axis',(1.,0.,0.));
#4588=DIRECTION('',(0.,0.,1.));
#4589=DIRECTION('center_axis',(0.,0.,1.));
#4590=DIRECTION('ref_axis',(1.,0.,0.));
#4591=DIRECTION('',(0.,0.,1.));
#4592=DIRECTION('center_axis',(0.,0.,1.));
#4593=DIRECTION('ref_axis',(1.,0.,0.));
#4594=DIRECTION('',(0.,0.,1.));
#4595=DIRECTION('center_axis',(0.,0.,1.));
#4596=DIRECTION('ref_axis',(1.,0.,0.));
#4597=DIRECTION('',(0.,0.,1.));
#4598=DIRECTION('center_axis',(0.,0.,1.));
#4599=DIRECTION('ref_axis',(1.,0.,0.));
#4600=DIRECTION('',(0.,0.,1.));
#4601=DIRECTION('center_axis',(0.,0.,1.));
#4602=DIRECTION('ref_axis',(1.,0.,0.));
#4603=DIRECTION('',(0.,0.,1.));
#4604=DIRECTION('center_axis',(0.,0.,1.));
#4605=DIRECTION('ref_axis',(1.,0.,0.));
#4606=DIRECTION('',(0.,0.,1.));
#4607=DIRECTION('center_axis',(0.,0.,1.));
#4608=DIRECTION('ref_axis',(1.,0.,0.));
#4609=DIRECTION('center_axis',(1.11022302462516E-16,-1.,0.));
#4610=DIRECTION('ref_axis',(1.,1.11022302462516E-16,0.));
#4611=DIRECTION('',(0.,0.,1.));
#4612=DIRECTION('',(0.,0.,1.));
#4613=DIRECTION('',(0.,0.,-1.));
#4614=CARTESIAN_POINT('',(0.,0.,0.));
#4615=CARTESIAN_POINT('Origin',(-24.,-41.569219381653,134.));
#4616=CARTESIAN_POINT('',(-27.25,-41.569219381653,130.269219381653));
#4617=CARTESIAN_POINT('',(-27.25,-41.569219381653,131.730780618347));
#4618=CARTESIAN_POINT('',(-27.25,-41.569219381653,134.));
#4619=CARTESIAN_POINT('',(-27.2492627898038,-41.5,130.2));
#4620=CARTESIAN_POINT('Origin',(-24.,-41.569219381653,130.269219381653));
#4621=CARTESIAN_POINT('',(-27.2492627898038,-41.5,128.));
#4622=CARTESIAN_POINT('',(-27.2492627898038,-41.5,140.));
#4623=CARTESIAN_POINT('',(-20.7507372101962,-41.5,128.));
#4624=CARTESIAN_POINT('Origin',(-24.,-41.569219381653,128.));
#4625=CARTESIAN_POINT('',(-20.7507372101962,-41.5,130.2));
#4626=CARTESIAN_POINT('',(-20.7507372101962,-41.5,140.));
#4627=CARTESIAN_POINT('',(-20.8332256651526,-42.3,131.));
#4628=CARTESIAN_POINT('Origin',(-24.,-41.569219381653,130.269219381653));
#4629=CARTESIAN_POINT('',(-20.7507372101962,-41.5,131.8));
#4630=CARTESIAN_POINT('Origin',(-24.,-41.569219381653,131.730780618347));
#4631=CARTESIAN_POINT('',(-20.7507372101962,-41.5,134.));
#4632=CARTESIAN_POINT('',(-20.7507372101962,-41.5,140.));
#4633=CARTESIAN_POINT('',(-27.25,-41.569219381653,134.));
#4634=CARTESIAN_POINT('Origin',(-24.,-41.569219381653,134.));
#4635=CARTESIAN_POINT('',(-27.25,-41.569219381653,148.));
#4636=CARTESIAN_POINT('',(-27.25,-41.569219381653,134.));
#4637=CARTESIAN_POINT('Origin',(-24.,-41.569219381653,148.));
#4638=CARTESIAN_POINT('',(-27.2492627898038,-41.5,134.));
#4639=CARTESIAN_POINT('Origin',(-24.,-41.569219381653,134.));
#4640=CARTESIAN_POINT('',(-27.2492627898038,-41.5,131.8));
#4641=CARTESIAN_POINT('',(-27.2492627898038,-41.5,140.));
#4642=CARTESIAN_POINT('Origin',(-24.,-41.569219381653,131.730780618347));
#4643=CARTESIAN_POINT('Origin',(32.7349083551287,-1.18843424360887,149.));
#4644=CARTESIAN_POINT('',(49.5488493349585,-0.860584377956096,149.));
#4645=CARTESIAN_POINT('',(49.5488493349585,-0.860584377956093,148.414213562373));
#4646=CARTESIAN_POINT('',(49.5488493349585,-0.860584377956096,149.));
#4647=CARTESIAN_POINT('',(32.9549082406366,-18.0041321731622,149.));
#4648=CARTESIAN_POINT('Origin',(32.7349083551287,-1.18843424360887,149.));
#4649=CARTESIAN_POINT('',(32.9549082406366,-18.0041321731622,141.5));
#4650=CARTESIAN_POINT('',(32.9549082406366,-18.0041321731622,149.));
#4651=CARTESIAN_POINT('',(47.9247979730302,6.02844529003362,141.5));
#4652=CARTESIAN_POINT('Origin',(32.7349083551287,-1.18843424360887,141.5));
#4653=CARTESIAN_POINT('',(47.9247979730302,6.02844529003362,149.));
#4654=CARTESIAN_POINT('',(47.9247979730302,6.02844529003362,149.));
#4655=CARTESIAN_POINT('',(49.4015231457109,1.05657093009465,149.));
#4656=CARTESIAN_POINT('Origin',(32.7349083551287,-1.18843424360887,149.));
#4657=CARTESIAN_POINT('',(49.4015231457109,1.05657093009465,148.414213562373));
#4658=CARTESIAN_POINT('',(49.4015231457109,1.05657093009465,149.));
#4659=CARTESIAN_POINT('',(49.499246033832,0.143135882977393,147.707106781187));
#4660=CARTESIAN_POINT('Ctrl Pts',(49.499246033834,0.14313588295217,147.707106781186));
#4661=CARTESIAN_POINT('Ctrl Pts',(49.497816976078,0.161127580351753,147.707656514293));
#4662=CARTESIAN_POINT('Ctrl Pts',(49.496359149591,0.179114136872148,147.708551866526));
#4663=CARTESIAN_POINT('Ctrl Pts',(49.4926705276231,0.223734227046122,147.711642019399));
#4664=CARTESIAN_POINT('Ctrl Pts',(49.4904045841189,0.250367612065585,147.714259443129));
#4665=CARTESIAN_POINT('Ctrl Pts',(49.4774611360978,0.39835299253469,147.733258811348));
#4666=CARTESIAN_POINT('Ctrl Pts',(49.4654762576528,0.519355335151918,147.765636574733));
#4667=CARTESIAN_POINT('Ctrl Pts',(49.4434261285135,0.722100689994815,147.86167385036));
#4668=CARTESIAN_POINT('Ctrl Pts',(49.4333412693303,0.807437918217807,147.919506188146));
#4669=CARTESIAN_POINT('Ctrl Pts',(49.4174061417052,0.936132295705596,148.053034941509));
#4670=CARTESIAN_POINT('Ctrl Pts',(49.4112809979131,0.983129927988474,148.122596100436));
#4671=CARTESIAN_POINT('Ctrl Pts',(49.4034960766516,1.04204880869925,148.268331051559));
#4672=CARTESIAN_POINT('Ctrl Pts',(49.4015231457109,1.05657093009442,148.340584118954));
#4673=CARTESIAN_POINT('Ctrl Pts',(49.4015231457109,1.05657093009449,148.414213562372));
#4674=CARTESIAN_POINT('',(49.5058608878322,0.0570568055020761,147.707106781187));
#4675=CARTESIAN_POINT('Ctrl Pts',(49.5058608878321,0.0570568055020603,147.707106781187));
#4676=CARTESIAN_POINT('Ctrl Pts',(49.5047950419242,0.0714087762707051,147.706668432241));
#4677=CARTESIAN_POINT('Ctrl Pts',(49.5037109086331,0.0857575266894864,147.706449213849));
#4678=CARTESIAN_POINT('Ctrl Pts',(49.5015064876285,0.114443651348123,147.706449213849));
#4679=CARTESIAN_POINT('Ctrl Pts',(49.5003855430814,0.128789572960057,147.706668432241));
#4680=CARTESIAN_POINT('Ctrl Pts',(49.499246033832,0.143135882977407,147.707106781187));
#4681=CARTESIAN_POINT('Ctrl Pts',(49.5488493349585,-0.860584377955896,148.414213562372));
#4682=CARTESIAN_POINT('Ctrl Pts',(49.5488493349585,-0.860584377955844,148.359676247864));
#4683=CARTESIAN_POINT('Ctrl Pts',(49.5486977853796,-0.852538619907261,148.305704149365));
#4684=CARTESIAN_POINT('Ctrl Pts',(49.5480246980955,-0.820343884212946,148.197966519414));
#4685=CARTESIAN_POINT('Ctrl Pts',(49.5474856786883,-0.795577548614265,148.14551384843));
#4686=CARTESIAN_POINT('Ctrl Pts',(49.5453827024006,-0.712272920577621,148.01718703557));
#4687=CARTESIAN_POINT('Ctrl Pts',(49.5434051074319,-0.643762611986142,147.949957487153));
#4688=CARTESIAN_POINT('Ctrl Pts',(49.5371660075179,-0.475443413673306,147.832674699248));
#4689=CARTESIAN_POINT('Ctrl Pts',(49.5326190470677,-0.373447973707031,147.787333599697));
#4690=CARTESIAN_POINT('Ctrl Pts',(49.5233046207837,-0.20355325084294,147.738329370186));
#4691=CARTESIAN_POINT('Ctrl Pts',(49.5193060111259,-0.137477073051623,147.725166124352));
#4692=CARTESIAN_POINT('Ctrl Pts',(49.5133659519776,-0.0482660741850317,
147.714113102909));
#4693=CARTESIAN_POINT('Ctrl Pts',(49.5117895899571,-0.0252988145469899,
147.711859938408));
#4694=CARTESIAN_POINT('Ctrl Pts',(49.508766651874,0.0174542995168366,147.708734682083));
#4695=CARTESIAN_POINT('Ctrl Pts',(49.5073314199686,0.037255599644247,147.707711564867));
#4696=CARTESIAN_POINT('Ctrl Pts',(49.5058608878303,0.0570568055273729,147.707106781186));
#4697=CARTESIAN_POINT('Origin',(32.7349083551287,-1.18843424360887,149.));
#4698=CARTESIAN_POINT('',(51.4823728720591,-2.80621636299362,149.));
#4699=CARTESIAN_POINT('',(32.9810719935218,-20.0039610303475,149.));
#4700=CARTESIAN_POINT('Origin',(32.7349083551287,-1.18843424360887,149.));
#4701=CARTESIAN_POINT('',(51.4823728720591,-2.80621636299362,141.5));
#4702=CARTESIAN_POINT('',(51.4823728720591,-2.80621636299362,149.));
#4703=CARTESIAN_POINT('',(32.9810719935218,-20.0039610303475,141.5));
#4704=CARTESIAN_POINT('Origin',(32.7349083551287,-1.18843424360887,141.5));
#4705=CARTESIAN_POINT('',(32.9810719935218,-20.0039610303475,149.));
#4706=CARTESIAN_POINT('Origin',(35.1383163772305,-0.158385423349525,149.));
#4707=CARTESIAN_POINT('',(48.1093418395529,10.1319833672658,149.));
#4708=CARTESIAN_POINT('Origin',(35.1383163772305,-0.158385423349525,149.));
#4709=CARTESIAN_POINT('',(48.1093418395529,10.1319833672658,141.5));
#4710=CARTESIAN_POINT('',(48.1093418395529,10.1319833672658,149.));
#4711=CARTESIAN_POINT('Origin',(35.1383163772305,-0.158385423349525,141.5));
#4712=CARTESIAN_POINT('Origin',(32.967990127615,-19.004046601617,149.));
#4713=CARTESIAN_POINT('Origin',(32.967990127615,-19.004046601617,149.));
#4714=CARTESIAN_POINT('Origin',(32.967990127615,-19.004046601617,141.5));
#4715=CARTESIAN_POINT('Origin',(41.831727878998,-4.77428822203454,141.5));
#4716=CARTESIAN_POINT('',(47.3212222231287,10.4554701575475,141.5));
#4717=CARTESIAN_POINT('',(46.2591329563548,10.8914088662656,141.5));
#4718=CARTESIAN_POINT('',(45.9690088071667,6.74029433090827,141.5));
#4719=CARTESIAN_POINT('',(44.5527728003309,2.8492178815082,141.5));
#4720=CARTESIAN_POINT('',(44.8910523830521,7.13263838312201,141.5));
#4721=CARTESIAN_POINT('Origin',(48.2,3.46944695195361E-17,149.));
#4722=CARTESIAN_POINT('Origin',(48.2,3.46944695195361E-17,148.414213562373));
#4723=CARTESIAN_POINT('Origin',(48.2,3.46944695195361E-17,149.));
#4724=CARTESIAN_POINT('Origin',(48.2,3.46944695195361E-17,147.5));
#4725=CARTESIAN_POINT('',(48.8,-3.87843384293057E-17,147.));
#4726=CARTESIAN_POINT('Origin',(48.2,3.46944695195361E-17,147.));
#4727=CARTESIAN_POINT('',(49.5071067811868,1.94768883091957E-16,147.707106781187));
#4728=CARTESIAN_POINT('',(49.3,1.69405617425745E-16,147.5));
#4729=CARTESIAN_POINT('Origin',(48.2,1.14731676305731E-16,147.707106781187));
#4730=CARTESIAN_POINT('Origin',(48.2,1.14731676305731E-16,147.707106781187));
#4731=CARTESIAN_POINT('Ctrl Pts',(49.499246033834,0.14313588295217,147.707106781186));
#4732=CARTESIAN_POINT('Ctrl Pts',(49.3584547623288,1.42109985207581,147.707106781186));
#4733=CARTESIAN_POINT('Ctrl Pts',(48.0783399813589,1.30143266337005,147.707106781186));
#4734=CARTESIAN_POINT('Ctrl Pts',(46.7982252003891,1.18176547466429,147.707106781186));
#4735=CARTESIAN_POINT('Ctrl Pts',(46.8967356675567,-0.100150972054725,147.707106781186));
#4736=CARTESIAN_POINT('Ctrl Pts',(46.9952461347243,-1.38206741877374,147.707106781186));
#4737=CARTESIAN_POINT('Ctrl Pts',(48.2786146096984,-1.30474054147329,147.707106781186));
#4738=CARTESIAN_POINT('Ctrl Pts',(49.5619830846724,-1.22741366417284,147.707106781186));
#4739=CARTESIAN_POINT('Ctrl Pts',(49.5058608878303,0.0570568055273734,147.707106781186));
#4740=CARTESIAN_POINT('Ctrl Pts',(49.7903778360392,0.175209413660672,148.));
#4741=CARTESIAN_POINT('Ctrl Pts',(49.6180384084953,1.73953635314973,148.));
#4742=CARTESIAN_POINT('Ctrl Pts',(48.0510787086201,1.59305444005345,148.));
#4743=CARTESIAN_POINT('Ctrl Pts',(46.4841190087449,1.44657252695718,148.));
#4744=CARTESIAN_POINT('Ctrl Pts',(46.6047034550479,-0.122592551422768,148.));
#4745=CARTESIAN_POINT('Ctrl Pts',(46.7252879013509,-1.69175762980271,148.));
#4746=CARTESIAN_POINT('Ctrl Pts',(48.2962303748462,-1.59710353921,148.));
#4747=CARTESIAN_POINT('Ctrl Pts',(49.8671728483414,-1.50244944861728,147.999999999999));
#4748=CARTESIAN_POINT('Ctrl Pts',(49.798474929977,0.0698419518265854,148.));
#4749=CARTESIAN_POINT('Ctrl Pts',(49.7903778360391,0.175209413660654,148.414213562373));
#4750=CARTESIAN_POINT('Ctrl Pts',(49.6180384084952,1.73953635314961,148.414213562373));
#4751=CARTESIAN_POINT('Ctrl Pts',(48.0510787086201,1.59305444005334,148.414213562373));
#4752=CARTESIAN_POINT('Ctrl Pts',(46.484119008745,1.44657252695707,148.414213562373));
#4753=CARTESIAN_POINT('Ctrl Pts',(46.604703455048,-0.122592551422767,148.414213562373));
#4754=CARTESIAN_POINT('Ctrl Pts',(46.725287901351,-1.69175762980261,148.414213562373));
#4755=CARTESIAN_POINT('Ctrl Pts',(48.2962303748462,-1.5971035392099,148.414213562373));
#4756=CARTESIAN_POINT('Ctrl Pts',(49.8671728483413,-1.50244944861719,148.414213562373));
#4757=CARTESIAN_POINT('Ctrl Pts',(49.7984749299769,0.069841951826574,148.414213562373));
#4758=CARTESIAN_POINT('Origin',(45.4058075831731,14.3945270353324,149.));
#4759=CARTESIAN_POINT('',(45.4058075831731,14.3945270353324,149.));
#4760=CARTESIAN_POINT('',(44.379747714783,11.575449152917,149.));
#4761=CARTESIAN_POINT('',(40.4369164270822,0.742610784245034,149.));
#4762=CARTESIAN_POINT('',(45.4058075831731,14.3945270353324,135.));
#4763=CARTESIAN_POINT('',(45.4058075831731,14.3945270353324,149.));
#4764=CARTESIAN_POINT('',(44.379747714783,11.575449152917,135.));
#4765=CARTESIAN_POINT('',(45.4058075831731,14.3945270353324,135.));
#4766=CARTESIAN_POINT('',(44.379747714783,11.575449152917,149.));
#4767=CARTESIAN_POINT('Origin',(-40.1062215594615,45.5183603149554,149.));
#4768=CARTESIAN_POINT('',(-40.1062215594615,45.5183603149554,149.));
#4769=CARTESIAN_POINT('',(-15.0842196236399,36.4110964085651,149.));
#4770=CARTESIAN_POINT('',(-40.1062215594615,45.5183603149554,135.));
#4771=CARTESIAN_POINT('',(-40.1062215594615,45.5183603149554,149.));
#4772=CARTESIAN_POINT('',(-41.9856061499164,46.2024003646196,135.));
#4773=CARTESIAN_POINT('Origin',(-41.4743023646548,41.7595891946975,149.));
#4774=CARTESIAN_POINT('',(-41.474301713538,41.7595889577104,149.));
#4775=CARTESIAN_POINT('',(-45.759153118149,29.9870585037391,149.));
#4776=CARTESIAN_POINT('',(-41.474301713538,41.7595889577104,135.));
#4777=CARTESIAN_POINT('',(-41.474301713538,41.7595889577104,149.));
#4778=CARTESIAN_POINT('',(-42.1583426614991,39.8802039251207,135.));
#4779=CARTESIAN_POINT('Origin',(-44.2933792204149,42.7856503643625,149.));
#4780=CARTESIAN_POINT('',(-44.2933792204149,42.7856503643625,149.));
#4781=CARTESIAN_POINT('',(-17.8618379333297,33.165345719722,149.));
#4782=CARTESIAN_POINT('',(-44.2933792204149,42.7856503643625,135.));
#4783=CARTESIAN_POINT('',(-44.2933792204149,42.7856503643625,149.));
#4784=CARTESIAN_POINT('',(-41.474301713538,41.7595889577104,135.));
#4785=CARTESIAN_POINT('Origin',(-44.9774205238568,40.9062643550977,149.));
#4786=CARTESIAN_POINT('',(-44.9774205238568,40.9062643550977,149.));
#4787=CARTESIAN_POINT('',(-48.9202515490133,30.0734368221865,149.));
#4788=CARTESIAN_POINT('',(-44.9774205238568,40.9062643550977,135.));
#4789=CARTESIAN_POINT('',(-44.9774205238568,40.9062643550977,149.));
#4790=CARTESIAN_POINT('',(-44.2933792204149,42.7856503643625,135.));
#4791=CARTESIAN_POINT('Origin',(-42.1583426614991,39.8802039251207,149.));
#4792=CARTESIAN_POINT('',(-42.1583426614991,39.8802039251207,149.));
#4793=CARTESIAN_POINT('',(-17.1363407256775,30.7729400187304,149.));
#4794=CARTESIAN_POINT('',(-42.1583426614991,39.8802039251207,135.));
#4795=CARTESIAN_POINT('',(-42.1583426614991,39.8802039251207,149.));
#4796=CARTESIAN_POINT('',(-42.1583426614991,39.8802039251207,135.));
#4797=CARTESIAN_POINT('Origin',(-43.5264223416014,36.1214338701092,149.));
#4798=CARTESIAN_POINT('',(-43.5264223416014,36.1214338701092,149.));
#4799=CARTESIAN_POINT('',(-46.7852127810639,27.1679807229514,149.));
#4800=CARTESIAN_POINT('',(-43.5264223416014,36.1214338701092,135.));
#4801=CARTESIAN_POINT('',(-43.5264223416014,36.1214338701092,149.));
#4802=CARTESIAN_POINT('',(-41.474301713538,41.7595889577104,135.));
#4803=CARTESIAN_POINT('Origin',(41.9856061499164,4.99760082747333,149.));
#4804=CARTESIAN_POINT('',(41.9856061499164,4.99760082747333,149.));
#4805=CARTESIAN_POINT('',(24.2515935144207,11.4522535608945,149.));
#4806=CARTESIAN_POINT('',(41.9856061499164,4.99760082747333,135.));
#4807=CARTESIAN_POINT('',(41.9856061499164,4.99760082747333,149.));
#4808=CARTESIAN_POINT('',(41.9856061499164,4.99760082747333,135.));
#4809=CARTESIAN_POINT('Origin',(43.0116666391402,7.8166788526102,149.));
#4810=CARTESIAN_POINT('',(43.0116671414803,7.81667866977335,149.));
#4811=CARTESIAN_POINT('',(39.2398459550658,-2.54631330711607,149.));
#4812=CARTESIAN_POINT('',(43.0116671414803,7.81667866977335,135.));
#4813=CARTESIAN_POINT('',(43.0116671414803,7.81667866977335,149.));
#4814=CARTESIAN_POINT('',(45.4058075831731,14.3945270353324,135.));
#4815=CARTESIAN_POINT('Origin',(45.9690088071667,6.74029433090827,149.));
#4816=CARTESIAN_POINT('',(26.7563250876577,13.7331393251804,149.));
#4817=CARTESIAN_POINT('',(45.9690088071667,6.74029433090827,135.));
#4818=CARTESIAN_POINT('',(45.9690088071667,6.74029433090827,149.));
#4819=CARTESIAN_POINT('',(43.0116671414803,7.81667866977335,135.));
#4820=CARTESIAN_POINT('Origin',(47.3212222231287,10.4554701575475,149.));
#4821=CARTESIAN_POINT('',(47.3212222231287,10.4554701575475,135.));
#4822=CARTESIAN_POINT('',(47.3212222231287,10.4554701575475,149.));
#4823=CARTESIAN_POINT('',(47.3212222231287,10.4554701575475,135.));
#4824=CARTESIAN_POINT('Origin',(46.2591329563548,10.8914088662656,149.));
#4825=CARTESIAN_POINT('',(46.2591329563548,10.8914088662656,149.));
#4826=CARTESIAN_POINT('',(28.9084071077573,18.0130824001071,149.));
#4827=CARTESIAN_POINT('',(46.2591329563548,10.8914088662656,135.));
#4828=CARTESIAN_POINT('',(46.2591329563548,10.8914088662656,149.));
#4829=CARTESIAN_POINT('',(46.2591329563548,10.8914088662656,135.));
#4830=CARTESIAN_POINT('Origin',(44.379747714783,11.575449152917,149.));
#4831=CARTESIAN_POINT('',(26.6457348281172,18.0301019777566,149.));
#4832=CARTESIAN_POINT('',(46.2591329563548,10.8914088662656,135.));
#4833=CARTESIAN_POINT('Origin',(1.17190084963593,25.2579805712144,135.));
#4834=CARTESIAN_POINT('Origin',(29.34,0.,141.5));
#4835=CARTESIAN_POINT('',(29.34,6.,149.));
#4836=CARTESIAN_POINT('',(29.34,-6.,149.));
#4837=CARTESIAN_POINT('',(29.34,6.,149.));
#4838=CARTESIAN_POINT('',(29.34,-6.,134.));
#4839=CARTESIAN_POINT('',(29.34,-6.,140.75));
#4840=CARTESIAN_POINT('',(29.34,6.,134.));
#4841=CARTESIAN_POINT('',(29.34,-6.,134.));
#4842=CARTESIAN_POINT('',(29.34,6.,140.75));
#4843=CARTESIAN_POINT('Origin',(38.,-6.,140.));
#4844=CARTESIAN_POINT('',(38.,-6.,149.));
#4845=CARTESIAN_POINT('',(38.,-6.,149.));
#4846=CARTESIAN_POINT('',(38.,-6.,134.));
#4847=CARTESIAN_POINT('',(38.,-6.,145.));
#4848=CARTESIAN_POINT('',(38.,-6.,134.));
#4849=CARTESIAN_POINT('Ctrl Pts',(-20.5000000000805,54.4692490156354,139.));
#4850=CARTESIAN_POINT('Ctrl Pts',(-20.5000000000805,54.4692490156354,144.5));
#4851=CARTESIAN_POINT('Ctrl Pts',(-20.7707355385612,54.451629168973,139.));
#4852=CARTESIAN_POINT('Ctrl Pts',(-20.7707355385612,54.451629168973,144.5));
#4853=CARTESIAN_POINT('Ctrl Pts',(-21.0415128612326,54.4333698262185,139.));
#4854=CARTESIAN_POINT('Ctrl Pts',(-21.0415128612326,54.4333698262185,144.5));
#4855=CARTESIAN_POINT('Ctrl Pts',(-21.5747938930857,54.3960756659732,139.));
#4856=CARTESIAN_POINT('Ctrl Pts',(-21.5747938930857,54.3960756659732,144.5));
#4857=CARTESIAN_POINT('Ctrl Pts',(-21.8374610178079,54.3770689299991,139.));
#4858=CARTESIAN_POINT('Ctrl Pts',(-21.8374610178079,54.3770689299991,144.5));
#4859=CARTESIAN_POINT('Ctrl Pts',(-22.1,54.3573943972355,139.));
#4860=CARTESIAN_POINT('Ctrl Pts',(-22.1,54.3573943972355,144.5));
#4861=CARTESIAN_POINT('',(-20.5,54.4692490156407,144.));
#4862=CARTESIAN_POINT('',(-22.1,54.3573943972355,144.));
#4863=CARTESIAN_POINT('Ctrl Pts',(-20.5000000000805,54.4692490156354,144.));
#4864=CARTESIAN_POINT('Ctrl Pts',(-20.7707355385612,54.451629168973,144.));
#4865=CARTESIAN_POINT('Ctrl Pts',(-21.0415128612326,54.4333698262185,144.));
#4866=CARTESIAN_POINT('Ctrl Pts',(-21.5747938930857,54.3960756659732,144.));
#4867=CARTESIAN_POINT('Ctrl Pts',(-21.8374610178079,54.3770689299991,144.));
#4868=CARTESIAN_POINT('Ctrl Pts',(-22.1,54.3573943972355,144.));
#4869=CARTESIAN_POINT('',(-20.5,54.4692490156407,139.));
#4870=CARTESIAN_POINT('',(-20.5,54.4692490156407,139.));
#4871=CARTESIAN_POINT('',(-22.1,54.3573943972355,139.));
#4872=CARTESIAN_POINT('Ctrl Pts',(-20.5000000000805,54.4692490156354,139.));
#4873=CARTESIAN_POINT('Ctrl Pts',(-20.7707355385612,54.451629168973,139.));
#4874=CARTESIAN_POINT('Ctrl Pts',(-21.0415128612326,54.4333698262185,139.));
#4875=CARTESIAN_POINT('Ctrl Pts',(-21.5747938930857,54.3960756659732,139.));
#4876=CARTESIAN_POINT('Ctrl Pts',(-21.8374610178079,54.3770689299991,139.));
#4877=CARTESIAN_POINT('Ctrl Pts',(-22.1,54.3573943972355,139.));
#4878=CARTESIAN_POINT('',(-22.1,54.3573943972355,139.));
#4879=CARTESIAN_POINT('Ctrl Pts',(-3.33066907387547E-15,55.,139.));
#4880=CARTESIAN_POINT('Ctrl Pts',(-3.33066907387547E-15,55.,144.5));
#4881=CARTESIAN_POINT('Ctrl Pts',(-3.90717278593428,55.,139.));
#4882=CARTESIAN_POINT('Ctrl Pts',(-3.90717278593428,55.,144.5));
#4883=CARTESIAN_POINT('Ctrl Pts',(-7.97362107883662,54.9617641950058,139.));
#4884=CARTESIAN_POINT('Ctrl Pts',(-7.97362107883662,54.9617641950058,144.5));
#4885=CARTESIAN_POINT('Ctrl Pts',(-14.7324188953319,54.7742612911667,139.));
#4886=CARTESIAN_POINT('Ctrl Pts',(-14.7324188953319,54.7742612911667,144.5));
#4887=CARTESIAN_POINT('Ctrl Pts',(-17.6589236710215,54.6541502279206,139.));
#4888=CARTESIAN_POINT('Ctrl Pts',(-17.6589236710215,54.6541502279206,144.5));
#4889=CARTESIAN_POINT('Ctrl Pts',(-20.5,54.4692490156406,139.));
#4890=CARTESIAN_POINT('Ctrl Pts',(-20.5,54.4692490156406,144.5));
#4891=CARTESIAN_POINT('',(3.33066907387547E-15,55.,144.));
#4892=CARTESIAN_POINT('Ctrl Pts',(-3.33066907387547E-15,55.,144.));
#4893=CARTESIAN_POINT('Ctrl Pts',(-3.90717278593428,55.,144.));
#4894=CARTESIAN_POINT('Ctrl Pts',(-7.97362107883662,54.9617641950058,144.));
#4895=CARTESIAN_POINT('Ctrl Pts',(-14.7324188953319,54.7742612911667,144.));
#4896=CARTESIAN_POINT('Ctrl Pts',(-17.6589236710215,54.6541502279206,144.));
#4897=CARTESIAN_POINT('Ctrl Pts',(-20.5,54.4692490156406,144.));
#4898=CARTESIAN_POINT('',(3.33066907387547E-15,55.,139.));
#4899=CARTESIAN_POINT('',(3.33066907387547E-15,55.,139.));
#4900=CARTESIAN_POINT('Ctrl Pts',(-3.33066907387547E-15,55.,139.));
#4901=CARTESIAN_POINT('Ctrl Pts',(-3.90717278593428,55.,139.));
#4902=CARTESIAN_POINT('Ctrl Pts',(-7.97362107883662,54.9617641950058,139.));
#4903=CARTESIAN_POINT('Ctrl Pts',(-14.7324188953319,54.7742612911667,139.));
#4904=CARTESIAN_POINT('Ctrl Pts',(-17.6589236710215,54.6541502279206,139.));
#4905=CARTESIAN_POINT('Ctrl Pts',(-20.5,54.4692490156406,139.));
#4906=CARTESIAN_POINT('Ctrl Pts',(20.5,54.4692490156407,139.));
#4907=CARTESIAN_POINT('Ctrl Pts',(20.5,54.4692490156407,144.5));
#4908=CARTESIAN_POINT('Ctrl Pts',(17.6589236710218,54.6541502279206,139.));
#4909=CARTESIAN_POINT('Ctrl Pts',(17.6589236710218,54.6541502279206,144.5));
#4910=CARTESIAN_POINT('Ctrl Pts',(14.7324188953331,54.7742612911667,139.));
#4911=CARTESIAN_POINT('Ctrl Pts',(14.7324188953331,54.7742612911667,144.5));
#4912=CARTESIAN_POINT('Ctrl Pts',(7.97362107883671,54.9617641950058,139.));
#4913=CARTESIAN_POINT('Ctrl Pts',(7.97362107883671,54.9617641950058,144.5));
#4914=CARTESIAN_POINT('Ctrl Pts',(3.90717278593456,55.,139.));
#4915=CARTESIAN_POINT('Ctrl Pts',(3.90717278593456,55.,144.5));
#4916=CARTESIAN_POINT('Ctrl Pts',(-1.11022302462516E-15,55.,139.));
#4917=CARTESIAN_POINT('Ctrl Pts',(-1.11022302462516E-15,55.,144.5));
#4918=CARTESIAN_POINT('',(20.5,54.4692490156409,144.));
#4919=CARTESIAN_POINT('Ctrl Pts',(20.5,54.4692490156407,144.));
#4920=CARTESIAN_POINT('Ctrl Pts',(17.6589236710218,54.6541502279206,144.));
#4921=CARTESIAN_POINT('Ctrl Pts',(14.7324188953331,54.7742612911667,144.));
#4922=CARTESIAN_POINT('Ctrl Pts',(7.97362107883671,54.9617641950058,144.));
#4923=CARTESIAN_POINT('Ctrl Pts',(3.90717278593456,55.,144.));
#4924=CARTESIAN_POINT('Ctrl Pts',(-1.11022302462516E-15,55.,144.));
#4925=CARTESIAN_POINT('',(20.5,54.4692490156409,139.));
#4926=CARTESIAN_POINT('',(20.5,54.4692490156409,139.));
#4927=CARTESIAN_POINT('Ctrl Pts',(20.5,54.4692490156407,139.));
#4928=CARTESIAN_POINT('Ctrl Pts',(17.6589236710218,54.6541502279206,139.));
#4929=CARTESIAN_POINT('Ctrl Pts',(14.7324188953331,54.7742612911667,139.));
#4930=CARTESIAN_POINT('Ctrl Pts',(7.97362107883671,54.9617641950058,139.));
#4931=CARTESIAN_POINT('Ctrl Pts',(3.90717278593456,55.,139.));
#4932=CARTESIAN_POINT('Ctrl Pts',(-1.11022302462516E-15,55.,139.));
#4933=CARTESIAN_POINT('Ctrl Pts',(22.1,54.3573943972355,139.));
#4934=CARTESIAN_POINT('Ctrl Pts',(22.1,54.3573943972355,144.5));
#4935=CARTESIAN_POINT('Ctrl Pts',(21.8374610178091,54.377068929999,139.));
#4936=CARTESIAN_POINT('Ctrl Pts',(21.8374610178091,54.377068929999,144.5));
#4937=CARTESIAN_POINT('Ctrl Pts',(21.5747938930884,54.396075665973,139.));
#4938=CARTESIAN_POINT('Ctrl Pts',(21.5747938930884,54.396075665973,144.5));
#4939=CARTESIAN_POINT('Ctrl Pts',(21.0415128612361,54.4333698262183,139.));
#4940=CARTESIAN_POINT('Ctrl Pts',(21.0415128612361,54.4333698262183,144.5));
#4941=CARTESIAN_POINT('Ctrl Pts',(20.7707355385663,54.4516291689727,139.));
#4942=CARTESIAN_POINT('Ctrl Pts',(20.7707355385663,54.4516291689727,144.5));
#4943=CARTESIAN_POINT('Ctrl Pts',(20.5000000000805,54.4692490156354,139.));
#4944=CARTESIAN_POINT('Ctrl Pts',(20.5000000000805,54.4692490156354,144.5));
#4945=CARTESIAN_POINT('',(22.1,54.3573943972355,144.));
#4946=CARTESIAN_POINT('Ctrl Pts',(22.1,54.3573943972355,144.));
#4947=CARTESIAN_POINT('Ctrl Pts',(21.8374610178091,54.377068929999,144.));
#4948=CARTESIAN_POINT('Ctrl Pts',(21.5747938930884,54.396075665973,144.));
#4949=CARTESIAN_POINT('Ctrl Pts',(21.0415128612361,54.4333698262182,144.));
#4950=CARTESIAN_POINT('Ctrl Pts',(20.7707355385663,54.4516291689727,144.));
#4951=CARTESIAN_POINT('Ctrl Pts',(20.5000000000805,54.4692490156354,144.));
#4952=CARTESIAN_POINT('',(22.1,54.3573943972355,139.));
#4953=CARTESIAN_POINT('',(22.1,54.3573943972355,139.));
#4954=CARTESIAN_POINT('Ctrl Pts',(22.1,54.3573943972355,139.));
#4955=CARTESIAN_POINT('Ctrl Pts',(21.8374610178091,54.377068929999,139.));
#4956=CARTESIAN_POINT('Ctrl Pts',(21.5747938930884,54.396075665973,139.));
#4957=CARTESIAN_POINT('Ctrl Pts',(21.0415128612361,54.4333698262183,139.));
#4958=CARTESIAN_POINT('Ctrl Pts',(20.7707355385663,54.4516291689727,139.));
#4959=CARTESIAN_POINT('Ctrl Pts',(20.5000000000805,54.4692490156354,139.));
#4960=CARTESIAN_POINT('Ctrl Pts',(55.,6.66133814775094E-15,139.));
#4961=CARTESIAN_POINT('Ctrl Pts',(55.,6.66133814775094E-15,144.5));
#4962=CARTESIAN_POINT('Ctrl Pts',(55.,13.5376629200269,139.));
#4963=CARTESIAN_POINT('Ctrl Pts',(55.,13.5376629200269,144.5));
#4964=CARTESIAN_POINT('Ctrl Pts',(54.5410389304574,22.8998173335613,139.));
#4965=CARTESIAN_POINT('Ctrl Pts',(54.5410389304574,22.8998173335613,144.5));
#4966=CARTESIAN_POINT('Ctrl Pts',(52.8388274774399,34.5966062521538,139.));
#4967=CARTESIAN_POINT('Ctrl Pts',(52.8388274774399,34.5966062521538,144.5));
#4968=CARTESIAN_POINT('Ctrl Pts',(51.8391263867854,38.347609009116,139.));
#4969=CARTESIAN_POINT('Ctrl Pts',(51.8391263867854,38.347609009116,144.5));
#4970=CARTESIAN_POINT('Ctrl Pts',(49.4908780239107,43.4066309435952,139.));
#4971=CARTESIAN_POINT('Ctrl Pts',(49.4908780239107,43.4066309435952,144.5));
#4972=CARTESIAN_POINT('Ctrl Pts',(48.2513803668722,45.2890324209678,139.));
#4973=CARTESIAN_POINT('Ctrl Pts',(48.2513803668722,45.2890324209678,144.5));
#4974=CARTESIAN_POINT('Ctrl Pts',(44.8690844062366,48.5846979274668,139.));
#4975=CARTESIAN_POINT('Ctrl Pts',(44.8690844062366,48.5846979274668,144.5));
#4976=CARTESIAN_POINT('Ctrl Pts',(42.7510872518078,49.9183142876985,139.));
#4977=CARTESIAN_POINT('Ctrl Pts',(42.7510872518078,49.9183142876985,144.5));
#4978=CARTESIAN_POINT('Ctrl Pts',(35.5596714835421,52.8166099385512,139.));
#4979=CARTESIAN_POINT('Ctrl Pts',(35.5596714835421,52.8166099385512,144.5));
#4980=CARTESIAN_POINT('Ctrl Pts',(29.5625307378139,53.7981562822916,139.));
#4981=CARTESIAN_POINT('Ctrl Pts',(29.5625307378139,53.7981562822916,144.5));
#4982=CARTESIAN_POINT('Ctrl Pts',(22.1,54.3573943972355,139.));
#4983=CARTESIAN_POINT('Ctrl Pts',(22.1,54.3573943972355,144.5));
#4984=CARTESIAN_POINT('',(55.,-1.22124532708767E-14,144.));
#4985=CARTESIAN_POINT('Ctrl Pts',(55.,6.66133814775094E-15,144.));
#4986=CARTESIAN_POINT('Ctrl Pts',(55.,13.5376629200269,144.));
#4987=CARTESIAN_POINT('Ctrl Pts',(54.5410389304574,22.8998173335613,144.));
#4988=CARTESIAN_POINT('Ctrl Pts',(52.8388274774399,34.5966062521538,144.));
#4989=CARTESIAN_POINT('Ctrl Pts',(51.8391263867854,38.347609009116,144.));
#4990=CARTESIAN_POINT('Ctrl Pts',(49.4908780239107,43.4066309435952,144.));
#4991=CARTESIAN_POINT('Ctrl Pts',(48.2513803668722,45.2890324209678,144.));
#4992=CARTESIAN_POINT('Ctrl Pts',(44.8690844062366,48.5846979274668,144.));
#4993=CARTESIAN_POINT('Ctrl Pts',(42.7510872518078,49.9183142876985,144.));
#4994=CARTESIAN_POINT('Ctrl Pts',(35.559671483542,52.8166099385512,144.));
#4995=CARTESIAN_POINT('Ctrl Pts',(29.5625307378139,53.7981562822915,144.));
#4996=CARTESIAN_POINT('Ctrl Pts',(22.1,54.3573943972355,144.));
#4997=CARTESIAN_POINT('',(55.,-1.22124532708767E-14,139.));
#4998=CARTESIAN_POINT('',(55.,-1.22124532708767E-14,139.));
#4999=CARTESIAN_POINT('Ctrl Pts',(55.,6.66133814775094E-15,139.));
#5000=CARTESIAN_POINT('Ctrl Pts',(55.,13.5376629200269,139.));
#5001=CARTESIAN_POINT('Ctrl Pts',(54.5410389304574,22.8998173335613,139.));
#5002=CARTESIAN_POINT('Ctrl Pts',(52.8388274774399,34.5966062521538,139.));
#5003=CARTESIAN_POINT('Ctrl Pts',(51.8391263867854,38.347609009116,139.));
#5004=CARTESIAN_POINT('Ctrl Pts',(49.4908780239107,43.4066309435952,139.));
#5005=CARTESIAN_POINT('Ctrl Pts',(48.2513803668722,45.2890324209678,139.));
#5006=CARTESIAN_POINT('Ctrl Pts',(44.8690844062366,48.5846979274668,139.));
#5007=CARTESIAN_POINT('Ctrl Pts',(42.7510872518078,49.9183142876985,139.));
#5008=CARTESIAN_POINT('Ctrl Pts',(35.5596714835421,52.8166099385512,139.));
#5009=CARTESIAN_POINT('Ctrl Pts',(29.5625307378139,53.7981562822916,139.));
#5010=CARTESIAN_POINT('Ctrl Pts',(22.1,54.3573943972355,139.));
#5011=CARTESIAN_POINT('Ctrl Pts',(-8.88178419700125E-15,-55.,139.));
#5012=CARTESIAN_POINT('Ctrl Pts',(-8.88178419700125E-15,-55.,144.5));
#5013=CARTESIAN_POINT('Ctrl Pts',(18.4985182512891,-55.,139.));
#5014=CARTESIAN_POINT('Ctrl Pts',(18.4985182512891,-55.,144.5));
#5015=CARTESIAN_POINT('Ctrl Pts',(29.4702244546802,-54.1429252877041,139.));
#5016=CARTESIAN_POINT('Ctrl Pts',(29.4702244546802,-54.1429252877041,144.5));
#5017=CARTESIAN_POINT('Ctrl Pts',(39.7364814788248,-51.2825226729332,139.));
#5018=CARTESIAN_POINT('Ctrl Pts',(39.7364814788248,-51.2825226729332,144.5));
#5019=CARTESIAN_POINT('Ctrl Pts',(42.2035401066384,-50.1991998204407,139.));
#5020=CARTESIAN_POINT('Ctrl Pts',(42.2035401066384,-50.1991998204407,144.5));
#5021=CARTESIAN_POINT('Ctrl Pts',(46.1634937697336,-47.5147404266171,139.));
#5022=CARTESIAN_POINT('Ctrl Pts',(46.1634937697336,-47.5147404266171,144.5));
#5023=CARTESIAN_POINT('Ctrl Pts',(47.7253591958859,-45.9193374181498,139.));
#5024=CARTESIAN_POINT('Ctrl Pts',(47.7253591958859,-45.9193374181498,144.5));
#5025=CARTESIAN_POINT('Ctrl Pts',(50.5903342326,-41.5327801330397,139.));
#5026=CARTESIAN_POINT('Ctrl Pts',(50.5903342326,-41.5327801330397,144.5));
#5027=CARTESIAN_POINT('Ctrl Pts',(51.7834201337899,-38.4775874486166,139.));
#5028=CARTESIAN_POINT('Ctrl Pts',(51.7834201337899,-38.4775874486166,144.5));
#5029=CARTESIAN_POINT('Ctrl Pts',(54.2905407535863,-27.3599285017665,139.));
#5030=CARTESIAN_POINT('Ctrl Pts',(54.2905407535863,-27.3599285017665,144.5));
#5031=CARTESIAN_POINT('Ctrl Pts',(55.,-16.8302862017669,139.));
#5032=CARTESIAN_POINT('Ctrl Pts',(55.,-16.8302862017669,144.5));
#5033=CARTESIAN_POINT('Ctrl Pts',(55.,-8.88178419700125E-15,139.));
#5034=CARTESIAN_POINT('Ctrl Pts',(55.,-8.88178419700125E-15,144.5));
#5035=CARTESIAN_POINT('',(-3.33066907387547E-15,-55.,144.));
#5036=CARTESIAN_POINT('Ctrl Pts',(-8.88178419700125E-15,-55.,144.));
#5037=CARTESIAN_POINT('Ctrl Pts',(18.4985182512891,-55.,144.));
#5038=CARTESIAN_POINT('Ctrl Pts',(29.4702244546802,-54.1429252877041,144.));
#5039=CARTESIAN_POINT('Ctrl Pts',(39.7364814788248,-51.2825226729332,144.));
#5040=CARTESIAN_POINT('Ctrl Pts',(42.2035401066384,-50.1991998204407,144.));
#5041=CARTESIAN_POINT('Ctrl Pts',(46.1634937697336,-47.5147404266171,144.));
#5042=CARTESIAN_POINT('Ctrl Pts',(47.7253591958859,-45.9193374181498,144.));
#5043=CARTESIAN_POINT('Ctrl Pts',(50.5903342326,-41.5327801330397,144.));
#5044=CARTESIAN_POINT('Ctrl Pts',(51.7834201337899,-38.4775874486166,144.));
#5045=CARTESIAN_POINT('Ctrl Pts',(54.2905407535863,-27.3599285017665,144.));
#5046=CARTESIAN_POINT('Ctrl Pts',(55.,-16.8302862017669,144.));
#5047=CARTESIAN_POINT('Ctrl Pts',(55.,-8.88178419700125E-15,144.));
#5048=CARTESIAN_POINT('',(-3.33066907387547E-15,-55.,139.));
#5049=CARTESIAN_POINT('',(-3.33066907387547E-15,-55.,139.));
#5050=CARTESIAN_POINT('Ctrl Pts',(-8.88178419700125E-15,-55.,139.));
#5051=CARTESIAN_POINT('Ctrl Pts',(18.4985182512891,-55.,139.));
#5052=CARTESIAN_POINT('Ctrl Pts',(29.4702244546802,-54.1429252877041,139.));
#5053=CARTESIAN_POINT('Ctrl Pts',(39.7364814788248,-51.2825226729332,139.));
#5054=CARTESIAN_POINT('Ctrl Pts',(42.2035401066384,-50.1991998204407,139.));
#5055=CARTESIAN_POINT('Ctrl Pts',(46.1634937697336,-47.5147404266171,139.));
#5056=CARTESIAN_POINT('Ctrl Pts',(47.7253591958859,-45.9193374181498,139.));
#5057=CARTESIAN_POINT('Ctrl Pts',(50.5903342326,-41.5327801330397,139.));
#5058=CARTESIAN_POINT('Ctrl Pts',(51.7834201337899,-38.4775874486166,139.));
#5059=CARTESIAN_POINT('Ctrl Pts',(54.2905407535863,-27.3599285017665,139.));
#5060=CARTESIAN_POINT('Ctrl Pts',(55.,-16.8302862017669,139.));
#5061=CARTESIAN_POINT('Ctrl Pts',(55.,-8.88178419700125E-15,139.));
#5062=CARTESIAN_POINT('Ctrl Pts',(-55.,4.44089209850063E-15,139.));
#5063=CARTESIAN_POINT('Ctrl Pts',(-55.,4.44089209850063E-15,144.5));
#5064=CARTESIAN_POINT('Ctrl Pts',(-55.,-18.4985182512886,139.));
#5065=CARTESIAN_POINT('Ctrl Pts',(-55.,-18.4985182512886,144.5));
#5066=CARTESIAN_POINT('Ctrl Pts',(-54.1429252877041,-29.47022445468,139.));
#5067=CARTESIAN_POINT('Ctrl Pts',(-54.1429252877041,-29.47022445468,144.5));
#5068=CARTESIAN_POINT('Ctrl Pts',(-51.2825226729337,-39.7364814788227,139.));
#5069=CARTESIAN_POINT('Ctrl Pts',(-51.2825226729337,-39.7364814788227,144.5));
#5070=CARTESIAN_POINT('Ctrl Pts',(-50.1991998204415,-42.2035401066371,139.));
#5071=CARTESIAN_POINT('Ctrl Pts',(-50.1991998204415,-42.2035401066371,144.5));
#5072=CARTESIAN_POINT('Ctrl Pts',(-47.5147404266171,-46.1634937697336,139.));
#5073=CARTESIAN_POINT('Ctrl Pts',(-47.5147404266171,-46.1634937697336,144.5));
#5074=CARTESIAN_POINT('Ctrl Pts',(-45.9193374181498,-47.7253591958858,139.));
#5075=CARTESIAN_POINT('Ctrl Pts',(-45.9193374181498,-47.7253591958858,144.5));
#5076=CARTESIAN_POINT('Ctrl Pts',(-41.5327801330402,-50.5903342325997,139.));
#5077=CARTESIAN_POINT('Ctrl Pts',(-41.5327801330402,-50.5903342325997,144.5));
#5078=CARTESIAN_POINT('Ctrl Pts',(-38.4775874486174,-51.7834201337897,139.));
#5079=CARTESIAN_POINT('Ctrl Pts',(-38.4775874486174,-51.7834201337897,144.5));
#5080=CARTESIAN_POINT('Ctrl Pts',(-27.3599285017665,-54.2905407535863,139.));
#5081=CARTESIAN_POINT('Ctrl Pts',(-27.3599285017665,-54.2905407535863,144.5));
#5082=CARTESIAN_POINT('Ctrl Pts',(-16.8302862017669,-55.,139.));
#5083=CARTESIAN_POINT('Ctrl Pts',(-16.8302862017669,-55.,144.5));
#5084=CARTESIAN_POINT('Ctrl Pts',(-4.44089209850063E-15,-55.,139.));
#5085=CARTESIAN_POINT('Ctrl Pts',(-4.44089209850063E-15,-55.,144.5));
#5086=CARTESIAN_POINT('',(-55.,-2.14622680169081E-15,144.));
#5087=CARTESIAN_POINT('Ctrl Pts',(-55.,4.44089209850063E-15,144.));
#5088=CARTESIAN_POINT('Ctrl Pts',(-55.,-18.4985182512886,144.));
#5089=CARTESIAN_POINT('Ctrl Pts',(-54.1429252877041,-29.47022445468,144.));
#5090=CARTESIAN_POINT('Ctrl Pts',(-51.2825226729337,-39.7364814788227,144.));
#5091=CARTESIAN_POINT('Ctrl Pts',(-50.1991998204415,-42.2035401066371,144.));
#5092=CARTESIAN_POINT('Ctrl Pts',(-47.5147404266171,-46.1634937697336,144.));
#5093=CARTESIAN_POINT('Ctrl Pts',(-45.9193374181498,-47.7253591958858,144.));
#5094=CARTESIAN_POINT('Ctrl Pts',(-41.5327801330402,-50.5903342325997,144.));
#5095=CARTESIAN_POINT('Ctrl Pts',(-38.4775874486174,-51.7834201337897,144.));
#5096=CARTESIAN_POINT('Ctrl Pts',(-27.3599285017665,-54.2905407535863,144.));
#5097=CARTESIAN_POINT('Ctrl Pts',(-16.8302862017669,-55.,144.));
#5098=CARTESIAN_POINT('Ctrl Pts',(-4.44089209850063E-15,-55.,144.));
#5099=CARTESIAN_POINT('',(-55.,-2.14622680169081E-15,139.));
#5100=CARTESIAN_POINT('',(-55.,-2.14622680169081E-15,139.));
#5101=CARTESIAN_POINT('Ctrl Pts',(-55.,4.44089209850063E-15,139.));
#5102=CARTESIAN_POINT('Ctrl Pts',(-55.,-18.4985182512886,139.));
#5103=CARTESIAN_POINT('Ctrl Pts',(-54.1429252877041,-29.47022445468,139.));
#5104=CARTESIAN_POINT('Ctrl Pts',(-51.2825226729337,-39.7364814788227,139.));
#5105=CARTESIAN_POINT('Ctrl Pts',(-50.1991998204415,-42.2035401066371,139.));
#5106=CARTESIAN_POINT('Ctrl Pts',(-47.5147404266171,-46.1634937697336,139.));
#5107=CARTESIAN_POINT('Ctrl Pts',(-45.9193374181498,-47.7253591958858,139.));
#5108=CARTESIAN_POINT('Ctrl Pts',(-41.5327801330402,-50.5903342325997,139.));
#5109=CARTESIAN_POINT('Ctrl Pts',(-38.4775874486174,-51.7834201337897,139.));
#5110=CARTESIAN_POINT('Ctrl Pts',(-27.3599285017665,-54.2905407535863,139.));
#5111=CARTESIAN_POINT('Ctrl Pts',(-16.8302862017669,-55.,139.));
#5112=CARTESIAN_POINT('Ctrl Pts',(-4.44089209850063E-15,-55.,139.));
#5113=CARTESIAN_POINT('Ctrl Pts',(-22.1000000004231,54.3573943972038,139.));
#5114=CARTESIAN_POINT('Ctrl Pts',(-22.1000000004231,54.3573943972038,144.5));
#5115=CARTESIAN_POINT('Ctrl Pts',(-27.1583133724428,53.9783270627492,139.));
#5116=CARTESIAN_POINT('Ctrl Pts',(-27.1583133724428,53.9783270627492,144.5));
#5117=CARTESIAN_POINT('Ctrl Pts',(-31.6480008782406,53.3971881382741,139.));
#5118=CARTESIAN_POINT('Ctrl Pts',(-31.6480008782406,53.3971881382741,144.5));
#5119=CARTESIAN_POINT('Ctrl Pts',(-38.6356844853728,51.6685927025371,139.));
#5120=CARTESIAN_POINT('Ctrl Pts',(-38.6356844853728,51.6685927025371,144.5));
#5121=CARTESIAN_POINT('Ctrl Pts',(-41.1888546118133,50.6760821855802,139.));
#5122=CARTESIAN_POINT('Ctrl Pts',(-41.1888546118133,50.6760821855802,144.5));
#5123=CARTESIAN_POINT('Ctrl Pts',(-45.2951007843422,48.2269874083795,139.));
#5124=CARTESIAN_POINT('Ctrl Pts',(-45.2951007843422,48.2269874083795,144.5));
#5125=CARTESIAN_POINT('Ctrl Pts',(-46.9694006464783,46.7518116639555,139.));
#5126=CARTESIAN_POINT('Ctrl Pts',(-46.9694006464783,46.7518116639555,144.5));
#5127=CARTESIAN_POINT('Ctrl Pts',(-49.9754407686641,42.7162905167762,139.));
#5128=CARTESIAN_POINT('Ctrl Pts',(-49.9754407686641,42.7162905167762,144.5));
#5129=CARTESIAN_POINT('Ctrl Pts',(-51.2139957379021,40.0165723112895,139.));
#5130=CARTESIAN_POINT('Ctrl Pts',(-51.2139957379021,40.0165723112895,144.5));
#5131=CARTESIAN_POINT('Ctrl Pts',(-54.1507757373365,29.3689323962364,139.));
#5132=CARTESIAN_POINT('Ctrl Pts',(-54.1507757373365,29.3689323962364,144.5));
#5133=CARTESIAN_POINT('Ctrl Pts',(-55.,18.4313794560214,139.));
#5134=CARTESIAN_POINT('Ctrl Pts',(-55.,18.4313794560214,144.5));
#5135=CARTESIAN_POINT('Ctrl Pts',(-55.,8.88178419700125E-15,139.));
#5136=CARTESIAN_POINT('Ctrl Pts',(-55.,8.88178419700125E-15,144.5));
#5137=CARTESIAN_POINT('Ctrl Pts',(-22.1000000004231,54.3573943972038,144.));
#5138=CARTESIAN_POINT('Ctrl Pts',(-27.1583133724428,53.9783270627492,144.));
#5139=CARTESIAN_POINT('Ctrl Pts',(-31.6480008782406,53.3971881382741,144.));
#5140=CARTESIAN_POINT('Ctrl Pts',(-38.6356844853728,51.6685927025371,144.));
#5141=CARTESIAN_POINT('Ctrl Pts',(-41.1888546118133,50.6760821855802,144.));
#5142=CARTESIAN_POINT('Ctrl Pts',(-45.2951007843422,48.2269874083795,144.));
#5143=CARTESIAN_POINT('Ctrl Pts',(-46.9694006464783,46.7518116639555,144.));
#5144=CARTESIAN_POINT('Ctrl Pts',(-49.9754407686641,42.7162905167762,144.));
#5145=CARTESIAN_POINT('Ctrl Pts',(-51.2139957379021,40.0165723112895,144.));
#5146=CARTESIAN_POINT('Ctrl Pts',(-54.1507757373365,29.3689323962364,144.));
#5147=CARTESIAN_POINT('Ctrl Pts',(-55.,18.4313794560214,144.));
#5148=CARTESIAN_POINT('Ctrl Pts',(-55.,8.88178419700125E-15,144.));
#5149=CARTESIAN_POINT('Ctrl Pts',(-22.1000000004231,54.3573943972038,139.));
#5150=CARTESIAN_POINT('Ctrl Pts',(-27.1583133724428,53.9783270627492,139.));
#5151=CARTESIAN_POINT('Ctrl Pts',(-31.6480008782406,53.3971881382741,139.));
#5152=CARTESIAN_POINT('Ctrl Pts',(-38.6356844853728,51.6685927025371,139.));
#5153=CARTESIAN_POINT('Ctrl Pts',(-41.1888546118133,50.6760821855802,139.));
#5154=CARTESIAN_POINT('Ctrl Pts',(-45.2951007843422,48.2269874083795,139.));
#5155=CARTESIAN_POINT('Ctrl Pts',(-46.9694006464783,46.7518116639555,139.));
#5156=CARTESIAN_POINT('Ctrl Pts',(-49.9754407686641,42.7162905167762,139.));
#5157=CARTESIAN_POINT('Ctrl Pts',(-51.2139957379021,40.0165723112895,139.));
#5158=CARTESIAN_POINT('Ctrl Pts',(-54.1507757373365,29.3689323962364,139.));
#5159=CARTESIAN_POINT('Ctrl Pts',(-55.,18.4313794560214,139.));
#5160=CARTESIAN_POINT('Ctrl Pts',(-55.,8.88178419700125E-15,139.));
#5161=CARTESIAN_POINT('Ctrl Pts',(-55.,-2.14622680169081E-15,139.));
#5162=CARTESIAN_POINT('Ctrl Pts',(-55.,-2.14622680169081E-15,151.));
#5163=CARTESIAN_POINT('Ctrl Pts',(-55.,-55.,139.));
#5164=CARTESIAN_POINT('Ctrl Pts',(-55.,-55.,151.));
#5165=CARTESIAN_POINT('Ctrl Pts',(-6.73555739531044E-15,-55.,139.));
#5166=CARTESIAN_POINT('Ctrl Pts',(-6.73555739531044E-15,-55.,151.));
#5167=CARTESIAN_POINT('',(0.,-55.,149.));
#5168=CARTESIAN_POINT('',(-3.33066907387547E-15,-55.,145.));
#5169=CARTESIAN_POINT('',(-55.,0.,149.));
#5170=CARTESIAN_POINT('Ctrl Pts',(-55.,-2.14622680169081E-15,149.));
#5171=CARTESIAN_POINT('Ctrl Pts',(-55.,-55.,149.));
#5172=CARTESIAN_POINT('Ctrl Pts',(-6.73555739531044E-15,-55.,149.));
#5173=CARTESIAN_POINT('',(-55.,-2.14622680169081E-15,145.));
#5174=CARTESIAN_POINT('Ctrl Pts',(-3.33066907387547E-15,-55.,139.));
#5175=CARTESIAN_POINT('Ctrl Pts',(-3.33066907387547E-15,-55.,151.));
#5176=CARTESIAN_POINT('Ctrl Pts',(55.,-55.,139.));
#5177=CARTESIAN_POINT('Ctrl Pts',(55.,-55.,151.));
#5178=CARTESIAN_POINT('Ctrl Pts',(55.,-1.22124532708767E-14,139.));
#5179=CARTESIAN_POINT('Ctrl Pts',(55.,-1.22124532708767E-14,151.));
#5180=CARTESIAN_POINT('',(55.,-1.33226762955019E-14,149.));
#5181=CARTESIAN_POINT('',(55.,-1.22124532708767E-14,145.));
#5182=CARTESIAN_POINT('Ctrl Pts',(-3.33066907387547E-15,-55.,149.));
#5183=CARTESIAN_POINT('Ctrl Pts',(55.,-55.,149.));
#5184=CARTESIAN_POINT('Ctrl Pts',(55.,-1.22124532708767E-14,149.));
#5185=CARTESIAN_POINT('Ctrl Pts',(55.,8.88178419700125E-15,139.));
#5186=CARTESIAN_POINT('Ctrl Pts',(55.,8.88178419700125E-15,151.));
#5187=CARTESIAN_POINT('Ctrl Pts',(55.,51.89188576108,139.));
#5188=CARTESIAN_POINT('Ctrl Pts',(55.,51.89188576108,151.));
#5189=CARTESIAN_POINT('Ctrl Pts',(22.1,54.3573943972355,139.));
#5190=CARTESIAN_POINT('Ctrl Pts',(22.1,54.3573943972355,151.));
#5191=CARTESIAN_POINT('',(22.1,54.3573943972355,149.));
#5192=CARTESIAN_POINT('',(22.1,54.3573943972355,145.));
#5193=CARTESIAN_POINT('Ctrl Pts',(55.,8.88178419700125E-15,149.));
#5194=CARTESIAN_POINT('Ctrl Pts',(55.,51.89188576108,149.));
#5195=CARTESIAN_POINT('Ctrl Pts',(22.1,54.3573943972355,149.));
#5196=CARTESIAN_POINT('Ctrl Pts',(22.1,54.3573943972355,139.));
#5197=CARTESIAN_POINT('Ctrl Pts',(22.1,54.3573943972355,151.));
#5198=CARTESIAN_POINT('Ctrl Pts',(21.3164409142056,54.4161139015809,139.));
#5199=CARTESIAN_POINT('Ctrl Pts',(21.3164409142056,54.4161139015809,151.));
#5200=CARTESIAN_POINT('Ctrl Pts',(20.5000000000805,54.4692490156354,139.));
#5201=CARTESIAN_POINT('Ctrl Pts',(20.5000000000805,54.4692490156354,151.));
#5202=CARTESIAN_POINT('',(20.5,54.4692490156409,149.));
#5203=CARTESIAN_POINT('',(20.5,54.4692490156409,145.));
#5204=CARTESIAN_POINT('Ctrl Pts',(22.1,54.3573943972355,149.));
#5205=CARTESIAN_POINT('Ctrl Pts',(21.3164409142055,54.4161139015809,149.));
#5206=CARTESIAN_POINT('Ctrl Pts',(20.5000000000805,54.4692490156354,149.));
#5207=CARTESIAN_POINT('Origin',(29.,24.5,148.25));
#5208=CARTESIAN_POINT('',(31.3400000149012,24.5,147.5));
#5209=CARTESIAN_POINT('Origin',(29.,24.5,147.5));
#5210=CARTESIAN_POINT('',(32.8400000149012,24.5,149.));
#5211=CARTESIAN_POINT('',(32.0900000149012,24.5,148.25));
#5212=CARTESIAN_POINT('Origin',(29.,24.5,149.));
#5213=CARTESIAN_POINT('Origin',(29.,24.5,147.5));
#5214=CARTESIAN_POINT('Origin',(29.,-24.5,148.25));
#5215=CARTESIAN_POINT('',(31.3400000149012,-24.5,147.5));
#5216=CARTESIAN_POINT('Origin',(29.,-24.5,147.5));
#5217=CARTESIAN_POINT('',(32.8400000149012,-24.5,149.));
#5218=CARTESIAN_POINT('',(32.0900000149012,-24.5,148.25));
#5219=CARTESIAN_POINT('Origin',(29.,-24.5,149.));
#5220=CARTESIAN_POINT('Origin',(29.,-24.5,147.5));
#5221=CARTESIAN_POINT('Origin',(-29.,-24.5,148.25));
#5222=CARTESIAN_POINT('',(-26.6599999850988,-24.5,147.5));
#5223=CARTESIAN_POINT('Origin',(-29.,-24.5,147.5));
#5224=CARTESIAN_POINT('',(-25.1599999850988,-24.5,149.));
#5225=CARTESIAN_POINT('',(-25.9099999850988,-24.5,148.25));
#5226=CARTESIAN_POINT('Origin',(-29.,-24.5,149.));
#5227=CARTESIAN_POINT('Origin',(-29.,-24.5,147.5));
#5228=CARTESIAN_POINT('Origin',(-29.,24.5,148.25));
#5229=CARTESIAN_POINT('',(-26.6599999850988,24.5,147.5));
#5230=CARTESIAN_POINT('Origin',(-29.,24.5,147.5));
#5231=CARTESIAN_POINT('',(-25.1599999850988,24.5,149.));
#5232=CARTESIAN_POINT('',(-25.9099999850988,24.5,148.25));
#5233=CARTESIAN_POINT('Origin',(-29.,24.5,149.));
#5234=CARTESIAN_POINT('Origin',(-29.,24.5,147.5));
#5235=CARTESIAN_POINT('Ctrl Pts',(-49.5071067811865,1.12969563720812E-14,
147.707106781187));
#5236=CARTESIAN_POINT('Ctrl Pts',(-49.5071067811865,-1.30710678118634,147.707106781187));
#5237=CARTESIAN_POINT('Ctrl Pts',(-48.2000000000002,-1.30710678118634,147.707106781187));
#5238=CARTESIAN_POINT('Ctrl Pts',(-46.8928932188138,-1.30710678118634,147.707106781187));
#5239=CARTESIAN_POINT('Ctrl Pts',(-46.8928932188138,1.12969563720811E-14,
147.707106781187));
#5240=CARTESIAN_POINT('Ctrl Pts',(-46.8928932188138,1.30710678118637,147.707106781187));
#5241=CARTESIAN_POINT('Ctrl Pts',(-48.2000000000002,1.30710678118637,147.707106781187));
#5242=CARTESIAN_POINT('Ctrl Pts',(-49.5071067811865,1.30710678118637,147.707106781187));
#5243=CARTESIAN_POINT('Ctrl Pts',(-49.5071067811865,1.12969563720812E-14,
147.707106781187));
#5244=CARTESIAN_POINT('Ctrl Pts',(-49.8000000000003,9.08670748982761E-15,
148.));
#5245=CARTESIAN_POINT('Ctrl Pts',(-49.8000000000003,-1.60000000000016,148.));
#5246=CARTESIAN_POINT('Ctrl Pts',(-48.2000000000001,-1.60000000000016,148.));
#5247=CARTESIAN_POINT('Ctrl Pts',(-46.6,-1.60000000000016,148.));
#5248=CARTESIAN_POINT('Ctrl Pts',(-46.6,9.08670748982763E-15,148.));
#5249=CARTESIAN_POINT('Ctrl Pts',(-46.6,1.60000000000018,148.));
#5250=CARTESIAN_POINT('Ctrl Pts',(-48.2000000000001,1.60000000000018,148.));
#5251=CARTESIAN_POINT('Ctrl Pts',(-49.8000000000003,1.60000000000018,148.));
#5252=CARTESIAN_POINT('Ctrl Pts',(-49.8000000000003,9.08670748982761E-15,
148.));
#5253=CARTESIAN_POINT('Ctrl Pts',(-49.8,5.96094354432172E-15,148.414213562374));
#5254=CARTESIAN_POINT('Ctrl Pts',(-49.8,-1.59999999999996,148.414213562373));
#5255=CARTESIAN_POINT('Ctrl Pts',(-48.2000000000001,-1.59999999999996,148.414213562373));
#5256=CARTESIAN_POINT('Ctrl Pts',(-46.6000000000001,-1.59999999999996,148.414213562373));
#5257=CARTESIAN_POINT('Ctrl Pts',(-46.6000000000001,5.96094354432167E-15,
148.414213562373));
#5258=CARTESIAN_POINT('Ctrl Pts',(-46.6000000000001,1.59999999999997,148.414213562373));
#5259=CARTESIAN_POINT('Ctrl Pts',(-48.2000000000001,1.59999999999997,148.414213562373));
#5260=CARTESIAN_POINT('Ctrl Pts',(-49.8,1.59999999999997,148.414213562374));
#5261=CARTESIAN_POINT('Ctrl Pts',(-49.8,5.96094354432172E-15,148.414213562374));
#5262=CARTESIAN_POINT('',(-46.6,2.30637957383113E-16,148.414213562373));
#5263=CARTESIAN_POINT('',(-49.8,5.76500005646219E-15,148.414213562373));
#5264=CARTESIAN_POINT('Origin',(-48.2,3.46944695195361E-17,148.414213562373));
#5265=CARTESIAN_POINT('',(-49.5071067811866,1.11368819585089E-14,147.707106781187));
#5266=CARTESIAN_POINT('Origin',(-48.8000000000019,5.88746473637624E-15,
148.414213562373));
#5267=CARTESIAN_POINT('',(-46.8928932188134,3.46944695195356E-17,147.707106781187));
#5268=CARTESIAN_POINT('Origin',(-48.2,1.14731676305731E-16,147.707106781187));
#5269=CARTESIAN_POINT('Origin',(-48.2,1.14731676305731E-16,147.707106781187));
#5270=CARTESIAN_POINT('Origin',(-48.2,3.46944695195361E-17,148.414213562373));
#5271=CARTESIAN_POINT('Origin',(-48.2,3.46944695195361E-17,147.5));
#5272=CARTESIAN_POINT('',(-47.6,-3.87843384293057E-17,147.));
#5273=CARTESIAN_POINT('Origin',(-48.2,3.46944695195361E-17,147.));
#5274=CARTESIAN_POINT('',(-47.1,1.69405617425745E-16,147.5));
#5275=CARTESIAN_POINT('Origin',(-48.2,3.46944695195361E-17,149.));
#5276=CARTESIAN_POINT('',(-46.6,2.30637957383113E-16,149.));
#5277=CARTESIAN_POINT('Origin',(-48.2,3.46944695195361E-17,149.));
#5278=CARTESIAN_POINT('',(-46.6,-1.6124901834404E-16,149.));
#5279=CARTESIAN_POINT('Ctrl Pts',(32.7754400720051,-34.0825468531916,147.707106781187));
#5280=CARTESIAN_POINT('Ctrl Pts',(32.7754400720051,-35.389653634378,147.707106781187));
#5281=CARTESIAN_POINT('Ctrl Pts',(34.0825468531915,-35.389653634378,147.707106781187));
#5282=CARTESIAN_POINT('Ctrl Pts',(35.389653634378,-35.389653634378,147.707106781187));
#5283=CARTESIAN_POINT('Ctrl Pts',(35.389653634378,-34.0825468531916,147.707106781187));
#5284=CARTESIAN_POINT('Ctrl Pts',(35.389653634378,-32.7754400720051,147.707106781187));
#5285=CARTESIAN_POINT('Ctrl Pts',(34.0825468531915,-32.7754400720051,147.707106781187));
#5286=CARTESIAN_POINT('Ctrl Pts',(32.7754400720051,-32.7754400720051,147.707106781187));
#5287=CARTESIAN_POINT('Ctrl Pts',(32.7754400720051,-34.0825468531916,147.707106781187));
#5288=CARTESIAN_POINT('Ctrl Pts',(32.4825468531915,-34.0825468531916,148.));
#5289=CARTESIAN_POINT('Ctrl Pts',(32.4825468531915,-35.6825468531917,148.));
#5290=CARTESIAN_POINT('Ctrl Pts',(34.0825468531915,-35.6825468531917,148.));
#5291=CARTESIAN_POINT('Ctrl Pts',(35.6825468531916,-35.6825468531917,148.));
#5292=CARTESIAN_POINT('Ctrl Pts',(35.6825468531916,-34.0825468531916,148.));
#5293=CARTESIAN_POINT('Ctrl Pts',(35.6825468531916,-32.4825468531915,148.));
#5294=CARTESIAN_POINT('Ctrl Pts',(34.0825468531915,-32.4825468531915,148.));
#5295=CARTESIAN_POINT('Ctrl Pts',(32.4825468531915,-32.4825468531915,148.));
#5296=CARTESIAN_POINT('Ctrl Pts',(32.4825468531915,-34.0825468531916,148.));
#5297=CARTESIAN_POINT('Ctrl Pts',(32.4825468531916,-34.0825468531916,148.414213562373));
#5298=CARTESIAN_POINT('Ctrl Pts',(32.4825468531916,-35.6825468531916,148.414213562373));
#5299=CARTESIAN_POINT('Ctrl Pts',(34.0825468531916,-35.6825468531916,148.414213562373));
#5300=CARTESIAN_POINT('Ctrl Pts',(35.6825468531915,-35.6825468531916,148.414213562373));
#5301=CARTESIAN_POINT('Ctrl Pts',(35.6825468531915,-34.0825468531916,148.414213562373));
#5302=CARTESIAN_POINT('Ctrl Pts',(35.6825468531915,-32.4825468531916,148.414213562373));
#5303=CARTESIAN_POINT('Ctrl Pts',(34.0825468531916,-32.4825468531916,148.414213562373));
#5304=CARTESIAN_POINT('Ctrl Pts',(32.4825468531916,-32.4825468531916,148.414213562373));
#5305=CARTESIAN_POINT('Ctrl Pts',(32.4825468531916,-34.0825468531916,148.414213562373));
#5306=CARTESIAN_POINT('',(35.6825468531916,-34.0825468531916,148.414213562373));
#5307=CARTESIAN_POINT('',(32.4825468531916,-34.0825468531916,148.414213562373));
#5308=CARTESIAN_POINT('Origin',(34.0825468531916,-34.0825468531916,148.414213562373));
#5309=CARTESIAN_POINT('',(32.7754400720051,-34.0825468531916,147.707106781187));
#5310=CARTESIAN_POINT('Origin',(33.4825468531896,-34.0825468531916,148.414213562373));
#5311=CARTESIAN_POINT('',(35.3896536343781,-34.0825468531916,147.707106781187));
#5312=CARTESIAN_POINT('Origin',(34.0825468531916,-34.0825468531916,147.707106781187));
#5313=CARTESIAN_POINT('Origin',(34.0825468531916,-34.0825468531916,147.707106781187));
#5314=CARTESIAN_POINT('Origin',(34.0825468531916,-34.0825468531916,148.414213562373));
#5315=CARTESIAN_POINT('Origin',(34.0825468531916,-34.0825468531916,147.5));
#5316=CARTESIAN_POINT('',(34.6825468531916,-34.0825468531916,147.));
#5317=CARTESIAN_POINT('Origin',(34.0825468531916,-34.0825468531916,147.));
#5318=CARTESIAN_POINT('',(35.1825468531916,-34.0825468531916,147.5));
#5319=CARTESIAN_POINT('Origin',(34.0825468531916,-34.0825468531916,149.));
#5320=CARTESIAN_POINT('',(35.6825468531916,-34.0825468531916,149.));
#5321=CARTESIAN_POINT('Origin',(34.0825468531916,-34.0825468531916,149.));
#5322=CARTESIAN_POINT('',(35.6825468531916,-34.0825468531916,149.));
#5323=CARTESIAN_POINT('Ctrl Pts',(-35.3896536343781,-34.0825468531916,147.707106781187));
#5324=CARTESIAN_POINT('Ctrl Pts',(-35.3896536343781,-35.389653634378,147.707106781187));
#5325=CARTESIAN_POINT('Ctrl Pts',(-34.0825468531917,-35.389653634378,147.707106781187));
#5326=CARTESIAN_POINT('Ctrl Pts',(-32.7754400720053,-35.389653634378,147.707106781187));
#5327=CARTESIAN_POINT('Ctrl Pts',(-32.7754400720053,-34.0825468531916,147.707106781187));
#5328=CARTESIAN_POINT('Ctrl Pts',(-32.7754400720053,-32.7754400720052,147.707106781187));
#5329=CARTESIAN_POINT('Ctrl Pts',(-34.0825468531917,-32.7754400720052,147.707106781187));
#5330=CARTESIAN_POINT('Ctrl Pts',(-35.3896536343781,-32.7754400720052,147.707106781187));
#5331=CARTESIAN_POINT('Ctrl Pts',(-35.3896536343781,-34.0825468531916,147.707106781187));
#5332=CARTESIAN_POINT('Ctrl Pts',(-35.6825468531918,-34.0825468531916,148.));
#5333=CARTESIAN_POINT('Ctrl Pts',(-35.6825468531918,-35.6825468531917,148.));
#5334=CARTESIAN_POINT('Ctrl Pts',(-34.0825468531917,-35.6825468531917,148.));
#5335=CARTESIAN_POINT('Ctrl Pts',(-32.4825468531916,-35.6825468531917,148.));
#5336=CARTESIAN_POINT('Ctrl Pts',(-32.4825468531916,-34.0825468531916,148.));
#5337=CARTESIAN_POINT('Ctrl Pts',(-32.4825468531916,-32.4825468531915,148.));
#5338=CARTESIAN_POINT('Ctrl Pts',(-34.0825468531917,-32.4825468531915,148.));
#5339=CARTESIAN_POINT('Ctrl Pts',(-35.6825468531918,-32.4825468531915,148.));
#5340=CARTESIAN_POINT('Ctrl Pts',(-35.6825468531918,-34.0825468531916,148.));
#5341=CARTESIAN_POINT('Ctrl Pts',(-35.6825468531916,-34.0825468531916,148.414213562373));
#5342=CARTESIAN_POINT('Ctrl Pts',(-35.6825468531916,-35.6825468531916,148.414213562373));
#5343=CARTESIAN_POINT('Ctrl Pts',(-34.0825468531917,-35.6825468531916,148.414213562373));
#5344=CARTESIAN_POINT('Ctrl Pts',(-32.4825468531917,-35.6825468531916,148.414213562373));
#5345=CARTESIAN_POINT('Ctrl Pts',(-32.4825468531917,-34.0825468531916,148.414213562373));
#5346=CARTESIAN_POINT('Ctrl Pts',(-32.4825468531917,-32.4825468531916,148.414213562373));
#5347=CARTESIAN_POINT('Ctrl Pts',(-34.0825468531917,-32.4825468531916,148.414213562373));
#5348=CARTESIAN_POINT('Ctrl Pts',(-35.6825468531916,-32.4825468531916,148.414213562373));
#5349=CARTESIAN_POINT('Ctrl Pts',(-35.6825468531916,-34.0825468531916,148.414213562373));
#5350=CARTESIAN_POINT('',(-32.4825468531916,-34.0825468531916,148.414213562373));
#5351=CARTESIAN_POINT('',(-35.6825468531916,-34.0825468531916,148.414213562373));
#5352=CARTESIAN_POINT('Origin',(-34.0825468531916,-34.0825468531916,148.414213562373));
#5353=CARTESIAN_POINT('',(-35.3896536343782,-34.0825468531916,147.707106781187));
#5354=CARTESIAN_POINT('Origin',(-34.6825468531936,-34.0825468531916,148.414213562373));
#5355=CARTESIAN_POINT('',(-32.775440072005,-34.0825468531916,147.707106781187));
#5356=CARTESIAN_POINT('Origin',(-34.0825468531916,-34.0825468531916,147.707106781187));
#5357=CARTESIAN_POINT('Origin',(-34.0825468531916,-34.0825468531916,147.707106781187));
#5358=CARTESIAN_POINT('Origin',(-34.0825468531916,-34.0825468531916,148.414213562373));
#5359=CARTESIAN_POINT('Origin',(-34.0825468531916,-34.0825468531916,147.5));
#5360=CARTESIAN_POINT('',(-33.4825468531916,-34.0825468531916,147.));
#5361=CARTESIAN_POINT('Origin',(-34.0825468531916,-34.0825468531916,147.));
#5362=CARTESIAN_POINT('',(-32.9825468531916,-34.0825468531916,147.5));
#5363=CARTESIAN_POINT('Origin',(-34.0825468531916,-34.0825468531916,149.));
#5364=CARTESIAN_POINT('',(-32.4825468531916,-34.0825468531916,149.));
#5365=CARTESIAN_POINT('Origin',(-34.0825468531916,-34.0825468531916,149.));
#5366=CARTESIAN_POINT('',(-32.4825468531916,-34.0825468531916,149.));
#5367=CARTESIAN_POINT('Origin',(-48.2,0.,147.));
#5368=CARTESIAN_POINT('Origin',(-34.0825468531916,-34.0825468531916,147.));
#5369=CARTESIAN_POINT('Origin',(48.2,0.,147.));
#5370=CARTESIAN_POINT('Origin',(34.0825468531916,-34.0825468531916,147.));
#5371=CARTESIAN_POINT('Ctrl Pts',(20.5,54.4692490156407,120.9));
#5372=CARTESIAN_POINT('Ctrl Pts',(20.5,54.4692490156407,154.62));
#5373=CARTESIAN_POINT('Ctrl Pts',(12.3448124830991,55.,120.9));
#5374=CARTESIAN_POINT('Ctrl Pts',(12.3448124830991,55.,154.62));
#5375=CARTESIAN_POINT('Ctrl Pts',(0.,55.,120.9));
#5376=CARTESIAN_POINT('Ctrl Pts',(0.,55.,154.62));
#5377=CARTESIAN_POINT('',(0.,55.,149.));
#5378=CARTESIAN_POINT('',(3.33066907387547E-15,55.,145.));
#5379=CARTESIAN_POINT('Ctrl Pts',(20.5,54.4692490156407,149.));
#5380=CARTESIAN_POINT('Ctrl Pts',(12.3448124830991,55.,149.));
#5381=CARTESIAN_POINT('Ctrl Pts',(0.,55.,149.));
#5382=CARTESIAN_POINT('Ctrl Pts',(3.33066907387547E-15,55.,120.9));
#5383=CARTESIAN_POINT('Ctrl Pts',(3.33066907387547E-15,55.,154.62));
#5384=CARTESIAN_POINT('Ctrl Pts',(-12.3448124830991,55.,120.9));
#5385=CARTESIAN_POINT('Ctrl Pts',(-12.3448124830991,55.,154.62));
#5386=CARTESIAN_POINT('Ctrl Pts',(-20.5,54.4692490156406,120.9));
#5387=CARTESIAN_POINT('Ctrl Pts',(-20.5,54.4692490156406,154.62));
#5388=CARTESIAN_POINT('',(-20.5,54.4692490156407,149.));
#5389=CARTESIAN_POINT('',(-20.5,54.4692490156407,145.));
#5390=CARTESIAN_POINT('Ctrl Pts',(3.33066907387547E-15,55.,149.));
#5391=CARTESIAN_POINT('Ctrl Pts',(-12.3448124830991,55.,149.));
#5392=CARTESIAN_POINT('Ctrl Pts',(-20.5,54.4692490156406,149.));
#5393=CARTESIAN_POINT('Origin',(0.,0.,149.));
#5394=CARTESIAN_POINT('',(-22.1,54.3573943972355,149.));
#5395=CARTESIAN_POINT('Ctrl Pts',(-20.5000000000805,54.4692490156354,149.));
#5396=CARTESIAN_POINT('Ctrl Pts',(-21.3164409142055,54.4161139015809,149.));
#5397=CARTESIAN_POINT('Ctrl Pts',(-22.1,54.3573943972355,149.));
#5398=CARTESIAN_POINT('Ctrl Pts',(-22.1000000004231,54.3573943972038,149.));
#5399=CARTESIAN_POINT('Ctrl Pts',(-55.,51.8918857609887,149.));
#5400=CARTESIAN_POINT('Ctrl Pts',(-55.,1.22124532708767E-14,149.));
#5401=CARTESIAN_POINT('',(-48.3033624358945,31.5467039993075,149.));
#5402=CARTESIAN_POINT('Origin',(-45.0533624358945,31.5467039993075,149.));
#5403=CARTESIAN_POINT('',(41.8033624358945,-31.5467039993075,149.));
#5404=CARTESIAN_POINT('Origin',(45.0533624358945,-31.5467039993075,149.));
#5405=CARTESIAN_POINT('',(39.9692193816531,-24.,149.));
#5406=CARTESIAN_POINT('Origin',(41.5692193816531,-24.,149.));
#5407=CARTESIAN_POINT('',(22.4,41.5692193816531,149.));
#5408=CARTESIAN_POINT('Origin',(24.,41.5692193816531,149.));
#5409=CARTESIAN_POINT('',(-25.6,-41.5692193816531,149.));
#5410=CARTESIAN_POINT('Origin',(-24.,-41.5692193816531,149.));
#5411=CARTESIAN_POINT('',(-43.1692193816531,24.,149.));
#5412=CARTESIAN_POINT('Origin',(-41.5692193816531,24.,149.));
#5413=CARTESIAN_POINT('',(41.8033624358946,31.5467039993075,149.));
#5414=CARTESIAN_POINT('Origin',(45.0533624358946,31.5467039993075,149.));
#5415=CARTESIAN_POINT('',(38.,6.00000000000001,149.));
#5416=CARTESIAN_POINT('',(28.,6.,149.));
#5417=CARTESIAN_POINT('',(38.,6.,149.));
#5418=CARTESIAN_POINT('',(-48.3033624358945,-31.5467039993075,149.));
#5419=CARTESIAN_POINT('Origin',(-45.0533624358945,-31.5467039993075,149.));
#5420=CARTESIAN_POINT('Origin',(41.5692193816531,-24.,145.));
#5421=CARTESIAN_POINT('',(39.9692193816531,-24.,148.));
#5422=CARTESIAN_POINT('Origin',(41.5692193816531,-24.,148.));
#5423=CARTESIAN_POINT('',(39.9692193816531,-24.,145.));
#5424=CARTESIAN_POINT('Origin',(24.,41.5692193816531,145.));
#5425=CARTESIAN_POINT('',(22.4,41.5692193816531,148.));
#5426=CARTESIAN_POINT('Origin',(24.,41.5692193816531,148.));
#5427=CARTESIAN_POINT('',(22.4,41.5692193816531,145.));
#5428=CARTESIAN_POINT('Origin',(-24.,-41.5692193816531,145.));
#5429=CARTESIAN_POINT('',(-25.6,-41.5692193816531,148.));
#5430=CARTESIAN_POINT('Origin',(-24.,-41.5692193816531,148.));
#5431=CARTESIAN_POINT('',(-25.6,-41.5692193816531,145.));
#5432=CARTESIAN_POINT('Origin',(-41.5692193816531,24.,145.));
#5433=CARTESIAN_POINT('',(-43.1692193816531,24.,148.));
#5434=CARTESIAN_POINT('Origin',(-41.5692193816531,24.,148.));
#5435=CARTESIAN_POINT('',(-43.1692193816531,24.,145.));
#5436=CARTESIAN_POINT('Origin',(0.,0.,148.));
#5437=CARTESIAN_POINT('',(20.75,41.569219381653,148.));
#5438=CARTESIAN_POINT('Origin',(24.,41.569219381653,148.));
#5439=CARTESIAN_POINT('Origin',(0.,0.,148.));
#5440=CARTESIAN_POINT('',(38.319219381653,-24.,148.));
#5441=CARTESIAN_POINT('Origin',(41.569219381653,-24.,148.));
#5442=CARTESIAN_POINT('Origin',(0.,0.,148.));
#5443=CARTESIAN_POINT('',(-44.8192193816531,24.,148.));
#5444=CARTESIAN_POINT('Origin',(-41.569219381653,24.,148.));
#5445=CARTESIAN_POINT('Origin',(0.,0.,148.));
#5446=CARTESIAN_POINT('Ctrl Pts',(-22.1000000004231,54.3573943972038,139.));
#5447=CARTESIAN_POINT('Ctrl Pts',(-22.1000000004231,54.3573943972038,151.));
#5448=CARTESIAN_POINT('Ctrl Pts',(-55.,51.8918857609887,139.));
#5449=CARTESIAN_POINT('Ctrl Pts',(-55.,51.8918857609887,151.));
#5450=CARTESIAN_POINT('Ctrl Pts',(-55.,1.22124532708767E-14,139.));
#5451=CARTESIAN_POINT('Ctrl Pts',(-55.,1.22124532708767E-14,151.));
#5452=CARTESIAN_POINT('',(-22.1,54.3573943972355,145.));
#5453=CARTESIAN_POINT('Ctrl Pts',(-20.5000000000805,54.4692490156354,139.));
#5454=CARTESIAN_POINT('Ctrl Pts',(-20.5000000000805,54.4692490156354,151.));
#5455=CARTESIAN_POINT('Ctrl Pts',(-21.3164409142055,54.4161139015809,139.));
#5456=CARTESIAN_POINT('Ctrl Pts',(-21.3164409142055,54.4161139015809,151.));
#5457=CARTESIAN_POINT('Ctrl Pts',(-22.1,54.3573943972355,139.));
#5458=CARTESIAN_POINT('Ctrl Pts',(-22.1,54.3573943972355,151.));
#5459=CARTESIAN_POINT('Ctrl Pts',(-55.,-2.14622680169081E-15,134.));
#5460=CARTESIAN_POINT('Ctrl Pts',(-55.,-2.14622680169081E-15,146.));
#5461=CARTESIAN_POINT('Ctrl Pts',(-55.,-55.,134.));
#5462=CARTESIAN_POINT('Ctrl Pts',(-55.,-55.,146.));
#5463=CARTESIAN_POINT('Ctrl Pts',(-6.73555739531044E-15,-55.,134.));
#5464=CARTESIAN_POINT('Ctrl Pts',(-6.73555739531044E-15,-55.,146.));
#5465=CARTESIAN_POINT('',(-55.,0.,134.));
#5466=CARTESIAN_POINT('',(-55.,-2.14622680169081E-15,140.));
#5467=CARTESIAN_POINT('',(0.,-55.,134.));
#5468=CARTESIAN_POINT('Ctrl Pts',(-6.73555739531044E-15,-55.,134.));
#5469=CARTESIAN_POINT('Ctrl Pts',(-55.,-55.,134.));
#5470=CARTESIAN_POINT('Ctrl Pts',(-55.,-2.14622680169081E-15,134.));
#5471=CARTESIAN_POINT('',(-3.33066907387547E-15,-55.,140.));
#5472=CARTESIAN_POINT('Ctrl Pts',(-3.33066907387547E-15,-55.,134.));
#5473=CARTESIAN_POINT('Ctrl Pts',(-3.33066907387547E-15,-55.,146.));
#5474=CARTESIAN_POINT('Ctrl Pts',(55.,-55.,134.));
#5475=CARTESIAN_POINT('Ctrl Pts',(55.,-55.,146.));
#5476=CARTESIAN_POINT('Ctrl Pts',(55.,-1.22124532708767E-14,134.));
#5477=CARTESIAN_POINT('Ctrl Pts',(55.,-1.22124532708767E-14,146.));
#5478=CARTESIAN_POINT('',(55.,-1.33226762955019E-14,134.));
#5479=CARTESIAN_POINT('Ctrl Pts',(55.,-1.22124532708767E-14,134.));
#5480=CARTESIAN_POINT('Ctrl Pts',(55.,-55.,134.));
#5481=CARTESIAN_POINT('Ctrl Pts',(-3.33066907387547E-15,-55.,134.));
#5482=CARTESIAN_POINT('',(55.,-1.22124532708767E-14,140.));
#5483=CARTESIAN_POINT('Ctrl Pts',(55.,8.88178419700125E-15,134.));
#5484=CARTESIAN_POINT('Ctrl Pts',(55.,8.88178419700125E-15,146.));
#5485=CARTESIAN_POINT('Ctrl Pts',(55.,51.89188576108,134.));
#5486=CARTESIAN_POINT('Ctrl Pts',(55.,51.89188576108,146.));
#5487=CARTESIAN_POINT('Ctrl Pts',(22.1,54.3573943972355,134.));
#5488=CARTESIAN_POINT('Ctrl Pts',(22.1,54.3573943972355,146.));
#5489=CARTESIAN_POINT('',(22.1,54.3573943972355,134.));
#5490=CARTESIAN_POINT('Ctrl Pts',(22.1,54.3573943972355,134.));
#5491=CARTESIAN_POINT('Ctrl Pts',(55.,51.89188576108,134.));
#5492=CARTESIAN_POINT('Ctrl Pts',(55.,8.88178419700125E-15,134.));
#5493=CARTESIAN_POINT('',(22.1,54.3573943972355,140.));
#5494=CARTESIAN_POINT('Ctrl Pts',(22.1,54.3573943972355,134.));
#5495=CARTESIAN_POINT('Ctrl Pts',(22.1,54.3573943972355,146.));
#5496=CARTESIAN_POINT('Ctrl Pts',(21.3164409142056,54.4161139015809,134.));
#5497=CARTESIAN_POINT('Ctrl Pts',(21.3164409142056,54.4161139015809,146.));
#5498=CARTESIAN_POINT('Ctrl Pts',(20.5000000000805,54.4692490156354,134.));
#5499=CARTESIAN_POINT('Ctrl Pts',(20.5000000000805,54.4692490156354,146.));
#5500=CARTESIAN_POINT('',(20.5,54.4692490156409,134.));
#5501=CARTESIAN_POINT('Ctrl Pts',(20.5000000000805,54.4692490156354,134.));
#5502=CARTESIAN_POINT('Ctrl Pts',(21.3164409142055,54.4161139015809,134.));
#5503=CARTESIAN_POINT('Ctrl Pts',(22.1,54.3573943972355,134.));
#5504=CARTESIAN_POINT('',(20.5,54.4692490156409,140.));
#5505=CARTESIAN_POINT('Origin',(-45.0533624358945,31.5467039993075,140.));
#5506=CARTESIAN_POINT('',(-46.6533624358945,31.5467039993075,134.));
#5507=CARTESIAN_POINT('Origin',(-45.0533624358945,31.5467039993075,134.));
#5508=CARTESIAN_POINT('',(-46.6533624358945,31.5467039993075,135.));
#5509=CARTESIAN_POINT('',(-46.6533624358945,31.5467039993075,140.));
#5510=CARTESIAN_POINT('',(-45.0533624358945,29.9467039993075,135.));
#5511=CARTESIAN_POINT('Origin',(-45.0533624358945,31.5467039993075,135.));
#5512=CARTESIAN_POINT('',(-43.4533624358945,31.5467039993075,135.));
#5513=CARTESIAN_POINT('Origin',(-45.0533624358945,31.5467039993075,135.));
#5514=CARTESIAN_POINT('',(-45.0533624358945,33.1467039993076,135.));
#5515=CARTESIAN_POINT('Origin',(-45.0533624358945,31.5467039993075,135.));
#5516=CARTESIAN_POINT('Origin',(-45.0533624358945,31.5467039993075,135.));
#5517=CARTESIAN_POINT('Origin',(45.0533624358945,-31.5467039993075,140.));
#5518=CARTESIAN_POINT('',(43.4533624358945,-31.5467039993075,134.));
#5519=CARTESIAN_POINT('Origin',(45.0533624358945,-31.5467039993075,134.));
#5520=CARTESIAN_POINT('',(43.4533624358945,-31.5467039993075,135.));
#5521=CARTESIAN_POINT('',(43.4533624358945,-31.5467039993075,140.));
#5522=CARTESIAN_POINT('',(45.0533624358945,-33.1467039993075,135.));
#5523=CARTESIAN_POINT('Origin',(45.0533624358945,-31.5467039993075,135.));
#5524=CARTESIAN_POINT('',(46.6533624358945,-31.5467039993075,135.));
#5525=CARTESIAN_POINT('Origin',(45.0533624358945,-31.5467039993075,135.));
#5526=CARTESIAN_POINT('',(45.0533624358945,-29.9467039993075,135.));
#5527=CARTESIAN_POINT('Origin',(45.0533624358945,-31.5467039993075,135.));
#5528=CARTESIAN_POINT('Origin',(45.0533624358945,-31.5467039993075,135.));
#5529=CARTESIAN_POINT('Origin',(45.0533624358946,31.5467039993075,140.));
#5530=CARTESIAN_POINT('',(43.4533624358946,31.5467039993075,134.));
#5531=CARTESIAN_POINT('Origin',(45.0533624358946,31.5467039993075,134.));
#5532=CARTESIAN_POINT('',(43.4533624358946,31.5467039993075,135.));
#5533=CARTESIAN_POINT('',(43.4533624358946,31.5467039993075,140.));
#5534=CARTESIAN_POINT('',(45.0533624358946,29.9467039993075,135.));
#5535=CARTESIAN_POINT('Origin',(45.0533624358946,31.5467039993075,135.));
#5536=CARTESIAN_POINT('',(46.6533624358946,31.5467039993075,135.));
#5537=CARTESIAN_POINT('Origin',(45.0533624358946,31.5467039993075,135.));
#5538=CARTESIAN_POINT('',(45.0533624358946,33.1467039993075,135.));
#5539=CARTESIAN_POINT('Origin',(45.0533624358946,31.5467039993075,135.));
#5540=CARTESIAN_POINT('Origin',(45.0533624358946,31.5467039993075,135.));
#5541=CARTESIAN_POINT('Origin',(38.,6.,140.));
#5542=CARTESIAN_POINT('',(38.,6.00000000000001,134.));
#5543=CARTESIAN_POINT('',(38.,6.,140.));
#5544=CARTESIAN_POINT('',(38.,6.,134.));
#5545=CARTESIAN_POINT('Origin',(-45.0533624358945,-31.5467039993075,140.));
#5546=CARTESIAN_POINT('',(-46.6533624358945,-31.5467039993075,134.));
#5547=CARTESIAN_POINT('Origin',(-45.0533624358945,-31.5467039993075,134.));
#5548=CARTESIAN_POINT('',(-46.6533624358945,-31.5467039993075,135.));
#5549=CARTESIAN_POINT('',(-46.6533624358945,-31.5467039993075,140.));
#5550=CARTESIAN_POINT('',(-45.0533624358945,-33.1467039993075,135.));
#5551=CARTESIAN_POINT('Origin',(-45.0533624358945,-31.5467039993075,135.));
#5552=CARTESIAN_POINT('',(-43.4533624358945,-31.5467039993075,135.));
#5553=CARTESIAN_POINT('Origin',(-45.0533624358945,-31.5467039993075,135.));
#5554=CARTESIAN_POINT('',(-45.0533624358945,-29.9467039993075,135.));
#5555=CARTESIAN_POINT('Origin',(-45.0533624358945,-31.5467039993075,135.));
#5556=CARTESIAN_POINT('Origin',(-45.0533624358945,-31.5467039993075,135.));
#5557=CARTESIAN_POINT('Origin',(8.88178419700125E-15,4.44089209850063E-15,
135.4));
#5558=CARTESIAN_POINT('',(-46.6533624358945,-34.3755730312707,135.4));
#5559=CARTESIAN_POINT('',(-46.6533624358945,-28.7178349673444,135.4));
#5560=CARTESIAN_POINT('',(-46.6533624358945,-14.3589174836722,135.4));
#5561=CARTESIAN_POINT('',(-48.3033624358945,-31.5467039993075,135.4));
#5562=CARTESIAN_POINT('Origin',(-45.0533624358945,-31.5467039993075,135.4));
#5563=CARTESIAN_POINT('Origin',(-45.0533624358945,-31.5467039993075,135.4));
#5564=CARTESIAN_POINT('Origin',(8.88178419700125E-15,4.44089209850063E-15,
135.4));
#5565=CARTESIAN_POINT('',(43.4533624358945,-34.3755730312707,135.4));
#5566=CARTESIAN_POINT('',(43.4533624358945,-28.7178349673444,135.4));
#5567=CARTESIAN_POINT('',(43.4533624358945,-14.3589174836722,135.4));
#5568=CARTESIAN_POINT('',(41.8033624358945,-31.5467039993075,135.4));
#5569=CARTESIAN_POINT('Origin',(45.0533624358945,-31.5467039993075,135.4));
#5570=CARTESIAN_POINT('Origin',(45.0533624358945,-31.5467039993075,135.4));
#5571=CARTESIAN_POINT('Origin',(8.88178419700125E-15,4.44089209850063E-15,
135.4));
#5572=CARTESIAN_POINT('',(43.4533624358946,34.3755730312706,135.4));
#5573=CARTESIAN_POINT('',(41.8033624358946,31.5467039993075,135.4));
#5574=CARTESIAN_POINT('Origin',(45.0533624358946,31.5467039993075,135.4));
#5575=CARTESIAN_POINT('',(43.4533624358945,28.7178349673444,135.4));
#5576=CARTESIAN_POINT('Origin',(45.0533624358946,31.5467039993075,135.4));
#5577=CARTESIAN_POINT('',(43.4533624358945,17.1877865156353,135.4));
#5578=CARTESIAN_POINT('Origin',(8.88178419700125E-15,4.44089209850063E-15,
135.4));
#5579=CARTESIAN_POINT('',(-46.6533624358945,34.3755730312707,135.4));
#5580=CARTESIAN_POINT('',(-48.3033624358945,31.5467039993075,135.4));
#5581=CARTESIAN_POINT('Origin',(-45.0533624358945,31.5467039993075,135.4));
#5582=CARTESIAN_POINT('',(-46.6533624358945,28.7178349673444,135.4));
#5583=CARTESIAN_POINT('Origin',(-45.0533624358945,31.5467039993075,135.4));
#5584=CARTESIAN_POINT('',(-46.6533624358946,17.1877865156354,135.4));
#5585=CARTESIAN_POINT('Origin',(8.88178419700125E-15,4.44089209850063E-15,
135.4));
#5586=CARTESIAN_POINT('',(-43.4533624358945,-34.3755730312707,135.4));
#5587=CARTESIAN_POINT('',(-43.4533624358945,-28.7178349673444,135.4));
#5588=CARTESIAN_POINT('Origin',(-45.0533624358945,-31.5467039993075,135.4));
#5589=CARTESIAN_POINT('',(-43.4533624358945,-17.1877865156353,135.4));
#5590=CARTESIAN_POINT('Origin',(8.88178419700125E-15,4.44089209850063E-15,
135.4));
#5591=CARTESIAN_POINT('',(46.6533624358945,-34.3755730312707,135.4));
#5592=CARTESIAN_POINT('',(46.6533624358945,-28.7178349673444,135.4));
#5593=CARTESIAN_POINT('Origin',(45.0533624358945,-31.5467039993075,135.4));
#5594=CARTESIAN_POINT('',(46.6533624358945,-17.1877865156353,135.4));
#5595=CARTESIAN_POINT('Origin',(8.88178419700125E-15,4.44089209850063E-15,
135.4));
#5596=CARTESIAN_POINT('',(46.6533624358946,34.3755730312706,135.4));
#5597=CARTESIAN_POINT('',(46.6533624358946,28.7178349673444,135.4));
#5598=CARTESIAN_POINT('',(46.6533624358945,14.3589174836722,135.4));
#5599=CARTESIAN_POINT('Origin',(45.0533624358946,31.5467039993075,135.4));
#5600=CARTESIAN_POINT('Origin',(8.88178419700125E-15,4.44089209850063E-15,
135.4));
#5601=CARTESIAN_POINT('',(-43.4533624358945,34.3755730312707,135.4));
#5602=CARTESIAN_POINT('',(-43.4533624358945,28.7178349673444,135.4));
#5603=CARTESIAN_POINT('',(-43.4533624358946,14.3589174836722,135.4));
#5604=CARTESIAN_POINT('Origin',(-45.0533624358945,31.5467039993075,135.4));
#5605=CARTESIAN_POINT('Origin',(8.88178419700125E-15,6.66133814775094E-15,
135.2));
#5606=CARTESIAN_POINT('',(46.6533624358945,-34.3755730312707,135.2));
#5607=CARTESIAN_POINT('',(46.6533624358945,-33.1467039993075,135.2));
#5608=CARTESIAN_POINT('',(46.6533624358945,-16.5733519996538,135.2));
#5609=CARTESIAN_POINT('',(43.4533624358945,-33.1467039993075,135.2));
#5610=CARTESIAN_POINT('',(21.7266812179473,-33.1467039993075,135.2));
#5611=CARTESIAN_POINT('',(43.4533624358945,-34.3755730312707,135.2));
#5612=CARTESIAN_POINT('',(43.4533624358945,-17.1877865156353,135.2));
#5613=CARTESIAN_POINT('Origin',(45.0533624358945,-31.5467039993075,135.2));
#5614=CARTESIAN_POINT('Origin',(43.4533624358945,-33.1467039993075,135.2));
#5615=CARTESIAN_POINT('',(43.4533624358945,-34.3755730312707,135.4));
#5616=CARTESIAN_POINT('',(43.4533624358945,-33.1467039993075,135.));
#5617=CARTESIAN_POINT('',(43.4533624358945,-33.1467039993075,135.));
#5618=CARTESIAN_POINT('',(43.4533624358945,-16.5733519996538,135.));
#5619=CARTESIAN_POINT('',(43.4533624358945,-29.9467039993075,135.));
#5620=CARTESIAN_POINT('',(43.4533624358945,-15.7733519996538,135.));
#5621=CARTESIAN_POINT('',(43.4533624358945,-29.9467039993075,135.2));
#5622=CARTESIAN_POINT('',(43.4533624358945,-29.9467039993075,135.3));
#5623=CARTESIAN_POINT('',(43.4533624358945,-28.7178349673444,135.2));
#5624=CARTESIAN_POINT('',(43.4533624358945,-14.9733519996538,135.2));
#5625=CARTESIAN_POINT('',(43.4533624358945,-28.7178349673444,135.2));
#5626=CARTESIAN_POINT('Origin',(46.6533624358945,-34.3755730312707,135.2));
#5627=CARTESIAN_POINT('',(46.6533624358945,-28.7178349673444,135.2));
#5628=CARTESIAN_POINT('',(46.6533624358945,-28.7178349673444,135.4));
#5629=CARTESIAN_POINT('',(46.6533624358945,-29.9467039993075,135.2));
#5630=CARTESIAN_POINT('',(46.6533624358945,-14.3589174836722,135.2));
#5631=CARTESIAN_POINT('',(46.6533624358945,-29.9467039993075,135.));
#5632=CARTESIAN_POINT('',(46.6533624358945,-29.9467039993075,135.));
#5633=CARTESIAN_POINT('',(46.6533624358945,-14.9733519996538,135.));
#5634=CARTESIAN_POINT('',(46.6533624358945,-33.1467039993075,135.));
#5635=CARTESIAN_POINT('',(46.6533624358945,-15.7733519996538,135.));
#5636=CARTESIAN_POINT('',(46.6533624358945,-33.1467039993075,135.3));
#5637=CARTESIAN_POINT('',(46.6533624358945,-34.3755730312707,135.2));
#5638=CARTESIAN_POINT('Origin',(8.88178419700125E-15,6.66133814775094E-15,
135.2));
#5639=CARTESIAN_POINT('',(-43.4533624358945,33.1467039993076,135.2));
#5640=CARTESIAN_POINT('',(-43.4533624358945,34.3755730312707,135.2));
#5641=CARTESIAN_POINT('',(-43.4533624358945,17.1877865156354,135.2));
#5642=CARTESIAN_POINT('',(-46.6533624358945,34.3755730312707,135.2));
#5643=CARTESIAN_POINT('Origin',(-45.0533624358945,31.5467039993075,135.2));
#5644=CARTESIAN_POINT('',(-46.6533624358945,33.1467039993076,135.2));
#5645=CARTESIAN_POINT('',(-46.6533624358946,16.5733519996538,135.2));
#5646=CARTESIAN_POINT('',(-21.7266812179473,33.1467039993076,135.2));
#5647=CARTESIAN_POINT('Origin',(8.88178419700125E-15,6.66133814775094E-15,
135.2));
#5648=CARTESIAN_POINT('',(46.6533624358946,33.1467039993075,135.2));
#5649=CARTESIAN_POINT('',(46.6533624358946,34.3755730312706,135.2));
#5650=CARTESIAN_POINT('',(46.6533624358945,17.1877865156353,135.2));
#5651=CARTESIAN_POINT('',(43.4533624358946,34.3755730312706,135.2));
#5652=CARTESIAN_POINT('Origin',(45.0533624358946,31.5467039993075,135.2));
#5653=CARTESIAN_POINT('',(43.4533624358946,33.1467039993075,135.2));
#5654=CARTESIAN_POINT('',(43.4533624358945,16.5733519996537,135.2));
#5655=CARTESIAN_POINT('',(23.3266812179473,33.1467039993075,135.2));
#5656=CARTESIAN_POINT('Origin',(46.6533624358946,33.1467039993075,135.2));
#5657=CARTESIAN_POINT('',(46.6533624358946,34.3755730312706,135.4));
#5658=CARTESIAN_POINT('',(46.6533624358946,33.1467039993075,135.));
#5659=CARTESIAN_POINT('',(46.6533624358946,33.1467039993075,135.));
#5660=CARTESIAN_POINT('',(46.6533624358945,16.5733519996537,135.));
#5661=CARTESIAN_POINT('',(46.6533624358946,29.9467039993075,135.));
#5662=CARTESIAN_POINT('',(46.6533624358945,15.7733519996537,135.));
#5663=CARTESIAN_POINT('',(46.6533624358946,29.9467039993075,135.2));
#5664=CARTESIAN_POINT('',(46.6533624358946,29.9467039993075,135.3));
#5665=CARTESIAN_POINT('',(46.6533624358946,28.7178349673444,135.2));
#5666=CARTESIAN_POINT('',(46.6533624358945,14.9733519996537,135.2));
#5667=CARTESIAN_POINT('',(46.6533624358946,28.7178349673444,135.2));
#5668=CARTESIAN_POINT('Origin',(43.4533624358946,34.3755730312706,135.2));
#5669=CARTESIAN_POINT('',(43.4533624358945,28.7178349673444,135.2));
#5670=CARTESIAN_POINT('',(43.4533624358945,28.7178349673444,135.4));
#5671=CARTESIAN_POINT('',(43.4533624358945,29.9467039993075,135.2));
#5672=CARTESIAN_POINT('',(43.4533624358945,14.3589174836722,135.2));
#5673=CARTESIAN_POINT('',(43.4533624358945,29.9467039993075,135.));
#5674=CARTESIAN_POINT('',(43.4533624358945,29.9467039993075,135.));
#5675=CARTESIAN_POINT('',(43.4533624358945,14.9733519996537,135.));
#5676=CARTESIAN_POINT('',(43.4533624358946,33.1467039993075,135.));
#5677=CARTESIAN_POINT('',(43.4533624358945,15.7733519996537,135.));
#5678=CARTESIAN_POINT('',(43.4533624358946,33.1467039993075,135.3));
#5679=CARTESIAN_POINT('',(43.4533624358946,34.3755730312706,135.2));
#5680=CARTESIAN_POINT('Origin',(8.88178419700125E-15,6.66133814775094E-15,
135.2));
#5681=CARTESIAN_POINT('',(-46.6533624358945,-33.1467039993075,135.2));
#5682=CARTESIAN_POINT('',(-46.6533624358945,-34.3755730312707,135.2));
#5683=CARTESIAN_POINT('',(-46.6533624358945,-17.1877865156353,135.2));
#5684=CARTESIAN_POINT('',(-43.4533624358945,-34.3755730312707,135.2));
#5685=CARTESIAN_POINT('Origin',(-45.0533624358945,-31.5467039993075,135.2));
#5686=CARTESIAN_POINT('',(-43.4533624358945,-33.1467039993075,135.2));
#5687=CARTESIAN_POINT('',(-43.4533624358945,-16.5733519996538,135.2));
#5688=CARTESIAN_POINT('',(-23.3266812179473,-33.1467039993075,135.2));
#5689=CARTESIAN_POINT('Origin',(8.88178419700125E-15,6.66133814775094E-15,
135.2));
#5690=CARTESIAN_POINT('',(23.3266812179473,-29.9467039993075,135.2));
#5691=CARTESIAN_POINT('Origin',(45.0533624358945,-31.5467039993075,135.2));
#5692=CARTESIAN_POINT('Origin',(8.88178419700125E-15,6.66133814775094E-15,
135.2));
#5693=CARTESIAN_POINT('',(-43.4533624358945,28.7178349673444,135.2));
#5694=CARTESIAN_POINT('',(-43.4533624358945,29.9467039993075,135.2));
#5695=CARTESIAN_POINT('',(-43.4533624358946,14.9733519996538,135.2));
#5696=CARTESIAN_POINT('',(-46.6533624358945,29.9467039993075,135.2));
#5697=CARTESIAN_POINT('',(-23.3266812179473,29.9467039993075,135.2));
#5698=CARTESIAN_POINT('',(-46.6533624358945,28.7178349673444,135.2));
#5699=CARTESIAN_POINT('',(-46.6533624358946,14.3589174836723,135.2));
#5700=CARTESIAN_POINT('Origin',(-45.0533624358945,31.5467039993075,135.2));
#5701=CARTESIAN_POINT('Origin',(-46.6533624358945,29.9467039993075,135.2));
#5702=CARTESIAN_POINT('',(-46.6533624358945,28.7178349673444,135.4));
#5703=CARTESIAN_POINT('',(-46.6533624358945,29.9467039993075,135.));
#5704=CARTESIAN_POINT('',(-46.6533624358945,29.9467039993075,135.));
#5705=CARTESIAN_POINT('',(-46.6533624358946,14.9733519996538,135.));
#5706=CARTESIAN_POINT('',(-46.6533624358945,33.1467039993076,135.));
#5707=CARTESIAN_POINT('',(-46.6533624358946,15.7733519996538,135.));
#5708=CARTESIAN_POINT('',(-46.6533624358945,33.1467039993076,135.3));
#5709=CARTESIAN_POINT('',(-46.6533624358945,34.3755730312707,135.2));
#5710=CARTESIAN_POINT('Origin',(-43.4533624358945,28.7178349673444,135.2));
#5711=CARTESIAN_POINT('',(-43.4533624358945,34.3755730312707,135.4));
#5712=CARTESIAN_POINT('',(-43.4533624358945,33.1467039993076,135.));
#5713=CARTESIAN_POINT('',(-43.4533624358945,33.1467039993076,135.3));
#5714=CARTESIAN_POINT('',(-43.4533624358945,16.5733519996538,135.));
#5715=CARTESIAN_POINT('',(-43.4533624358945,29.9467039993075,135.));
#5716=CARTESIAN_POINT('',(-43.4533624358945,15.7733519996538,135.));
#5717=CARTESIAN_POINT('',(-43.4533624358945,29.9467039993075,135.3));
#5718=CARTESIAN_POINT('',(-43.4533624358945,28.7178349673444,135.2));
#5719=CARTESIAN_POINT('Origin',(8.88178419700125E-15,6.66133814775094E-15,
135.2));
#5720=CARTESIAN_POINT('',(21.7266812179473,29.9467039993075,135.2));
#5721=CARTESIAN_POINT('Origin',(45.0533624358946,31.5467039993075,135.2));
#5722=CARTESIAN_POINT('Origin',(8.88178419700125E-15,6.66133814775094E-15,
135.2));
#5723=CARTESIAN_POINT('',(-46.6533624358945,-29.9467039993075,135.2));
#5724=CARTESIAN_POINT('',(-43.4533624358945,-29.9467039993075,135.2));
#5725=CARTESIAN_POINT('',(-21.7266812179473,-29.9467039993075,135.2));
#5726=CARTESIAN_POINT('',(-43.4533624358945,-28.7178349673444,135.2));
#5727=CARTESIAN_POINT('',(-43.4533624358945,-14.3589174836722,135.2));
#5728=CARTESIAN_POINT('',(-46.6533624358945,-28.7178349673444,135.2));
#5729=CARTESIAN_POINT('Origin',(-45.0533624358945,-31.5467039993075,135.2));
#5730=CARTESIAN_POINT('',(-46.6533624358945,-14.9733519996538,135.2));
#5731=CARTESIAN_POINT('Origin',(-43.4533624358945,-29.9467039993075,135.2));
#5732=CARTESIAN_POINT('',(-43.4533624358945,-28.7178349673444,135.4));
#5733=CARTESIAN_POINT('',(-43.4533624358945,-29.9467039993075,135.));
#5734=CARTESIAN_POINT('',(-43.4533624358945,-29.9467039993075,135.));
#5735=CARTESIAN_POINT('',(-43.4533624358945,-14.9733519996538,135.));
#5736=CARTESIAN_POINT('',(-43.4533624358945,-33.1467039993075,135.));
#5737=CARTESIAN_POINT('',(-43.4533624358945,-15.7733519996538,135.));
#5738=CARTESIAN_POINT('',(-43.4533624358945,-33.1467039993075,135.3));
#5739=CARTESIAN_POINT('',(-43.4533624358945,-34.3755730312707,135.2));
#5740=CARTESIAN_POINT('Origin',(-46.6533624358945,-28.7178349673444,135.2));
#5741=CARTESIAN_POINT('',(-46.6533624358945,-34.3755730312707,135.4));
#5742=CARTESIAN_POINT('',(-46.6533624358945,-33.1467039993075,135.));
#5743=CARTESIAN_POINT('',(-46.6533624358945,-33.1467039993075,135.));
#5744=CARTESIAN_POINT('',(-46.6533624358945,-16.5733519996538,135.));
#5745=CARTESIAN_POINT('',(-46.6533624358945,-29.9467039993075,135.));
#5746=CARTESIAN_POINT('',(-46.6533624358945,-15.7733519996538,135.));
#5747=CARTESIAN_POINT('',(-46.6533624358945,-29.9467039993075,135.3));
#5748=CARTESIAN_POINT('',(-46.6533624358945,-28.7178349673444,135.2));
#5749=CARTESIAN_POINT('Origin',(8.88178419700125E-15,6.66133814775094E-15,
135.));
#5750=CARTESIAN_POINT('',(-22.5266812179473,33.1467039993076,135.));
#5751=CARTESIAN_POINT('Origin',(8.88178419700125E-15,6.66133814775094E-15,
135.));
#5752=CARTESIAN_POINT('',(-23.3266812179473,33.1467039993076,135.));
#5753=CARTESIAN_POINT('Origin',(8.88178419700125E-15,6.66133814775094E-15,
135.));
#5754=CARTESIAN_POINT('',(-21.7266812179473,29.9467039993075,135.));
#5755=CARTESIAN_POINT('Origin',(-45.0533624358945,29.9467039993075,135.));
#5756=CARTESIAN_POINT('',(-22.5266812179473,29.9467039993075,135.));
#5757=CARTESIAN_POINT('Origin',(8.88178419700125E-15,6.66133814775094E-15,
135.));
#5758=CARTESIAN_POINT('Origin',(-45.0533624358945,33.1467039993076,135.));
#5759=CARTESIAN_POINT('Origin',(8.88178419700125E-15,6.66133814775094E-15,
135.));
#5760=CARTESIAN_POINT('',(-21.7266812179473,-33.1467039993075,135.));
#5761=CARTESIAN_POINT('Origin',(-45.0533624358945,-33.1467039993075,135.));
#5762=CARTESIAN_POINT('',(-22.5266812179473,-33.1467039993075,135.));
#5763=CARTESIAN_POINT('Origin',(8.88178419700125E-15,6.66133814775094E-15,
135.));
#5764=CARTESIAN_POINT('Origin',(8.88178419700125E-15,6.66133814775094E-15,
135.));
#5765=CARTESIAN_POINT('',(-22.5266812179473,-29.9467039993075,135.));
#5766=CARTESIAN_POINT('Origin',(8.88178419700125E-15,6.66133814775094E-15,
135.));
#5767=CARTESIAN_POINT('',(-23.3266812179473,-29.9467039993075,135.));
#5768=CARTESIAN_POINT('Origin',(-45.0533624358945,-29.9467039993075,135.));
#5769=CARTESIAN_POINT('Origin',(8.88178419700125E-15,6.66133814775094E-15,
135.));
#5770=CARTESIAN_POINT('',(21.7266812179473,-29.9467039993075,135.));
#5771=CARTESIAN_POINT('Origin',(45.0533624358945,-29.9467039993075,135.));
#5772=CARTESIAN_POINT('',(22.5266812179473,-29.9467039993075,135.));
#5773=CARTESIAN_POINT('Origin',(8.88178419700125E-15,6.66133814775094E-15,
135.));
#5774=CARTESIAN_POINT('Origin',(8.88178419700125E-15,6.66133814775094E-15,
135.));
#5775=CARTESIAN_POINT('',(23.3266812179473,-33.1467039993075,135.));
#5776=CARTESIAN_POINT('Origin',(8.88178419700125E-15,6.66133814775094E-15,
135.));
#5777=CARTESIAN_POINT('',(22.5266812179473,-33.1467039993075,135.));
#5778=CARTESIAN_POINT('Origin',(45.0533624358945,-33.1467039993075,135.));
#5779=CARTESIAN_POINT('Origin',(8.88178419700125E-15,6.66133814775094E-15,
135.));
#5780=CARTESIAN_POINT('',(23.3266812179473,29.9467039993075,135.));
#5781=CARTESIAN_POINT('Origin',(45.0533624358946,29.9467039993075,135.));
#5782=CARTESIAN_POINT('',(22.5266812179473,29.9467039993075,135.));
#5783=CARTESIAN_POINT('Origin',(8.88178419700125E-15,6.66133814775094E-15,
135.));
#5784=CARTESIAN_POINT('',(21.7266812179473,33.1467039993075,135.));
#5785=CARTESIAN_POINT('Origin',(8.88178419700125E-15,6.66133814775094E-15,
135.));
#5786=CARTESIAN_POINT('',(22.5266812179473,33.1467039993075,135.));
#5787=CARTESIAN_POINT('Origin',(8.88178419700125E-15,6.66133814775094E-15,
135.));
#5788=CARTESIAN_POINT('Origin',(45.0533624358946,33.1467039993075,135.));
#5789=CARTESIAN_POINT('Origin',(0.,0.,134.));
#5790=CARTESIAN_POINT('',(-44.8175499288963,23.8958431190634,134.79));
#5791=CARTESIAN_POINT('',(-44.5489036242967,22.7023167512288,134.));
#5792=CARTESIAN_POINT('Ctrl Pts',(-44.8175499288962,23.8958431190634,134.79));
#5793=CARTESIAN_POINT('Ctrl Pts',(-44.8078557697224,23.5935123168052,134.639204215719));
#5794=CARTESIAN_POINT('Ctrl Pts',(-44.7553724326478,23.3063861840164,134.459835262905));
#5795=CARTESIAN_POINT('Ctrl Pts',(-44.6417786182698,22.933468875928,134.187890768262));
#5796=CARTESIAN_POINT('Ctrl Pts',(-44.5985259602785,22.8162574164476,134.095946754718));
#5797=CARTESIAN_POINT('Ctrl Pts',(-44.5489036242966,22.7023167512289,134.));
#5798=CARTESIAN_POINT('',(-37.5,-33.0718913883074,134.));
#5799=CARTESIAN_POINT('Origin',(0.,0.,134.));
#5800=CARTESIAN_POINT('',(-38.29,-33.3691474269272,134.79));
#5801=CARTESIAN_POINT('Origin',(-132.432790918697,469.274603781625,228.932791036869));
#5802=CARTESIAN_POINT('Origin',(0.,0.,134.79));
#5803=CARTESIAN_POINT('Origin',(-20.5,47.353035805532,134.));
#5804=CARTESIAN_POINT('',(-21.29,46.1344990218817,134.79));
#5805=CARTESIAN_POINT('',(-21.29,46.1124711981477,134.79));
#5806=CARTESIAN_POINT('',(-21.29,26.6536609537672,134.79));
#5807=CARTESIAN_POINT('',(-20.5,47.353035805532,134.));
#5808=CARTESIAN_POINT('Ctrl Pts',(-20.5000000000006,47.3530358055312,134.000000000001));
#5809=CARTESIAN_POINT('Ctrl Pts',(-20.9001485155797,46.7437674137064,134.40014851558));
#5810=CARTESIAN_POINT('Ctrl Pts',(-21.2900000000001,46.1344990218816,134.79));
#5811=CARTESIAN_POINT('',(-20.5,45.6042761152943,134.));
#5812=CARTESIAN_POINT('',(-20.5,23.676517902766,134.));
#5813=CARTESIAN_POINT('Origin',(-106.932264128208,-221.635118444979,220.432264202769));
#5814=CARTESIAN_POINT('Origin',(-37.5,-33.0718913883074,134.));
#5815=CARTESIAN_POINT('',(-38.29,-33.3995808356931,134.79));
#5816=CARTESIAN_POINT('',(-38.29,-13.5588026431525,134.79));
#5817=CARTESIAN_POINT('',(-37.5,-35.4444636015274,134.));
#5818=CARTESIAN_POINT('',(-37.5,-16.5359456941537,134.));
#5819=CARTESIAN_POINT('Ctrl Pts',(-37.4999999999996,-35.4444636015283,134.));
#5820=CARTESIAN_POINT('Ctrl Pts',(-37.9067327315562,-34.4220222186058,134.406732731556));
#5821=CARTESIAN_POINT('Ctrl Pts',(-38.2900000000037,-33.3995808356832,134.790000000004));
#5822=CARTESIAN_POINT('Origin',(0.,0.,134.));
#5823=CARTESIAN_POINT('',(-41.9352348434735,27.2293238737712,134.));
#5824=CARTESIAN_POINT('',(-43.1031821504046,26.8652152142699,134.79));
#5825=CARTESIAN_POINT('Ctrl Pts',(-41.9352348434735,27.2293238737712,134.));
#5826=CARTESIAN_POINT('Ctrl Pts',(-42.058721522068,27.2153277447172,134.095946754718));
#5827=CARTESIAN_POINT('Ctrl Pts',(-42.1818559525883,27.1941799155786,134.187890768262));
#5828=CARTESIAN_POINT('Ctrl Pts',(-42.5616087220928,27.1060963904986,134.459835262905));
#5829=CARTESIAN_POINT('Ctrl Pts',(-42.8365089157155,27.0079852272862,134.639204215719));
#5830=CARTESIAN_POINT('Ctrl Pts',(-43.1031821504046,26.8652152142699,134.79));
#5831=CARTESIAN_POINT('Origin',(0.,0.,134.79));
#5832=CARTESIAN_POINT('Origin',(0.,0.,134.));
#5833=CARTESIAN_POINT('Origin',(0.,5.95428610200232,134.79));
#5834=CARTESIAN_POINT('',(-44.8185963167833,23.936364055412,134.79));
#5835=CARTESIAN_POINT('Origin',(-41.569219381653,24.,134.79));
#5836=CARTESIAN_POINT('Origin',(0.,0.,134.79));
#5837=CARTESIAN_POINT('Origin',(0.,5.95428610200232,134.79));
#5838=CARTESIAN_POINT('',(-43.1387975046111,26.845860944588,134.79));
#5839=CARTESIAN_POINT('Origin',(-41.569219381653,24.,134.79));
#5840=CARTESIAN_POINT('Origin',(0.,0.,134.79));
#5841=CARTESIAN_POINT('Origin',(0.,0.,134.));
#5842=CARTESIAN_POINT('',(-44.819219381653,24.,134.759441132293));
#5843=CARTESIAN_POINT('Ctrl Pts',(-43.1387975046111,26.845860944588,134.79));
#5844=CARTESIAN_POINT('Ctrl Pts',(-43.2456400727468,26.7869340466082,134.730422818291));
#5845=CARTESIAN_POINT('Ctrl Pts',(-43.3510030230185,26.7209430118156,134.675498093957));
#5846=CARTESIAN_POINT('Ctrl Pts',(-43.6376118020426,26.5170185714223,134.537781629197));
#5847=CARTESIAN_POINT('Ctrl Pts',(-43.8124740902538,26.363218129446,134.467819635168));
#5848=CARTESIAN_POINT('Ctrl Pts',(-44.1271855915385,26.018365795562,134.373916998154));
#5849=CARTESIAN_POINT('Ctrl Pts',(-44.2670117964315,25.8272864693297,134.35));
#5850=CARTESIAN_POINT('Ctrl Pts',(-44.5005920914734,25.4227135306703,134.35));
#5851=CARTESIAN_POINT('Ctrl Pts',(-44.596158539682,25.2060808220021,134.373916998154));
#5852=CARTESIAN_POINT('Ctrl Pts',(-44.7374536707376,24.7611065000844,134.467819635168));
#5853=CARTESIAN_POINT('Ctrl Pts',(-44.7832176164967,24.5327710953415,134.537781629197));
#5854=CARTESIAN_POINT('Ctrl Pts',(-44.8144556231964,24.2042753382087,134.666972950716));
#5855=CARTESIAN_POINT('Ctrl Pts',(-44.819219381653,24.1014513752573,134.711549585458));
#5856=CARTESIAN_POINT('Ctrl Pts',(-44.819219381653,24.,134.759441132293));
#5857=CARTESIAN_POINT('Ctrl Pts',(-44.819219381653,24.,134.759441132293));
#5858=CARTESIAN_POINT('Ctrl Pts',(-44.819219381653,23.978725626466,134.769483999174));
#5859=CARTESIAN_POINT('Ctrl Pts',(-44.819010464435,23.9575112519565,134.779672337893));
#5860=CARTESIAN_POINT('Ctrl Pts',(-44.8185963167832,23.9363640554115,134.79));
#5861=CARTESIAN_POINT('Origin',(0.,0.,134.));
#5862=CARTESIAN_POINT('Origin',(0.,5.95428610200232,134.79));
#5863=CARTESIAN_POINT('',(23.8958431190634,44.8175499288963,134.79));
#5864=CARTESIAN_POINT('',(23.936364055412,44.8185963167833,134.79));
#5865=CARTESIAN_POINT('Origin',(24.,41.569219381653,134.79));
#5866=CARTESIAN_POINT('',(21.29,46.1124711981477,134.79));
#5867=CARTESIAN_POINT('Origin',(0.,0.,134.79));
#5868=CARTESIAN_POINT('',(21.29,46.1344990218817,134.79));
#5869=CARTESIAN_POINT('',(21.29,25.7792811086483,134.79));
#5870=CARTESIAN_POINT('Origin',(0.,0.,134.79));
#5871=CARTESIAN_POINT('Origin',(0.,0.,134.));
#5872=CARTESIAN_POINT('',(22.7023167512289,44.5489036242967,134.));
#5873=CARTESIAN_POINT('Ctrl Pts',(23.8958431190634,44.8175499288962,134.79));
#5874=CARTESIAN_POINT('Ctrl Pts',(23.5935123168052,44.8078557697224,134.639204215719));
#5875=CARTESIAN_POINT('Ctrl Pts',(23.3063861840164,44.7553724326478,134.459835262905));
#5876=CARTESIAN_POINT('Ctrl Pts',(22.933468875928,44.6417786182698,134.187890768262));
#5877=CARTESIAN_POINT('Ctrl Pts',(22.8162574164477,44.5985259602785,134.095946754718));
#5878=CARTESIAN_POINT('Ctrl Pts',(22.7023167512289,44.5489036242967,134.));
#5879=CARTESIAN_POINT('',(20.5,45.6042761152943,134.));
#5880=CARTESIAN_POINT('Origin',(0.,0.,134.));
#5881=CARTESIAN_POINT('Origin',(106.932264198068,-221.635118466056,220.432264146376));
#5882=CARTESIAN_POINT('Origin',(37.5,-35.4444636015274,134.));
#5883=CARTESIAN_POINT('',(38.29,-33.3995808356931,134.79));
#5884=CARTESIAN_POINT('',(38.29,-33.3691474269272,134.79));
#5885=CARTESIAN_POINT('',(38.29,-14.7450887497625,134.79));
#5886=CARTESIAN_POINT('',(37.5,-35.4444636015274,134.));
#5887=CARTESIAN_POINT('Ctrl Pts',(37.4999999999996,-35.4444636015283,134.));
#5888=CARTESIAN_POINT('Ctrl Pts',(37.9067327315561,-34.422022218606,134.406732731556));
#5889=CARTESIAN_POINT('Ctrl Pts',(38.2900000000037,-33.3995808356832,134.790000000004));
#5890=CARTESIAN_POINT('',(37.5,-33.0718913883074,134.));
#5891=CARTESIAN_POINT('',(37.5,-17.7222318007637,134.));
#5892=CARTESIAN_POINT('Origin',(132.432791062076,469.274603779502,228.932790892797));
#5893=CARTESIAN_POINT('Origin',(20.5,45.6042761152943,134.));
#5894=CARTESIAN_POINT('',(20.5,47.353035805532,134.));
#5895=CARTESIAN_POINT('',(20.5,22.8021380576471,134.));
#5896=CARTESIAN_POINT('Ctrl Pts',(20.5000000000006,47.3530358055312,134.000000000001));
#5897=CARTESIAN_POINT('Ctrl Pts',(20.9001485155797,46.7437674137064,134.40014851558));
#5898=CARTESIAN_POINT('Ctrl Pts',(21.29,46.1344990218816,134.79));
#5899=CARTESIAN_POINT('Origin',(0.,0.,134.));
#5900=CARTESIAN_POINT('',(27.2293238737712,41.9352348434735,134.));
#5901=CARTESIAN_POINT('',(26.8652152142699,43.1031821504046,134.79));
#5902=CARTESIAN_POINT('Ctrl Pts',(27.2293238737712,41.9352348434735,134.));
#5903=CARTESIAN_POINT('Ctrl Pts',(27.2153277447172,42.058721522068,134.095946754718));
#5904=CARTESIAN_POINT('Ctrl Pts',(27.1941799155786,42.1818559525883,134.187890768262));
#5905=CARTESIAN_POINT('Ctrl Pts',(27.1060963904986,42.5616087220928,134.459835262905));
#5906=CARTESIAN_POINT('Ctrl Pts',(27.0079852272862,42.8365089157155,134.639204215719));
#5907=CARTESIAN_POINT('Ctrl Pts',(26.8652152142699,43.1031821504046,134.79));
#5908=CARTESIAN_POINT('',(44.8175499288963,-23.8958431190634,134.79));
#5909=CARTESIAN_POINT('Origin',(0.,0.,134.79));
#5910=CARTESIAN_POINT('',(44.5489036242967,-22.7023167512288,134.));
#5911=CARTESIAN_POINT('Ctrl Pts',(44.8175499288962,-23.8958431190634,134.79));
#5912=CARTESIAN_POINT('Ctrl Pts',(44.8078557697224,-23.5935123168052,134.639204215719));
#5913=CARTESIAN_POINT('Ctrl Pts',(44.7553724326478,-23.3063861840164,134.459835262905));
#5914=CARTESIAN_POINT('Ctrl Pts',(44.6417786182698,-22.933468875928,134.187890768262));
#5915=CARTESIAN_POINT('Ctrl Pts',(44.5985259602785,-22.8162574164476,134.095946754718));
#5916=CARTESIAN_POINT('Ctrl Pts',(44.5489036242966,-22.7023167512289,134.));
#5917=CARTESIAN_POINT('Origin',(0.,0.,134.));
#5918=CARTESIAN_POINT('Origin',(0.,0.,134.));
#5919=CARTESIAN_POINT('',(41.9352348434735,-27.2293238737712,134.));
#5920=CARTESIAN_POINT('',(43.1031821504046,-26.8652152142699,134.79));
#5921=CARTESIAN_POINT('Ctrl Pts',(41.9352348434735,-27.2293238737712,134.));
#5922=CARTESIAN_POINT('Ctrl Pts',(42.058721522068,-27.2153277447172,134.095946754718));
#5923=CARTESIAN_POINT('Ctrl Pts',(42.1818559525883,-27.1941799155786,134.187890768262));
#5924=CARTESIAN_POINT('Ctrl Pts',(42.5616087220928,-27.1060963904986,134.459835262905));
#5925=CARTESIAN_POINT('Ctrl Pts',(42.8365089157155,-27.0079852272862,134.639204215719));
#5926=CARTESIAN_POINT('Ctrl Pts',(43.1031821504046,-26.8652152142699,134.79));
#5927=CARTESIAN_POINT('Origin',(0.,0.,134.79));
#5928=CARTESIAN_POINT('Origin',(0.,0.,134.));
#5929=CARTESIAN_POINT('Origin',(0.,5.95428610200232,134.79));
#5930=CARTESIAN_POINT('',(26.845860944588,43.1387975046111,134.79));
#5931=CARTESIAN_POINT('Origin',(24.,41.569219381653,134.79));
#5932=CARTESIAN_POINT('',(44.8185963167833,-23.936364055412,134.79));
#5933=CARTESIAN_POINT('Origin',(0.,0.,134.79));
#5934=CARTESIAN_POINT('Origin',(41.569219381653,-24.,134.79));
#5935=CARTESIAN_POINT('Origin',(0.,5.95428610200232,134.79));
#5936=CARTESIAN_POINT('',(43.1387975046111,-26.845860944588,134.79));
#5937=CARTESIAN_POINT('Origin',(41.569219381653,-24.,134.79));
#5938=CARTESIAN_POINT('Origin',(0.,0.,134.79));
#5939=CARTESIAN_POINT('Origin',(0.,0.,134.));
#5940=CARTESIAN_POINT('Ctrl Pts',(26.845860944588,43.1387975046111,134.79));
#5941=CARTESIAN_POINT('Ctrl Pts',(26.7869340466082,43.2456400727468,134.730422818291));
#5942=CARTESIAN_POINT('Ctrl Pts',(26.7209430118156,43.3510030230185,134.675498093957));
#5943=CARTESIAN_POINT('Ctrl Pts',(26.5170185714223,43.6376118020426,134.537781629197));
#5944=CARTESIAN_POINT('Ctrl Pts',(26.363218129446,43.8124740902539,134.467819635168));
#5945=CARTESIAN_POINT('Ctrl Pts',(26.018365795562,44.1271855915386,134.373916998154));
#5946=CARTESIAN_POINT('Ctrl Pts',(25.8272864693297,44.2670117964315,134.35));
#5947=CARTESIAN_POINT('Ctrl Pts',(25.4227135306703,44.5005920914734,134.35));
#5948=CARTESIAN_POINT('Ctrl Pts',(25.2060808220021,44.596158539682,134.373916998154));
#5949=CARTESIAN_POINT('Ctrl Pts',(24.7611065000844,44.7374536707376,134.467819635168));
#5950=CARTESIAN_POINT('Ctrl Pts',(24.5327710953415,44.7832176164967,134.537781629197));
#5951=CARTESIAN_POINT('Ctrl Pts',(24.1825983915623,44.8165169728178,134.675498093957));
#5952=CARTESIAN_POINT('Ctrl Pts',(24.058355882613,44.8209854102344,134.730422818291));
#5953=CARTESIAN_POINT('Ctrl Pts',(23.936364055412,44.8185963167832,134.79));
#5954=CARTESIAN_POINT('Origin',(0.,0.,134.));
#5955=CARTESIAN_POINT('Ctrl Pts',(43.1387975046111,-26.845860944588,134.79));
#5956=CARTESIAN_POINT('Ctrl Pts',(43.2456400727468,-26.7869340466082,134.730422818291));
#5957=CARTESIAN_POINT('Ctrl Pts',(43.3510030230185,-26.7209430118156,134.675498093957));
#5958=CARTESIAN_POINT('Ctrl Pts',(43.6376118020426,-26.5170185714223,134.537781629197));
#5959=CARTESIAN_POINT('Ctrl Pts',(43.8124740902539,-26.363218129446,134.467819635168));
#5960=CARTESIAN_POINT('Ctrl Pts',(44.1271855915386,-26.018365795562,134.373916998154));
#5961=CARTESIAN_POINT('Ctrl Pts',(44.2670117964315,-25.8272864693297,134.35));
#5962=CARTESIAN_POINT('Ctrl Pts',(44.5005920914734,-25.4227135306703,134.35));
#5963=CARTESIAN_POINT('Ctrl Pts',(44.596158539682,-25.2060808220021,134.373916998154));
#5964=CARTESIAN_POINT('Ctrl Pts',(44.7374536707376,-24.7611065000844,134.467819635168));
#5965=CARTESIAN_POINT('Ctrl Pts',(44.7832176164967,-24.5327710953415,134.537781629197));
#5966=CARTESIAN_POINT('Ctrl Pts',(44.8165169728178,-24.1825983915623,134.675498093957));
#5967=CARTESIAN_POINT('Ctrl Pts',(44.8209854102344,-24.058355882613,134.730422818291));
#5968=CARTESIAN_POINT('Ctrl Pts',(44.8185963167832,-23.936364055412,134.79));
#5969=CARTESIAN_POINT('Origin',(-22.1,49.7441639669387,134.));
#5970=CARTESIAN_POINT('',(-22.1,52.5524520180254,134.));
#5971=CARTESIAN_POINT('',(-22.1,49.7441639669387,134.));
#5972=CARTESIAN_POINT('',(-22.0999999999999,24.8720819834694,134.));
#5973=CARTESIAN_POINT('',(-22.1,52.5524520180254,115.9));
#5974=CARTESIAN_POINT('',(-22.1,52.5524520180254,134.));
#5975=CARTESIAN_POINT('',(-22.1,52.5524520180254,114.3));
#5976=CARTESIAN_POINT('',(-22.1,52.5524520180254,115.9));
#5977=CARTESIAN_POINT('',(-22.1,49.7441639669387,114.3));
#5978=CARTESIAN_POINT('',(-22.1,50.608122975204,114.3));
#5979=CARTESIAN_POINT('',(-22.1,49.7441639669387,115.9));
#5980=CARTESIAN_POINT('',(-22.1,49.7441639669387,115.9));
#5981=CARTESIAN_POINT('',(-22.1,49.7441639669387,134.));
#5982=CARTESIAN_POINT('Ctrl Pts',(-22.0999999999999,52.5524520180254,136.));
#5983=CARTESIAN_POINT('Ctrl Pts',(-22.0999999999999,52.5524520180254,111.88));
#5984=CARTESIAN_POINT('Ctrl Pts',(-21.5832452976922,52.5917330200264,136.));
#5985=CARTESIAN_POINT('Ctrl Pts',(-21.5832452976922,52.5917330200264,111.88));
#5986=CARTESIAN_POINT('Ctrl Pts',(-21.0505396663822,52.6295524659503,136.));
#5987=CARTESIAN_POINT('Ctrl Pts',(-21.0505396663822,52.6295524659503,111.88));
#5988=CARTESIAN_POINT('Ctrl Pts',(-20.5,52.6658301615899,136.));
#5989=CARTESIAN_POINT('Ctrl Pts',(-20.5,52.6658301615899,111.88));
#5990=CARTESIAN_POINT('',(-20.5,52.6658301615899,134.));
#5991=CARTESIAN_POINT('Ctrl Pts',(-20.5,52.6658301615899,134.));
#5992=CARTESIAN_POINT('Ctrl Pts',(-21.0505396663822,52.6295524659503,134.));
#5993=CARTESIAN_POINT('Ctrl Pts',(-21.5832452976922,52.5917330200264,134.));
#5994=CARTESIAN_POINT('Ctrl Pts',(-22.0999999999999,52.5524520180254,134.));
#5995=CARTESIAN_POINT('',(-20.5000019978388,52.6658300136605,115.9));
#5996=CARTESIAN_POINT('',(-20.5,52.6658301615899,134.));
#5997=CARTESIAN_POINT('Ctrl Pts',(-22.0999999999999,52.5524520180254,115.9));
#5998=CARTESIAN_POINT('Ctrl Pts',(-21.58324592327,52.5917329724732,115.9));
#5999=CARTESIAN_POINT('Ctrl Pts',(-21.0505409561579,52.6295523743827,115.9));
#6000=CARTESIAN_POINT('Ctrl Pts',(-20.5000019994325,52.6658300298377,115.9));
#6001=CARTESIAN_POINT('Origin',(-20.5,52.6658301615899,134.));
#6002=CARTESIAN_POINT('',(-20.5,54.4692490156407,134.));
#6003=CARTESIAN_POINT('',(-20.5,26.3329150807949,134.));
#6004=CARTESIAN_POINT('',(-20.5,54.4692490156407,115.9));
#6005=CARTESIAN_POINT('',(-20.5,54.4692490156407,134.));
#6006=CARTESIAN_POINT('',(-20.5,49.8595895441644,115.9));
#6007=CARTESIAN_POINT('Origin',(20.5,54.4692490156409,134.));
#6008=CARTESIAN_POINT('',(20.5,52.6664700687554,134.));
#6009=CARTESIAN_POINT('',(20.5,27.2346245078205,134.));
#6010=CARTESIAN_POINT('',(20.5000041463243,52.6664697624301,115.9));
#6011=CARTESIAN_POINT('',(20.5,52.6664700687554,134.));
#6012=CARTESIAN_POINT('',(20.5,54.4692490156409,115.9));
#6013=CARTESIAN_POINT('',(20.5,54.4692490156409,115.9));
#6014=CARTESIAN_POINT('',(20.5,54.4692490156409,134.));
#6015=CARTESIAN_POINT('Ctrl Pts',(-20.5000000000152,49.8595895441634,136.));
#6016=CARTESIAN_POINT('Ctrl Pts',(-20.5000000000152,49.8595895441634,111.88));
#6017=CARTESIAN_POINT('Ctrl Pts',(-21.0514267741674,49.822624619323,136.));
#6018=CARTESIAN_POINT('Ctrl Pts',(-21.0514267741674,49.822624619323,111.88));
#6019=CARTESIAN_POINT('Ctrl Pts',(-21.584067281701,49.7841166971432,136.));
#6020=CARTESIAN_POINT('Ctrl Pts',(-21.584067281701,49.7841166971432,111.88));
#6021=CARTESIAN_POINT('Ctrl Pts',(-22.1,49.7441639669387,136.));
#6022=CARTESIAN_POINT('Ctrl Pts',(-22.1,49.7441639669387,111.88));
#6023=CARTESIAN_POINT('',(-20.5,49.8595895441644,134.));
#6024=CARTESIAN_POINT('Ctrl Pts',(-22.1,49.7441639669387,134.));
#6025=CARTESIAN_POINT('Ctrl Pts',(-21.584067281701,49.7841166971432,134.));
#6026=CARTESIAN_POINT('Ctrl Pts',(-21.0514267741674,49.822624619323,134.));
#6027=CARTESIAN_POINT('Ctrl Pts',(-20.5000000000152,49.8595895441634,134.));
#6028=CARTESIAN_POINT('',(-20.5000000000051,49.8595895441641,115.9));
#6029=CARTESIAN_POINT('Ctrl Pts',(-20.5000000000152,49.8595895441634,115.9));
#6030=CARTESIAN_POINT('Ctrl Pts',(-21.0514267741674,49.822624619323,115.9));
#6031=CARTESIAN_POINT('Ctrl Pts',(-21.584067281701,49.7841166971432,115.9));
#6032=CARTESIAN_POINT('Ctrl Pts',(-22.1,49.7441639669387,115.9));
#6033=CARTESIAN_POINT('',(-20.5,49.8595895441644,134.));
#6034=CARTESIAN_POINT('Ctrl Pts',(2.19717132239407E-15,50.4,136.));
#6035=CARTESIAN_POINT('Ctrl Pts',(2.19717132239407E-15,50.4,111.88));
#6036=CARTESIAN_POINT('Ctrl Pts',(-4.92726516967074,50.4,136.));
#6037=CARTESIAN_POINT('Ctrl Pts',(-4.92726516967074,50.4,111.88));
#6038=CARTESIAN_POINT('Ctrl Pts',(-8.88079026479335,50.3401115739858,136.));
#6039=CARTESIAN_POINT('Ctrl Pts',(-8.88079026479335,50.3401115739858,111.88));
#6040=CARTESIAN_POINT('Ctrl Pts',(-12.2727491942812,50.2403039474541,136.));
#6041=CARTESIAN_POINT('Ctrl Pts',(-12.2727491942812,50.2403039474541,111.88));
#6042=CARTESIAN_POINT('Ctrl Pts',(-15.4628539334782,50.1464358349487,136.));
#6043=CARTESIAN_POINT('Ctrl Pts',(-15.4628539334782,50.1464358349487,111.88));
#6044=CARTESIAN_POINT('Ctrl Pts',(-18.1517671486098,50.017003465519,136.));
#6045=CARTESIAN_POINT('Ctrl Pts',(-18.1517671486098,50.017003465519,111.88));
#6046=CARTESIAN_POINT('Ctrl Pts',(-20.5,49.8595895441644,136.));
#6047=CARTESIAN_POINT('Ctrl Pts',(-20.5,49.8595895441644,111.88));
#6048=CARTESIAN_POINT('',(3.77832583827132E-16,50.4,134.));
#6049=CARTESIAN_POINT('Ctrl Pts',(-20.5,49.8595895441644,134.));
#6050=CARTESIAN_POINT('Ctrl Pts',(-18.1517671486098,50.017003465519,134.));
#6051=CARTESIAN_POINT('Ctrl Pts',(-15.4628539334782,50.1464358349487,134.));
#6052=CARTESIAN_POINT('Ctrl Pts',(-8.88079026479335,50.3401115739858,134.));
#6053=CARTESIAN_POINT('Ctrl Pts',(-4.92726516967074,50.4,134.));
#6054=CARTESIAN_POINT('Ctrl Pts',(2.19717132239407E-15,50.4,134.));
#6055=CARTESIAN_POINT('',(0.,50.4,115.9));
#6056=CARTESIAN_POINT('Ctrl Pts',(2.19717132239407E-15,50.4,115.9));
#6057=CARTESIAN_POINT('Ctrl Pts',(-4.92726516967074,50.4,115.9));
#6058=CARTESIAN_POINT('Ctrl Pts',(-8.88079026479335,50.3401115739858,115.9));
#6059=CARTESIAN_POINT('Ctrl Pts',(-15.4628539334782,50.1464358349487,115.9));
#6060=CARTESIAN_POINT('Ctrl Pts',(-18.1517671486098,50.017003465519,115.9));
#6061=CARTESIAN_POINT('Ctrl Pts',(-20.5,49.8595895441644,115.9));
#6062=CARTESIAN_POINT('',(3.77832583827132E-16,50.4,134.));
#6063=CARTESIAN_POINT('Ctrl Pts',(20.5,49.8602819139873,136.));
#6064=CARTESIAN_POINT('Ctrl Pts',(20.5,49.8602819139873,111.88));
#6065=CARTESIAN_POINT('Ctrl Pts',(18.5856113943168,49.9882089623896,136.));
#6066=CARTESIAN_POINT('Ctrl Pts',(18.5856113943168,49.9882089623896,111.88));
#6067=CARTESIAN_POINT('Ctrl Pts',(16.4411201325509,50.0973971466148,136.));
#6068=CARTESIAN_POINT('Ctrl Pts',(16.4411201325509,50.0973971466148,111.88));
#6069=CARTESIAN_POINT('Ctrl Pts',(13.9945924924635,50.184441164111,136.));
#6070=CARTESIAN_POINT('Ctrl Pts',(13.9945924924635,50.184441164111,111.88));
#6071=CARTESIAN_POINT('Ctrl Pts',(10.2409087330174,50.3179919605453,136.));
#6072=CARTESIAN_POINT('Ctrl Pts',(10.2409087330174,50.3179919605453,111.88));
#6073=CARTESIAN_POINT('Ctrl Pts',(5.78608588787028,50.4,136.));
#6074=CARTESIAN_POINT('Ctrl Pts',(5.78608588787028,50.4,111.88));
#6075=CARTESIAN_POINT('Ctrl Pts',(3.77832583827132E-16,50.4,136.));
#6076=CARTESIAN_POINT('Ctrl Pts',(3.77832583827132E-16,50.4,111.88));
#6077=CARTESIAN_POINT('',(20.5,49.8602819139873,134.));
#6078=CARTESIAN_POINT('Ctrl Pts',(0.,50.4,134.));
#6079=CARTESIAN_POINT('Ctrl Pts',(5.78608588787028,50.4,134.));
#6080=CARTESIAN_POINT('Ctrl Pts',(10.2409087330174,50.3179919605453,134.));
#6081=CARTESIAN_POINT('Ctrl Pts',(16.4411201325509,50.0973971466148,134.));
#6082=CARTESIAN_POINT('Ctrl Pts',(18.5856113943168,49.9882089623896,134.));
#6083=CARTESIAN_POINT('Ctrl Pts',(20.5,49.8602819139873,134.));
#6084=CARTESIAN_POINT('',(20.5000000000034,49.8602819139871,115.9));
#6085=CARTESIAN_POINT('Ctrl Pts',(20.5,49.8602819139873,115.9));
#6086=CARTESIAN_POINT('Ctrl Pts',(18.5856113943168,49.9882089623896,115.9));
#6087=CARTESIAN_POINT('Ctrl Pts',(16.4411201325509,50.0973971466148,115.9));
#6088=CARTESIAN_POINT('Ctrl Pts',(10.2409087330174,50.3179919605453,115.9));
#6089=CARTESIAN_POINT('Ctrl Pts',(5.78608588787028,50.4,115.9));
#6090=CARTESIAN_POINT('Ctrl Pts',(3.77832583827132E-16,50.4,115.9));
#6091=CARTESIAN_POINT('',(20.5,49.8602819139873,134.));
#6092=CARTESIAN_POINT('Ctrl Pts',(22.1,49.7450547741708,136.));
#6093=CARTESIAN_POINT('Ctrl Pts',(22.1,49.7450547741708,111.88));
#6094=CARTESIAN_POINT('Ctrl Pts',(21.5846406380783,49.7849667419014,136.));
#6095=CARTESIAN_POINT('Ctrl Pts',(21.5846406380783,49.7849667419014,111.88));
#6096=CARTESIAN_POINT('Ctrl Pts',(21.0518817638407,49.8234029830818,136.));
#6097=CARTESIAN_POINT('Ctrl Pts',(21.0518817638407,49.8234029830818,111.88));
#6098=CARTESIAN_POINT('Ctrl Pts',(20.5000000000103,49.8602819139866,136.));
#6099=CARTESIAN_POINT('Ctrl Pts',(20.5000000000103,49.8602819139866,111.88));
#6100=CARTESIAN_POINT('',(22.1,49.7450547741709,134.));
#6101=CARTESIAN_POINT('Ctrl Pts',(20.5000000000103,49.8602819139866,134.));
#6102=CARTESIAN_POINT('Ctrl Pts',(21.0518817638407,49.8234029830818,134.));
#6103=CARTESIAN_POINT('Ctrl Pts',(21.5846406380783,49.7849667419014,134.));
#6104=CARTESIAN_POINT('Ctrl Pts',(22.1,49.7450547741708,134.));
#6105=CARTESIAN_POINT('',(22.1,49.7450547741709,115.9));
#6106=CARTESIAN_POINT('Ctrl Pts',(22.1,49.7450547741708,115.9));
#6107=CARTESIAN_POINT('Ctrl Pts',(21.5846406380783,49.7849667419014,115.9));
#6108=CARTESIAN_POINT('Ctrl Pts',(21.0518817638407,49.8234029830818,115.9));
#6109=CARTESIAN_POINT('Ctrl Pts',(20.5000000000103,49.8602819139866,115.9));
#6110=CARTESIAN_POINT('',(22.1,49.7450547741709,134.));
#6111=CARTESIAN_POINT('Origin',(22.1,52.5533242898315,134.));
#6112=CARTESIAN_POINT('',(22.1,52.5533242898315,134.));
#6113=CARTESIAN_POINT('',(22.1000000000001,26.2766621449158,134.));
#6114=CARTESIAN_POINT('',(22.1,49.7450547741709,114.3));
#6115=CARTESIAN_POINT('',(22.1,49.7450547741709,115.9));
#6116=CARTESIAN_POINT('',(22.1,52.5533242898315,114.3));
#6117=CARTESIAN_POINT('',(22.1,52.0127031366505,114.3));
#6118=CARTESIAN_POINT('',(22.1,52.5533242898315,115.9));
#6119=CARTESIAN_POINT('',(22.1,52.5533242898315,115.9));
#6120=CARTESIAN_POINT('',(22.1,52.5533242898315,134.));
#6121=CARTESIAN_POINT('Ctrl Pts',(20.5000000000041,52.6664700687551,136.));
#6122=CARTESIAN_POINT('Ctrl Pts',(20.5000000000041,52.6664700687551,111.88));
#6123=CARTESIAN_POINT('Ctrl Pts',(21.0508490431384,52.6302843975141,136.));
#6124=CARTESIAN_POINT('Ctrl Pts',(21.0508490431384,52.6302843975141,111.88));
#6125=CARTESIAN_POINT('Ctrl Pts',(21.5836469889025,52.5925471639074,136.));
#6126=CARTESIAN_POINT('Ctrl Pts',(21.5836469889025,52.5925471639074,111.88));
#6127=CARTESIAN_POINT('Ctrl Pts',(22.1,52.5533242898315,136.));
#6128=CARTESIAN_POINT('Ctrl Pts',(22.1,52.5533242898315,111.88));
#6129=CARTESIAN_POINT('Ctrl Pts',(22.1,52.5533242898315,134.));
#6130=CARTESIAN_POINT('Ctrl Pts',(21.5836469889025,52.5925471639074,134.));
#6131=CARTESIAN_POINT('Ctrl Pts',(21.0508490431384,52.6302843975141,134.));
#6132=CARTESIAN_POINT('Ctrl Pts',(20.5000000000041,52.6664700687551,134.));
#6133=CARTESIAN_POINT('Ctrl Pts',(20.5000041496436,52.6664697961622,115.9));
#6134=CARTESIAN_POINT('Ctrl Pts',(21.0508517189102,52.6302842079934,115.9));
#6135=CARTESIAN_POINT('Ctrl Pts',(21.5836482854943,52.5925470654165,115.9));
#6136=CARTESIAN_POINT('Ctrl Pts',(22.1,52.5533242898315,115.9));
#6137=CARTESIAN_POINT('Origin',(1.33226762955019E-14,52.3720819834693,115.9));
#6138=CARTESIAN_POINT('',(1.47847532801921E-16,53.2,115.9));
#6139=CARTESIAN_POINT('Ctrl Pts',(20.4999916550505,52.6663428213045,115.9));
#6140=CARTESIAN_POINT('Ctrl Pts',(17.9982620899851,52.8304074579618,115.9));
#6141=CARTESIAN_POINT('Ctrl Pts',(15.4378074019142,52.9419517838095,115.9));
#6142=CARTESIAN_POINT('Ctrl Pts',(8.69838472778446,53.1563001102133,115.9));
#6143=CARTESIAN_POINT('Ctrl Pts',(4.23440050278722,53.2,115.9));
#6144=CARTESIAN_POINT('Ctrl Pts',(-1.11022302462516E-15,53.2,115.9));
#6145=CARTESIAN_POINT('Ctrl Pts',(2.22044604925031E-15,53.2,115.9));
#6146=CARTESIAN_POINT('Ctrl Pts',(-4.27641715124409,53.2,115.9));
#6147=CARTESIAN_POINT('Ctrl Pts',(-8.71472835910084,53.1551850586069,115.9));
#6148=CARTESIAN_POINT('Ctrl Pts',(-15.4735826823487,52.9410431474085,115.9));
#6149=CARTESIAN_POINT('Ctrl Pts',(-18.0044880645975,52.8300887065184,115.9));
#6150=CARTESIAN_POINT('Ctrl Pts',(-20.4999959438639,52.6657685615986,115.9));
#6151=CARTESIAN_POINT('',(4.44089209850063E-15,55.,115.9));
#6152=CARTESIAN_POINT('Ctrl Pts',(-20.5,54.4692490156406,115.9));
#6153=CARTESIAN_POINT('Ctrl Pts',(-12.3448124830991,55.,115.9));
#6154=CARTESIAN_POINT('Ctrl Pts',(3.33066907387547E-15,55.,115.9));
#6155=CARTESIAN_POINT('Ctrl Pts',(0.,55.,115.9));
#6156=CARTESIAN_POINT('Ctrl Pts',(12.3448124830991,55.,115.9));
#6157=CARTESIAN_POINT('Ctrl Pts',(20.5,54.4692490156407,115.9));
#6158=CARTESIAN_POINT('Origin',(1.11022302462516E-14,51.4720819834693,114.3));
#6159=CARTESIAN_POINT('',(0.,50.4,114.3));
#6160=CARTESIAN_POINT('Ctrl Pts',(-3.33066907387547E-15,50.4,114.3));
#6161=CARTESIAN_POINT('Ctrl Pts',(-4.31463326236084,50.4,114.3));
#6162=CARTESIAN_POINT('Ctrl Pts',(-8.7716085204328,50.3540782105466,114.3));
#6163=CARTESIAN_POINT('Ctrl Pts',(-16.039149135711,50.1202446173601,114.3));
#6164=CARTESIAN_POINT('Ctrl Pts',(-19.1127829335421,49.975487690528,114.3));
#6165=CARTESIAN_POINT('Ctrl Pts',(-22.1,49.7441639669387,114.3));
#6166=CARTESIAN_POINT('',(0.,53.2,114.3));
#6167=CARTESIAN_POINT('Ctrl Pts',(-22.0999999999999,52.5524520180254,114.3));
#6168=CARTESIAN_POINT('Ctrl Pts',(-19.0939857995977,52.7809535668139,114.3));
#6169=CARTESIAN_POINT('Ctrl Pts',(-15.9995894306013,52.9243775876869,114.3));
#6170=CARTESIAN_POINT('Ctrl Pts',(-8.71472835910084,53.1551850586069,114.3));
#6171=CARTESIAN_POINT('Ctrl Pts',(-4.27641715124409,53.2,114.3));
#6172=CARTESIAN_POINT('Ctrl Pts',(2.22044604925031E-15,53.2,114.3));
#6173=CARTESIAN_POINT('Ctrl Pts',(-1.11022302462516E-15,53.2,114.3));
#6174=CARTESIAN_POINT('Ctrl Pts',(4.23440050278722,53.2,114.3));
#6175=CARTESIAN_POINT('Ctrl Pts',(8.69838472778447,53.1563001102133,114.3));
#6176=CARTESIAN_POINT('Ctrl Pts',(15.9569973700537,52.9254388707401,114.3));
#6177=CARTESIAN_POINT('Ctrl Pts',(19.1033041171392,52.7809573678438,114.3));
#6178=CARTESIAN_POINT('Ctrl Pts',(22.1,52.5533242898315,114.3));
#6179=CARTESIAN_POINT('Ctrl Pts',(22.1,49.7450547741708,114.3));
#6180=CARTESIAN_POINT('Ctrl Pts',(19.1253250274069,49.9754282577773,114.3));
#6181=CARTESIAN_POINT('Ctrl Pts',(16.0012121679538,50.1210666946455,114.3));
#6182=CARTESIAN_POINT('Ctrl Pts',(8.73946433786243,50.3557798360181,114.3));
#6183=CARTESIAN_POINT('Ctrl Pts',(4.24880535339802,50.4,114.3));
#6184=CARTESIAN_POINT('Ctrl Pts',(0.,50.4,114.3));
#6185=CARTESIAN_POINT('Ctrl Pts',(-3.33066907387547E-15,50.4,115.9));
#6186=CARTESIAN_POINT('Ctrl Pts',(-3.33066907387547E-15,50.4,113.98));
#6187=CARTESIAN_POINT('Ctrl Pts',(-4.31463326236084,50.4,115.9));
#6188=CARTESIAN_POINT('Ctrl Pts',(-4.31463326236084,50.4,113.98));
#6189=CARTESIAN_POINT('Ctrl Pts',(-8.7716085204328,50.3540782105466,115.9));
#6190=CARTESIAN_POINT('Ctrl Pts',(-8.7716085204328,50.3540782105466,113.98));
#6191=CARTESIAN_POINT('Ctrl Pts',(-16.039149135711,50.1202446173601,115.9));
#6192=CARTESIAN_POINT('Ctrl Pts',(-16.039149135711,50.1202446173601,113.98));
#6193=CARTESIAN_POINT('Ctrl Pts',(-19.1127829335421,49.975487690528,115.9));
#6194=CARTESIAN_POINT('Ctrl Pts',(-19.1127829335421,49.975487690528,113.98));
#6195=CARTESIAN_POINT('Ctrl Pts',(-22.1,49.7441639669387,115.9));
#6196=CARTESIAN_POINT('Ctrl Pts',(-22.1,49.7441639669387,113.98));
#6197=CARTESIAN_POINT('',(3.77832583827132E-16,50.4,115.9));
#6198=CARTESIAN_POINT('Ctrl Pts',(-22.0999999999999,52.5524520180254,115.9));
#6199=CARTESIAN_POINT('Ctrl Pts',(-22.0999999999999,52.5524520180254,113.98));
#6200=CARTESIAN_POINT('Ctrl Pts',(-19.0939857995977,52.7809535668139,115.9));
#6201=CARTESIAN_POINT('Ctrl Pts',(-19.0939857995977,52.7809535668139,113.98));
#6202=CARTESIAN_POINT('Ctrl Pts',(-15.9995894306013,52.9243775876869,115.9));
#6203=CARTESIAN_POINT('Ctrl Pts',(-15.9995894306013,52.9243775876869,113.98));
#6204=CARTESIAN_POINT('Ctrl Pts',(-8.71472835910084,53.1551850586069,115.9));
#6205=CARTESIAN_POINT('Ctrl Pts',(-8.71472835910084,53.1551850586069,113.98));
#6206=CARTESIAN_POINT('Ctrl Pts',(-4.27641715124409,53.2,115.9));
#6207=CARTESIAN_POINT('Ctrl Pts',(-4.27641715124409,53.2,113.98));
#6208=CARTESIAN_POINT('Ctrl Pts',(4.9960036108132E-15,53.2,115.9));
#6209=CARTESIAN_POINT('Ctrl Pts',(4.9960036108132E-15,53.2,113.98));
#6210=CARTESIAN_POINT('',(1.47847532801921E-16,53.2,115.9));
#6211=CARTESIAN_POINT('Ctrl Pts',(-1.11022302462516E-15,53.2,115.9));
#6212=CARTESIAN_POINT('Ctrl Pts',(-1.11022302462516E-15,53.2,113.98));
#6213=CARTESIAN_POINT('Ctrl Pts',(4.23440050278722,53.2,115.9));
#6214=CARTESIAN_POINT('Ctrl Pts',(4.23440050278722,53.2,113.98));
#6215=CARTESIAN_POINT('Ctrl Pts',(8.69838472778447,53.1563001102133,115.9));
#6216=CARTESIAN_POINT('Ctrl Pts',(8.69838472778447,53.1563001102133,113.98));
#6217=CARTESIAN_POINT('Ctrl Pts',(15.9569973700537,52.9254388707401,115.9));
#6218=CARTESIAN_POINT('Ctrl Pts',(15.9569973700537,52.9254388707401,113.98));
#6219=CARTESIAN_POINT('Ctrl Pts',(19.1033041171392,52.7809573678438,115.9));
#6220=CARTESIAN_POINT('Ctrl Pts',(19.1033041171392,52.7809573678438,113.98));
#6221=CARTESIAN_POINT('Ctrl Pts',(22.1,52.5533242898315,115.9));
#6222=CARTESIAN_POINT('Ctrl Pts',(22.1,52.5533242898315,113.98));
#6223=CARTESIAN_POINT('Ctrl Pts',(22.1,49.7450547741708,115.9));
#6224=CARTESIAN_POINT('Ctrl Pts',(22.1,49.7450547741708,113.98));
#6225=CARTESIAN_POINT('Ctrl Pts',(19.1253250274069,49.9754282577773,115.9));
#6226=CARTESIAN_POINT('Ctrl Pts',(19.1253250274069,49.9754282577773,113.98));
#6227=CARTESIAN_POINT('Ctrl Pts',(16.0012121679538,50.1210666946455,115.9));
#6228=CARTESIAN_POINT('Ctrl Pts',(16.0012121679538,50.1210666946455,113.98));
#6229=CARTESIAN_POINT('Ctrl Pts',(8.73946433786243,50.3557798360181,115.9));
#6230=CARTESIAN_POINT('Ctrl Pts',(8.73946433786243,50.3557798360181,113.98));
#6231=CARTESIAN_POINT('Ctrl Pts',(4.24880535339802,50.4,115.9));
#6232=CARTESIAN_POINT('Ctrl Pts',(4.24880535339802,50.4,113.98));
#6233=CARTESIAN_POINT('Ctrl Pts',(0.,50.4,115.9));
#6234=CARTESIAN_POINT('Ctrl Pts',(0.,50.4,113.98));
#6235=CARTESIAN_POINT('Origin',(-37.3,-41.5,134.));
#6236=CARTESIAN_POINT('',(-37.3,-38.31,130.966479394838));
#6237=CARTESIAN_POINT('',(-37.3,-41.5,130.966479394838));
#6238=CARTESIAN_POINT('',(-37.3,-41.5,130.966479394838));
#6239=CARTESIAN_POINT('',(-37.3,-41.5,131.8));
#6240=CARTESIAN_POINT('',(-37.3,-41.5,134.));
#6241=CARTESIAN_POINT('',(-37.3,-41.5,134.));
#6242=CARTESIAN_POINT('',(-37.3,-41.5,134.));
#6243=CARTESIAN_POINT('',(-37.3,-38.31,134.));
#6244=CARTESIAN_POINT('',(-37.3000000000001,-20.7500000000001,134.));
#6245=CARTESIAN_POINT('',(-37.3,-38.31,134.));
#6246=CARTESIAN_POINT('Origin',(-37.3,-38.31,134.));
#6247=CARTESIAN_POINT('',(-29.0376074700454,-38.31,134.));
#6248=CARTESIAN_POINT('',(-29.0376074700454,-38.31,128.));
#6249=CARTESIAN_POINT('',(-29.0376074700454,-38.31,134.));
#6250=CARTESIAN_POINT('',(-35.3,-38.31,128.));
#6251=CARTESIAN_POINT('',(37.3,-38.31,128.));
#6252=CARTESIAN_POINT('Origin',(-38.5,-38.31,128.));
#6253=CARTESIAN_POINT('',(-18.65,-38.31,134.));
#6254=CARTESIAN_POINT('Origin',(37.3,-38.31,134.));
#6255=CARTESIAN_POINT('',(37.3,-41.5,130.966479394838));
#6256=CARTESIAN_POINT('',(37.3,-38.31,130.966479394838));
#6257=CARTESIAN_POINT('',(37.3,-41.5,130.966479394838));
#6258=CARTESIAN_POINT('',(37.3,-38.31,134.));
#6259=CARTESIAN_POINT('',(37.3,-38.31,134.));
#6260=CARTESIAN_POINT('',(37.3,-41.5,134.));
#6261=CARTESIAN_POINT('',(37.2999999999998,-19.1549999999999,134.));
#6262=CARTESIAN_POINT('',(37.3,-41.5,131.8));
#6263=CARTESIAN_POINT('',(37.3,-41.5,134.));
#6264=CARTESIAN_POINT('',(37.3,-41.5,134.));
#6265=CARTESIAN_POINT('Origin',(37.3,-41.5,134.));
#6266=CARTESIAN_POINT('',(18.65,-41.5,134.));
#6267=CARTESIAN_POINT('',(4.44089209850063E-15,-41.5,131.8));
#6268=CARTESIAN_POINT('Origin',(-37.3,-41.5,131.8));
#6269=CARTESIAN_POINT('',(-27.1667743348474,-42.3,131.));
#6270=CARTESIAN_POINT('Origin',(-24.,-41.569219381653,131.730780618347));
#6271=CARTESIAN_POINT('',(-36.5,-42.3,131.));
#6272=CARTESIAN_POINT('',(-37.0333333333333,-41.7666666666667,131.533333333333));
#6273=CARTESIAN_POINT('',(4.44089209850063E-15,-42.3,131.));
#6274=CARTESIAN_POINT('Origin',(-37.3,-41.5,130.2));
#6275=CARTESIAN_POINT('',(-36.7931923509286,-42.0068076490714,130.706807649071));
#6276=CARTESIAN_POINT('Origin',(-38.5,-40.3,128.));
#6277=CARTESIAN_POINT('',(-24.8666666666667,-53.9333333333334,142.633333333333));
#6278=CARTESIAN_POINT('Origin',(37.3,-41.5,131.8));
#6279=CARTESIAN_POINT('',(36.7931923509286,-42.0068076490714,130.706807649071));
#6280=CARTESIAN_POINT('Origin',(38.5,-40.3,128.));
#6281=CARTESIAN_POINT('',(36.5,-42.3,131.));
#6282=CARTESIAN_POINT('',(24.8666666666667,-53.9333333333334,119.366666666667));
#6283=CARTESIAN_POINT('',(37.0333333333333,-41.7666666666667,130.466666666667));
#6284=CARTESIAN_POINT('Origin',(37.3,-41.5,130.2));
#6285=CARTESIAN_POINT('Origin',(-24.,-41.569219381653,130.269219381653));
#6286=CARTESIAN_POINT('',(-36.1762099922756,-41.5,130.2));
#6287=CARTESIAN_POINT('Origin',(-38.5,-39.3,128.));
#6288=CARTESIAN_POINT('',(37.3,-41.5,130.2));
#6289=CARTESIAN_POINT('Origin',(37.3,-41.5,134.));
#6290=CARTESIAN_POINT('',(-35.3,-41.5,128.));
#6291=CARTESIAN_POINT('Origin',(-38.5,-41.5,128.));
#6292=CARTESIAN_POINT('',(-37.3,-41.5,128.));
#6293=CARTESIAN_POINT('Origin',(-8.88178419700125E-15,-39.905,128.));
#6294=CARTESIAN_POINT('',(-35.3,-41.5,128.));
#6295=CARTESIAN_POINT('',(-18.9623925299546,-38.31,128.));
#6296=CARTESIAN_POINT('Origin',(-24.,-41.569219381653,128.));
#6297=CARTESIAN_POINT('',(35.3,-38.31,128.));
#6298=CARTESIAN_POINT('',(37.3,-38.31,128.));
#6299=CARTESIAN_POINT('',(35.3,-41.5,128.));
#6300=CARTESIAN_POINT('',(35.3,-41.5,128.));
#6301=CARTESIAN_POINT('',(-37.3,-41.5,128.));
#6302=CARTESIAN_POINT('Origin',(38.5,-41.5,128.));
#6303=CARTESIAN_POINT('',(36.1762099922756,-41.5,130.2));
#6304=CARTESIAN_POINT('Origin',(38.5,-39.3,128.));
#6305=CARTESIAN_POINT('Origin',(38.5,-41.5,128.));
#6306=CARTESIAN_POINT('Origin',(38.5,-38.31,128.));
#6307=CARTESIAN_POINT('Origin',(-38.5,-41.5,128.));
#6308=CARTESIAN_POINT('Origin',(37.3,-41.5,134.));
#6309=CARTESIAN_POINT('',(37.3,-41.5,130.2));
#6310=CARTESIAN_POINT('Origin',(37.3,-41.5,130.2));
#6311=CARTESIAN_POINT('',(4.44089209850063E-15,-42.3,131.));
#6312=CARTESIAN_POINT('Origin',(-37.3,-41.5,131.8));
#6313=CARTESIAN_POINT('',(4.44089209850063E-15,-41.5,131.8));
#6314=CARTESIAN_POINT('Origin',(37.3,-41.5,134.));
#6315=CARTESIAN_POINT('',(18.65,-41.5,134.));
#6316=CARTESIAN_POINT('Origin',(0.,0.,134.));
#6317=CARTESIAN_POINT('',(-22.1,54.3573943972355,134.));
#6318=CARTESIAN_POINT('Ctrl Pts',(-55.,1.22124532708767E-14,134.));
#6319=CARTESIAN_POINT('Ctrl Pts',(-55.,51.8918857609887,134.));
#6320=CARTESIAN_POINT('Ctrl Pts',(-22.1000000004231,54.3573943972038,134.));
#6321=CARTESIAN_POINT('Ctrl Pts',(-22.1,54.3573943972355,134.));
#6322=CARTESIAN_POINT('Ctrl Pts',(-21.3164409142055,54.4161139015809,134.));
#6323=CARTESIAN_POINT('Ctrl Pts',(-20.5000000000805,54.4692490156354,134.));
#6324=CARTESIAN_POINT('',(28.,6.,134.));
#6325=CARTESIAN_POINT('Origin',(-41.569219381653,24.,134.));
#6326=CARTESIAN_POINT('',(20.75,41.569219381653,134.));
#6327=CARTESIAN_POINT('Origin',(24.,41.569219381653,134.));
#6328=CARTESIAN_POINT('Origin',(24.,41.569219381653,134.));
#6329=CARTESIAN_POINT('',(38.319219381653,-24.,134.));
#6330=CARTESIAN_POINT('Origin',(41.569219381653,-24.,134.));
#6331=CARTESIAN_POINT('Origin',(41.569219381653,-24.,134.));
#6332=CARTESIAN_POINT('',(-18.9623925299546,-38.31,134.));
#6333=CARTESIAN_POINT('Origin',(-24.,-41.569219381653,134.));
#6334=CARTESIAN_POINT('',(-18.65,-38.31,134.));
#6335=CARTESIAN_POINT('Origin',(-37.3,-38.31,134.));
#6336=CARTESIAN_POINT('',(-18.9623925299546,-38.31,134.));
#6337=CARTESIAN_POINT('Origin',(-24.,-41.569219381653,134.));
#6338=CARTESIAN_POINT('Origin',(45.0533624358945,-31.5467039993075,135.4));
#6339=CARTESIAN_POINT('',(41.8033624358945,-31.5467039993075,135.4));
#6340=CARTESIAN_POINT('Origin',(45.0533624358946,31.5467039993075,135.4));
#6341=CARTESIAN_POINT('',(41.8033624358946,31.5467039993075,135.4));
#6342=CARTESIAN_POINT('Origin',(-45.0533624358945,31.5467039993075,135.4));
#6343=CARTESIAN_POINT('',(-48.3033624358945,31.5467039993075,135.4));
#6344=CARTESIAN_POINT('Origin',(-45.0533624358945,-31.5467039993075,135.4));
#6345=CARTESIAN_POINT('',(-48.3033624358945,-31.5467039993075,135.4));
#6346=CARTESIAN_POINT('Origin',(-41.569219381653,24.,134.));
#6347=CARTESIAN_POINT('',(-44.819219381653,24.,134.));
#6348=CARTESIAN_POINT('Origin',(41.569219381653,-24.,134.));
#6349=CARTESIAN_POINT('',(38.319219381653,-24.,134.));
#6350=CARTESIAN_POINT('Origin',(24.,41.569219381653,134.));
#6351=CARTESIAN_POINT('',(20.75,41.569219381653,134.));
#6352=CARTESIAN_POINT('Origin',(-24.,-41.569219381653,134.));
#6353=CARTESIAN_POINT('Origin',(28.,6.,140.));
#6354=CARTESIAN_POINT('Ctrl Pts',(20.5,54.4692490156407,115.9));
#6355=CARTESIAN_POINT('Ctrl Pts',(20.5,54.4692490156407,149.62));
#6356=CARTESIAN_POINT('Ctrl Pts',(12.3448124830991,55.,115.9));
#6357=CARTESIAN_POINT('Ctrl Pts',(12.3448124830991,55.,149.62));
#6358=CARTESIAN_POINT('Ctrl Pts',(0.,55.,115.9));
#6359=CARTESIAN_POINT('Ctrl Pts',(0.,55.,149.62));
#6360=CARTESIAN_POINT('',(3.33066907387547E-15,55.,140.));
#6361=CARTESIAN_POINT('Ctrl Pts',(3.33066907387547E-15,55.,115.9));
#6362=CARTESIAN_POINT('Ctrl Pts',(3.33066907387547E-15,55.,149.62));
#6363=CARTESIAN_POINT('Ctrl Pts',(-12.3448124830991,55.,115.9));
#6364=CARTESIAN_POINT('Ctrl Pts',(-12.3448124830991,55.,149.62));
#6365=CARTESIAN_POINT('Ctrl Pts',(-20.5,54.4692490156406,115.9));
#6366=CARTESIAN_POINT('Ctrl Pts',(-20.5,54.4692490156406,149.62));
#6367=CARTESIAN_POINT('',(-20.5,54.4692490156407,140.));
#6368=CARTESIAN_POINT('Ctrl Pts',(-20.5000000000805,54.4692490156354,134.));
#6369=CARTESIAN_POINT('Ctrl Pts',(-20.5000000000805,54.4692490156354,146.));
#6370=CARTESIAN_POINT('Ctrl Pts',(-21.3164409142055,54.4161139015809,134.));
#6371=CARTESIAN_POINT('Ctrl Pts',(-21.3164409142055,54.4161139015809,146.));
#6372=CARTESIAN_POINT('Ctrl Pts',(-22.1,54.3573943972355,134.));
#6373=CARTESIAN_POINT('Ctrl Pts',(-22.1,54.3573943972355,146.));
#6374=CARTESIAN_POINT('',(-22.1,54.3573943972355,140.));
#6375=CARTESIAN_POINT('Ctrl Pts',(-22.1000000004231,54.3573943972038,134.));
#6376=CARTESIAN_POINT('Ctrl Pts',(-22.1000000004231,54.3573943972038,146.));
#6377=CARTESIAN_POINT('Ctrl Pts',(-55.,51.8918857609887,134.));
#6378=CARTESIAN_POINT('Ctrl Pts',(-55.,51.8918857609887,146.));
#6379=CARTESIAN_POINT('Ctrl Pts',(-55.,1.22124532708767E-14,134.));
#6380=CARTESIAN_POINT('Ctrl Pts',(-55.,1.22124532708767E-14,146.));
#6381=UNCERTAINTY_MEASURE_WITH_UNIT(LENGTH_MEASURE(0.01),#6385,
'DISTANCE_ACCURACY_VALUE',
'Maximum model space distance between geometric entities at asserted c
onnectivities');
#6382=UNCERTAINTY_MEASURE_WITH_UNIT(LENGTH_MEASURE(0.01),#6385,
'DISTANCE_ACCURACY_VALUE',
'Maximum model space distance between geometric entities at asserted c
onnectivities');
#6383=(
GEOMETRIC_REPRESENTATION_CONTEXT(3)
GLOBAL_UNCERTAINTY_ASSIGNED_CONTEXT((#6381))
GLOBAL_UNIT_ASSIGNED_CONTEXT((#6385,#6387,#6388))
REPRESENTATION_CONTEXT('','3D')
);
#6384=(
GEOMETRIC_REPRESENTATION_CONTEXT(3)
GLOBAL_UNCERTAINTY_ASSIGNED_CONTEXT((#6382))
GLOBAL_UNIT_ASSIGNED_CONTEXT((#6385,#6387,#6388))
REPRESENTATION_CONTEXT('','3D')
);
#6385=(
LENGTH_UNIT()
NAMED_UNIT(*)
SI_UNIT(.MILLI.,.METRE.)
);
#6386=(
LENGTH_UNIT()
NAMED_UNIT(*)
SI_UNIT($,.METRE.)
);
#6387=(
NAMED_UNIT(*)
PLANE_ANGLE_UNIT()
SI_UNIT($,.RADIAN.)
);
#6388=(
NAMED_UNIT(*)
SI_UNIT($,.STERADIAN.)
SOLID_ANGLE_UNIT()
);
#6389=SHAPE_DEFINITION_REPRESENTATION(#6390,#6391);
#6390=PRODUCT_DEFINITION_SHAPE('',$,#6393);
#6391=SHAPE_REPRESENTATION('',(#3422),#6383);
#6392=PRODUCT_DEFINITION_CONTEXT('part definition',#6397,'design');
#6393=PRODUCT_DEFINITION('2026-07-17-16-49-56-602','Mid Plate',#6394,#6392);
#6394=PRODUCT_DEFINITION_FORMATION('',$,#6399);
#6395=PRODUCT_RELATED_PRODUCT_CATEGORY('Mid Plate','Mid Plate',(#6399));
#6396=APPLICATION_PROTOCOL_DEFINITION('international standard',
'automotive_design',2009,#6397);
#6397=APPLICATION_CONTEXT(
'Core Data for Automotive Mechanical Design Process');
#6398=PRODUCT_CONTEXT('part definition',#6397,'mechanical');
#6399=PRODUCT('2026-07-17-16-49-56-602','Mid Plate',$,(#6398));
#6400=PRESENTATION_STYLE_ASSIGNMENT((#6402));
#6401=PRESENTATION_STYLE_ASSIGNMENT((#6403));
#6402=SURFACE_STYLE_USAGE(.BOTH.,#6404);
#6403=SURFACE_STYLE_USAGE(.BOTH.,#6405);
#6404=SURFACE_SIDE_STYLE('',(#6406));
#6405=SURFACE_SIDE_STYLE('',(#6407));
#6406=SURFACE_STYLE_FILL_AREA(#6408);
#6407=SURFACE_STYLE_FILL_AREA(#6409);
#6408=FILL_AREA_STYLE('Steel - Satin',(#6410));
#6409=FILL_AREA_STYLE('Opaque(160,160,160)',(#6411));
#6410=FILL_AREA_STYLE_COLOUR('Steel - Satin',#6412);
#6411=FILL_AREA_STYLE_COLOUR('Opaque(160,160,160)',#6413);
#6412=COLOUR_RGB('Steel - Satin',0.627450980392157,0.627450980392157,0.627450980392157);
#6413=COLOUR_RGB('Opaque(160,160,160)',0.627450980392157,0.627450980392157,
0.627450980392157);
ENDSEC;
END-ISO-10303-21;
