ISO-10303-21;
HEADER;
/* Generated by software containing ST-Developer
 * from STEP Tools, Inc. (www.steptools.com) 
 */

FILE_DESCRIPTION(
/* description */ (''),
/* implementation_level */ '2;1');

FILE_NAME(
/* name */ 'Mid Plate for CM4.step',
/* time_stamp */ '2026-07-17T16:50:55-04:00',
/* author */ (''),
/* organization */ (''),
/* preprocessor_version */ 'ST-DEVELOPER v20.1',
/* originating_system */ 'Autodesk Translation Framework v15.8.0.0',
/* authorisation */ '');

FILE_SCHEMA (('AUTOMOTIVE_DESIGN { 1 0 10303 214 3 1 1 }'));
ENDSEC;

DATA;
#10=MECHANICAL_DESIGN_GEOMETRIC_PRESENTATION_REPRESENTATION('',(#13),#6043);
#11=SHAPE_REPRESENTATION_RELATIONSHIP('SRR','None',#6050,#12);
#12=ADVANCED_BREP_SHAPE_REPRESENTATION('',(#14),#6042);
#13=STYLED_ITEM('',(#6060),#14);
#14=MANIFOLD_SOLID_BREP('Mid Plate',#3220);
#15=FACE_BOUND('',#500,.T.);
#16=FACE_BOUND('',#501,.T.);
#17=FACE_BOUND('',#502,.T.);
#18=FACE_BOUND('',#503,.T.);
#19=FACE_BOUND('',#504,.T.);
#20=FACE_BOUND('',#505,.T.);
#21=FACE_BOUND('',#506,.T.);
#22=FACE_BOUND('',#507,.T.);
#23=FACE_BOUND('',#508,.T.);
#24=FACE_BOUND('',#509,.T.);
#25=FACE_BOUND('',#510,.T.);
#26=FACE_BOUND('',#511,.T.);
#27=FACE_BOUND('',#512,.T.);
#28=FACE_BOUND('',#513,.T.);
#29=FACE_BOUND('',#514,.T.);
#30=FACE_BOUND('',#515,.T.);
#31=FACE_BOUND('',#521,.T.);
#32=FACE_BOUND('',#523,.T.);
#33=FACE_BOUND('',#525,.T.);
#34=FACE_BOUND('',#527,.T.);
#35=FACE_BOUND('',#537,.T.);
#36=FACE_BOUND('',#538,.T.);
#37=FACE_BOUND('',#539,.T.);
#38=FACE_BOUND('',#540,.T.);
#39=FACE_BOUND('',#541,.T.);
#40=FACE_BOUND('',#542,.T.);
#41=FACE_BOUND('',#543,.T.);
#42=FACE_BOUND('',#544,.T.);
#43=(
BOUNDED_SURFACE()
B_SPLINE_SURFACE(2,1,((#4774,#4775),(#4776,#4777),(#4778,#4779)),
 .UNSPECIFIED.,.F.,.F.,.F.)
B_SPLINE_SURFACE_WITH_KNOTS((3,3),(2,2),(-9.49447207589764,0.),(0.,1.2),
 .UNSPECIFIED.)
GEOMETRIC_REPRESENTATION_ITEM()
RATIONAL_B_SPLINE_SURFACE(((1.,1.),(2.33333333333333,2.33333333333333),
(1.,1.)))
REPRESENTATION_ITEM('')
SURFACE()
);
#44=(
BOUNDED_SURFACE()
B_SPLINE_SURFACE(2,1,((#4787,#4788),(#4789,#4790),(#4791,#4792)),
 .UNSPECIFIED.,.F.,.F.,.F.)
B_SPLINE_SURFACE_WITH_KNOTS((3,3),(2,2),(-9.49447207589764,0.),(0.,1.2),
 .UNSPECIFIED.)
GEOMETRIC_REPRESENTATION_ITEM()
RATIONAL_B_SPLINE_SURFACE(((1.,1.),(2.33333333333333,2.33333333333333),
(1.,1.)))
REPRESENTATION_ITEM('')
SURFACE()
);
#45=(
BOUNDED_SURFACE()
B_SPLINE_SURFACE(2,1,((#4798,#4799),(#4800,#4801),(#4802,#4803)),
 .UNSPECIFIED.,.F.,.F.,.F.)
B_SPLINE_SURFACE_WITH_KNOTS((3,3),(2,2),(-9.49447207589764,-1.16421386760418),
(0.,1.2),.UNSPECIFIED.)
GEOMETRIC_REPRESENTATION_ITEM()
RATIONAL_B_SPLINE_SURFACE(((1.,1.),(2.16983976103181,2.16983976103181),
(1.28689192232718,1.28689192232718)))
REPRESENTATION_ITEM('')
SURFACE()
);
#46=(
BOUNDED_SURFACE()
B_SPLINE_SURFACE(2,1,((#4809,#4810),(#4811,#4812),(#4813,#4814)),
 .UNSPECIFIED.,.F.,.F.,.F.)
B_SPLINE_SURFACE_WITH_KNOTS((3,3),(2,2),(-1.16421386760418,-1.04767786896375),
(0.,1.2),.UNSPECIFIED.)
GEOMETRIC_REPRESENTATION_ITEM()
RATIONAL_B_SPLINE_SURFACE(((1.28689192232718,1.28689192232718),(1.27453993928439,
1.27453993928439),(1.26178621418961,1.26178621418961)))
REPRESENTATION_ITEM('')
SURFACE()
);
#47=(
BOUNDED_SURFACE()
B_SPLINE_SURFACE(2,2,((#4835,#4836,#4837,#4838,#4839,#4840,#4841,#4842,
#4843),(#4844,#4845,#4846,#4847,#4848,#4849,#4850,#4851,#4852),(#4853,#4854,
#4855,#4856,#4857,#4858,#4859,#4860,#4861)),.UNSPECIFIED.,.F.,.T.,.F.)
B_SPLINE_SURFACE_WITH_KNOTS((3,3),(3,2,2,2,3),(-0.785398163398451,4.80900757229145E-13),
(-3.14159265358979,-1.5707963267949,0.,1.5707963267949,3.14159265358979),
 .UNSPECIFIED.)
GEOMETRIC_REPRESENTATION_ITEM()
RATIONAL_B_SPLINE_SURFACE(((1.,0.707106781186548,1.,0.707106781186548,1.,
0.707106781186548,1.,0.707106781186548,1.),(0.92387953251115,0.653281482438091,
0.92387953251115,0.653281482438091,0.92387953251115,0.653281482438091,0.92387953251115,
0.653281482438091,0.92387953251115),(1.,0.707106781186548,1.,0.707106781186548,
1.,0.707106781186548,1.,0.707106781186548,1.)))
REPRESENTATION_ITEM('')
SURFACE()
);
#48=(
BOUNDED_SURFACE()
B_SPLINE_SURFACE(2,2,((#4879,#4880,#4881,#4882,#4883,#4884,#4885,#4886,
#4887),(#4888,#4889,#4890,#4891,#4892,#4893,#4894,#4895,#4896),(#4897,#4898,
#4899,#4900,#4901,#4902,#4903,#4904,#4905)),.UNSPECIFIED.,.F.,.T.,.F.)
B_SPLINE_SURFACE_WITH_KNOTS((3,3),(3,2,2,2,3),(-0.785398163398242,2.56003459729942E-13),
(-3.14159265358979,-1.5707963267949,0.,1.5707963267949,3.14159265358979),
 .UNSPECIFIED.)
GEOMETRIC_REPRESENTATION_ITEM()
RATIONAL_B_SPLINE_SURFACE(((1.,0.707106781186548,1.,0.707106781186548,1.,
0.707106781186548,1.,0.707106781186548,1.),(0.923879532510841,0.653281482437873,
0.923879532510841,0.653281482437873,0.923879532510841,0.653281482437873,
0.923879532510841,0.653281482437873,0.923879532510841),(1.,0.707106781186548,
1.,0.707106781186548,1.,0.707106781186548,1.,0.707106781186548,1.)))
REPRESENTATION_ITEM('')
SURFACE()
);
#49=(
BOUNDED_SURFACE()
B_SPLINE_SURFACE(2,2,((#4923,#4924,#4925,#4926,#4927,#4928,#4929,#4930,
#4931),(#4932,#4933,#4934,#4935,#4936,#4937,#4938,#4939,#4940),(#4941,#4942,
#4943,#4944,#4945,#4946,#4947,#4948,#4949)),.UNSPECIFIED.,.F.,.T.,.F.)
B_SPLINE_SURFACE_WITH_KNOTS((3,3),(3,2,2,2,3),(-0.785398163398332,2.56003459729974E-13),
(-3.14159265358979,-1.5707963267949,0.,1.5707963267949,3.14159265358979),
 .UNSPECIFIED.)
GEOMETRIC_REPRESENTATION_ITEM()
RATIONAL_B_SPLINE_SURFACE(((1.,0.707106781186548,1.,0.707106781186548,1.,
0.707106781186548,1.,0.707106781186548,1.),(0.923879532510987,0.653281482437976,
0.923879532510987,0.653281482437976,0.923879532510987,0.653281482437976,
0.923879532510987,0.653281482437976,0.923879532510987),(1.,0.707106781186548,
1.,0.707106781186548,1.,0.707106781186548,1.,0.707106781186548,1.)))
REPRESENTATION_ITEM('')
SURFACE()
);
#50=(
BOUNDED_SURFACE()
B_SPLINE_SURFACE(2,2,((#4967,#4968,#4969,#4970,#4971,#4972,#4973,#4974,
#4975),(#4976,#4977,#4978,#4979,#4980,#4981,#4982,#4983,#4984),(#4985,#4986,
#4987,#4988,#4989,#4990,#4991,#4992,#4993)),.UNSPECIFIED.,.F.,.T.,.F.)
B_SPLINE_SURFACE_WITH_KNOTS((3,3),(3,2,2,2,3),(-0.785398163398359,2.66881662773935E-13),
(-3.14159265358979,-1.5707963267949,0.,1.5707963267949,3.14159265358979),
 .UNSPECIFIED.)
GEOMETRIC_REPRESENTATION_ITEM()
RATIONAL_B_SPLINE_SURFACE(((1.,0.707106781186548,1.,0.707106781186548,1.,
0.707106781186548,1.,0.707106781186548,1.),(0.923879532510945,0.653281482437946,
0.923879532510945,0.653281482437946,0.923879532510945,0.653281482437946,
0.923879532510945,0.653281482437946,0.923879532510945),(1.,0.707106781186548,
1.,0.707106781186548,1.,0.707106781186548,1.,0.707106781186548,1.)))
REPRESENTATION_ITEM('')
SURFACE()
);
#51=(
BOUNDED_SURFACE()
B_SPLINE_SURFACE(2,1,((#5015,#5016),(#5017,#5018),(#5019,#5020)),
 .UNSPECIFIED.,.F.,.F.,.F.)
B_SPLINE_SURFACE_WITH_KNOTS((3,3),(2,2),(-1.04767786895806,0.),(0.,3.372),
 .UNSPECIFIED.)
GEOMETRIC_REPRESENTATION_ITEM()
RATIONAL_B_SPLINE_SURFACE(((1.26178621418836,1.26178621418836),(1.14712811982707,
1.14712811982707),(1.,1.)))
REPRESENTATION_ITEM('')
SURFACE()
);
#52=(
BOUNDED_SURFACE()
B_SPLINE_SURFACE(2,1,((#5026,#5027),(#5028,#5029),(#5030,#5031)),
 .UNSPECIFIED.,.F.,.F.,.F.)
B_SPLINE_SURFACE_WITH_KNOTS((3,3),(2,2),(-9.49447207589764,-8.44679420693958),
(0.,3.372),.UNSPECIFIED.)
GEOMETRIC_REPRESENTATION_ITEM()
RATIONAL_B_SPLINE_SURFACE(((1.,1.),(1.14712811982707,1.14712811982707),
(1.26178621418836,1.26178621418836)))
REPRESENTATION_ITEM('')
SURFACE()
);
#53=(
BOUNDED_SURFACE()
B_SPLINE_SURFACE(2,1,((#5095,#5096),(#5097,#5098),(#5099,#5100)),
 .UNSPECIFIED.,.F.,.F.,.F.)
B_SPLINE_SURFACE_WITH_KNOTS((3,3),(2,2),(-8.33025820826169,0.),(0.,1.2),
 .UNSPECIFIED.)
GEOMETRIC_REPRESENTATION_ITEM()
RATIONAL_B_SPLINE_SURFACE(((1.28689192233391,1.28689192233391),(2.16983976102735,
2.16983976102735),(1.,1.)))
REPRESENTATION_ITEM('')
SURFACE()
);
#54=(
BOUNDED_SURFACE()
B_SPLINE_SURFACE(2,1,((#5102,#5103),(#5104,#5105),(#5106,#5107)),
 .UNSPECIFIED.,.F.,.F.,.F.)
B_SPLINE_SURFACE_WITH_KNOTS((3,3),(2,2),(-8.44679420693389,-8.33025820829346),
(0.,1.2),.UNSPECIFIED.)
GEOMETRIC_REPRESENTATION_ITEM()
RATIONAL_B_SPLINE_SURFACE(((1.26178621418961,1.26178621418961),(1.27453993928439,
1.27453993928439),(1.28689192232718,1.28689192232718)))
REPRESENTATION_ITEM('')
SURFACE()
);
#55=(
BOUNDED_SURFACE()
B_SPLINE_SURFACE(2,1,((#5108,#5109),(#5110,#5111),(#5112,#5113)),
 .UNSPECIFIED.,.F.,.F.,.F.)
B_SPLINE_SURFACE_WITH_KNOTS((3,3),(2,2),(-8.33025820826169,0.),(0.,1.2),
 .UNSPECIFIED.)
GEOMETRIC_REPRESENTATION_ITEM()
RATIONAL_B_SPLINE_SURFACE(((1.28689192233391,1.28689192233391),(2.16983976102735,
2.16983976102735),(1.,1.)))
REPRESENTATION_ITEM('')
SURFACE()
);
#56=(
BOUNDED_SURFACE()
B_SPLINE_SURFACE(2,1,((#5121,#5122),(#5123,#5124),(#5125,#5126)),
 .UNSPECIFIED.,.F.,.F.,.F.)
B_SPLINE_SURFACE_WITH_KNOTS((3,3),(2,2),(-8.44679420693389,-8.33025820829346),
(0.,1.2),.UNSPECIFIED.)
GEOMETRIC_REPRESENTATION_ITEM()
RATIONAL_B_SPLINE_SURFACE(((1.26178621418961,1.26178621418961),(1.27453993928439,
1.27453993928439),(1.28689192232718,1.28689192232718)))
REPRESENTATION_ITEM('')
SURFACE()
);
#57=(
BOUNDED_SURFACE()
B_SPLINE_SURFACE(2,1,((#5132,#5133),(#5134,#5135),(#5136,#5137)),
 .UNSPECIFIED.,.F.,.F.,.F.)
B_SPLINE_SURFACE_WITH_KNOTS((3,3),(2,2),(-9.49447207589764,-8.44679420693958),
(0.,3.372),.UNSPECIFIED.)
GEOMETRIC_REPRESENTATION_ITEM()
RATIONAL_B_SPLINE_SURFACE(((1.,1.),(1.14712811982707,1.14712811982707),
(1.26178621418836,1.26178621418836)))
REPRESENTATION_ITEM('')
SURFACE()
);
#58=(
BOUNDED_SURFACE()
B_SPLINE_SURFACE(2,1,((#5145,#5146),(#5147,#5148),(#5149,#5150)),
 .UNSPECIFIED.,.F.,.F.,.F.)
B_SPLINE_SURFACE_WITH_KNOTS((3,3),(2,2),(-1.04767786895806,0.),(0.,3.372),
 .UNSPECIFIED.)
GEOMETRIC_REPRESENTATION_ITEM()
RATIONAL_B_SPLINE_SURFACE(((1.26178621418836,1.26178621418836),(1.14712811982707,
1.14712811982707),(1.,1.)))
REPRESENTATION_ITEM('')
SURFACE()
);
#59=(
BOUNDED_SURFACE()
B_SPLINE_SURFACE(2,1,((#5993,#5994),(#5995,#5996),(#5997,#5998)),
 .UNSPECIFIED.,.F.,.F.,.F.)
B_SPLINE_SURFACE_WITH_KNOTS((3,3),(2,2),(-1.16421386760418,-1.04767786896375),
(0.,1.2),.UNSPECIFIED.)
GEOMETRIC_REPRESENTATION_ITEM()
RATIONAL_B_SPLINE_SURFACE(((1.28689192232718,1.28689192232718),(1.27453993928439,
1.27453993928439),(1.26178621418961,1.26178621418961)))
REPRESENTATION_ITEM('')
SURFACE()
);
#60=(
BOUNDED_SURFACE()
B_SPLINE_SURFACE(2,1,((#6000,#6001),(#6002,#6003),(#6004,#6005)),
 .UNSPECIFIED.,.F.,.F.,.F.)
B_SPLINE_SURFACE_WITH_KNOTS((3,3),(2,2),(-9.49447207589764,-1.16421386760418),
(0.,1.2),.UNSPECIFIED.)
GEOMETRIC_REPRESENTATION_ITEM()
RATIONAL_B_SPLINE_SURFACE(((1.,1.),(2.16983976103181,2.16983976103181),
(1.28689192232718,1.28689192232718)))
REPRESENTATION_ITEM('')
SURFACE()
);
#61=(
BOUNDED_SURFACE()
B_SPLINE_SURFACE(2,1,((#6007,#6008),(#6009,#6010),(#6011,#6012)),
 .UNSPECIFIED.,.F.,.F.,.F.)
B_SPLINE_SURFACE_WITH_KNOTS((3,3),(2,2),(-9.49447207589764,0.),(0.,1.2),
 .UNSPECIFIED.)
GEOMETRIC_REPRESENTATION_ITEM()
RATIONAL_B_SPLINE_SURFACE(((1.,1.),(2.33333333333333,2.33333333333333),
(1.,1.)))
REPRESENTATION_ITEM('')
SURFACE()
);
#62=(
BOUNDED_SURFACE()
B_SPLINE_SURFACE(2,1,((#6014,#6015),(#6016,#6017),(#6018,#6019)),
 .UNSPECIFIED.,.F.,.F.,.F.)
B_SPLINE_SURFACE_WITH_KNOTS((3,3),(2,2),(-9.49447207589764,0.),(0.,1.2),
 .UNSPECIFIED.)
GEOMETRIC_REPRESENTATION_ITEM()
RATIONAL_B_SPLINE_SURFACE(((1.,1.),(2.33333333333333,2.33333333333333),
(1.,1.)))
REPRESENTATION_ITEM('')
SURFACE()
);
#63=B_SPLINE_CURVE_WITH_KNOTS('',3,(#4476,#4477,#4478,#4479,#4480,#4481),
 .UNSPECIFIED.,.F.,.F.,(4,2,4),(-0.160375535963718,-0.0789825448874343,
0.),.UNSPECIFIED.);
#64=B_SPLINE_CURVE_WITH_KNOTS('',3,(#4485,#4486,#4487,#4488,#4489,#4490),
 .UNSPECIFIED.,.F.,.F.,(4,2,4),(-0.160375535963718,-0.0789825448874343,
0.),.UNSPECIFIED.);
#65=B_SPLINE_CURVE_WITH_KNOTS('',3,(#4505,#4506,#4507,#4508,#4509,#4510),
 .UNSPECIFIED.,.F.,.F.,(4,2,4),(-2.03370729827799,-0.854126035714047,0.),
 .UNSPECIFIED.);
#66=B_SPLINE_CURVE_WITH_KNOTS('',3,(#4513,#4514,#4515,#4516,#4517,#4518),
 .UNSPECIFIED.,.F.,.F.,(4,2,4),(-2.03370729827799,-0.854126035714047,0.),
 .UNSPECIFIED.);
#67=B_SPLINE_CURVE_WITH_KNOTS('',3,(#4532,#4533,#4534,#4535,#4536,#4537),
 .UNSPECIFIED.,.F.,.F.,(4,2,4),(-2.02089827871244,-1.17215183578037,0.),
 .UNSPECIFIED.);
#68=B_SPLINE_CURVE_WITH_KNOTS('',3,(#4540,#4541,#4542,#4543,#4544,#4545),
 .UNSPECIFIED.,.F.,.F.,(4,2,4),(-2.02089827871244,-1.17215183578037,0.),
 .UNSPECIFIED.);
#69=B_SPLINE_CURVE_WITH_KNOTS('',3,(#4559,#4560,#4561,#4562,#4563,#4564),
 .UNSPECIFIED.,.F.,.F.,(4,2,4),(-0.160374545543962,-0.0813924884224805,
0.),.UNSPECIFIED.);
#70=B_SPLINE_CURVE_WITH_KNOTS('',3,(#4567,#4568,#4569,#4570,#4571,#4572),
 .UNSPECIFIED.,.F.,.F.,(4,2,4),(-0.160374545543962,-0.0813924884224805,
0.),.UNSPECIFIED.);
#71=B_SPLINE_CURVE_WITH_KNOTS('',3,(#4598,#4599,#4600,#4601,#4602,#4603,
#4604,#4605,#4606,#4607,#4608,#4609),.UNSPECIFIED.,.F.,.F.,(4,2,2,2,2,4),
(-9.06047301406634,-6.55991814486549,-4.78801054860587,-3.54349552552451,
-2.24503677149889,0.),.UNSPECIFIED.);
#72=B_SPLINE_CURVE_WITH_KNOTS('',3,(#4612,#4613,#4614,#4615,#4616,#4617,
#4618,#4619,#4620,#4621,#4622,#4623),.UNSPECIFIED.,.F.,.F.,(4,2,2,2,2,4),
(-9.06047301406634,-6.55991814486549,-4.78801054860587,-3.54349552552451,
-2.24503677149889,0.),.UNSPECIFIED.);
#73=B_SPLINE_CURVE_WITH_KNOTS('',3,(#4649,#4650,#4651,#4652,#4653,#4654,
#4655,#4656,#4657,#4658,#4659,#4660),.UNSPECIFIED.,.F.,.F.,(4,2,2,2,2,4),
(-17.9338123365007,-12.4106987671396,-10.0662287389779,-7.83057682227606,
-5.04908586053006,0.),.UNSPECIFIED.);
#74=B_SPLINE_CURVE_WITH_KNOTS('',3,(#4663,#4664,#4665,#4666,#4667,#4668,
#4669,#4670,#4671,#4672,#4673,#4674),.UNSPECIFIED.,.F.,.F.,(4,2,2,2,2,4),
(-17.9338123365007,-12.4106987671396,-10.0662287389779,-7.83057682227606,
-5.04908586053006,0.),.UNSPECIFIED.);
#75=B_SPLINE_CURVE_WITH_KNOTS('',3,(#4700,#4701,#4702,#4703,#4704,#4705,
#4706,#4707,#4708,#4709,#4710,#4711),.UNSPECIFIED.,.F.,.F.,(4,2,2,2,2,4),
(-17.9338123365153,-12.4106987671439,-10.0662287389796,-7.83057682227669,
-5.04908586053008,0.),.UNSPECIFIED.);
#76=B_SPLINE_CURVE_WITH_KNOTS('',3,(#4714,#4715,#4716,#4717,#4718,#4719,
#4720,#4721,#4722,#4723,#4724,#4725),.UNSPECIFIED.,.F.,.F.,(4,2,2,2,2,4),
(-17.9338123365153,-12.4106987671439,-10.0662287389796,-7.83057682227669,
-5.04908586053008,0.),.UNSPECIFIED.);
#77=B_SPLINE_CURVE_WITH_KNOTS('',3,(#4750,#4751,#4752,#4753,#4754,#4755,
#4756,#4757,#4758,#4759,#4760,#4761),.UNSPECIFIED.,.F.,.F.,(4,2,2,2,2,4),
(-15.7619917614073,-12.8411489928175,-10.4409646484821,-8.1677594254834,
-5.52941383680642,0.),.UNSPECIFIED.);
#78=B_SPLINE_CURVE_WITH_KNOTS('',3,(#4762,#4763,#4764,#4765,#4766,#4767,
#4768,#4769,#4770,#4771,#4772,#4773),.UNSPECIFIED.,.F.,.F.,(4,2,2,2,2,4),
(-15.7619917614073,-12.8411489928175,-10.4409646484821,-8.1677594254834,
-5.52941383680642,0.),.UNSPECIFIED.);
#79=B_SPLINE_CURVE_WITH_KNOTS('',3,(#5196,#5197,#5198,#5199),
 .UNSPECIFIED.,.F.,.F.,(4,4),(0.,0.160398659822342),.UNSPECIFIED.);
#80=B_SPLINE_CURVE_WITH_KNOTS('',3,(#5203,#5204,#5205,#5206),
 .UNSPECIFIED.,.F.,.F.,(4,4),(0.,0.16042020631877),.UNSPECIFIED.);
#81=B_SPLINE_CURVE_WITH_KNOTS('',3,(#5208,#5209,#5210,#5211,#5212,#5213),
 .UNSPECIFIED.,.F.,.F.,(4,2,4),(0.,0.995551178065301,2.05409595457655),
 .UNSPECIFIED.);
#82=B_SPLINE_CURVE_WITH_KNOTS('',3,(#5215,#5216,#5217,#5218,#5219,#5220),
 .UNSPECIFIED.,.F.,.F.,(4,2,4),(0.,1.20417314283833,1.98901359989369),
 .UNSPECIFIED.);
#83=B_SPLINE_CURVE_WITH_KNOTS('',3,(#5222,#5223,#5224,#5225),
 .UNSPECIFIED.,.F.,.F.,(4,4),(0.,0.160401742540867),.UNSPECIFIED.);
#84=B_SPLINE_CURVE_WITH_KNOTS('',3,(#5228,#5229,#5230,#5231),
 .UNSPECIFIED.,.F.,.F.,(4,4),(0.,0.16039189982616),.UNSPECIFIED.);
#85=B_SPLINE_CURVE_WITH_KNOTS('',3,(#5364,#5365,#5366,#5367,#5368,#5369),
 .UNSPECIFIED.,.F.,.F.,(4,2,4),(-1.06882091311935,-0.647077243791118,0.),
 .UNSPECIFIED.);
#86=B_SPLINE_CURVE_WITH_KNOTS('',3,(#5373,#5374,#5375,#5376,#5377,#5378),
 .UNSPECIFIED.,.F.,.F.,(4,2,4),(-2.13349464770202,-1.27464160601941,0.),
 .UNSPECIFIED.);
#87=B_SPLINE_CURVE_WITH_KNOTS('',3,(#5381,#5382,#5383,#5384),
 .UNSPECIFIED.,.F.,.F.,(4,4),(-1.19040157831123,-1.0688209131201),
 .UNSPECIFIED.);
#88=B_SPLINE_CURVE_WITH_KNOTS('',3,(#5399,#5400,#5401,#5402),
 .UNSPECIFIED.,.F.,.F.,(4,4),(1.05539053626723,1.17383991254775),
 .UNSPECIFIED.);
#89=B_SPLINE_CURVE_WITH_KNOTS('',3,(#5406,#5407,#5408,#5409,#5410,#5411),
 .UNSPECIFIED.,.F.,.F.,(4,2,4),(-2.22648081959376,-0.901598731659714,0.),
 .UNSPECIFIED.);
#90=B_SPLINE_CURVE_WITH_KNOTS('',3,(#5414,#5415,#5416,#5417,#5418,#5419),
 .UNSPECIFIED.,.F.,.F.,(4,2,4),(0.15925446951892,0.901598731659714,2.22648081959376),
 .UNSPECIFIED.);
#91=B_SPLINE_CURVE_WITH_KNOTS('',3,(#5433,#5434,#5435,#5436,#5437,#5438),
 .UNSPECIFIED.,.F.,.F.,(4,2,4),(0.,1.28292514537323,2.01332726496777),
 .UNSPECIFIED.);
#92=B_SPLINE_CURVE_WITH_KNOTS('',3,(#5440,#5441,#5442,#5443,#5444,#5445),
 .UNSPECIFIED.,.F.,.F.,(4,2,4),(-2.17001413483732,-1.28292514537323,0.),
 .UNSPECIFIED.);
#93=B_SPLINE_CURVE_WITH_KNOTS('',3,(#5448,#5449,#5450,#5451),
 .UNSPECIFIED.,.F.,.F.,(4,4),(8.32011016328019,8.43869143042381),
 .UNSPECIFIED.);
#94=B_SPLINE_CURVE_WITH_KNOTS('',3,(#5466,#5467,#5468,#5469),
 .UNSPECIFIED.,.F.,.F.,(4,4),(-8.42519888040625,-8.30350233976377),
 .UNSPECIFIED.);
#95=B_SPLINE_CURVE_WITH_KNOTS('',3,(#5472,#5473,#5474,#5475,#5476,#5477),
 .UNSPECIFIED.,.F.,.F.,(4,2,4),(-2.20953810524637,-0.898848086191944,0.),
 .UNSPECIFIED.);
#96=B_SPLINE_CURVE_WITH_KNOTS('',3,(#5478,#5479,#5480,#5481,#5482,#5483),
 .UNSPECIFIED.,.F.,.F.,(4,2,4),(-9.49447207589764,-8.94343961160215,-8.42519888040737),
 .UNSPECIFIED.);
#97=B_SPLINE_CURVE_WITH_KNOTS('',3,(#5566,#5567,#5568,#5569,#5570,#5571,
#5572,#5573,#5574,#5575,#5576,#5577,#5578,#5579),.UNSPECIFIED.,.F.,.F.,
(4,2,2,2,2,2,4),(-1.94182887905862,-1.90289480839724,-1.83282071988468,
-1.76274663137211,-1.69267254285955,-1.62259845434698,-1.5836643836856),
 .UNSPECIFIED.);
#98=B_SPLINE_CURVE_WITH_KNOTS('',2,(#5586,#5587,#5588),.UNSPECIFIED.,.F.,
 .F.,(3,3),(0.0225662275858878,0.255580515193841),.UNSPECIFIED.);
#99=B_SPLINE_CURVE_WITH_KNOTS('',3,(#5592,#5593,#5594,#5595,#5596,#5597,
#5598,#5599,#5600,#5601,#5602,#5603,#5604,#5605),.UNSPECIFIED.,.F.,.F.,
(4,2,2,2,2,2,4),(-1.94182887905863,-1.90289480839724,-1.83282071988468,
-1.76274663137211,-1.69267254285955,-1.62259845434699,-1.5836643836856),
 .UNSPECIFIED.);
#100=B_SPLINE_CURVE_WITH_KNOTS('',3,(#5620,#5621,#5622,#5623,#5624,#5625),
 .UNSPECIFIED.,.F.,.F.,(4,2,4),(0.295372527063787,0.341071777769707,0.437967131924297),
 .UNSPECIFIED.);
#101=B_SPLINE_CURVE_WITH_KNOTS('',3,(#5628,#5629,#5630,#5631,#5632,#5633),
 .UNSPECIFIED.,.F.,.F.,(4,2,4),(0.295372527063785,0.341071777769707,0.437967131924297),
 .UNSPECIFIED.);
#102=B_SPLINE_CURVE_WITH_KNOTS('',3,(#5634,#5635,#5636,#5637,#5638,#5639),
 .UNSPECIFIED.,.F.,.F.,(4,2,4),(0.804769131715641,0.901664485870226,0.94736373657615),
 .UNSPECIFIED.);
#103=B_SPLINE_CURVE_WITH_KNOTS('',3,(#5647,#5648,#5649,#5650,#5651,#5652),
 .UNSPECIFIED.,.F.,.F.,(4,2,4),(0.804769131715641,0.901664485870226,0.947363736576143),
 .UNSPECIFIED.);
#104=B_SPLINE_CURVE_WITH_KNOTS('',3,(#5659,#5660,#5661,#5662,#5663,#5664,
#5665,#5666,#5667,#5668,#5669,#5670,#5671,#5672),.UNSPECIFIED.,.F.,.F.,
(4,2,2,2,2,2,4),(-1.94182887905862,-1.90289480839724,-1.83282071988468,
-1.76274663137211,-1.69267254285955,-1.62259845434698,-1.59041237981705),
 .UNSPECIFIED.);
#105=B_SPLINE_CURVE_WITH_KNOTS('',3,(#5674,#5675,#5676,#5677),
 .UNSPECIFIED.,.F.,.F.,(4,4),(-1.59041237981705,-1.58366295359777),
 .UNSPECIFIED.);
#106=B_SPLINE_CURVE_WITH_KNOTS('',2,(#5680,#5681,#5682),.UNSPECIFIED.,.F.,
 .F.,(3,3),(0.0225662275858811,0.255580515193834),.UNSPECIFIED.);
#107=B_SPLINE_CURVE_WITH_KNOTS('',3,(#5701,#5702,#5703,#5704,#5705,#5706),
 .UNSPECIFIED.,.F.,.F.,(4,2,4),(0.295372527063787,0.341071777769707,0.437967131924297),
 .UNSPECIFIED.);
#108=B_SPLINE_CURVE_WITH_KNOTS('',3,(#5712,#5713,#5714,#5715,#5716,#5717),
 .UNSPECIFIED.,.F.,.F.,(4,2,4),(0.804769131715641,0.901664485870226,0.947363736576151),
 .UNSPECIFIED.);
#109=B_SPLINE_SURFACE_WITH_KNOTS('',3,1,((#4462,#4463),(#4464,#4465),(#4466,
#4467),(#4468,#4469),(#4470,#4471),(#4472,#4473)),.UNSPECIFIED.,.F.,.F.,
 .F.,(4,2,4),(2,2),(-0.160375535963718,-0.0789825448874343,0.),(-1.9,0.499999999999996),
 .UNSPECIFIED.);
#110=B_SPLINE_SURFACE_WITH_KNOTS('',3,1,((#4492,#4493),(#4494,#4495),(#4496,
#4497),(#4498,#4499),(#4500,#4501),(#4502,#4503)),.UNSPECIFIED.,.F.,.F.,
 .F.,(4,2,4),(2,2),(-2.03370729827799,-0.854126035714047,0.),(-1.90000755203637,
0.499999999999996),.UNSPECIFIED.);
#111=B_SPLINE_SURFACE_WITH_KNOTS('',3,1,((#4519,#4520),(#4521,#4522),(#4523,
#4524),(#4525,#4526),(#4527,#4528),(#4529,#4530)),.UNSPECIFIED.,.F.,.F.,
 .F.,(4,2,4),(2,2),(-2.02089827871244,-1.17215183578037,0.),(-1.90000755203637,
0.499999999999996),.UNSPECIFIED.);
#112=B_SPLINE_SURFACE_WITH_KNOTS('',3,1,((#4546,#4547),(#4548,#4549),(#4550,
#4551),(#4552,#4553),(#4554,#4555),(#4556,#4557)),.UNSPECIFIED.,.F.,.F.,
 .F.,(4,2,4),(2,2),(-0.160374545543962,-0.0813924884224805,0.),(-1.9,0.499999999999996),
 .UNSPECIFIED.);
#113=B_SPLINE_SURFACE_WITH_KNOTS('',3,1,((#4573,#4574),(#4575,#4576),(#4577,
#4578),(#4579,#4580),(#4581,#4582),(#4583,#4584),(#4585,#4586),(#4587,#4588),
(#4589,#4590),(#4591,#4592),(#4593,#4594),(#4595,#4596)),.UNSPECIFIED.,
 .F.,.F.,.F.,(4,2,2,2,2,4),(2,2),(-9.06047301406634,-6.55991814486549,-4.78801054860587,
-3.54349552552451,-2.24503677149889,0.),(-1.90047354462275,0.499999999999996),
 .UNSPECIFIED.);
#114=B_SPLINE_SURFACE_WITH_KNOTS('',3,1,((#4624,#4625),(#4626,#4627),(#4628,
#4629),(#4630,#4631),(#4632,#4633),(#4634,#4635),(#4636,#4637),(#4638,#4639),
(#4640,#4641),(#4642,#4643),(#4644,#4645),(#4646,#4647)),.UNSPECIFIED.,
 .F.,.F.,.F.,(4,2,2,2,2,4),(2,2),(-17.9338123365007,-12.4106987671396,-10.0662287389779,
-7.83057682227606,-5.04908586053006,0.),(-1.90018035062786,0.499999999999998),
 .UNSPECIFIED.);
#115=B_SPLINE_SURFACE_WITH_KNOTS('',3,1,((#4675,#4676),(#4677,#4678),(#4679,
#4680),(#4681,#4682),(#4683,#4684),(#4685,#4686),(#4687,#4688),(#4689,#4690),
(#4691,#4692),(#4693,#4694),(#4695,#4696),(#4697,#4698)),.UNSPECIFIED.,
 .F.,.F.,.F.,(4,2,2,2,2,4),(2,2),(-17.9338123365153,-12.4106987671439,-10.0662287389796,
-7.83057682227669,-5.04908586053008,0.),(-1.90018035062786,0.499999999999996),
 .UNSPECIFIED.);
#116=B_SPLINE_SURFACE_WITH_KNOTS('',3,1,((#4726,#4727),(#4728,#4729),(#4730,
#4731),(#4732,#4733),(#4734,#4735),(#4736,#4737),(#4738,#4739),(#4740,#4741),
(#4742,#4743),(#4744,#4745),(#4746,#4747),(#4748,#4749)),.UNSPECIFIED.,
 .F.,.F.,.F.,(4,2,2,2,2,4),(2,2),(-15.7619917614073,-12.8411489928175,-10.4409646484821,
-8.1677594254834,-5.52941383680642,0.),(-1.9002707360131,0.499999999999998),
 .UNSPECIFIED.);
#117=B_SPLINE_SURFACE_WITH_KNOTS('',3,1,((#5350,#5351),(#5352,#5353),(#5354,
#5355),(#5356,#5357),(#5358,#5359),(#5360,#5361)),.UNSPECIFIED.,.F.,.F.,
 .F.,(4,2,4),(2,2),(-2.13349464770202,-1.27464160601941,0.),(0.,0.192000000000002),
 .UNSPECIFIED.);
#118=B_SPLINE_SURFACE_WITH_KNOTS('',3,1,((#5385,#5386),(#5387,#5388),(#5389,
#5390),(#5391,#5392),(#5393,#5394),(#5395,#5396)),.UNSPECIFIED.,.F.,.F.,
 .F.,(4,2,4),(2,2),(-2.22648081959376,-0.901598731659714,0.),(0.,0.192000000000002),
 .UNSPECIFIED.);
#119=B_SPLINE_SURFACE_WITH_KNOTS('',3,1,((#5420,#5421),(#5422,#5423),(#5424,
#5425),(#5426,#5427),(#5428,#5429),(#5430,#5431)),.UNSPECIFIED.,.F.,.F.,
 .F.,(4,2,4),(2,2),(-2.17001413483732,-1.28292514537323,0.),(0.,0.192000000000002),
 .UNSPECIFIED.);
#120=B_SPLINE_SURFACE_WITH_KNOTS('',3,1,((#5452,#5453),(#5454,#5455),(#5456,
#5457),(#5458,#5459),(#5460,#5461),(#5462,#5463)),.UNSPECIFIED.,.F.,.F.,
 .F.,(4,2,4),(2,2),(-2.20953810524637,-0.898848086191944,0.),(0.,0.192000000000002),
 .UNSPECIFIED.);
#121=B_SPLINE_SURFACE_WITH_KNOTS('',3,1,((#5490,#5491),(#5492,#5493),(#5494,
#5495),(#5496,#5497)),.UNSPECIFIED.,.F.,.F.,.F.,(4,4),(2,2),(1.05539023883336,
1.17383991254775),(0.,2.412),.UNSPECIFIED.);
#122=B_SPLINE_SURFACE_WITH_KNOTS('',3,1,((#5502,#5503),(#5504,#5505),(#5506,
#5507),(#5508,#5509)),.UNSPECIFIED.,.F.,.F.,.F.,(4,4),(2,2),(-1.19040157831123,
-1.0688209131201),(0.,2.412),.UNSPECIFIED.);
#123=B_SPLINE_SURFACE_WITH_KNOTS('',3,1,((#5511,#5512),(#5513,#5514),(#5515,
#5516),(#5517,#5518),(#5519,#5520),(#5521,#5522),(#5523,#5524)),
 .UNSPECIFIED.,.F.,.F.,.F.,(4,3,4),(2,2),(-1.06882091311935,-0.647077243791118,
0.),(0.,2.412),.UNSPECIFIED.);
#124=B_SPLINE_SURFACE_WITH_KNOTS('',3,1,((#5526,#5527),(#5528,#5529),(#5530,
#5531),(#5532,#5533),(#5534,#5535),(#5536,#5537),(#5538,#5539)),
 .UNSPECIFIED.,.F.,.F.,.F.,(4,3,4),(2,2),(-9.49447207589764,-8.94343961160215,
-8.42519888040737),(0.,2.412),.UNSPECIFIED.);
#125=B_SPLINE_SURFACE_WITH_KNOTS('',3,1,((#5541,#5542),(#5543,#5544),(#5545,
#5546),(#5547,#5548)),.UNSPECIFIED.,.F.,.F.,.F.,(4,4),(2,2),(-8.42519888040625,
-8.30350233976377),(0.,2.412),.UNSPECIFIED.);
#126=B_SPLINE_SURFACE_WITH_KNOTS('',3,1,((#5553,#5554),(#5555,#5556),(#5557,
#5558),(#5559,#5560)),.UNSPECIFIED.,.F.,.F.,.F.,(4,4),(2,2),(8.32011016328019,
8.43869157397722),(0.,2.412),.UNSPECIFIED.);
#127=CONICAL_SURFACE('',#3252,3.09000001490116,0.785398163397447);
#128=CONICAL_SURFACE('',#3257,3.09000001490116,0.785398163397447);
#129=CONICAL_SURFACE('',#3259,3.09000001490116,0.785398163397447);
#130=CONICAL_SURFACE('',#3264,3.09000001490116,0.785398163397447);
#131=CONICAL_SURFACE('',#3273,1.1,0.785398163397448);
#132=CONICAL_SURFACE('',#3282,1.1,0.785398163397448);
#133=CONICAL_SURFACE('',#3291,1.1,0.785398163397451);
#134=CONICAL_SURFACE('',#3300,1.1,0.785398163397451);
#135=CONICAL_SURFACE('',#3385,51.6,0.785398163397448);
#136=CONICAL_SURFACE('',#3396,50.,0.785398163397448);
#137=CONICAL_SURFACE('',#3398,50.,0.785398163397448);
#138=CONICAL_SURFACE('',#3402,50.,0.785398163397448);
#139=CONICAL_SURFACE('',#3406,51.6,0.785398163397448);
#140=CONICAL_SURFACE('',#3415,50.,0.785398163397448);
#141=CONICAL_SURFACE('',#3420,50.,0.785398163397448);
#142=(
BOUNDED_CURVE()
B_SPLINE_CURVE(2,(#4418,#4419,#4420),.UNSPECIFIED.,.F.,.F.)
B_SPLINE_CURVE_WITH_KNOTS((3,3),(0.,0.255460725588839),.UNSPECIFIED.)
CURVE()
GEOMETRIC_REPRESENTATION_ITEM()
RATIONAL_B_SPLINE_CURVE((1.,1.06087314408484,1.))
REPRESENTATION_ITEM('')
);
#143=(
BOUNDED_CURVE()
B_SPLINE_CURVE(2,(#4429,#4430,#4431),.UNSPECIFIED.,.F.,.F.)
B_SPLINE_CURVE_WITH_KNOTS((3,3),(0.,0.255460725588839),.UNSPECIFIED.)
CURVE()
GEOMETRIC_REPRESENTATION_ITEM()
RATIONAL_B_SPLINE_CURVE((1.,1.06087314408484,1.))
REPRESENTATION_ITEM('')
);
#144=(
BOUNDED_CURVE()
B_SPLINE_CURVE(2,(#4436,#4437,#4438),.UNSPECIFIED.,.F.,.F.)
B_SPLINE_CURVE_WITH_KNOTS((3,3),(0.,0.255460725588839),.UNSPECIFIED.)
CURVE()
GEOMETRIC_REPRESENTATION_ITEM()
RATIONAL_B_SPLINE_CURVE((1.,1.06087314408484,1.))
REPRESENTATION_ITEM('')
);
#145=(
BOUNDED_CURVE()
B_SPLINE_CURVE(2,(#4442,#4443,#4444),.UNSPECIFIED.,.F.,.F.)
B_SPLINE_CURVE_WITH_KNOTS((3,3),(0.,0.255460725588839),.UNSPECIFIED.)
CURVE()
GEOMETRIC_REPRESENTATION_ITEM()
RATIONAL_B_SPLINE_CURVE((1.,1.06087314408484,1.))
REPRESENTATION_ITEM('')
);
#146=(
BOUNDED_CURVE()
B_SPLINE_CURVE(2,(#4783,#4784,#4785),.UNSPECIFIED.,.F.,.F.)
B_SPLINE_CURVE_WITH_KNOTS((3,3),(-9.49447207589764,0.),.UNSPECIFIED.)
CURVE()
GEOMETRIC_REPRESENTATION_ITEM()
RATIONAL_B_SPLINE_CURVE((1.,2.33333333333333,1.))
REPRESENTATION_ITEM('')
);
#147=(
BOUNDED_CURVE()
B_SPLINE_CURVE(2,(#4795,#4796,#4797),.UNSPECIFIED.,.F.,.F.)
B_SPLINE_CURVE_WITH_KNOTS((3,3),(-9.49447207589764,0.),.UNSPECIFIED.)
CURVE()
GEOMETRIC_REPRESENTATION_ITEM()
RATIONAL_B_SPLINE_CURVE((1.,2.33333333333333,1.))
REPRESENTATION_ITEM('')
);
#148=(
BOUNDED_CURVE()
B_SPLINE_CURVE(2,(#4806,#4807,#4808),.UNSPECIFIED.,.F.,.F.)
B_SPLINE_CURVE_WITH_KNOTS((3,3),(-9.49447207589764,-1.16421386760418),
 .UNSPECIFIED.)
CURVE()
GEOMETRIC_REPRESENTATION_ITEM()
RATIONAL_B_SPLINE_CURVE((1.,2.16983976103181,1.28689192232718))
REPRESENTATION_ITEM('')
);
#149=(
BOUNDED_CURVE()
B_SPLINE_CURVE(2,(#4817,#4818,#4819),.UNSPECIFIED.,.F.,.F.)
B_SPLINE_CURVE_WITH_KNOTS((3,3),(-1.16421386760418,-1.04767786896375),
 .UNSPECIFIED.)
CURVE()
GEOMETRIC_REPRESENTATION_ITEM()
RATIONAL_B_SPLINE_CURVE((1.28689192232718,1.27453993928439,1.26178621418961))
REPRESENTATION_ITEM('')
);
#150=(
BOUNDED_CURVE()
B_SPLINE_CURVE(2,(#5023,#5024,#5025),.UNSPECIFIED.,.F.,.F.)
B_SPLINE_CURVE_WITH_KNOTS((3,3),(-1.04767786895806,0.),.UNSPECIFIED.)
CURVE()
GEOMETRIC_REPRESENTATION_ITEM()
RATIONAL_B_SPLINE_CURVE((1.26178621418836,1.14712811982707,1.))
REPRESENTATION_ITEM('')
);
#151=(
BOUNDED_CURVE()
B_SPLINE_CURVE(2,(#5034,#5035,#5036),.UNSPECIFIED.,.F.,.F.)
B_SPLINE_CURVE_WITH_KNOTS((3,3),(-9.49447207589764,-8.44679420693958),
 .UNSPECIFIED.)
CURVE()
GEOMETRIC_REPRESENTATION_ITEM()
RATIONAL_B_SPLINE_CURVE((1.,1.14712811982707,1.26178621418836))
REPRESENTATION_ITEM('')
);
#152=(
BOUNDED_CURVE()
B_SPLINE_CURVE(2,(#5039,#5040,#5041),.UNSPECIFIED.,.F.,.F.)
B_SPLINE_CURVE_WITH_KNOTS((3,3),(-8.44679420693389,-8.33025820829346),
 .UNSPECIFIED.)
CURVE()
GEOMETRIC_REPRESENTATION_ITEM()
RATIONAL_B_SPLINE_CURVE((1.26178621418961,1.27453993928439,1.28689192232718))
REPRESENTATION_ITEM('')
);
#153=(
BOUNDED_CURVE()
B_SPLINE_CURVE(2,(#5042,#5043,#5044),.UNSPECIFIED.,.F.,.F.)
B_SPLINE_CURVE_WITH_KNOTS((3,3),(-8.33025820826169,0.),.UNSPECIFIED.)
CURVE()
GEOMETRIC_REPRESENTATION_ITEM()
RATIONAL_B_SPLINE_CURVE((1.28689192233391,2.16983976102735,1.))
REPRESENTATION_ITEM('')
);
#154=(
BOUNDED_CURVE()
B_SPLINE_CURVE(2,(#5117,#5118,#5119),.UNSPECIFIED.,.F.,.F.)
B_SPLINE_CURVE_WITH_KNOTS((3,3),(0.,8.33025820826169),.UNSPECIFIED.)
CURVE()
GEOMETRIC_REPRESENTATION_ITEM()
RATIONAL_B_SPLINE_CURVE((1.,2.16983976102735,1.28689192233391))
REPRESENTATION_ITEM('')
);
#155=(
BOUNDED_CURVE()
B_SPLINE_CURVE(2,(#5129,#5130,#5131),.UNSPECIFIED.,.F.,.F.)
B_SPLINE_CURVE_WITH_KNOTS((3,3),(8.33025820829346,8.44679420693389),
 .UNSPECIFIED.)
CURVE()
GEOMETRIC_REPRESENTATION_ITEM()
RATIONAL_B_SPLINE_CURVE((1.28689192232718,1.27453993928439,1.26178621418961))
REPRESENTATION_ITEM('')
);
#156=(
BOUNDED_CURVE()
B_SPLINE_CURVE(2,(#5141,#5142,#5143),.UNSPECIFIED.,.F.,.F.)
B_SPLINE_CURVE_WITH_KNOTS((3,3),(8.44679420693958,9.49447207589764),
 .UNSPECIFIED.)
CURVE()
GEOMETRIC_REPRESENTATION_ITEM()
RATIONAL_B_SPLINE_CURVE((1.26178621418836,1.14712811982707,1.))
REPRESENTATION_ITEM('')
);
#157=(
BOUNDED_CURVE()
B_SPLINE_CURVE(2,(#5155,#5156,#5157),.UNSPECIFIED.,.F.,.F.)
B_SPLINE_CURVE_WITH_KNOTS((3,3),(0.,1.04767786895806),.UNSPECIFIED.)
CURVE()
GEOMETRIC_REPRESENTATION_ITEM()
RATIONAL_B_SPLINE_CURVE((1.,1.14712811982707,1.26178621418836))
REPRESENTATION_ITEM('')
);
#158=(
BOUNDED_CURVE()
B_SPLINE_CURVE(2,(#5179,#5180,#5181),.UNSPECIFIED.,.F.,.F.)
B_SPLINE_CURVE_WITH_KNOTS((3,3),(1.04767786896375,1.16421386760418),
 .UNSPECIFIED.)
CURVE()
GEOMETRIC_REPRESENTATION_ITEM()
RATIONAL_B_SPLINE_CURVE((1.26178621418961,1.27453993928439,1.28689192232718))
REPRESENTATION_ITEM('')
);
#159=(
BOUNDED_CURVE()
B_SPLINE_CURVE(2,(#5183,#5184,#5185),.UNSPECIFIED.,.F.,.F.)
B_SPLINE_CURVE_WITH_KNOTS((3,3),(1.16421386760418,9.49447207589764),
 .UNSPECIFIED.)
CURVE()
GEOMETRIC_REPRESENTATION_ITEM()
RATIONAL_B_SPLINE_CURVE((1.28689192232718,2.16983976103181,1.))
REPRESENTATION_ITEM('')
);
#160=(
BOUNDED_CURVE()
B_SPLINE_CURVE(2,(#5187,#5188,#5189),.UNSPECIFIED.,.F.,.F.)
B_SPLINE_CURVE_WITH_KNOTS((3,3),(0.,9.49447207589764),.UNSPECIFIED.)
CURVE()
GEOMETRIC_REPRESENTATION_ITEM()
RATIONAL_B_SPLINE_CURVE((1.,2.33333333333333,1.))
REPRESENTATION_ITEM('')
);
#161=(
BOUNDED_CURVE()
B_SPLINE_CURVE(2,(#5190,#5191,#5192),.UNSPECIFIED.,.F.,.F.)
B_SPLINE_CURVE_WITH_KNOTS((3,3),(0.,9.49447207589764),.UNSPECIFIED.)
CURVE()
GEOMETRIC_REPRESENTATION_ITEM()
RATIONAL_B_SPLINE_CURVE((1.,2.33333333333333,1.))
REPRESENTATION_ITEM('')
);
#162=(
BOUNDED_CURVE()
B_SPLINE_CURVE(2,(#5582,#5583,#5584),.UNSPECIFIED.,.F.,.F.)
B_SPLINE_CURVE_WITH_KNOTS((3,3),(0.203272586624187,0.36852569499182),
 .UNSPECIFIED.)
CURVE()
GEOMETRIC_REPRESENTATION_ITEM()
RATIONAL_B_SPLINE_CURVE((1.,1.,1.))
REPRESENTATION_ITEM('')
);
#163=(
BOUNDED_CURVE()
B_SPLINE_CURVE(2,(#5684,#5685,#5686),.UNSPECIFIED.,.F.,.F.)
B_SPLINE_CURVE_WITH_KNOTS((3,3),(-0.381400711865729,-0.216147603498095),
 .UNSPECIFIED.)
CURVE()
GEOMETRIC_REPRESENTATION_ITEM()
RATIONAL_B_SPLINE_CURVE((1.,1.,1.))
REPRESENTATION_ITEM('')
);
#164=PLANE('',#3243);
#165=PLANE('',#3244);
#166=PLANE('',#3245);
#167=PLANE('',#3246);
#168=PLANE('',#3247);
#169=PLANE('',#3248);
#170=PLANE('',#3249);
#171=PLANE('',#3250);
#172=PLANE('',#3251);
#173=PLANE('',#3255);
#174=PLANE('',#3262);
#175=PLANE('',#3263);
#176=PLANE('',#3267);
#177=PLANE('',#3304);
#178=PLANE('',#3305);
#179=PLANE('',#3306);
#180=PLANE('',#3307);
#181=PLANE('',#3308);
#182=PLANE('',#3325);
#183=PLANE('',#3327);
#184=PLANE('',#3329);
#185=PLANE('',#3331);
#186=PLANE('',#3335);
#187=PLANE('',#3337);
#188=PLANE('',#3354);
#189=PLANE('',#3355);
#190=PLANE('',#3356);
#191=PLANE('',#3358);
#192=PLANE('',#3367);
#193=PLANE('',#3368);
#194=PLANE('',#3369);
#195=PLANE('',#3371);
#196=PLANE('',#3372);
#197=PLANE('',#3373);
#198=PLANE('',#3375);
#199=PLANE('',#3376);
#200=PLANE('',#3377);
#201=PLANE('',#3378);
#202=PLANE('',#3379);
#203=PLANE('',#3380);
#204=PLANE('',#3381);
#205=PLANE('',#3382);
#206=PLANE('',#3383);
#207=PLANE('',#3384);
#208=PLANE('',#3389);
#209=PLANE('',#3392);
#210=PLANE('',#3399);
#211=PLANE('',#3401);
#212=PLANE('',#3404);
#213=PLANE('',#3409);
#214=PLANE('',#3412);
#215=PLANE('',#3417);
#216=PLANE('',#3419);
#217=PLANE('',#3421);
#218=PLANE('',#3422);
#219=PLANE('',#3424);
#220=PLANE('',#3426);
#221=PLANE('',#3428);
#222=PLANE('',#3429);
#223=PLANE('',#3431);
#224=PLANE('',#3432);
#225=PLANE('',#3434);
#226=PLANE('',#3436);
#227=PLANE('',#3438);
#228=PLANE('',#3439);
#229=PLANE('',#3441);
#230=PLANE('',#3442);
#231=PLANE('',#3444);
#232=PLANE('',#3446);
#233=PLANE('',#3448);
#234=PLANE('',#3449);
#235=PLANE('',#3451);
#236=PLANE('',#3452);
#237=PLANE('',#3454);
#238=PLANE('',#3455);
#239=PLANE('',#3457);
#240=PLANE('',#3459);
#241=PLANE('',#3461);
#242=PLANE('',#3462);
#243=PLANE('',#3463);
#244=PLANE('',#3465);
#245=PLANE('',#3467);
#246=PLANE('',#3468);
#247=PLANE('',#3469);
#248=PLANE('',#3471);
#249=PLANE('',#3473);
#250=PLANE('',#3475);
#251=PLANE('',#3476);
#252=PLANE('',#3477);
#253=PLANE('',#3479);
#254=PLANE('',#3481);
#255=PLANE('',#3482);
#256=PLANE('',#3483);
#257=PLANE('',#3485);
#258=PLANE('',#3487);
#259=PLANE('',#3489);
#260=PLANE('',#3491);
#261=PLANE('',#3493);
#262=PLANE('',#3496);
#263=PLANE('',#3499);
#264=PLANE('',#3502);
#265=PLANE('',#3506);
#266=PLANE('',#3510);
#267=PLANE('',#3519);
#268=PLANE('',#3520);
#269=FACE_OUTER_BOUND('',#451,.T.);
#270=FACE_OUTER_BOUND('',#452,.T.);
#271=FACE_OUTER_BOUND('',#453,.T.);
#272=FACE_OUTER_BOUND('',#454,.T.);
#273=FACE_OUTER_BOUND('',#455,.T.);
#274=FACE_OUTER_BOUND('',#456,.T.);
#275=FACE_OUTER_BOUND('',#457,.T.);
#276=FACE_OUTER_BOUND('',#458,.T.);
#277=FACE_OUTER_BOUND('',#459,.T.);
#278=FACE_OUTER_BOUND('',#460,.T.);
#279=FACE_OUTER_BOUND('',#461,.T.);
#280=FACE_OUTER_BOUND('',#462,.T.);
#281=FACE_OUTER_BOUND('',#463,.T.);
#282=FACE_OUTER_BOUND('',#464,.T.);
#283=FACE_OUTER_BOUND('',#465,.T.);
#284=FACE_OUTER_BOUND('',#466,.T.);
#285=FACE_OUTER_BOUND('',#467,.T.);
#286=FACE_OUTER_BOUND('',#468,.T.);
#287=FACE_OUTER_BOUND('',#469,.T.);
#288=FACE_OUTER_BOUND('',#470,.T.);
#289=FACE_OUTER_BOUND('',#471,.T.);
#290=FACE_OUTER_BOUND('',#472,.T.);
#291=FACE_OUTER_BOUND('',#473,.T.);
#292=FACE_OUTER_BOUND('',#474,.T.);
#293=FACE_OUTER_BOUND('',#475,.T.);
#294=FACE_OUTER_BOUND('',#476,.T.);
#295=FACE_OUTER_BOUND('',#477,.T.);
#296=FACE_OUTER_BOUND('',#478,.T.);
#297=FACE_OUTER_BOUND('',#479,.T.);
#298=FACE_OUTER_BOUND('',#480,.T.);
#299=FACE_OUTER_BOUND('',#481,.T.);
#300=FACE_OUTER_BOUND('',#482,.T.);
#301=FACE_OUTER_BOUND('',#483,.T.);
#302=FACE_OUTER_BOUND('',#484,.T.);
#303=FACE_OUTER_BOUND('',#485,.T.);
#304=FACE_OUTER_BOUND('',#486,.T.);
#305=FACE_OUTER_BOUND('',#487,.T.);
#306=FACE_OUTER_BOUND('',#488,.T.);
#307=FACE_OUTER_BOUND('',#489,.T.);
#308=FACE_OUTER_BOUND('',#490,.T.);
#309=FACE_OUTER_BOUND('',#491,.T.);
#310=FACE_OUTER_BOUND('',#492,.T.);
#311=FACE_OUTER_BOUND('',#493,.T.);
#312=FACE_OUTER_BOUND('',#494,.T.);
#313=FACE_OUTER_BOUND('',#495,.T.);
#314=FACE_OUTER_BOUND('',#496,.T.);
#315=FACE_OUTER_BOUND('',#497,.T.);
#316=FACE_OUTER_BOUND('',#498,.T.);
#317=FACE_OUTER_BOUND('',#499,.T.);
#318=FACE_OUTER_BOUND('',#516,.T.);
#319=FACE_OUTER_BOUND('',#517,.T.);
#320=FACE_OUTER_BOUND('',#518,.T.);
#321=FACE_OUTER_BOUND('',#519,.T.);
#322=FACE_OUTER_BOUND('',#520,.T.);
#323=FACE_OUTER_BOUND('',#522,.T.);
#324=FACE_OUTER_BOUND('',#524,.T.);
#325=FACE_OUTER_BOUND('',#526,.T.);
#326=FACE_OUTER_BOUND('',#528,.T.);
#327=FACE_OUTER_BOUND('',#529,.T.);
#328=FACE_OUTER_BOUND('',#530,.T.);
#329=FACE_OUTER_BOUND('',#531,.T.);
#330=FACE_OUTER_BOUND('',#532,.T.);
#331=FACE_OUTER_BOUND('',#533,.T.);
#332=FACE_OUTER_BOUND('',#534,.T.);
#333=FACE_OUTER_BOUND('',#535,.T.);
#334=FACE_OUTER_BOUND('',#536,.T.);
#335=FACE_OUTER_BOUND('',#545,.T.);
#336=FACE_OUTER_BOUND('',#546,.T.);
#337=FACE_OUTER_BOUND('',#547,.T.);
#338=FACE_OUTER_BOUND('',#548,.T.);
#339=FACE_OUTER_BOUND('',#549,.T.);
#340=FACE_OUTER_BOUND('',#550,.T.);
#341=FACE_OUTER_BOUND('',#551,.T.);
#342=FACE_OUTER_BOUND('',#552,.T.);
#343=FACE_OUTER_BOUND('',#553,.T.);
#344=FACE_OUTER_BOUND('',#554,.T.);
#345=FACE_OUTER_BOUND('',#555,.T.);
#346=FACE_OUTER_BOUND('',#556,.T.);
#347=FACE_OUTER_BOUND('',#557,.T.);
#348=FACE_OUTER_BOUND('',#558,.T.);
#349=FACE_OUTER_BOUND('',#559,.T.);
#350=FACE_OUTER_BOUND('',#560,.T.);
#351=FACE_OUTER_BOUND('',#561,.T.);
#352=FACE_OUTER_BOUND('',#562,.T.);
#353=FACE_OUTER_BOUND('',#563,.T.);
#354=FACE_OUTER_BOUND('',#564,.T.);
#355=FACE_OUTER_BOUND('',#565,.T.);
#356=FACE_OUTER_BOUND('',#566,.T.);
#357=FACE_OUTER_BOUND('',#567,.T.);
#358=FACE_OUTER_BOUND('',#568,.T.);
#359=FACE_OUTER_BOUND('',#569,.T.);
#360=FACE_OUTER_BOUND('',#570,.T.);
#361=FACE_OUTER_BOUND('',#571,.T.);
#362=FACE_OUTER_BOUND('',#572,.T.);
#363=FACE_OUTER_BOUND('',#573,.T.);
#364=FACE_OUTER_BOUND('',#574,.T.);
#365=FACE_OUTER_BOUND('',#575,.T.);
#366=FACE_OUTER_BOUND('',#576,.T.);
#367=FACE_OUTER_BOUND('',#577,.T.);
#368=FACE_OUTER_BOUND('',#578,.T.);
#369=FACE_OUTER_BOUND('',#579,.T.);
#370=FACE_OUTER_BOUND('',#580,.T.);
#371=FACE_OUTER_BOUND('',#581,.T.);
#372=FACE_OUTER_BOUND('',#582,.T.);
#373=FACE_OUTER_BOUND('',#583,.T.);
#374=FACE_OUTER_BOUND('',#584,.T.);
#375=FACE_OUTER_BOUND('',#585,.T.);
#376=FACE_OUTER_BOUND('',#586,.T.);
#377=FACE_OUTER_BOUND('',#587,.T.);
#378=FACE_OUTER_BOUND('',#588,.T.);
#379=FACE_OUTER_BOUND('',#589,.T.);
#380=FACE_OUTER_BOUND('',#590,.T.);
#381=FACE_OUTER_BOUND('',#591,.T.);
#382=FACE_OUTER_BOUND('',#592,.T.);
#383=FACE_OUTER_BOUND('',#593,.T.);
#384=FACE_OUTER_BOUND('',#594,.T.);
#385=FACE_OUTER_BOUND('',#595,.T.);
#386=FACE_OUTER_BOUND('',#596,.T.);
#387=FACE_OUTER_BOUND('',#597,.T.);
#388=FACE_OUTER_BOUND('',#598,.T.);
#389=FACE_OUTER_BOUND('',#599,.T.);
#390=FACE_OUTER_BOUND('',#600,.T.);
#391=FACE_OUTER_BOUND('',#601,.T.);
#392=FACE_OUTER_BOUND('',#602,.T.);
#393=FACE_OUTER_BOUND('',#603,.T.);
#394=FACE_OUTER_BOUND('',#604,.T.);
#395=FACE_OUTER_BOUND('',#605,.T.);
#396=FACE_OUTER_BOUND('',#606,.T.);
#397=FACE_OUTER_BOUND('',#607,.T.);
#398=FACE_OUTER_BOUND('',#608,.T.);
#399=FACE_OUTER_BOUND('',#609,.T.);
#400=FACE_OUTER_BOUND('',#610,.T.);
#401=FACE_OUTER_BOUND('',#611,.T.);
#402=FACE_OUTER_BOUND('',#612,.T.);
#403=FACE_OUTER_BOUND('',#613,.T.);
#404=FACE_OUTER_BOUND('',#614,.T.);
#405=FACE_OUTER_BOUND('',#615,.T.);
#406=FACE_OUTER_BOUND('',#616,.T.);
#407=FACE_OUTER_BOUND('',#617,.T.);
#408=FACE_OUTER_BOUND('',#618,.T.);
#409=FACE_OUTER_BOUND('',#619,.T.);
#410=FACE_OUTER_BOUND('',#620,.T.);
#411=FACE_OUTER_BOUND('',#621,.T.);
#412=FACE_OUTER_BOUND('',#622,.T.);
#413=FACE_OUTER_BOUND('',#623,.T.);
#414=FACE_OUTER_BOUND('',#624,.T.);
#415=FACE_OUTER_BOUND('',#625,.T.);
#416=FACE_OUTER_BOUND('',#626,.T.);
#417=FACE_OUTER_BOUND('',#627,.T.);
#418=FACE_OUTER_BOUND('',#628,.T.);
#419=FACE_OUTER_BOUND('',#629,.T.);
#420=FACE_OUTER_BOUND('',#630,.T.);
#421=FACE_OUTER_BOUND('',#631,.T.);
#422=FACE_OUTER_BOUND('',#632,.T.);
#423=FACE_OUTER_BOUND('',#633,.T.);
#424=FACE_OUTER_BOUND('',#634,.T.);
#425=FACE_OUTER_BOUND('',#635,.T.);
#426=FACE_OUTER_BOUND('',#636,.T.);
#427=FACE_OUTER_BOUND('',#637,.T.);
#428=FACE_OUTER_BOUND('',#638,.T.);
#429=FACE_OUTER_BOUND('',#639,.T.);
#430=FACE_OUTER_BOUND('',#640,.T.);
#431=FACE_OUTER_BOUND('',#641,.T.);
#432=FACE_OUTER_BOUND('',#642,.T.);
#433=FACE_OUTER_BOUND('',#643,.T.);
#434=FACE_OUTER_BOUND('',#644,.T.);
#435=FACE_OUTER_BOUND('',#645,.T.);
#436=FACE_OUTER_BOUND('',#646,.T.);
#437=FACE_OUTER_BOUND('',#647,.T.);
#438=FACE_OUTER_BOUND('',#648,.T.);
#439=FACE_OUTER_BOUND('',#649,.T.);
#440=FACE_OUTER_BOUND('',#650,.T.);
#441=FACE_OUTER_BOUND('',#651,.T.);
#442=FACE_OUTER_BOUND('',#652,.T.);
#443=FACE_OUTER_BOUND('',#653,.T.);
#444=FACE_OUTER_BOUND('',#654,.T.);
#445=FACE_OUTER_BOUND('',#655,.T.);
#446=FACE_OUTER_BOUND('',#656,.T.);
#447=FACE_OUTER_BOUND('',#657,.T.);
#448=FACE_OUTER_BOUND('',#658,.T.);
#449=FACE_OUTER_BOUND('',#659,.T.);
#450=FACE_OUTER_BOUND('',#660,.T.);
#451=EDGE_LOOP('',(#2080,#2081,#2082,#2083,#2084,#2085,#2086,#2087,#2088,
#2089,#2090,#2091,#2092,#2093,#2094));
#452=EDGE_LOOP('',(#2095,#2096,#2097,#2098,#2099,#2100,#2101,#2102));
#453=EDGE_LOOP('',(#2103,#2104,#2105,#2106));
#454=EDGE_LOOP('',(#2107,#2108,#2109,#2110));
#455=EDGE_LOOP('',(#2111,#2112,#2113,#2114));
#456=EDGE_LOOP('',(#2115,#2116,#2117,#2118));
#457=EDGE_LOOP('',(#2119,#2120,#2121,#2122,#2123,#2124,#2125,#2126));
#458=EDGE_LOOP('',(#2127,#2128,#2129,#2130,#2131,#2132,#2133,#2134));
#459=EDGE_LOOP('',(#2135,#2136,#2137,#2138));
#460=EDGE_LOOP('',(#2139,#2140,#2141,#2142));
#461=EDGE_LOOP('',(#2143,#2144,#2145,#2146));
#462=EDGE_LOOP('',(#2147,#2148));
#463=EDGE_LOOP('',(#2149,#2150,#2151,#2152));
#464=EDGE_LOOP('',(#2153,#2154,#2155,#2156));
#465=EDGE_LOOP('',(#2157,#2158,#2159,#2160));
#466=EDGE_LOOP('',(#2161,#2162,#2163,#2164));
#467=EDGE_LOOP('',(#2165,#2166,#2167,#2168));
#468=EDGE_LOOP('',(#2169,#2170,#2171,#2172));
#469=EDGE_LOOP('',(#2173,#2174,#2175,#2176));
#470=EDGE_LOOP('',(#2177,#2178,#2179,#2180));
#471=EDGE_LOOP('',(#2181,#2182,#2183,#2184));
#472=EDGE_LOOP('',(#2185,#2186,#2187,#2188));
#473=EDGE_LOOP('',(#2189,#2190,#2191,#2192));
#474=EDGE_LOOP('',(#2193,#2194,#2195,#2196));
#475=EDGE_LOOP('',(#2197,#2198,#2199,#2200));
#476=EDGE_LOOP('',(#2201,#2202,#2203,#2204));
#477=EDGE_LOOP('',(#2205));
#478=EDGE_LOOP('',(#2206,#2207));
#479=EDGE_LOOP('',(#2208,#2209,#2210,#2211));
#480=EDGE_LOOP('',(#2212));
#481=EDGE_LOOP('',(#2213,#2214,#2215,#2216,#2217,#2218));
#482=EDGE_LOOP('',(#2219,#2220,#2221,#2222,#2223));
#483=EDGE_LOOP('',(#2224,#2225,#2226,#2227,#2228));
#484=EDGE_LOOP('',(#2229,#2230,#2231,#2232,#2233,#2234));
#485=EDGE_LOOP('',(#2235,#2236,#2237,#2238,#2239));
#486=EDGE_LOOP('',(#2240,#2241,#2242,#2243,#2244));
#487=EDGE_LOOP('',(#2245,#2246,#2247,#2248,#2249,#2250));
#488=EDGE_LOOP('',(#2251,#2252,#2253,#2254,#2255));
#489=EDGE_LOOP('',(#2256,#2257,#2258,#2259,#2260));
#490=EDGE_LOOP('',(#2261,#2262,#2263,#2264,#2265,#2266));
#491=EDGE_LOOP('',(#2267,#2268,#2269,#2270,#2271));
#492=EDGE_LOOP('',(#2272,#2273,#2274,#2275,#2276));
#493=EDGE_LOOP('',(#2277));
#494=EDGE_LOOP('',(#2278));
#495=EDGE_LOOP('',(#2279));
#496=EDGE_LOOP('',(#2280));
#497=EDGE_LOOP('',(#2281,#2282,#2283,#2284));
#498=EDGE_LOOP('',(#2285,#2286,#2287,#2288));
#499=EDGE_LOOP('',(#2289,#2290,#2291,#2292,#2293,#2294,#2295,#2296));
#500=EDGE_LOOP('',(#2297));
#501=EDGE_LOOP('',(#2298));
#502=EDGE_LOOP('',(#2299));
#503=EDGE_LOOP('',(#2300));
#504=EDGE_LOOP('',(#2301));
#505=EDGE_LOOP('',(#2302));
#506=EDGE_LOOP('',(#2303));
#507=EDGE_LOOP('',(#2304));
#508=EDGE_LOOP('',(#2305));
#509=EDGE_LOOP('',(#2306));
#510=EDGE_LOOP('',(#2307));
#511=EDGE_LOOP('',(#2308));
#512=EDGE_LOOP('',(#2309));
#513=EDGE_LOOP('',(#2310,#2311,#2312,#2313));
#514=EDGE_LOOP('',(#2314));
#515=EDGE_LOOP('',(#2315,#2316,#2317,#2318,#2319,#2320,#2321,#2322,#2323,
#2324,#2325,#2326));
#516=EDGE_LOOP('',(#2327,#2328,#2329,#2330));
#517=EDGE_LOOP('',(#2331,#2332,#2333,#2334));
#518=EDGE_LOOP('',(#2335,#2336,#2337,#2338));
#519=EDGE_LOOP('',(#2339,#2340,#2341,#2342));
#520=EDGE_LOOP('',(#2343));
#521=EDGE_LOOP('',(#2344));
#522=EDGE_LOOP('',(#2345));
#523=EDGE_LOOP('',(#2346));
#524=EDGE_LOOP('',(#2347));
#525=EDGE_LOOP('',(#2348));
#526=EDGE_LOOP('',(#2349));
#527=EDGE_LOOP('',(#2350));
#528=EDGE_LOOP('',(#2351,#2352,#2353,#2354));
#529=EDGE_LOOP('',(#2355,#2356,#2357,#2358));
#530=EDGE_LOOP('',(#2359,#2360,#2361,#2362));
#531=EDGE_LOOP('',(#2363,#2364,#2365,#2366));
#532=EDGE_LOOP('',(#2367,#2368,#2369,#2370,#2371));
#533=EDGE_LOOP('',(#2372,#2373,#2374,#2375,#2376));
#534=EDGE_LOOP('',(#2377,#2378,#2379,#2380));
#535=EDGE_LOOP('',(#2381,#2382,#2383,#2384,#2385));
#536=EDGE_LOOP('',(#2386,#2387,#2388,#2389,#2390,#2391,#2392,#2393,#2394,
#2395,#2396,#2397,#2398,#2399,#2400,#2401));
#537=EDGE_LOOP('',(#2402));
#538=EDGE_LOOP('',(#2403,#2404,#2405,#2406));
#539=EDGE_LOOP('',(#2407));
#540=EDGE_LOOP('',(#2408));
#541=EDGE_LOOP('',(#2409));
#542=EDGE_LOOP('',(#2410,#2411,#2412,#2413,#2414,#2415));
#543=EDGE_LOOP('',(#2416,#2417,#2418,#2419,#2420,#2421,#2422,#2423,#2424,
#2425));
#544=EDGE_LOOP('',(#2426,#2427,#2428,#2429,#2430,#2431,#2432,#2433,#2434));
#545=EDGE_LOOP('',(#2435,#2436,#2437,#2438));
#546=EDGE_LOOP('',(#2439,#2440,#2441,#2442));
#547=EDGE_LOOP('',(#2443,#2444,#2445,#2446,#2447));
#548=EDGE_LOOP('',(#2448,#2449,#2450,#2451));
#549=EDGE_LOOP('',(#2452,#2453,#2454,#2455,#2456,#2457));
#550=EDGE_LOOP('',(#2458,#2459,#2460,#2461,#2462,#2463));
#551=EDGE_LOOP('',(#2464,#2465,#2466,#2467,#2468,#2469,#2470,#2471));
#552=EDGE_LOOP('',(#2472,#2473,#2474,#2475));
#553=EDGE_LOOP('',(#2476,#2477,#2478,#2479,#2480,#2481));
#554=EDGE_LOOP('',(#2482,#2483,#2484,#2485));
#555=EDGE_LOOP('',(#2486,#2487,#2488,#2489));
#556=EDGE_LOOP('',(#2490,#2491,#2492,#2493,#2494));
#557=EDGE_LOOP('',(#2495,#2496,#2497,#2498));
#558=EDGE_LOOP('',(#2499,#2500,#2501,#2502,#2503));
#559=EDGE_LOOP('',(#2504,#2505,#2506,#2507,#2508));
#560=EDGE_LOOP('',(#2509,#2510,#2511,#2512,#2513));
#561=EDGE_LOOP('',(#2514,#2515,#2516,#2517,#2518));
#562=EDGE_LOOP('',(#2519,#2520,#2521,#2522,#2523));
#563=EDGE_LOOP('',(#2524,#2525,#2526,#2527,#2528));
#564=EDGE_LOOP('',(#2529,#2530,#2531,#2532,#2533));
#565=EDGE_LOOP('',(#2534,#2535,#2536,#2537,#2538,#2539));
#566=EDGE_LOOP('',(#2540,#2541,#2542,#2543,#2544,#2545));
#567=EDGE_LOOP('',(#2546,#2547,#2548,#2549));
#568=EDGE_LOOP('',(#2550,#2551,#2552,#2553,#2554,#2555));
#569=EDGE_LOOP('',(#2556,#2557,#2558,#2559));
#570=EDGE_LOOP('',(#2560,#2561,#2562,#2563));
#571=EDGE_LOOP('',(#2564,#2565,#2566,#2567));
#572=EDGE_LOOP('',(#2568,#2569,#2570,#2571));
#573=EDGE_LOOP('',(#2572,#2573,#2574,#2575));
#574=EDGE_LOOP('',(#2576,#2577,#2578,#2579));
#575=EDGE_LOOP('',(#2580,#2581,#2582,#2583));
#576=EDGE_LOOP('',(#2584,#2585,#2586,#2587,#2588,#2589));
#577=EDGE_LOOP('',(#2590,#2591,#2592,#2593,#2594,#2595,#2596,#2597));
#578=EDGE_LOOP('',(#2598,#2599,#2600,#2601));
#579=EDGE_LOOP('',(#2602,#2603,#2604,#2605));
#580=EDGE_LOOP('',(#2606,#2607,#2608,#2609));
#581=EDGE_LOOP('',(#2610,#2611,#2612,#2613));
#582=EDGE_LOOP('',(#2614,#2615,#2616,#2617));
#583=EDGE_LOOP('',(#2618,#2619,#2620,#2621));
#584=EDGE_LOOP('',(#2622,#2623,#2624,#2625));
#585=EDGE_LOOP('',(#2626,#2627,#2628,#2629));
#586=EDGE_LOOP('',(#2630,#2631,#2632,#2633,#2634,#2635,#2636));
#587=EDGE_LOOP('',(#2637,#2638,#2639,#2640));
#588=EDGE_LOOP('',(#2641,#2642,#2643,#2644));
#589=EDGE_LOOP('',(#2645,#2646,#2647,#2648));
#590=EDGE_LOOP('',(#2649,#2650,#2651,#2652));
#591=EDGE_LOOP('',(#2653,#2654,#2655,#2656));
#592=EDGE_LOOP('',(#2657,#2658,#2659,#2660));
#593=EDGE_LOOP('',(#2661,#2662,#2663,#2664,#2665));
#594=EDGE_LOOP('',(#2666,#2667,#2668));
#595=EDGE_LOOP('',(#2669,#2670,#2671));
#596=EDGE_LOOP('',(#2672,#2673,#2674));
#597=EDGE_LOOP('',(#2675,#2676,#2677,#2678,#2679));
#598=EDGE_LOOP('',(#2680,#2681,#2682));
#599=EDGE_LOOP('',(#2683,#2684,#2685,#2686,#2687));
#600=EDGE_LOOP('',(#2688,#2689,#2690));
#601=EDGE_LOOP('',(#2691,#2692,#2693));
#602=EDGE_LOOP('',(#2694,#2695,#2696));
#603=EDGE_LOOP('',(#2697,#2698,#2699,#2700,#2701));
#604=EDGE_LOOP('',(#2702,#2703,#2704));
#605=EDGE_LOOP('',(#2705,#2706,#2707,#2708,#2709));
#606=EDGE_LOOP('',(#2710,#2711,#2712));
#607=EDGE_LOOP('',(#2713,#2714,#2715));
#608=EDGE_LOOP('',(#2716,#2717,#2718));
#609=EDGE_LOOP('',(#2719,#2720,#2721,#2722,#2723));
#610=EDGE_LOOP('',(#2724,#2725,#2726));
#611=EDGE_LOOP('',(#2727,#2728,#2729,#2730,#2731));
#612=EDGE_LOOP('',(#2732,#2733,#2734));
#613=EDGE_LOOP('',(#2735,#2736,#2737,#2738,#2739));
#614=EDGE_LOOP('',(#2740,#2741,#2742));
#615=EDGE_LOOP('',(#2743,#2744,#2745));
#616=EDGE_LOOP('',(#2746,#2747,#2748));
#617=EDGE_LOOP('',(#2749,#2750,#2751,#2752,#2753,#2754,#2755,#2756,#2757));
#618=EDGE_LOOP('',(#2758,#2759,#2760,#2761,#2762,#2763,#2764,#2765,#2766));
#619=EDGE_LOOP('',(#2767,#2768,#2769,#2770));
#620=EDGE_LOOP('',(#2771,#2772,#2773,#2774));
#621=EDGE_LOOP('',(#2775,#2776,#2777,#2778,#2779,#2780,#2781,#2782,#2783));
#622=EDGE_LOOP('',(#2784,#2785,#2786,#2787,#2788,#2789,#2790,#2791,#2792));
#623=EDGE_LOOP('',(#2793,#2794,#2795,#2796));
#624=EDGE_LOOP('',(#2797,#2798,#2799,#2800));
#625=EDGE_LOOP('',(#2801,#2802,#2803,#2804));
#626=EDGE_LOOP('',(#2805,#2806,#2807,#2808,#2809,#2810,#2811,#2812,#2813));
#627=EDGE_LOOP('',(#2814,#2815,#2816,#2817,#2818,#2819,#2820,#2821,#2822));
#628=EDGE_LOOP('',(#2823,#2824,#2825,#2826));
#629=EDGE_LOOP('',(#2827,#2828,#2829,#2830));
#630=EDGE_LOOP('',(#2831,#2832,#2833,#2834,#2835,#2836,#2837,#2838,#2839));
#631=EDGE_LOOP('',(#2840,#2841,#2842,#2843,#2844,#2845,#2846,#2847,#2848));
#632=EDGE_LOOP('',(#2849,#2850,#2851,#2852));
#633=EDGE_LOOP('',(#2853,#2854));
#634=EDGE_LOOP('',(#2855,#2856));
#635=EDGE_LOOP('',(#2857,#2858));
#636=EDGE_LOOP('',(#2859,#2860));
#637=EDGE_LOOP('',(#2861,#2862,#2863));
#638=EDGE_LOOP('',(#2864,#2865,#2866));
#639=EDGE_LOOP('',(#2867,#2868,#2869));
#640=EDGE_LOOP('',(#2870,#2871,#2872));
#641=EDGE_LOOP('',(#2873,#2874,#2875,#2876,#2877,#2878,#2879));
#642=EDGE_LOOP('',(#2880,#2881,#2882,#2883));
#643=EDGE_LOOP('',(#2884,#2885,#2886,#2887,#2888,#2889,#2890));
#644=EDGE_LOOP('',(#2891,#2892,#2893,#2894,#2895,#2896,#2897));
#645=EDGE_LOOP('',(#2898,#2899,#2900,#2901,#2902,#2903,#2904));
#646=EDGE_LOOP('',(#2905,#2906,#2907,#2908));
#647=EDGE_LOOP('',(#2909,#2910,#2911,#2912));
#648=EDGE_LOOP('',(#2913,#2914,#2915,#2916));
#649=EDGE_LOOP('',(#2917,#2918,#2919,#2920));
#650=EDGE_LOOP('',(#2921,#2922,#2923,#2924));
#651=EDGE_LOOP('',(#2925,#2926,#2927));
#652=EDGE_LOOP('',(#2928,#2929,#2930,#2931,#2932,#2933,#2934,#2935,#2936,
#2937));
#653=EDGE_LOOP('',(#2938,#2939,#2940,#2941,#2942,#2943,#2944,#2945,#2946,
#2947));
#654=EDGE_LOOP('',(#2948,#2949,#2950,#2951,#2952,#2953,#2954,#2955,#2956,
#2957));
#655=EDGE_LOOP('',(#2958,#2959,#2960,#2961,#2962,#2963,#2964,#2965,#2966,
#2967,#2968,#2969));
#656=EDGE_LOOP('',(#2970,#2971,#2972,#2973,#2974,#2975,#2976,#2977,#2978,
#2979,#2980,#2981));
#657=EDGE_LOOP('',(#2982,#2983,#2984,#2985,#2986,#2987,#2988,#2989,#2990,
#2991,#2992,#2993));
#658=EDGE_LOOP('',(#2994,#2995,#2996,#2997,#2998,#2999,#3000,#3001,#3002,
#3003,#3004,#3005));
#659=EDGE_LOOP('',(#3006,#3007,#3008,#3009));
#660=EDGE_LOOP('',(#3010,#3011,#3012,#3013));
#661=CIRCLE('',#3236,3.25);
#662=CIRCLE('',#3239,3.25);
#663=CIRCLE('',#3240,3.25);
#664=CIRCLE('',#3241,3.25);
#665=CIRCLE('',#3253,3.84000001490116);
#666=CIRCLE('',#3254,2.34000001490116);
#667=CIRCLE('',#3256,2.34000001490116);
#668=CIRCLE('',#3258,3.84000001490116);
#669=CIRCLE('',#3260,2.34000001490116);
#670=CIRCLE('',#3261,3.84000001490116);
#671=CIRCLE('',#3265,2.34000001490116);
#672=CIRCLE('',#3266,3.84000001490116);
#673=CIRCLE('',#3268,1.6);
#674=CIRCLE('',#3269,0.999999999998143);
#675=CIRCLE('',#3270,1.30710678118655);
#676=CIRCLE('',#3271,1.30710678118655);
#677=CIRCLE('',#3272,1.6);
#678=CIRCLE('',#3274,0.600000000000005);
#679=CIRCLE('',#3276,1.6);
#680=CIRCLE('',#3277,1.6);
#681=CIRCLE('',#3278,0.999999999998235);
#682=CIRCLE('',#3279,1.30710678118655);
#683=CIRCLE('',#3280,1.30710678118655);
#684=CIRCLE('',#3281,1.6);
#685=CIRCLE('',#3283,0.600000000000005);
#686=CIRCLE('',#3285,1.6);
#687=CIRCLE('',#3286,1.6);
#688=CIRCLE('',#3287,0.999999999998062);
#689=CIRCLE('',#3288,1.30710678118655);
#690=CIRCLE('',#3289,1.30710678118655);
#691=CIRCLE('',#3290,1.6);
#692=CIRCLE('',#3292,0.599999999999996);
#693=CIRCLE('',#3294,1.6);
#694=CIRCLE('',#3295,1.6);
#695=CIRCLE('',#3296,0.999999999998049);
#696=CIRCLE('',#3297,1.30710678118655);
#697=CIRCLE('',#3298,1.30710678118655);
#698=CIRCLE('',#3299,1.6);
#699=CIRCLE('',#3301,0.599999999999996);
#700=CIRCLE('',#3303,1.6);
#701=CIRCLE('',#3309,3.24999999999999);
#702=CIRCLE('',#3310,3.24999999999999);
#703=CIRCLE('',#3311,1.6);
#704=CIRCLE('',#3312,1.6);
#705=CIRCLE('',#3313,1.6);
#706=CIRCLE('',#3314,1.6);
#707=CIRCLE('',#3315,3.24999999999999);
#708=CIRCLE('',#3316,3.24999999999999);
#709=CIRCLE('',#3318,1.6);
#710=CIRCLE('',#3320,1.6);
#711=CIRCLE('',#3322,1.6);
#712=CIRCLE('',#3324,1.6);
#713=CIRCLE('',#3326,3.25);
#714=CIRCLE('',#3328,3.25);
#715=CIRCLE('',#3330,3.25);
#716=CIRCLE('',#3333,6.);
#717=CIRCLE('',#3334,6.);
#718=CIRCLE('',#3336,3.2);
#719=CIRCLE('',#3338,1.6);
#720=CIRCLE('',#3339,1.6);
#721=CIRCLE('',#3340,1.6);
#722=CIRCLE('',#3341,1.6);
#723=CIRCLE('',#3342,50.);
#724=CIRCLE('',#3343,3.25);
#725=CIRCLE('',#3344,50.);
#726=CIRCLE('',#3345,51.6);
#727=CIRCLE('',#3346,50.);
#728=CIRCLE('',#3347,3.25);
#729=CIRCLE('',#3348,3.25);
#730=CIRCLE('',#3349,50.);
#731=CIRCLE('',#3350,3.25);
#732=CIRCLE('',#3351,3.25);
#733=CIRCLE('',#3352,50.);
#734=CIRCLE('',#3353,51.6);
#735=CIRCLE('',#3359,3.2);
#736=CIRCLE('',#3361,3.2);
#737=CIRCLE('',#3362,3.2);
#738=CIRCLE('',#3386,50.81);
#739=CIRCLE('',#3387,50.81);
#740=CIRCLE('',#3388,50.81);
#741=CIRCLE('',#3390,3.25);
#742=CIRCLE('',#3391,50.79);
#743=CIRCLE('',#3393,3.25);
#744=CIRCLE('',#3394,3.25);
#745=CIRCLE('',#3395,50.79);
#746=CIRCLE('',#3397,519.977375289458);
#747=CIRCLE('',#3400,293.867260163632);
#748=CIRCLE('',#3403,50.79);
#749=CIRCLE('',#3405,3.25);
#750=CIRCLE('',#3407,50.81);
#751=CIRCLE('',#3408,50.81);
#752=CIRCLE('',#3410,3.25);
#753=CIRCLE('',#3411,50.79);
#754=CIRCLE('',#3413,3.25);
#755=CIRCLE('',#3414,50.79);
#756=CIRCLE('',#3416,293.867260140504);
#757=CIRCLE('',#3418,519.977375291635);
#758=CIRCLE('',#3423,1.6);
#759=CIRCLE('',#3425,1.6);
#760=CIRCLE('',#3427,1.6);
#761=CIRCLE('',#3430,1.6);
#762=CIRCLE('',#3433,1.6);
#763=CIRCLE('',#3435,1.6);
#764=CIRCLE('',#3437,1.6);
#765=CIRCLE('',#3440,1.6);
#766=CIRCLE('',#3443,1.6);
#767=CIRCLE('',#3445,1.6);
#768=CIRCLE('',#3447,1.6);
#769=CIRCLE('',#3450,1.6);
#770=CIRCLE('',#3453,1.6);
#771=CIRCLE('',#3456,1.6);
#772=CIRCLE('',#3458,1.6);
#773=CIRCLE('',#3460,1.6);
#774=CIRCLE('',#3464,3.24999999999999);
#775=CIRCLE('',#3466,3.24999999999999);
#776=CIRCLE('',#3470,3.24999999999999);
#777=CIRCLE('',#3472,3.24999999999999);
#778=CIRCLE('',#3474,3.24999999999999);
#779=CIRCLE('',#3478,3.24999999999999);
#780=CIRCLE('',#3480,3.24999999999999);
#781=CIRCLE('',#3484,3.24999999999999);
#782=CIRCLE('',#3486,3.24999999999999);
#783=CIRCLE('',#3488,3.24999999999999);
#784=CIRCLE('',#3490,3.24999999999999);
#785=CIRCLE('',#3492,3.24999999999999);
#786=CIRCLE('',#3494,3.24999999999999);
#787=CIRCLE('',#3495,3.24999999999999);
#788=CIRCLE('',#3497,3.24999999999999);
#789=CIRCLE('',#3498,3.24999999999999);
#790=CIRCLE('',#3500,3.24999999999999);
#791=CIRCLE('',#3501,3.24999999999999);
#792=CIRCLE('',#3503,3.24999999999999);
#793=CIRCLE('',#3504,3.24999999999999);
#794=ELLIPSE('',#3235,4.59619407771256,3.25);
#795=ELLIPSE('',#3237,4.59619407771256,3.25);
#796=ELLIPSE('',#3238,4.59619407771256,3.25);
#797=ELLIPSE('',#3242,4.59619407771256,3.25);
#798=ELLIPSE('',#3357,4.52548339959391,3.2);
#799=ELLIPSE('',#3363,4.52548339959391,3.2);
#800=ELLIPSE('',#3364,4.52548339959391,3.2);
#801=ELLIPSE('',#3366,4.52548339959391,3.2);
#802=ELLIPSE('',#3370,4.59619407771256,3.25);
#803=ELLIPSE('',#3374,4.59619407771256,3.25);
#804=LINE('',#4357,#1060);
#805=LINE('',#4361,#1061);
#806=LINE('',#4365,#1062);
#807=LINE('',#4371,#1063);
#808=LINE('',#4375,#1064);
#809=LINE('',#4380,#1065);
#810=LINE('',#4385,#1066);
#811=LINE('',#4387,#1067);
#812=LINE('',#4389,#1068);
#813=LINE('',#4391,#1069);
#814=LINE('',#4393,#1070);
#815=LINE('',#4395,#1071);
#816=LINE('',#4397,#1072);
#817=LINE('',#4398,#1073);
#818=LINE('',#4401,#1074);
#819=LINE('',#4403,#1075);
#820=LINE('',#4404,#1076);
#821=LINE('',#4407,#1077);
#822=LINE('',#4409,#1078);
#823=LINE('',#4410,#1079);
#824=LINE('',#4412,#1080);
#825=LINE('',#4413,#1081);
#826=LINE('',#4421,#1082);
#827=LINE('',#4423,#1083);
#828=LINE('',#4425,#1084);
#829=LINE('',#4427,#1085);
#830=LINE('',#4432,#1086);
#831=LINE('',#4440,#1087);
#832=LINE('',#4446,#1088);
#833=LINE('',#4448,#1089);
#834=LINE('',#4449,#1090);
#835=LINE('',#4450,#1091);
#836=LINE('',#4452,#1092);
#837=LINE('',#4453,#1093);
#838=LINE('',#4483,#1094);
#839=LINE('',#4491,#1095);
#840=LINE('',#4512,#1096);
#841=LINE('',#4539,#1097);
#842=LINE('',#4566,#1098);
#843=LINE('',#4611,#1099);
#844=LINE('',#4662,#1100);
#845=LINE('',#4713,#1101);
#846=LINE('',#4781,#1102);
#847=LINE('',#4786,#1103);
#848=LINE('',#4794,#1104);
#849=LINE('',#4805,#1105);
#850=LINE('',#4816,#1106);
#851=LINE('',#4824,#1107);
#852=LINE('',#4832,#1108);
#853=LINE('',#4874,#1109);
#854=LINE('',#4878,#1110);
#855=LINE('',#4918,#1111);
#856=LINE('',#4922,#1112);
#857=LINE('',#4962,#1113);
#858=LINE('',#4966,#1114);
#859=LINE('',#5006,#1115);
#860=LINE('',#5010,#1116);
#861=LINE('',#5022,#1117);
#862=LINE('',#5033,#1118);
#863=LINE('',#5061,#1119);
#864=LINE('',#5063,#1120);
#865=LINE('',#5065,#1121);
#866=LINE('',#5066,#1122);
#867=LINE('',#5072,#1123);
#868=LINE('',#5076,#1124);
#869=LINE('',#5080,#1125);
#870=LINE('',#5084,#1126);
#871=LINE('',#5101,#1127);
#872=LINE('',#5115,#1128);
#873=LINE('',#5120,#1129);
#874=LINE('',#5128,#1130);
#875=LINE('',#5139,#1131);
#876=LINE('',#5144,#1132);
#877=LINE('',#5152,#1133);
#878=LINE('',#5154,#1134);
#879=LINE('',#5163,#1135);
#880=LINE('',#5166,#1136);
#881=LINE('',#5169,#1137);
#882=LINE('',#5171,#1138);
#883=LINE('',#5174,#1139);
#884=LINE('',#5177,#1140);
#885=LINE('',#5194,#1141);
#886=LINE('',#5201,#1142);
#887=LINE('',#5227,#1143);
#888=LINE('',#5236,#1144);
#889=LINE('',#5238,#1145);
#890=LINE('',#5240,#1146);
#891=LINE('',#5241,#1147);
#892=LINE('',#5256,#1148);
#893=LINE('',#5259,#1149);
#894=LINE('',#5276,#1150);
#895=LINE('',#5279,#1151);
#896=LINE('',#5281,#1152);
#897=LINE('',#5283,#1153);
#898=LINE('',#5284,#1154);
#899=LINE('',#5286,#1155);
#900=LINE('',#5287,#1156);
#901=LINE('',#5290,#1157);
#902=LINE('',#5291,#1158);
#903=LINE('',#5294,#1159);
#904=LINE('',#5295,#1160);
#905=LINE('',#5298,#1161);
#906=LINE('',#5301,#1162);
#907=LINE('',#5304,#1163);
#908=LINE('',#5311,#1164);
#909=LINE('',#5318,#1165);
#910=LINE('',#5322,#1166);
#911=LINE('',#5323,#1167);
#912=LINE('',#5325,#1168);
#913=LINE('',#5326,#1169);
#914=LINE('',#5328,#1170);
#915=LINE('',#5333,#1171);
#916=LINE('',#5334,#1172);
#917=LINE('',#5336,#1173);
#918=LINE('',#5339,#1174);
#919=LINE('',#5340,#1175);
#920=LINE('',#5343,#1176);
#921=LINE('',#5345,#1177);
#922=LINE('',#5348,#1178);
#923=LINE('',#5371,#1179);
#924=LINE('',#5380,#1180);
#925=LINE('',#5404,#1181);
#926=LINE('',#5413,#1182);
#927=LINE('',#5447,#1183);
#928=LINE('',#5471,#1184);
#929=LINE('',#5485,#1185);
#930=LINE('',#5486,#1186);
#931=LINE('',#5488,#1187);
#932=LINE('',#5489,#1188);
#933=LINE('',#5498,#1189);
#934=LINE('',#5499,#1190);
#935=LINE('',#5501,#1191);
#936=LINE('',#5510,#1192);
#937=LINE('',#5525,#1193);
#938=LINE('',#5540,#1194);
#939=LINE('',#5549,#1195);
#940=LINE('',#5552,#1196);
#941=LINE('',#5561,#1197);
#942=LINE('',#5611,#1198);
#943=LINE('',#5642,#1199);
#944=LINE('',#5692,#1200);
#945=LINE('',#5699,#1201);
#946=LINE('',#5721,#1202);
#947=LINE('',#5723,#1203);
#948=LINE('',#5725,#1204);
#949=LINE('',#5727,#1205);
#950=LINE('',#5728,#1206);
#951=LINE('',#5734,#1207);
#952=LINE('',#5735,#1208);
#953=LINE('',#5739,#1209);
#954=LINE('',#5742,#1210);
#955=LINE('',#5746,#1211);
#956=LINE('',#5748,#1212);
#957=LINE('',#5749,#1213);
#958=LINE('',#5750,#1214);
#959=LINE('',#5752,#1215);
#960=LINE('',#5757,#1216);
#961=LINE('',#5759,#1217);
#962=LINE('',#5761,#1218);
#963=LINE('',#5763,#1219);
#964=LINE('',#5764,#1220);
#965=LINE('',#5768,#1221);
#966=LINE('',#5771,#1222);
#967=LINE('',#5776,#1223);
#968=LINE('',#5778,#1224);
#969=LINE('',#5782,#1225);
#970=LINE('',#5784,#1226);
#971=LINE('',#5785,#1227);
#972=LINE('',#5786,#1228);
#973=LINE('',#5789,#1229);
#974=LINE('',#5793,#1230);
#975=LINE('',#5795,#1231);
#976=LINE('',#5797,#1232);
#977=LINE('',#5799,#1233);
#978=LINE('',#5800,#1234);
#979=LINE('',#5803,#1235);
#980=LINE('',#5808,#1236);
#981=LINE('',#5812,#1237);
#982=LINE('',#5814,#1238);
#983=LINE('',#5818,#1239);
#984=LINE('',#5820,#1240);
#985=LINE('',#5821,#1241);
#986=LINE('',#5822,#1242);
#987=LINE('',#5824,#1243);
#988=LINE('',#5829,#1244);
#989=LINE('',#5831,#1245);
#990=LINE('',#5833,#1246);
#991=LINE('',#5835,#1247);
#992=LINE('',#5836,#1248);
#993=LINE('',#5840,#1249);
#994=LINE('',#5843,#1250);
#995=LINE('',#5847,#1251);
#996=LINE('',#5849,#1252);
#997=LINE('',#5850,#1253);
#998=LINE('',#5851,#1254);
#999=LINE('',#5855,#1255);
#1000=LINE('',#5857,#1256);
#1001=LINE('',#5861,#1257);
#1002=LINE('',#5865,#1258);
#1003=LINE('',#5867,#1259);
#1004=LINE('',#5868,#1260);
#1005=LINE('',#5870,#1261);
#1006=LINE('',#5871,#1262);
#1007=LINE('',#5875,#1263);
#1008=LINE('',#5877,#1264);
#1009=LINE('',#5878,#1265);
#1010=LINE('',#5880,#1266);
#1011=LINE('',#5881,#1267);
#1012=LINE('',#5886,#1268);
#1013=LINE('',#5889,#1269);
#1014=LINE('',#5893,#1270);
#1015=LINE('',#5895,#1271);
#1016=LINE('',#5896,#1272);
#1017=LINE('',#5898,#1273);
#1018=LINE('',#5899,#1274);
#1019=LINE('',#5903,#1275);
#1020=LINE('',#5905,#1276);
#1021=LINE('',#5906,#1277);
#1022=LINE('',#5908,#1278);
#1023=LINE('',#5909,#1279);
#1024=LINE('',#5914,#1280);
#1025=LINE('',#5916,#1281);
#1026=LINE('',#5923,#1282);
#1027=LINE('',#5924,#1283);
#1028=LINE('',#5926,#1284);
#1029=LINE('',#5927,#1285);
#1030=LINE('',#5931,#1286);
#1031=LINE('',#5933,#1287);
#1032=LINE('',#5934,#1288);
#1033=LINE('',#5935,#1289);
#1034=LINE('',#5943,#1290);
#1035=LINE('',#5944,#1291);
#1036=LINE('',#5946,#1292);
#1037=LINE('',#5947,#1293);
#1038=LINE('',#5951,#1294);
#1039=LINE('',#5953,#1295);
#1040=LINE('',#5954,#1296);
#1041=LINE('',#5955,#1297);
#1042=LINE('',#5983,#1298);
#1043=LINE('',#5985,#1299);
#1044=LINE('',#5986,#1300);
#1045=LINE('',#5988,#1301);
#1046=LINE('',#5990,#1302);
#1047=LINE('',#5992,#1303);
#1048=LINE('',#5999,#1304);
#1049=LINE('',#6006,#1305);
#1050=LINE('',#6013,#1306);
#1051=LINE('',#6021,#1307);
#1052=LINE('',#6024,#1308);
#1053=LINE('',#6026,#1309);
#1054=LINE('',#6028,#1310);
#1055=LINE('',#6030,#1311);
#1056=LINE('',#6032,#1312);
#1057=LINE('',#6034,#1313);
#1058=LINE('',#6036,#1314);
#1059=LINE('',#6038,#1315);
#1060=VECTOR('',#3525,3.25);
#1061=VECTOR('',#3528,10.);
#1062=VECTOR('',#3531,10.);
#1063=VECTOR('',#3536,10.);
#1064=VECTOR('',#3539,3.25);
#1065=VECTOR('',#3544,10.);
#1066=VECTOR('',#3549,10.);
#1067=VECTOR('',#3550,10.);
#1068=VECTOR('',#3551,10.);
#1069=VECTOR('',#3552,10.);
#1070=VECTOR('',#3553,10.);
#1071=VECTOR('',#3554,10.);
#1072=VECTOR('',#3555,10.);
#1073=VECTOR('',#3556,10.);
#1074=VECTOR('',#3559,10.);
#1075=VECTOR('',#3560,10.);
#1076=VECTOR('',#3561,10.);
#1077=VECTOR('',#3564,10.);
#1078=VECTOR('',#3565,10.);
#1079=VECTOR('',#3566,10.);
#1080=VECTOR('',#3569,10.);
#1081=VECTOR('',#3570,10.);
#1082=VECTOR('',#3575,10.);
#1083=VECTOR('',#3576,10.);
#1084=VECTOR('',#3577,10.);
#1085=VECTOR('',#3578,10.);
#1086=VECTOR('',#3579,10.);
#1087=VECTOR('',#3582,10.);
#1088=VECTOR('',#3583,10.);
#1089=VECTOR('',#3584,10.);
#1090=VECTOR('',#3585,10.);
#1091=VECTOR('',#3586,10.);
#1092=VECTOR('',#3589,10.);
#1093=VECTOR('',#3590,10.);
#1094=VECTOR('',#3607,10.);
#1095=VECTOR('',#3608,10.);
#1096=VECTOR('',#3609,10.);
#1097=VECTOR('',#3610,10.);
#1098=VECTOR('',#3611,10.);
#1099=VECTOR('',#3612,10.);
#1100=VECTOR('',#3613,10.);
#1101=VECTOR('',#3614,10.);
#1102=VECTOR('',#3615,10.);
#1103=VECTOR('',#3616,10.);
#1104=VECTOR('',#3617,10.);
#1105=VECTOR('',#3618,10.);
#1106=VECTOR('',#3619,10.);
#1107=VECTOR('',#3624,3.09000001490116);
#1108=VECTOR('',#3635,3.09000001490116);
#1109=VECTOR('',#3654,1.1);
#1110=VECTOR('',#3659,1.6);
#1111=VECTOR('',#3674,1.1);
#1112=VECTOR('',#3679,1.6);
#1113=VECTOR('',#3694,1.1);
#1114=VECTOR('',#3699,1.6);
#1115=VECTOR('',#3714,1.1);
#1116=VECTOR('',#3719,1.6);
#1117=VECTOR('',#3728,10.);
#1118=VECTOR('',#3729,10.);
#1119=VECTOR('',#3746,10.);
#1120=VECTOR('',#3747,10.);
#1121=VECTOR('',#3748,10.);
#1122=VECTOR('',#3749,10.);
#1123=VECTOR('',#3756,1.6);
#1124=VECTOR('',#3761,1.6);
#1125=VECTOR('',#3766,1.6);
#1126=VECTOR('',#3771,1.6);
#1127=VECTOR('',#3786,10.);
#1128=VECTOR('',#3787,10.);
#1129=VECTOR('',#3788,10.);
#1130=VECTOR('',#3789,10.);
#1131=VECTOR('',#3790,10.);
#1132=VECTOR('',#3791,10.);
#1133=VECTOR('',#3792,10.);
#1134=VECTOR('',#3793,10.);
#1135=VECTOR('',#3798,10.);
#1136=VECTOR('',#3801,10.);
#1137=VECTOR('',#3804,10.);
#1138=VECTOR('',#3805,10.);
#1139=VECTOR('',#3808,10.);
#1140=VECTOR('',#3811,10.);
#1141=VECTOR('',#3812,10.);
#1142=VECTOR('',#3813,10.);
#1143=VECTOR('',#3814,10.);
#1144=VECTOR('',#3817,10.);
#1145=VECTOR('',#3818,10.);
#1146=VECTOR('',#3819,10.);
#1147=VECTOR('',#3820,10.);
#1148=VECTOR('',#3833,10.);
#1149=VECTOR('',#3836,10.);
#1150=VECTOR('',#3851,10.);
#1151=VECTOR('',#3854,10.);
#1152=VECTOR('',#3855,10.);
#1153=VECTOR('',#3856,10.);
#1154=VECTOR('',#3857,10.);
#1155=VECTOR('',#3858,10.);
#1156=VECTOR('',#3859,10.);
#1157=VECTOR('',#3862,10.);
#1158=VECTOR('',#3863,10.);
#1159=VECTOR('',#3866,10.);
#1160=VECTOR('',#3867,10.);
#1161=VECTOR('',#3870,10.);
#1162=VECTOR('',#3873,10.);
#1163=VECTOR('',#3876,10.);
#1164=VECTOR('',#3883,10.);
#1165=VECTOR('',#3890,10.);
#1166=VECTOR('',#3895,10.);
#1167=VECTOR('',#3896,10.);
#1168=VECTOR('',#3899,10.);
#1169=VECTOR('',#3900,10.);
#1170=VECTOR('',#3903,10.);
#1171=VECTOR('',#3908,10.);
#1172=VECTOR('',#3909,10.);
#1173=VECTOR('',#3912,10.);
#1174=VECTOR('',#3915,10.);
#1175=VECTOR('',#3916,10.);
#1176=VECTOR('',#3921,10.);
#1177=VECTOR('',#3924,10.);
#1178=VECTOR('',#3929,10.);
#1179=VECTOR('',#3932,10.);
#1180=VECTOR('',#3933,10.);
#1181=VECTOR('',#3934,10.);
#1182=VECTOR('',#3935,10.);
#1183=VECTOR('',#3936,10.);
#1184=VECTOR('',#3937,10.);
#1185=VECTOR('',#3940,10.);
#1186=VECTOR('',#3941,10.);
#1187=VECTOR('',#3944,10.);
#1188=VECTOR('',#3945,10.);
#1189=VECTOR('',#3946,10.);
#1190=VECTOR('',#3947,10.);
#1191=VECTOR('',#3950,10.);
#1192=VECTOR('',#3951,10.);
#1193=VECTOR('',#3952,10.);
#1194=VECTOR('',#3953,10.);
#1195=VECTOR('',#3954,10.);
#1196=VECTOR('',#3959,10.);
#1197=VECTOR('',#3960,10.);
#1198=VECTOR('',#3975,10.);
#1199=VECTOR('',#3994,10.);
#1200=VECTOR('',#4017,10.);
#1201=VECTOR('',#4026,10.);
#1202=VECTOR('',#4041,10.);
#1203=VECTOR('',#4042,10.);
#1204=VECTOR('',#4043,10.);
#1205=VECTOR('',#4044,10.);
#1206=VECTOR('',#4045,10.);
#1207=VECTOR('',#4050,10.);
#1208=VECTOR('',#4051,10.);
#1209=VECTOR('',#4056,10.);
#1210=VECTOR('',#4061,10.);
#1211=VECTOR('',#4064,10.);
#1212=VECTOR('',#4065,10.);
#1213=VECTOR('',#4066,10.);
#1214=VECTOR('',#4067,10.);
#1215=VECTOR('',#4070,10.);
#1216=VECTOR('',#4075,10.);
#1217=VECTOR('',#4076,10.);
#1218=VECTOR('',#4077,10.);
#1219=VECTOR('',#4078,10.);
#1220=VECTOR('',#4079,10.);
#1221=VECTOR('',#4084,10.);
#1222=VECTOR('',#4087,10.);
#1223=VECTOR('',#4092,10.);
#1224=VECTOR('',#4095,10.);
#1225=VECTOR('',#4098,10.);
#1226=VECTOR('',#4099,10.);
#1227=VECTOR('',#4100,10.);
#1228=VECTOR('',#4101,10.);
#1229=VECTOR('',#4106,10.);
#1230=VECTOR('',#4109,10.);
#1231=VECTOR('',#4110,10.);
#1232=VECTOR('',#4111,10.);
#1233=VECTOR('',#4112,10.);
#1234=VECTOR('',#4113,10.);
#1235=VECTOR('',#4116,10.);
#1236=VECTOR('',#4123,10.);
#1237=VECTOR('',#4126,10.);
#1238=VECTOR('',#4129,10.);
#1239=VECTOR('',#4132,10.);
#1240=VECTOR('',#4133,10.);
#1241=VECTOR('',#4134,10.);
#1242=VECTOR('',#4135,10.);
#1243=VECTOR('',#4138,10.);
#1244=VECTOR('',#4143,10.);
#1245=VECTOR('',#4144,10.);
#1246=VECTOR('',#4145,10.);
#1247=VECTOR('',#4146,10.);
#1248=VECTOR('',#4147,10.);
#1249=VECTOR('',#4150,10.);
#1250=VECTOR('',#4153,10.);
#1251=VECTOR('',#4156,10.);
#1252=VECTOR('',#4157,10.);
#1253=VECTOR('',#4158,10.);
#1254=VECTOR('',#4159,10.);
#1255=VECTOR('',#4164,10.);
#1256=VECTOR('',#4167,10.);
#1257=VECTOR('',#4174,10.);
#1258=VECTOR('',#4177,10.);
#1259=VECTOR('',#4178,10.);
#1260=VECTOR('',#4179,10.);
#1261=VECTOR('',#4180,10.);
#1262=VECTOR('',#4181,10.);
#1263=VECTOR('',#4184,10.);
#1264=VECTOR('',#4185,10.);
#1265=VECTOR('',#4186,10.);
#1266=VECTOR('',#4187,10.);
#1267=VECTOR('',#4188,10.);
#1268=VECTOR('',#4195,10.);
#1269=VECTOR('',#4198,10.);
#1270=VECTOR('',#4201,10.);
#1271=VECTOR('',#4202,10.);
#1272=VECTOR('',#4203,10.);
#1273=VECTOR('',#4204,10.);
#1274=VECTOR('',#4205,10.);
#1275=VECTOR('',#4208,10.);
#1276=VECTOR('',#4209,10.);
#1277=VECTOR('',#4210,10.);
#1278=VECTOR('',#4211,10.);
#1279=VECTOR('',#4212,10.);
#1280=VECTOR('',#4219,10.);
#1281=VECTOR('',#4220,10.);
#1282=VECTOR('',#4229,10.);
#1283=VECTOR('',#4230,10.);
#1284=VECTOR('',#4231,10.);
#1285=VECTOR('',#4232,10.);
#1286=VECTOR('',#4235,10.);
#1287=VECTOR('',#4236,10.);
#1288=VECTOR('',#4237,10.);
#1289=VECTOR('',#4238,10.);
#1290=VECTOR('',#4249,10.);
#1291=VECTOR('',#4250,10.);
#1292=VECTOR('',#4251,10.);
#1293=VECTOR('',#4252,10.);
#1294=VECTOR('',#4255,10.);
#1295=VECTOR('',#4256,10.);
#1296=VECTOR('',#4257,10.);
#1297=VECTOR('',#4258,10.);
#1298=VECTOR('',#4305,1.6);
#1299=VECTOR('',#4308,10.);
#1300=VECTOR('',#4309,10.);
#1301=VECTOR('',#4312,1.6);
#1302=VECTOR('',#4315,1.6);
#1303=VECTOR('',#4318,1.6);
#1304=VECTOR('',#4319,10.);
#1305=VECTOR('',#4320,10.);
#1306=VECTOR('',#4321,10.);
#1307=VECTOR('',#4324,10.);
#1308=VECTOR('',#4329,3.25);
#1309=VECTOR('',#4332,3.25);
#1310=VECTOR('',#4335,3.25);
#1311=VECTOR('',#4338,3.24999999999999);
#1312=VECTOR('',#4341,3.24999999999999);
#1313=VECTOR('',#4344,3.24999999999999);
#1314=VECTOR('',#4347,3.24999999999999);
#1315=VECTOR('',#4350,10.);
#1316=VERTEX_POINT('',#4355);
#1317=VERTEX_POINT('',#4356);
#1318=VERTEX_POINT('',#4358);
#1319=VERTEX_POINT('',#4360);
#1320=VERTEX_POINT('',#4362);
#1321=VERTEX_POINT('',#4364);
#1322=VERTEX_POINT('',#4366);
#1323=VERTEX_POINT('',#4368);
#1324=VERTEX_POINT('',#4370);
#1325=VERTEX_POINT('',#4372);
#1326=VERTEX_POINT('',#4374);
#1327=VERTEX_POINT('',#4377);
#1328=VERTEX_POINT('',#4379);
#1329=VERTEX_POINT('',#4383);
#1330=VERTEX_POINT('',#4384);
#1331=VERTEX_POINT('',#4386);
#1332=VERTEX_POINT('',#4388);
#1333=VERTEX_POINT('',#4390);
#1334=VERTEX_POINT('',#4392);
#1335=VERTEX_POINT('',#4394);
#1336=VERTEX_POINT('',#4396);
#1337=VERTEX_POINT('',#4400);
#1338=VERTEX_POINT('',#4402);
#1339=VERTEX_POINT('',#4406);
#1340=VERTEX_POINT('',#4408);
#1341=VERTEX_POINT('',#4416);
#1342=VERTEX_POINT('',#4417);
#1343=VERTEX_POINT('',#4422);
#1344=VERTEX_POINT('',#4424);
#1345=VERTEX_POINT('',#4426);
#1346=VERTEX_POINT('',#4428);
#1347=VERTEX_POINT('',#4434);
#1348=VERTEX_POINT('',#4435);
#1349=VERTEX_POINT('',#4439);
#1350=VERTEX_POINT('',#4441);
#1351=VERTEX_POINT('',#4445);
#1352=VERTEX_POINT('',#4447);
#1353=VERTEX_POINT('',#4474);
#1354=VERTEX_POINT('',#4475);
#1355=VERTEX_POINT('',#4482);
#1356=VERTEX_POINT('',#4484);
#1357=VERTEX_POINT('',#4504);
#1358=VERTEX_POINT('',#4511);
#1359=VERTEX_POINT('',#4531);
#1360=VERTEX_POINT('',#4538);
#1361=VERTEX_POINT('',#4558);
#1362=VERTEX_POINT('',#4565);
#1363=VERTEX_POINT('',#4597);
#1364=VERTEX_POINT('',#4610);
#1365=VERTEX_POINT('',#4648);
#1366=VERTEX_POINT('',#4661);
#1367=VERTEX_POINT('',#4699);
#1368=VERTEX_POINT('',#4712);
#1369=VERTEX_POINT('',#4780);
#1370=VERTEX_POINT('',#4782);
#1371=VERTEX_POINT('',#4793);
#1372=VERTEX_POINT('',#4804);
#1373=VERTEX_POINT('',#4815);
#1374=VERTEX_POINT('',#4821);
#1375=VERTEX_POINT('',#4823);
#1376=VERTEX_POINT('',#4829);
#1377=VERTEX_POINT('',#4831);
#1378=VERTEX_POINT('',#4862);
#1379=VERTEX_POINT('',#4863);
#1380=VERTEX_POINT('',#4865);
#1381=VERTEX_POINT('',#4867);
#1382=VERTEX_POINT('',#4872);
#1383=VERTEX_POINT('',#4876);
#1384=VERTEX_POINT('',#4906);
#1385=VERTEX_POINT('',#4907);
#1386=VERTEX_POINT('',#4909);
#1387=VERTEX_POINT('',#4911);
#1388=VERTEX_POINT('',#4916);
#1389=VERTEX_POINT('',#4920);
#1390=VERTEX_POINT('',#4950);
#1391=VERTEX_POINT('',#4951);
#1392=VERTEX_POINT('',#4953);
#1393=VERTEX_POINT('',#4955);
#1394=VERTEX_POINT('',#4960);
#1395=VERTEX_POINT('',#4964);
#1396=VERTEX_POINT('',#4994);
#1397=VERTEX_POINT('',#4995);
#1398=VERTEX_POINT('',#4997);
#1399=VERTEX_POINT('',#4999);
#1400=VERTEX_POINT('',#5004);
#1401=VERTEX_POINT('',#5008);
#1402=VERTEX_POINT('',#5021);
#1403=VERTEX_POINT('',#5032);
#1404=VERTEX_POINT('',#5038);
#1405=VERTEX_POINT('',#5045);
#1406=VERTEX_POINT('',#5047);
#1407=VERTEX_POINT('',#5049);
#1408=VERTEX_POINT('',#5051);
#1409=VERTEX_POINT('',#5053);
#1410=VERTEX_POINT('',#5055);
#1411=VERTEX_POINT('',#5057);
#1412=VERTEX_POINT('',#5059);
#1413=VERTEX_POINT('',#5060);
#1414=VERTEX_POINT('',#5062);
#1415=VERTEX_POINT('',#5064);
#1416=VERTEX_POINT('',#5067);
#1417=VERTEX_POINT('',#5070);
#1418=VERTEX_POINT('',#5074);
#1419=VERTEX_POINT('',#5078);
#1420=VERTEX_POINT('',#5082);
#1421=VERTEX_POINT('',#5086);
#1422=VERTEX_POINT('',#5089);
#1423=VERTEX_POINT('',#5092);
#1424=VERTEX_POINT('',#5114);
#1425=VERTEX_POINT('',#5116);
#1426=VERTEX_POINT('',#5127);
#1427=VERTEX_POINT('',#5138);
#1428=VERTEX_POINT('',#5140);
#1429=VERTEX_POINT('',#5151);
#1430=VERTEX_POINT('',#5153);
#1431=VERTEX_POINT('',#5159);
#1432=VERTEX_POINT('',#5160);
#1433=VERTEX_POINT('',#5162);
#1434=VERTEX_POINT('',#5164);
#1435=VERTEX_POINT('',#5168);
#1436=VERTEX_POINT('',#5170);
#1437=VERTEX_POINT('',#5172);
#1438=VERTEX_POINT('',#5176);
#1439=VERTEX_POINT('',#5178);
#1440=VERTEX_POINT('',#5182);
#1441=VERTEX_POINT('',#5186);
#1442=VERTEX_POINT('',#5193);
#1443=VERTEX_POINT('',#5195);
#1444=VERTEX_POINT('',#5200);
#1445=VERTEX_POINT('',#5202);
#1446=VERTEX_POINT('',#5207);
#1447=VERTEX_POINT('',#5214);
#1448=VERTEX_POINT('',#5221);
#1449=VERTEX_POINT('',#5226);
#1450=VERTEX_POINT('',#5232);
#1451=VERTEX_POINT('',#5234);
#1452=VERTEX_POINT('',#5235);
#1453=VERTEX_POINT('',#5237);
#1454=VERTEX_POINT('',#5239);
#1455=VERTEX_POINT('',#5242);
#1456=VERTEX_POINT('',#5244);
#1457=VERTEX_POINT('',#5246);
#1458=VERTEX_POINT('',#5248);
#1459=VERTEX_POINT('',#5249);
#1460=VERTEX_POINT('',#5251);
#1461=VERTEX_POINT('',#5253);
#1462=VERTEX_POINT('',#5255);
#1463=VERTEX_POINT('',#5257);
#1464=VERTEX_POINT('',#5260);
#1465=VERTEX_POINT('',#5261);
#1466=VERTEX_POINT('',#5263);
#1467=VERTEX_POINT('',#5265);
#1468=VERTEX_POINT('',#5267);
#1469=VERTEX_POINT('',#5269);
#1470=VERTEX_POINT('',#5271);
#1471=VERTEX_POINT('',#5273);
#1472=VERTEX_POINT('',#5275);
#1473=VERTEX_POINT('',#5277);
#1474=VERTEX_POINT('',#5280);
#1475=VERTEX_POINT('',#5282);
#1476=VERTEX_POINT('',#5285);
#1477=VERTEX_POINT('',#5289);
#1478=VERTEX_POINT('',#5293);
#1479=VERTEX_POINT('',#5297);
#1480=VERTEX_POINT('',#5299);
#1481=VERTEX_POINT('',#5303);
#1482=VERTEX_POINT('',#5307);
#1483=VERTEX_POINT('',#5308);
#1484=VERTEX_POINT('',#5310);
#1485=VERTEX_POINT('',#5312);
#1486=VERTEX_POINT('',#5314);
#1487=VERTEX_POINT('',#5316);
#1488=VERTEX_POINT('',#5320);
#1489=VERTEX_POINT('',#5330);
#1490=VERTEX_POINT('',#5332);
#1491=VERTEX_POINT('',#5338);
#1492=VERTEX_POINT('',#5362);
#1493=VERTEX_POINT('',#5363);
#1494=VERTEX_POINT('',#5370);
#1495=VERTEX_POINT('',#5372);
#1496=VERTEX_POINT('',#5379);
#1497=VERTEX_POINT('',#5397);
#1498=VERTEX_POINT('',#5398);
#1499=VERTEX_POINT('',#5403);
#1500=VERTEX_POINT('',#5405);
#1501=VERTEX_POINT('',#5412);
#1502=VERTEX_POINT('',#5432);
#1503=VERTEX_POINT('',#5439);
#1504=VERTEX_POINT('',#5446);
#1505=VERTEX_POINT('',#5464);
#1506=VERTEX_POINT('',#5465);
#1507=VERTEX_POINT('',#5470);
#1508=VERTEX_POINT('',#5564);
#1509=VERTEX_POINT('',#5565);
#1510=VERTEX_POINT('',#5580);
#1511=VERTEX_POINT('',#5585);
#1512=VERTEX_POINT('',#5589);
#1513=VERTEX_POINT('',#5591);
#1514=VERTEX_POINT('',#5608);
#1515=VERTEX_POINT('',#5610);
#1516=VERTEX_POINT('',#5614);
#1517=VERTEX_POINT('',#5616);
#1518=VERTEX_POINT('',#5641);
#1519=VERTEX_POINT('',#5646);
#1520=VERTEX_POINT('',#5657);
#1521=VERTEX_POINT('',#5658);
#1522=VERTEX_POINT('',#5673);
#1523=VERTEX_POINT('',#5678);
#1524=VERTEX_POINT('',#5683);
#1525=VERTEX_POINT('',#5689);
#1526=VERTEX_POINT('',#5691);
#1527=VERTEX_POINT('',#5695);
#1528=VERTEX_POINT('',#5697);
#1529=VERTEX_POINT('',#5719);
#1530=VERTEX_POINT('',#5720);
#1531=VERTEX_POINT('',#5722);
#1532=VERTEX_POINT('',#5724);
#1533=VERTEX_POINT('',#5726);
#1534=VERTEX_POINT('',#5730);
#1535=VERTEX_POINT('',#5731);
#1536=VERTEX_POINT('',#5733);
#1537=VERTEX_POINT('',#5737);
#1538=VERTEX_POINT('',#5744);
#1539=VERTEX_POINT('',#5745);
#1540=VERTEX_POINT('',#5747);
#1541=VERTEX_POINT('',#5755);
#1542=VERTEX_POINT('',#5756);
#1543=VERTEX_POINT('',#5758);
#1544=VERTEX_POINT('',#5760);
#1545=VERTEX_POINT('',#5762);
#1546=VERTEX_POINT('',#5766);
#1547=VERTEX_POINT('',#5770);
#1548=VERTEX_POINT('',#5774);
#1549=VERTEX_POINT('',#5775);
#1550=VERTEX_POINT('',#5780);
#1551=VERTEX_POINT('',#5781);
#1552=VERTEX_POINT('',#5783);
#1553=VERTEX_POINT('',#5791);
#1554=VERTEX_POINT('',#5792);
#1555=VERTEX_POINT('',#5794);
#1556=VERTEX_POINT('',#5796);
#1557=VERTEX_POINT('',#5798);
#1558=VERTEX_POINT('',#5802);
#1559=VERTEX_POINT('',#5806);
#1560=VERTEX_POINT('',#5810);
#1561=VERTEX_POINT('',#5811);
#1562=VERTEX_POINT('',#5816);
#1563=VERTEX_POINT('',#5817);
#1564=VERTEX_POINT('',#5819);
#1565=VERTEX_POINT('',#5827);
#1566=VERTEX_POINT('',#5828);
#1567=VERTEX_POINT('',#5830);
#1568=VERTEX_POINT('',#5832);
#1569=VERTEX_POINT('',#5834);
#1570=VERTEX_POINT('',#5838);
#1571=VERTEX_POINT('',#5839);
#1572=VERTEX_POINT('',#5841);
#1573=VERTEX_POINT('',#5845);
#1574=VERTEX_POINT('',#5846);
#1575=VERTEX_POINT('',#5848);
#1576=VERTEX_POINT('',#5853);
#1577=VERTEX_POINT('',#5863);
#1578=VERTEX_POINT('',#5864);
#1579=VERTEX_POINT('',#5866);
#1580=VERTEX_POINT('',#5869);
#1581=VERTEX_POINT('',#5873);
#1582=VERTEX_POINT('',#5874);
#1583=VERTEX_POINT('',#5876);
#1584=VERTEX_POINT('',#5879);
#1585=VERTEX_POINT('',#5885);
#1586=VERTEX_POINT('',#5887);
#1587=VERTEX_POINT('',#5891);
#1588=VERTEX_POINT('',#5892);
#1589=VERTEX_POINT('',#5894);
#1590=VERTEX_POINT('',#5897);
#1591=VERTEX_POINT('',#5901);
#1592=VERTEX_POINT('',#5902);
#1593=VERTEX_POINT('',#5904);
#1594=VERTEX_POINT('',#5907);
#1595=VERTEX_POINT('',#5913);
#1596=VERTEX_POINT('',#5915);
#1597=VERTEX_POINT('',#5921);
#1598=VERTEX_POINT('',#5922);
#1599=VERTEX_POINT('',#5925);
#1600=VERTEX_POINT('',#5929);
#1601=VERTEX_POINT('',#5930);
#1602=VERTEX_POINT('',#5932);
#1603=VERTEX_POINT('',#5941);
#1604=VERTEX_POINT('',#5942);
#1605=VERTEX_POINT('',#5945);
#1606=VERTEX_POINT('',#5949);
#1607=VERTEX_POINT('',#5950);
#1608=VERTEX_POINT('',#5952);
#1609=VERTEX_POINT('',#5967);
#1610=VERTEX_POINT('',#5971);
#1611=VERTEX_POINT('',#5975);
#1612=VERTEX_POINT('',#5979);
#1613=EDGE_CURVE('',#1316,#1317,#804,.T.);
#1614=EDGE_CURVE('',#1318,#1316,#794,.T.);
#1615=EDGE_CURVE('',#1319,#1318,#805,.T.);
#1616=EDGE_CURVE('',#1320,#1319,#661,.T.);
#1617=EDGE_CURVE('',#1321,#1320,#806,.T.);
#1618=EDGE_CURVE('',#1322,#1321,#795,.T.);
#1619=EDGE_CURVE('',#1323,#1322,#796,.T.);
#1620=EDGE_CURVE('',#1324,#1323,#807,.T.);
#1621=EDGE_CURVE('',#1325,#1324,#662,.T.);
#1622=EDGE_CURVE('',#1325,#1326,#808,.T.);
#1623=EDGE_CURVE('',#1326,#1326,#663,.F.);
#1624=EDGE_CURVE('',#1327,#1325,#664,.T.);
#1625=EDGE_CURVE('',#1328,#1327,#809,.T.);
#1626=EDGE_CURVE('',#1317,#1328,#797,.T.);
#1627=EDGE_CURVE('',#1329,#1330,#810,.T.);
#1628=EDGE_CURVE('',#1331,#1329,#811,.T.);
#1629=EDGE_CURVE('',#1331,#1332,#812,.T.);
#1630=EDGE_CURVE('',#1332,#1333,#813,.T.);
#1631=EDGE_CURVE('',#1334,#1333,#814,.T.);
#1632=EDGE_CURVE('',#1335,#1334,#815,.T.);
#1633=EDGE_CURVE('',#1335,#1336,#816,.T.);
#1634=EDGE_CURVE('',#1336,#1330,#817,.T.);
#1635=EDGE_CURVE('',#1337,#1331,#818,.T.);
#1636=EDGE_CURVE('',#1337,#1338,#819,.T.);
#1637=EDGE_CURVE('',#1338,#1332,#820,.T.);
#1638=EDGE_CURVE('',#1339,#1337,#821,.T.);
#1639=EDGE_CURVE('',#1339,#1340,#822,.T.);
#1640=EDGE_CURVE('',#1340,#1338,#823,.T.);
#1641=EDGE_CURVE('',#1334,#1339,#824,.T.);
#1642=EDGE_CURVE('',#1333,#1340,#825,.T.);
#1643=EDGE_CURVE('',#1341,#1342,#142,.T.);
#1644=EDGE_CURVE('',#1329,#1341,#826,.T.);
#1645=EDGE_CURVE('',#1330,#1343,#827,.T.);
#1646=EDGE_CURVE('',#1344,#1343,#828,.T.);
#1647=EDGE_CURVE('',#1345,#1344,#829,.T.);
#1648=EDGE_CURVE('',#1346,#1345,#143,.T.);
#1649=EDGE_CURVE('',#1342,#1346,#830,.T.);
#1650=EDGE_CURVE('',#1347,#1348,#144,.T.);
#1651=EDGE_CURVE('',#1349,#1347,#831,.T.);
#1652=EDGE_CURVE('',#1350,#1349,#145,.T.);
#1653=EDGE_CURVE('',#1351,#1350,#832,.T.);
#1654=EDGE_CURVE('',#1351,#1352,#833,.T.);
#1655=EDGE_CURVE('',#1352,#1336,#834,.T.);
#1656=EDGE_CURVE('',#1348,#1335,#835,.T.);
#1657=EDGE_CURVE('',#1344,#1351,#836,.T.);
#1658=EDGE_CURVE('',#1343,#1352,#837,.T.);
#1659=EDGE_CURVE('',#1350,#1348,#665,.T.);
#1660=EDGE_CURVE('',#1349,#1347,#666,.T.);
#1661=EDGE_CURVE('',#1342,#1346,#667,.T.);
#1662=EDGE_CURVE('',#1341,#1345,#668,.T.);
#1663=EDGE_CURVE('',#1353,#1354,#63,.T.);
#1664=EDGE_CURVE('',#1355,#1353,#838,.T.);
#1665=EDGE_CURVE('',#1355,#1356,#64,.T.);
#1666=EDGE_CURVE('',#1356,#1354,#839,.T.);
#1667=EDGE_CURVE('',#1357,#1353,#65,.T.);
#1668=EDGE_CURVE('',#1358,#1357,#840,.T.);
#1669=EDGE_CURVE('',#1358,#1355,#66,.T.);
#1670=EDGE_CURVE('',#1359,#1357,#67,.T.);
#1671=EDGE_CURVE('',#1360,#1359,#841,.T.);
#1672=EDGE_CURVE('',#1360,#1358,#68,.T.);
#1673=EDGE_CURVE('',#1361,#1359,#69,.T.);
#1674=EDGE_CURVE('',#1362,#1361,#842,.T.);
#1675=EDGE_CURVE('',#1362,#1360,#70,.T.);
#1676=EDGE_CURVE('',#1363,#1361,#71,.T.);
#1677=EDGE_CURVE('',#1364,#1363,#843,.T.);
#1678=EDGE_CURVE('',#1364,#1362,#72,.T.);
#1679=EDGE_CURVE('',#1365,#1363,#73,.T.);
#1680=EDGE_CURVE('',#1366,#1365,#844,.T.);
#1681=EDGE_CURVE('',#1366,#1364,#74,.T.);
#1682=EDGE_CURVE('',#1367,#1365,#75,.T.);
#1683=EDGE_CURVE('',#1368,#1367,#845,.T.);
#1684=EDGE_CURVE('',#1368,#1366,#76,.T.);
#1685=EDGE_CURVE('',#1354,#1367,#77,.T.);
#1686=EDGE_CURVE('',#1356,#1368,#78,.T.);
#1687=EDGE_CURVE('',#1365,#1369,#846,.T.);
#1688=EDGE_CURVE('',#1370,#1369,#146,.T.);
#1689=EDGE_CURVE('',#1367,#1370,#847,.T.);
#1690=EDGE_CURVE('',#1371,#1363,#848,.T.);
#1691=EDGE_CURVE('',#1369,#1371,#147,.T.);
#1692=EDGE_CURVE('',#1361,#1372,#849,.T.);
#1693=EDGE_CURVE('',#1371,#1372,#148,.T.);
#1694=EDGE_CURVE('',#1373,#1359,#850,.T.);
#1695=EDGE_CURVE('',#1372,#1373,#149,.T.);
#1696=EDGE_CURVE('',#1374,#1374,#669,.T.);
#1697=EDGE_CURVE('',#1374,#1375,#851,.T.);
#1698=EDGE_CURVE('',#1375,#1375,#670,.T.);
#1699=EDGE_CURVE('',#1376,#1376,#671,.T.);
#1700=EDGE_CURVE('',#1376,#1377,#852,.T.);
#1701=EDGE_CURVE('',#1377,#1377,#672,.T.);
#1702=EDGE_CURVE('',#1378,#1379,#673,.T.);
#1703=EDGE_CURVE('',#1379,#1380,#674,.T.);
#1704=EDGE_CURVE('',#1380,#1381,#675,.T.);
#1705=EDGE_CURVE('',#1381,#1380,#676,.T.);
#1706=EDGE_CURVE('',#1379,#1378,#677,.T.);
#1707=EDGE_CURVE('',#1382,#1382,#678,.T.);
#1708=EDGE_CURVE('',#1382,#1381,#853,.T.);
#1709=EDGE_CURVE('',#1383,#1383,#679,.T.);
#1710=EDGE_CURVE('',#1383,#1378,#854,.T.);
#1711=EDGE_CURVE('',#1384,#1385,#680,.T.);
#1712=EDGE_CURVE('',#1385,#1386,#681,.T.);
#1713=EDGE_CURVE('',#1386,#1387,#682,.T.);
#1714=EDGE_CURVE('',#1387,#1386,#683,.T.);
#1715=EDGE_CURVE('',#1385,#1384,#684,.T.);
#1716=EDGE_CURVE('',#1388,#1388,#685,.T.);
#1717=EDGE_CURVE('',#1388,#1387,#855,.T.);
#1718=EDGE_CURVE('',#1389,#1389,#686,.T.);
#1719=EDGE_CURVE('',#1389,#1384,#856,.T.);
#1720=EDGE_CURVE('',#1390,#1391,#687,.T.);
#1721=EDGE_CURVE('',#1391,#1392,#688,.T.);
#1722=EDGE_CURVE('',#1392,#1393,#689,.T.);
#1723=EDGE_CURVE('',#1393,#1392,#690,.T.);
#1724=EDGE_CURVE('',#1391,#1390,#691,.T.);
#1725=EDGE_CURVE('',#1394,#1394,#692,.T.);
#1726=EDGE_CURVE('',#1394,#1393,#857,.T.);
#1727=EDGE_CURVE('',#1395,#1395,#693,.T.);
#1728=EDGE_CURVE('',#1395,#1390,#858,.T.);
#1729=EDGE_CURVE('',#1396,#1397,#694,.T.);
#1730=EDGE_CURVE('',#1397,#1398,#695,.T.);
#1731=EDGE_CURVE('',#1398,#1399,#696,.T.);
#1732=EDGE_CURVE('',#1399,#1398,#697,.T.);
#1733=EDGE_CURVE('',#1397,#1396,#698,.T.);
#1734=EDGE_CURVE('',#1400,#1400,#699,.T.);
#1735=EDGE_CURVE('',#1400,#1399,#859,.T.);
#1736=EDGE_CURVE('',#1401,#1401,#700,.T.);
#1737=EDGE_CURVE('',#1401,#1396,#860,.T.);
#1738=EDGE_CURVE('',#1357,#1402,#861,.T.);
#1739=EDGE_CURVE('',#1373,#1402,#150,.T.);
#1740=EDGE_CURVE('',#1353,#1403,#862,.T.);
#1741=EDGE_CURVE('',#1402,#1403,#151,.T.);
#1742=EDGE_CURVE('',#1403,#1404,#152,.T.);
#1743=EDGE_CURVE('',#1404,#1370,#153,.T.);
#1744=EDGE_CURVE('',#1405,#1405,#701,.T.);
#1745=EDGE_CURVE('',#1406,#1406,#702,.T.);
#1746=EDGE_CURVE('',#1407,#1407,#703,.T.);
#1747=EDGE_CURVE('',#1408,#1408,#704,.T.);
#1748=EDGE_CURVE('',#1409,#1409,#705,.T.);
#1749=EDGE_CURVE('',#1410,#1410,#706,.T.);
#1750=EDGE_CURVE('',#1411,#1411,#707,.T.);
#1751=EDGE_CURVE('',#1412,#1413,#863,.T.);
#1752=EDGE_CURVE('',#1413,#1414,#864,.T.);
#1753=EDGE_CURVE('',#1414,#1415,#865,.T.);
#1754=EDGE_CURVE('',#1412,#1415,#866,.T.);
#1755=EDGE_CURVE('',#1416,#1416,#708,.T.);
#1756=EDGE_CURVE('',#1417,#1417,#709,.T.);
#1757=EDGE_CURVE('',#1417,#1407,#867,.T.);
#1758=EDGE_CURVE('',#1418,#1418,#710,.T.);
#1759=EDGE_CURVE('',#1418,#1408,#868,.T.);
#1760=EDGE_CURVE('',#1419,#1419,#711,.T.);
#1761=EDGE_CURVE('',#1419,#1409,#869,.T.);
#1762=EDGE_CURVE('',#1420,#1420,#712,.T.);
#1763=EDGE_CURVE('',#1420,#1410,#870,.T.);
#1764=EDGE_CURVE('',#1421,#1421,#713,.F.);
#1765=EDGE_CURVE('',#1422,#1422,#714,.F.);
#1766=EDGE_CURVE('',#1423,#1423,#715,.F.);
#1767=EDGE_CURVE('',#1404,#1354,#871,.T.);
#1768=EDGE_CURVE('',#1356,#1424,#872,.T.);
#1769=EDGE_CURVE('',#1425,#1424,#154,.T.);
#1770=EDGE_CURVE('',#1425,#1368,#873,.T.);
#1771=EDGE_CURVE('',#1426,#1355,#874,.T.);
#1772=EDGE_CURVE('',#1424,#1426,#155,.T.);
#1773=EDGE_CURVE('',#1427,#1358,#875,.T.);
#1774=EDGE_CURVE('',#1428,#1427,#156,.T.);
#1775=EDGE_CURVE('',#1428,#1426,#876,.T.);
#1776=EDGE_CURVE('',#1360,#1429,#877,.T.);
#1777=EDGE_CURVE('',#1430,#1429,#878,.T.);
#1778=EDGE_CURVE('',#1427,#1430,#157,.T.);
#1779=EDGE_CURVE('',#1431,#1432,#716,.T.);
#1780=EDGE_CURVE('',#1433,#1432,#879,.T.);
#1781=EDGE_CURVE('',#1434,#1433,#717,.T.);
#1782=EDGE_CURVE('',#1431,#1434,#880,.T.);
#1783=EDGE_CURVE('',#1435,#1434,#881,.T.);
#1784=EDGE_CURVE('',#1435,#1436,#882,.T.);
#1785=EDGE_CURVE('',#1436,#1437,#718,.T.);
#1786=EDGE_CURVE('',#1431,#1437,#883,.T.);
#1787=EDGE_CURVE('',#1438,#1429,#884,.T.);
#1788=EDGE_CURVE('',#1429,#1439,#158,.T.);
#1789=EDGE_CURVE('',#1439,#1440,#159,.T.);
#1790=EDGE_CURVE('',#1440,#1441,#160,.T.);
#1791=EDGE_CURVE('',#1441,#1425,#161,.T.);
#1792=EDGE_CURVE('',#1426,#1442,#885,.T.);
#1793=EDGE_CURVE('',#1442,#1443,#79,.T.);
#1794=EDGE_CURVE('',#1443,#1444,#886,.T.);
#1795=EDGE_CURVE('',#1444,#1445,#80,.T.);
#1796=EDGE_CURVE('',#1445,#1446,#81,.T.);
#1797=EDGE_CURVE('',#1446,#1447,#82,.T.);
#1798=EDGE_CURVE('',#1447,#1448,#83,.T.);
#1799=EDGE_CURVE('',#1448,#1449,#887,.T.);
#1800=EDGE_CURVE('',#1449,#1438,#84,.T.);
#1801=EDGE_CURVE('',#1450,#1450,#719,.T.);
#1802=EDGE_CURVE('',#1451,#1452,#888,.T.);
#1803=EDGE_CURVE('',#1453,#1452,#889,.T.);
#1804=EDGE_CURVE('',#1453,#1454,#890,.T.);
#1805=EDGE_CURVE('',#1454,#1451,#891,.T.);
#1806=EDGE_CURVE('',#1455,#1455,#720,.T.);
#1807=EDGE_CURVE('',#1456,#1456,#721,.T.);
#1808=EDGE_CURVE('',#1457,#1457,#722,.T.);
#1809=EDGE_CURVE('',#1458,#1459,#723,.T.);
#1810=EDGE_CURVE('',#1459,#1460,#724,.T.);
#1811=EDGE_CURVE('',#1460,#1461,#725,.T.);
#1812=EDGE_CURVE('',#1461,#1462,#892,.T.);
#1813=EDGE_CURVE('',#1462,#1463,#726,.T.);
#1814=EDGE_CURVE('',#1463,#1458,#893,.T.);
#1815=EDGE_CURVE('',#1464,#1465,#727,.T.);
#1816=EDGE_CURVE('',#1465,#1466,#728,.T.);
#1817=EDGE_CURVE('',#1466,#1467,#729,.T.);
#1818=EDGE_CURVE('',#1467,#1468,#730,.T.);
#1819=EDGE_CURVE('',#1468,#1469,#731,.T.);
#1820=EDGE_CURVE('',#1469,#1470,#732,.T.);
#1821=EDGE_CURVE('',#1470,#1471,#733,.T.);
#1822=EDGE_CURVE('',#1471,#1472,#894,.T.);
#1823=EDGE_CURVE('',#1472,#1473,#734,.T.);
#1824=EDGE_CURVE('',#1473,#1464,#895,.T.);
#1825=EDGE_CURVE('',#1433,#1474,#896,.T.);
#1826=EDGE_CURVE('',#1474,#1475,#897,.T.);
#1827=EDGE_CURVE('',#1475,#1327,#898,.T.);
#1828=EDGE_CURVE('',#1324,#1476,#899,.T.);
#1829=EDGE_CURVE('',#1476,#1435,#900,.T.);
#1830=EDGE_CURVE('',#1323,#1477,#901,.T.);
#1831=EDGE_CURVE('',#1476,#1477,#902,.T.);
#1832=EDGE_CURVE('',#1478,#1322,#903,.F.);
#1833=EDGE_CURVE('',#1477,#1478,#904,.T.);
#1834=EDGE_CURVE('',#1479,#1321,#905,.T.);
#1835=EDGE_CURVE('',#1479,#1480,#798,.T.);
#1836=EDGE_CURVE('',#1480,#1478,#906,.T.);
#1837=EDGE_CURVE('',#1481,#1320,#907,.T.);
#1838=EDGE_CURVE('',#1481,#1479,#735,.T.);
#1839=EDGE_CURVE('',#1482,#1483,#736,.T.);
#1840=EDGE_CURVE('',#1484,#1482,#908,.T.);
#1841=EDGE_CURVE('',#1485,#1484,#737,.T.);
#1842=EDGE_CURVE('',#1486,#1485,#799,.T.);
#1843=EDGE_CURVE('',#1487,#1486,#800,.T.);
#1844=EDGE_CURVE('',#1483,#1487,#909,.T.);
#1845=EDGE_CURVE('',#1480,#1488,#801,.T.);
#1846=EDGE_CURVE('',#1437,#1481,#910,.T.);
#1847=EDGE_CURVE('',#1488,#1436,#911,.T.);
#1848=EDGE_CURVE('',#1319,#1484,#912,.T.);
#1849=EDGE_CURVE('',#1482,#1432,#913,.T.);
#1850=EDGE_CURVE('',#1318,#1485,#914,.T.);
#1851=EDGE_CURVE('',#1316,#1489,#802,.T.);
#1852=EDGE_CURVE('',#1489,#1490,#915,.F.);
#1853=EDGE_CURVE('',#1486,#1490,#916,.T.);
#1854=EDGE_CURVE('',#1477,#1488,#917,.T.);
#1855=EDGE_CURVE('',#1491,#1490,#918,.T.);
#1856=EDGE_CURVE('',#1491,#1487,#919,.T.);
#1857=EDGE_CURVE('',#1489,#1317,#803,.T.);
#1858=EDGE_CURVE('',#1491,#1328,#920,.T.);
#1859=EDGE_CURVE('',#1475,#1491,#921,.T.);
#1860=EDGE_CURVE('',#1474,#1483,#922,.T.);
#1861=EDGE_CURVE('',#1492,#1493,#85,.T.);
#1862=EDGE_CURVE('',#1493,#1494,#923,.T.);
#1863=EDGE_CURVE('',#1495,#1494,#86,.T.);
#1864=EDGE_CURVE('',#1496,#1495,#924,.T.);
#1865=EDGE_CURVE('',#1496,#1492,#87,.T.);
#1866=EDGE_CURVE('',#1497,#1498,#88,.T.);
#1867=EDGE_CURVE('',#1498,#1499,#925,.T.);
#1868=EDGE_CURVE('',#1500,#1499,#89,.T.);
#1869=EDGE_CURVE('',#1501,#1500,#926,.T.);
#1870=EDGE_CURVE('',#1497,#1501,#90,.T.);
#1871=EDGE_CURVE('',#1501,#1502,#91,.T.);
#1872=EDGE_CURVE('',#1503,#1500,#92,.T.);
#1873=EDGE_CURVE('',#1504,#1503,#927,.T.);
#1874=EDGE_CURVE('',#1504,#1502,#93,.T.);
#1875=EDGE_CURVE('',#1505,#1506,#94,.T.);
#1876=EDGE_CURVE('',#1506,#1507,#928,.T.);
#1877=EDGE_CURVE('',#1494,#1507,#95,.T.);
#1878=EDGE_CURVE('',#1493,#1505,#96,.T.);
#1879=EDGE_CURVE('',#1507,#1503,#929,.T.);
#1880=EDGE_CURVE('',#1499,#1495,#930,.T.);
#1881=EDGE_CURVE('',#1502,#1428,#931,.T.);
#1882=EDGE_CURVE('',#1430,#1497,#932,.T.);
#1883=EDGE_CURVE('',#1498,#1449,#933,.T.);
#1884=EDGE_CURVE('',#1497,#1438,#934,.T.);
#1885=EDGE_CURVE('',#1496,#1448,#935,.T.);
#1886=EDGE_CURVE('',#1492,#1447,#936,.T.);
#1887=EDGE_CURVE('',#1493,#1446,#937,.T.);
#1888=EDGE_CURVE('',#1505,#1445,#938,.T.);
#1889=EDGE_CURVE('',#1506,#1444,#939,.T.);
#1890=EDGE_CURVE('',#1502,#1442,#940,.T.);
#1891=EDGE_CURVE('',#1443,#1504,#941,.T.);
#1892=EDGE_CURVE('',#1508,#1509,#97,.T.);
#1893=EDGE_CURVE('',#1510,#1509,#738,.T.);
#1894=EDGE_CURVE('',#1473,#1510,#162,.T.);
#1895=EDGE_CURVE('',#1472,#1511,#98,.T.);
#1896=EDGE_CURVE('',#1512,#1511,#739,.T.);
#1897=EDGE_CURVE('',#1512,#1513,#99,.T.);
#1898=EDGE_CURVE('',#1508,#1513,#740,.T.);
#1899=EDGE_CURVE('',#1512,#1514,#741,.T.);
#1900=EDGE_CURVE('',#1511,#1515,#942,.T.);
#1901=EDGE_CURVE('',#1515,#1514,#742,.T.);
#1902=EDGE_CURVE('',#1508,#1516,#743,.T.);
#1903=EDGE_CURVE('',#1517,#1513,#744,.T.);
#1904=EDGE_CURVE('',#1517,#1516,#745,.T.);
#1905=EDGE_CURVE('',#1470,#1514,#100,.T.);
#1906=EDGE_CURVE('',#1471,#1515,#746,.T.);
#1907=EDGE_CURVE('',#1467,#1516,#101,.T.);
#1908=EDGE_CURVE('',#1517,#1468,#102,.T.);
#1909=EDGE_CURVE('',#1518,#1510,#943,.T.);
#1910=EDGE_CURVE('',#1464,#1518,#747,.T.);
#1911=EDGE_CURVE('',#1519,#1465,#103,.T.);
#1912=EDGE_CURVE('',#1519,#1518,#748,.T.);
#1913=EDGE_CURVE('',#1519,#1509,#749,.T.);
#1914=EDGE_CURVE('',#1520,#1521,#104,.T.);
#1915=EDGE_CURVE('',#1521,#1522,#105,.T.);
#1916=EDGE_CURVE('',#1523,#1522,#750,.T.);
#1917=EDGE_CURVE('',#1463,#1523,#106,.T.);
#1918=EDGE_CURVE('',#1462,#1524,#163,.T.);
#1919=EDGE_CURVE('',#1520,#1524,#751,.T.);
#1920=EDGE_CURVE('',#1520,#1525,#752,.T.);
#1921=EDGE_CURVE('',#1524,#1526,#944,.T.);
#1922=EDGE_CURVE('',#1526,#1525,#753,.T.);
#1923=EDGE_CURVE('',#1527,#1522,#754,.T.);
#1924=EDGE_CURVE('',#1527,#1528,#755,.T.);
#1925=EDGE_CURVE('',#1528,#1523,#945,.T.);
#1926=EDGE_CURVE('',#1460,#1525,#107,.T.);
#1927=EDGE_CURVE('',#1461,#1526,#756,.T.);
#1928=EDGE_CURVE('',#1458,#1528,#757,.T.);
#1929=EDGE_CURVE('',#1527,#1459,#108,.T.);
#1930=EDGE_CURVE('',#1529,#1530,#946,.T.);
#1931=EDGE_CURVE('',#1529,#1531,#947,.T.);
#1932=EDGE_CURVE('',#1532,#1531,#948,.T.);
#1933=EDGE_CURVE('',#1533,#1532,#949,.T.);
#1934=EDGE_CURVE('',#1533,#1530,#950,.T.);
#1935=EDGE_CURVE('',#1534,#1535,#758,.T.);
#1936=EDGE_CURVE('',#1534,#1536,#951,.T.);
#1937=EDGE_CURVE('',#1536,#1535,#952,.T.);
#1938=EDGE_CURVE('',#1537,#1532,#759,.T.);
#1939=EDGE_CURVE('',#1537,#1533,#953,.T.);
#1940=EDGE_CURVE('',#1532,#1534,#760,.T.);
#1941=EDGE_CURVE('',#1531,#1534,#954,.T.);
#1942=EDGE_CURVE('',#1538,#1539,#955,.T.);
#1943=EDGE_CURVE('',#1538,#1540,#956,.T.);
#1944=EDGE_CURVE('',#1535,#1540,#957,.T.);
#1945=EDGE_CURVE('',#1536,#1539,#958,.T.);
#1946=EDGE_CURVE('',#1540,#1537,#959,.T.);
#1947=EDGE_CURVE('',#1535,#1537,#761,.T.);
#1948=EDGE_CURVE('',#1541,#1542,#960,.T.);
#1949=EDGE_CURVE('',#1541,#1543,#961,.T.);
#1950=EDGE_CURVE('',#1544,#1543,#962,.T.);
#1951=EDGE_CURVE('',#1545,#1544,#963,.T.);
#1952=EDGE_CURVE('',#1545,#1542,#964,.T.);
#1953=EDGE_CURVE('',#1546,#1544,#762,.T.);
#1954=EDGE_CURVE('',#1546,#1545,#965,.T.);
#1955=EDGE_CURVE('',#1543,#1547,#966,.T.);
#1956=EDGE_CURVE('',#1544,#1547,#763,.T.);
#1957=EDGE_CURVE('',#1548,#1549,#967,.T.);
#1958=EDGE_CURVE('',#1547,#1549,#764,.T.);
#1959=EDGE_CURVE('',#1547,#1548,#968,.T.);
#1960=EDGE_CURVE('',#1550,#1551,#969,.T.);
#1961=EDGE_CURVE('',#1550,#1552,#970,.T.);
#1962=EDGE_CURVE('',#1549,#1552,#971,.T.);
#1963=EDGE_CURVE('',#1548,#1551,#972,.T.);
#1964=EDGE_CURVE('',#1549,#1546,#765,.T.);
#1965=EDGE_CURVE('',#1552,#1546,#973,.T.);
#1966=EDGE_CURVE('',#1553,#1554,#974,.T.);
#1967=EDGE_CURVE('',#1553,#1555,#975,.T.);
#1968=EDGE_CURVE('',#1556,#1555,#976,.T.);
#1969=EDGE_CURVE('',#1557,#1556,#977,.T.);
#1970=EDGE_CURVE('',#1557,#1554,#978,.T.);
#1971=EDGE_CURVE('',#1555,#1558,#979,.T.);
#1972=EDGE_CURVE('',#1556,#1558,#766,.T.);
#1973=EDGE_CURVE('',#1559,#1556,#767,.T.);
#1974=EDGE_CURVE('',#1559,#1557,#980,.T.);
#1975=EDGE_CURVE('',#1560,#1561,#981,.T.);
#1976=EDGE_CURVE('',#1558,#1561,#768,.T.);
#1977=EDGE_CURVE('',#1558,#1560,#982,.T.);
#1978=EDGE_CURVE('',#1562,#1563,#983,.T.);
#1979=EDGE_CURVE('',#1562,#1564,#984,.T.);
#1980=EDGE_CURVE('',#1561,#1564,#985,.T.);
#1981=EDGE_CURVE('',#1560,#1563,#986,.T.);
#1982=EDGE_CURVE('',#1564,#1559,#987,.T.);
#1983=EDGE_CURVE('',#1561,#1559,#769,.T.);
#1984=EDGE_CURVE('',#1565,#1566,#988,.T.);
#1985=EDGE_CURVE('',#1565,#1567,#989,.T.);
#1986=EDGE_CURVE('',#1568,#1567,#990,.T.);
#1987=EDGE_CURVE('',#1569,#1568,#991,.T.);
#1988=EDGE_CURVE('',#1569,#1566,#992,.T.);
#1989=EDGE_CURVE('',#1570,#1571,#993,.T.);
#1990=EDGE_CURVE('',#1572,#1571,#770,.T.);
#1991=EDGE_CURVE('',#1572,#1570,#994,.T.);
#1992=EDGE_CURVE('',#1573,#1574,#995,.T.);
#1993=EDGE_CURVE('',#1573,#1575,#996,.T.);
#1994=EDGE_CURVE('',#1571,#1575,#997,.T.);
#1995=EDGE_CURVE('',#1570,#1574,#998,.T.);
#1996=EDGE_CURVE('',#1571,#1576,#771,.T.);
#1997=EDGE_CURVE('',#1575,#1576,#999,.T.);
#1998=EDGE_CURVE('',#1567,#1572,#1000,.T.);
#1999=EDGE_CURVE('',#1568,#1572,#772,.T.);
#2000=EDGE_CURVE('',#1576,#1568,#773,.T.);
#2001=EDGE_CURVE('',#1576,#1569,#1001,.T.);
#2002=EDGE_CURVE('',#1577,#1578,#1002,.T.);
#2003=EDGE_CURVE('',#1579,#1577,#1003,.T.);
#2004=EDGE_CURVE('',#1563,#1579,#1004,.T.);
#2005=EDGE_CURVE('',#1580,#1553,#1005,.T.);
#2006=EDGE_CURVE('',#1580,#1578,#1006,.T.);
#2007=EDGE_CURVE('',#1581,#1582,#1007,.T.);
#2008=EDGE_CURVE('',#1583,#1581,#1008,.T.);
#2009=EDGE_CURVE('',#1554,#1583,#1009,.T.);
#2010=EDGE_CURVE('',#1584,#1562,#1010,.T.);
#2011=EDGE_CURVE('',#1584,#1582,#1011,.T.);
#2012=EDGE_CURVE('',#1583,#1580,#774,.T.);
#2013=EDGE_CURVE('',#1539,#1585,#1012,.T.);
#2014=EDGE_CURVE('',#1585,#1586,#775,.T.);
#2015=EDGE_CURVE('',#1586,#1538,#1013,.T.);
#2016=EDGE_CURVE('',#1587,#1588,#1014,.T.);
#2017=EDGE_CURVE('',#1589,#1587,#1015,.T.);
#2018=EDGE_CURVE('',#1566,#1589,#1016,.T.);
#2019=EDGE_CURVE('',#1590,#1573,#1017,.T.);
#2020=EDGE_CURVE('',#1590,#1588,#1018,.T.);
#2021=EDGE_CURVE('',#1591,#1592,#1019,.T.);
#2022=EDGE_CURVE('',#1593,#1591,#1020,.T.);
#2023=EDGE_CURVE('',#1574,#1593,#1021,.T.);
#2024=EDGE_CURVE('',#1594,#1565,#1022,.T.);
#2025=EDGE_CURVE('',#1594,#1592,#1023,.T.);
#2026=EDGE_CURVE('',#1593,#1590,#776,.T.);
#2027=EDGE_CURVE('',#1595,#1550,#1024,.T.);
#2028=EDGE_CURVE('',#1551,#1596,#1025,.T.);
#2029=EDGE_CURVE('',#1596,#1595,#777,.T.);
#2030=EDGE_CURVE('',#1579,#1584,#778,.T.);
#2031=EDGE_CURVE('',#1597,#1598,#1026,.T.);
#2032=EDGE_CURVE('',#1585,#1597,#1027,.T.);
#2033=EDGE_CURVE('',#1599,#1529,#1028,.T.);
#2034=EDGE_CURVE('',#1599,#1598,#1029,.T.);
#2035=EDGE_CURVE('',#1600,#1601,#1030,.T.);
#2036=EDGE_CURVE('',#1602,#1600,#1031,.T.);
#2037=EDGE_CURVE('',#1530,#1602,#1032,.T.);
#2038=EDGE_CURVE('',#1586,#1601,#1033,.T.);
#2039=EDGE_CURVE('',#1602,#1599,#779,.T.);
#2040=EDGE_CURVE('',#1589,#1594,#780,.T.);
#2041=EDGE_CURVE('',#1603,#1604,#1034,.T.);
#2042=EDGE_CURVE('',#1596,#1603,#1035,.T.);
#2043=EDGE_CURVE('',#1605,#1541,#1036,.T.);
#2044=EDGE_CURVE('',#1605,#1604,#1037,.T.);
#2045=EDGE_CURVE('',#1606,#1607,#1038,.T.);
#2046=EDGE_CURVE('',#1608,#1606,#1039,.T.);
#2047=EDGE_CURVE('',#1542,#1608,#1040,.T.);
#2048=EDGE_CURVE('',#1595,#1607,#1041,.T.);
#2049=EDGE_CURVE('',#1608,#1605,#781,.T.);
#2050=EDGE_CURVE('',#1588,#1587,#782,.T.);
#2051=EDGE_CURVE('',#1601,#1600,#783,.T.);
#2052=EDGE_CURVE('',#1604,#1603,#784,.T.);
#2053=EDGE_CURVE('',#1582,#1581,#785,.T.);
#2054=EDGE_CURVE('',#1592,#1609,#786,.T.);
#2055=EDGE_CURVE('',#1609,#1591,#787,.T.);
#2056=EDGE_CURVE('',#1598,#1610,#788,.T.);
#2057=EDGE_CURVE('',#1610,#1597,#789,.T.);
#2058=EDGE_CURVE('',#1607,#1611,#790,.T.);
#2059=EDGE_CURVE('',#1611,#1606,#791,.T.);
#2060=EDGE_CURVE('',#1578,#1612,#792,.T.);
#2061=EDGE_CURVE('',#1612,#1577,#793,.T.);
#2062=EDGE_CURVE('',#1450,#1558,#1042,.T.);
#2063=EDGE_CURVE('',#1451,#1413,#1043,.T.);
#2064=EDGE_CURVE('',#1454,#1414,#1044,.T.);
#2065=EDGE_CURVE('',#1455,#1534,#1045,.T.);
#2066=EDGE_CURVE('',#1456,#1546,#1046,.T.);
#2067=EDGE_CURVE('',#1457,#1572,#1047,.T.);
#2068=EDGE_CURVE('',#1439,#1362,#1048,.T.);
#2069=EDGE_CURVE('',#1364,#1440,#1049,.T.);
#2070=EDGE_CURVE('',#1441,#1366,#1050,.T.);
#2071=EDGE_CURVE('',#1453,#1415,#1051,.T.);
#2072=EDGE_CURVE('',#1466,#1421,#1052,.T.);
#2073=EDGE_CURVE('',#1469,#1422,#1053,.T.);
#2074=EDGE_CURVE('',#1521,#1423,#1054,.T.);
#2075=EDGE_CURVE('',#1612,#1416,#1055,.T.);
#2076=EDGE_CURVE('',#1609,#1405,#1056,.T.);
#2077=EDGE_CURVE('',#1610,#1411,#1057,.T.);
#2078=EDGE_CURVE('',#1611,#1406,#1058,.T.);
#2079=EDGE_CURVE('',#1412,#1452,#1059,.T.);
#2080=ORIENTED_EDGE('',*,*,#1613,.F.);
#2081=ORIENTED_EDGE('',*,*,#1614,.F.);
#2082=ORIENTED_EDGE('',*,*,#1615,.F.);
#2083=ORIENTED_EDGE('',*,*,#1616,.F.);
#2084=ORIENTED_EDGE('',*,*,#1617,.F.);
#2085=ORIENTED_EDGE('',*,*,#1618,.F.);
#2086=ORIENTED_EDGE('',*,*,#1619,.F.);
#2087=ORIENTED_EDGE('',*,*,#1620,.F.);
#2088=ORIENTED_EDGE('',*,*,#1621,.F.);
#2089=ORIENTED_EDGE('',*,*,#1622,.T.);
#2090=ORIENTED_EDGE('',*,*,#1623,.F.);
#2091=ORIENTED_EDGE('',*,*,#1622,.F.);
#2092=ORIENTED_EDGE('',*,*,#1624,.F.);
#2093=ORIENTED_EDGE('',*,*,#1625,.F.);
#2094=ORIENTED_EDGE('',*,*,#1626,.F.);
#2095=ORIENTED_EDGE('',*,*,#1627,.F.);
#2096=ORIENTED_EDGE('',*,*,#1628,.F.);
#2097=ORIENTED_EDGE('',*,*,#1629,.T.);
#2098=ORIENTED_EDGE('',*,*,#1630,.T.);
#2099=ORIENTED_EDGE('',*,*,#1631,.F.);
#2100=ORIENTED_EDGE('',*,*,#1632,.F.);
#2101=ORIENTED_EDGE('',*,*,#1633,.T.);
#2102=ORIENTED_EDGE('',*,*,#1634,.T.);
#2103=ORIENTED_EDGE('',*,*,#1635,.F.);
#2104=ORIENTED_EDGE('',*,*,#1636,.T.);
#2105=ORIENTED_EDGE('',*,*,#1637,.T.);
#2106=ORIENTED_EDGE('',*,*,#1629,.F.);
#2107=ORIENTED_EDGE('',*,*,#1638,.F.);
#2108=ORIENTED_EDGE('',*,*,#1639,.T.);
#2109=ORIENTED_EDGE('',*,*,#1640,.T.);
#2110=ORIENTED_EDGE('',*,*,#1636,.F.);
#2111=ORIENTED_EDGE('',*,*,#1641,.F.);
#2112=ORIENTED_EDGE('',*,*,#1631,.T.);
#2113=ORIENTED_EDGE('',*,*,#1642,.T.);
#2114=ORIENTED_EDGE('',*,*,#1639,.F.);
#2115=ORIENTED_EDGE('',*,*,#1630,.F.);
#2116=ORIENTED_EDGE('',*,*,#1637,.F.);
#2117=ORIENTED_EDGE('',*,*,#1640,.F.);
#2118=ORIENTED_EDGE('',*,*,#1642,.F.);
#2119=ORIENTED_EDGE('',*,*,#1643,.F.);
#2120=ORIENTED_EDGE('',*,*,#1644,.F.);
#2121=ORIENTED_EDGE('',*,*,#1627,.T.);
#2122=ORIENTED_EDGE('',*,*,#1645,.T.);
#2123=ORIENTED_EDGE('',*,*,#1646,.F.);
#2124=ORIENTED_EDGE('',*,*,#1647,.F.);
#2125=ORIENTED_EDGE('',*,*,#1648,.F.);
#2126=ORIENTED_EDGE('',*,*,#1649,.F.);
#2127=ORIENTED_EDGE('',*,*,#1650,.F.);
#2128=ORIENTED_EDGE('',*,*,#1651,.F.);
#2129=ORIENTED_EDGE('',*,*,#1652,.F.);
#2130=ORIENTED_EDGE('',*,*,#1653,.F.);
#2131=ORIENTED_EDGE('',*,*,#1654,.T.);
#2132=ORIENTED_EDGE('',*,*,#1655,.T.);
#2133=ORIENTED_EDGE('',*,*,#1633,.F.);
#2134=ORIENTED_EDGE('',*,*,#1656,.F.);
#2135=ORIENTED_EDGE('',*,*,#1657,.F.);
#2136=ORIENTED_EDGE('',*,*,#1646,.T.);
#2137=ORIENTED_EDGE('',*,*,#1658,.T.);
#2138=ORIENTED_EDGE('',*,*,#1654,.F.);
#2139=ORIENTED_EDGE('',*,*,#1634,.F.);
#2140=ORIENTED_EDGE('',*,*,#1655,.F.);
#2141=ORIENTED_EDGE('',*,*,#1658,.F.);
#2142=ORIENTED_EDGE('',*,*,#1645,.F.);
#2143=ORIENTED_EDGE('',*,*,#1650,.T.);
#2144=ORIENTED_EDGE('',*,*,#1659,.F.);
#2145=ORIENTED_EDGE('',*,*,#1652,.T.);
#2146=ORIENTED_EDGE('',*,*,#1660,.T.);
#2147=ORIENTED_EDGE('',*,*,#1649,.T.);
#2148=ORIENTED_EDGE('',*,*,#1661,.F.);
#2149=ORIENTED_EDGE('',*,*,#1643,.T.);
#2150=ORIENTED_EDGE('',*,*,#1661,.T.);
#2151=ORIENTED_EDGE('',*,*,#1648,.T.);
#2152=ORIENTED_EDGE('',*,*,#1662,.F.);
#2153=ORIENTED_EDGE('',*,*,#1663,.F.);
#2154=ORIENTED_EDGE('',*,*,#1664,.F.);
#2155=ORIENTED_EDGE('',*,*,#1665,.T.);
#2156=ORIENTED_EDGE('',*,*,#1666,.T.);
#2157=ORIENTED_EDGE('',*,*,#1667,.F.);
#2158=ORIENTED_EDGE('',*,*,#1668,.F.);
#2159=ORIENTED_EDGE('',*,*,#1669,.T.);
#2160=ORIENTED_EDGE('',*,*,#1664,.T.);
#2161=ORIENTED_EDGE('',*,*,#1670,.F.);
#2162=ORIENTED_EDGE('',*,*,#1671,.F.);
#2163=ORIENTED_EDGE('',*,*,#1672,.T.);
#2164=ORIENTED_EDGE('',*,*,#1668,.T.);
#2165=ORIENTED_EDGE('',*,*,#1673,.F.);
#2166=ORIENTED_EDGE('',*,*,#1674,.F.);
#2167=ORIENTED_EDGE('',*,*,#1675,.T.);
#2168=ORIENTED_EDGE('',*,*,#1671,.T.);
#2169=ORIENTED_EDGE('',*,*,#1676,.F.);
#2170=ORIENTED_EDGE('',*,*,#1677,.F.);
#2171=ORIENTED_EDGE('',*,*,#1678,.T.);
#2172=ORIENTED_EDGE('',*,*,#1674,.T.);
#2173=ORIENTED_EDGE('',*,*,#1679,.F.);
#2174=ORIENTED_EDGE('',*,*,#1680,.F.);
#2175=ORIENTED_EDGE('',*,*,#1681,.T.);
#2176=ORIENTED_EDGE('',*,*,#1677,.T.);
#2177=ORIENTED_EDGE('',*,*,#1682,.F.);
#2178=ORIENTED_EDGE('',*,*,#1683,.F.);
#2179=ORIENTED_EDGE('',*,*,#1684,.T.);
#2180=ORIENTED_EDGE('',*,*,#1680,.T.);
#2181=ORIENTED_EDGE('',*,*,#1685,.F.);
#2182=ORIENTED_EDGE('',*,*,#1666,.F.);
#2183=ORIENTED_EDGE('',*,*,#1686,.T.);
#2184=ORIENTED_EDGE('',*,*,#1683,.T.);
#2185=ORIENTED_EDGE('',*,*,#1682,.T.);
#2186=ORIENTED_EDGE('',*,*,#1687,.T.);
#2187=ORIENTED_EDGE('',*,*,#1688,.F.);
#2188=ORIENTED_EDGE('',*,*,#1689,.F.);
#2189=ORIENTED_EDGE('',*,*,#1679,.T.);
#2190=ORIENTED_EDGE('',*,*,#1690,.F.);
#2191=ORIENTED_EDGE('',*,*,#1691,.F.);
#2192=ORIENTED_EDGE('',*,*,#1687,.F.);
#2193=ORIENTED_EDGE('',*,*,#1676,.T.);
#2194=ORIENTED_EDGE('',*,*,#1692,.T.);
#2195=ORIENTED_EDGE('',*,*,#1693,.F.);
#2196=ORIENTED_EDGE('',*,*,#1690,.T.);
#2197=ORIENTED_EDGE('',*,*,#1673,.T.);
#2198=ORIENTED_EDGE('',*,*,#1694,.F.);
#2199=ORIENTED_EDGE('',*,*,#1695,.F.);
#2200=ORIENTED_EDGE('',*,*,#1692,.F.);
#2201=ORIENTED_EDGE('',*,*,#1696,.T.);
#2202=ORIENTED_EDGE('',*,*,#1697,.T.);
#2203=ORIENTED_EDGE('',*,*,#1698,.F.);
#2204=ORIENTED_EDGE('',*,*,#1697,.F.);
#2205=ORIENTED_EDGE('',*,*,#1696,.F.);
#2206=ORIENTED_EDGE('',*,*,#1651,.T.);
#2207=ORIENTED_EDGE('',*,*,#1660,.F.);
#2208=ORIENTED_EDGE('',*,*,#1699,.T.);
#2209=ORIENTED_EDGE('',*,*,#1700,.T.);
#2210=ORIENTED_EDGE('',*,*,#1701,.F.);
#2211=ORIENTED_EDGE('',*,*,#1700,.F.);
#2212=ORIENTED_EDGE('',*,*,#1699,.F.);
#2213=ORIENTED_EDGE('',*,*,#1702,.T.);
#2214=ORIENTED_EDGE('',*,*,#1703,.T.);
#2215=ORIENTED_EDGE('',*,*,#1704,.T.);
#2216=ORIENTED_EDGE('',*,*,#1705,.T.);
#2217=ORIENTED_EDGE('',*,*,#1703,.F.);
#2218=ORIENTED_EDGE('',*,*,#1706,.T.);
#2219=ORIENTED_EDGE('',*,*,#1707,.T.);
#2220=ORIENTED_EDGE('',*,*,#1708,.T.);
#2221=ORIENTED_EDGE('',*,*,#1704,.F.);
#2222=ORIENTED_EDGE('',*,*,#1705,.F.);
#2223=ORIENTED_EDGE('',*,*,#1708,.F.);
#2224=ORIENTED_EDGE('',*,*,#1709,.F.);
#2225=ORIENTED_EDGE('',*,*,#1710,.T.);
#2226=ORIENTED_EDGE('',*,*,#1706,.F.);
#2227=ORIENTED_EDGE('',*,*,#1702,.F.);
#2228=ORIENTED_EDGE('',*,*,#1710,.F.);
#2229=ORIENTED_EDGE('',*,*,#1711,.T.);
#2230=ORIENTED_EDGE('',*,*,#1712,.T.);
#2231=ORIENTED_EDGE('',*,*,#1713,.T.);
#2232=ORIENTED_EDGE('',*,*,#1714,.T.);
#2233=ORIENTED_EDGE('',*,*,#1712,.F.);
#2234=ORIENTED_EDGE('',*,*,#1715,.T.);
#2235=ORIENTED_EDGE('',*,*,#1716,.T.);
#2236=ORIENTED_EDGE('',*,*,#1717,.T.);
#2237=ORIENTED_EDGE('',*,*,#1713,.F.);
#2238=ORIENTED_EDGE('',*,*,#1714,.F.);
#2239=ORIENTED_EDGE('',*,*,#1717,.F.);
#2240=ORIENTED_EDGE('',*,*,#1718,.F.);
#2241=ORIENTED_EDGE('',*,*,#1719,.T.);
#2242=ORIENTED_EDGE('',*,*,#1715,.F.);
#2243=ORIENTED_EDGE('',*,*,#1711,.F.);
#2244=ORIENTED_EDGE('',*,*,#1719,.F.);
#2245=ORIENTED_EDGE('',*,*,#1720,.T.);
#2246=ORIENTED_EDGE('',*,*,#1721,.T.);
#2247=ORIENTED_EDGE('',*,*,#1722,.T.);
#2248=ORIENTED_EDGE('',*,*,#1723,.T.);
#2249=ORIENTED_EDGE('',*,*,#1721,.F.);
#2250=ORIENTED_EDGE('',*,*,#1724,.T.);
#2251=ORIENTED_EDGE('',*,*,#1725,.T.);
#2252=ORIENTED_EDGE('',*,*,#1726,.T.);
#2253=ORIENTED_EDGE('',*,*,#1722,.F.);
#2254=ORIENTED_EDGE('',*,*,#1723,.F.);
#2255=ORIENTED_EDGE('',*,*,#1726,.F.);
#2256=ORIENTED_EDGE('',*,*,#1727,.F.);
#2257=ORIENTED_EDGE('',*,*,#1728,.T.);
#2258=ORIENTED_EDGE('',*,*,#1724,.F.);
#2259=ORIENTED_EDGE('',*,*,#1720,.F.);
#2260=ORIENTED_EDGE('',*,*,#1728,.F.);
#2261=ORIENTED_EDGE('',*,*,#1729,.T.);
#2262=ORIENTED_EDGE('',*,*,#1730,.T.);
#2263=ORIENTED_EDGE('',*,*,#1731,.T.);
#2264=ORIENTED_EDGE('',*,*,#1732,.T.);
#2265=ORIENTED_EDGE('',*,*,#1730,.F.);
#2266=ORIENTED_EDGE('',*,*,#1733,.T.);
#2267=ORIENTED_EDGE('',*,*,#1734,.T.);
#2268=ORIENTED_EDGE('',*,*,#1735,.T.);
#2269=ORIENTED_EDGE('',*,*,#1731,.F.);
#2270=ORIENTED_EDGE('',*,*,#1732,.F.);
#2271=ORIENTED_EDGE('',*,*,#1735,.F.);
#2272=ORIENTED_EDGE('',*,*,#1736,.F.);
#2273=ORIENTED_EDGE('',*,*,#1737,.T.);
#2274=ORIENTED_EDGE('',*,*,#1733,.F.);
#2275=ORIENTED_EDGE('',*,*,#1729,.F.);
#2276=ORIENTED_EDGE('',*,*,#1737,.F.);
#2277=ORIENTED_EDGE('',*,*,#1707,.F.);
#2278=ORIENTED_EDGE('',*,*,#1734,.F.);
#2279=ORIENTED_EDGE('',*,*,#1716,.F.);
#2280=ORIENTED_EDGE('',*,*,#1725,.F.);
#2281=ORIENTED_EDGE('',*,*,#1670,.T.);
#2282=ORIENTED_EDGE('',*,*,#1738,.T.);
#2283=ORIENTED_EDGE('',*,*,#1739,.F.);
#2284=ORIENTED_EDGE('',*,*,#1694,.T.);
#2285=ORIENTED_EDGE('',*,*,#1667,.T.);
#2286=ORIENTED_EDGE('',*,*,#1740,.T.);
#2287=ORIENTED_EDGE('',*,*,#1741,.F.);
#2288=ORIENTED_EDGE('',*,*,#1738,.F.);
#2289=ORIENTED_EDGE('',*,*,#1742,.T.);
#2290=ORIENTED_EDGE('',*,*,#1743,.T.);
#2291=ORIENTED_EDGE('',*,*,#1688,.T.);
#2292=ORIENTED_EDGE('',*,*,#1691,.T.);
#2293=ORIENTED_EDGE('',*,*,#1693,.T.);
#2294=ORIENTED_EDGE('',*,*,#1695,.T.);
#2295=ORIENTED_EDGE('',*,*,#1739,.T.);
#2296=ORIENTED_EDGE('',*,*,#1741,.T.);
#2297=ORIENTED_EDGE('',*,*,#1698,.T.);
#2298=ORIENTED_EDGE('',*,*,#1701,.T.);
#2299=ORIENTED_EDGE('',*,*,#1727,.T.);
#2300=ORIENTED_EDGE('',*,*,#1736,.T.);
#2301=ORIENTED_EDGE('',*,*,#1718,.T.);
#2302=ORIENTED_EDGE('',*,*,#1709,.T.);
#2303=ORIENTED_EDGE('',*,*,#1744,.T.);
#2304=ORIENTED_EDGE('',*,*,#1745,.T.);
#2305=ORIENTED_EDGE('',*,*,#1746,.T.);
#2306=ORIENTED_EDGE('',*,*,#1747,.T.);
#2307=ORIENTED_EDGE('',*,*,#1748,.T.);
#2308=ORIENTED_EDGE('',*,*,#1749,.T.);
#2309=ORIENTED_EDGE('',*,*,#1750,.T.);
#2310=ORIENTED_EDGE('',*,*,#1751,.T.);
#2311=ORIENTED_EDGE('',*,*,#1752,.T.);
#2312=ORIENTED_EDGE('',*,*,#1753,.T.);
#2313=ORIENTED_EDGE('',*,*,#1754,.F.);
#2314=ORIENTED_EDGE('',*,*,#1755,.T.);
#2315=ORIENTED_EDGE('',*,*,#1628,.T.);
#2316=ORIENTED_EDGE('',*,*,#1644,.T.);
#2317=ORIENTED_EDGE('',*,*,#1662,.T.);
#2318=ORIENTED_EDGE('',*,*,#1647,.T.);
#2319=ORIENTED_EDGE('',*,*,#1657,.T.);
#2320=ORIENTED_EDGE('',*,*,#1653,.T.);
#2321=ORIENTED_EDGE('',*,*,#1659,.T.);
#2322=ORIENTED_EDGE('',*,*,#1656,.T.);
#2323=ORIENTED_EDGE('',*,*,#1632,.T.);
#2324=ORIENTED_EDGE('',*,*,#1641,.T.);
#2325=ORIENTED_EDGE('',*,*,#1638,.T.);
#2326=ORIENTED_EDGE('',*,*,#1635,.T.);
#2327=ORIENTED_EDGE('',*,*,#1756,.F.);
#2328=ORIENTED_EDGE('',*,*,#1757,.T.);
#2329=ORIENTED_EDGE('',*,*,#1746,.F.);
#2330=ORIENTED_EDGE('',*,*,#1757,.F.);
#2331=ORIENTED_EDGE('',*,*,#1758,.F.);
#2332=ORIENTED_EDGE('',*,*,#1759,.T.);
#2333=ORIENTED_EDGE('',*,*,#1747,.F.);
#2334=ORIENTED_EDGE('',*,*,#1759,.F.);
#2335=ORIENTED_EDGE('',*,*,#1760,.F.);
#2336=ORIENTED_EDGE('',*,*,#1761,.T.);
#2337=ORIENTED_EDGE('',*,*,#1748,.F.);
#2338=ORIENTED_EDGE('',*,*,#1761,.F.);
#2339=ORIENTED_EDGE('',*,*,#1762,.F.);
#2340=ORIENTED_EDGE('',*,*,#1763,.T.);
#2341=ORIENTED_EDGE('',*,*,#1749,.F.);
#2342=ORIENTED_EDGE('',*,*,#1763,.F.);
#2343=ORIENTED_EDGE('',*,*,#1764,.T.);
#2344=ORIENTED_EDGE('',*,*,#1758,.T.);
#2345=ORIENTED_EDGE('',*,*,#1765,.T.);
#2346=ORIENTED_EDGE('',*,*,#1756,.T.);
#2347=ORIENTED_EDGE('',*,*,#1766,.T.);
#2348=ORIENTED_EDGE('',*,*,#1762,.T.);
#2349=ORIENTED_EDGE('',*,*,#1623,.T.);
#2350=ORIENTED_EDGE('',*,*,#1760,.T.);
#2351=ORIENTED_EDGE('',*,*,#1685,.T.);
#2352=ORIENTED_EDGE('',*,*,#1689,.T.);
#2353=ORIENTED_EDGE('',*,*,#1743,.F.);
#2354=ORIENTED_EDGE('',*,*,#1767,.T.);
#2355=ORIENTED_EDGE('',*,*,#1663,.T.);
#2356=ORIENTED_EDGE('',*,*,#1767,.F.);
#2357=ORIENTED_EDGE('',*,*,#1742,.F.);
#2358=ORIENTED_EDGE('',*,*,#1740,.F.);
#2359=ORIENTED_EDGE('',*,*,#1686,.F.);
#2360=ORIENTED_EDGE('',*,*,#1768,.T.);
#2361=ORIENTED_EDGE('',*,*,#1769,.F.);
#2362=ORIENTED_EDGE('',*,*,#1770,.T.);
#2363=ORIENTED_EDGE('',*,*,#1665,.F.);
#2364=ORIENTED_EDGE('',*,*,#1771,.F.);
#2365=ORIENTED_EDGE('',*,*,#1772,.F.);
#2366=ORIENTED_EDGE('',*,*,#1768,.F.);
#2367=ORIENTED_EDGE('',*,*,#1669,.F.);
#2368=ORIENTED_EDGE('',*,*,#1773,.F.);
#2369=ORIENTED_EDGE('',*,*,#1774,.F.);
#2370=ORIENTED_EDGE('',*,*,#1775,.T.);
#2371=ORIENTED_EDGE('',*,*,#1771,.T.);
#2372=ORIENTED_EDGE('',*,*,#1672,.F.);
#2373=ORIENTED_EDGE('',*,*,#1776,.T.);
#2374=ORIENTED_EDGE('',*,*,#1777,.F.);
#2375=ORIENTED_EDGE('',*,*,#1778,.F.);
#2376=ORIENTED_EDGE('',*,*,#1773,.T.);
#2377=ORIENTED_EDGE('',*,*,#1779,.T.);
#2378=ORIENTED_EDGE('',*,*,#1780,.F.);
#2379=ORIENTED_EDGE('',*,*,#1781,.F.);
#2380=ORIENTED_EDGE('',*,*,#1782,.F.);
#2381=ORIENTED_EDGE('',*,*,#1782,.T.);
#2382=ORIENTED_EDGE('',*,*,#1783,.F.);
#2383=ORIENTED_EDGE('',*,*,#1784,.T.);
#2384=ORIENTED_EDGE('',*,*,#1785,.T.);
#2385=ORIENTED_EDGE('',*,*,#1786,.F.);
#2386=ORIENTED_EDGE('',*,*,#1787,.T.);
#2387=ORIENTED_EDGE('',*,*,#1788,.T.);
#2388=ORIENTED_EDGE('',*,*,#1789,.T.);
#2389=ORIENTED_EDGE('',*,*,#1790,.T.);
#2390=ORIENTED_EDGE('',*,*,#1791,.T.);
#2391=ORIENTED_EDGE('',*,*,#1769,.T.);
#2392=ORIENTED_EDGE('',*,*,#1772,.T.);
#2393=ORIENTED_EDGE('',*,*,#1792,.T.);
#2394=ORIENTED_EDGE('',*,*,#1793,.T.);
#2395=ORIENTED_EDGE('',*,*,#1794,.T.);
#2396=ORIENTED_EDGE('',*,*,#1795,.T.);
#2397=ORIENTED_EDGE('',*,*,#1796,.T.);
#2398=ORIENTED_EDGE('',*,*,#1797,.T.);
#2399=ORIENTED_EDGE('',*,*,#1798,.T.);
#2400=ORIENTED_EDGE('',*,*,#1799,.T.);
#2401=ORIENTED_EDGE('',*,*,#1800,.T.);
#2402=ORIENTED_EDGE('',*,*,#1801,.T.);
#2403=ORIENTED_EDGE('',*,*,#1802,.T.);
#2404=ORIENTED_EDGE('',*,*,#1803,.F.);
#2405=ORIENTED_EDGE('',*,*,#1804,.T.);
#2406=ORIENTED_EDGE('',*,*,#1805,.T.);
#2407=ORIENTED_EDGE('',*,*,#1806,.T.);
#2408=ORIENTED_EDGE('',*,*,#1807,.T.);
#2409=ORIENTED_EDGE('',*,*,#1808,.T.);
#2410=ORIENTED_EDGE('',*,*,#1809,.T.);
#2411=ORIENTED_EDGE('',*,*,#1810,.T.);
#2412=ORIENTED_EDGE('',*,*,#1811,.T.);
#2413=ORIENTED_EDGE('',*,*,#1812,.T.);
#2414=ORIENTED_EDGE('',*,*,#1813,.T.);
#2415=ORIENTED_EDGE('',*,*,#1814,.T.);
#2416=ORIENTED_EDGE('',*,*,#1815,.T.);
#2417=ORIENTED_EDGE('',*,*,#1816,.T.);
#2418=ORIENTED_EDGE('',*,*,#1817,.T.);
#2419=ORIENTED_EDGE('',*,*,#1818,.T.);
#2420=ORIENTED_EDGE('',*,*,#1819,.T.);
#2421=ORIENTED_EDGE('',*,*,#1820,.T.);
#2422=ORIENTED_EDGE('',*,*,#1821,.T.);
#2423=ORIENTED_EDGE('',*,*,#1822,.T.);
#2424=ORIENTED_EDGE('',*,*,#1823,.T.);
#2425=ORIENTED_EDGE('',*,*,#1824,.T.);
#2426=ORIENTED_EDGE('',*,*,#1781,.T.);
#2427=ORIENTED_EDGE('',*,*,#1825,.T.);
#2428=ORIENTED_EDGE('',*,*,#1826,.T.);
#2429=ORIENTED_EDGE('',*,*,#1827,.T.);
#2430=ORIENTED_EDGE('',*,*,#1624,.T.);
#2431=ORIENTED_EDGE('',*,*,#1621,.T.);
#2432=ORIENTED_EDGE('',*,*,#1828,.T.);
#2433=ORIENTED_EDGE('',*,*,#1829,.T.);
#2434=ORIENTED_EDGE('',*,*,#1783,.T.);
#2435=ORIENTED_EDGE('',*,*,#1620,.T.);
#2436=ORIENTED_EDGE('',*,*,#1830,.T.);
#2437=ORIENTED_EDGE('',*,*,#1831,.F.);
#2438=ORIENTED_EDGE('',*,*,#1828,.F.);
#2439=ORIENTED_EDGE('',*,*,#1619,.T.);
#2440=ORIENTED_EDGE('',*,*,#1832,.F.);
#2441=ORIENTED_EDGE('',*,*,#1833,.F.);
#2442=ORIENTED_EDGE('',*,*,#1830,.F.);
#2443=ORIENTED_EDGE('',*,*,#1618,.T.);
#2444=ORIENTED_EDGE('',*,*,#1834,.F.);
#2445=ORIENTED_EDGE('',*,*,#1835,.T.);
#2446=ORIENTED_EDGE('',*,*,#1836,.T.);
#2447=ORIENTED_EDGE('',*,*,#1832,.T.);
#2448=ORIENTED_EDGE('',*,*,#1617,.T.);
#2449=ORIENTED_EDGE('',*,*,#1837,.F.);
#2450=ORIENTED_EDGE('',*,*,#1838,.T.);
#2451=ORIENTED_EDGE('',*,*,#1834,.T.);
#2452=ORIENTED_EDGE('',*,*,#1839,.F.);
#2453=ORIENTED_EDGE('',*,*,#1840,.F.);
#2454=ORIENTED_EDGE('',*,*,#1841,.F.);
#2455=ORIENTED_EDGE('',*,*,#1842,.F.);
#2456=ORIENTED_EDGE('',*,*,#1843,.F.);
#2457=ORIENTED_EDGE('',*,*,#1844,.F.);
#2458=ORIENTED_EDGE('',*,*,#1845,.F.);
#2459=ORIENTED_EDGE('',*,*,#1835,.F.);
#2460=ORIENTED_EDGE('',*,*,#1838,.F.);
#2461=ORIENTED_EDGE('',*,*,#1846,.F.);
#2462=ORIENTED_EDGE('',*,*,#1785,.F.);
#2463=ORIENTED_EDGE('',*,*,#1847,.F.);
#2464=ORIENTED_EDGE('',*,*,#1616,.T.);
#2465=ORIENTED_EDGE('',*,*,#1848,.T.);
#2466=ORIENTED_EDGE('',*,*,#1840,.T.);
#2467=ORIENTED_EDGE('',*,*,#1849,.T.);
#2468=ORIENTED_EDGE('',*,*,#1779,.F.);
#2469=ORIENTED_EDGE('',*,*,#1786,.T.);
#2470=ORIENTED_EDGE('',*,*,#1846,.T.);
#2471=ORIENTED_EDGE('',*,*,#1837,.T.);
#2472=ORIENTED_EDGE('',*,*,#1615,.T.);
#2473=ORIENTED_EDGE('',*,*,#1850,.T.);
#2474=ORIENTED_EDGE('',*,*,#1841,.T.);
#2475=ORIENTED_EDGE('',*,*,#1848,.F.);
#2476=ORIENTED_EDGE('',*,*,#1614,.T.);
#2477=ORIENTED_EDGE('',*,*,#1851,.T.);
#2478=ORIENTED_EDGE('',*,*,#1852,.T.);
#2479=ORIENTED_EDGE('',*,*,#1853,.F.);
#2480=ORIENTED_EDGE('',*,*,#1842,.T.);
#2481=ORIENTED_EDGE('',*,*,#1850,.F.);
#2482=ORIENTED_EDGE('',*,*,#1845,.T.);
#2483=ORIENTED_EDGE('',*,*,#1854,.F.);
#2484=ORIENTED_EDGE('',*,*,#1833,.T.);
#2485=ORIENTED_EDGE('',*,*,#1836,.F.);
#2486=ORIENTED_EDGE('',*,*,#1843,.T.);
#2487=ORIENTED_EDGE('',*,*,#1853,.T.);
#2488=ORIENTED_EDGE('',*,*,#1855,.F.);
#2489=ORIENTED_EDGE('',*,*,#1856,.T.);
#2490=ORIENTED_EDGE('',*,*,#1857,.T.);
#2491=ORIENTED_EDGE('',*,*,#1626,.T.);
#2492=ORIENTED_EDGE('',*,*,#1858,.F.);
#2493=ORIENTED_EDGE('',*,*,#1855,.T.);
#2494=ORIENTED_EDGE('',*,*,#1852,.F.);
#2495=ORIENTED_EDGE('',*,*,#1625,.T.);
#2496=ORIENTED_EDGE('',*,*,#1827,.F.);
#2497=ORIENTED_EDGE('',*,*,#1859,.T.);
#2498=ORIENTED_EDGE('',*,*,#1858,.T.);
#2499=ORIENTED_EDGE('',*,*,#1847,.T.);
#2500=ORIENTED_EDGE('',*,*,#1784,.F.);
#2501=ORIENTED_EDGE('',*,*,#1829,.F.);
#2502=ORIENTED_EDGE('',*,*,#1831,.T.);
#2503=ORIENTED_EDGE('',*,*,#1854,.T.);
#2504=ORIENTED_EDGE('',*,*,#1780,.T.);
#2505=ORIENTED_EDGE('',*,*,#1849,.F.);
#2506=ORIENTED_EDGE('',*,*,#1839,.T.);
#2507=ORIENTED_EDGE('',*,*,#1860,.F.);
#2508=ORIENTED_EDGE('',*,*,#1825,.F.);
#2509=ORIENTED_EDGE('',*,*,#1844,.T.);
#2510=ORIENTED_EDGE('',*,*,#1856,.F.);
#2511=ORIENTED_EDGE('',*,*,#1859,.F.);
#2512=ORIENTED_EDGE('',*,*,#1826,.F.);
#2513=ORIENTED_EDGE('',*,*,#1860,.T.);
#2514=ORIENTED_EDGE('',*,*,#1861,.T.);
#2515=ORIENTED_EDGE('',*,*,#1862,.T.);
#2516=ORIENTED_EDGE('',*,*,#1863,.F.);
#2517=ORIENTED_EDGE('',*,*,#1864,.F.);
#2518=ORIENTED_EDGE('',*,*,#1865,.T.);
#2519=ORIENTED_EDGE('',*,*,#1866,.T.);
#2520=ORIENTED_EDGE('',*,*,#1867,.T.);
#2521=ORIENTED_EDGE('',*,*,#1868,.F.);
#2522=ORIENTED_EDGE('',*,*,#1869,.F.);
#2523=ORIENTED_EDGE('',*,*,#1870,.F.);
#2524=ORIENTED_EDGE('',*,*,#1871,.F.);
#2525=ORIENTED_EDGE('',*,*,#1869,.T.);
#2526=ORIENTED_EDGE('',*,*,#1872,.F.);
#2527=ORIENTED_EDGE('',*,*,#1873,.F.);
#2528=ORIENTED_EDGE('',*,*,#1874,.T.);
#2529=ORIENTED_EDGE('',*,*,#1875,.T.);
#2530=ORIENTED_EDGE('',*,*,#1876,.T.);
#2531=ORIENTED_EDGE('',*,*,#1877,.F.);
#2532=ORIENTED_EDGE('',*,*,#1862,.F.);
#2533=ORIENTED_EDGE('',*,*,#1878,.T.);
#2534=ORIENTED_EDGE('',*,*,#1877,.T.);
#2535=ORIENTED_EDGE('',*,*,#1879,.T.);
#2536=ORIENTED_EDGE('',*,*,#1872,.T.);
#2537=ORIENTED_EDGE('',*,*,#1868,.T.);
#2538=ORIENTED_EDGE('',*,*,#1880,.T.);
#2539=ORIENTED_EDGE('',*,*,#1863,.T.);
#2540=ORIENTED_EDGE('',*,*,#1870,.T.);
#2541=ORIENTED_EDGE('',*,*,#1871,.T.);
#2542=ORIENTED_EDGE('',*,*,#1881,.T.);
#2543=ORIENTED_EDGE('',*,*,#1774,.T.);
#2544=ORIENTED_EDGE('',*,*,#1778,.T.);
#2545=ORIENTED_EDGE('',*,*,#1882,.T.);
#2546=ORIENTED_EDGE('',*,*,#1800,.F.);
#2547=ORIENTED_EDGE('',*,*,#1883,.F.);
#2548=ORIENTED_EDGE('',*,*,#1866,.F.);
#2549=ORIENTED_EDGE('',*,*,#1884,.T.);
#2550=ORIENTED_EDGE('',*,*,#1799,.F.);
#2551=ORIENTED_EDGE('',*,*,#1885,.F.);
#2552=ORIENTED_EDGE('',*,*,#1864,.T.);
#2553=ORIENTED_EDGE('',*,*,#1880,.F.);
#2554=ORIENTED_EDGE('',*,*,#1867,.F.);
#2555=ORIENTED_EDGE('',*,*,#1883,.T.);
#2556=ORIENTED_EDGE('',*,*,#1798,.F.);
#2557=ORIENTED_EDGE('',*,*,#1886,.F.);
#2558=ORIENTED_EDGE('',*,*,#1865,.F.);
#2559=ORIENTED_EDGE('',*,*,#1885,.T.);
#2560=ORIENTED_EDGE('',*,*,#1797,.F.);
#2561=ORIENTED_EDGE('',*,*,#1887,.F.);
#2562=ORIENTED_EDGE('',*,*,#1861,.F.);
#2563=ORIENTED_EDGE('',*,*,#1886,.T.);
#2564=ORIENTED_EDGE('',*,*,#1796,.F.);
#2565=ORIENTED_EDGE('',*,*,#1888,.F.);
#2566=ORIENTED_EDGE('',*,*,#1878,.F.);
#2567=ORIENTED_EDGE('',*,*,#1887,.T.);
#2568=ORIENTED_EDGE('',*,*,#1795,.F.);
#2569=ORIENTED_EDGE('',*,*,#1889,.F.);
#2570=ORIENTED_EDGE('',*,*,#1875,.F.);
#2571=ORIENTED_EDGE('',*,*,#1888,.T.);
#2572=ORIENTED_EDGE('',*,*,#1787,.F.);
#2573=ORIENTED_EDGE('',*,*,#1884,.F.);
#2574=ORIENTED_EDGE('',*,*,#1882,.F.);
#2575=ORIENTED_EDGE('',*,*,#1777,.T.);
#2576=ORIENTED_EDGE('',*,*,#1792,.F.);
#2577=ORIENTED_EDGE('',*,*,#1775,.F.);
#2578=ORIENTED_EDGE('',*,*,#1881,.F.);
#2579=ORIENTED_EDGE('',*,*,#1890,.T.);
#2580=ORIENTED_EDGE('',*,*,#1793,.F.);
#2581=ORIENTED_EDGE('',*,*,#1890,.F.);
#2582=ORIENTED_EDGE('',*,*,#1874,.F.);
#2583=ORIENTED_EDGE('',*,*,#1891,.F.);
#2584=ORIENTED_EDGE('',*,*,#1794,.F.);
#2585=ORIENTED_EDGE('',*,*,#1891,.T.);
#2586=ORIENTED_EDGE('',*,*,#1873,.T.);
#2587=ORIENTED_EDGE('',*,*,#1879,.F.);
#2588=ORIENTED_EDGE('',*,*,#1876,.F.);
#2589=ORIENTED_EDGE('',*,*,#1889,.T.);
#2590=ORIENTED_EDGE('',*,*,#1892,.T.);
#2591=ORIENTED_EDGE('',*,*,#1893,.F.);
#2592=ORIENTED_EDGE('',*,*,#1894,.F.);
#2593=ORIENTED_EDGE('',*,*,#1823,.F.);
#2594=ORIENTED_EDGE('',*,*,#1895,.T.);
#2595=ORIENTED_EDGE('',*,*,#1896,.F.);
#2596=ORIENTED_EDGE('',*,*,#1897,.T.);
#2597=ORIENTED_EDGE('',*,*,#1898,.F.);
#2598=ORIENTED_EDGE('',*,*,#1899,.F.);
#2599=ORIENTED_EDGE('',*,*,#1896,.T.);
#2600=ORIENTED_EDGE('',*,*,#1900,.T.);
#2601=ORIENTED_EDGE('',*,*,#1901,.T.);
#2602=ORIENTED_EDGE('',*,*,#1902,.F.);
#2603=ORIENTED_EDGE('',*,*,#1898,.T.);
#2604=ORIENTED_EDGE('',*,*,#1903,.F.);
#2605=ORIENTED_EDGE('',*,*,#1904,.T.);
#2606=ORIENTED_EDGE('',*,*,#1905,.T.);
#2607=ORIENTED_EDGE('',*,*,#1901,.F.);
#2608=ORIENTED_EDGE('',*,*,#1906,.F.);
#2609=ORIENTED_EDGE('',*,*,#1821,.F.);
#2610=ORIENTED_EDGE('',*,*,#1907,.T.);
#2611=ORIENTED_EDGE('',*,*,#1904,.F.);
#2612=ORIENTED_EDGE('',*,*,#1908,.T.);
#2613=ORIENTED_EDGE('',*,*,#1818,.F.);
#2614=ORIENTED_EDGE('',*,*,#1909,.F.);
#2615=ORIENTED_EDGE('',*,*,#1910,.F.);
#2616=ORIENTED_EDGE('',*,*,#1824,.F.);
#2617=ORIENTED_EDGE('',*,*,#1894,.T.);
#2618=ORIENTED_EDGE('',*,*,#1900,.F.);
#2619=ORIENTED_EDGE('',*,*,#1895,.F.);
#2620=ORIENTED_EDGE('',*,*,#1822,.F.);
#2621=ORIENTED_EDGE('',*,*,#1906,.T.);
#2622=ORIENTED_EDGE('',*,*,#1911,.T.);
#2623=ORIENTED_EDGE('',*,*,#1815,.F.);
#2624=ORIENTED_EDGE('',*,*,#1910,.T.);
#2625=ORIENTED_EDGE('',*,*,#1912,.F.);
#2626=ORIENTED_EDGE('',*,*,#1913,.F.);
#2627=ORIENTED_EDGE('',*,*,#1912,.T.);
#2628=ORIENTED_EDGE('',*,*,#1909,.T.);
#2629=ORIENTED_EDGE('',*,*,#1893,.T.);
#2630=ORIENTED_EDGE('',*,*,#1914,.T.);
#2631=ORIENTED_EDGE('',*,*,#1915,.T.);
#2632=ORIENTED_EDGE('',*,*,#1916,.F.);
#2633=ORIENTED_EDGE('',*,*,#1917,.F.);
#2634=ORIENTED_EDGE('',*,*,#1813,.F.);
#2635=ORIENTED_EDGE('',*,*,#1918,.T.);
#2636=ORIENTED_EDGE('',*,*,#1919,.F.);
#2637=ORIENTED_EDGE('',*,*,#1920,.F.);
#2638=ORIENTED_EDGE('',*,*,#1919,.T.);
#2639=ORIENTED_EDGE('',*,*,#1921,.T.);
#2640=ORIENTED_EDGE('',*,*,#1922,.T.);
#2641=ORIENTED_EDGE('',*,*,#1923,.F.);
#2642=ORIENTED_EDGE('',*,*,#1924,.T.);
#2643=ORIENTED_EDGE('',*,*,#1925,.T.);
#2644=ORIENTED_EDGE('',*,*,#1916,.T.);
#2645=ORIENTED_EDGE('',*,*,#1926,.T.);
#2646=ORIENTED_EDGE('',*,*,#1922,.F.);
#2647=ORIENTED_EDGE('',*,*,#1927,.F.);
#2648=ORIENTED_EDGE('',*,*,#1811,.F.);
#2649=ORIENTED_EDGE('',*,*,#1925,.F.);
#2650=ORIENTED_EDGE('',*,*,#1928,.F.);
#2651=ORIENTED_EDGE('',*,*,#1814,.F.);
#2652=ORIENTED_EDGE('',*,*,#1917,.T.);
#2653=ORIENTED_EDGE('',*,*,#1921,.F.);
#2654=ORIENTED_EDGE('',*,*,#1918,.F.);
#2655=ORIENTED_EDGE('',*,*,#1812,.F.);
#2656=ORIENTED_EDGE('',*,*,#1927,.T.);
#2657=ORIENTED_EDGE('',*,*,#1929,.T.);
#2658=ORIENTED_EDGE('',*,*,#1809,.F.);
#2659=ORIENTED_EDGE('',*,*,#1928,.T.);
#2660=ORIENTED_EDGE('',*,*,#1924,.F.);
#2661=ORIENTED_EDGE('',*,*,#1930,.F.);
#2662=ORIENTED_EDGE('',*,*,#1931,.T.);
#2663=ORIENTED_EDGE('',*,*,#1932,.F.);
#2664=ORIENTED_EDGE('',*,*,#1933,.F.);
#2665=ORIENTED_EDGE('',*,*,#1934,.T.);
#2666=ORIENTED_EDGE('',*,*,#1935,.F.);
#2667=ORIENTED_EDGE('',*,*,#1936,.T.);
#2668=ORIENTED_EDGE('',*,*,#1937,.T.);
#2669=ORIENTED_EDGE('',*,*,#1933,.T.);
#2670=ORIENTED_EDGE('',*,*,#1938,.F.);
#2671=ORIENTED_EDGE('',*,*,#1939,.T.);
#2672=ORIENTED_EDGE('',*,*,#1940,.F.);
#2673=ORIENTED_EDGE('',*,*,#1932,.T.);
#2674=ORIENTED_EDGE('',*,*,#1941,.T.);
#2675=ORIENTED_EDGE('',*,*,#1942,.F.);
#2676=ORIENTED_EDGE('',*,*,#1943,.T.);
#2677=ORIENTED_EDGE('',*,*,#1944,.F.);
#2678=ORIENTED_EDGE('',*,*,#1937,.F.);
#2679=ORIENTED_EDGE('',*,*,#1945,.T.);
#2680=ORIENTED_EDGE('',*,*,#1946,.T.);
#2681=ORIENTED_EDGE('',*,*,#1947,.F.);
#2682=ORIENTED_EDGE('',*,*,#1944,.T.);
#2683=ORIENTED_EDGE('',*,*,#1948,.F.);
#2684=ORIENTED_EDGE('',*,*,#1949,.T.);
#2685=ORIENTED_EDGE('',*,*,#1950,.F.);
#2686=ORIENTED_EDGE('',*,*,#1951,.F.);
#2687=ORIENTED_EDGE('',*,*,#1952,.T.);
#2688=ORIENTED_EDGE('',*,*,#1951,.T.);
#2689=ORIENTED_EDGE('',*,*,#1953,.F.);
#2690=ORIENTED_EDGE('',*,*,#1954,.T.);
#2691=ORIENTED_EDGE('',*,*,#1955,.T.);
#2692=ORIENTED_EDGE('',*,*,#1956,.F.);
#2693=ORIENTED_EDGE('',*,*,#1950,.T.);
#2694=ORIENTED_EDGE('',*,*,#1957,.T.);
#2695=ORIENTED_EDGE('',*,*,#1958,.F.);
#2696=ORIENTED_EDGE('',*,*,#1959,.T.);
#2697=ORIENTED_EDGE('',*,*,#1960,.F.);
#2698=ORIENTED_EDGE('',*,*,#1961,.T.);
#2699=ORIENTED_EDGE('',*,*,#1962,.F.);
#2700=ORIENTED_EDGE('',*,*,#1957,.F.);
#2701=ORIENTED_EDGE('',*,*,#1963,.T.);
#2702=ORIENTED_EDGE('',*,*,#1964,.F.);
#2703=ORIENTED_EDGE('',*,*,#1962,.T.);
#2704=ORIENTED_EDGE('',*,*,#1965,.T.);
#2705=ORIENTED_EDGE('',*,*,#1966,.F.);
#2706=ORIENTED_EDGE('',*,*,#1967,.T.);
#2707=ORIENTED_EDGE('',*,*,#1968,.F.);
#2708=ORIENTED_EDGE('',*,*,#1969,.F.);
#2709=ORIENTED_EDGE('',*,*,#1970,.T.);
#2710=ORIENTED_EDGE('',*,*,#1971,.T.);
#2711=ORIENTED_EDGE('',*,*,#1972,.F.);
#2712=ORIENTED_EDGE('',*,*,#1968,.T.);
#2713=ORIENTED_EDGE('',*,*,#1969,.T.);
#2714=ORIENTED_EDGE('',*,*,#1973,.F.);
#2715=ORIENTED_EDGE('',*,*,#1974,.T.);
#2716=ORIENTED_EDGE('',*,*,#1975,.T.);
#2717=ORIENTED_EDGE('',*,*,#1976,.F.);
#2718=ORIENTED_EDGE('',*,*,#1977,.T.);
#2719=ORIENTED_EDGE('',*,*,#1978,.F.);
#2720=ORIENTED_EDGE('',*,*,#1979,.T.);
#2721=ORIENTED_EDGE('',*,*,#1980,.F.);
#2722=ORIENTED_EDGE('',*,*,#1975,.F.);
#2723=ORIENTED_EDGE('',*,*,#1981,.T.);
#2724=ORIENTED_EDGE('',*,*,#1982,.T.);
#2725=ORIENTED_EDGE('',*,*,#1983,.F.);
#2726=ORIENTED_EDGE('',*,*,#1980,.T.);
#2727=ORIENTED_EDGE('',*,*,#1984,.F.);
#2728=ORIENTED_EDGE('',*,*,#1985,.T.);
#2729=ORIENTED_EDGE('',*,*,#1986,.F.);
#2730=ORIENTED_EDGE('',*,*,#1987,.F.);
#2731=ORIENTED_EDGE('',*,*,#1988,.T.);
#2732=ORIENTED_EDGE('',*,*,#1989,.T.);
#2733=ORIENTED_EDGE('',*,*,#1990,.F.);
#2734=ORIENTED_EDGE('',*,*,#1991,.T.);
#2735=ORIENTED_EDGE('',*,*,#1992,.F.);
#2736=ORIENTED_EDGE('',*,*,#1993,.T.);
#2737=ORIENTED_EDGE('',*,*,#1994,.F.);
#2738=ORIENTED_EDGE('',*,*,#1989,.F.);
#2739=ORIENTED_EDGE('',*,*,#1995,.T.);
#2740=ORIENTED_EDGE('',*,*,#1996,.F.);
#2741=ORIENTED_EDGE('',*,*,#1994,.T.);
#2742=ORIENTED_EDGE('',*,*,#1997,.T.);
#2743=ORIENTED_EDGE('',*,*,#1998,.T.);
#2744=ORIENTED_EDGE('',*,*,#1999,.F.);
#2745=ORIENTED_EDGE('',*,*,#1986,.T.);
#2746=ORIENTED_EDGE('',*,*,#2000,.F.);
#2747=ORIENTED_EDGE('',*,*,#2001,.T.);
#2748=ORIENTED_EDGE('',*,*,#1987,.T.);
#2749=ORIENTED_EDGE('',*,*,#2002,.F.);
#2750=ORIENTED_EDGE('',*,*,#2003,.F.);
#2751=ORIENTED_EDGE('',*,*,#2004,.F.);
#2752=ORIENTED_EDGE('',*,*,#1981,.F.);
#2753=ORIENTED_EDGE('',*,*,#1977,.F.);
#2754=ORIENTED_EDGE('',*,*,#1971,.F.);
#2755=ORIENTED_EDGE('',*,*,#1967,.F.);
#2756=ORIENTED_EDGE('',*,*,#2005,.F.);
#2757=ORIENTED_EDGE('',*,*,#2006,.T.);
#2758=ORIENTED_EDGE('',*,*,#2007,.F.);
#2759=ORIENTED_EDGE('',*,*,#2008,.F.);
#2760=ORIENTED_EDGE('',*,*,#2009,.F.);
#2761=ORIENTED_EDGE('',*,*,#1970,.F.);
#2762=ORIENTED_EDGE('',*,*,#1974,.F.);
#2763=ORIENTED_EDGE('',*,*,#1982,.F.);
#2764=ORIENTED_EDGE('',*,*,#1979,.F.);
#2765=ORIENTED_EDGE('',*,*,#2010,.F.);
#2766=ORIENTED_EDGE('',*,*,#2011,.T.);
#2767=ORIENTED_EDGE('',*,*,#1966,.T.);
#2768=ORIENTED_EDGE('',*,*,#2009,.T.);
#2769=ORIENTED_EDGE('',*,*,#2012,.T.);
#2770=ORIENTED_EDGE('',*,*,#2005,.T.);
#2771=ORIENTED_EDGE('',*,*,#1942,.T.);
#2772=ORIENTED_EDGE('',*,*,#2013,.T.);
#2773=ORIENTED_EDGE('',*,*,#2014,.T.);
#2774=ORIENTED_EDGE('',*,*,#2015,.T.);
#2775=ORIENTED_EDGE('',*,*,#2016,.F.);
#2776=ORIENTED_EDGE('',*,*,#2017,.F.);
#2777=ORIENTED_EDGE('',*,*,#2018,.F.);
#2778=ORIENTED_EDGE('',*,*,#1988,.F.);
#2779=ORIENTED_EDGE('',*,*,#2001,.F.);
#2780=ORIENTED_EDGE('',*,*,#1997,.F.);
#2781=ORIENTED_EDGE('',*,*,#1993,.F.);
#2782=ORIENTED_EDGE('',*,*,#2019,.F.);
#2783=ORIENTED_EDGE('',*,*,#2020,.T.);
#2784=ORIENTED_EDGE('',*,*,#2021,.F.);
#2785=ORIENTED_EDGE('',*,*,#2022,.F.);
#2786=ORIENTED_EDGE('',*,*,#2023,.F.);
#2787=ORIENTED_EDGE('',*,*,#1995,.F.);
#2788=ORIENTED_EDGE('',*,*,#1991,.F.);
#2789=ORIENTED_EDGE('',*,*,#1998,.F.);
#2790=ORIENTED_EDGE('',*,*,#1985,.F.);
#2791=ORIENTED_EDGE('',*,*,#2024,.F.);
#2792=ORIENTED_EDGE('',*,*,#2025,.T.);
#2793=ORIENTED_EDGE('',*,*,#2019,.T.);
#2794=ORIENTED_EDGE('',*,*,#1992,.T.);
#2795=ORIENTED_EDGE('',*,*,#2023,.T.);
#2796=ORIENTED_EDGE('',*,*,#2026,.T.);
#2797=ORIENTED_EDGE('',*,*,#2027,.T.);
#2798=ORIENTED_EDGE('',*,*,#1960,.T.);
#2799=ORIENTED_EDGE('',*,*,#2028,.T.);
#2800=ORIENTED_EDGE('',*,*,#2029,.T.);
#2801=ORIENTED_EDGE('',*,*,#2004,.T.);
#2802=ORIENTED_EDGE('',*,*,#2030,.T.);
#2803=ORIENTED_EDGE('',*,*,#2010,.T.);
#2804=ORIENTED_EDGE('',*,*,#1978,.T.);
#2805=ORIENTED_EDGE('',*,*,#2031,.F.);
#2806=ORIENTED_EDGE('',*,*,#2032,.F.);
#2807=ORIENTED_EDGE('',*,*,#2013,.F.);
#2808=ORIENTED_EDGE('',*,*,#1945,.F.);
#2809=ORIENTED_EDGE('',*,*,#1936,.F.);
#2810=ORIENTED_EDGE('',*,*,#1941,.F.);
#2811=ORIENTED_EDGE('',*,*,#1931,.F.);
#2812=ORIENTED_EDGE('',*,*,#2033,.F.);
#2813=ORIENTED_EDGE('',*,*,#2034,.T.);
#2814=ORIENTED_EDGE('',*,*,#2035,.F.);
#2815=ORIENTED_EDGE('',*,*,#2036,.F.);
#2816=ORIENTED_EDGE('',*,*,#2037,.F.);
#2817=ORIENTED_EDGE('',*,*,#1934,.F.);
#2818=ORIENTED_EDGE('',*,*,#1939,.F.);
#2819=ORIENTED_EDGE('',*,*,#1946,.F.);
#2820=ORIENTED_EDGE('',*,*,#1943,.F.);
#2821=ORIENTED_EDGE('',*,*,#2015,.F.);
#2822=ORIENTED_EDGE('',*,*,#2038,.T.);
#2823=ORIENTED_EDGE('',*,*,#2037,.T.);
#2824=ORIENTED_EDGE('',*,*,#2039,.T.);
#2825=ORIENTED_EDGE('',*,*,#2033,.T.);
#2826=ORIENTED_EDGE('',*,*,#1930,.T.);
#2827=ORIENTED_EDGE('',*,*,#2018,.T.);
#2828=ORIENTED_EDGE('',*,*,#2040,.T.);
#2829=ORIENTED_EDGE('',*,*,#2024,.T.);
#2830=ORIENTED_EDGE('',*,*,#1984,.T.);
#2831=ORIENTED_EDGE('',*,*,#2041,.F.);
#2832=ORIENTED_EDGE('',*,*,#2042,.F.);
#2833=ORIENTED_EDGE('',*,*,#2028,.F.);
#2834=ORIENTED_EDGE('',*,*,#1963,.F.);
#2835=ORIENTED_EDGE('',*,*,#1959,.F.);
#2836=ORIENTED_EDGE('',*,*,#1955,.F.);
#2837=ORIENTED_EDGE('',*,*,#1949,.F.);
#2838=ORIENTED_EDGE('',*,*,#2043,.F.);
#2839=ORIENTED_EDGE('',*,*,#2044,.T.);
#2840=ORIENTED_EDGE('',*,*,#2045,.F.);
#2841=ORIENTED_EDGE('',*,*,#2046,.F.);
#2842=ORIENTED_EDGE('',*,*,#2047,.F.);
#2843=ORIENTED_EDGE('',*,*,#1952,.F.);
#2844=ORIENTED_EDGE('',*,*,#1954,.F.);
#2845=ORIENTED_EDGE('',*,*,#1965,.F.);
#2846=ORIENTED_EDGE('',*,*,#1961,.F.);
#2847=ORIENTED_EDGE('',*,*,#2027,.F.);
#2848=ORIENTED_EDGE('',*,*,#2048,.T.);
#2849=ORIENTED_EDGE('',*,*,#2043,.T.);
#2850=ORIENTED_EDGE('',*,*,#1948,.T.);
#2851=ORIENTED_EDGE('',*,*,#2047,.T.);
#2852=ORIENTED_EDGE('',*,*,#2049,.T.);
#2853=ORIENTED_EDGE('',*,*,#2016,.T.);
#2854=ORIENTED_EDGE('',*,*,#2050,.T.);
#2855=ORIENTED_EDGE('',*,*,#2035,.T.);
#2856=ORIENTED_EDGE('',*,*,#2051,.T.);
#2857=ORIENTED_EDGE('',*,*,#2052,.T.);
#2858=ORIENTED_EDGE('',*,*,#2041,.T.);
#2859=ORIENTED_EDGE('',*,*,#2053,.T.);
#2860=ORIENTED_EDGE('',*,*,#2007,.T.);
#2861=ORIENTED_EDGE('',*,*,#2054,.T.);
#2862=ORIENTED_EDGE('',*,*,#2055,.T.);
#2863=ORIENTED_EDGE('',*,*,#2021,.T.);
#2864=ORIENTED_EDGE('',*,*,#2056,.T.);
#2865=ORIENTED_EDGE('',*,*,#2057,.T.);
#2866=ORIENTED_EDGE('',*,*,#2031,.T.);
#2867=ORIENTED_EDGE('',*,*,#2045,.T.);
#2868=ORIENTED_EDGE('',*,*,#2058,.T.);
#2869=ORIENTED_EDGE('',*,*,#2059,.T.);
#2870=ORIENTED_EDGE('',*,*,#2002,.T.);
#2871=ORIENTED_EDGE('',*,*,#2060,.T.);
#2872=ORIENTED_EDGE('',*,*,#2061,.T.);
#2873=ORIENTED_EDGE('',*,*,#1801,.F.);
#2874=ORIENTED_EDGE('',*,*,#2062,.T.);
#2875=ORIENTED_EDGE('',*,*,#1976,.T.);
#2876=ORIENTED_EDGE('',*,*,#1983,.T.);
#2877=ORIENTED_EDGE('',*,*,#1973,.T.);
#2878=ORIENTED_EDGE('',*,*,#1972,.T.);
#2879=ORIENTED_EDGE('',*,*,#2062,.F.);
#2880=ORIENTED_EDGE('',*,*,#2063,.F.);
#2881=ORIENTED_EDGE('',*,*,#1805,.F.);
#2882=ORIENTED_EDGE('',*,*,#2064,.T.);
#2883=ORIENTED_EDGE('',*,*,#1752,.F.);
#2884=ORIENTED_EDGE('',*,*,#1806,.F.);
#2885=ORIENTED_EDGE('',*,*,#2065,.T.);
#2886=ORIENTED_EDGE('',*,*,#1935,.T.);
#2887=ORIENTED_EDGE('',*,*,#1947,.T.);
#2888=ORIENTED_EDGE('',*,*,#1938,.T.);
#2889=ORIENTED_EDGE('',*,*,#1940,.T.);
#2890=ORIENTED_EDGE('',*,*,#2065,.F.);
#2891=ORIENTED_EDGE('',*,*,#1807,.F.);
#2892=ORIENTED_EDGE('',*,*,#2066,.T.);
#2893=ORIENTED_EDGE('',*,*,#1953,.T.);
#2894=ORIENTED_EDGE('',*,*,#1956,.T.);
#2895=ORIENTED_EDGE('',*,*,#1958,.T.);
#2896=ORIENTED_EDGE('',*,*,#1964,.T.);
#2897=ORIENTED_EDGE('',*,*,#2066,.F.);
#2898=ORIENTED_EDGE('',*,*,#1808,.F.);
#2899=ORIENTED_EDGE('',*,*,#2067,.T.);
#2900=ORIENTED_EDGE('',*,*,#1990,.T.);
#2901=ORIENTED_EDGE('',*,*,#1996,.T.);
#2902=ORIENTED_EDGE('',*,*,#2000,.T.);
#2903=ORIENTED_EDGE('',*,*,#1999,.T.);
#2904=ORIENTED_EDGE('',*,*,#2067,.F.);
#2905=ORIENTED_EDGE('',*,*,#1675,.F.);
#2906=ORIENTED_EDGE('',*,*,#2068,.F.);
#2907=ORIENTED_EDGE('',*,*,#1788,.F.);
#2908=ORIENTED_EDGE('',*,*,#1776,.F.);
#2909=ORIENTED_EDGE('',*,*,#1678,.F.);
#2910=ORIENTED_EDGE('',*,*,#2069,.T.);
#2911=ORIENTED_EDGE('',*,*,#1789,.F.);
#2912=ORIENTED_EDGE('',*,*,#2068,.T.);
#2913=ORIENTED_EDGE('',*,*,#1681,.F.);
#2914=ORIENTED_EDGE('',*,*,#2070,.F.);
#2915=ORIENTED_EDGE('',*,*,#1790,.F.);
#2916=ORIENTED_EDGE('',*,*,#2069,.F.);
#2917=ORIENTED_EDGE('',*,*,#1684,.F.);
#2918=ORIENTED_EDGE('',*,*,#1770,.F.);
#2919=ORIENTED_EDGE('',*,*,#1791,.F.);
#2920=ORIENTED_EDGE('',*,*,#2070,.T.);
#2921=ORIENTED_EDGE('',*,*,#2064,.F.);
#2922=ORIENTED_EDGE('',*,*,#1804,.F.);
#2923=ORIENTED_EDGE('',*,*,#2071,.T.);
#2924=ORIENTED_EDGE('',*,*,#1753,.F.);
#2925=ORIENTED_EDGE('',*,*,#1613,.T.);
#2926=ORIENTED_EDGE('',*,*,#1857,.F.);
#2927=ORIENTED_EDGE('',*,*,#1851,.F.);
#2928=ORIENTED_EDGE('',*,*,#1816,.F.);
#2929=ORIENTED_EDGE('',*,*,#1911,.F.);
#2930=ORIENTED_EDGE('',*,*,#1913,.T.);
#2931=ORIENTED_EDGE('',*,*,#1892,.F.);
#2932=ORIENTED_EDGE('',*,*,#1902,.T.);
#2933=ORIENTED_EDGE('',*,*,#1907,.F.);
#2934=ORIENTED_EDGE('',*,*,#1817,.F.);
#2935=ORIENTED_EDGE('',*,*,#2072,.T.);
#2936=ORIENTED_EDGE('',*,*,#1764,.F.);
#2937=ORIENTED_EDGE('',*,*,#2072,.F.);
#2938=ORIENTED_EDGE('',*,*,#1819,.F.);
#2939=ORIENTED_EDGE('',*,*,#1908,.F.);
#2940=ORIENTED_EDGE('',*,*,#1903,.T.);
#2941=ORIENTED_EDGE('',*,*,#1897,.F.);
#2942=ORIENTED_EDGE('',*,*,#1899,.T.);
#2943=ORIENTED_EDGE('',*,*,#1905,.F.);
#2944=ORIENTED_EDGE('',*,*,#1820,.F.);
#2945=ORIENTED_EDGE('',*,*,#2073,.T.);
#2946=ORIENTED_EDGE('',*,*,#1765,.F.);
#2947=ORIENTED_EDGE('',*,*,#2073,.F.);
#2948=ORIENTED_EDGE('',*,*,#1914,.F.);
#2949=ORIENTED_EDGE('',*,*,#1920,.T.);
#2950=ORIENTED_EDGE('',*,*,#1926,.F.);
#2951=ORIENTED_EDGE('',*,*,#1810,.F.);
#2952=ORIENTED_EDGE('',*,*,#1929,.F.);
#2953=ORIENTED_EDGE('',*,*,#1923,.T.);
#2954=ORIENTED_EDGE('',*,*,#1915,.F.);
#2955=ORIENTED_EDGE('',*,*,#2074,.T.);
#2956=ORIENTED_EDGE('',*,*,#1766,.F.);
#2957=ORIENTED_EDGE('',*,*,#2074,.F.);
#2958=ORIENTED_EDGE('',*,*,#2060,.F.);
#2959=ORIENTED_EDGE('',*,*,#2006,.F.);
#2960=ORIENTED_EDGE('',*,*,#2012,.F.);
#2961=ORIENTED_EDGE('',*,*,#2008,.T.);
#2962=ORIENTED_EDGE('',*,*,#2053,.F.);
#2963=ORIENTED_EDGE('',*,*,#2011,.F.);
#2964=ORIENTED_EDGE('',*,*,#2030,.F.);
#2965=ORIENTED_EDGE('',*,*,#2003,.T.);
#2966=ORIENTED_EDGE('',*,*,#2061,.F.);
#2967=ORIENTED_EDGE('',*,*,#2075,.T.);
#2968=ORIENTED_EDGE('',*,*,#1755,.F.);
#2969=ORIENTED_EDGE('',*,*,#2075,.F.);
#2970=ORIENTED_EDGE('',*,*,#2054,.F.);
#2971=ORIENTED_EDGE('',*,*,#2025,.F.);
#2972=ORIENTED_EDGE('',*,*,#2040,.F.);
#2973=ORIENTED_EDGE('',*,*,#2017,.T.);
#2974=ORIENTED_EDGE('',*,*,#2050,.F.);
#2975=ORIENTED_EDGE('',*,*,#2020,.F.);
#2976=ORIENTED_EDGE('',*,*,#2026,.F.);
#2977=ORIENTED_EDGE('',*,*,#2022,.T.);
#2978=ORIENTED_EDGE('',*,*,#2055,.F.);
#2979=ORIENTED_EDGE('',*,*,#2076,.T.);
#2980=ORIENTED_EDGE('',*,*,#1744,.F.);
#2981=ORIENTED_EDGE('',*,*,#2076,.F.);
#2982=ORIENTED_EDGE('',*,*,#2056,.F.);
#2983=ORIENTED_EDGE('',*,*,#2034,.F.);
#2984=ORIENTED_EDGE('',*,*,#2039,.F.);
#2985=ORIENTED_EDGE('',*,*,#2036,.T.);
#2986=ORIENTED_EDGE('',*,*,#2051,.F.);
#2987=ORIENTED_EDGE('',*,*,#2038,.F.);
#2988=ORIENTED_EDGE('',*,*,#2014,.F.);
#2989=ORIENTED_EDGE('',*,*,#2032,.T.);
#2990=ORIENTED_EDGE('',*,*,#2057,.F.);
#2991=ORIENTED_EDGE('',*,*,#2077,.T.);
#2992=ORIENTED_EDGE('',*,*,#1750,.F.);
#2993=ORIENTED_EDGE('',*,*,#2077,.F.);
#2994=ORIENTED_EDGE('',*,*,#2058,.F.);
#2995=ORIENTED_EDGE('',*,*,#2048,.F.);
#2996=ORIENTED_EDGE('',*,*,#2029,.F.);
#2997=ORIENTED_EDGE('',*,*,#2042,.T.);
#2998=ORIENTED_EDGE('',*,*,#2052,.F.);
#2999=ORIENTED_EDGE('',*,*,#2044,.F.);
#3000=ORIENTED_EDGE('',*,*,#2049,.F.);
#3001=ORIENTED_EDGE('',*,*,#2046,.T.);
#3002=ORIENTED_EDGE('',*,*,#2059,.F.);
#3003=ORIENTED_EDGE('',*,*,#2078,.T.);
#3004=ORIENTED_EDGE('',*,*,#1745,.F.);
#3005=ORIENTED_EDGE('',*,*,#2078,.F.);
#3006=ORIENTED_EDGE('',*,*,#2071,.F.);
#3007=ORIENTED_EDGE('',*,*,#1803,.T.);
#3008=ORIENTED_EDGE('',*,*,#2079,.F.);
#3009=ORIENTED_EDGE('',*,*,#1754,.T.);
#3010=ORIENTED_EDGE('',*,*,#2079,.T.);
#3011=ORIENTED_EDGE('',*,*,#1802,.F.);
#3012=ORIENTED_EDGE('',*,*,#2063,.T.);
#3013=ORIENTED_EDGE('',*,*,#1751,.F.);
#3014=CYLINDRICAL_SURFACE('',#3234,3.25);
#3015=CYLINDRICAL_SURFACE('',#3275,1.6);
#3016=CYLINDRICAL_SURFACE('',#3284,1.6);
#3017=CYLINDRICAL_SURFACE('',#3293,1.6);
#3018=CYLINDRICAL_SURFACE('',#3302,1.6);
#3019=CYLINDRICAL_SURFACE('',#3317,1.6);
#3020=CYLINDRICAL_SURFACE('',#3319,1.6);
#3021=CYLINDRICAL_SURFACE('',#3321,1.6);
#3022=CYLINDRICAL_SURFACE('',#3323,1.6);
#3023=CYLINDRICAL_SURFACE('',#3332,6.);
#3024=CYLINDRICAL_SURFACE('',#3360,3.2);
#3025=CYLINDRICAL_SURFACE('',#3365,3.2);
#3026=CYLINDRICAL_SURFACE('',#3505,1.6);
#3027=CYLINDRICAL_SURFACE('',#3507,1.6);
#3028=CYLINDRICAL_SURFACE('',#3508,1.6);
#3029=CYLINDRICAL_SURFACE('',#3509,1.6);
#3030=CYLINDRICAL_SURFACE('',#3511,3.25);
#3031=CYLINDRICAL_SURFACE('',#3512,3.25);
#3032=CYLINDRICAL_SURFACE('',#3513,3.25);
#3033=CYLINDRICAL_SURFACE('',#3514,3.25);
#3034=CYLINDRICAL_SURFACE('',#3515,3.24999999999999);
#3035=CYLINDRICAL_SURFACE('',#3516,3.24999999999999);
#3036=CYLINDRICAL_SURFACE('',#3517,3.24999999999999);
#3037=CYLINDRICAL_SURFACE('',#3518,3.24999999999999);
#3038=ADVANCED_FACE('',(#269),#3014,.F.);
#3039=ADVANCED_FACE('',(#270),#164,.F.);
#3040=ADVANCED_FACE('',(#271),#165,.F.);
#3041=ADVANCED_FACE('',(#272),#166,.F.);
#3042=ADVANCED_FACE('',(#273),#167,.F.);
#3043=ADVANCED_FACE('',(#274),#168,.F.);
#3044=ADVANCED_FACE('',(#275),#169,.F.);
#3045=ADVANCED_FACE('',(#276),#170,.F.);
#3046=ADVANCED_FACE('',(#277),#171,.F.);
#3047=ADVANCED_FACE('',(#278),#172,.F.);
#3048=ADVANCED_FACE('',(#279),#127,.F.);
#3049=ADVANCED_FACE('',(#280),#173,.T.);
#3050=ADVANCED_FACE('',(#281),#128,.F.);
#3051=ADVANCED_FACE('',(#282),#109,.T.);
#3052=ADVANCED_FACE('',(#283),#110,.T.);
#3053=ADVANCED_FACE('',(#284),#111,.T.);
#3054=ADVANCED_FACE('',(#285),#112,.T.);
#3055=ADVANCED_FACE('',(#286),#113,.T.);
#3056=ADVANCED_FACE('',(#287),#114,.T.);
#3057=ADVANCED_FACE('',(#288),#115,.T.);
#3058=ADVANCED_FACE('',(#289),#116,.T.);
#3059=ADVANCED_FACE('',(#290),#43,.T.);
#3060=ADVANCED_FACE('',(#291),#44,.T.);
#3061=ADVANCED_FACE('',(#292),#45,.T.);
#3062=ADVANCED_FACE('',(#293),#46,.T.);
#3063=ADVANCED_FACE('',(#294),#129,.F.);
#3064=ADVANCED_FACE('',(#295),#174,.T.);
#3065=ADVANCED_FACE('',(#296),#175,.T.);
#3066=ADVANCED_FACE('',(#297),#130,.F.);
#3067=ADVANCED_FACE('',(#298),#176,.T.);
#3068=ADVANCED_FACE('',(#299),#47,.T.);
#3069=ADVANCED_FACE('',(#300),#131,.F.);
#3070=ADVANCED_FACE('',(#301),#3015,.F.);
#3071=ADVANCED_FACE('',(#302),#48,.T.);
#3072=ADVANCED_FACE('',(#303),#132,.F.);
#3073=ADVANCED_FACE('',(#304),#3016,.F.);
#3074=ADVANCED_FACE('',(#305),#49,.T.);
#3075=ADVANCED_FACE('',(#306),#133,.F.);
#3076=ADVANCED_FACE('',(#307),#3017,.F.);
#3077=ADVANCED_FACE('',(#308),#50,.T.);
#3078=ADVANCED_FACE('',(#309),#134,.F.);
#3079=ADVANCED_FACE('',(#310),#3018,.F.);
#3080=ADVANCED_FACE('',(#311),#177,.T.);
#3081=ADVANCED_FACE('',(#312),#178,.T.);
#3082=ADVANCED_FACE('',(#313),#179,.T.);
#3083=ADVANCED_FACE('',(#314),#180,.T.);
#3084=ADVANCED_FACE('',(#315),#51,.T.);
#3085=ADVANCED_FACE('',(#316),#52,.T.);
#3086=ADVANCED_FACE('',(#317,#15,#16,#17,#18,#19,#20,#21,#22,#23,#24,#25,
#26,#27,#28,#29,#30),#181,.T.);
#3087=ADVANCED_FACE('',(#318),#3019,.F.);
#3088=ADVANCED_FACE('',(#319),#3020,.F.);
#3089=ADVANCED_FACE('',(#320),#3021,.F.);
#3090=ADVANCED_FACE('',(#321),#3022,.F.);
#3091=ADVANCED_FACE('',(#322,#31),#182,.F.);
#3092=ADVANCED_FACE('',(#323,#32),#183,.F.);
#3093=ADVANCED_FACE('',(#324,#33),#184,.F.);
#3094=ADVANCED_FACE('',(#325,#34),#185,.F.);
#3095=ADVANCED_FACE('',(#326),#53,.T.);
#3096=ADVANCED_FACE('',(#327),#54,.T.);
#3097=ADVANCED_FACE('',(#328),#55,.T.);
#3098=ADVANCED_FACE('',(#329),#56,.T.);
#3099=ADVANCED_FACE('',(#330),#57,.T.);
#3100=ADVANCED_FACE('',(#331),#58,.T.);
#3101=ADVANCED_FACE('',(#332),#3023,.T.);
#3102=ADVANCED_FACE('',(#333),#186,.T.);
#3103=ADVANCED_FACE('',(#334,#35,#36,#37,#38,#39,#40,#41,#42),#187,.F.);
#3104=ADVANCED_FACE('',(#335),#188,.T.);
#3105=ADVANCED_FACE('',(#336),#189,.T.);
#3106=ADVANCED_FACE('',(#337),#190,.T.);
#3107=ADVANCED_FACE('',(#338),#191,.T.);
#3108=ADVANCED_FACE('',(#339),#3024,.F.);
#3109=ADVANCED_FACE('',(#340),#3025,.F.);
#3110=ADVANCED_FACE('',(#341),#192,.T.);
#3111=ADVANCED_FACE('',(#342),#193,.T.);
#3112=ADVANCED_FACE('',(#343),#194,.T.);
#3113=ADVANCED_FACE('',(#344),#195,.T.);
#3114=ADVANCED_FACE('',(#345),#196,.T.);
#3115=ADVANCED_FACE('',(#346),#197,.T.);
#3116=ADVANCED_FACE('',(#347),#198,.T.);
#3117=ADVANCED_FACE('',(#348),#199,.T.);
#3118=ADVANCED_FACE('',(#349),#200,.T.);
#3119=ADVANCED_FACE('',(#350),#201,.T.);
#3120=ADVANCED_FACE('',(#351),#117,.T.);
#3121=ADVANCED_FACE('',(#352),#118,.T.);
#3122=ADVANCED_FACE('',(#353),#119,.T.);
#3123=ADVANCED_FACE('',(#354),#120,.T.);
#3124=ADVANCED_FACE('',(#355),#202,.T.);
#3125=ADVANCED_FACE('',(#356),#203,.F.);
#3126=ADVANCED_FACE('',(#357),#121,.T.);
#3127=ADVANCED_FACE('',(#358),#204,.T.);
#3128=ADVANCED_FACE('',(#359),#122,.T.);
#3129=ADVANCED_FACE('',(#360),#123,.T.);
#3130=ADVANCED_FACE('',(#361),#124,.T.);
#3131=ADVANCED_FACE('',(#362),#125,.T.);
#3132=ADVANCED_FACE('',(#363),#205,.T.);
#3133=ADVANCED_FACE('',(#364),#206,.T.);
#3134=ADVANCED_FACE('',(#365),#126,.T.);
#3135=ADVANCED_FACE('',(#366),#207,.T.);
#3136=ADVANCED_FACE('',(#367),#135,.F.);
#3137=ADVANCED_FACE('',(#368),#208,.T.);
#3138=ADVANCED_FACE('',(#369),#209,.T.);
#3139=ADVANCED_FACE('',(#370),#136,.T.);
#3140=ADVANCED_FACE('',(#371),#137,.T.);
#3141=ADVANCED_FACE('',(#372),#210,.F.);
#3142=ADVANCED_FACE('',(#373),#211,.F.);
#3143=ADVANCED_FACE('',(#374),#138,.T.);
#3144=ADVANCED_FACE('',(#375),#212,.T.);
#3145=ADVANCED_FACE('',(#376),#139,.F.);
#3146=ADVANCED_FACE('',(#377),#213,.T.);
#3147=ADVANCED_FACE('',(#378),#214,.T.);
#3148=ADVANCED_FACE('',(#379),#140,.T.);
#3149=ADVANCED_FACE('',(#380),#215,.F.);
#3150=ADVANCED_FACE('',(#381),#216,.F.);
#3151=ADVANCED_FACE('',(#382),#141,.T.);
#3152=ADVANCED_FACE('',(#383),#217,.F.);
#3153=ADVANCED_FACE('',(#384),#218,.F.);
#3154=ADVANCED_FACE('',(#385),#219,.F.);
#3155=ADVANCED_FACE('',(#386),#220,.F.);
#3156=ADVANCED_FACE('',(#387),#221,.F.);
#3157=ADVANCED_FACE('',(#388),#222,.F.);
#3158=ADVANCED_FACE('',(#389),#223,.F.);
#3159=ADVANCED_FACE('',(#390),#224,.F.);
#3160=ADVANCED_FACE('',(#391),#225,.F.);
#3161=ADVANCED_FACE('',(#392),#226,.F.);
#3162=ADVANCED_FACE('',(#393),#227,.F.);
#3163=ADVANCED_FACE('',(#394),#228,.F.);
#3164=ADVANCED_FACE('',(#395),#229,.F.);
#3165=ADVANCED_FACE('',(#396),#230,.F.);
#3166=ADVANCED_FACE('',(#397),#231,.F.);
#3167=ADVANCED_FACE('',(#398),#232,.F.);
#3168=ADVANCED_FACE('',(#399),#233,.F.);
#3169=ADVANCED_FACE('',(#400),#234,.F.);
#3170=ADVANCED_FACE('',(#401),#235,.F.);
#3171=ADVANCED_FACE('',(#402),#236,.F.);
#3172=ADVANCED_FACE('',(#403),#237,.F.);
#3173=ADVANCED_FACE('',(#404),#238,.F.);
#3174=ADVANCED_FACE('',(#405),#239,.F.);
#3175=ADVANCED_FACE('',(#406),#240,.F.);
#3176=ADVANCED_FACE('',(#407),#241,.F.);
#3177=ADVANCED_FACE('',(#408),#242,.F.);
#3178=ADVANCED_FACE('',(#409),#243,.F.);
#3179=ADVANCED_FACE('',(#410),#244,.F.);
#3180=ADVANCED_FACE('',(#411),#245,.F.);
#3181=ADVANCED_FACE('',(#412),#246,.F.);
#3182=ADVANCED_FACE('',(#413),#247,.F.);
#3183=ADVANCED_FACE('',(#414),#248,.F.);
#3184=ADVANCED_FACE('',(#415),#249,.F.);
#3185=ADVANCED_FACE('',(#416),#250,.F.);
#3186=ADVANCED_FACE('',(#417),#251,.F.);
#3187=ADVANCED_FACE('',(#418),#252,.F.);
#3188=ADVANCED_FACE('',(#419),#253,.F.);
#3189=ADVANCED_FACE('',(#420),#254,.F.);
#3190=ADVANCED_FACE('',(#421),#255,.F.);
#3191=ADVANCED_FACE('',(#422),#256,.F.);
#3192=ADVANCED_FACE('',(#423),#257,.F.);
#3193=ADVANCED_FACE('',(#424),#258,.F.);
#3194=ADVANCED_FACE('',(#425),#259,.F.);
#3195=ADVANCED_FACE('',(#426),#260,.F.);
#3196=ADVANCED_FACE('',(#427),#261,.F.);
#3197=ADVANCED_FACE('',(#428),#262,.F.);
#3198=ADVANCED_FACE('',(#429),#263,.F.);
#3199=ADVANCED_FACE('',(#430),#264,.F.);
#3200=ADVANCED_FACE('',(#431),#3026,.F.);
#3201=ADVANCED_FACE('',(#432),#265,.T.);
#3202=ADVANCED_FACE('',(#433),#3027,.F.);
#3203=ADVANCED_FACE('',(#434),#3028,.F.);
#3204=ADVANCED_FACE('',(#435),#3029,.F.);
#3205=ADVANCED_FACE('',(#436),#59,.T.);
#3206=ADVANCED_FACE('',(#437),#60,.T.);
#3207=ADVANCED_FACE('',(#438),#61,.T.);
#3208=ADVANCED_FACE('',(#439),#62,.T.);
#3209=ADVANCED_FACE('',(#440),#266,.T.);
#3210=ADVANCED_FACE('',(#441),#3030,.F.);
#3211=ADVANCED_FACE('',(#442),#3031,.F.);
#3212=ADVANCED_FACE('',(#443),#3032,.F.);
#3213=ADVANCED_FACE('',(#444),#3033,.F.);
#3214=ADVANCED_FACE('',(#445),#3034,.F.);
#3215=ADVANCED_FACE('',(#446),#3035,.F.);
#3216=ADVANCED_FACE('',(#447),#3036,.F.);
#3217=ADVANCED_FACE('',(#448),#3037,.F.);
#3218=ADVANCED_FACE('',(#449),#267,.T.);
#3219=ADVANCED_FACE('',(#450),#268,.T.);
#3220=CLOSED_SHELL('',(#3038,#3039,#3040,#3041,#3042,#3043,#3044,#3045,
#3046,#3047,#3048,#3049,#3050,#3051,#3052,#3053,#3054,#3055,#3056,#3057,
#3058,#3059,#3060,#3061,#3062,#3063,#3064,#3065,#3066,#3067,#3068,#3069,
#3070,#3071,#3072,#3073,#3074,#3075,#3076,#3077,#3078,#3079,#3080,#3081,
#3082,#3083,#3084,#3085,#3086,#3087,#3088,#3089,#3090,#3091,#3092,#3093,
#3094,#3095,#3096,#3097,#3098,#3099,#3100,#3101,#3102,#3103,#3104,#3105,
#3106,#3107,#3108,#3109,#3110,#3111,#3112,#3113,#3114,#3115,#3116,#3117,
#3118,#3119,#3120,#3121,#3122,#3123,#3124,#3125,#3126,#3127,#3128,#3129,
#3130,#3131,#3132,#3133,#3134,#3135,#3136,#3137,#3138,#3139,#3140,#3141,
#3142,#3143,#3144,#3145,#3146,#3147,#3148,#3149,#3150,#3151,#3152,#3153,
#3154,#3155,#3156,#3157,#3158,#3159,#3160,#3161,#3162,#3163,#3164,#3165,
#3166,#3167,#3168,#3169,#3170,#3171,#3172,#3173,#3174,#3175,#3176,#3177,
#3178,#3179,#3180,#3181,#3182,#3183,#3184,#3185,#3186,#3187,#3188,#3189,
#3190,#3191,#3192,#3193,#3194,#3195,#3196,#3197,#3198,#3199,#3200,#3201,
#3202,#3203,#3204,#3205,#3206,#3207,#3208,#3209,#3210,#3211,#3212,#3213,
#3214,#3215,#3216,#3217,#3218,#3219));
#3221=DERIVED_UNIT_ELEMENT(#3223,1.);
#3222=DERIVED_UNIT_ELEMENT(#6045,-3.);
#3223=(
MASS_UNIT()
NAMED_UNIT(*)
SI_UNIT(.KILO.,.GRAM.)
);
#3224=DERIVED_UNIT((#3221,#3222));
#3225=MEASURE_REPRESENTATION_ITEM('density measure',
POSITIVE_RATIO_MEASURE(7850.),#3224);
#3226=PROPERTY_DEFINITION_REPRESENTATION(#3231,#3228);
#3227=PROPERTY_DEFINITION_REPRESENTATION(#3232,#3229);
#3228=REPRESENTATION('material name',(#3230),#6042);
#3229=REPRESENTATION('density',(#3225),#6042);
#3230=DESCRIPTIVE_REPRESENTATION_ITEM('Steel','Steel');
#3231=PROPERTY_DEFINITION('material property','material name',#6052);
#3232=PROPERTY_DEFINITION('material property','density of part',#6052);
#3233=AXIS2_PLACEMENT_3D('',#4353,#3521,#3522);
#3234=AXIS2_PLACEMENT_3D('',#4354,#3523,#3524);
#3235=AXIS2_PLACEMENT_3D('',#4359,#3526,#3527);
#3236=AXIS2_PLACEMENT_3D('',#4363,#3529,#3530);
#3237=AXIS2_PLACEMENT_3D('',#4367,#3532,#3533);
#3238=AXIS2_PLACEMENT_3D('',#4369,#3534,#3535);
#3239=AXIS2_PLACEMENT_3D('',#4373,#3537,#3538);
#3240=AXIS2_PLACEMENT_3D('',#4376,#3540,#3541);
#3241=AXIS2_PLACEMENT_3D('',#4378,#3542,#3543);
#3242=AXIS2_PLACEMENT_3D('',#4381,#3545,#3546);
#3243=AXIS2_PLACEMENT_3D('',#4382,#3547,#3548);
#3244=AXIS2_PLACEMENT_3D('',#4399,#3557,#3558);
#3245=AXIS2_PLACEMENT_3D('',#4405,#3562,#3563);
#3246=AXIS2_PLACEMENT_3D('',#4411,#3567,#3568);
#3247=AXIS2_PLACEMENT_3D('',#4414,#3571,#3572);
#3248=AXIS2_PLACEMENT_3D('',#4415,#3573,#3574);
#3249=AXIS2_PLACEMENT_3D('',#4433,#3580,#3581);
#3250=AXIS2_PLACEMENT_3D('',#4451,#3587,#3588);
#3251=AXIS2_PLACEMENT_3D('',#4454,#3591,#3592);
#3252=AXIS2_PLACEMENT_3D('',#4455,#3593,#3594);
#3253=AXIS2_PLACEMENT_3D('',#4456,#3595,#3596);
#3254=AXIS2_PLACEMENT_3D('',#4457,#3597,#3598);
#3255=AXIS2_PLACEMENT_3D('',#4458,#3599,#3600);
#3256=AXIS2_PLACEMENT_3D('',#4459,#3601,#3602);
#3257=AXIS2_PLACEMENT_3D('',#4460,#3603,#3604);
#3258=AXIS2_PLACEMENT_3D('',#4461,#3605,#3606);
#3259=AXIS2_PLACEMENT_3D('',#4820,#3620,#3621);
#3260=AXIS2_PLACEMENT_3D('',#4822,#3622,#3623);
#3261=AXIS2_PLACEMENT_3D('',#4825,#3625,#3626);
#3262=AXIS2_PLACEMENT_3D('',#4826,#3627,#3628);
#3263=AXIS2_PLACEMENT_3D('',#4827,#3629,#3630);
#3264=AXIS2_PLACEMENT_3D('',#4828,#3631,#3632);
#3265=AXIS2_PLACEMENT_3D('',#4830,#3633,#3634);
#3266=AXIS2_PLACEMENT_3D('',#4833,#3636,#3637);
#3267=AXIS2_PLACEMENT_3D('',#4834,#3638,#3639);
#3268=AXIS2_PLACEMENT_3D('',#4864,#3640,#3641);
#3269=AXIS2_PLACEMENT_3D('',#4866,#3642,#3643);
#3270=AXIS2_PLACEMENT_3D('',#4868,#3644,#3645);
#3271=AXIS2_PLACEMENT_3D('',#4869,#3646,#3647);
#3272=AXIS2_PLACEMENT_3D('',#4870,#3648,#3649);
#3273=AXIS2_PLACEMENT_3D('',#4871,#3650,#3651);
#3274=AXIS2_PLACEMENT_3D('',#4873,#3652,#3653);
#3275=AXIS2_PLACEMENT_3D('',#4875,#3655,#3656);
#3276=AXIS2_PLACEMENT_3D('',#4877,#3657,#3658);
#3277=AXIS2_PLACEMENT_3D('',#4908,#3660,#3661);
#3278=AXIS2_PLACEMENT_3D('',#4910,#3662,#3663);
#3279=AXIS2_PLACEMENT_3D('',#4912,#3664,#3665);
#3280=AXIS2_PLACEMENT_3D('',#4913,#3666,#3667);
#3281=AXIS2_PLACEMENT_3D('',#4914,#3668,#3669);
#3282=AXIS2_PLACEMENT_3D('',#4915,#3670,#3671);
#3283=AXIS2_PLACEMENT_3D('',#4917,#3672,#3673);
#3284=AXIS2_PLACEMENT_3D('',#4919,#3675,#3676);
#3285=AXIS2_PLACEMENT_3D('',#4921,#3677,#3678);
#3286=AXIS2_PLACEMENT_3D('',#4952,#3680,#3681);
#3287=AXIS2_PLACEMENT_3D('',#4954,#3682,#3683);
#3288=AXIS2_PLACEMENT_3D('',#4956,#3684,#3685);
#3289=AXIS2_PLACEMENT_3D('',#4957,#3686,#3687);
#3290=AXIS2_PLACEMENT_3D('',#4958,#3688,#3689);
#3291=AXIS2_PLACEMENT_3D('',#4959,#3690,#3691);
#3292=AXIS2_PLACEMENT_3D('',#4961,#3692,#3693);
#3293=AXIS2_PLACEMENT_3D('',#4963,#3695,#3696);
#3294=AXIS2_PLACEMENT_3D('',#4965,#3697,#3698);
#3295=AXIS2_PLACEMENT_3D('',#4996,#3700,#3701);
#3296=AXIS2_PLACEMENT_3D('',#4998,#3702,#3703);
#3297=AXIS2_PLACEMENT_3D('',#5000,#3704,#3705);
#3298=AXIS2_PLACEMENT_3D('',#5001,#3706,#3707);
#3299=AXIS2_PLACEMENT_3D('',#5002,#3708,#3709);
#3300=AXIS2_PLACEMENT_3D('',#5003,#3710,#3711);
#3301=AXIS2_PLACEMENT_3D('',#5005,#3712,#3713);
#3302=AXIS2_PLACEMENT_3D('',#5007,#3715,#3716);
#3303=AXIS2_PLACEMENT_3D('',#5009,#3717,#3718);
#3304=AXIS2_PLACEMENT_3D('',#5011,#3720,#3721);
#3305=AXIS2_PLACEMENT_3D('',#5012,#3722,#3723);
#3306=AXIS2_PLACEMENT_3D('',#5013,#3724,#3725);
#3307=AXIS2_PLACEMENT_3D('',#5014,#3726,#3727);
#3308=AXIS2_PLACEMENT_3D('',#5037,#3730,#3731);
#3309=AXIS2_PLACEMENT_3D('',#5046,#3732,#3733);
#3310=AXIS2_PLACEMENT_3D('',#5048,#3734,#3735);
#3311=AXIS2_PLACEMENT_3D('',#5050,#3736,#3737);
#3312=AXIS2_PLACEMENT_3D('',#5052,#3738,#3739);
#3313=AXIS2_PLACEMENT_3D('',#5054,#3740,#3741);
#3314=AXIS2_PLACEMENT_3D('',#5056,#3742,#3743);
#3315=AXIS2_PLACEMENT_3D('',#5058,#3744,#3745);
#3316=AXIS2_PLACEMENT_3D('',#5068,#3750,#3751);
#3317=AXIS2_PLACEMENT_3D('',#5069,#3752,#3753);
#3318=AXIS2_PLACEMENT_3D('',#5071,#3754,#3755);
#3319=AXIS2_PLACEMENT_3D('',#5073,#3757,#3758);
#3320=AXIS2_PLACEMENT_3D('',#5075,#3759,#3760);
#3321=AXIS2_PLACEMENT_3D('',#5077,#3762,#3763);
#3322=AXIS2_PLACEMENT_3D('',#5079,#3764,#3765);
#3323=AXIS2_PLACEMENT_3D('',#5081,#3767,#3768);
#3324=AXIS2_PLACEMENT_3D('',#5083,#3769,#3770);
#3325=AXIS2_PLACEMENT_3D('',#5085,#3772,#3773);
#3326=AXIS2_PLACEMENT_3D('',#5087,#3774,#3775);
#3327=AXIS2_PLACEMENT_3D('',#5088,#3776,#3777);
#3328=AXIS2_PLACEMENT_3D('',#5090,#3778,#3779);
#3329=AXIS2_PLACEMENT_3D('',#5091,#3780,#3781);
#3330=AXIS2_PLACEMENT_3D('',#5093,#3782,#3783);
#3331=AXIS2_PLACEMENT_3D('',#5094,#3784,#3785);
#3332=AXIS2_PLACEMENT_3D('',#5158,#3794,#3795);
#3333=AXIS2_PLACEMENT_3D('',#5161,#3796,#3797);
#3334=AXIS2_PLACEMENT_3D('',#5165,#3799,#3800);
#3335=AXIS2_PLACEMENT_3D('',#5167,#3802,#3803);
#3336=AXIS2_PLACEMENT_3D('',#5173,#3806,#3807);
#3337=AXIS2_PLACEMENT_3D('',#5175,#3809,#3810);
#3338=AXIS2_PLACEMENT_3D('',#5233,#3815,#3816);
#3339=AXIS2_PLACEMENT_3D('',#5243,#3821,#3822);
#3340=AXIS2_PLACEMENT_3D('',#5245,#3823,#3824);
#3341=AXIS2_PLACEMENT_3D('',#5247,#3825,#3826);
#3342=AXIS2_PLACEMENT_3D('',#5250,#3827,#3828);
#3343=AXIS2_PLACEMENT_3D('',#5252,#3829,#3830);
#3344=AXIS2_PLACEMENT_3D('',#5254,#3831,#3832);
#3345=AXIS2_PLACEMENT_3D('',#5258,#3834,#3835);
#3346=AXIS2_PLACEMENT_3D('',#5262,#3837,#3838);
#3347=AXIS2_PLACEMENT_3D('',#5264,#3839,#3840);
#3348=AXIS2_PLACEMENT_3D('',#5266,#3841,#3842);
#3349=AXIS2_PLACEMENT_3D('',#5268,#3843,#3844);
#3350=AXIS2_PLACEMENT_3D('',#5270,#3845,#3846);
#3351=AXIS2_PLACEMENT_3D('',#5272,#3847,#3848);
#3352=AXIS2_PLACEMENT_3D('',#5274,#3849,#3850);
#3353=AXIS2_PLACEMENT_3D('',#5278,#3852,#3853);
#3354=AXIS2_PLACEMENT_3D('',#5288,#3860,#3861);
#3355=AXIS2_PLACEMENT_3D('',#5292,#3864,#3865);
#3356=AXIS2_PLACEMENT_3D('',#5296,#3868,#3869);
#3357=AXIS2_PLACEMENT_3D('',#5300,#3871,#3872);
#3358=AXIS2_PLACEMENT_3D('',#5302,#3874,#3875);
#3359=AXIS2_PLACEMENT_3D('',#5305,#3877,#3878);
#3360=AXIS2_PLACEMENT_3D('',#5306,#3879,#3880);
#3361=AXIS2_PLACEMENT_3D('',#5309,#3881,#3882);
#3362=AXIS2_PLACEMENT_3D('',#5313,#3884,#3885);
#3363=AXIS2_PLACEMENT_3D('',#5315,#3886,#3887);
#3364=AXIS2_PLACEMENT_3D('',#5317,#3888,#3889);
#3365=AXIS2_PLACEMENT_3D('',#5319,#3891,#3892);
#3366=AXIS2_PLACEMENT_3D('',#5321,#3893,#3894);
#3367=AXIS2_PLACEMENT_3D('',#5324,#3897,#3898);
#3368=AXIS2_PLACEMENT_3D('',#5327,#3901,#3902);
#3369=AXIS2_PLACEMENT_3D('',#5329,#3904,#3905);
#3370=AXIS2_PLACEMENT_3D('',#5331,#3906,#3907);
#3371=AXIS2_PLACEMENT_3D('',#5335,#3910,#3911);
#3372=AXIS2_PLACEMENT_3D('',#5337,#3913,#3914);
#3373=AXIS2_PLACEMENT_3D('',#5341,#3917,#3918);
#3374=AXIS2_PLACEMENT_3D('',#5342,#3919,#3920);
#3375=AXIS2_PLACEMENT_3D('',#5344,#3922,#3923);
#3376=AXIS2_PLACEMENT_3D('',#5346,#3925,#3926);
#3377=AXIS2_PLACEMENT_3D('',#5347,#3927,#3928);
#3378=AXIS2_PLACEMENT_3D('',#5349,#3930,#3931);
#3379=AXIS2_PLACEMENT_3D('',#5484,#3938,#3939);
#3380=AXIS2_PLACEMENT_3D('',#5487,#3942,#3943);
#3381=AXIS2_PLACEMENT_3D('',#5500,#3948,#3949);
#3382=AXIS2_PLACEMENT_3D('',#5550,#3955,#3956);
#3383=AXIS2_PLACEMENT_3D('',#5551,#3957,#3958);
#3384=AXIS2_PLACEMENT_3D('',#5562,#3961,#3962);
#3385=AXIS2_PLACEMENT_3D('',#5563,#3963,#3964);
#3386=AXIS2_PLACEMENT_3D('',#5581,#3965,#3966);
#3387=AXIS2_PLACEMENT_3D('',#5590,#3967,#3968);
#3388=AXIS2_PLACEMENT_3D('',#5606,#3969,#3970);
#3389=AXIS2_PLACEMENT_3D('',#5607,#3971,#3972);
#3390=AXIS2_PLACEMENT_3D('',#5609,#3973,#3974);
#3391=AXIS2_PLACEMENT_3D('',#5612,#3976,#3977);
#3392=AXIS2_PLACEMENT_3D('',#5613,#3978,#3979);
#3393=AXIS2_PLACEMENT_3D('',#5615,#3980,#3981);
#3394=AXIS2_PLACEMENT_3D('',#5617,#3982,#3983);
#3395=AXIS2_PLACEMENT_3D('',#5618,#3984,#3985);
#3396=AXIS2_PLACEMENT_3D('',#5619,#3986,#3987);
#3397=AXIS2_PLACEMENT_3D('',#5626,#3988,#3989);
#3398=AXIS2_PLACEMENT_3D('',#5627,#3990,#3991);
#3399=AXIS2_PLACEMENT_3D('',#5640,#3992,#3993);
#3400=AXIS2_PLACEMENT_3D('',#5643,#3995,#3996);
#3401=AXIS2_PLACEMENT_3D('',#5644,#3997,#3998);
#3402=AXIS2_PLACEMENT_3D('',#5645,#3999,#4000);
#3403=AXIS2_PLACEMENT_3D('',#5653,#4001,#4002);
#3404=AXIS2_PLACEMENT_3D('',#5654,#4003,#4004);
#3405=AXIS2_PLACEMENT_3D('',#5655,#4005,#4006);
#3406=AXIS2_PLACEMENT_3D('',#5656,#4007,#4008);
#3407=AXIS2_PLACEMENT_3D('',#5679,#4009,#4010);
#3408=AXIS2_PLACEMENT_3D('',#5687,#4011,#4012);
#3409=AXIS2_PLACEMENT_3D('',#5688,#4013,#4014);
#3410=AXIS2_PLACEMENT_3D('',#5690,#4015,#4016);
#3411=AXIS2_PLACEMENT_3D('',#5693,#4018,#4019);
#3412=AXIS2_PLACEMENT_3D('',#5694,#4020,#4021);
#3413=AXIS2_PLACEMENT_3D('',#5696,#4022,#4023);
#3414=AXIS2_PLACEMENT_3D('',#5698,#4024,#4025);
#3415=AXIS2_PLACEMENT_3D('',#5700,#4027,#4028);
#3416=AXIS2_PLACEMENT_3D('',#5707,#4029,#4030);
#3417=AXIS2_PLACEMENT_3D('',#5708,#4031,#4032);
#3418=AXIS2_PLACEMENT_3D('',#5709,#4033,#4034);
#3419=AXIS2_PLACEMENT_3D('',#5710,#4035,#4036);
#3420=AXIS2_PLACEMENT_3D('',#5711,#4037,#4038);
#3421=AXIS2_PLACEMENT_3D('',#5718,#4039,#4040);
#3422=AXIS2_PLACEMENT_3D('',#5729,#4046,#4047);
#3423=AXIS2_PLACEMENT_3D('',#5732,#4048,#4049);
#3424=AXIS2_PLACEMENT_3D('',#5736,#4052,#4053);
#3425=AXIS2_PLACEMENT_3D('',#5738,#4054,#4055);
#3426=AXIS2_PLACEMENT_3D('',#5740,#4057,#4058);
#3427=AXIS2_PLACEMENT_3D('',#5741,#4059,#4060);
#3428=AXIS2_PLACEMENT_3D('',#5743,#4062,#4063);
#3429=AXIS2_PLACEMENT_3D('',#5751,#4068,#4069);
#3430=AXIS2_PLACEMENT_3D('',#5753,#4071,#4072);
#3431=AXIS2_PLACEMENT_3D('',#5754,#4073,#4074);
#3432=AXIS2_PLACEMENT_3D('',#5765,#4080,#4081);
#3433=AXIS2_PLACEMENT_3D('',#5767,#4082,#4083);
#3434=AXIS2_PLACEMENT_3D('',#5769,#4085,#4086);
#3435=AXIS2_PLACEMENT_3D('',#5772,#4088,#4089);
#3436=AXIS2_PLACEMENT_3D('',#5773,#4090,#4091);
#3437=AXIS2_PLACEMENT_3D('',#5777,#4093,#4094);
#3438=AXIS2_PLACEMENT_3D('',#5779,#4096,#4097);
#3439=AXIS2_PLACEMENT_3D('',#5787,#4102,#4103);
#3440=AXIS2_PLACEMENT_3D('',#5788,#4104,#4105);
#3441=AXIS2_PLACEMENT_3D('',#5790,#4107,#4108);
#3442=AXIS2_PLACEMENT_3D('',#5801,#4114,#4115);
#3443=AXIS2_PLACEMENT_3D('',#5804,#4117,#4118);
#3444=AXIS2_PLACEMENT_3D('',#5805,#4119,#4120);
#3445=AXIS2_PLACEMENT_3D('',#5807,#4121,#4122);
#3446=AXIS2_PLACEMENT_3D('',#5809,#4124,#4125);
#3447=AXIS2_PLACEMENT_3D('',#5813,#4127,#4128);
#3448=AXIS2_PLACEMENT_3D('',#5815,#4130,#4131);
#3449=AXIS2_PLACEMENT_3D('',#5823,#4136,#4137);
#3450=AXIS2_PLACEMENT_3D('',#5825,#4139,#4140);
#3451=AXIS2_PLACEMENT_3D('',#5826,#4141,#4142);
#3452=AXIS2_PLACEMENT_3D('',#5837,#4148,#4149);
#3453=AXIS2_PLACEMENT_3D('',#5842,#4151,#4152);
#3454=AXIS2_PLACEMENT_3D('',#5844,#4154,#4155);
#3455=AXIS2_PLACEMENT_3D('',#5852,#4160,#4161);
#3456=AXIS2_PLACEMENT_3D('',#5854,#4162,#4163);
#3457=AXIS2_PLACEMENT_3D('',#5856,#4165,#4166);
#3458=AXIS2_PLACEMENT_3D('',#5858,#4168,#4169);
#3459=AXIS2_PLACEMENT_3D('',#5859,#4170,#4171);
#3460=AXIS2_PLACEMENT_3D('',#5860,#4172,#4173);
#3461=AXIS2_PLACEMENT_3D('',#5862,#4175,#4176);
#3462=AXIS2_PLACEMENT_3D('',#5872,#4182,#4183);
#3463=AXIS2_PLACEMENT_3D('',#5882,#4189,#4190);
#3464=AXIS2_PLACEMENT_3D('',#5883,#4191,#4192);
#3465=AXIS2_PLACEMENT_3D('',#5884,#4193,#4194);
#3466=AXIS2_PLACEMENT_3D('',#5888,#4196,#4197);
#3467=AXIS2_PLACEMENT_3D('',#5890,#4199,#4200);
#3468=AXIS2_PLACEMENT_3D('',#5900,#4206,#4207);
#3469=AXIS2_PLACEMENT_3D('',#5910,#4213,#4214);
#3470=AXIS2_PLACEMENT_3D('',#5911,#4215,#4216);
#3471=AXIS2_PLACEMENT_3D('',#5912,#4217,#4218);
#3472=AXIS2_PLACEMENT_3D('',#5917,#4221,#4222);
#3473=AXIS2_PLACEMENT_3D('',#5918,#4223,#4224);
#3474=AXIS2_PLACEMENT_3D('',#5919,#4225,#4226);
#3475=AXIS2_PLACEMENT_3D('',#5920,#4227,#4228);
#3476=AXIS2_PLACEMENT_3D('',#5928,#4233,#4234);
#3477=AXIS2_PLACEMENT_3D('',#5936,#4239,#4240);
#3478=AXIS2_PLACEMENT_3D('',#5937,#4241,#4242);
#3479=AXIS2_PLACEMENT_3D('',#5938,#4243,#4244);
#3480=AXIS2_PLACEMENT_3D('',#5939,#4245,#4246);
#3481=AXIS2_PLACEMENT_3D('',#5940,#4247,#4248);
#3482=AXIS2_PLACEMENT_3D('',#5948,#4253,#4254);
#3483=AXIS2_PLACEMENT_3D('',#5956,#4259,#4260);
#3484=AXIS2_PLACEMENT_3D('',#5957,#4261,#4262);
#3485=AXIS2_PLACEMENT_3D('',#5958,#4263,#4264);
#3486=AXIS2_PLACEMENT_3D('',#5959,#4265,#4266);
#3487=AXIS2_PLACEMENT_3D('',#5960,#4267,#4268);
#3488=AXIS2_PLACEMENT_3D('',#5961,#4269,#4270);
#3489=AXIS2_PLACEMENT_3D('',#5962,#4271,#4272);
#3490=AXIS2_PLACEMENT_3D('',#5963,#4273,#4274);
#3491=AXIS2_PLACEMENT_3D('',#5964,#4275,#4276);
#3492=AXIS2_PLACEMENT_3D('',#5965,#4277,#4278);
#3493=AXIS2_PLACEMENT_3D('',#5966,#4279,#4280);
#3494=AXIS2_PLACEMENT_3D('',#5968,#4281,#4282);
#3495=AXIS2_PLACEMENT_3D('',#5969,#4283,#4284);
#3496=AXIS2_PLACEMENT_3D('',#5970,#4285,#4286);
#3497=AXIS2_PLACEMENT_3D('',#5972,#4287,#4288);
#3498=AXIS2_PLACEMENT_3D('',#5973,#4289,#4290);
#3499=AXIS2_PLACEMENT_3D('',#5974,#4291,#4292);
#3500=AXIS2_PLACEMENT_3D('',#5976,#4293,#4294);
#3501=AXIS2_PLACEMENT_3D('',#5977,#4295,#4296);
#3502=AXIS2_PLACEMENT_3D('',#5978,#4297,#4298);
#3503=AXIS2_PLACEMENT_3D('',#5980,#4299,#4300);
#3504=AXIS2_PLACEMENT_3D('',#5981,#4301,#4302);
#3505=AXIS2_PLACEMENT_3D('',#5982,#4303,#4304);
#3506=AXIS2_PLACEMENT_3D('',#5984,#4306,#4307);
#3507=AXIS2_PLACEMENT_3D('',#5987,#4310,#4311);
#3508=AXIS2_PLACEMENT_3D('',#5989,#4313,#4314);
#3509=AXIS2_PLACEMENT_3D('',#5991,#4316,#4317);
#3510=AXIS2_PLACEMENT_3D('',#6020,#4322,#4323);
#3511=AXIS2_PLACEMENT_3D('',#6022,#4325,#4326);
#3512=AXIS2_PLACEMENT_3D('',#6023,#4327,#4328);
#3513=AXIS2_PLACEMENT_3D('',#6025,#4330,#4331);
#3514=AXIS2_PLACEMENT_3D('',#6027,#4333,#4334);
#3515=AXIS2_PLACEMENT_3D('',#6029,#4336,#4337);
#3516=AXIS2_PLACEMENT_3D('',#6031,#4339,#4340);
#3517=AXIS2_PLACEMENT_3D('',#6033,#4342,#4343);
#3518=AXIS2_PLACEMENT_3D('',#6035,#4345,#4346);
#3519=AXIS2_PLACEMENT_3D('',#6037,#4348,#4349);
#3520=AXIS2_PLACEMENT_3D('',#6039,#4351,#4352);
#3521=DIRECTION('axis',(0.,0.,1.));
#3522=DIRECTION('refdir',(1.,0.,0.));
#3523=DIRECTION('center_axis',(0.,0.,1.));
#3524=DIRECTION('ref_axis',(1.,0.,0.));
#3525=DIRECTION('',(0.,0.,1.));
#3526=DIRECTION('center_axis',(0.,0.707106781186548,0.707106781186548));
#3527=DIRECTION('ref_axis',(0.,-0.707106781186548,0.707106781186548));
#3528=DIRECTION('',(0.,0.,1.));
#3529=DIRECTION('center_axis',(0.,0.,1.));
#3530=DIRECTION('ref_axis',(1.,0.,0.));
#3531=DIRECTION('',(0.,0.,-1.));
#3532=DIRECTION('center_axis',(0.,0.707106781186548,0.707106781186548));
#3533=DIRECTION('ref_axis',(0.,-0.707106781186548,0.707106781186548));
#3534=DIRECTION('center_axis',(0.,0.707106781186548,-0.707106781186548));
#3535=DIRECTION('ref_axis',(0.,-0.707106781186548,-0.707106781186548));
#3536=DIRECTION('',(0.,0.,-1.));
#3537=DIRECTION('center_axis',(0.,0.,1.));
#3538=DIRECTION('ref_axis',(1.,0.,0.));
#3539=DIRECTION('',(0.,0.,1.));
#3540=DIRECTION('center_axis',(0.,0.,1.));
#3541=DIRECTION('ref_axis',(1.,0.,0.));
#3542=DIRECTION('center_axis',(0.,0.,1.));
#3543=DIRECTION('ref_axis',(1.,0.,0.));
#3544=DIRECTION('',(0.,0.,1.));
#3545=DIRECTION('center_axis',(0.,0.707106781186548,-0.707106781186548));
#3546=DIRECTION('ref_axis',(0.,-0.707106781186548,-0.707106781186548));
#3547=DIRECTION('center_axis',(0.,-1.,0.));
#3548=DIRECTION('ref_axis',(-1.,0.,0.));
#3549=DIRECTION('',(0.,0.,-1.));
#3550=DIRECTION('',(-1.,0.,0.));
#3551=DIRECTION('',(0.,0.,-1.));
#3552=DIRECTION('',(-1.,0.,0.));
#3553=DIRECTION('',(0.,0.,-1.));
#3554=DIRECTION('',(-1.,0.,0.));
#3555=DIRECTION('',(0.,0.,-1.));
#3556=DIRECTION('',(1.,0.,0.));
#3557=DIRECTION('center_axis',(1.,0.,0.));
#3558=DIRECTION('ref_axis',(0.,-1.,0.));
#3559=DIRECTION('',(0.,-1.,0.));
#3560=DIRECTION('',(0.,0.,-1.));
#3561=DIRECTION('',(0.,-1.,0.));
#3562=DIRECTION('center_axis',(0.,1.,0.));
#3563=DIRECTION('ref_axis',(1.,0.,0.));
#3564=DIRECTION('',(1.,0.,0.));
#3565=DIRECTION('',(0.,0.,-1.));
#3566=DIRECTION('',(1.,0.,0.));
#3567=DIRECTION('center_axis',(-1.,0.,0.));
#3568=DIRECTION('ref_axis',(0.,1.,0.));
#3569=DIRECTION('',(0.,1.,0.));
#3570=DIRECTION('',(0.,1.,0.));
#3571=DIRECTION('center_axis',(0.,0.,-1.));
#3572=DIRECTION('ref_axis',(-1.,0.,0.));
#3573=DIRECTION('center_axis',(1.,0.,0.));
#3574=DIRECTION('ref_axis',(0.,-1.,0.));
#3575=DIRECTION('',(0.,-1.,0.));
#3576=DIRECTION('',(0.,-1.,0.));
#3577=DIRECTION('',(0.,0.,-1.));
#3578=DIRECTION('',(0.,-1.,0.));
#3579=DIRECTION('',(0.,-1.,0.));
#3580=DIRECTION('center_axis',(-1.,0.,0.));
#3581=DIRECTION('ref_axis',(0.,1.,0.));
#3582=DIRECTION('',(0.,1.,0.));
#3583=DIRECTION('',(0.,1.,0.));
#3584=DIRECTION('',(0.,0.,-1.));
#3585=DIRECTION('',(0.,1.,0.));
#3586=DIRECTION('',(0.,1.,0.));
#3587=DIRECTION('center_axis',(0.,-1.,0.));
#3588=DIRECTION('ref_axis',(-1.,0.,0.));
#3589=DIRECTION('',(-1.,0.,0.));
#3590=DIRECTION('',(-1.,0.,0.));
#3591=DIRECTION('center_axis',(0.,0.,-1.));
#3592=DIRECTION('ref_axis',(-1.,0.,0.));
#3593=DIRECTION('center_axis',(0.,0.,1.));
#3594=DIRECTION('ref_axis',(-1.,0.,0.));
#3595=DIRECTION('center_axis',(0.,0.,-1.));
#3596=DIRECTION('ref_axis',(-1.,0.,0.));
#3597=DIRECTION('center_axis',(0.,0.,-1.));
#3598=DIRECTION('ref_axis',(-1.,0.,0.));
#3599=DIRECTION('center_axis',(0.,0.,1.));
#3600=DIRECTION('ref_axis',(-1.,0.,0.));
#3601=DIRECTION('center_axis',(0.,0.,-1.));
#3602=DIRECTION('ref_axis',(-1.,0.,0.));
#3603=DIRECTION('center_axis',(0.,0.,1.));
#3604=DIRECTION('ref_axis',(1.,1.22464679914735E-16,0.));
#3605=DIRECTION('center_axis',(0.,0.,-1.));
#3606=DIRECTION('ref_axis',(-1.,0.,0.));
#3607=DIRECTION('',(0.,0.,1.));
#3608=DIRECTION('',(0.,0.,1.));
#3609=DIRECTION('',(0.,0.,1.));
#3610=DIRECTION('',(0.,0.,1.));
#3611=DIRECTION('',(0.,0.,1.));
#3612=DIRECTION('',(0.,0.,1.));
#3613=DIRECTION('',(0.,0.,1.));
#3614=DIRECTION('',(0.,0.,1.));
#3615=DIRECTION('',(0.,0.,1.));
#3616=DIRECTION('',(0.,0.,1.));
#3617=DIRECTION('',(0.,0.,-1.));
#3618=DIRECTION('',(0.,0.,1.));
#3619=DIRECTION('',(0.,0.,-1.));
#3620=DIRECTION('center_axis',(0.,0.,1.));
#3621=DIRECTION('ref_axis',(-1.,0.,0.));
#3622=DIRECTION('center_axis',(0.,0.,-1.));
#3623=DIRECTION('ref_axis',(-1.,0.,0.));
#3624=DIRECTION('',(0.707106781186547,8.65956056235492E-17,0.707106781186548));
#3625=DIRECTION('center_axis',(0.,0.,-1.));
#3626=DIRECTION('ref_axis',(-1.,0.,0.));
#3627=DIRECTION('center_axis',(0.,0.,1.));
#3628=DIRECTION('ref_axis',(-1.,0.,0.));
#3629=DIRECTION('center_axis',(0.,0.,1.));
#3630=DIRECTION('ref_axis',(-1.,0.,0.));
#3631=DIRECTION('center_axis',(0.,0.,1.));
#3632=DIRECTION('ref_axis',(-1.,0.,0.));
#3633=DIRECTION('center_axis',(0.,0.,-1.));
#3634=DIRECTION('ref_axis',(-1.,0.,0.));
#3635=DIRECTION('',(0.707106781186547,8.65956056235492E-17,0.707106781186548));
#3636=DIRECTION('center_axis',(0.,0.,-1.));
#3637=DIRECTION('ref_axis',(-1.,0.,0.));
#3638=DIRECTION('center_axis',(0.,0.,1.));
#3639=DIRECTION('ref_axis',(-1.,0.,0.));
#3640=DIRECTION('center_axis',(0.,0.,1.));
#3641=DIRECTION('ref_axis',(-1.,0.,0.));
#3642=DIRECTION('center_axis',(1.22464679913562E-16,-1.,-7.54626171001562E-15));
#3643=DIRECTION('ref_axis',(-1.,-1.22464679914735E-16,1.55431223447525E-13));
#3644=DIRECTION('center_axis',(0.,0.,-1.));
#3645=DIRECTION('ref_axis',(-1.,-6.12323399573674E-17,0.));
#3646=DIRECTION('center_axis',(0.,0.,-1.));
#3647=DIRECTION('ref_axis',(-1.,-6.12323399573674E-17,0.));
#3648=DIRECTION('center_axis',(0.,0.,1.));
#3649=DIRECTION('ref_axis',(-1.,0.,0.));
#3650=DIRECTION('center_axis',(0.,0.,1.));
#3651=DIRECTION('ref_axis',(-1.,0.,0.));
#3652=DIRECTION('center_axis',(0.,0.,-1.));
#3653=DIRECTION('ref_axis',(-1.,0.,0.));
#3654=DIRECTION('',(0.707106781186547,8.65956056235493E-17,0.707106781186548));
#3655=DIRECTION('center_axis',(0.,0.,-1.));
#3656=DIRECTION('ref_axis',(-1.,0.,0.));
#3657=DIRECTION('center_axis',(0.,0.,-1.));
#3658=DIRECTION('ref_axis',(-1.,0.,0.));
#3659=DIRECTION('',(0.,0.,-1.));
#3660=DIRECTION('center_axis',(0.,0.,1.));
#3661=DIRECTION('ref_axis',(-1.,0.,0.));
#3662=DIRECTION('center_axis',(1.22464679913965E-16,-1.,-1.73322070659559E-14));
#3663=DIRECTION('ref_axis',(-1.,-1.22464679914735E-16,4.44089209850072E-14));
#3664=DIRECTION('center_axis',(0.,0.,-1.));
#3665=DIRECTION('ref_axis',(-1.,-6.12323399573674E-17,0.));
#3666=DIRECTION('center_axis',(0.,0.,-1.));
#3667=DIRECTION('ref_axis',(-1.,-6.12323399573674E-17,0.));
#3668=DIRECTION('center_axis',(0.,0.,1.));
#3669=DIRECTION('ref_axis',(-1.,0.,0.));
#3670=DIRECTION('center_axis',(0.,0.,1.));
#3671=DIRECTION('ref_axis',(-1.,0.,0.));
#3672=DIRECTION('center_axis',(0.,0.,-1.));
#3673=DIRECTION('ref_axis',(-1.,0.,0.));
#3674=DIRECTION('',(0.707106781186547,8.65956056235493E-17,0.707106781186548));
#3675=DIRECTION('center_axis',(0.,0.,-1.));
#3676=DIRECTION('ref_axis',(-1.,0.,0.));
#3677=DIRECTION('center_axis',(0.,0.,-1.));
#3678=DIRECTION('ref_axis',(-1.,0.,0.));
#3679=DIRECTION('',(0.,0.,-1.));
#3680=DIRECTION('center_axis',(0.,0.,1.));
#3681=DIRECTION('ref_axis',(-1.,0.,0.));
#3682=DIRECTION('center_axis',(-7.69704614087611E-28,-1.,-1.73322070659513E-14));
#3683=DIRECTION('ref_axis',(-1.,0.,4.44089209850071E-14));
#3684=DIRECTION('center_axis',(0.,1.3589990236205E-14,-1.));
#3685=DIRECTION('ref_axis',(-1.,0.,0.));
#3686=DIRECTION('center_axis',(0.,1.3589990236205E-14,-1.));
#3687=DIRECTION('ref_axis',(-1.,0.,0.));
#3688=DIRECTION('center_axis',(0.,0.,1.));
#3689=DIRECTION('ref_axis',(-1.,0.,0.));
#3690=DIRECTION('center_axis',(0.,0.,1.));
#3691=DIRECTION('ref_axis',(-1.,0.,0.));
#3692=DIRECTION('center_axis',(0.,0.,-1.));
#3693=DIRECTION('ref_axis',(-1.,0.,0.));
#3694=DIRECTION('',(0.707106781186549,8.65956056235496E-17,0.707106781186546));
#3695=DIRECTION('center_axis',(0.,0.,-1.));
#3696=DIRECTION('ref_axis',(-1.,0.,0.));
#3697=DIRECTION('center_axis',(0.,0.,-1.));
#3698=DIRECTION('ref_axis',(-1.,0.,0.));
#3699=DIRECTION('',(0.,0.,-1.));
#3700=DIRECTION('center_axis',(0.,0.,1.));
#3701=DIRECTION('ref_axis',(-1.,0.,0.));
#3702=DIRECTION('center_axis',(-1.11707113337412E-28,-1.,-2.51542057000494E-15));
#3703=DIRECTION('ref_axis',(-1.,0.,4.44089209850073E-14));
#3704=DIRECTION('center_axis',(0.,1.3589990236205E-14,-1.));
#3705=DIRECTION('ref_axis',(-1.,0.,0.));
#3706=DIRECTION('center_axis',(0.,1.3589990236205E-14,-1.));
#3707=DIRECTION('ref_axis',(-1.,0.,0.));
#3708=DIRECTION('center_axis',(0.,0.,1.));
#3709=DIRECTION('ref_axis',(-1.,0.,0.));
#3710=DIRECTION('center_axis',(0.,0.,1.));
#3711=DIRECTION('ref_axis',(-1.,0.,0.));
#3712=DIRECTION('center_axis',(0.,0.,-1.));
#3713=DIRECTION('ref_axis',(-1.,0.,0.));
#3714=DIRECTION('',(0.707106781186549,8.65956056235496E-17,0.707106781186546));
#3715=DIRECTION('center_axis',(0.,0.,-1.));
#3716=DIRECTION('ref_axis',(-1.,0.,0.));
#3717=DIRECTION('center_axis',(0.,0.,-1.));
#3718=DIRECTION('ref_axis',(-1.,0.,0.));
#3719=DIRECTION('',(0.,0.,-1.));
#3720=DIRECTION('center_axis',(0.,0.,1.));
#3721=DIRECTION('ref_axis',(-1.,0.,0.));
#3722=DIRECTION('center_axis',(0.,0.,1.));
#3723=DIRECTION('ref_axis',(-1.,0.,0.));
#3724=DIRECTION('center_axis',(0.,0.,1.));
#3725=DIRECTION('ref_axis',(-1.,0.,0.));
#3726=DIRECTION('center_axis',(0.,0.,1.));
#3727=DIRECTION('ref_axis',(-1.,0.,0.));
#3728=DIRECTION('',(0.,0.,1.));
#3729=DIRECTION('',(0.,0.,1.));
#3730=DIRECTION('center_axis',(0.,0.,1.));
#3731=DIRECTION('ref_axis',(1.,0.,0.));
#3732=DIRECTION('center_axis',(0.,0.,-1.));
#3733=DIRECTION('ref_axis',(1.,0.,0.));
#3734=DIRECTION('center_axis',(0.,0.,-1.));
#3735=DIRECTION('ref_axis',(1.,0.,0.));
#3736=DIRECTION('center_axis',(0.,0.,-1.));
#3737=DIRECTION('ref_axis',(1.,0.,0.));
#3738=DIRECTION('center_axis',(0.,0.,-1.));
#3739=DIRECTION('ref_axis',(1.,0.,0.));
#3740=DIRECTION('center_axis',(0.,0.,-1.));
#3741=DIRECTION('ref_axis',(1.,0.,0.));
#3742=DIRECTION('center_axis',(0.,0.,-1.));
#3743=DIRECTION('ref_axis',(1.,0.,0.));
#3744=DIRECTION('center_axis',(0.,0.,-1.));
#3745=DIRECTION('ref_axis',(1.,0.,0.));
#3746=DIRECTION('',(1.,1.11022302462516E-16,0.));
#3747=DIRECTION('',(0.,-1.,0.));
#3748=DIRECTION('',(-1.,0.,0.));
#3749=DIRECTION('',(0.,-1.,0.));
#3750=DIRECTION('center_axis',(0.,0.,-1.));
#3751=DIRECTION('ref_axis',(1.,0.,0.));
#3752=DIRECTION('center_axis',(0.,0.,1.));
#3753=DIRECTION('ref_axis',(1.,0.,0.));
#3754=DIRECTION('center_axis',(0.,0.,1.));
#3755=DIRECTION('ref_axis',(1.,0.,0.));
#3756=DIRECTION('',(0.,0.,1.));
#3757=DIRECTION('center_axis',(0.,0.,1.));
#3758=DIRECTION('ref_axis',(1.,0.,0.));
#3759=DIRECTION('center_axis',(0.,0.,1.));
#3760=DIRECTION('ref_axis',(1.,0.,0.));
#3761=DIRECTION('',(0.,0.,1.));
#3762=DIRECTION('center_axis',(0.,0.,1.));
#3763=DIRECTION('ref_axis',(1.,0.,0.));
#3764=DIRECTION('center_axis',(0.,0.,1.));
#3765=DIRECTION('ref_axis',(1.,0.,0.));
#3766=DIRECTION('',(0.,0.,1.));
#3767=DIRECTION('center_axis',(0.,0.,1.));
#3768=DIRECTION('ref_axis',(1.,0.,0.));
#3769=DIRECTION('center_axis',(0.,0.,1.));
#3770=DIRECTION('ref_axis',(1.,0.,0.));
#3771=DIRECTION('',(0.,0.,1.));
#3772=DIRECTION('center_axis',(0.,0.,1.));
#3773=DIRECTION('ref_axis',(1.,0.,0.));
#3774=DIRECTION('center_axis',(0.,0.,1.));
#3775=DIRECTION('ref_axis',(1.,0.,0.));
#3776=DIRECTION('center_axis',(0.,0.,1.));
#3777=DIRECTION('ref_axis',(1.,0.,0.));
#3778=DIRECTION('center_axis',(0.,0.,1.));
#3779=DIRECTION('ref_axis',(1.,0.,0.));
#3780=DIRECTION('center_axis',(0.,0.,1.));
#3781=DIRECTION('ref_axis',(1.,0.,0.));
#3782=DIRECTION('center_axis',(0.,0.,1.));
#3783=DIRECTION('ref_axis',(1.,0.,0.));
#3784=DIRECTION('center_axis',(0.,0.,1.));
#3785=DIRECTION('ref_axis',(1.,0.,0.));
#3786=DIRECTION('',(0.,0.,-1.));
#3787=DIRECTION('',(0.,0.,-1.));
#3788=DIRECTION('',(0.,0.,1.));
#3789=DIRECTION('',(0.,0.,1.));
#3790=DIRECTION('',(0.,0.,1.));
#3791=DIRECTION('',(0.,0.,1.));
#3792=DIRECTION('',(0.,0.,-1.));
#3793=DIRECTION('',(0.,0.,1.));
#3794=DIRECTION('center_axis',(0.,0.,-1.));
#3795=DIRECTION('ref_axis',(1.,0.,0.));
#3796=DIRECTION('center_axis',(0.,0.,1.));
#3797=DIRECTION('ref_axis',(1.,0.,0.));
#3798=DIRECTION('',(0.,0.,-1.));
#3799=DIRECTION('center_axis',(0.,0.,1.));
#3800=DIRECTION('ref_axis',(1.,0.,0.));
#3801=DIRECTION('',(0.,0.,1.));
#3802=DIRECTION('center_axis',(0.,1.,0.));
#3803=DIRECTION('ref_axis',(1.,0.,0.));
#3804=DIRECTION('',(-1.,0.,0.));
#3805=DIRECTION('',(0.,0.,-1.));
#3806=DIRECTION('center_axis',(0.,-1.,0.));
#3807=DIRECTION('ref_axis',(1.,0.,0.));
#3808=DIRECTION('',(1.,0.,0.));
#3809=DIRECTION('center_axis',(0.,0.,1.));
#3810=DIRECTION('ref_axis',(1.,0.,0.));
#3811=DIRECTION('',(-9.63533043424693E-16,1.,0.));
#3812=DIRECTION('',(0.,-1.,0.));
#3813=DIRECTION('',(1.68988989403995E-15,-1.,0.));
#3814=DIRECTION('',(-1.69017636061086E-15,1.,0.));
#3815=DIRECTION('center_axis',(0.,0.,1.));
#3816=DIRECTION('ref_axis',(1.,0.,0.));
#3817=DIRECTION('',(-1.,-1.11022302462516E-16,0.));
#3818=DIRECTION('',(0.,1.,0.));
#3819=DIRECTION('',(1.,0.,0.));
#3820=DIRECTION('',(0.,1.,0.));
#3821=DIRECTION('center_axis',(0.,0.,1.));
#3822=DIRECTION('ref_axis',(1.,0.,0.));
#3823=DIRECTION('center_axis',(0.,0.,1.));
#3824=DIRECTION('ref_axis',(1.,0.,0.));
#3825=DIRECTION('center_axis',(0.,0.,1.));
#3826=DIRECTION('ref_axis',(1.,0.,0.));
#3827=DIRECTION('center_axis',(0.,0.,-1.));
#3828=DIRECTION('ref_axis',(1.,0.,0.));
#3829=DIRECTION('center_axis',(0.,0.,1.));
#3830=DIRECTION('ref_axis',(1.,0.,0.));
#3831=DIRECTION('center_axis',(0.,0.,-1.));
#3832=DIRECTION('ref_axis',(1.,0.,0.));
#3833=DIRECTION('',(0.,1.,0.));
#3834=DIRECTION('center_axis',(0.,0.,1.));
#3835=DIRECTION('ref_axis',(1.,0.,0.));
#3836=DIRECTION('',(0.,1.,0.));
#3837=DIRECTION('center_axis',(0.,0.,-1.));
#3838=DIRECTION('ref_axis',(1.,0.,0.));
#3839=DIRECTION('center_axis',(0.,0.,1.));
#3840=DIRECTION('ref_axis',(1.,0.,0.));
#3841=DIRECTION('center_axis',(0.,0.,1.));
#3842=DIRECTION('ref_axis',(1.,0.,0.));
#3843=DIRECTION('center_axis',(0.,0.,-1.));
#3844=DIRECTION('ref_axis',(1.,0.,0.));
#3845=DIRECTION('center_axis',(0.,0.,1.));
#3846=DIRECTION('ref_axis',(1.,0.,0.));
#3847=DIRECTION('center_axis',(0.,0.,1.));
#3848=DIRECTION('ref_axis',(1.,0.,0.));
#3849=DIRECTION('center_axis',(0.,0.,-1.));
#3850=DIRECTION('ref_axis',(1.,0.,0.));
#3851=DIRECTION('',(0.,-1.,0.));
#3852=DIRECTION('center_axis',(0.,0.,1.));
#3853=DIRECTION('ref_axis',(1.,0.,0.));
#3854=DIRECTION('',(0.,-1.,0.));
#3855=DIRECTION('',(-1.,0.,0.));
#3856=DIRECTION('',(6.96064592241477E-15,-1.,0.));
#3857=DIRECTION('',(1.,0.,0.));
#3858=DIRECTION('',(1.,0.,0.));
#3859=DIRECTION('',(-8.35277510689773E-15,1.,0.));
#3860=DIRECTION('center_axis',(0.,-1.,0.));
#3861=DIRECTION('ref_axis',(-1.,0.,0.));
#3862=DIRECTION('',(1.,0.,0.));
#3863=DIRECTION('',(0.,0.,-1.));
#3864=DIRECTION('center_axis',(0.,-0.707106781186548,0.707106781186548));
#3865=DIRECTION('ref_axis',(-1.,0.,0.));
#3866=DIRECTION('',(1.,0.,0.));
#3867=DIRECTION('',(-0.577350269189626,-0.577350269189626,-0.577350269189626));
#3868=DIRECTION('center_axis',(0.,-0.707106781186548,-0.707106781186548));
#3869=DIRECTION('ref_axis',(1.,0.,0.));
#3870=DIRECTION('',(-1.,0.,0.));
#3871=DIRECTION('center_axis',(0.,0.707106781186548,0.707106781186548));
#3872=DIRECTION('ref_axis',(0.,0.707106781186548,-0.707106781186548));
#3873=DIRECTION('',(-0.577350269189626,-0.577350269189626,0.577350269189626));
#3874=DIRECTION('center_axis',(0.,-1.,0.));
#3875=DIRECTION('ref_axis',(-1.,0.,0.));
#3876=DIRECTION('',(-1.,0.,0.));
#3877=DIRECTION('center_axis',(0.,1.,0.));
#3878=DIRECTION('ref_axis',(1.,0.,0.));
#3879=DIRECTION('center_axis',(0.,1.,0.));
#3880=DIRECTION('ref_axis',(1.,0.,0.));
#3881=DIRECTION('center_axis',(0.,-1.,0.));
#3882=DIRECTION('ref_axis',(1.,0.,0.));
#3883=DIRECTION('',(0.,1.,0.));
#3884=DIRECTION('center_axis',(0.,1.,0.));
#3885=DIRECTION('ref_axis',(1.,0.,0.));
#3886=DIRECTION('center_axis',(0.,0.707106781186548,0.707106781186548));
#3887=DIRECTION('ref_axis',(0.,0.707106781186548,-0.707106781186548));
#3888=DIRECTION('center_axis',(0.707106781186548,0.707106781186547,0.));
#3889=DIRECTION('ref_axis',(0.707106781186547,-0.707106781186548,0.));
#3890=DIRECTION('',(0.,-1.,0.));
#3891=DIRECTION('center_axis',(0.,1.,0.));
#3892=DIRECTION('ref_axis',(1.,0.,0.));
#3893=DIRECTION('center_axis',(-0.707106781186548,0.707106781186547,0.));
#3894=DIRECTION('ref_axis',(0.707106781186547,0.707106781186548,0.));
#3895=DIRECTION('',(0.,-1.,0.));
#3896=DIRECTION('',(0.,1.,0.));
#3897=DIRECTION('center_axis',(0.,0.,-1.));
#3898=DIRECTION('ref_axis',(-1.,0.,0.));
#3899=DIRECTION('',(-1.,0.,0.));
#3900=DIRECTION('',(1.,0.,0.));
#3901=DIRECTION('center_axis',(0.,-1.,0.));
#3902=DIRECTION('ref_axis',(-1.,0.,0.));
#3903=DIRECTION('',(-1.,0.,0.));
#3904=DIRECTION('center_axis',(0.,-0.707106781186548,-0.707106781186548));
#3905=DIRECTION('ref_axis',(1.,0.,0.));
#3906=DIRECTION('center_axis',(0.,0.707106781186548,0.707106781186548));
#3907=DIRECTION('ref_axis',(0.,-0.707106781186548,0.707106781186548));
#3908=DIRECTION('',(1.,0.,0.));
#3909=DIRECTION('',(0.577350269189626,-0.577350269189626,0.577350269189626));
#3910=DIRECTION('center_axis',(0.707106781186548,-0.707106781186547,0.));
#3911=DIRECTION('ref_axis',(0.,0.,1.));
#3912=DIRECTION('',(0.,0.,-1.));
#3913=DIRECTION('center_axis',(-0.707106781186548,-0.707106781186547,0.));
#3914=DIRECTION('ref_axis',(0.,0.,-1.));
#3915=DIRECTION('',(0.577350269189626,-0.577350269189626,-0.577350269189626));
#3916=DIRECTION('',(0.,0.,-1.));
#3917=DIRECTION('center_axis',(0.,-0.707106781186548,0.707106781186548));
#3918=DIRECTION('ref_axis',(-1.,0.,0.));
#3919=DIRECTION('center_axis',(0.,0.707106781186548,-0.707106781186548));
#3920=DIRECTION('ref_axis',(0.,-0.707106781186548,-0.707106781186548));
#3921=DIRECTION('',(1.,0.,0.));
#3922=DIRECTION('center_axis',(0.,-1.,0.));
#3923=DIRECTION('ref_axis',(-1.,0.,0.));
#3924=DIRECTION('',(0.,0.,-1.));
#3925=DIRECTION('center_axis',(1.,8.35277510689773E-15,0.));
#3926=DIRECTION('ref_axis',(8.35277510689773E-15,-1.,0.));
#3927=DIRECTION('center_axis',(0.,1.,0.));
#3928=DIRECTION('ref_axis',(1.,0.,0.));
#3929=DIRECTION('',(0.,0.,-1.));
#3930=DIRECTION('center_axis',(-1.,-6.96064592241478E-15,0.));
#3931=DIRECTION('ref_axis',(-6.96064592241478E-15,1.,0.));
#3932=DIRECTION('',(0.,0.,-1.));
#3933=DIRECTION('',(0.,0.,-1.));
#3934=DIRECTION('',(0.,0.,-1.));
#3935=DIRECTION('',(0.,0.,-1.));
#3936=DIRECTION('',(0.,0.,-1.));
#3937=DIRECTION('',(0.,0.,-1.));
#3938=DIRECTION('center_axis',(0.,0.,-1.));
#3939=DIRECTION('ref_axis',(-1.,0.,0.));
#3940=DIRECTION('',(-1.68988989403995E-15,1.,0.));
#3941=DIRECTION('',(1.69017636061086E-15,-1.,0.));
#3942=DIRECTION('center_axis',(0.,0.,1.));
#3943=DIRECTION('ref_axis',(1.,0.,0.));
#3944=DIRECTION('',(0.,1.,0.));
#3945=DIRECTION('',(9.63533043424693E-16,-1.,0.));
#3946=DIRECTION('',(0.,0.,1.));
#3947=DIRECTION('',(0.,0.,1.));
#3948=DIRECTION('center_axis',(1.,1.69017636061086E-15,0.));
#3949=DIRECTION('ref_axis',(1.69017636061086E-15,-1.,0.));
#3950=DIRECTION('',(0.,0.,1.));
#3951=DIRECTION('',(0.,0.,1.));
#3952=DIRECTION('',(0.,0.,1.));
#3953=DIRECTION('',(0.,0.,1.));
#3954=DIRECTION('',(0.,0.,1.));
#3955=DIRECTION('center_axis',(1.,9.63533043424693E-16,0.));
#3956=DIRECTION('ref_axis',(9.63533043424693E-16,-1.,0.));
#3957=DIRECTION('center_axis',(-1.,0.,0.));
#3958=DIRECTION('ref_axis',(0.,1.,0.));
#3959=DIRECTION('',(0.,0.,1.));
#3960=DIRECTION('',(0.,0.,-1.));
#3961=DIRECTION('center_axis',(-1.,-1.68988989403995E-15,0.));
#3962=DIRECTION('ref_axis',(-1.68988989403995E-15,1.,0.));
#3963=DIRECTION('center_axis',(0.,0.,-1.));
#3964=DIRECTION('ref_axis',(1.,0.,0.));
#3965=DIRECTION('center_axis',(0.,0.,-1.));
#3966=DIRECTION('ref_axis',(1.,0.,0.));
#3967=DIRECTION('center_axis',(0.,0.,-1.));
#3968=DIRECTION('ref_axis',(1.,0.,0.));
#3969=DIRECTION('center_axis',(0.,0.,-1.));
#3970=DIRECTION('ref_axis',(1.,0.,0.));
#3971=DIRECTION('center_axis',(0.,0.,-1.));
#3972=DIRECTION('ref_axis',(-1.,0.,0.));
#3973=DIRECTION('center_axis',(0.,0.,-1.));
#3974=DIRECTION('ref_axis',(1.,0.,0.));
#3975=DIRECTION('',(0.,1.,0.));
#3976=DIRECTION('center_axis',(0.,0.,1.));
#3977=DIRECTION('ref_axis',(1.,0.,0.));
#3978=DIRECTION('center_axis',(0.,0.,-1.));
#3979=DIRECTION('ref_axis',(-1.,0.,0.));
#3980=DIRECTION('center_axis',(0.,0.,-1.));
#3981=DIRECTION('ref_axis',(1.,0.,0.));
#3982=DIRECTION('center_axis',(0.,0.,-1.));
#3983=DIRECTION('ref_axis',(1.,0.,0.));
#3984=DIRECTION('center_axis',(0.,0.,1.));
#3985=DIRECTION('ref_axis',(1.,0.,0.));
#3986=DIRECTION('center_axis',(0.,0.,1.));
#3987=DIRECTION('ref_axis',(1.,0.,0.));
#3988=DIRECTION('center_axis',(-0.70710678114478,2.2264548990425E-10,0.707106781228315));
#3989=DIRECTION('ref_axis',(-0.181051706354856,-0.966664657143248,-0.181051706029306));
#3990=DIRECTION('center_axis',(0.,0.,1.));
#3991=DIRECTION('ref_axis',(1.,0.,0.));
#3992=DIRECTION('center_axis',(-0.707106781186548,0.,0.707106781186548));
#3993=DIRECTION('ref_axis',(0.,-1.,0.));
#3994=DIRECTION('',(0.,1.,0.));
#3995=DIRECTION('center_axis',(0.707106781149961,1.1320480035215E-10,-0.707106781223134));
#3996=DIRECTION('ref_axis',(-0.291431798664406,0.911117453217194,-0.291431798488502));
#3997=DIRECTION('center_axis',(-0.707106781186548,0.,0.707106781186548));
#3998=DIRECTION('ref_axis',(0.,-1.,0.));
#3999=DIRECTION('center_axis',(0.,0.,1.));
#4000=DIRECTION('ref_axis',(1.,0.,0.));
#4001=DIRECTION('center_axis',(0.,0.,1.));
#4002=DIRECTION('ref_axis',(1.,0.,0.));
#4003=DIRECTION('center_axis',(0.,0.,-1.));
#4004=DIRECTION('ref_axis',(-1.,0.,0.));
#4005=DIRECTION('center_axis',(0.,0.,-1.));
#4006=DIRECTION('ref_axis',(1.,0.,0.));
#4007=DIRECTION('center_axis',(0.,0.,-1.));
#4008=DIRECTION('ref_axis',(-0.979565660975529,0.201124627625695,0.));
#4009=DIRECTION('center_axis',(0.,0.,-1.));
#4010=DIRECTION('ref_axis',(1.,0.,0.));
#4011=DIRECTION('center_axis',(0.,0.,-1.));
#4012=DIRECTION('ref_axis',(1.,0.,0.));
#4013=DIRECTION('center_axis',(0.,0.,-1.));
#4014=DIRECTION('ref_axis',(-1.,0.,0.));
#4015=DIRECTION('center_axis',(0.,0.,-1.));
#4016=DIRECTION('ref_axis',(1.,0.,0.));
#4017=DIRECTION('',(0.,-1.,0.));
#4018=DIRECTION('center_axis',(0.,0.,1.));
#4019=DIRECTION('ref_axis',(1.,0.,0.));
#4020=DIRECTION('center_axis',(0.,0.,-1.));
#4021=DIRECTION('ref_axis',(-1.,0.,0.));
#4022=DIRECTION('center_axis',(0.,0.,-1.));
#4023=DIRECTION('ref_axis',(1.,0.,0.));
#4024=DIRECTION('center_axis',(0.,0.,1.));
#4025=DIRECTION('ref_axis',(1.,0.,0.));
#4026=DIRECTION('',(0.,-1.,0.));
#4027=DIRECTION('center_axis',(0.,0.,1.));
#4028=DIRECTION('ref_axis',(1.,0.,0.));
#4029=DIRECTION('center_axis',(0.707106781238904,1.63383255439358E-10,0.707106781134191));
#4030=DIRECTION('ref_axis',(0.291431798449614,0.911117453217181,-0.291431798703337));
#4031=DIRECTION('center_axis',(0.707106781186546,0.,0.70710678118655));
#4032=DIRECTION('ref_axis',(0.,1.,0.));
#4033=DIRECTION('center_axis',(-0.707106781215852,1.5516300790981E-10,-0.707106781157243));
#4034=DIRECTION('ref_axis',(0.181051706078358,-0.966664657143282,-0.181051706305622));
#4035=DIRECTION('center_axis',(0.707106781186548,0.,0.707106781186548));
#4036=DIRECTION('ref_axis',(0.,1.,0.));
#4037=DIRECTION('center_axis',(0.,0.,1.));
#4038=DIRECTION('ref_axis',(-0.993227593995936,-0.116184966863374,0.));
#4039=DIRECTION('center_axis',(0.,1.,0.));
#4040=DIRECTION('ref_axis',(-1.,0.,0.));
#4041=DIRECTION('',(1.,0.,0.));
#4042=DIRECTION('',(0.,0.,-1.));
#4043=DIRECTION('',(-1.,0.,0.));
#4044=DIRECTION('',(-1.,0.,0.));
#4045=DIRECTION('',(0.,0.,1.));
#4046=DIRECTION('center_axis',(0.,0.,-1.));
#4047=DIRECTION('ref_axis',(-1.,0.,0.));
#4048=DIRECTION('center_axis',(0.,0.,1.));
#4049=DIRECTION('ref_axis',(1.,0.,0.));
#4050=DIRECTION('',(-1.56984718922064E-15,-1.,0.));
#4051=DIRECTION('',(1.,0.,0.));
#4052=DIRECTION('center_axis',(0.,0.,-1.));
#4053=DIRECTION('ref_axis',(-1.,0.,0.));
#4054=DIRECTION('center_axis',(0.,0.,1.));
#4055=DIRECTION('ref_axis',(1.,0.,0.));
#4056=DIRECTION('',(1.56984718922064E-15,1.,0.));
#4057=DIRECTION('center_axis',(0.,0.,-1.));
#4058=DIRECTION('ref_axis',(-1.,0.,0.));
#4059=DIRECTION('center_axis',(0.,0.,1.));
#4060=DIRECTION('ref_axis',(1.,0.,0.));
#4061=DIRECTION('',(-1.56984718922064E-15,-1.,0.));
#4062=DIRECTION('center_axis',(0.,-1.,0.));
#4063=DIRECTION('ref_axis',(1.,0.,0.));
#4064=DIRECTION('',(-1.,0.,0.));
#4065=DIRECTION('',(0.,0.,-1.));
#4066=DIRECTION('',(1.,0.,0.));
#4067=DIRECTION('',(0.,0.,1.));
#4068=DIRECTION('center_axis',(0.,0.,-1.));
#4069=DIRECTION('ref_axis',(-1.,0.,0.));
#4070=DIRECTION('',(1.56984718922064E-15,1.,0.));
#4071=DIRECTION('center_axis',(0.,0.,1.));
#4072=DIRECTION('ref_axis',(1.,0.,0.));
#4073=DIRECTION('center_axis',(0.,-1.,0.));
#4074=DIRECTION('ref_axis',(1.,0.,0.));
#4075=DIRECTION('',(-1.,0.,0.));
#4076=DIRECTION('',(0.,0.,-1.));
#4077=DIRECTION('',(1.,0.,0.));
#4078=DIRECTION('',(1.,0.,0.));
#4079=DIRECTION('',(0.,0.,1.));
#4080=DIRECTION('center_axis',(0.,0.,-1.));
#4081=DIRECTION('ref_axis',(-1.,0.,0.));
#4082=DIRECTION('center_axis',(0.,0.,1.));
#4083=DIRECTION('ref_axis',(1.,0.,0.));
#4084=DIRECTION('',(0.,-1.,0.));
#4085=DIRECTION('center_axis',(0.,0.,-1.));
#4086=DIRECTION('ref_axis',(-1.,0.,0.));
#4087=DIRECTION('',(0.,1.,0.));
#4088=DIRECTION('center_axis',(0.,0.,1.));
#4089=DIRECTION('ref_axis',(1.,0.,0.));
#4090=DIRECTION('center_axis',(0.,0.,-1.));
#4091=DIRECTION('ref_axis',(-1.,0.,0.));
#4092=DIRECTION('',(-1.,0.,0.));
#4093=DIRECTION('center_axis',(0.,0.,1.));
#4094=DIRECTION('ref_axis',(1.,0.,0.));
#4095=DIRECTION('',(0.,1.,0.));
#4096=DIRECTION('center_axis',(0.,1.,0.));
#4097=DIRECTION('ref_axis',(-1.,0.,0.));
#4098=DIRECTION('',(1.,0.,0.));
#4099=DIRECTION('',(0.,0.,-1.));
#4100=DIRECTION('',(-1.,0.,0.));
#4101=DIRECTION('',(0.,0.,1.));
#4102=DIRECTION('center_axis',(0.,0.,-1.));
#4103=DIRECTION('ref_axis',(-1.,0.,0.));
#4104=DIRECTION('center_axis',(0.,0.,1.));
#4105=DIRECTION('ref_axis',(1.,0.,0.));
#4106=DIRECTION('',(0.,-1.,0.));
#4107=DIRECTION('center_axis',(0.,1.,0.));
#4108=DIRECTION('ref_axis',(-1.,0.,0.));
#4109=DIRECTION('',(1.,0.,0.));
#4110=DIRECTION('',(0.,0.,-1.));
#4111=DIRECTION('',(-1.,0.,0.));
#4112=DIRECTION('',(-1.,0.,0.));
#4113=DIRECTION('',(0.,0.,1.));
#4114=DIRECTION('center_axis',(0.,0.,-1.));
#4115=DIRECTION('ref_axis',(-1.,0.,0.));
#4116=DIRECTION('',(0.,-1.,0.));
#4117=DIRECTION('center_axis',(0.,0.,1.));
#4118=DIRECTION('ref_axis',(1.,0.,0.));
#4119=DIRECTION('center_axis',(0.,0.,-1.));
#4120=DIRECTION('ref_axis',(-1.,0.,0.));
#4121=DIRECTION('center_axis',(0.,0.,1.));
#4122=DIRECTION('ref_axis',(1.,0.,0.));
#4123=DIRECTION('',(0.,1.,0.));
#4124=DIRECTION('center_axis',(0.,0.,-1.));
#4125=DIRECTION('ref_axis',(-1.,0.,0.));
#4126=DIRECTION('',(1.,0.,0.));
#4127=DIRECTION('center_axis',(0.,0.,1.));
#4128=DIRECTION('ref_axis',(1.,0.,0.));
#4129=DIRECTION('',(0.,-1.,0.));
#4130=DIRECTION('center_axis',(0.,-1.,0.));
#4131=DIRECTION('ref_axis',(1.,0.,0.));
#4132=DIRECTION('',(-1.,0.,0.));
#4133=DIRECTION('',(0.,0.,-1.));
#4134=DIRECTION('',(1.,0.,0.));
#4135=DIRECTION('',(0.,0.,1.));
#4136=DIRECTION('center_axis',(0.,0.,-1.));
#4137=DIRECTION('ref_axis',(-1.,0.,0.));
#4138=DIRECTION('',(0.,1.,0.));
#4139=DIRECTION('center_axis',(0.,0.,1.));
#4140=DIRECTION('ref_axis',(1.,0.,0.));
#4141=DIRECTION('center_axis',(0.,1.,0.));
#4142=DIRECTION('ref_axis',(-1.,0.,0.));
#4143=DIRECTION('',(1.,0.,0.));
#4144=DIRECTION('',(0.,0.,-1.));
#4145=DIRECTION('',(-1.,0.,0.));
#4146=DIRECTION('',(-1.,0.,0.));
#4147=DIRECTION('',(0.,0.,1.));
#4148=DIRECTION('center_axis',(0.,0.,-1.));
#4149=DIRECTION('ref_axis',(-1.,0.,0.));
#4150=DIRECTION('',(1.,0.,0.));
#4151=DIRECTION('center_axis',(0.,0.,1.));
#4152=DIRECTION('ref_axis',(1.,0.,0.));
#4153=DIRECTION('',(-1.56984718922064E-15,-1.,0.));
#4154=DIRECTION('center_axis',(0.,-1.,0.));
#4155=DIRECTION('ref_axis',(1.,0.,0.));
#4156=DIRECTION('',(-1.,0.,0.));
#4157=DIRECTION('',(0.,0.,-1.));
#4158=DIRECTION('',(1.,0.,0.));
#4159=DIRECTION('',(0.,0.,1.));
#4160=DIRECTION('center_axis',(0.,0.,-1.));
#4161=DIRECTION('ref_axis',(-1.,0.,0.));
#4162=DIRECTION('center_axis',(0.,0.,1.));
#4163=DIRECTION('ref_axis',(1.,0.,0.));
#4164=DIRECTION('',(1.56984718922064E-15,1.,0.));
#4165=DIRECTION('center_axis',(0.,0.,-1.));
#4166=DIRECTION('ref_axis',(-1.,0.,0.));
#4167=DIRECTION('',(-1.56984718922064E-15,-1.,0.));
#4168=DIRECTION('center_axis',(0.,0.,1.));
#4169=DIRECTION('ref_axis',(1.,0.,0.));
#4170=DIRECTION('center_axis',(0.,0.,-1.));
#4171=DIRECTION('ref_axis',(-1.,0.,0.));
#4172=DIRECTION('center_axis',(0.,0.,1.));
#4173=DIRECTION('ref_axis',(1.,0.,0.));
#4174=DIRECTION('',(1.56984718922064E-15,1.,0.));
#4175=DIRECTION('center_axis',(-1.,0.,0.));
#4176=DIRECTION('ref_axis',(0.,-1.,0.));
#4177=DIRECTION('',(0.,1.,0.));
#4178=DIRECTION('',(0.,0.,1.));
#4179=DIRECTION('',(0.,-1.,0.));
#4180=DIRECTION('',(0.,-1.,0.));
#4181=DIRECTION('',(0.,0.,1.));
#4182=DIRECTION('center_axis',(1.,0.,0.));
#4183=DIRECTION('ref_axis',(0.,1.,0.));
#4184=DIRECTION('',(0.,-1.,0.));
#4185=DIRECTION('',(0.,0.,1.));
#4186=DIRECTION('',(0.,1.,0.));
#4187=DIRECTION('',(0.,1.,0.));
#4188=DIRECTION('',(0.,0.,1.));
#4189=DIRECTION('center_axis',(0.,0.,-1.));
#4190=DIRECTION('ref_axis',(-1.,0.,0.));
#4191=DIRECTION('center_axis',(0.,0.,1.));
#4192=DIRECTION('ref_axis',(1.,0.,0.));
#4193=DIRECTION('center_axis',(0.,0.,-1.));
#4194=DIRECTION('ref_axis',(-1.,0.,0.));
#4195=DIRECTION('',(-1.56984718922064E-15,-1.,0.));
#4196=DIRECTION('center_axis',(0.,0.,1.));
#4197=DIRECTION('ref_axis',(1.,0.,0.));
#4198=DIRECTION('',(1.56984718922064E-15,1.,0.));
#4199=DIRECTION('center_axis',(1.,-1.56984718922064E-15,0.));
#4200=DIRECTION('ref_axis',(1.56984718922064E-15,1.,0.));
#4201=DIRECTION('',(-1.56984718922064E-15,-1.,0.));
#4202=DIRECTION('',(0.,0.,1.));
#4203=DIRECTION('',(1.56984718922064E-15,1.,0.));
#4204=DIRECTION('',(1.56984718922064E-15,1.,0.));
#4205=DIRECTION('',(0.,0.,1.));
#4206=DIRECTION('center_axis',(-1.,1.56984718922064E-15,0.));
#4207=DIRECTION('ref_axis',(-1.56984718922064E-15,-1.,0.));
#4208=DIRECTION('',(1.56984718922064E-15,1.,0.));
#4209=DIRECTION('',(0.,0.,1.));
#4210=DIRECTION('',(-1.56984718922064E-15,-1.,0.));
#4211=DIRECTION('',(-1.56984718922064E-15,-1.,0.));
#4212=DIRECTION('',(0.,0.,1.));
#4213=DIRECTION('center_axis',(0.,0.,-1.));
#4214=DIRECTION('ref_axis',(-1.,0.,0.));
#4215=DIRECTION('center_axis',(0.,0.,1.));
#4216=DIRECTION('ref_axis',(1.,0.,0.));
#4217=DIRECTION('center_axis',(0.,0.,-1.));
#4218=DIRECTION('ref_axis',(-1.,0.,0.));
#4219=DIRECTION('',(0.,-1.,0.));
#4220=DIRECTION('',(0.,1.,0.));
#4221=DIRECTION('center_axis',(0.,0.,1.));
#4222=DIRECTION('ref_axis',(1.,0.,0.));
#4223=DIRECTION('center_axis',(0.,0.,-1.));
#4224=DIRECTION('ref_axis',(-1.,0.,0.));
#4225=DIRECTION('center_axis',(0.,0.,1.));
#4226=DIRECTION('ref_axis',(1.,0.,0.));
#4227=DIRECTION('center_axis',(-1.,1.56984718922064E-15,0.));
#4228=DIRECTION('ref_axis',(-1.56984718922064E-15,-1.,0.));
#4229=DIRECTION('',(1.56984718922064E-15,1.,0.));
#4230=DIRECTION('',(0.,0.,1.));
#4231=DIRECTION('',(-1.56984718922064E-15,-1.,0.));
#4232=DIRECTION('',(0.,0.,1.));
#4233=DIRECTION('center_axis',(1.,-1.56984718922064E-15,0.));
#4234=DIRECTION('ref_axis',(1.56984718922064E-15,1.,0.));
#4235=DIRECTION('',(-1.56984718922064E-15,-1.,0.));
#4236=DIRECTION('',(0.,0.,1.));
#4237=DIRECTION('',(1.56984718922064E-15,1.,0.));
#4238=DIRECTION('',(0.,0.,1.));
#4239=DIRECTION('center_axis',(0.,0.,-1.));
#4240=DIRECTION('ref_axis',(-1.,0.,0.));
#4241=DIRECTION('center_axis',(0.,0.,1.));
#4242=DIRECTION('ref_axis',(1.,0.,0.));
#4243=DIRECTION('center_axis',(0.,0.,-1.));
#4244=DIRECTION('ref_axis',(-1.,0.,0.));
#4245=DIRECTION('center_axis',(0.,0.,1.));
#4246=DIRECTION('ref_axis',(1.,0.,0.));
#4247=DIRECTION('center_axis',(1.,0.,0.));
#4248=DIRECTION('ref_axis',(0.,1.,0.));
#4249=DIRECTION('',(0.,-1.,0.));
#4250=DIRECTION('',(0.,0.,1.));
#4251=DIRECTION('',(0.,1.,0.));
#4252=DIRECTION('',(0.,0.,1.));
#4253=DIRECTION('center_axis',(-1.,0.,0.));
#4254=DIRECTION('ref_axis',(0.,-1.,0.));
#4255=DIRECTION('',(0.,1.,0.));
#4256=DIRECTION('',(0.,0.,1.));
#4257=DIRECTION('',(0.,-1.,0.));
#4258=DIRECTION('',(0.,0.,1.));
#4259=DIRECTION('center_axis',(0.,0.,-1.));
#4260=DIRECTION('ref_axis',(-1.,0.,0.));
#4261=DIRECTION('center_axis',(0.,0.,1.));
#4262=DIRECTION('ref_axis',(1.,0.,0.));
#4263=DIRECTION('center_axis',(0.,0.,-1.));
#4264=DIRECTION('ref_axis',(-1.,0.,0.));
#4265=DIRECTION('center_axis',(0.,0.,1.));
#4266=DIRECTION('ref_axis',(1.,0.,0.));
#4267=DIRECTION('center_axis',(0.,0.,-1.));
#4268=DIRECTION('ref_axis',(-1.,0.,0.));
#4269=DIRECTION('center_axis',(0.,0.,1.));
#4270=DIRECTION('ref_axis',(1.,0.,0.));
#4271=DIRECTION('center_axis',(0.,0.,-1.));
#4272=DIRECTION('ref_axis',(-1.,0.,0.));
#4273=DIRECTION('center_axis',(0.,0.,1.));
#4274=DIRECTION('ref_axis',(1.,0.,0.));
#4275=DIRECTION('center_axis',(0.,0.,-1.));
#4276=DIRECTION('ref_axis',(-1.,0.,0.));
#4277=DIRECTION('center_axis',(0.,0.,1.));
#4278=DIRECTION('ref_axis',(1.,0.,0.));
#4279=DIRECTION('center_axis',(0.,0.,-1.));
#4280=DIRECTION('ref_axis',(-1.,0.,0.));
#4281=DIRECTION('center_axis',(0.,0.,1.));
#4282=DIRECTION('ref_axis',(1.,0.,0.));
#4283=DIRECTION('center_axis',(0.,0.,1.));
#4284=DIRECTION('ref_axis',(1.,0.,0.));
#4285=DIRECTION('center_axis',(0.,0.,-1.));
#4286=DIRECTION('ref_axis',(-1.,0.,0.));
#4287=DIRECTION('center_axis',(0.,0.,1.));
#4288=DIRECTION('ref_axis',(1.,0.,0.));
#4289=DIRECTION('center_axis',(0.,0.,1.));
#4290=DIRECTION('ref_axis',(1.,0.,0.));
#4291=DIRECTION('center_axis',(0.,0.,-1.));
#4292=DIRECTION('ref_axis',(-1.,0.,0.));
#4293=DIRECTION('center_axis',(0.,0.,1.));
#4294=DIRECTION('ref_axis',(1.,0.,0.));
#4295=DIRECTION('center_axis',(0.,0.,1.));
#4296=DIRECTION('ref_axis',(1.,0.,0.));
#4297=DIRECTION('center_axis',(0.,0.,-1.));
#4298=DIRECTION('ref_axis',(-1.,0.,0.));
#4299=DIRECTION('center_axis',(0.,0.,1.));
#4300=DIRECTION('ref_axis',(1.,0.,0.));
#4301=DIRECTION('center_axis',(0.,0.,1.));
#4302=DIRECTION('ref_axis',(1.,0.,0.));
#4303=DIRECTION('center_axis',(0.,0.,1.));
#4304=DIRECTION('ref_axis',(1.,0.,0.));
#4305=DIRECTION('',(0.,0.,1.));
#4306=DIRECTION('center_axis',(-1.,0.,0.));
#4307=DIRECTION('ref_axis',(0.,-1.,0.));
#4308=DIRECTION('',(0.,0.,1.));
#4309=DIRECTION('',(0.,0.,1.));
#4310=DIRECTION('center_axis',(0.,0.,1.));
#4311=DIRECTION('ref_axis',(1.,0.,0.));
#4312=DIRECTION('',(0.,0.,1.));
#4313=DIRECTION('center_axis',(0.,0.,1.));
#4314=DIRECTION('ref_axis',(1.,0.,0.));
#4315=DIRECTION('',(0.,0.,1.));
#4316=DIRECTION('center_axis',(0.,0.,1.));
#4317=DIRECTION('ref_axis',(1.,0.,0.));
#4318=DIRECTION('',(0.,0.,1.));
#4319=DIRECTION('',(0.,0.,1.));
#4320=DIRECTION('',(0.,0.,-1.));
#4321=DIRECTION('',(0.,0.,1.));
#4322=DIRECTION('center_axis',(0.,1.,0.));
#4323=DIRECTION('ref_axis',(-1.,0.,0.));
#4324=DIRECTION('',(0.,0.,1.));
#4325=DIRECTION('center_axis',(0.,0.,1.));
#4326=DIRECTION('ref_axis',(1.,0.,0.));
#4327=DIRECTION('center_axis',(0.,0.,1.));
#4328=DIRECTION('ref_axis',(1.,0.,0.));
#4329=DIRECTION('',(0.,0.,1.));
#4330=DIRECTION('center_axis',(0.,0.,1.));
#4331=DIRECTION('ref_axis',(1.,0.,0.));
#4332=DIRECTION('',(0.,0.,1.));
#4333=DIRECTION('center_axis',(0.,0.,1.));
#4334=DIRECTION('ref_axis',(1.,0.,0.));
#4335=DIRECTION('',(0.,0.,1.));
#4336=DIRECTION('center_axis',(0.,0.,1.));
#4337=DIRECTION('ref_axis',(1.,0.,0.));
#4338=DIRECTION('',(0.,0.,1.));
#4339=DIRECTION('center_axis',(0.,0.,1.));
#4340=DIRECTION('ref_axis',(1.,0.,0.));
#4341=DIRECTION('',(0.,0.,1.));
#4342=DIRECTION('center_axis',(0.,0.,1.));
#4343=DIRECTION('ref_axis',(1.,0.,0.));
#4344=DIRECTION('',(0.,0.,1.));
#4345=DIRECTION('center_axis',(0.,0.,1.));
#4346=DIRECTION('ref_axis',(1.,0.,0.));
#4347=DIRECTION('',(0.,0.,1.));
#4348=DIRECTION('center_axis',(1.,0.,0.));
#4349=DIRECTION('ref_axis',(0.,0.,-1.));
#4350=DIRECTION('',(0.,0.,-1.));
#4351=DIRECTION('center_axis',(1.11022302462516E-16,-1.,0.));
#4352=DIRECTION('ref_axis',(1.,1.11022302462516E-16,0.));
#4353=CARTESIAN_POINT('',(0.,0.,0.));
#4354=CARTESIAN_POINT('Origin',(-24.,-41.569219381653,134.));
#4355=CARTESIAN_POINT('',(-27.25,-41.569219381653,130.269219381653));
#4356=CARTESIAN_POINT('',(-27.25,-41.569219381653,131.730780618347));
#4357=CARTESIAN_POINT('',(-27.25,-41.569219381653,134.));
#4358=CARTESIAN_POINT('',(-27.2492627898038,-41.5,130.2));
#4359=CARTESIAN_POINT('Origin',(-24.,-41.569219381653,130.269219381653));
#4360=CARTESIAN_POINT('',(-27.2492627898038,-41.5,128.));
#4361=CARTESIAN_POINT('',(-27.2492627898038,-41.5,140.));
#4362=CARTESIAN_POINT('',(-20.7507372101962,-41.5,128.));
#4363=CARTESIAN_POINT('Origin',(-24.,-41.569219381653,128.));
#4364=CARTESIAN_POINT('',(-20.7507372101962,-41.5,130.2));
#4365=CARTESIAN_POINT('',(-20.7507372101962,-41.5,140.));
#4366=CARTESIAN_POINT('',(-20.8332256651526,-42.3,131.));
#4367=CARTESIAN_POINT('Origin',(-24.,-41.569219381653,130.269219381653));
#4368=CARTESIAN_POINT('',(-20.7507372101962,-41.5,131.8));
#4369=CARTESIAN_POINT('Origin',(-24.,-41.569219381653,131.730780618347));
#4370=CARTESIAN_POINT('',(-20.7507372101962,-41.5,134.));
#4371=CARTESIAN_POINT('',(-20.7507372101962,-41.5,140.));
#4372=CARTESIAN_POINT('',(-27.25,-41.569219381653,134.));
#4373=CARTESIAN_POINT('Origin',(-24.,-41.569219381653,134.));
#4374=CARTESIAN_POINT('',(-27.25,-41.569219381653,167.));
#4375=CARTESIAN_POINT('',(-27.25,-41.569219381653,134.));
#4376=CARTESIAN_POINT('Origin',(-24.,-41.569219381653,167.));
#4377=CARTESIAN_POINT('',(-27.2492627898038,-41.5,134.));
#4378=CARTESIAN_POINT('Origin',(-24.,-41.569219381653,134.));
#4379=CARTESIAN_POINT('',(-27.2492627898038,-41.5,131.8));
#4380=CARTESIAN_POINT('',(-27.2492627898038,-41.5,140.));
#4381=CARTESIAN_POINT('Origin',(-24.,-41.569219381653,131.730780618347));
#4382=CARTESIAN_POINT('Origin',(29.3,-19.0000003576279,168.));
#4383=CARTESIAN_POINT('',(27.,-19.0000003576279,168.));
#4384=CARTESIAN_POINT('',(27.,-19.0000003576279,152.));
#4385=CARTESIAN_POINT('',(27.,-19.0000003576279,168.));
#4386=CARTESIAN_POINT('',(29.3,-19.0000003576279,168.));
#4387=CARTESIAN_POINT('',(14.65,-19.0000003576279,168.));
#4388=CARTESIAN_POINT('',(29.3,-19.0000003576279,135.));
#4389=CARTESIAN_POINT('',(29.3,-19.0000003576279,168.));
#4390=CARTESIAN_POINT('',(-29.3,-19.0000003576279,135.));
#4391=CARTESIAN_POINT('',(-14.65,-19.0000003576279,135.));
#4392=CARTESIAN_POINT('',(-29.3,-19.0000003576279,168.));
#4393=CARTESIAN_POINT('',(-29.3,-19.0000003576279,168.));
#4394=CARTESIAN_POINT('',(-27.,-19.0000003576279,168.));
#4395=CARTESIAN_POINT('',(14.65,-19.0000003576279,168.));
#4396=CARTESIAN_POINT('',(-27.,-19.0000003576279,152.));
#4397=CARTESIAN_POINT('',(-27.,-19.0000003576279,168.));
#4398=CARTESIAN_POINT('',(13.4999998994172,-19.0000003576279,152.));
#4399=CARTESIAN_POINT('Origin',(29.3,-3.00000035762786,168.));
#4400=CARTESIAN_POINT('',(29.3,-3.00000035762786,168.));
#4401=CARTESIAN_POINT('',(29.3,-1.50000017881393,168.));
#4402=CARTESIAN_POINT('',(29.3,-3.00000035762786,135.));
#4403=CARTESIAN_POINT('',(29.3,-3.00000035762786,168.));
#4404=CARTESIAN_POINT('',(29.3,-15.0000003576279,135.));
#4405=CARTESIAN_POINT('Origin',(-29.3,-3.00000035762786,168.));
#4406=CARTESIAN_POINT('',(-29.3,-3.00000035762786,168.));
#4407=CARTESIAN_POINT('',(-14.65,-3.00000035762786,168.));
#4408=CARTESIAN_POINT('',(-29.3,-3.00000035762786,135.));
#4409=CARTESIAN_POINT('',(-29.3,-3.00000035762786,168.));
#4410=CARTESIAN_POINT('',(14.65,-3.00000035762786,135.));
#4411=CARTESIAN_POINT('Origin',(-29.3,-19.0000003576279,168.));
#4412=CARTESIAN_POINT('',(-29.3,-9.50000017881393,168.));
#4413=CARTESIAN_POINT('',(-29.3,-7.00000035762786,135.));
#4414=CARTESIAN_POINT('Origin',(0.,-11.0000003576279,135.));
#4415=CARTESIAN_POINT('Origin',(27.,-19.0000003576279,168.));
#4416=CARTESIAN_POINT('',(27.,-21.2219517827767,168.));
#4417=CARTESIAN_POINT('',(27.,-23.2852572001706,166.5));
#4418=CARTESIAN_POINT('Ctrl Pts',(27.,-21.2219517827767,168.));
#4419=CARTESIAN_POINT('Ctrl Pts',(27.,-22.5040056331538,166.905563978567));
#4420=CARTESIAN_POINT('Ctrl Pts',(27.,-23.2852572001706,166.5));
#4421=CARTESIAN_POINT('',(27.,-9.50000017881393,168.));
#4422=CARTESIAN_POINT('',(27.,-31.000000461936,152.));
#4423=CARTESIAN_POINT('',(27.,-28.000000435859,152.));
#4424=CARTESIAN_POINT('',(27.,-31.000000461936,168.));
#4425=CARTESIAN_POINT('',(27.,-31.000000461936,168.));
#4426=CARTESIAN_POINT('',(27.,-27.7780482172233,168.));
#4427=CARTESIAN_POINT('',(27.,-9.50000017881393,168.));
#4428=CARTESIAN_POINT('',(27.,-25.7147427998294,166.5));
#4429=CARTESIAN_POINT('Ctrl Pts',(27.,-25.7147427998294,166.5));
#4430=CARTESIAN_POINT('Ctrl Pts',(27.,-26.4959943668462,166.905563978567));
#4431=CARTESIAN_POINT('Ctrl Pts',(27.,-27.7780482172233,168.));
#4432=CARTESIAN_POINT('',(27.,-21.7500001788139,166.5));
#4433=CARTESIAN_POINT('Origin',(-27.,-31.000000461936,168.));
#4434=CARTESIAN_POINT('',(-27.,-23.2852572001706,166.5));
#4435=CARTESIAN_POINT('',(-27.,-21.2219517827767,168.));
#4436=CARTESIAN_POINT('Ctrl Pts',(-27.,-23.2852572001706,166.5));
#4437=CARTESIAN_POINT('Ctrl Pts',(-27.,-22.5040056331538,166.905563978567));
#4438=CARTESIAN_POINT('Ctrl Pts',(-27.,-21.2219517827767,168.));
#4439=CARTESIAN_POINT('',(-27.,-25.7147427998294,166.5));
#4440=CARTESIAN_POINT('',(-27.,-27.750000230968,166.5));
#4441=CARTESIAN_POINT('',(-27.,-27.7780482172233,168.));
#4442=CARTESIAN_POINT('Ctrl Pts',(-27.,-27.7780482172233,168.));
#4443=CARTESIAN_POINT('Ctrl Pts',(-27.,-26.4959943668462,166.905563978567));
#4444=CARTESIAN_POINT('Ctrl Pts',(-27.,-25.7147427998294,166.5));
#4445=CARTESIAN_POINT('',(-27.0000004023314,-31.000000461936,168.));
#4446=CARTESIAN_POINT('',(-27.,-15.500000230968,168.));
#4447=CARTESIAN_POINT('',(-27.0000004023314,-31.000000461936,152.));
#4448=CARTESIAN_POINT('',(-27.0000004023314,-31.000000461936,168.));
#4449=CARTESIAN_POINT('',(-27.,-22.0000003837049,152.));
#4450=CARTESIAN_POINT('',(-27.,-15.500000230968,168.));
#4451=CARTESIAN_POINT('Origin',(27.,-31.000000461936,168.));
#4452=CARTESIAN_POINT('',(13.5,-31.000000461936,168.));
#4453=CARTESIAN_POINT('',(-13.5000003017485,-31.000000461936,152.));
#4454=CARTESIAN_POINT('Origin',(-2.01165670787873E-7,-25.0000004097819,
152.));
#4455=CARTESIAN_POINT('Origin',(-29.,-24.5,167.25));
#4456=CARTESIAN_POINT('Origin',(-29.,-24.5,168.));
#4457=CARTESIAN_POINT('Origin',(-29.,-24.5,166.5));
#4458=CARTESIAN_POINT('Origin',(29.,-24.5,166.5));
#4459=CARTESIAN_POINT('Origin',(29.,-24.5,166.5));
#4460=CARTESIAN_POINT('Origin',(29.,-24.5,167.25));
#4461=CARTESIAN_POINT('Origin',(29.,-24.5,168.));
#4462=CARTESIAN_POINT('Ctrl Pts',(-20.5000000000805,54.4692490156354,139.));
#4463=CARTESIAN_POINT('Ctrl Pts',(-20.5000000000805,54.4692490156354,163.));
#4464=CARTESIAN_POINT('Ctrl Pts',(-20.7707355385612,54.451629168973,139.));
#4465=CARTESIAN_POINT('Ctrl Pts',(-20.7707355385612,54.451629168973,163.));
#4466=CARTESIAN_POINT('Ctrl Pts',(-21.0415128612326,54.4333698262185,139.));
#4467=CARTESIAN_POINT('Ctrl Pts',(-21.0415128612326,54.4333698262185,163.));
#4468=CARTESIAN_POINT('Ctrl Pts',(-21.5747938930857,54.3960756659732,139.));
#4469=CARTESIAN_POINT('Ctrl Pts',(-21.5747938930857,54.3960756659732,163.));
#4470=CARTESIAN_POINT('Ctrl Pts',(-21.8374610178079,54.3770689299991,139.));
#4471=CARTESIAN_POINT('Ctrl Pts',(-21.8374610178079,54.3770689299991,163.));
#4472=CARTESIAN_POINT('Ctrl Pts',(-22.1,54.3573943972355,139.));
#4473=CARTESIAN_POINT('Ctrl Pts',(-22.1,54.3573943972355,163.));
#4474=CARTESIAN_POINT('',(-20.5,54.4692490156407,163.));
#4475=CARTESIAN_POINT('',(-22.1,54.3573943972355,163.));
#4476=CARTESIAN_POINT('Ctrl Pts',(-20.5000000000805,54.4692490156354,163.));
#4477=CARTESIAN_POINT('Ctrl Pts',(-20.7707355385612,54.451629168973,163.));
#4478=CARTESIAN_POINT('Ctrl Pts',(-21.0415128612326,54.4333698262185,163.));
#4479=CARTESIAN_POINT('Ctrl Pts',(-21.5747938930857,54.3960756659732,163.));
#4480=CARTESIAN_POINT('Ctrl Pts',(-21.8374610178079,54.3770689299991,163.));
#4481=CARTESIAN_POINT('Ctrl Pts',(-22.1,54.3573943972355,163.));
#4482=CARTESIAN_POINT('',(-20.5,54.4692490156407,139.));
#4483=CARTESIAN_POINT('',(-20.5,54.4692490156407,139.));
#4484=CARTESIAN_POINT('',(-22.1,54.3573943972355,139.));
#4485=CARTESIAN_POINT('Ctrl Pts',(-20.5000000000805,54.4692490156354,139.));
#4486=CARTESIAN_POINT('Ctrl Pts',(-20.7707355385612,54.451629168973,139.));
#4487=CARTESIAN_POINT('Ctrl Pts',(-21.0415128612326,54.4333698262185,139.));
#4488=CARTESIAN_POINT('Ctrl Pts',(-21.5747938930857,54.3960756659732,139.));
#4489=CARTESIAN_POINT('Ctrl Pts',(-21.8374610178079,54.3770689299991,139.));
#4490=CARTESIAN_POINT('Ctrl Pts',(-22.1,54.3573943972355,139.));
#4491=CARTESIAN_POINT('',(-22.1,54.3573943972355,158.));
#4492=CARTESIAN_POINT('Ctrl Pts',(-3.33066907387547E-15,55.,138.999924479636));
#4493=CARTESIAN_POINT('Ctrl Pts',(-3.33066907387547E-15,55.,163.));
#4494=CARTESIAN_POINT('Ctrl Pts',(-3.90717278593428,55.,138.999924479636));
#4495=CARTESIAN_POINT('Ctrl Pts',(-3.90717278593428,55.,163.));
#4496=CARTESIAN_POINT('Ctrl Pts',(-7.97362107883662,54.9617641950058,138.999924479636));
#4497=CARTESIAN_POINT('Ctrl Pts',(-7.97362107883662,54.9617641950058,163.));
#4498=CARTESIAN_POINT('Ctrl Pts',(-14.7324188953319,54.7742612911667,138.999924479636));
#4499=CARTESIAN_POINT('Ctrl Pts',(-14.7324188953319,54.7742612911667,163.));
#4500=CARTESIAN_POINT('Ctrl Pts',(-17.6589236710215,54.6541502279206,138.999924479636));
#4501=CARTESIAN_POINT('Ctrl Pts',(-17.6589236710215,54.6541502279206,163.));
#4502=CARTESIAN_POINT('Ctrl Pts',(-20.5,54.4692490156406,138.999924479636));
#4503=CARTESIAN_POINT('Ctrl Pts',(-20.5,54.4692490156406,163.));
#4504=CARTESIAN_POINT('',(3.33066907387547E-15,55.,163.));
#4505=CARTESIAN_POINT('Ctrl Pts',(-3.33066907387547E-15,55.,163.));
#4506=CARTESIAN_POINT('Ctrl Pts',(-3.90717278593428,55.,163.));
#4507=CARTESIAN_POINT('Ctrl Pts',(-7.97362107883662,54.9617641950058,163.));
#4508=CARTESIAN_POINT('Ctrl Pts',(-14.7324188953319,54.7742612911667,163.));
#4509=CARTESIAN_POINT('Ctrl Pts',(-17.6589236710215,54.6541502279206,163.));
#4510=CARTESIAN_POINT('Ctrl Pts',(-20.5,54.4692490156406,163.));
#4511=CARTESIAN_POINT('',(3.33066907387547E-15,55.,139.));
#4512=CARTESIAN_POINT('',(3.33066907387547E-15,55.,139.));
#4513=CARTESIAN_POINT('Ctrl Pts',(-3.33066907387547E-15,55.,139.));
#4514=CARTESIAN_POINT('Ctrl Pts',(-3.90717278593428,55.,139.));
#4515=CARTESIAN_POINT('Ctrl Pts',(-7.97362107883662,54.9617641950058,139.));
#4516=CARTESIAN_POINT('Ctrl Pts',(-14.7324188953319,54.7742612911667,139.));
#4517=CARTESIAN_POINT('Ctrl Pts',(-17.6589236710215,54.6541502279206,139.));
#4518=CARTESIAN_POINT('Ctrl Pts',(-20.5,54.4692490156406,139.));
#4519=CARTESIAN_POINT('Ctrl Pts',(20.5,54.4692490156407,138.999924479636));
#4520=CARTESIAN_POINT('Ctrl Pts',(20.5,54.4692490156407,163.));
#4521=CARTESIAN_POINT('Ctrl Pts',(17.6589236710218,54.6541502279206,138.999924479636));
#4522=CARTESIAN_POINT('Ctrl Pts',(17.6589236710218,54.6541502279206,163.));
#4523=CARTESIAN_POINT('Ctrl Pts',(14.7324188953331,54.7742612911667,138.999924479636));
#4524=CARTESIAN_POINT('Ctrl Pts',(14.7324188953331,54.7742612911667,163.));
#4525=CARTESIAN_POINT('Ctrl Pts',(7.97362107883671,54.9617641950058,138.999924479636));
#4526=CARTESIAN_POINT('Ctrl Pts',(7.97362107883671,54.9617641950058,163.));
#4527=CARTESIAN_POINT('Ctrl Pts',(3.90717278593456,55.,138.999924479636));
#4528=CARTESIAN_POINT('Ctrl Pts',(3.90717278593456,55.,163.));
#4529=CARTESIAN_POINT('Ctrl Pts',(-1.11022302462516E-15,55.,138.999924479636));
#4530=CARTESIAN_POINT('Ctrl Pts',(-1.11022302462516E-15,55.,163.));
#4531=CARTESIAN_POINT('',(20.5,54.4692490156409,163.));
#4532=CARTESIAN_POINT('Ctrl Pts',(20.5,54.4692490156407,163.));
#4533=CARTESIAN_POINT('Ctrl Pts',(17.6589236710218,54.6541502279206,163.));
#4534=CARTESIAN_POINT('Ctrl Pts',(14.7324188953331,54.7742612911667,163.));
#4535=CARTESIAN_POINT('Ctrl Pts',(7.97362107883671,54.9617641950058,163.));
#4536=CARTESIAN_POINT('Ctrl Pts',(3.90717278593456,55.,163.));
#4537=CARTESIAN_POINT('Ctrl Pts',(-1.11022302462516E-15,55.,163.));
#4538=CARTESIAN_POINT('',(20.5,54.4692490156409,139.));
#4539=CARTESIAN_POINT('',(20.5,54.4692490156409,139.));
#4540=CARTESIAN_POINT('Ctrl Pts',(20.5,54.4692490156407,139.));
#4541=CARTESIAN_POINT('Ctrl Pts',(17.6589236710218,54.6541502279206,139.));
#4542=CARTESIAN_POINT('Ctrl Pts',(14.7324188953331,54.7742612911667,139.));
#4543=CARTESIAN_POINT('Ctrl Pts',(7.97362107883671,54.9617641950058,139.));
#4544=CARTESIAN_POINT('Ctrl Pts',(3.90717278593456,55.,139.));
#4545=CARTESIAN_POINT('Ctrl Pts',(-1.11022302462516E-15,55.,139.));
#4546=CARTESIAN_POINT('Ctrl Pts',(22.1,54.3573943972355,139.));
#4547=CARTESIAN_POINT('Ctrl Pts',(22.1,54.3573943972355,163.));
#4548=CARTESIAN_POINT('Ctrl Pts',(21.8374610178091,54.377068929999,139.));
#4549=CARTESIAN_POINT('Ctrl Pts',(21.8374610178091,54.377068929999,163.));
#4550=CARTESIAN_POINT('Ctrl Pts',(21.5747938930884,54.396075665973,139.));
#4551=CARTESIAN_POINT('Ctrl Pts',(21.5747938930884,54.396075665973,163.));
#4552=CARTESIAN_POINT('Ctrl Pts',(21.0415128612361,54.4333698262183,139.));
#4553=CARTESIAN_POINT('Ctrl Pts',(21.0415128612361,54.4333698262183,163.));
#4554=CARTESIAN_POINT('Ctrl Pts',(20.7707355385663,54.4516291689727,139.));
#4555=CARTESIAN_POINT('Ctrl Pts',(20.7707355385663,54.4516291689727,163.));
#4556=CARTESIAN_POINT('Ctrl Pts',(20.5000000000805,54.4692490156354,139.));
#4557=CARTESIAN_POINT('Ctrl Pts',(20.5000000000805,54.4692490156354,163.));
#4558=CARTESIAN_POINT('',(22.1,54.3573943972355,163.));
#4559=CARTESIAN_POINT('Ctrl Pts',(22.1,54.3573943972355,163.));
#4560=CARTESIAN_POINT('Ctrl Pts',(21.8374610178091,54.377068929999,163.));
#4561=CARTESIAN_POINT('Ctrl Pts',(21.5747938930884,54.396075665973,163.));
#4562=CARTESIAN_POINT('Ctrl Pts',(21.0415128612361,54.4333698262183,163.));
#4563=CARTESIAN_POINT('Ctrl Pts',(20.7707355385663,54.4516291689727,163.));
#4564=CARTESIAN_POINT('Ctrl Pts',(20.5000000000805,54.4692490156354,163.));
#4565=CARTESIAN_POINT('',(22.1,54.3573943972355,139.));
#4566=CARTESIAN_POINT('',(22.1,54.3573943972355,139.));
#4567=CARTESIAN_POINT('Ctrl Pts',(22.1,54.3573943972355,139.));
#4568=CARTESIAN_POINT('Ctrl Pts',(21.8374610178091,54.377068929999,139.));
#4569=CARTESIAN_POINT('Ctrl Pts',(21.5747938930884,54.396075665973,139.));
#4570=CARTESIAN_POINT('Ctrl Pts',(21.0415128612361,54.4333698262183,139.));
#4571=CARTESIAN_POINT('Ctrl Pts',(20.7707355385663,54.4516291689727,139.));
#4572=CARTESIAN_POINT('Ctrl Pts',(20.5000000000805,54.4692490156354,139.));
#4573=CARTESIAN_POINT('Ctrl Pts',(55.,6.66133814775094E-15,138.995264553773));
#4574=CARTESIAN_POINT('Ctrl Pts',(55.,6.66133814775094E-15,163.));
#4575=CARTESIAN_POINT('Ctrl Pts',(55.,13.5376629200269,138.995264553773));
#4576=CARTESIAN_POINT('Ctrl Pts',(55.,13.5376629200269,163.));
#4577=CARTESIAN_POINT('Ctrl Pts',(54.5410389304574,22.8998173335613,138.995264553773));
#4578=CARTESIAN_POINT('Ctrl Pts',(54.5410389304574,22.8998173335613,163.));
#4579=CARTESIAN_POINT('Ctrl Pts',(52.8388274774399,34.5966062521538,138.995264553773));
#4580=CARTESIAN_POINT('Ctrl Pts',(52.8388274774399,34.5966062521538,163.));
#4581=CARTESIAN_POINT('Ctrl Pts',(51.8391263867854,38.347609009116,138.995264553773));
#4582=CARTESIAN_POINT('Ctrl Pts',(51.8391263867854,38.347609009116,163.));
#4583=CARTESIAN_POINT('Ctrl Pts',(49.4908780239107,43.4066309435952,138.995264553773));
#4584=CARTESIAN_POINT('Ctrl Pts',(49.4908780239107,43.4066309435952,163.));
#4585=CARTESIAN_POINT('Ctrl Pts',(48.2513803668722,45.2890324209678,138.995264553773));
#4586=CARTESIAN_POINT('Ctrl Pts',(48.2513803668722,45.2890324209678,163.));
#4587=CARTESIAN_POINT('Ctrl Pts',(44.8690844062366,48.5846979274668,138.995264553773));
#4588=CARTESIAN_POINT('Ctrl Pts',(44.8690844062366,48.5846979274668,163.));
#4589=CARTESIAN_POINT('Ctrl Pts',(42.7510872518078,49.9183142876985,138.995264553773));
#4590=CARTESIAN_POINT('Ctrl Pts',(42.7510872518078,49.9183142876985,163.));
#4591=CARTESIAN_POINT('Ctrl Pts',(35.5596714835421,52.8166099385512,138.995264553773));
#4592=CARTESIAN_POINT('Ctrl Pts',(35.5596714835421,52.8166099385512,163.));
#4593=CARTESIAN_POINT('Ctrl Pts',(29.5625307378139,53.7981562822916,138.995264553773));
#4594=CARTESIAN_POINT('Ctrl Pts',(29.5625307378139,53.7981562822916,163.));
#4595=CARTESIAN_POINT('Ctrl Pts',(22.1,54.3573943972355,138.995264553773));
#4596=CARTESIAN_POINT('Ctrl Pts',(22.1,54.3573943972355,163.));
#4597=CARTESIAN_POINT('',(55.,-1.22124532708767E-14,163.));
#4598=CARTESIAN_POINT('Ctrl Pts',(55.,6.66133814775094E-15,163.));
#4599=CARTESIAN_POINT('Ctrl Pts',(55.,13.5376629200269,163.));
#4600=CARTESIAN_POINT('Ctrl Pts',(54.5410389304574,22.8998173335613,163.));
#4601=CARTESIAN_POINT('Ctrl Pts',(52.8388274774399,34.5966062521538,163.));
#4602=CARTESIAN_POINT('Ctrl Pts',(51.8391263867854,38.347609009116,163.));
#4603=CARTESIAN_POINT('Ctrl Pts',(49.4908780239107,43.4066309435952,163.));
#4604=CARTESIAN_POINT('Ctrl Pts',(48.2513803668722,45.2890324209678,163.));
#4605=CARTESIAN_POINT('Ctrl Pts',(44.8690844062366,48.5846979274668,163.));
#4606=CARTESIAN_POINT('Ctrl Pts',(42.7510872518078,49.9183142876985,163.));
#4607=CARTESIAN_POINT('Ctrl Pts',(35.5596714835421,52.8166099385512,163.));
#4608=CARTESIAN_POINT('Ctrl Pts',(29.5625307378139,53.7981562822916,163.));
#4609=CARTESIAN_POINT('Ctrl Pts',(22.1,54.3573943972355,163.));
#4610=CARTESIAN_POINT('',(55.,-1.22124532708767E-14,139.));
#4611=CARTESIAN_POINT('',(55.,-1.22124532708767E-14,139.));
#4612=CARTESIAN_POINT('Ctrl Pts',(55.,6.66133814775094E-15,139.));
#4613=CARTESIAN_POINT('Ctrl Pts',(55.,13.5376629200269,139.));
#4614=CARTESIAN_POINT('Ctrl Pts',(54.5410389304574,22.8998173335613,139.));
#4615=CARTESIAN_POINT('Ctrl Pts',(52.8388274774399,34.5966062521538,139.));
#4616=CARTESIAN_POINT('Ctrl Pts',(51.8391263867854,38.347609009116,139.));
#4617=CARTESIAN_POINT('Ctrl Pts',(49.4908780239107,43.4066309435952,139.));
#4618=CARTESIAN_POINT('Ctrl Pts',(48.2513803668722,45.2890324209678,139.));
#4619=CARTESIAN_POINT('Ctrl Pts',(44.8690844062366,48.5846979274668,139.));
#4620=CARTESIAN_POINT('Ctrl Pts',(42.7510872518078,49.9183142876985,139.));
#4621=CARTESIAN_POINT('Ctrl Pts',(35.5596714835421,52.8166099385512,139.));
#4622=CARTESIAN_POINT('Ctrl Pts',(29.5625307378139,53.7981562822916,139.));
#4623=CARTESIAN_POINT('Ctrl Pts',(22.1,54.3573943972355,139.));
#4624=CARTESIAN_POINT('Ctrl Pts',(-8.88178419700125E-15,-55.,138.998196493721));
#4625=CARTESIAN_POINT('Ctrl Pts',(-8.88178419700125E-15,-55.,163.));
#4626=CARTESIAN_POINT('Ctrl Pts',(18.4985182512891,-55.,138.998196493721));
#4627=CARTESIAN_POINT('Ctrl Pts',(18.4985182512891,-55.,163.));
#4628=CARTESIAN_POINT('Ctrl Pts',(29.4702244546802,-54.1429252877041,138.998196493721));
#4629=CARTESIAN_POINT('Ctrl Pts',(29.4702244546802,-54.1429252877041,163.));
#4630=CARTESIAN_POINT('Ctrl Pts',(39.7364814788248,-51.2825226729332,138.998196493721));
#4631=CARTESIAN_POINT('Ctrl Pts',(39.7364814788248,-51.2825226729332,163.));
#4632=CARTESIAN_POINT('Ctrl Pts',(42.2035401066384,-50.1991998204407,138.998196493721));
#4633=CARTESIAN_POINT('Ctrl Pts',(42.2035401066384,-50.1991998204407,163.));
#4634=CARTESIAN_POINT('Ctrl Pts',(46.1634937697336,-47.5147404266171,138.998196493721));
#4635=CARTESIAN_POINT('Ctrl Pts',(46.1634937697336,-47.5147404266171,163.));
#4636=CARTESIAN_POINT('Ctrl Pts',(47.7253591958859,-45.9193374181498,138.998196493721));
#4637=CARTESIAN_POINT('Ctrl Pts',(47.7253591958859,-45.9193374181498,163.));
#4638=CARTESIAN_POINT('Ctrl Pts',(50.5903342326,-41.5327801330397,138.998196493721));
#4639=CARTESIAN_POINT('Ctrl Pts',(50.5903342326,-41.5327801330397,163.));
#4640=CARTESIAN_POINT('Ctrl Pts',(51.7834201337899,-38.4775874486166,138.998196493721));
#4641=CARTESIAN_POINT('Ctrl Pts',(51.7834201337899,-38.4775874486166,163.));
#4642=CARTESIAN_POINT('Ctrl Pts',(54.2905407535863,-27.3599285017665,138.998196493721));
#4643=CARTESIAN_POINT('Ctrl Pts',(54.2905407535863,-27.3599285017665,163.));
#4644=CARTESIAN_POINT('Ctrl Pts',(55.,-16.8302862017669,138.998196493721));
#4645=CARTESIAN_POINT('Ctrl Pts',(55.,-16.8302862017669,163.));
#4646=CARTESIAN_POINT('Ctrl Pts',(55.,-8.88178419700125E-15,138.998196493721));
#4647=CARTESIAN_POINT('Ctrl Pts',(55.,-8.88178419700125E-15,163.));
#4648=CARTESIAN_POINT('',(-3.33066907387547E-15,-55.,163.));
#4649=CARTESIAN_POINT('Ctrl Pts',(-8.88178419700125E-15,-55.,163.));
#4650=CARTESIAN_POINT('Ctrl Pts',(18.4985182512891,-55.,163.));
#4651=CARTESIAN_POINT('Ctrl Pts',(29.4702244546802,-54.1429252877041,163.));
#4652=CARTESIAN_POINT('Ctrl Pts',(39.7364814788248,-51.2825226729332,163.));
#4653=CARTESIAN_POINT('Ctrl Pts',(42.2035401066384,-50.1991998204407,163.));
#4654=CARTESIAN_POINT('Ctrl Pts',(46.1634937697336,-47.5147404266171,163.));
#4655=CARTESIAN_POINT('Ctrl Pts',(47.7253591958859,-45.9193374181498,163.));
#4656=CARTESIAN_POINT('Ctrl Pts',(50.5903342326,-41.5327801330397,163.));
#4657=CARTESIAN_POINT('Ctrl Pts',(51.7834201337899,-38.4775874486166,163.));
#4658=CARTESIAN_POINT('Ctrl Pts',(54.2905407535863,-27.3599285017665,163.));
#4659=CARTESIAN_POINT('Ctrl Pts',(55.,-16.8302862017669,163.));
#4660=CARTESIAN_POINT('Ctrl Pts',(55.,-8.88178419700125E-15,163.));
#4661=CARTESIAN_POINT('',(-3.33066907387547E-15,-55.,139.));
#4662=CARTESIAN_POINT('',(-3.33066907387547E-15,-55.,139.));
#4663=CARTESIAN_POINT('Ctrl Pts',(-8.88178419700125E-15,-55.,139.));
#4664=CARTESIAN_POINT('Ctrl Pts',(18.4985182512891,-55.,139.));
#4665=CARTESIAN_POINT('Ctrl Pts',(29.4702244546802,-54.1429252877041,139.));
#4666=CARTESIAN_POINT('Ctrl Pts',(39.7364814788248,-51.2825226729332,139.));
#4667=CARTESIAN_POINT('Ctrl Pts',(42.2035401066384,-50.1991998204407,139.));
#4668=CARTESIAN_POINT('Ctrl Pts',(46.1634937697336,-47.5147404266171,139.));
#4669=CARTESIAN_POINT('Ctrl Pts',(47.7253591958859,-45.9193374181498,139.));
#4670=CARTESIAN_POINT('Ctrl Pts',(50.5903342326,-41.5327801330397,139.));
#4671=CARTESIAN_POINT('Ctrl Pts',(51.7834201337899,-38.4775874486166,139.));
#4672=CARTESIAN_POINT('Ctrl Pts',(54.2905407535863,-27.3599285017665,139.));
#4673=CARTESIAN_POINT('Ctrl Pts',(55.,-16.8302862017669,139.));
#4674=CARTESIAN_POINT('Ctrl Pts',(55.,-8.88178419700125E-15,139.));
#4675=CARTESIAN_POINT('Ctrl Pts',(-55.,4.44089209850063E-15,138.998196493721));
#4676=CARTESIAN_POINT('Ctrl Pts',(-55.,4.44089209850063E-15,163.));
#4677=CARTESIAN_POINT('Ctrl Pts',(-55.,-18.4985182512886,138.998196493721));
#4678=CARTESIAN_POINT('Ctrl Pts',(-55.,-18.4985182512886,163.));
#4679=CARTESIAN_POINT('Ctrl Pts',(-54.1429252877041,-29.47022445468,138.998196493721));
#4680=CARTESIAN_POINT('Ctrl Pts',(-54.1429252877041,-29.47022445468,163.));
#4681=CARTESIAN_POINT('Ctrl Pts',(-51.2825226729337,-39.7364814788227,138.998196493721));
#4682=CARTESIAN_POINT('Ctrl Pts',(-51.2825226729337,-39.7364814788227,163.));
#4683=CARTESIAN_POINT('Ctrl Pts',(-50.1991998204415,-42.2035401066371,138.998196493721));
#4684=CARTESIAN_POINT('Ctrl Pts',(-50.1991998204415,-42.2035401066371,163.));
#4685=CARTESIAN_POINT('Ctrl Pts',(-47.5147404266171,-46.1634937697336,138.998196493721));
#4686=CARTESIAN_POINT('Ctrl Pts',(-47.5147404266171,-46.1634937697336,163.));
#4687=CARTESIAN_POINT('Ctrl Pts',(-45.9193374181498,-47.7253591958858,138.998196493721));
#4688=CARTESIAN_POINT('Ctrl Pts',(-45.9193374181498,-47.7253591958858,163.));
#4689=CARTESIAN_POINT('Ctrl Pts',(-41.5327801330402,-50.5903342325997,138.998196493721));
#4690=CARTESIAN_POINT('Ctrl Pts',(-41.5327801330402,-50.5903342325997,163.));
#4691=CARTESIAN_POINT('Ctrl Pts',(-38.4775874486174,-51.7834201337897,138.998196493721));
#4692=CARTESIAN_POINT('Ctrl Pts',(-38.4775874486174,-51.7834201337897,163.));
#4693=CARTESIAN_POINT('Ctrl Pts',(-27.3599285017665,-54.2905407535863,138.998196493721));
#4694=CARTESIAN_POINT('Ctrl Pts',(-27.3599285017665,-54.2905407535863,163.));
#4695=CARTESIAN_POINT('Ctrl Pts',(-16.8302862017669,-55.,138.998196493721));
#4696=CARTESIAN_POINT('Ctrl Pts',(-16.8302862017669,-55.,163.));
#4697=CARTESIAN_POINT('Ctrl Pts',(-4.44089209850063E-15,-55.,138.998196493721));
#4698=CARTESIAN_POINT('Ctrl Pts',(-4.44089209850063E-15,-55.,163.));
#4699=CARTESIAN_POINT('',(-55.,-2.14622680169081E-15,163.));
#4700=CARTESIAN_POINT('Ctrl Pts',(-55.,4.44089209850063E-15,163.));
#4701=CARTESIAN_POINT('Ctrl Pts',(-55.,-18.4985182512886,163.));
#4702=CARTESIAN_POINT('Ctrl Pts',(-54.1429252877041,-29.47022445468,163.));
#4703=CARTESIAN_POINT('Ctrl Pts',(-51.2825226729337,-39.7364814788227,163.));
#4704=CARTESIAN_POINT('Ctrl Pts',(-50.1991998204415,-42.2035401066371,163.));
#4705=CARTESIAN_POINT('Ctrl Pts',(-47.5147404266171,-46.1634937697336,163.));
#4706=CARTESIAN_POINT('Ctrl Pts',(-45.9193374181498,-47.7253591958858,163.));
#4707=CARTESIAN_POINT('Ctrl Pts',(-41.5327801330402,-50.5903342325997,163.));
#4708=CARTESIAN_POINT('Ctrl Pts',(-38.4775874486174,-51.7834201337897,163.));
#4709=CARTESIAN_POINT('Ctrl Pts',(-27.3599285017665,-54.2905407535863,163.));
#4710=CARTESIAN_POINT('Ctrl Pts',(-16.8302862017669,-55.,163.));
#4711=CARTESIAN_POINT('Ctrl Pts',(-4.44089209850063E-15,-55.,163.));
#4712=CARTESIAN_POINT('',(-55.,-2.14622680169081E-15,139.));
#4713=CARTESIAN_POINT('',(-55.,-2.14622680169081E-15,139.));
#4714=CARTESIAN_POINT('Ctrl Pts',(-55.,4.44089209850063E-15,139.));
#4715=CARTESIAN_POINT('Ctrl Pts',(-55.,-18.4985182512886,139.));
#4716=CARTESIAN_POINT('Ctrl Pts',(-54.1429252877041,-29.47022445468,139.));
#4717=CARTESIAN_POINT('Ctrl Pts',(-51.2825226729337,-39.7364814788227,139.));
#4718=CARTESIAN_POINT('Ctrl Pts',(-50.1991998204415,-42.2035401066371,139.));
#4719=CARTESIAN_POINT('Ctrl Pts',(-47.5147404266171,-46.1634937697336,139.));
#4720=CARTESIAN_POINT('Ctrl Pts',(-45.9193374181498,-47.7253591958858,139.));
#4721=CARTESIAN_POINT('Ctrl Pts',(-41.5327801330402,-50.5903342325997,139.));
#4722=CARTESIAN_POINT('Ctrl Pts',(-38.4775874486174,-51.7834201337897,139.));
#4723=CARTESIAN_POINT('Ctrl Pts',(-27.3599285017665,-54.2905407535863,139.));
#4724=CARTESIAN_POINT('Ctrl Pts',(-16.8302862017669,-55.,139.));
#4725=CARTESIAN_POINT('Ctrl Pts',(-4.44089209850063E-15,-55.,139.));
#4726=CARTESIAN_POINT('Ctrl Pts',(-22.1000000004231,54.3573943972038,138.997292639869));
#4727=CARTESIAN_POINT('Ctrl Pts',(-22.1000000004231,54.3573943972038,163.));
#4728=CARTESIAN_POINT('Ctrl Pts',(-27.1583133724428,53.9783270627492,138.997292639869));
#4729=CARTESIAN_POINT('Ctrl Pts',(-27.1583133724428,53.9783270627492,163.));
#4730=CARTESIAN_POINT('Ctrl Pts',(-31.6480008782406,53.3971881382741,138.997292639869));
#4731=CARTESIAN_POINT('Ctrl Pts',(-31.6480008782406,53.3971881382741,163.));
#4732=CARTESIAN_POINT('Ctrl Pts',(-38.6356844853728,51.6685927025371,138.997292639869));
#4733=CARTESIAN_POINT('Ctrl Pts',(-38.6356844853728,51.6685927025371,163.));
#4734=CARTESIAN_POINT('Ctrl Pts',(-41.1888546118133,50.6760821855802,138.997292639869));
#4735=CARTESIAN_POINT('Ctrl Pts',(-41.1888546118133,50.6760821855802,163.));
#4736=CARTESIAN_POINT('Ctrl Pts',(-45.2951007843422,48.2269874083795,138.997292639869));
#4737=CARTESIAN_POINT('Ctrl Pts',(-45.2951007843422,48.2269874083795,163.));
#4738=CARTESIAN_POINT('Ctrl Pts',(-46.9694006464783,46.7518116639555,138.997292639869));
#4739=CARTESIAN_POINT('Ctrl Pts',(-46.9694006464783,46.7518116639555,163.));
#4740=CARTESIAN_POINT('Ctrl Pts',(-49.9754407686641,42.7162905167762,138.997292639869));
#4741=CARTESIAN_POINT('Ctrl Pts',(-49.9754407686641,42.7162905167762,163.));
#4742=CARTESIAN_POINT('Ctrl Pts',(-51.2139957379021,40.0165723112895,138.997292639869));
#4743=CARTESIAN_POINT('Ctrl Pts',(-51.2139957379021,40.0165723112895,163.));
#4744=CARTESIAN_POINT('Ctrl Pts',(-54.1507757373365,29.3689323962364,138.997292639869));
#4745=CARTESIAN_POINT('Ctrl Pts',(-54.1507757373365,29.3689323962364,163.));
#4746=CARTESIAN_POINT('Ctrl Pts',(-55.,18.4313794560214,138.997292639869));
#4747=CARTESIAN_POINT('Ctrl Pts',(-55.,18.4313794560214,163.));
#4748=CARTESIAN_POINT('Ctrl Pts',(-55.,8.88178419700125E-15,138.997292639869));
#4749=CARTESIAN_POINT('Ctrl Pts',(-55.,8.88178419700125E-15,163.));
#4750=CARTESIAN_POINT('Ctrl Pts',(-22.1000000004231,54.3573943972038,163.));
#4751=CARTESIAN_POINT('Ctrl Pts',(-27.1583133724428,53.9783270627492,163.));
#4752=CARTESIAN_POINT('Ctrl Pts',(-31.6480008782406,53.3971881382741,163.));
#4753=CARTESIAN_POINT('Ctrl Pts',(-38.6356844853728,51.6685927025371,163.));
#4754=CARTESIAN_POINT('Ctrl Pts',(-41.1888546118133,50.6760821855802,163.));
#4755=CARTESIAN_POINT('Ctrl Pts',(-45.2951007843422,48.2269874083795,163.));
#4756=CARTESIAN_POINT('Ctrl Pts',(-46.9694006464783,46.7518116639555,163.));
#4757=CARTESIAN_POINT('Ctrl Pts',(-49.9754407686641,42.7162905167762,163.));
#4758=CARTESIAN_POINT('Ctrl Pts',(-51.2139957379021,40.0165723112895,163.));
#4759=CARTESIAN_POINT('Ctrl Pts',(-54.1507757373365,29.3689323962364,163.));
#4760=CARTESIAN_POINT('Ctrl Pts',(-55.,18.4313794560214,163.));
#4761=CARTESIAN_POINT('Ctrl Pts',(-55.,8.88178419700125E-15,163.));
#4762=CARTESIAN_POINT('Ctrl Pts',(-22.1000000004231,54.3573943972038,139.));
#4763=CARTESIAN_POINT('Ctrl Pts',(-27.1583133724428,53.9783270627492,139.));
#4764=CARTESIAN_POINT('Ctrl Pts',(-31.6480008782406,53.3971881382741,139.));
#4765=CARTESIAN_POINT('Ctrl Pts',(-38.6356844853728,51.6685927025371,139.));
#4766=CARTESIAN_POINT('Ctrl Pts',(-41.1888546118133,50.6760821855802,139.));
#4767=CARTESIAN_POINT('Ctrl Pts',(-45.2951007843422,48.2269874083795,139.));
#4768=CARTESIAN_POINT('Ctrl Pts',(-46.9694006464783,46.7518116639555,139.));
#4769=CARTESIAN_POINT('Ctrl Pts',(-49.9754407686641,42.7162905167762,139.));
#4770=CARTESIAN_POINT('Ctrl Pts',(-51.2139957379021,40.0165723112895,139.));
#4771=CARTESIAN_POINT('Ctrl Pts',(-54.1507757373365,29.3689323962364,139.));
#4772=CARTESIAN_POINT('Ctrl Pts',(-55.,18.4313794560214,139.));
#4773=CARTESIAN_POINT('Ctrl Pts',(-55.,8.88178419700125E-15,139.));
#4774=CARTESIAN_POINT('Ctrl Pts',(-55.,-2.14622680169081E-15,158.));
#4775=CARTESIAN_POINT('Ctrl Pts',(-55.,-2.14622680169081E-15,170.));
#4776=CARTESIAN_POINT('Ctrl Pts',(-55.,-55.,158.));
#4777=CARTESIAN_POINT('Ctrl Pts',(-55.,-55.,170.));
#4778=CARTESIAN_POINT('Ctrl Pts',(-6.73555739531044E-15,-55.,158.));
#4779=CARTESIAN_POINT('Ctrl Pts',(-6.73555739531044E-15,-55.,170.));
#4780=CARTESIAN_POINT('',(0.,-55.,168.));
#4781=CARTESIAN_POINT('',(-3.33066907387547E-15,-55.,164.));
#4782=CARTESIAN_POINT('',(-55.,0.,168.));
#4783=CARTESIAN_POINT('Ctrl Pts',(-55.,-2.14622680169081E-15,168.));
#4784=CARTESIAN_POINT('Ctrl Pts',(-55.,-55.,168.));
#4785=CARTESIAN_POINT('Ctrl Pts',(-6.73555739531044E-15,-55.,168.));
#4786=CARTESIAN_POINT('',(-55.,-2.14622680169081E-15,164.));
#4787=CARTESIAN_POINT('Ctrl Pts',(-3.33066907387547E-15,-55.,158.));
#4788=CARTESIAN_POINT('Ctrl Pts',(-3.33066907387547E-15,-55.,170.));
#4789=CARTESIAN_POINT('Ctrl Pts',(55.,-55.,158.));
#4790=CARTESIAN_POINT('Ctrl Pts',(55.,-55.,170.));
#4791=CARTESIAN_POINT('Ctrl Pts',(55.,-1.22124532708767E-14,158.));
#4792=CARTESIAN_POINT('Ctrl Pts',(55.,-1.22124532708767E-14,170.));
#4793=CARTESIAN_POINT('',(55.,-1.33226762955019E-14,168.));
#4794=CARTESIAN_POINT('',(55.,-1.22124532708767E-14,164.));
#4795=CARTESIAN_POINT('Ctrl Pts',(-3.33066907387547E-15,-55.,168.));
#4796=CARTESIAN_POINT('Ctrl Pts',(55.,-55.,168.));
#4797=CARTESIAN_POINT('Ctrl Pts',(55.,-1.22124532708767E-14,168.));
#4798=CARTESIAN_POINT('Ctrl Pts',(55.,8.88178419700125E-15,158.));
#4799=CARTESIAN_POINT('Ctrl Pts',(55.,8.88178419700125E-15,170.));
#4800=CARTESIAN_POINT('Ctrl Pts',(55.,51.89188576108,158.));
#4801=CARTESIAN_POINT('Ctrl Pts',(55.,51.89188576108,170.));
#4802=CARTESIAN_POINT('Ctrl Pts',(22.1,54.3573943972355,158.));
#4803=CARTESIAN_POINT('Ctrl Pts',(22.1,54.3573943972355,170.));
#4804=CARTESIAN_POINT('',(22.1,54.3573943972355,168.));
#4805=CARTESIAN_POINT('',(22.1,54.3573943972355,164.));
#4806=CARTESIAN_POINT('Ctrl Pts',(55.,8.88178419700125E-15,168.));
#4807=CARTESIAN_POINT('Ctrl Pts',(55.,51.89188576108,168.));
#4808=CARTESIAN_POINT('Ctrl Pts',(22.1,54.3573943972355,168.));
#4809=CARTESIAN_POINT('Ctrl Pts',(22.1,54.3573943972355,158.));
#4810=CARTESIAN_POINT('Ctrl Pts',(22.1,54.3573943972355,170.));
#4811=CARTESIAN_POINT('Ctrl Pts',(21.3164409142056,54.4161139015809,158.));
#4812=CARTESIAN_POINT('Ctrl Pts',(21.3164409142056,54.4161139015809,170.));
#4813=CARTESIAN_POINT('Ctrl Pts',(20.5000000000805,54.4692490156354,158.));
#4814=CARTESIAN_POINT('Ctrl Pts',(20.5000000000805,54.4692490156354,170.));
#4815=CARTESIAN_POINT('',(20.5,54.4692490156409,168.));
#4816=CARTESIAN_POINT('',(20.5,54.4692490156409,164.));
#4817=CARTESIAN_POINT('Ctrl Pts',(22.1,54.3573943972355,168.));
#4818=CARTESIAN_POINT('Ctrl Pts',(21.3164409142055,54.4161139015809,168.));
#4819=CARTESIAN_POINT('Ctrl Pts',(20.5000000000805,54.4692490156354,168.));
#4820=CARTESIAN_POINT('Origin',(29.,24.5,167.25));
#4821=CARTESIAN_POINT('',(31.3400000149012,24.5,166.5));
#4822=CARTESIAN_POINT('Origin',(29.,24.5,166.5));
#4823=CARTESIAN_POINT('',(32.8400000149012,24.5,168.));
#4824=CARTESIAN_POINT('',(32.0900000149012,24.5,167.25));
#4825=CARTESIAN_POINT('Origin',(29.,24.5,168.));
#4826=CARTESIAN_POINT('Origin',(29.,24.5,166.5));
#4827=CARTESIAN_POINT('Origin',(-29.,-24.5,166.5));
#4828=CARTESIAN_POINT('Origin',(-29.,24.5,167.25));
#4829=CARTESIAN_POINT('',(-26.6599999850988,24.5,166.5));
#4830=CARTESIAN_POINT('Origin',(-29.,24.5,166.5));
#4831=CARTESIAN_POINT('',(-25.1599999850988,24.5,168.));
#4832=CARTESIAN_POINT('',(-25.9099999850988,24.5,167.25));
#4833=CARTESIAN_POINT('Origin',(-29.,24.5,168.));
#4834=CARTESIAN_POINT('Origin',(-29.,24.5,166.5));
#4835=CARTESIAN_POINT('Ctrl Pts',(-49.5071067811865,1.12969563720811E-14,
166.707106781187));
#4836=CARTESIAN_POINT('Ctrl Pts',(-49.5071067811865,-1.30710678118634,166.707106781187));
#4837=CARTESIAN_POINT('Ctrl Pts',(-48.2000000000002,-1.30710678118634,166.707106781187));
#4838=CARTESIAN_POINT('Ctrl Pts',(-46.8928932188138,-1.30710678118634,166.707106781187));
#4839=CARTESIAN_POINT('Ctrl Pts',(-46.8928932188138,1.12969563720812E-14,
166.707106781187));
#4840=CARTESIAN_POINT('Ctrl Pts',(-46.8928932188138,1.30710678118637,166.707106781187));
#4841=CARTESIAN_POINT('Ctrl Pts',(-48.2000000000002,1.30710678118637,166.707106781187));
#4842=CARTESIAN_POINT('Ctrl Pts',(-49.5071067811865,1.30710678118637,166.707106781187));
#4843=CARTESIAN_POINT('Ctrl Pts',(-49.5071067811865,1.12969563720811E-14,
166.707106781187));
#4844=CARTESIAN_POINT('Ctrl Pts',(-49.8000000000003,9.08670748982759E-15,
167.));
#4845=CARTESIAN_POINT('Ctrl Pts',(-49.8000000000003,-1.60000000000016,167.));
#4846=CARTESIAN_POINT('Ctrl Pts',(-48.2000000000001,-1.60000000000016,167.));
#4847=CARTESIAN_POINT('Ctrl Pts',(-46.6,-1.60000000000016,167.));
#4848=CARTESIAN_POINT('Ctrl Pts',(-46.6,9.08670748982765E-15,167.));
#4849=CARTESIAN_POINT('Ctrl Pts',(-46.6,1.60000000000018,167.));
#4850=CARTESIAN_POINT('Ctrl Pts',(-48.2000000000001,1.60000000000018,167.));
#4851=CARTESIAN_POINT('Ctrl Pts',(-49.8000000000003,1.60000000000018,167.));
#4852=CARTESIAN_POINT('Ctrl Pts',(-49.8000000000003,9.08670748982759E-15,
167.));
#4853=CARTESIAN_POINT('Ctrl Pts',(-49.8,5.96094354432172E-15,167.414213562373));
#4854=CARTESIAN_POINT('Ctrl Pts',(-49.8,-1.59999999999996,167.414213562373));
#4855=CARTESIAN_POINT('Ctrl Pts',(-48.2000000000001,-1.59999999999996,167.414213562373));
#4856=CARTESIAN_POINT('Ctrl Pts',(-46.6000000000001,-1.59999999999996,167.414213562373));
#4857=CARTESIAN_POINT('Ctrl Pts',(-46.6000000000001,5.96094354432167E-15,
167.414213562373));
#4858=CARTESIAN_POINT('Ctrl Pts',(-46.6000000000001,1.59999999999997,167.414213562373));
#4859=CARTESIAN_POINT('Ctrl Pts',(-48.2000000000001,1.59999999999997,167.414213562373));
#4860=CARTESIAN_POINT('Ctrl Pts',(-49.8,1.59999999999997,167.414213562373));
#4861=CARTESIAN_POINT('Ctrl Pts',(-49.8,5.96094354432172E-15,167.414213562373));
#4862=CARTESIAN_POINT('',(-46.6,2.30637957383113E-16,167.414213562373));
#4863=CARTESIAN_POINT('',(-49.8,5.76500005646211E-15,167.414213562373));
#4864=CARTESIAN_POINT('Origin',(-48.2,3.46944695195361E-17,167.414213562373));
#4865=CARTESIAN_POINT('',(-49.5071067811866,1.11368819585088E-14,166.707106781187));
#4866=CARTESIAN_POINT('Origin',(-48.8000000000019,5.88746473637624E-15,
167.414213562373));
#4867=CARTESIAN_POINT('',(-46.8928932188134,3.46944695195356E-17,166.707106781187));
#4868=CARTESIAN_POINT('Origin',(-48.2,1.14731676305731E-16,166.707106781187));
#4869=CARTESIAN_POINT('Origin',(-48.2,1.14731676305731E-16,166.707106781187));
#4870=CARTESIAN_POINT('Origin',(-48.2,3.46944695195361E-17,167.414213562373));
#4871=CARTESIAN_POINT('Origin',(-48.2,3.46944695195361E-17,166.5));
#4872=CARTESIAN_POINT('',(-47.6,-3.87843384293057E-17,166.));
#4873=CARTESIAN_POINT('Origin',(-48.2,3.46944695195361E-17,166.));
#4874=CARTESIAN_POINT('',(-47.1,1.69405617425745E-16,166.5));
#4875=CARTESIAN_POINT('Origin',(-48.2,3.46944695195361E-17,168.));
#4876=CARTESIAN_POINT('',(-46.6,2.30637957383113E-16,168.));
#4877=CARTESIAN_POINT('Origin',(-48.2,3.46944695195361E-17,168.));
#4878=CARTESIAN_POINT('',(-46.6,-1.6124901834404E-16,168.));
#4879=CARTESIAN_POINT('Ctrl Pts',(46.8928932188134,2.16340699412553E-14,
166.707106781187));
#4880=CARTESIAN_POINT('Ctrl Pts',(46.8928932188134,-1.30710678118645,166.707106781187));
#4881=CARTESIAN_POINT('Ctrl Pts',(48.1999999999999,-1.30710678118645,166.707106781187));
#4882=CARTESIAN_POINT('Ctrl Pts',(49.5071067811864,-1.30710678118645,166.707106781187));
#4883=CARTESIAN_POINT('Ctrl Pts',(49.5071067811864,2.16340699412545E-14,
166.707106781187));
#4884=CARTESIAN_POINT('Ctrl Pts',(49.5071067811864,1.30710678118649,166.707106781187));
#4885=CARTESIAN_POINT('Ctrl Pts',(48.1999999999999,1.30710678118649,166.707106781187));
#4886=CARTESIAN_POINT('Ctrl Pts',(46.8928932188134,1.30710678118649,166.707106781187));
#4887=CARTESIAN_POINT('Ctrl Pts',(46.8928932188134,2.16340699412553E-14,
166.707106781187));
#4888=CARTESIAN_POINT('Ctrl Pts',(46.5999999999998,1.6557584024572E-14,
167.));
#4889=CARTESIAN_POINT('Ctrl Pts',(46.5999999999998,-1.60000000000006,167.));
#4890=CARTESIAN_POINT('Ctrl Pts',(48.1999999999999,-1.60000000000006,167.));
#4891=CARTESIAN_POINT('Ctrl Pts',(49.8,-1.60000000000006,167.));
#4892=CARTESIAN_POINT('Ctrl Pts',(49.8,1.6557584024571E-14,167.));
#4893=CARTESIAN_POINT('Ctrl Pts',(49.8,1.60000000000009,167.));
#4894=CARTESIAN_POINT('Ctrl Pts',(48.1999999999999,1.60000000000009,167.));
#4895=CARTESIAN_POINT('Ctrl Pts',(46.5999999999998,1.60000000000009,167.));
#4896=CARTESIAN_POINT('Ctrl Pts',(46.5999999999998,1.6557584024572E-14,
167.));
#4897=CARTESIAN_POINT('Ctrl Pts',(46.6,9.37834879199543E-15,167.414213562373));
#4898=CARTESIAN_POINT('Ctrl Pts',(46.6,-1.59999999999996,167.414213562373));
#4899=CARTESIAN_POINT('Ctrl Pts',(48.1999999999999,-1.59999999999996,167.414213562373));
#4900=CARTESIAN_POINT('Ctrl Pts',(49.7999999999999,-1.59999999999996,167.414213562373));
#4901=CARTESIAN_POINT('Ctrl Pts',(49.7999999999999,9.37834879199518E-15,
167.414213562373));
#4902=CARTESIAN_POINT('Ctrl Pts',(49.7999999999999,1.59999999999997,167.414213562373));
#4903=CARTESIAN_POINT('Ctrl Pts',(48.1999999999999,1.59999999999998,167.414213562373));
#4904=CARTESIAN_POINT('Ctrl Pts',(46.6,1.59999999999997,167.414213562373));
#4905=CARTESIAN_POINT('Ctrl Pts',(46.6,9.37834879199543E-15,167.414213562373));
#4906=CARTESIAN_POINT('',(49.8,2.30637957383113E-16,167.414213562373));
#4907=CARTESIAN_POINT('',(46.6,9.18240530413435E-15,167.414213562373));
#4908=CARTESIAN_POINT('Origin',(48.2,3.46944695195361E-17,167.414213562373));
#4909=CARTESIAN_POINT('',(46.8928932188135,2.14739955276816E-14,166.707106781187));
#4910=CARTESIAN_POINT('Origin',(47.5999999999982,9.30486998405056E-15,167.414213562373));
#4911=CARTESIAN_POINT('',(49.5071067811865,3.46944695195356E-17,166.707106781187));
#4912=CARTESIAN_POINT('Origin',(48.2,1.14731676305731E-16,166.707106781187));
#4913=CARTESIAN_POINT('Origin',(48.2,1.14731676305731E-16,166.707106781187));
#4914=CARTESIAN_POINT('Origin',(48.2,3.46944695195361E-17,167.414213562373));
#4915=CARTESIAN_POINT('Origin',(48.2,3.46944695195361E-17,166.5));
#4916=CARTESIAN_POINT('',(48.8,-3.87843384293057E-17,166.));
#4917=CARTESIAN_POINT('Origin',(48.2,3.46944695195361E-17,166.));
#4918=CARTESIAN_POINT('',(49.3,1.69405617425745E-16,166.5));
#4919=CARTESIAN_POINT('Origin',(48.2,3.46944695195361E-17,168.));
#4920=CARTESIAN_POINT('',(49.8,2.30637957383113E-16,168.));
#4921=CARTESIAN_POINT('Origin',(48.2,3.46944695195361E-17,168.));
#4922=CARTESIAN_POINT('',(49.8,-1.6124901834404E-16,168.));
#4923=CARTESIAN_POINT('Ctrl Pts',(32.7754400720051,-34.0825468531916,166.707106781187));
#4924=CARTESIAN_POINT('Ctrl Pts',(32.7754400720051,-35.389653634378,166.707106781187));
#4925=CARTESIAN_POINT('Ctrl Pts',(34.0825468531915,-35.389653634378,166.707106781187));
#4926=CARTESIAN_POINT('Ctrl Pts',(35.389653634378,-35.389653634378,166.707106781187));
#4927=CARTESIAN_POINT('Ctrl Pts',(35.389653634378,-34.0825468531916,166.707106781187));
#4928=CARTESIAN_POINT('Ctrl Pts',(35.389653634378,-32.7754400720051,166.707106781187));
#4929=CARTESIAN_POINT('Ctrl Pts',(34.0825468531915,-32.7754400720051,166.707106781187));
#4930=CARTESIAN_POINT('Ctrl Pts',(32.7754400720051,-32.7754400720051,166.707106781187));
#4931=CARTESIAN_POINT('Ctrl Pts',(32.7754400720051,-34.0825468531916,166.707106781187));
#4932=CARTESIAN_POINT('Ctrl Pts',(32.4825468531915,-34.0825468531916,167.));
#4933=CARTESIAN_POINT('Ctrl Pts',(32.4825468531915,-35.6825468531917,167.));
#4934=CARTESIAN_POINT('Ctrl Pts',(34.0825468531915,-35.6825468531917,167.));
#4935=CARTESIAN_POINT('Ctrl Pts',(35.6825468531916,-35.6825468531917,167.));
#4936=CARTESIAN_POINT('Ctrl Pts',(35.6825468531916,-34.0825468531916,167.));
#4937=CARTESIAN_POINT('Ctrl Pts',(35.6825468531916,-32.4825468531915,167.));
#4938=CARTESIAN_POINT('Ctrl Pts',(34.0825468531915,-32.4825468531915,167.));
#4939=CARTESIAN_POINT('Ctrl Pts',(32.4825468531915,-32.4825468531915,167.));
#4940=CARTESIAN_POINT('Ctrl Pts',(32.4825468531915,-34.0825468531916,167.));
#4941=CARTESIAN_POINT('Ctrl Pts',(32.4825468531916,-34.0825468531916,167.414213562373));
#4942=CARTESIAN_POINT('Ctrl Pts',(32.4825468531916,-35.6825468531916,167.414213562373));
#4943=CARTESIAN_POINT('Ctrl Pts',(34.0825468531916,-35.6825468531916,167.414213562373));
#4944=CARTESIAN_POINT('Ctrl Pts',(35.6825468531915,-35.6825468531916,167.414213562373));
#4945=CARTESIAN_POINT('Ctrl Pts',(35.6825468531915,-34.0825468531916,167.414213562373));
#4946=CARTESIAN_POINT('Ctrl Pts',(35.6825468531915,-32.4825468531916,167.414213562373));
#4947=CARTESIAN_POINT('Ctrl Pts',(34.0825468531916,-32.4825468531916,167.414213562373));
#4948=CARTESIAN_POINT('Ctrl Pts',(32.4825468531916,-32.4825468531916,167.414213562373));
#4949=CARTESIAN_POINT('Ctrl Pts',(32.4825468531916,-34.0825468531916,167.414213562373));
#4950=CARTESIAN_POINT('',(35.6825468531916,-34.0825468531916,167.414213562373));
#4951=CARTESIAN_POINT('',(32.4825468531916,-34.0825468531916,167.414213562373));
#4952=CARTESIAN_POINT('Origin',(34.0825468531916,-34.0825468531916,167.414213562373));
#4953=CARTESIAN_POINT('',(32.7754400720051,-34.0825468531916,166.707106781187));
#4954=CARTESIAN_POINT('Origin',(33.4825468531896,-34.0825468531916,167.414213562373));
#4955=CARTESIAN_POINT('',(35.3896536343781,-34.0825468531916,166.707106781187));
#4956=CARTESIAN_POINT('Origin',(34.0825468531916,-34.0825468531916,166.707106781187));
#4957=CARTESIAN_POINT('Origin',(34.0825468531916,-34.0825468531916,166.707106781187));
#4958=CARTESIAN_POINT('Origin',(34.0825468531916,-34.0825468531916,167.414213562373));
#4959=CARTESIAN_POINT('Origin',(34.0825468531916,-34.0825468531916,166.5));
#4960=CARTESIAN_POINT('',(34.6825468531916,-34.0825468531916,166.));
#4961=CARTESIAN_POINT('Origin',(34.0825468531916,-34.0825468531916,166.));
#4962=CARTESIAN_POINT('',(35.1825468531916,-34.0825468531916,166.5));
#4963=CARTESIAN_POINT('Origin',(34.0825468531916,-34.0825468531916,168.));
#4964=CARTESIAN_POINT('',(35.6825468531916,-34.0825468531916,168.));
#4965=CARTESIAN_POINT('Origin',(34.0825468531916,-34.0825468531916,168.));
#4966=CARTESIAN_POINT('',(35.6825468531916,-34.0825468531916,168.));
#4967=CARTESIAN_POINT('Ctrl Pts',(-35.3896536343782,-34.0825468531916,166.707106781187));
#4968=CARTESIAN_POINT('Ctrl Pts',(-35.3896536343782,-35.389653634378,166.707106781187));
#4969=CARTESIAN_POINT('Ctrl Pts',(-34.0825468531917,-35.389653634378,166.707106781187));
#4970=CARTESIAN_POINT('Ctrl Pts',(-32.7754400720053,-35.389653634378,166.707106781187));
#4971=CARTESIAN_POINT('Ctrl Pts',(-32.7754400720053,-34.0825468531916,166.707106781187));
#4972=CARTESIAN_POINT('Ctrl Pts',(-32.7754400720053,-32.7754400720052,166.707106781187));
#4973=CARTESIAN_POINT('Ctrl Pts',(-34.0825468531917,-32.7754400720052,166.707106781187));
#4974=CARTESIAN_POINT('Ctrl Pts',(-35.3896536343782,-32.7754400720052,166.707106781187));
#4975=CARTESIAN_POINT('Ctrl Pts',(-35.3896536343782,-34.0825468531916,166.707106781187));
#4976=CARTESIAN_POINT('Ctrl Pts',(-35.6825468531918,-34.0825468531916,167.));
#4977=CARTESIAN_POINT('Ctrl Pts',(-35.6825468531918,-35.6825468531917,167.));
#4978=CARTESIAN_POINT('Ctrl Pts',(-34.0825468531917,-35.6825468531917,167.));
#4979=CARTESIAN_POINT('Ctrl Pts',(-32.4825468531916,-35.6825468531917,167.));
#4980=CARTESIAN_POINT('Ctrl Pts',(-32.4825468531916,-34.0825468531916,167.));
#4981=CARTESIAN_POINT('Ctrl Pts',(-32.4825468531916,-32.4825468531915,167.));
#4982=CARTESIAN_POINT('Ctrl Pts',(-34.0825468531917,-32.4825468531915,167.));
#4983=CARTESIAN_POINT('Ctrl Pts',(-35.6825468531918,-32.4825468531915,167.));
#4984=CARTESIAN_POINT('Ctrl Pts',(-35.6825468531918,-34.0825468531916,167.));
#4985=CARTESIAN_POINT('Ctrl Pts',(-35.6825468531916,-34.0825468531916,167.414213562373));
#4986=CARTESIAN_POINT('Ctrl Pts',(-35.6825468531916,-35.6825468531916,167.414213562373));
#4987=CARTESIAN_POINT('Ctrl Pts',(-34.0825468531917,-35.6825468531916,167.414213562373));
#4988=CARTESIAN_POINT('Ctrl Pts',(-32.4825468531917,-35.6825468531916,167.414213562373));
#4989=CARTESIAN_POINT('Ctrl Pts',(-32.4825468531917,-34.0825468531916,167.414213562373));
#4990=CARTESIAN_POINT('Ctrl Pts',(-32.4825468531917,-32.4825468531916,167.414213562373));
#4991=CARTESIAN_POINT('Ctrl Pts',(-34.0825468531917,-32.4825468531916,167.414213562373));
#4992=CARTESIAN_POINT('Ctrl Pts',(-35.6825468531916,-32.4825468531916,167.414213562373));
#4993=CARTESIAN_POINT('Ctrl Pts',(-35.6825468531916,-34.0825468531916,167.414213562373));
#4994=CARTESIAN_POINT('',(-32.4825468531916,-34.0825468531916,167.414213562373));
#4995=CARTESIAN_POINT('',(-35.6825468531916,-34.0825468531916,167.414213562373));
#4996=CARTESIAN_POINT('Origin',(-34.0825468531916,-34.0825468531916,167.414213562373));
#4997=CARTESIAN_POINT('',(-35.3896536343782,-34.0825468531916,166.707106781187));
#4998=CARTESIAN_POINT('Origin',(-34.6825468531936,-34.0825468531916,167.414213562373));
#4999=CARTESIAN_POINT('',(-32.775440072005,-34.0825468531916,166.707106781187));
#5000=CARTESIAN_POINT('Origin',(-34.0825468531916,-34.0825468531916,166.707106781187));
#5001=CARTESIAN_POINT('Origin',(-34.0825468531916,-34.0825468531916,166.707106781187));
#5002=CARTESIAN_POINT('Origin',(-34.0825468531916,-34.0825468531916,167.414213562373));
#5003=CARTESIAN_POINT('Origin',(-34.0825468531916,-34.0825468531916,166.5));
#5004=CARTESIAN_POINT('',(-33.4825468531916,-34.0825468531916,166.));
#5005=CARTESIAN_POINT('Origin',(-34.0825468531916,-34.0825468531916,166.));
#5006=CARTESIAN_POINT('',(-32.9825468531916,-34.0825468531916,166.5));
#5007=CARTESIAN_POINT('Origin',(-34.0825468531916,-34.0825468531916,168.));
#5008=CARTESIAN_POINT('',(-32.4825468531916,-34.0825468531916,168.));
#5009=CARTESIAN_POINT('Origin',(-34.0825468531916,-34.0825468531916,168.));
#5010=CARTESIAN_POINT('',(-32.4825468531916,-34.0825468531916,168.));
#5011=CARTESIAN_POINT('Origin',(-48.2,0.,166.));
#5012=CARTESIAN_POINT('Origin',(-34.0825468531916,-34.0825468531916,166.));
#5013=CARTESIAN_POINT('Origin',(48.2,0.,166.));
#5014=CARTESIAN_POINT('Origin',(34.0825468531916,-34.0825468531916,166.));
#5015=CARTESIAN_POINT('Ctrl Pts',(20.5,54.4692490156407,139.9));
#5016=CARTESIAN_POINT('Ctrl Pts',(20.5,54.4692490156407,173.62));
#5017=CARTESIAN_POINT('Ctrl Pts',(12.3448124830991,55.,139.9));
#5018=CARTESIAN_POINT('Ctrl Pts',(12.3448124830991,55.,173.62));
#5019=CARTESIAN_POINT('Ctrl Pts',(0.,55.,139.9));
#5020=CARTESIAN_POINT('Ctrl Pts',(0.,55.,173.62));
#5021=CARTESIAN_POINT('',(0.,55.,168.));
#5022=CARTESIAN_POINT('',(3.33066907387547E-15,55.,164.));
#5023=CARTESIAN_POINT('Ctrl Pts',(20.5,54.4692490156407,168.));
#5024=CARTESIAN_POINT('Ctrl Pts',(12.3448124830991,55.,168.));
#5025=CARTESIAN_POINT('Ctrl Pts',(0.,55.,168.));
#5026=CARTESIAN_POINT('Ctrl Pts',(3.33066907387547E-15,55.,139.9));
#5027=CARTESIAN_POINT('Ctrl Pts',(3.33066907387547E-15,55.,173.62));
#5028=CARTESIAN_POINT('Ctrl Pts',(-12.3448124830991,55.,139.9));
#5029=CARTESIAN_POINT('Ctrl Pts',(-12.3448124830991,55.,173.62));
#5030=CARTESIAN_POINT('Ctrl Pts',(-20.5,54.4692490156406,139.9));
#5031=CARTESIAN_POINT('Ctrl Pts',(-20.5,54.4692490156406,173.62));
#5032=CARTESIAN_POINT('',(-20.5,54.4692490156407,168.));
#5033=CARTESIAN_POINT('',(-20.5,54.4692490156407,164.));
#5034=CARTESIAN_POINT('Ctrl Pts',(3.33066907387547E-15,55.,168.));
#5035=CARTESIAN_POINT('Ctrl Pts',(-12.3448124830991,55.,168.));
#5036=CARTESIAN_POINT('Ctrl Pts',(-20.5,54.4692490156406,168.));
#5037=CARTESIAN_POINT('Origin',(0.,0.,168.));
#5038=CARTESIAN_POINT('',(-22.1,54.3573943972355,168.));
#5039=CARTESIAN_POINT('Ctrl Pts',(-20.5000000000805,54.4692490156354,168.));
#5040=CARTESIAN_POINT('Ctrl Pts',(-21.3164409142055,54.4161139015809,168.));
#5041=CARTESIAN_POINT('Ctrl Pts',(-22.1,54.3573943972355,168.));
#5042=CARTESIAN_POINT('Ctrl Pts',(-22.1000000004231,54.3573943972038,168.));
#5043=CARTESIAN_POINT('Ctrl Pts',(-55.,51.8918857609887,168.));
#5044=CARTESIAN_POINT('Ctrl Pts',(-55.,1.22124532708767E-14,168.));
#5045=CARTESIAN_POINT('',(-48.3033624358945,31.5467039993075,168.));
#5046=CARTESIAN_POINT('Origin',(-45.0533624358945,31.5467039993075,168.));
#5047=CARTESIAN_POINT('',(41.8033624358945,-31.5467039993075,168.));
#5048=CARTESIAN_POINT('Origin',(45.0533624358945,-31.5467039993075,168.));
#5049=CARTESIAN_POINT('',(39.9692193816531,-24.,168.));
#5050=CARTESIAN_POINT('Origin',(41.5692193816531,-24.,168.));
#5051=CARTESIAN_POINT('',(22.4,41.5692193816531,168.));
#5052=CARTESIAN_POINT('Origin',(24.,41.5692193816531,168.));
#5053=CARTESIAN_POINT('',(-25.6,-41.5692193816531,168.));
#5054=CARTESIAN_POINT('Origin',(-24.,-41.5692193816531,168.));
#5055=CARTESIAN_POINT('',(-43.1692193816531,24.,168.));
#5056=CARTESIAN_POINT('Origin',(-41.5692193816531,24.,168.));
#5057=CARTESIAN_POINT('',(41.8033624358946,31.5467039993075,168.));
#5058=CARTESIAN_POINT('Origin',(45.0533624358946,31.5467039993075,168.));
#5059=CARTESIAN_POINT('',(29.34,6.,168.));
#5060=CARTESIAN_POINT('',(38.,6.00000000000001,168.));
#5061=CARTESIAN_POINT('',(28.,6.,168.));
#5062=CARTESIAN_POINT('',(38.,-6.,168.));
#5063=CARTESIAN_POINT('',(38.,6.,168.));
#5064=CARTESIAN_POINT('',(29.34,-6.,168.));
#5065=CARTESIAN_POINT('',(38.,-6.,168.));
#5066=CARTESIAN_POINT('',(29.34,6.,168.));
#5067=CARTESIAN_POINT('',(-48.3033624358945,-31.5467039993075,168.));
#5068=CARTESIAN_POINT('Origin',(-45.0533624358945,-31.5467039993075,168.));
#5069=CARTESIAN_POINT('Origin',(41.5692193816531,-24.,164.));
#5070=CARTESIAN_POINT('',(39.9692193816531,-24.,167.));
#5071=CARTESIAN_POINT('Origin',(41.5692193816531,-24.,167.));
#5072=CARTESIAN_POINT('',(39.9692193816531,-24.,164.));
#5073=CARTESIAN_POINT('Origin',(24.,41.5692193816531,164.));
#5074=CARTESIAN_POINT('',(22.4,41.5692193816531,167.));
#5075=CARTESIAN_POINT('Origin',(24.,41.5692193816531,167.));
#5076=CARTESIAN_POINT('',(22.4,41.5692193816531,164.));
#5077=CARTESIAN_POINT('Origin',(-24.,-41.5692193816531,164.));
#5078=CARTESIAN_POINT('',(-25.6,-41.5692193816531,167.));
#5079=CARTESIAN_POINT('Origin',(-24.,-41.5692193816531,167.));
#5080=CARTESIAN_POINT('',(-25.6,-41.5692193816531,164.));
#5081=CARTESIAN_POINT('Origin',(-41.5692193816531,24.,164.));
#5082=CARTESIAN_POINT('',(-43.1692193816531,24.,167.));
#5083=CARTESIAN_POINT('Origin',(-41.5692193816531,24.,167.));
#5084=CARTESIAN_POINT('',(-43.1692193816531,24.,164.));
#5085=CARTESIAN_POINT('Origin',(0.,0.,167.));
#5086=CARTESIAN_POINT('',(20.75,41.569219381653,167.));
#5087=CARTESIAN_POINT('Origin',(24.,41.569219381653,167.));
#5088=CARTESIAN_POINT('Origin',(0.,0.,167.));
#5089=CARTESIAN_POINT('',(38.319219381653,-24.,167.));
#5090=CARTESIAN_POINT('Origin',(41.569219381653,-24.,167.));
#5091=CARTESIAN_POINT('Origin',(0.,0.,167.));
#5092=CARTESIAN_POINT('',(-44.8192193816531,24.,167.));
#5093=CARTESIAN_POINT('Origin',(-41.569219381653,24.,167.));
#5094=CARTESIAN_POINT('Origin',(0.,0.,167.));
#5095=CARTESIAN_POINT('Ctrl Pts',(-22.1000000004231,54.3573943972038,158.));
#5096=CARTESIAN_POINT('Ctrl Pts',(-22.1000000004231,54.3573943972038,170.));
#5097=CARTESIAN_POINT('Ctrl Pts',(-55.,51.8918857609887,158.));
#5098=CARTESIAN_POINT('Ctrl Pts',(-55.,51.8918857609887,170.));
#5099=CARTESIAN_POINT('Ctrl Pts',(-55.,1.22124532708767E-14,158.));
#5100=CARTESIAN_POINT('Ctrl Pts',(-55.,1.22124532708767E-14,170.));
#5101=CARTESIAN_POINT('',(-22.1,54.3573943972355,164.));
#5102=CARTESIAN_POINT('Ctrl Pts',(-20.5000000000805,54.4692490156354,158.));
#5103=CARTESIAN_POINT('Ctrl Pts',(-20.5000000000805,54.4692490156354,170.));
#5104=CARTESIAN_POINT('Ctrl Pts',(-21.3164409142055,54.4161139015809,158.));
#5105=CARTESIAN_POINT('Ctrl Pts',(-21.3164409142055,54.4161139015809,170.));
#5106=CARTESIAN_POINT('Ctrl Pts',(-22.1,54.3573943972355,158.));
#5107=CARTESIAN_POINT('Ctrl Pts',(-22.1,54.3573943972355,170.));
#5108=CARTESIAN_POINT('Ctrl Pts',(-22.1000000004231,54.3573943972038,134.));
#5109=CARTESIAN_POINT('Ctrl Pts',(-22.1000000004231,54.3573943972038,146.));
#5110=CARTESIAN_POINT('Ctrl Pts',(-55.,51.8918857609887,134.));
#5111=CARTESIAN_POINT('Ctrl Pts',(-55.,51.8918857609887,146.));
#5112=CARTESIAN_POINT('Ctrl Pts',(-55.,1.22124532708767E-14,134.));
#5113=CARTESIAN_POINT('Ctrl Pts',(-55.,1.22124532708767E-14,146.));
#5114=CARTESIAN_POINT('',(-22.1,54.3573943972355,134.));
#5115=CARTESIAN_POINT('',(-22.1,54.3573943972355,140.));
#5116=CARTESIAN_POINT('',(-55.,0.,134.));
#5117=CARTESIAN_POINT('Ctrl Pts',(-55.,1.22124532708767E-14,134.));
#5118=CARTESIAN_POINT('Ctrl Pts',(-55.,51.8918857609887,134.));
#5119=CARTESIAN_POINT('Ctrl Pts',(-22.1000000004231,54.3573943972038,134.));
#5120=CARTESIAN_POINT('',(-55.,-2.14622680169081E-15,140.));
#5121=CARTESIAN_POINT('Ctrl Pts',(-20.5000000000805,54.4692490156354,134.));
#5122=CARTESIAN_POINT('Ctrl Pts',(-20.5000000000805,54.4692490156354,146.));
#5123=CARTESIAN_POINT('Ctrl Pts',(-21.3164409142055,54.4161139015809,134.));
#5124=CARTESIAN_POINT('Ctrl Pts',(-21.3164409142055,54.4161139015809,146.));
#5125=CARTESIAN_POINT('Ctrl Pts',(-22.1,54.3573943972355,134.));
#5126=CARTESIAN_POINT('Ctrl Pts',(-22.1,54.3573943972355,146.));
#5127=CARTESIAN_POINT('',(-20.5,54.4692490156407,134.));
#5128=CARTESIAN_POINT('',(-20.5,54.4692490156407,140.));
#5129=CARTESIAN_POINT('Ctrl Pts',(-22.1,54.3573943972355,134.));
#5130=CARTESIAN_POINT('Ctrl Pts',(-21.3164409142055,54.4161139015809,134.));
#5131=CARTESIAN_POINT('Ctrl Pts',(-20.5000000000805,54.4692490156354,134.));
#5132=CARTESIAN_POINT('Ctrl Pts',(3.33066907387547E-15,55.,115.9));
#5133=CARTESIAN_POINT('Ctrl Pts',(3.33066907387547E-15,55.,149.62));
#5134=CARTESIAN_POINT('Ctrl Pts',(-12.3448124830991,55.,115.9));
#5135=CARTESIAN_POINT('Ctrl Pts',(-12.3448124830991,55.,149.62));
#5136=CARTESIAN_POINT('Ctrl Pts',(-20.5,54.4692490156406,115.9));
#5137=CARTESIAN_POINT('Ctrl Pts',(-20.5,54.4692490156406,149.62));
#5138=CARTESIAN_POINT('',(4.44089209850063E-15,55.,115.9));
#5139=CARTESIAN_POINT('',(3.33066907387547E-15,55.,140.));
#5140=CARTESIAN_POINT('',(-20.5,54.4692490156407,115.9));
#5141=CARTESIAN_POINT('Ctrl Pts',(-20.5,54.4692490156406,115.9));
#5142=CARTESIAN_POINT('Ctrl Pts',(-12.3448124830991,55.,115.9));
#5143=CARTESIAN_POINT('Ctrl Pts',(3.33066907387547E-15,55.,115.9));
#5144=CARTESIAN_POINT('',(-20.5,54.4692490156407,134.));
#5145=CARTESIAN_POINT('Ctrl Pts',(20.5,54.4692490156407,115.9));
#5146=CARTESIAN_POINT('Ctrl Pts',(20.5,54.4692490156407,149.62));
#5147=CARTESIAN_POINT('Ctrl Pts',(12.3448124830991,55.,115.9));
#5148=CARTESIAN_POINT('Ctrl Pts',(12.3448124830991,55.,149.62));
#5149=CARTESIAN_POINT('Ctrl Pts',(0.,55.,115.9));
#5150=CARTESIAN_POINT('Ctrl Pts',(0.,55.,149.62));
#5151=CARTESIAN_POINT('',(20.5,54.4692490156409,134.));
#5152=CARTESIAN_POINT('',(20.5,54.4692490156409,140.));
#5153=CARTESIAN_POINT('',(20.5,54.4692490156409,115.9));
#5154=CARTESIAN_POINT('',(20.5,54.4692490156409,134.));
#5155=CARTESIAN_POINT('Ctrl Pts',(0.,55.,115.9));
#5156=CARTESIAN_POINT('Ctrl Pts',(12.3448124830991,55.,115.9));
#5157=CARTESIAN_POINT('Ctrl Pts',(20.5,54.4692490156407,115.9));
#5158=CARTESIAN_POINT('Origin',(-24.,-41.569219381653,134.));
#5159=CARTESIAN_POINT('',(-18.9623925299546,-38.31,128.));
#5160=CARTESIAN_POINT('',(-29.0376074700454,-38.31,128.));
#5161=CARTESIAN_POINT('Origin',(-24.,-41.569219381653,128.));
#5162=CARTESIAN_POINT('',(-29.0376074700454,-38.31,134.));
#5163=CARTESIAN_POINT('',(-29.0376074700454,-38.31,134.));
#5164=CARTESIAN_POINT('',(-18.9623925299546,-38.31,134.));
#5165=CARTESIAN_POINT('Origin',(-24.,-41.569219381653,134.));
#5166=CARTESIAN_POINT('',(-18.9623925299546,-38.31,134.));
#5167=CARTESIAN_POINT('Origin',(-37.3,-38.31,134.));
#5168=CARTESIAN_POINT('',(37.3,-38.31,134.));
#5169=CARTESIAN_POINT('',(-18.65,-38.31,134.));
#5170=CARTESIAN_POINT('',(37.3,-38.31,130.966479394838));
#5171=CARTESIAN_POINT('',(37.3,-38.31,134.));
#5172=CARTESIAN_POINT('',(35.3,-38.31,128.));
#5173=CARTESIAN_POINT('Origin',(38.5,-38.31,128.));
#5174=CARTESIAN_POINT('',(37.3,-38.31,128.));
#5175=CARTESIAN_POINT('Origin',(0.,0.,134.));
#5176=CARTESIAN_POINT('',(20.5,52.6664700687554,134.));
#5177=CARTESIAN_POINT('',(20.5,27.2346245078205,134.));
#5178=CARTESIAN_POINT('',(22.1,54.3573943972355,134.));
#5179=CARTESIAN_POINT('Ctrl Pts',(20.5000000000805,54.4692490156354,134.));
#5180=CARTESIAN_POINT('Ctrl Pts',(21.3164409142055,54.4161139015809,134.));
#5181=CARTESIAN_POINT('Ctrl Pts',(22.1,54.3573943972355,134.));
#5182=CARTESIAN_POINT('',(55.,-1.33226762955019E-14,134.));
#5183=CARTESIAN_POINT('Ctrl Pts',(22.1,54.3573943972355,134.));
#5184=CARTESIAN_POINT('Ctrl Pts',(55.,51.89188576108,134.));
#5185=CARTESIAN_POINT('Ctrl Pts',(55.,8.88178419700125E-15,134.));
#5186=CARTESIAN_POINT('',(0.,-55.,134.));
#5187=CARTESIAN_POINT('Ctrl Pts',(55.,-1.22124532708767E-14,134.));
#5188=CARTESIAN_POINT('Ctrl Pts',(55.,-55.,134.));
#5189=CARTESIAN_POINT('Ctrl Pts',(-3.33066907387547E-15,-55.,134.));
#5190=CARTESIAN_POINT('Ctrl Pts',(-6.73555739531044E-15,-55.,134.));
#5191=CARTESIAN_POINT('Ctrl Pts',(-55.,-55.,134.));
#5192=CARTESIAN_POINT('Ctrl Pts',(-55.,-2.14622680169081E-15,134.));
#5193=CARTESIAN_POINT('',(-20.5,52.6658301615899,134.));
#5194=CARTESIAN_POINT('',(-20.5,26.3329150807949,134.));
#5195=CARTESIAN_POINT('',(-22.1,52.5524520180254,134.));
#5196=CARTESIAN_POINT('Ctrl Pts',(-20.5,52.6658301615899,134.));
#5197=CARTESIAN_POINT('Ctrl Pts',(-21.0505396663822,52.6295524659503,134.));
#5198=CARTESIAN_POINT('Ctrl Pts',(-21.5832452976922,52.5917330200264,134.));
#5199=CARTESIAN_POINT('Ctrl Pts',(-22.0999999999999,52.5524520180254,134.));
#5200=CARTESIAN_POINT('',(-22.1,49.7441639669387,134.));
#5201=CARTESIAN_POINT('',(-22.0999999999999,24.8720819834694,134.));
#5202=CARTESIAN_POINT('',(-20.5,49.8595895441644,134.));
#5203=CARTESIAN_POINT('Ctrl Pts',(-22.1,49.7441639669387,134.));
#5204=CARTESIAN_POINT('Ctrl Pts',(-21.584067281701,49.7841166971432,134.));
#5205=CARTESIAN_POINT('Ctrl Pts',(-21.0514267741674,49.822624619323,134.));
#5206=CARTESIAN_POINT('Ctrl Pts',(-20.5000000000152,49.8595895441634,134.));
#5207=CARTESIAN_POINT('',(3.77832583827132E-16,50.4,134.));
#5208=CARTESIAN_POINT('Ctrl Pts',(-20.5,49.8595895441644,134.));
#5209=CARTESIAN_POINT('Ctrl Pts',(-18.1517671486098,50.017003465519,134.));
#5210=CARTESIAN_POINT('Ctrl Pts',(-15.4628539334782,50.1464358349487,134.));
#5211=CARTESIAN_POINT('Ctrl Pts',(-8.88079026479335,50.3401115739858,134.));
#5212=CARTESIAN_POINT('Ctrl Pts',(-4.92726516967074,50.4,134.));
#5213=CARTESIAN_POINT('Ctrl Pts',(2.19717132239407E-15,50.4,134.));
#5214=CARTESIAN_POINT('',(20.5,49.8602819139873,134.));
#5215=CARTESIAN_POINT('Ctrl Pts',(0.,50.4,134.));
#5216=CARTESIAN_POINT('Ctrl Pts',(5.78608588787028,50.4,134.));
#5217=CARTESIAN_POINT('Ctrl Pts',(10.2409087330174,50.3179919605453,134.));
#5218=CARTESIAN_POINT('Ctrl Pts',(16.4411201325509,50.0973971466148,134.));
#5219=CARTESIAN_POINT('Ctrl Pts',(18.5856113943168,49.9882089623896,134.));
#5220=CARTESIAN_POINT('Ctrl Pts',(20.5,49.8602819139873,134.));
#5221=CARTESIAN_POINT('',(22.1,49.7450547741709,134.));
#5222=CARTESIAN_POINT('Ctrl Pts',(20.5000000000103,49.8602819139866,134.));
#5223=CARTESIAN_POINT('Ctrl Pts',(21.0518817638407,49.8234029830818,134.));
#5224=CARTESIAN_POINT('Ctrl Pts',(21.5846406380783,49.7849667419014,134.));
#5225=CARTESIAN_POINT('Ctrl Pts',(22.1,49.7450547741708,134.));
#5226=CARTESIAN_POINT('',(22.1,52.5533242898315,134.));
#5227=CARTESIAN_POINT('',(22.1000000000001,26.2766621449158,134.));
#5228=CARTESIAN_POINT('Ctrl Pts',(22.1,52.5533242898315,134.));
#5229=CARTESIAN_POINT('Ctrl Pts',(21.5836469889025,52.5925471639074,134.));
#5230=CARTESIAN_POINT('Ctrl Pts',(21.0508490431384,52.6302843975141,134.));
#5231=CARTESIAN_POINT('Ctrl Pts',(20.5000000000041,52.6664700687551,134.));
#5232=CARTESIAN_POINT('',(-46.6533624358945,-31.5467039993075,134.));
#5233=CARTESIAN_POINT('Origin',(-45.0533624358945,-31.5467039993075,134.));
#5234=CARTESIAN_POINT('',(38.,6.00000000000001,134.));
#5235=CARTESIAN_POINT('',(29.34,6.,134.));
#5236=CARTESIAN_POINT('',(28.,6.,134.));
#5237=CARTESIAN_POINT('',(29.34,-6.,134.));
#5238=CARTESIAN_POINT('',(29.34,-6.,134.));
#5239=CARTESIAN_POINT('',(38.,-6.,134.));
#5240=CARTESIAN_POINT('',(38.,-6.,134.));
#5241=CARTESIAN_POINT('',(38.,6.,134.));
#5242=CARTESIAN_POINT('',(43.4533624358946,31.5467039993075,134.));
#5243=CARTESIAN_POINT('Origin',(45.0533624358946,31.5467039993075,134.));
#5244=CARTESIAN_POINT('',(43.4533624358945,-31.5467039993075,134.));
#5245=CARTESIAN_POINT('Origin',(45.0533624358945,-31.5467039993075,134.));
#5246=CARTESIAN_POINT('',(-46.6533624358945,31.5467039993075,134.));
#5247=CARTESIAN_POINT('Origin',(-45.0533624358945,31.5467039993075,134.));
#5248=CARTESIAN_POINT('',(-37.5,-33.0718913883074,134.));
#5249=CARTESIAN_POINT('',(-44.5489036242967,22.7023167512288,134.));
#5250=CARTESIAN_POINT('Origin',(0.,0.,134.));
#5251=CARTESIAN_POINT('',(-41.9352348434735,27.2293238737712,134.));
#5252=CARTESIAN_POINT('Origin',(-41.569219381653,24.,134.));
#5253=CARTESIAN_POINT('',(-20.5,45.6042761152943,134.));
#5254=CARTESIAN_POINT('Origin',(0.,0.,134.));
#5255=CARTESIAN_POINT('',(-20.5,47.353035805532,134.));
#5256=CARTESIAN_POINT('',(-20.5,23.676517902766,134.));
#5257=CARTESIAN_POINT('',(-37.5,-35.4444636015274,134.));
#5258=CARTESIAN_POINT('Origin',(0.,0.,134.));
#5259=CARTESIAN_POINT('',(-37.5,-16.5359456941537,134.));
#5260=CARTESIAN_POINT('',(20.5,45.6042761152943,134.));
#5261=CARTESIAN_POINT('',(22.7023167512289,44.5489036242967,134.));
#5262=CARTESIAN_POINT('Origin',(0.,0.,134.));
#5263=CARTESIAN_POINT('',(20.75,41.569219381653,134.));
#5264=CARTESIAN_POINT('Origin',(24.,41.569219381653,134.));
#5265=CARTESIAN_POINT('',(27.2293238737712,41.9352348434735,134.));
#5266=CARTESIAN_POINT('Origin',(24.,41.569219381653,134.));
#5267=CARTESIAN_POINT('',(44.5489036242967,-22.7023167512288,134.));
#5268=CARTESIAN_POINT('Origin',(0.,0.,134.));
#5269=CARTESIAN_POINT('',(38.319219381653,-24.,134.));
#5270=CARTESIAN_POINT('Origin',(41.569219381653,-24.,134.));
#5271=CARTESIAN_POINT('',(41.9352348434735,-27.2293238737712,134.));
#5272=CARTESIAN_POINT('Origin',(41.569219381653,-24.,134.));
#5273=CARTESIAN_POINT('',(37.5,-33.0718913883074,134.));
#5274=CARTESIAN_POINT('Origin',(0.,0.,134.));
#5275=CARTESIAN_POINT('',(37.5,-35.4444636015274,134.));
#5276=CARTESIAN_POINT('',(37.5,-17.7222318007637,134.));
#5277=CARTESIAN_POINT('',(20.5,47.353035805532,134.));
#5278=CARTESIAN_POINT('Origin',(0.,0.,134.));
#5279=CARTESIAN_POINT('',(20.5,22.8021380576471,134.));
#5280=CARTESIAN_POINT('',(-37.3,-38.31,134.));
#5281=CARTESIAN_POINT('',(-18.65,-38.31,134.));
#5282=CARTESIAN_POINT('',(-37.3,-41.5,134.));
#5283=CARTESIAN_POINT('',(-37.3000000000001,-20.7500000000001,134.));
#5284=CARTESIAN_POINT('',(18.65,-41.5,134.));
#5285=CARTESIAN_POINT('',(37.3,-41.5,134.));
#5286=CARTESIAN_POINT('',(18.65,-41.5,134.));
#5287=CARTESIAN_POINT('',(37.2999999999998,-19.1549999999999,134.));
#5288=CARTESIAN_POINT('Origin',(37.3,-41.5,134.));
#5289=CARTESIAN_POINT('',(37.3,-41.5,131.8));
#5290=CARTESIAN_POINT('',(4.44089209850063E-15,-41.5,131.8));
#5291=CARTESIAN_POINT('',(37.3,-41.5,134.));
#5292=CARTESIAN_POINT('Origin',(-37.3,-41.5,131.8));
#5293=CARTESIAN_POINT('',(36.5,-42.3,131.));
#5294=CARTESIAN_POINT('',(4.44089209850063E-15,-42.3,131.));
#5295=CARTESIAN_POINT('',(24.8666666666667,-53.9333333333334,119.366666666667));
#5296=CARTESIAN_POINT('Origin',(37.3,-41.5,130.2));
#5297=CARTESIAN_POINT('',(36.1762099922756,-41.5,130.2));
#5298=CARTESIAN_POINT('',(37.3,-41.5,130.2));
#5299=CARTESIAN_POINT('',(36.7931923509286,-42.0068076490714,130.706807649071));
#5300=CARTESIAN_POINT('Origin',(38.5,-39.3,128.));
#5301=CARTESIAN_POINT('',(37.0333333333333,-41.7666666666667,130.466666666667));
#5302=CARTESIAN_POINT('Origin',(37.3,-41.5,134.));
#5303=CARTESIAN_POINT('',(35.3,-41.5,128.));
#5304=CARTESIAN_POINT('',(-37.3,-41.5,128.));
#5305=CARTESIAN_POINT('Origin',(38.5,-41.5,128.));
#5306=CARTESIAN_POINT('Origin',(-38.5,-41.5,128.));
#5307=CARTESIAN_POINT('',(-35.3,-38.31,128.));
#5308=CARTESIAN_POINT('',(-37.3,-38.31,130.966479394838));
#5309=CARTESIAN_POINT('Origin',(-38.5,-38.31,128.));
#5310=CARTESIAN_POINT('',(-35.3,-41.5,128.));
#5311=CARTESIAN_POINT('',(-35.3,-41.5,128.));
#5312=CARTESIAN_POINT('',(-36.1762099922756,-41.5,130.2));
#5313=CARTESIAN_POINT('Origin',(-38.5,-41.5,128.));
#5314=CARTESIAN_POINT('',(-36.7931923509286,-42.0068076490714,130.706807649071));
#5315=CARTESIAN_POINT('Origin',(-38.5,-39.3,128.));
#5316=CARTESIAN_POINT('',(-37.3,-41.5,130.966479394838));
#5317=CARTESIAN_POINT('Origin',(-38.5,-40.3,128.));
#5318=CARTESIAN_POINT('',(-37.3,-41.5,130.966479394838));
#5319=CARTESIAN_POINT('Origin',(38.5,-41.5,128.));
#5320=CARTESIAN_POINT('',(37.3,-41.5,130.966479394838));
#5321=CARTESIAN_POINT('Origin',(38.5,-40.3,128.));
#5322=CARTESIAN_POINT('',(35.3,-41.5,128.));
#5323=CARTESIAN_POINT('',(37.3,-41.5,130.966479394838));
#5324=CARTESIAN_POINT('Origin',(-8.88178419700125E-15,-39.905,128.));
#5325=CARTESIAN_POINT('',(-37.3,-41.5,128.));
#5326=CARTESIAN_POINT('',(37.3,-38.31,128.));
#5327=CARTESIAN_POINT('Origin',(37.3,-41.5,134.));
#5328=CARTESIAN_POINT('',(37.3,-41.5,130.2));
#5329=CARTESIAN_POINT('Origin',(37.3,-41.5,130.2));
#5330=CARTESIAN_POINT('',(-27.1667743348474,-42.3,131.));
#5331=CARTESIAN_POINT('Origin',(-24.,-41.569219381653,130.269219381653));
#5332=CARTESIAN_POINT('',(-36.5,-42.3,131.));
#5333=CARTESIAN_POINT('',(4.44089209850063E-15,-42.3,131.));
#5334=CARTESIAN_POINT('',(-24.8666666666667,-53.9333333333334,142.633333333333));
#5335=CARTESIAN_POINT('Origin',(37.3,-41.5,131.8));
#5336=CARTESIAN_POINT('',(37.3,-41.5,134.));
#5337=CARTESIAN_POINT('Origin',(-37.3,-41.5,130.2));
#5338=CARTESIAN_POINT('',(-37.3,-41.5,131.8));
#5339=CARTESIAN_POINT('',(-37.0333333333333,-41.7666666666667,131.533333333333));
#5340=CARTESIAN_POINT('',(-37.3,-41.5,134.));
#5341=CARTESIAN_POINT('Origin',(-37.3,-41.5,131.8));
#5342=CARTESIAN_POINT('Origin',(-24.,-41.569219381653,131.730780618347));
#5343=CARTESIAN_POINT('',(4.44089209850063E-15,-41.5,131.8));
#5344=CARTESIAN_POINT('Origin',(37.3,-41.5,134.));
#5345=CARTESIAN_POINT('',(-37.3,-41.5,134.));
#5346=CARTESIAN_POINT('Origin',(37.3,-38.31,134.));
#5347=CARTESIAN_POINT('Origin',(-37.3,-38.31,134.));
#5348=CARTESIAN_POINT('',(-37.3,-38.31,134.));
#5349=CARTESIAN_POINT('Origin',(-37.3,-41.5,134.));
#5350=CARTESIAN_POINT('Ctrl Pts',(22.1,49.7450547741708,115.9));
#5351=CARTESIAN_POINT('Ctrl Pts',(22.1,49.7450547741708,113.98));
#5352=CARTESIAN_POINT('Ctrl Pts',(19.1253250274069,49.9754282577773,115.9));
#5353=CARTESIAN_POINT('Ctrl Pts',(19.1253250274069,49.9754282577773,113.98));
#5354=CARTESIAN_POINT('Ctrl Pts',(16.0012121679538,50.1210666946455,115.9));
#5355=CARTESIAN_POINT('Ctrl Pts',(16.0012121679538,50.1210666946455,113.98));
#5356=CARTESIAN_POINT('Ctrl Pts',(8.73946433786243,50.3557798360181,115.9));
#5357=CARTESIAN_POINT('Ctrl Pts',(8.73946433786243,50.3557798360181,113.98));
#5358=CARTESIAN_POINT('Ctrl Pts',(4.24880535339802,50.4,115.9));
#5359=CARTESIAN_POINT('Ctrl Pts',(4.24880535339802,50.4,113.98));
#5360=CARTESIAN_POINT('Ctrl Pts',(0.,50.4,115.9));
#5361=CARTESIAN_POINT('Ctrl Pts',(0.,50.4,113.98));
#5362=CARTESIAN_POINT('',(20.5000000000034,49.8602819139871,115.9));
#5363=CARTESIAN_POINT('',(0.,50.4,115.9));
#5364=CARTESIAN_POINT('Ctrl Pts',(20.5,49.8602819139873,115.9));
#5365=CARTESIAN_POINT('Ctrl Pts',(18.5856113943168,49.9882089623896,115.9));
#5366=CARTESIAN_POINT('Ctrl Pts',(16.4411201325509,50.0973971466148,115.9));
#5367=CARTESIAN_POINT('Ctrl Pts',(10.2409087330174,50.3179919605453,115.9));
#5368=CARTESIAN_POINT('Ctrl Pts',(5.78608588787028,50.4,115.9));
#5369=CARTESIAN_POINT('Ctrl Pts',(3.77832583827132E-16,50.4,115.9));
#5370=CARTESIAN_POINT('',(0.,50.4,114.3));
#5371=CARTESIAN_POINT('',(3.77832583827132E-16,50.4,115.9));
#5372=CARTESIAN_POINT('',(22.1,49.7450547741709,114.3));
#5373=CARTESIAN_POINT('Ctrl Pts',(22.1,49.7450547741708,114.3));
#5374=CARTESIAN_POINT('Ctrl Pts',(19.1253250274069,49.9754282577773,114.3));
#5375=CARTESIAN_POINT('Ctrl Pts',(16.0012121679538,50.1210666946455,114.3));
#5376=CARTESIAN_POINT('Ctrl Pts',(8.73946433786243,50.3557798360181,114.3));
#5377=CARTESIAN_POINT('Ctrl Pts',(4.24880535339802,50.4,114.3));
#5378=CARTESIAN_POINT('Ctrl Pts',(0.,50.4,114.3));
#5379=CARTESIAN_POINT('',(22.1,49.7450547741709,115.9));
#5380=CARTESIAN_POINT('',(22.1,49.7450547741709,115.9));
#5381=CARTESIAN_POINT('Ctrl Pts',(22.1,49.7450547741708,115.9));
#5382=CARTESIAN_POINT('Ctrl Pts',(21.5846406380783,49.7849667419014,115.9));
#5383=CARTESIAN_POINT('Ctrl Pts',(21.0518817638407,49.8234029830818,115.9));
#5384=CARTESIAN_POINT('Ctrl Pts',(20.5000000000103,49.8602819139866,115.9));
#5385=CARTESIAN_POINT('Ctrl Pts',(-1.11022302462516E-15,53.2,115.9));
#5386=CARTESIAN_POINT('Ctrl Pts',(-1.11022302462516E-15,53.2,113.98));
#5387=CARTESIAN_POINT('Ctrl Pts',(4.23440050278722,53.2,115.9));
#5388=CARTESIAN_POINT('Ctrl Pts',(4.23440050278722,53.2,113.98));
#5389=CARTESIAN_POINT('Ctrl Pts',(8.69838472778447,53.1563001102133,115.9));
#5390=CARTESIAN_POINT('Ctrl Pts',(8.69838472778447,53.1563001102133,113.98));
#5391=CARTESIAN_POINT('Ctrl Pts',(15.9569973700537,52.9254388707401,115.9));
#5392=CARTESIAN_POINT('Ctrl Pts',(15.9569973700537,52.9254388707401,113.98));
#5393=CARTESIAN_POINT('Ctrl Pts',(19.1033041171392,52.7809573678438,115.9));
#5394=CARTESIAN_POINT('Ctrl Pts',(19.1033041171392,52.7809573678438,113.98));
#5395=CARTESIAN_POINT('Ctrl Pts',(22.1,52.5533242898315,115.9));
#5396=CARTESIAN_POINT('Ctrl Pts',(22.1,52.5533242898315,113.98));
#5397=CARTESIAN_POINT('',(20.5000041463243,52.6664697624301,115.9));
#5398=CARTESIAN_POINT('',(22.1,52.5533242898315,115.9));
#5399=CARTESIAN_POINT('Ctrl Pts',(20.5000041496436,52.6664697961622,115.9));
#5400=CARTESIAN_POINT('Ctrl Pts',(21.0508517189102,52.6302842079934,115.9));
#5401=CARTESIAN_POINT('Ctrl Pts',(21.5836482854943,52.5925470654165,115.9));
#5402=CARTESIAN_POINT('Ctrl Pts',(22.1,52.5533242898315,115.9));
#5403=CARTESIAN_POINT('',(22.1,52.5533242898315,114.3));
#5404=CARTESIAN_POINT('',(22.1,52.5533242898315,115.9));
#5405=CARTESIAN_POINT('',(0.,53.2,114.3));
#5406=CARTESIAN_POINT('Ctrl Pts',(-1.11022302462516E-15,53.2,114.3));
#5407=CARTESIAN_POINT('Ctrl Pts',(4.23440050278722,53.2,114.3));
#5408=CARTESIAN_POINT('Ctrl Pts',(8.69838472778447,53.1563001102133,114.3));
#5409=CARTESIAN_POINT('Ctrl Pts',(15.9569973700537,52.9254388707401,114.3));
#5410=CARTESIAN_POINT('Ctrl Pts',(19.1033041171392,52.7809573678438,114.3));
#5411=CARTESIAN_POINT('Ctrl Pts',(22.1,52.5533242898315,114.3));
#5412=CARTESIAN_POINT('',(1.47847532801921E-16,53.2,115.9));
#5413=CARTESIAN_POINT('',(1.47847532801921E-16,53.2,115.9));
#5414=CARTESIAN_POINT('Ctrl Pts',(20.4999916550505,52.6663428213045,115.9));
#5415=CARTESIAN_POINT('Ctrl Pts',(17.9982620899851,52.8304074579618,115.9));
#5416=CARTESIAN_POINT('Ctrl Pts',(15.4378074019142,52.9419517838095,115.9));
#5417=CARTESIAN_POINT('Ctrl Pts',(8.69838472778446,53.1563001102133,115.9));
#5418=CARTESIAN_POINT('Ctrl Pts',(4.23440050278722,53.2,115.9));
#5419=CARTESIAN_POINT('Ctrl Pts',(-1.11022302462516E-15,53.2,115.9));
#5420=CARTESIAN_POINT('Ctrl Pts',(-22.0999999999999,52.5524520180254,115.9));
#5421=CARTESIAN_POINT('Ctrl Pts',(-22.0999999999999,52.5524520180254,113.98));
#5422=CARTESIAN_POINT('Ctrl Pts',(-19.0939857995977,52.7809535668139,115.9));
#5423=CARTESIAN_POINT('Ctrl Pts',(-19.0939857995977,52.7809535668139,113.98));
#5424=CARTESIAN_POINT('Ctrl Pts',(-15.9995894306013,52.9243775876869,115.9));
#5425=CARTESIAN_POINT('Ctrl Pts',(-15.9995894306013,52.9243775876869,113.98));
#5426=CARTESIAN_POINT('Ctrl Pts',(-8.71472835910084,53.1551850586069,115.9));
#5427=CARTESIAN_POINT('Ctrl Pts',(-8.71472835910084,53.1551850586069,113.98));
#5428=CARTESIAN_POINT('Ctrl Pts',(-4.27641715124409,53.2,115.9));
#5429=CARTESIAN_POINT('Ctrl Pts',(-4.27641715124409,53.2,113.98));
#5430=CARTESIAN_POINT('Ctrl Pts',(4.9960036108132E-15,53.2,115.9));
#5431=CARTESIAN_POINT('Ctrl Pts',(4.9960036108132E-15,53.2,113.98));
#5432=CARTESIAN_POINT('',(-20.5000019978388,52.6658300136605,115.9));
#5433=CARTESIAN_POINT('Ctrl Pts',(2.22044604925031E-15,53.2,115.9));
#5434=CARTESIAN_POINT('Ctrl Pts',(-4.27641715124409,53.2,115.9));
#5435=CARTESIAN_POINT('Ctrl Pts',(-8.71472835910084,53.1551850586069,115.9));
#5436=CARTESIAN_POINT('Ctrl Pts',(-15.4735826823487,52.9410431474085,115.9));
#5437=CARTESIAN_POINT('Ctrl Pts',(-18.0044880645975,52.8300887065184,115.9));
#5438=CARTESIAN_POINT('Ctrl Pts',(-20.4999959438639,52.6657685615986,115.9));
#5439=CARTESIAN_POINT('',(-22.1,52.5524520180254,114.3));
#5440=CARTESIAN_POINT('Ctrl Pts',(-22.0999999999999,52.5524520180254,114.3));
#5441=CARTESIAN_POINT('Ctrl Pts',(-19.0939857995977,52.7809535668139,114.3));
#5442=CARTESIAN_POINT('Ctrl Pts',(-15.9995894306013,52.9243775876869,114.3));
#5443=CARTESIAN_POINT('Ctrl Pts',(-8.71472835910084,53.1551850586069,114.3));
#5444=CARTESIAN_POINT('Ctrl Pts',(-4.27641715124409,53.2,114.3));
#5445=CARTESIAN_POINT('Ctrl Pts',(2.22044604925031E-15,53.2,114.3));
#5446=CARTESIAN_POINT('',(-22.1,52.5524520180254,115.9));
#5447=CARTESIAN_POINT('',(-22.1,52.5524520180254,115.9));
#5448=CARTESIAN_POINT('Ctrl Pts',(-22.0999999999999,52.5524520180254,115.9));
#5449=CARTESIAN_POINT('Ctrl Pts',(-21.58324592327,52.5917329724732,115.9));
#5450=CARTESIAN_POINT('Ctrl Pts',(-21.0505409561579,52.6295523743827,115.9));
#5451=CARTESIAN_POINT('Ctrl Pts',(-20.5000019994325,52.6658300298377,115.9));
#5452=CARTESIAN_POINT('Ctrl Pts',(-3.33066907387547E-15,50.4,115.9));
#5453=CARTESIAN_POINT('Ctrl Pts',(-3.33066907387547E-15,50.4,113.98));
#5454=CARTESIAN_POINT('Ctrl Pts',(-4.31463326236084,50.4,115.9));
#5455=CARTESIAN_POINT('Ctrl Pts',(-4.31463326236084,50.4,113.98));
#5456=CARTESIAN_POINT('Ctrl Pts',(-8.7716085204328,50.3540782105466,115.9));
#5457=CARTESIAN_POINT('Ctrl Pts',(-8.7716085204328,50.3540782105466,113.98));
#5458=CARTESIAN_POINT('Ctrl Pts',(-16.039149135711,50.1202446173601,115.9));
#5459=CARTESIAN_POINT('Ctrl Pts',(-16.039149135711,50.1202446173601,113.98));
#5460=CARTESIAN_POINT('Ctrl Pts',(-19.1127829335421,49.975487690528,115.9));
#5461=CARTESIAN_POINT('Ctrl Pts',(-19.1127829335421,49.975487690528,113.98));
#5462=CARTESIAN_POINT('Ctrl Pts',(-22.1,49.7441639669387,115.9));
#5463=CARTESIAN_POINT('Ctrl Pts',(-22.1,49.7441639669387,113.98));
#5464=CARTESIAN_POINT('',(-20.5000000000051,49.8595895441641,115.9));
#5465=CARTESIAN_POINT('',(-22.1,49.7441639669387,115.9));
#5466=CARTESIAN_POINT('Ctrl Pts',(-20.5000000000152,49.8595895441634,115.9));
#5467=CARTESIAN_POINT('Ctrl Pts',(-21.0514267741674,49.822624619323,115.9));
#5468=CARTESIAN_POINT('Ctrl Pts',(-21.584067281701,49.7841166971432,115.9));
#5469=CARTESIAN_POINT('Ctrl Pts',(-22.1,49.7441639669387,115.9));
#5470=CARTESIAN_POINT('',(-22.1,49.7441639669387,114.3));
#5471=CARTESIAN_POINT('',(-22.1,49.7441639669387,115.9));
#5472=CARTESIAN_POINT('Ctrl Pts',(-3.33066907387547E-15,50.4,114.3));
#5473=CARTESIAN_POINT('Ctrl Pts',(-4.31463326236084,50.4,114.3));
#5474=CARTESIAN_POINT('Ctrl Pts',(-8.7716085204328,50.3540782105466,114.3));
#5475=CARTESIAN_POINT('Ctrl Pts',(-16.039149135711,50.1202446173601,114.3));
#5476=CARTESIAN_POINT('Ctrl Pts',(-19.1127829335421,49.975487690528,114.3));
#5477=CARTESIAN_POINT('Ctrl Pts',(-22.1,49.7441639669387,114.3));
#5478=CARTESIAN_POINT('Ctrl Pts',(2.19717132239407E-15,50.4,115.9));
#5479=CARTESIAN_POINT('Ctrl Pts',(-4.92726516967074,50.4,115.9));
#5480=CARTESIAN_POINT('Ctrl Pts',(-8.88079026479335,50.3401115739858,115.9));
#5481=CARTESIAN_POINT('Ctrl Pts',(-15.4628539334782,50.1464358349487,115.9));
#5482=CARTESIAN_POINT('Ctrl Pts',(-18.1517671486098,50.017003465519,115.9));
#5483=CARTESIAN_POINT('Ctrl Pts',(-20.5,49.8595895441644,115.9));
#5484=CARTESIAN_POINT('Origin',(1.11022302462516E-14,51.4720819834693,114.3));
#5485=CARTESIAN_POINT('',(-22.1,50.608122975204,114.3));
#5486=CARTESIAN_POINT('',(22.1,52.0127031366505,114.3));
#5487=CARTESIAN_POINT('Origin',(1.33226762955019E-14,52.3720819834693,115.9));
#5488=CARTESIAN_POINT('',(-20.5,49.8595895441644,115.9));
#5489=CARTESIAN_POINT('',(20.5,54.4692490156409,115.9));
#5490=CARTESIAN_POINT('Ctrl Pts',(20.5000000000041,52.6664700687551,136.));
#5491=CARTESIAN_POINT('Ctrl Pts',(20.5000000000041,52.6664700687551,111.88));
#5492=CARTESIAN_POINT('Ctrl Pts',(21.0508490431384,52.6302843975141,136.));
#5493=CARTESIAN_POINT('Ctrl Pts',(21.0508490431384,52.6302843975141,111.88));
#5494=CARTESIAN_POINT('Ctrl Pts',(21.5836469889025,52.5925471639074,136.));
#5495=CARTESIAN_POINT('Ctrl Pts',(21.5836469889025,52.5925471639074,111.88));
#5496=CARTESIAN_POINT('Ctrl Pts',(22.1,52.5533242898315,136.));
#5497=CARTESIAN_POINT('Ctrl Pts',(22.1,52.5533242898315,111.88));
#5498=CARTESIAN_POINT('',(22.1,52.5533242898315,134.));
#5499=CARTESIAN_POINT('',(20.5,52.6664700687554,134.));
#5500=CARTESIAN_POINT('Origin',(22.1,52.5533242898315,134.));
#5501=CARTESIAN_POINT('',(22.1,49.7450547741709,134.));
#5502=CARTESIAN_POINT('Ctrl Pts',(22.1,49.7450547741708,136.));
#5503=CARTESIAN_POINT('Ctrl Pts',(22.1,49.7450547741708,111.88));
#5504=CARTESIAN_POINT('Ctrl Pts',(21.5846406380783,49.7849667419014,136.));
#5505=CARTESIAN_POINT('Ctrl Pts',(21.5846406380783,49.7849667419014,111.88));
#5506=CARTESIAN_POINT('Ctrl Pts',(21.0518817638407,49.8234029830818,136.));
#5507=CARTESIAN_POINT('Ctrl Pts',(21.0518817638407,49.8234029830818,111.88));
#5508=CARTESIAN_POINT('Ctrl Pts',(20.5000000000103,49.8602819139866,136.));
#5509=CARTESIAN_POINT('Ctrl Pts',(20.5000000000103,49.8602819139866,111.88));
#5510=CARTESIAN_POINT('',(20.5,49.8602819139873,134.));
#5511=CARTESIAN_POINT('Ctrl Pts',(20.5,49.8602819139873,136.));
#5512=CARTESIAN_POINT('Ctrl Pts',(20.5,49.8602819139873,111.88));
#5513=CARTESIAN_POINT('Ctrl Pts',(18.5856113943168,49.9882089623896,136.));
#5514=CARTESIAN_POINT('Ctrl Pts',(18.5856113943168,49.9882089623896,111.88));
#5515=CARTESIAN_POINT('Ctrl Pts',(16.4411201325509,50.0973971466148,136.));
#5516=CARTESIAN_POINT('Ctrl Pts',(16.4411201325509,50.0973971466148,111.88));
#5517=CARTESIAN_POINT('Ctrl Pts',(13.9945924924635,50.184441164111,136.));
#5518=CARTESIAN_POINT('Ctrl Pts',(13.9945924924635,50.184441164111,111.88));
#5519=CARTESIAN_POINT('Ctrl Pts',(10.2409087330174,50.3179919605453,136.));
#5520=CARTESIAN_POINT('Ctrl Pts',(10.2409087330174,50.3179919605453,111.88));
#5521=CARTESIAN_POINT('Ctrl Pts',(5.78608588787028,50.4,136.));
#5522=CARTESIAN_POINT('Ctrl Pts',(5.78608588787028,50.4,111.88));
#5523=CARTESIAN_POINT('Ctrl Pts',(3.77832583827132E-16,50.4,136.));
#5524=CARTESIAN_POINT('Ctrl Pts',(3.77832583827132E-16,50.4,111.88));
#5525=CARTESIAN_POINT('',(3.77832583827132E-16,50.4,134.));
#5526=CARTESIAN_POINT('Ctrl Pts',(2.19717132239407E-15,50.4,136.));
#5527=CARTESIAN_POINT('Ctrl Pts',(2.19717132239407E-15,50.4,111.88));
#5528=CARTESIAN_POINT('Ctrl Pts',(-4.92726516967074,50.4,136.));
#5529=CARTESIAN_POINT('Ctrl Pts',(-4.92726516967074,50.4,111.88));
#5530=CARTESIAN_POINT('Ctrl Pts',(-8.88079026479335,50.3401115739858,136.));
#5531=CARTESIAN_POINT('Ctrl Pts',(-8.88079026479335,50.3401115739858,111.88));
#5532=CARTESIAN_POINT('Ctrl Pts',(-12.2727491942812,50.2403039474541,136.));
#5533=CARTESIAN_POINT('Ctrl Pts',(-12.2727491942812,50.2403039474541,111.88));
#5534=CARTESIAN_POINT('Ctrl Pts',(-15.4628539334782,50.1464358349487,136.));
#5535=CARTESIAN_POINT('Ctrl Pts',(-15.4628539334782,50.1464358349487,111.88));
#5536=CARTESIAN_POINT('Ctrl Pts',(-18.1517671486098,50.017003465519,136.));
#5537=CARTESIAN_POINT('Ctrl Pts',(-18.1517671486098,50.017003465519,111.88));
#5538=CARTESIAN_POINT('Ctrl Pts',(-20.5,49.8595895441644,136.));
#5539=CARTESIAN_POINT('Ctrl Pts',(-20.5,49.8595895441644,111.88));
#5540=CARTESIAN_POINT('',(-20.5,49.8595895441644,134.));
#5541=CARTESIAN_POINT('Ctrl Pts',(-20.5000000000152,49.8595895441634,136.));
#5542=CARTESIAN_POINT('Ctrl Pts',(-20.5000000000152,49.8595895441634,111.88));
#5543=CARTESIAN_POINT('Ctrl Pts',(-21.0514267741674,49.822624619323,136.));
#5544=CARTESIAN_POINT('Ctrl Pts',(-21.0514267741674,49.822624619323,111.88));
#5545=CARTESIAN_POINT('Ctrl Pts',(-21.584067281701,49.7841166971432,136.));
#5546=CARTESIAN_POINT('Ctrl Pts',(-21.584067281701,49.7841166971432,111.88));
#5547=CARTESIAN_POINT('Ctrl Pts',(-22.1,49.7441639669387,136.));
#5548=CARTESIAN_POINT('Ctrl Pts',(-22.1,49.7441639669387,111.88));
#5549=CARTESIAN_POINT('',(-22.1,49.7441639669387,134.));
#5550=CARTESIAN_POINT('Origin',(20.5,54.4692490156409,134.));
#5551=CARTESIAN_POINT('Origin',(-20.5,52.6658301615899,134.));
#5552=CARTESIAN_POINT('',(-20.5,52.6658301615899,134.));
#5553=CARTESIAN_POINT('Ctrl Pts',(-22.0999999999999,52.5524520180254,136.));
#5554=CARTESIAN_POINT('Ctrl Pts',(-22.0999999999999,52.5524520180254,111.88));
#5555=CARTESIAN_POINT('Ctrl Pts',(-21.5832452976922,52.5917330200264,136.));
#5556=CARTESIAN_POINT('Ctrl Pts',(-21.5832452976922,52.5917330200264,111.88));
#5557=CARTESIAN_POINT('Ctrl Pts',(-21.0505396663822,52.6295524659503,136.));
#5558=CARTESIAN_POINT('Ctrl Pts',(-21.0505396663822,52.6295524659503,111.88));
#5559=CARTESIAN_POINT('Ctrl Pts',(-20.5,52.6658301615899,136.));
#5560=CARTESIAN_POINT('Ctrl Pts',(-20.5,52.6658301615899,111.88));
#5561=CARTESIAN_POINT('',(-22.1,52.5524520180254,134.));
#5562=CARTESIAN_POINT('Origin',(-22.1,49.7441639669387,134.));
#5563=CARTESIAN_POINT('Origin',(0.,0.,134.));
#5564=CARTESIAN_POINT('',(26.845860944588,43.1387975046111,134.79));
#5565=CARTESIAN_POINT('',(23.936364055412,44.8185963167833,134.79));
#5566=CARTESIAN_POINT('Ctrl Pts',(26.845860944588,43.1387975046111,134.79));
#5567=CARTESIAN_POINT('Ctrl Pts',(26.7869340466082,43.2456400727468,134.730422818291));
#5568=CARTESIAN_POINT('Ctrl Pts',(26.7209430118156,43.3510030230185,134.675498093957));
#5569=CARTESIAN_POINT('Ctrl Pts',(26.5170185714223,43.6376118020426,134.537781629197));
#5570=CARTESIAN_POINT('Ctrl Pts',(26.363218129446,43.8124740902539,134.467819635168));
#5571=CARTESIAN_POINT('Ctrl Pts',(26.018365795562,44.1271855915386,134.373916998154));
#5572=CARTESIAN_POINT('Ctrl Pts',(25.8272864693297,44.2670117964315,134.35));
#5573=CARTESIAN_POINT('Ctrl Pts',(25.4227135306703,44.5005920914734,134.35));
#5574=CARTESIAN_POINT('Ctrl Pts',(25.2060808220021,44.596158539682,134.373916998154));
#5575=CARTESIAN_POINT('Ctrl Pts',(24.7611065000844,44.7374536707376,134.467819635168));
#5576=CARTESIAN_POINT('Ctrl Pts',(24.5327710953415,44.7832176164967,134.537781629197));
#5577=CARTESIAN_POINT('Ctrl Pts',(24.1825983915623,44.8165169728178,134.675498093957));
#5578=CARTESIAN_POINT('Ctrl Pts',(24.058355882613,44.8209854102344,134.730422818291));
#5579=CARTESIAN_POINT('Ctrl Pts',(23.936364055412,44.8185963167832,134.79));
#5580=CARTESIAN_POINT('',(21.29,46.1344990218817,134.79));
#5581=CARTESIAN_POINT('Origin',(0.,0.,134.79));
#5582=CARTESIAN_POINT('Ctrl Pts',(20.5000000000006,47.3530358055312,134.000000000001));
#5583=CARTESIAN_POINT('Ctrl Pts',(20.9001485155797,46.7437674137064,134.40014851558));
#5584=CARTESIAN_POINT('Ctrl Pts',(21.29,46.1344990218816,134.79));
#5585=CARTESIAN_POINT('',(38.29,-33.3995808356931,134.79));
#5586=CARTESIAN_POINT('Ctrl Pts',(37.4999999999996,-35.4444636015283,134.));
#5587=CARTESIAN_POINT('Ctrl Pts',(37.9067327315561,-34.422022218606,134.406732731556));
#5588=CARTESIAN_POINT('Ctrl Pts',(38.2900000000037,-33.3995808356832,134.790000000004));
#5589=CARTESIAN_POINT('',(43.1387975046111,-26.845860944588,134.79));
#5590=CARTESIAN_POINT('Origin',(0.,0.,134.79));
#5591=CARTESIAN_POINT('',(44.8185963167833,-23.936364055412,134.79));
#5592=CARTESIAN_POINT('Ctrl Pts',(43.1387975046111,-26.845860944588,134.79));
#5593=CARTESIAN_POINT('Ctrl Pts',(43.2456400727468,-26.7869340466082,134.730422818291));
#5594=CARTESIAN_POINT('Ctrl Pts',(43.3510030230185,-26.7209430118156,134.675498093957));
#5595=CARTESIAN_POINT('Ctrl Pts',(43.6376118020426,-26.5170185714223,134.537781629197));
#5596=CARTESIAN_POINT('Ctrl Pts',(43.8124740902539,-26.363218129446,134.467819635168));
#5597=CARTESIAN_POINT('Ctrl Pts',(44.1271855915386,-26.018365795562,134.373916998154));
#5598=CARTESIAN_POINT('Ctrl Pts',(44.2670117964315,-25.8272864693297,134.35));
#5599=CARTESIAN_POINT('Ctrl Pts',(44.5005920914734,-25.4227135306703,134.35));
#5600=CARTESIAN_POINT('Ctrl Pts',(44.596158539682,-25.2060808220021,134.373916998154));
#5601=CARTESIAN_POINT('Ctrl Pts',(44.7374536707376,-24.7611065000844,134.467819635168));
#5602=CARTESIAN_POINT('Ctrl Pts',(44.7832176164967,-24.5327710953415,134.537781629197));
#5603=CARTESIAN_POINT('Ctrl Pts',(44.8165169728178,-24.1825983915623,134.675498093957));
#5604=CARTESIAN_POINT('Ctrl Pts',(44.8209854102344,-24.058355882613,134.730422818291));
#5605=CARTESIAN_POINT('Ctrl Pts',(44.8185963167832,-23.936364055412,134.79));
#5606=CARTESIAN_POINT('Origin',(0.,0.,134.79));
#5607=CARTESIAN_POINT('Origin',(0.,5.95428610200232,134.79));
#5608=CARTESIAN_POINT('',(43.1031821504046,-26.8652152142699,134.79));
#5609=CARTESIAN_POINT('Origin',(41.569219381653,-24.,134.79));
#5610=CARTESIAN_POINT('',(38.29,-33.3691474269272,134.79));
#5611=CARTESIAN_POINT('',(38.29,-14.7450887497625,134.79));
#5612=CARTESIAN_POINT('Origin',(0.,0.,134.79));
#5613=CARTESIAN_POINT('Origin',(0.,5.95428610200232,134.79));
#5614=CARTESIAN_POINT('',(26.8652152142699,43.1031821504046,134.79));
#5615=CARTESIAN_POINT('Origin',(24.,41.569219381653,134.79));
#5616=CARTESIAN_POINT('',(44.8175499288963,-23.8958431190634,134.79));
#5617=CARTESIAN_POINT('Origin',(41.569219381653,-24.,134.79));
#5618=CARTESIAN_POINT('Origin',(0.,0.,134.79));
#5619=CARTESIAN_POINT('Origin',(0.,0.,134.));
#5620=CARTESIAN_POINT('Ctrl Pts',(41.9352348434735,-27.2293238737712,134.));
#5621=CARTESIAN_POINT('Ctrl Pts',(42.058721522068,-27.2153277447172,134.095946754718));
#5622=CARTESIAN_POINT('Ctrl Pts',(42.1818559525883,-27.1941799155786,134.187890768262));
#5623=CARTESIAN_POINT('Ctrl Pts',(42.5616087220928,-27.1060963904986,134.459835262905));
#5624=CARTESIAN_POINT('Ctrl Pts',(42.8365089157155,-27.0079852272862,134.639204215719));
#5625=CARTESIAN_POINT('Ctrl Pts',(43.1031821504046,-26.8652152142699,134.79));
#5626=CARTESIAN_POINT('Origin',(132.432791062076,469.274603779502,228.932790892797));
#5627=CARTESIAN_POINT('Origin',(0.,0.,134.));
#5628=CARTESIAN_POINT('Ctrl Pts',(27.2293238737712,41.9352348434735,134.));
#5629=CARTESIAN_POINT('Ctrl Pts',(27.2153277447172,42.058721522068,134.095946754718));
#5630=CARTESIAN_POINT('Ctrl Pts',(27.1941799155786,42.1818559525883,134.187890768262));
#5631=CARTESIAN_POINT('Ctrl Pts',(27.1060963904986,42.5616087220928,134.459835262905));
#5632=CARTESIAN_POINT('Ctrl Pts',(27.0079852272862,42.8365089157155,134.639204215719));
#5633=CARTESIAN_POINT('Ctrl Pts',(26.8652152142699,43.1031821504046,134.79));
#5634=CARTESIAN_POINT('Ctrl Pts',(44.8175499288962,-23.8958431190634,134.79));
#5635=CARTESIAN_POINT('Ctrl Pts',(44.8078557697224,-23.5935123168052,134.639204215719));
#5636=CARTESIAN_POINT('Ctrl Pts',(44.7553724326478,-23.3063861840164,134.459835262905));
#5637=CARTESIAN_POINT('Ctrl Pts',(44.6417786182698,-22.933468875928,134.187890768262));
#5638=CARTESIAN_POINT('Ctrl Pts',(44.5985259602785,-22.8162574164476,134.095946754718));
#5639=CARTESIAN_POINT('Ctrl Pts',(44.5489036242966,-22.7023167512289,134.));
#5640=CARTESIAN_POINT('Origin',(20.5,45.6042761152943,134.));
#5641=CARTESIAN_POINT('',(21.29,46.1124711981477,134.79));
#5642=CARTESIAN_POINT('',(21.29,25.7792811086483,134.79));
#5643=CARTESIAN_POINT('Origin',(106.932264198068,-221.635118466056,220.432264146376));
#5644=CARTESIAN_POINT('Origin',(37.5,-35.4444636015274,134.));
#5645=CARTESIAN_POINT('Origin',(0.,0.,134.));
#5646=CARTESIAN_POINT('',(23.8958431190634,44.8175499288963,134.79));
#5647=CARTESIAN_POINT('Ctrl Pts',(23.8958431190634,44.8175499288962,134.79));
#5648=CARTESIAN_POINT('Ctrl Pts',(23.5935123168052,44.8078557697224,134.639204215719));
#5649=CARTESIAN_POINT('Ctrl Pts',(23.3063861840164,44.7553724326478,134.459835262905));
#5650=CARTESIAN_POINT('Ctrl Pts',(22.933468875928,44.6417786182698,134.187890768262));
#5651=CARTESIAN_POINT('Ctrl Pts',(22.8162574164477,44.5985259602785,134.095946754718));
#5652=CARTESIAN_POINT('Ctrl Pts',(22.7023167512289,44.5489036242967,134.));
#5653=CARTESIAN_POINT('Origin',(0.,0.,134.79));
#5654=CARTESIAN_POINT('Origin',(0.,5.95428610200232,134.79));
#5655=CARTESIAN_POINT('Origin',(24.,41.569219381653,134.79));
#5656=CARTESIAN_POINT('Origin',(0.,0.,134.));
#5657=CARTESIAN_POINT('',(-43.1387975046111,26.845860944588,134.79));
#5658=CARTESIAN_POINT('',(-44.819219381653,24.,134.759441132293));
#5659=CARTESIAN_POINT('Ctrl Pts',(-43.1387975046111,26.845860944588,134.79));
#5660=CARTESIAN_POINT('Ctrl Pts',(-43.2456400727468,26.7869340466082,134.730422818291));
#5661=CARTESIAN_POINT('Ctrl Pts',(-43.3510030230185,26.7209430118156,134.675498093957));
#5662=CARTESIAN_POINT('Ctrl Pts',(-43.6376118020426,26.5170185714223,134.537781629197));
#5663=CARTESIAN_POINT('Ctrl Pts',(-43.8124740902538,26.363218129446,134.467819635168));
#5664=CARTESIAN_POINT('Ctrl Pts',(-44.1271855915385,26.018365795562,134.373916998154));
#5665=CARTESIAN_POINT('Ctrl Pts',(-44.2670117964315,25.8272864693297,134.35));
#5666=CARTESIAN_POINT('Ctrl Pts',(-44.5005920914734,25.4227135306703,134.35));
#5667=CARTESIAN_POINT('Ctrl Pts',(-44.596158539682,25.2060808220021,134.373916998154));
#5668=CARTESIAN_POINT('Ctrl Pts',(-44.7374536707376,24.7611065000844,134.467819635168));
#5669=CARTESIAN_POINT('Ctrl Pts',(-44.7832176164967,24.5327710953415,134.537781629197));
#5670=CARTESIAN_POINT('Ctrl Pts',(-44.8144556231964,24.2042753382087,134.666972950716));
#5671=CARTESIAN_POINT('Ctrl Pts',(-44.819219381653,24.1014513752573,134.711549585458));
#5672=CARTESIAN_POINT('Ctrl Pts',(-44.819219381653,24.,134.759441132293));
#5673=CARTESIAN_POINT('',(-44.8185963167833,23.936364055412,134.79));
#5674=CARTESIAN_POINT('Ctrl Pts',(-44.819219381653,24.,134.759441132293));
#5675=CARTESIAN_POINT('Ctrl Pts',(-44.819219381653,23.978725626466,134.769483999174));
#5676=CARTESIAN_POINT('Ctrl Pts',(-44.819010464435,23.9575112519565,134.779672337893));
#5677=CARTESIAN_POINT('Ctrl Pts',(-44.8185963167832,23.9363640554115,134.79));
#5678=CARTESIAN_POINT('',(-38.29,-33.3995808356931,134.79));
#5679=CARTESIAN_POINT('Origin',(0.,0.,134.79));
#5680=CARTESIAN_POINT('Ctrl Pts',(-37.4999999999996,-35.4444636015283,134.));
#5681=CARTESIAN_POINT('Ctrl Pts',(-37.9067327315562,-34.4220222186058,134.406732731556));
#5682=CARTESIAN_POINT('Ctrl Pts',(-38.2900000000037,-33.3995808356832,134.790000000004));
#5683=CARTESIAN_POINT('',(-21.29,46.1344990218817,134.79));
#5684=CARTESIAN_POINT('Ctrl Pts',(-20.5000000000006,47.3530358055312,134.000000000001));
#5685=CARTESIAN_POINT('Ctrl Pts',(-20.9001485155797,46.7437674137064,134.40014851558));
#5686=CARTESIAN_POINT('Ctrl Pts',(-21.2900000000001,46.1344990218816,134.79));
#5687=CARTESIAN_POINT('Origin',(0.,0.,134.79));
#5688=CARTESIAN_POINT('Origin',(0.,5.95428610200232,134.79));
#5689=CARTESIAN_POINT('',(-43.1031821504046,26.8652152142699,134.79));
#5690=CARTESIAN_POINT('Origin',(-41.569219381653,24.,134.79));
#5691=CARTESIAN_POINT('',(-21.29,46.1124711981477,134.79));
#5692=CARTESIAN_POINT('',(-21.29,26.6536609537672,134.79));
#5693=CARTESIAN_POINT('Origin',(0.,0.,134.79));
#5694=CARTESIAN_POINT('Origin',(0.,5.95428610200232,134.79));
#5695=CARTESIAN_POINT('',(-44.8175499288963,23.8958431190634,134.79));
#5696=CARTESIAN_POINT('Origin',(-41.569219381653,24.,134.79));
#5697=CARTESIAN_POINT('',(-38.29,-33.3691474269272,134.79));
#5698=CARTESIAN_POINT('Origin',(0.,0.,134.79));
#5699=CARTESIAN_POINT('',(-38.29,-13.5588026431525,134.79));
#5700=CARTESIAN_POINT('Origin',(0.,0.,134.));
#5701=CARTESIAN_POINT('Ctrl Pts',(-41.9352348434735,27.2293238737712,134.));
#5702=CARTESIAN_POINT('Ctrl Pts',(-42.058721522068,27.2153277447172,134.095946754718));
#5703=CARTESIAN_POINT('Ctrl Pts',(-42.1818559525883,27.1941799155786,134.187890768262));
#5704=CARTESIAN_POINT('Ctrl Pts',(-42.5616087220928,27.1060963904986,134.459835262905));
#5705=CARTESIAN_POINT('Ctrl Pts',(-42.8365089157155,27.0079852272862,134.639204215719));
#5706=CARTESIAN_POINT('Ctrl Pts',(-43.1031821504046,26.8652152142699,134.79));
#5707=CARTESIAN_POINT('Origin',(-106.932264128208,-221.635118444979,220.432264202769));
#5708=CARTESIAN_POINT('Origin',(-37.5,-33.0718913883074,134.));
#5709=CARTESIAN_POINT('Origin',(-132.432790918697,469.274603781625,228.932791036869));
#5710=CARTESIAN_POINT('Origin',(-20.5,47.353035805532,134.));
#5711=CARTESIAN_POINT('Origin',(0.,0.,134.));
#5712=CARTESIAN_POINT('Ctrl Pts',(-44.8175499288962,23.8958431190634,134.79));
#5713=CARTESIAN_POINT('Ctrl Pts',(-44.8078557697224,23.5935123168052,134.639204215719));
#5714=CARTESIAN_POINT('Ctrl Pts',(-44.7553724326478,23.3063861840164,134.459835262905));
#5715=CARTESIAN_POINT('Ctrl Pts',(-44.6417786182698,22.933468875928,134.187890768262));
#5716=CARTESIAN_POINT('Ctrl Pts',(-44.5985259602785,22.8162574164476,134.095946754718));
#5717=CARTESIAN_POINT('Ctrl Pts',(-44.5489036242966,22.7023167512289,134.));
#5718=CARTESIAN_POINT('Origin',(45.0533624358946,33.1467039993075,135.));
#5719=CARTESIAN_POINT('',(43.4533624358946,33.1467039993075,135.2));
#5720=CARTESIAN_POINT('',(46.6533624358946,33.1467039993075,135.2));
#5721=CARTESIAN_POINT('',(23.3266812179473,33.1467039993075,135.2));
#5722=CARTESIAN_POINT('',(43.4533624358946,33.1467039993075,135.));
#5723=CARTESIAN_POINT('',(43.4533624358946,33.1467039993075,135.3));
#5724=CARTESIAN_POINT('',(45.0533624358946,33.1467039993075,135.));
#5725=CARTESIAN_POINT('',(21.7266812179473,33.1467039993075,135.));
#5726=CARTESIAN_POINT('',(46.6533624358946,33.1467039993075,135.));
#5727=CARTESIAN_POINT('',(22.5266812179473,33.1467039993075,135.));
#5728=CARTESIAN_POINT('',(46.6533624358946,33.1467039993075,135.));
#5729=CARTESIAN_POINT('Origin',(8.88178419700125E-15,6.66133814775094E-15,
135.));
#5730=CARTESIAN_POINT('',(43.4533624358946,31.5467039993075,135.));
#5731=CARTESIAN_POINT('',(45.0533624358946,29.9467039993075,135.));
#5732=CARTESIAN_POINT('Origin',(45.0533624358946,31.5467039993075,135.));
#5733=CARTESIAN_POINT('',(43.4533624358945,29.9467039993075,135.));
#5734=CARTESIAN_POINT('',(43.4533624358945,14.9733519996537,135.));
#5735=CARTESIAN_POINT('',(22.5266812179473,29.9467039993075,135.));
#5736=CARTESIAN_POINT('Origin',(8.88178419700125E-15,6.66133814775094E-15,
135.));
#5737=CARTESIAN_POINT('',(46.6533624358946,31.5467039993075,135.));
#5738=CARTESIAN_POINT('Origin',(45.0533624358946,31.5467039993075,135.));
#5739=CARTESIAN_POINT('',(46.6533624358945,16.5733519996537,135.));
#5740=CARTESIAN_POINT('Origin',(8.88178419700125E-15,6.66133814775094E-15,
135.));
#5741=CARTESIAN_POINT('Origin',(45.0533624358946,31.5467039993075,135.));
#5742=CARTESIAN_POINT('',(43.4533624358945,15.7733519996537,135.));
#5743=CARTESIAN_POINT('Origin',(45.0533624358946,29.9467039993075,135.));
#5744=CARTESIAN_POINT('',(46.6533624358946,29.9467039993075,135.2));
#5745=CARTESIAN_POINT('',(43.4533624358945,29.9467039993075,135.2));
#5746=CARTESIAN_POINT('',(21.7266812179473,29.9467039993075,135.2));
#5747=CARTESIAN_POINT('',(46.6533624358946,29.9467039993075,135.));
#5748=CARTESIAN_POINT('',(46.6533624358946,29.9467039993075,135.3));
#5749=CARTESIAN_POINT('',(23.3266812179473,29.9467039993075,135.));
#5750=CARTESIAN_POINT('',(43.4533624358945,29.9467039993075,135.));
#5751=CARTESIAN_POINT('Origin',(8.88178419700125E-15,6.66133814775094E-15,
135.));
#5752=CARTESIAN_POINT('',(46.6533624358945,15.7733519996537,135.));
#5753=CARTESIAN_POINT('Origin',(45.0533624358946,31.5467039993075,135.));
#5754=CARTESIAN_POINT('Origin',(45.0533624358945,-33.1467039993075,135.));
#5755=CARTESIAN_POINT('',(46.6533624358945,-33.1467039993075,135.2));
#5756=CARTESIAN_POINT('',(43.4533624358945,-33.1467039993075,135.2));
#5757=CARTESIAN_POINT('',(21.7266812179473,-33.1467039993075,135.2));
#5758=CARTESIAN_POINT('',(46.6533624358945,-33.1467039993075,135.));
#5759=CARTESIAN_POINT('',(46.6533624358945,-33.1467039993075,135.3));
#5760=CARTESIAN_POINT('',(45.0533624358945,-33.1467039993075,135.));
#5761=CARTESIAN_POINT('',(23.3266812179473,-33.1467039993075,135.));
#5762=CARTESIAN_POINT('',(43.4533624358945,-33.1467039993075,135.));
#5763=CARTESIAN_POINT('',(22.5266812179473,-33.1467039993075,135.));
#5764=CARTESIAN_POINT('',(43.4533624358945,-33.1467039993075,135.));
#5765=CARTESIAN_POINT('Origin',(8.88178419700125E-15,6.66133814775094E-15,
135.));
#5766=CARTESIAN_POINT('',(43.4533624358945,-31.5467039993075,135.));
#5767=CARTESIAN_POINT('Origin',(45.0533624358945,-31.5467039993075,135.));
#5768=CARTESIAN_POINT('',(43.4533624358945,-16.5733519996538,135.));
#5769=CARTESIAN_POINT('Origin',(8.88178419700125E-15,6.66133814775094E-15,
135.));
#5770=CARTESIAN_POINT('',(46.6533624358945,-31.5467039993075,135.));
#5771=CARTESIAN_POINT('',(46.6533624358945,-15.7733519996538,135.));
#5772=CARTESIAN_POINT('Origin',(45.0533624358945,-31.5467039993075,135.));
#5773=CARTESIAN_POINT('Origin',(8.88178419700125E-15,6.66133814775094E-15,
135.));
#5774=CARTESIAN_POINT('',(46.6533624358945,-29.9467039993075,135.));
#5775=CARTESIAN_POINT('',(45.0533624358945,-29.9467039993075,135.));
#5776=CARTESIAN_POINT('',(22.5266812179473,-29.9467039993075,135.));
#5777=CARTESIAN_POINT('Origin',(45.0533624358945,-31.5467039993075,135.));
#5778=CARTESIAN_POINT('',(46.6533624358945,-14.9733519996538,135.));
#5779=CARTESIAN_POINT('Origin',(45.0533624358945,-29.9467039993075,135.));
#5780=CARTESIAN_POINT('',(43.4533624358945,-29.9467039993075,135.2));
#5781=CARTESIAN_POINT('',(46.6533624358945,-29.9467039993075,135.2));
#5782=CARTESIAN_POINT('',(23.3266812179473,-29.9467039993075,135.2));
#5783=CARTESIAN_POINT('',(43.4533624358945,-29.9467039993075,135.));
#5784=CARTESIAN_POINT('',(43.4533624358945,-29.9467039993075,135.3));
#5785=CARTESIAN_POINT('',(21.7266812179473,-29.9467039993075,135.));
#5786=CARTESIAN_POINT('',(46.6533624358945,-29.9467039993075,135.));
#5787=CARTESIAN_POINT('Origin',(8.88178419700125E-15,6.66133814775094E-15,
135.));
#5788=CARTESIAN_POINT('Origin',(45.0533624358945,-31.5467039993075,135.));
#5789=CARTESIAN_POINT('',(43.4533624358945,-15.7733519996538,135.));
#5790=CARTESIAN_POINT('Origin',(-45.0533624358945,-29.9467039993075,135.));
#5791=CARTESIAN_POINT('',(-46.6533624358945,-29.9467039993075,135.2));
#5792=CARTESIAN_POINT('',(-43.4533624358945,-29.9467039993075,135.2));
#5793=CARTESIAN_POINT('',(-21.7266812179473,-29.9467039993075,135.2));
#5794=CARTESIAN_POINT('',(-46.6533624358945,-29.9467039993075,135.));
#5795=CARTESIAN_POINT('',(-46.6533624358945,-29.9467039993075,135.3));
#5796=CARTESIAN_POINT('',(-45.0533624358945,-29.9467039993075,135.));
#5797=CARTESIAN_POINT('',(-23.3266812179473,-29.9467039993075,135.));
#5798=CARTESIAN_POINT('',(-43.4533624358945,-29.9467039993075,135.));
#5799=CARTESIAN_POINT('',(-22.5266812179473,-29.9467039993075,135.));
#5800=CARTESIAN_POINT('',(-43.4533624358945,-29.9467039993075,135.));
#5801=CARTESIAN_POINT('Origin',(8.88178419700125E-15,6.66133814775094E-15,
135.));
#5802=CARTESIAN_POINT('',(-46.6533624358945,-31.5467039993075,135.));
#5803=CARTESIAN_POINT('',(-46.6533624358945,-15.7733519996538,135.));
#5804=CARTESIAN_POINT('Origin',(-45.0533624358945,-31.5467039993075,135.));
#5805=CARTESIAN_POINT('Origin',(8.88178419700125E-15,6.66133814775094E-15,
135.));
#5806=CARTESIAN_POINT('',(-43.4533624358945,-31.5467039993075,135.));
#5807=CARTESIAN_POINT('Origin',(-45.0533624358945,-31.5467039993075,135.));
#5808=CARTESIAN_POINT('',(-43.4533624358945,-14.9733519996538,135.));
#5809=CARTESIAN_POINT('Origin',(8.88178419700125E-15,6.66133814775094E-15,
135.));
#5810=CARTESIAN_POINT('',(-46.6533624358945,-33.1467039993075,135.));
#5811=CARTESIAN_POINT('',(-45.0533624358945,-33.1467039993075,135.));
#5812=CARTESIAN_POINT('',(-22.5266812179473,-33.1467039993075,135.));
#5813=CARTESIAN_POINT('Origin',(-45.0533624358945,-31.5467039993075,135.));
#5814=CARTESIAN_POINT('',(-46.6533624358945,-16.5733519996538,135.));
#5815=CARTESIAN_POINT('Origin',(-45.0533624358945,-33.1467039993075,135.));
#5816=CARTESIAN_POINT('',(-43.4533624358945,-33.1467039993075,135.2));
#5817=CARTESIAN_POINT('',(-46.6533624358945,-33.1467039993075,135.2));
#5818=CARTESIAN_POINT('',(-23.3266812179473,-33.1467039993075,135.2));
#5819=CARTESIAN_POINT('',(-43.4533624358945,-33.1467039993075,135.));
#5820=CARTESIAN_POINT('',(-43.4533624358945,-33.1467039993075,135.3));
#5821=CARTESIAN_POINT('',(-21.7266812179473,-33.1467039993075,135.));
#5822=CARTESIAN_POINT('',(-46.6533624358945,-33.1467039993075,135.));
#5823=CARTESIAN_POINT('Origin',(8.88178419700125E-15,6.66133814775094E-15,
135.));
#5824=CARTESIAN_POINT('',(-43.4533624358945,-15.7733519996538,135.));
#5825=CARTESIAN_POINT('Origin',(-45.0533624358945,-31.5467039993075,135.));
#5826=CARTESIAN_POINT('Origin',(-45.0533624358945,33.1467039993076,135.));
#5827=CARTESIAN_POINT('',(-46.6533624358945,33.1467039993076,135.2));
#5828=CARTESIAN_POINT('',(-43.4533624358945,33.1467039993076,135.2));
#5829=CARTESIAN_POINT('',(-21.7266812179473,33.1467039993076,135.2));
#5830=CARTESIAN_POINT('',(-46.6533624358945,33.1467039993076,135.));
#5831=CARTESIAN_POINT('',(-46.6533624358945,33.1467039993076,135.3));
#5832=CARTESIAN_POINT('',(-45.0533624358945,33.1467039993076,135.));
#5833=CARTESIAN_POINT('',(-23.3266812179473,33.1467039993076,135.));
#5834=CARTESIAN_POINT('',(-43.4533624358945,33.1467039993076,135.));
#5835=CARTESIAN_POINT('',(-22.5266812179473,33.1467039993076,135.));
#5836=CARTESIAN_POINT('',(-43.4533624358945,33.1467039993076,135.3));
#5837=CARTESIAN_POINT('Origin',(8.88178419700125E-15,6.66133814775094E-15,
135.));
#5838=CARTESIAN_POINT('',(-46.6533624358945,29.9467039993075,135.));
#5839=CARTESIAN_POINT('',(-45.0533624358945,29.9467039993075,135.));
#5840=CARTESIAN_POINT('',(-22.5266812179473,29.9467039993075,135.));
#5841=CARTESIAN_POINT('',(-46.6533624358945,31.5467039993075,135.));
#5842=CARTESIAN_POINT('Origin',(-45.0533624358945,31.5467039993075,135.));
#5843=CARTESIAN_POINT('',(-46.6533624358946,14.9733519996538,135.));
#5844=CARTESIAN_POINT('Origin',(-45.0533624358945,29.9467039993075,135.));
#5845=CARTESIAN_POINT('',(-43.4533624358945,29.9467039993075,135.2));
#5846=CARTESIAN_POINT('',(-46.6533624358945,29.9467039993075,135.2));
#5847=CARTESIAN_POINT('',(-23.3266812179473,29.9467039993075,135.2));
#5848=CARTESIAN_POINT('',(-43.4533624358945,29.9467039993075,135.));
#5849=CARTESIAN_POINT('',(-43.4533624358945,29.9467039993075,135.3));
#5850=CARTESIAN_POINT('',(-21.7266812179473,29.9467039993075,135.));
#5851=CARTESIAN_POINT('',(-46.6533624358945,29.9467039993075,135.));
#5852=CARTESIAN_POINT('Origin',(8.88178419700125E-15,6.66133814775094E-15,
135.));
#5853=CARTESIAN_POINT('',(-43.4533624358945,31.5467039993075,135.));
#5854=CARTESIAN_POINT('Origin',(-45.0533624358945,31.5467039993075,135.));
#5855=CARTESIAN_POINT('',(-43.4533624358945,15.7733519996538,135.));
#5856=CARTESIAN_POINT('Origin',(8.88178419700125E-15,6.66133814775094E-15,
135.));
#5857=CARTESIAN_POINT('',(-46.6533624358946,15.7733519996538,135.));
#5858=CARTESIAN_POINT('Origin',(-45.0533624358945,31.5467039993075,135.));
#5859=CARTESIAN_POINT('Origin',(8.88178419700125E-15,6.66133814775094E-15,
135.));
#5860=CARTESIAN_POINT('Origin',(-45.0533624358945,31.5467039993075,135.));
#5861=CARTESIAN_POINT('',(-43.4533624358945,16.5733519996538,135.));
#5862=CARTESIAN_POINT('Origin',(-46.6533624358945,-28.7178349673444,135.2));
#5863=CARTESIAN_POINT('',(-46.6533624358945,-34.3755730312707,135.4));
#5864=CARTESIAN_POINT('',(-46.6533624358945,-28.7178349673444,135.4));
#5865=CARTESIAN_POINT('',(-46.6533624358945,-14.3589174836722,135.4));
#5866=CARTESIAN_POINT('',(-46.6533624358945,-34.3755730312707,135.2));
#5867=CARTESIAN_POINT('',(-46.6533624358945,-34.3755730312707,135.4));
#5868=CARTESIAN_POINT('',(-46.6533624358945,-17.1877865156353,135.2));
#5869=CARTESIAN_POINT('',(-46.6533624358945,-28.7178349673444,135.2));
#5870=CARTESIAN_POINT('',(-46.6533624358945,-14.9733519996538,135.2));
#5871=CARTESIAN_POINT('',(-46.6533624358945,-28.7178349673444,135.2));
#5872=CARTESIAN_POINT('Origin',(-43.4533624358945,-29.9467039993075,135.2));
#5873=CARTESIAN_POINT('',(-43.4533624358945,-28.7178349673444,135.4));
#5874=CARTESIAN_POINT('',(-43.4533624358945,-34.3755730312707,135.4));
#5875=CARTESIAN_POINT('',(-43.4533624358945,-17.1877865156353,135.4));
#5876=CARTESIAN_POINT('',(-43.4533624358945,-28.7178349673444,135.2));
#5877=CARTESIAN_POINT('',(-43.4533624358945,-28.7178349673444,135.4));
#5878=CARTESIAN_POINT('',(-43.4533624358945,-14.3589174836722,135.2));
#5879=CARTESIAN_POINT('',(-43.4533624358945,-34.3755730312707,135.2));
#5880=CARTESIAN_POINT('',(-43.4533624358945,-16.5733519996538,135.2));
#5881=CARTESIAN_POINT('',(-43.4533624358945,-34.3755730312707,135.2));
#5882=CARTESIAN_POINT('Origin',(8.88178419700125E-15,6.66133814775094E-15,
135.2));
#5883=CARTESIAN_POINT('Origin',(-45.0533624358945,-31.5467039993075,135.2));
#5884=CARTESIAN_POINT('Origin',(8.88178419700125E-15,6.66133814775094E-15,
135.2));
#5885=CARTESIAN_POINT('',(43.4533624358945,28.7178349673444,135.2));
#5886=CARTESIAN_POINT('',(43.4533624358945,14.3589174836722,135.2));
#5887=CARTESIAN_POINT('',(46.6533624358946,28.7178349673444,135.2));
#5888=CARTESIAN_POINT('Origin',(45.0533624358946,31.5467039993075,135.2));
#5889=CARTESIAN_POINT('',(46.6533624358945,14.9733519996537,135.2));
#5890=CARTESIAN_POINT('Origin',(-43.4533624358945,28.7178349673444,135.2));
#5891=CARTESIAN_POINT('',(-43.4533624358945,34.3755730312707,135.4));
#5892=CARTESIAN_POINT('',(-43.4533624358945,28.7178349673444,135.4));
#5893=CARTESIAN_POINT('',(-43.4533624358946,14.3589174836722,135.4));
#5894=CARTESIAN_POINT('',(-43.4533624358945,34.3755730312707,135.2));
#5895=CARTESIAN_POINT('',(-43.4533624358945,34.3755730312707,135.4));
#5896=CARTESIAN_POINT('',(-43.4533624358945,17.1877865156354,135.2));
#5897=CARTESIAN_POINT('',(-43.4533624358945,28.7178349673444,135.2));
#5898=CARTESIAN_POINT('',(-43.4533624358946,14.9733519996538,135.2));
#5899=CARTESIAN_POINT('',(-43.4533624358945,28.7178349673444,135.2));
#5900=CARTESIAN_POINT('Origin',(-46.6533624358945,29.9467039993075,135.2));
#5901=CARTESIAN_POINT('',(-46.6533624358945,28.7178349673444,135.4));
#5902=CARTESIAN_POINT('',(-46.6533624358945,34.3755730312707,135.4));
#5903=CARTESIAN_POINT('',(-46.6533624358946,17.1877865156354,135.4));
#5904=CARTESIAN_POINT('',(-46.6533624358945,28.7178349673444,135.2));
#5905=CARTESIAN_POINT('',(-46.6533624358945,28.7178349673444,135.4));
#5906=CARTESIAN_POINT('',(-46.6533624358946,14.3589174836723,135.2));
#5907=CARTESIAN_POINT('',(-46.6533624358945,34.3755730312707,135.2));
#5908=CARTESIAN_POINT('',(-46.6533624358946,16.5733519996538,135.2));
#5909=CARTESIAN_POINT('',(-46.6533624358945,34.3755730312707,135.2));
#5910=CARTESIAN_POINT('Origin',(8.88178419700125E-15,6.66133814775094E-15,
135.2));
#5911=CARTESIAN_POINT('Origin',(-45.0533624358945,31.5467039993075,135.2));
#5912=CARTESIAN_POINT('Origin',(8.88178419700125E-15,6.66133814775094E-15,
135.2));
#5913=CARTESIAN_POINT('',(43.4533624358945,-28.7178349673444,135.2));
#5914=CARTESIAN_POINT('',(43.4533624358945,-14.9733519996538,135.2));
#5915=CARTESIAN_POINT('',(46.6533624358945,-28.7178349673444,135.2));
#5916=CARTESIAN_POINT('',(46.6533624358945,-14.3589174836722,135.2));
#5917=CARTESIAN_POINT('Origin',(45.0533624358945,-31.5467039993075,135.2));
#5918=CARTESIAN_POINT('Origin',(8.88178419700125E-15,6.66133814775094E-15,
135.2));
#5919=CARTESIAN_POINT('Origin',(-45.0533624358945,-31.5467039993075,135.2));
#5920=CARTESIAN_POINT('Origin',(43.4533624358946,34.3755730312706,135.2));
#5921=CARTESIAN_POINT('',(43.4533624358945,28.7178349673444,135.4));
#5922=CARTESIAN_POINT('',(43.4533624358946,34.3755730312706,135.4));
#5923=CARTESIAN_POINT('',(43.4533624358945,17.1877865156353,135.4));
#5924=CARTESIAN_POINT('',(43.4533624358945,28.7178349673444,135.4));
#5925=CARTESIAN_POINT('',(43.4533624358946,34.3755730312706,135.2));
#5926=CARTESIAN_POINT('',(43.4533624358945,16.5733519996537,135.2));
#5927=CARTESIAN_POINT('',(43.4533624358946,34.3755730312706,135.2));
#5928=CARTESIAN_POINT('Origin',(46.6533624358946,33.1467039993075,135.2));
#5929=CARTESIAN_POINT('',(46.6533624358946,34.3755730312706,135.4));
#5930=CARTESIAN_POINT('',(46.6533624358946,28.7178349673444,135.4));
#5931=CARTESIAN_POINT('',(46.6533624358945,14.3589174836722,135.4));
#5932=CARTESIAN_POINT('',(46.6533624358946,34.3755730312706,135.2));
#5933=CARTESIAN_POINT('',(46.6533624358946,34.3755730312706,135.4));
#5934=CARTESIAN_POINT('',(46.6533624358945,17.1877865156353,135.2));
#5935=CARTESIAN_POINT('',(46.6533624358946,28.7178349673444,135.2));
#5936=CARTESIAN_POINT('Origin',(8.88178419700125E-15,6.66133814775094E-15,
135.2));
#5937=CARTESIAN_POINT('Origin',(45.0533624358946,31.5467039993075,135.2));
#5938=CARTESIAN_POINT('Origin',(8.88178419700125E-15,6.66133814775094E-15,
135.2));
#5939=CARTESIAN_POINT('Origin',(-45.0533624358945,31.5467039993075,135.2));
#5940=CARTESIAN_POINT('Origin',(46.6533624358945,-34.3755730312707,135.2));
#5941=CARTESIAN_POINT('',(46.6533624358945,-28.7178349673444,135.4));
#5942=CARTESIAN_POINT('',(46.6533624358945,-34.3755730312707,135.4));
#5943=CARTESIAN_POINT('',(46.6533624358945,-17.1877865156353,135.4));
#5944=CARTESIAN_POINT('',(46.6533624358945,-28.7178349673444,135.4));
#5945=CARTESIAN_POINT('',(46.6533624358945,-34.3755730312707,135.2));
#5946=CARTESIAN_POINT('',(46.6533624358945,-16.5733519996538,135.2));
#5947=CARTESIAN_POINT('',(46.6533624358945,-34.3755730312707,135.2));
#5948=CARTESIAN_POINT('Origin',(43.4533624358945,-33.1467039993075,135.2));
#5949=CARTESIAN_POINT('',(43.4533624358945,-34.3755730312707,135.4));
#5950=CARTESIAN_POINT('',(43.4533624358945,-28.7178349673444,135.4));
#5951=CARTESIAN_POINT('',(43.4533624358945,-14.3589174836722,135.4));
#5952=CARTESIAN_POINT('',(43.4533624358945,-34.3755730312707,135.2));
#5953=CARTESIAN_POINT('',(43.4533624358945,-34.3755730312707,135.4));
#5954=CARTESIAN_POINT('',(43.4533624358945,-17.1877865156353,135.2));
#5955=CARTESIAN_POINT('',(43.4533624358945,-28.7178349673444,135.2));
#5956=CARTESIAN_POINT('Origin',(8.88178419700125E-15,6.66133814775094E-15,
135.2));
#5957=CARTESIAN_POINT('Origin',(45.0533624358945,-31.5467039993075,135.2));
#5958=CARTESIAN_POINT('Origin',(8.88178419700125E-15,4.44089209850063E-15,
135.4));
#5959=CARTESIAN_POINT('Origin',(-45.0533624358945,31.5467039993075,135.4));
#5960=CARTESIAN_POINT('Origin',(8.88178419700125E-15,4.44089209850063E-15,
135.4));
#5961=CARTESIAN_POINT('Origin',(45.0533624358946,31.5467039993075,135.4));
#5962=CARTESIAN_POINT('Origin',(8.88178419700125E-15,4.44089209850063E-15,
135.4));
#5963=CARTESIAN_POINT('Origin',(45.0533624358945,-31.5467039993075,135.4));
#5964=CARTESIAN_POINT('Origin',(8.88178419700125E-15,4.44089209850063E-15,
135.4));
#5965=CARTESIAN_POINT('Origin',(-45.0533624358945,-31.5467039993075,135.4));
#5966=CARTESIAN_POINT('Origin',(8.88178419700125E-15,4.44089209850063E-15,
135.4));
#5967=CARTESIAN_POINT('',(-48.3033624358945,31.5467039993075,135.4));
#5968=CARTESIAN_POINT('Origin',(-45.0533624358945,31.5467039993075,135.4));
#5969=CARTESIAN_POINT('Origin',(-45.0533624358945,31.5467039993075,135.4));
#5970=CARTESIAN_POINT('Origin',(8.88178419700125E-15,4.44089209850063E-15,
135.4));
#5971=CARTESIAN_POINT('',(41.8033624358946,31.5467039993075,135.4));
#5972=CARTESIAN_POINT('Origin',(45.0533624358946,31.5467039993075,135.4));
#5973=CARTESIAN_POINT('Origin',(45.0533624358946,31.5467039993075,135.4));
#5974=CARTESIAN_POINT('Origin',(8.88178419700125E-15,4.44089209850063E-15,
135.4));
#5975=CARTESIAN_POINT('',(41.8033624358945,-31.5467039993075,135.4));
#5976=CARTESIAN_POINT('Origin',(45.0533624358945,-31.5467039993075,135.4));
#5977=CARTESIAN_POINT('Origin',(45.0533624358945,-31.5467039993075,135.4));
#5978=CARTESIAN_POINT('Origin',(8.88178419700125E-15,4.44089209850063E-15,
135.4));
#5979=CARTESIAN_POINT('',(-48.3033624358945,-31.5467039993075,135.4));
#5980=CARTESIAN_POINT('Origin',(-45.0533624358945,-31.5467039993075,135.4));
#5981=CARTESIAN_POINT('Origin',(-45.0533624358945,-31.5467039993075,135.4));
#5982=CARTESIAN_POINT('Origin',(-45.0533624358945,-31.5467039993075,140.));
#5983=CARTESIAN_POINT('',(-46.6533624358945,-31.5467039993075,140.));
#5984=CARTESIAN_POINT('Origin',(38.,6.,140.));
#5985=CARTESIAN_POINT('',(38.,6.,140.));
#5986=CARTESIAN_POINT('',(38.,-6.,164.));
#5987=CARTESIAN_POINT('Origin',(45.0533624358946,31.5467039993075,140.));
#5988=CARTESIAN_POINT('',(43.4533624358946,31.5467039993075,140.));
#5989=CARTESIAN_POINT('Origin',(45.0533624358945,-31.5467039993075,140.));
#5990=CARTESIAN_POINT('',(43.4533624358945,-31.5467039993075,140.));
#5991=CARTESIAN_POINT('Origin',(-45.0533624358945,31.5467039993075,140.));
#5992=CARTESIAN_POINT('',(-46.6533624358945,31.5467039993075,140.));
#5993=CARTESIAN_POINT('Ctrl Pts',(22.1,54.3573943972355,134.));
#5994=CARTESIAN_POINT('Ctrl Pts',(22.1,54.3573943972355,146.));
#5995=CARTESIAN_POINT('Ctrl Pts',(21.3164409142056,54.4161139015809,134.));
#5996=CARTESIAN_POINT('Ctrl Pts',(21.3164409142056,54.4161139015809,146.));
#5997=CARTESIAN_POINT('Ctrl Pts',(20.5000000000805,54.4692490156354,134.));
#5998=CARTESIAN_POINT('Ctrl Pts',(20.5000000000805,54.4692490156354,146.));
#5999=CARTESIAN_POINT('',(22.1,54.3573943972355,140.));
#6000=CARTESIAN_POINT('Ctrl Pts',(55.,8.88178419700125E-15,134.));
#6001=CARTESIAN_POINT('Ctrl Pts',(55.,8.88178419700125E-15,146.));
#6002=CARTESIAN_POINT('Ctrl Pts',(55.,51.89188576108,134.));
#6003=CARTESIAN_POINT('Ctrl Pts',(55.,51.89188576108,146.));
#6004=CARTESIAN_POINT('Ctrl Pts',(22.1,54.3573943972355,134.));
#6005=CARTESIAN_POINT('Ctrl Pts',(22.1,54.3573943972355,146.));
#6006=CARTESIAN_POINT('',(55.,-1.22124532708767E-14,140.));
#6007=CARTESIAN_POINT('Ctrl Pts',(-3.33066907387547E-15,-55.,134.));
#6008=CARTESIAN_POINT('Ctrl Pts',(-3.33066907387547E-15,-55.,146.));
#6009=CARTESIAN_POINT('Ctrl Pts',(55.,-55.,134.));
#6010=CARTESIAN_POINT('Ctrl Pts',(55.,-55.,146.));
#6011=CARTESIAN_POINT('Ctrl Pts',(55.,-1.22124532708767E-14,134.));
#6012=CARTESIAN_POINT('Ctrl Pts',(55.,-1.22124532708767E-14,146.));
#6013=CARTESIAN_POINT('',(-3.33066907387547E-15,-55.,140.));
#6014=CARTESIAN_POINT('Ctrl Pts',(-55.,-2.14622680169081E-15,134.));
#6015=CARTESIAN_POINT('Ctrl Pts',(-55.,-2.14622680169081E-15,146.));
#6016=CARTESIAN_POINT('Ctrl Pts',(-55.,-55.,134.));
#6017=CARTESIAN_POINT('Ctrl Pts',(-55.,-55.,146.));
#6018=CARTESIAN_POINT('Ctrl Pts',(-6.73555739531044E-15,-55.,134.));
#6019=CARTESIAN_POINT('Ctrl Pts',(-6.73555739531044E-15,-55.,146.));
#6020=CARTESIAN_POINT('Origin',(38.,-6.,140.));
#6021=CARTESIAN_POINT('',(29.34,-6.,159.75));
#6022=CARTESIAN_POINT('Origin',(-24.,-41.569219381653,134.));
#6023=CARTESIAN_POINT('Origin',(24.,41.569219381653,134.));
#6024=CARTESIAN_POINT('',(20.75,41.569219381653,134.));
#6025=CARTESIAN_POINT('Origin',(41.569219381653,-24.,134.));
#6026=CARTESIAN_POINT('',(38.319219381653,-24.,134.));
#6027=CARTESIAN_POINT('Origin',(-41.569219381653,24.,134.));
#6028=CARTESIAN_POINT('',(-44.819219381653,24.,134.));
#6029=CARTESIAN_POINT('Origin',(-45.0533624358945,-31.5467039993075,135.4));
#6030=CARTESIAN_POINT('',(-48.3033624358945,-31.5467039993075,135.4));
#6031=CARTESIAN_POINT('Origin',(-45.0533624358945,31.5467039993075,135.4));
#6032=CARTESIAN_POINT('',(-48.3033624358945,31.5467039993075,135.4));
#6033=CARTESIAN_POINT('Origin',(45.0533624358946,31.5467039993075,135.4));
#6034=CARTESIAN_POINT('',(41.8033624358946,31.5467039993075,135.4));
#6035=CARTESIAN_POINT('Origin',(45.0533624358945,-31.5467039993075,135.4));
#6036=CARTESIAN_POINT('',(41.8033624358945,-31.5467039993075,135.4));
#6037=CARTESIAN_POINT('Origin',(29.34,0.,141.5));
#6038=CARTESIAN_POINT('',(29.34,6.,159.75));
#6039=CARTESIAN_POINT('Origin',(28.,6.,140.));
#6040=UNCERTAINTY_MEASURE_WITH_UNIT(LENGTH_MEASURE(0.01),#6044,
'DISTANCE_ACCURACY_VALUE',
'Maximum model space distance between geometric entities at asserted c
onnectivities');
#6041=UNCERTAINTY_MEASURE_WITH_UNIT(LENGTH_MEASURE(0.01),#6044,
'DISTANCE_ACCURACY_VALUE',
'Maximum model space distance between geometric entities at asserted c
onnectivities');
#6042=(
GEOMETRIC_REPRESENTATION_CONTEXT(3)
GLOBAL_UNCERTAINTY_ASSIGNED_CONTEXT((#6040))
GLOBAL_UNIT_ASSIGNED_CONTEXT((#6044,#6046,#6047))
REPRESENTATION_CONTEXT('','3D')
);
#6043=(
GEOMETRIC_REPRESENTATION_CONTEXT(3)
GLOBAL_UNCERTAINTY_ASSIGNED_CONTEXT((#6041))
GLOBAL_UNIT_ASSIGNED_CONTEXT((#6044,#6046,#6047))
REPRESENTATION_CONTEXT('','3D')
);
#6044=(
LENGTH_UNIT()
NAMED_UNIT(*)
SI_UNIT(.MILLI.,.METRE.)
);
#6045=(
LENGTH_UNIT()
NAMED_UNIT(*)
SI_UNIT($,.METRE.)
);
#6046=(
NAMED_UNIT(*)
PLANE_ANGLE_UNIT()
SI_UNIT($,.RADIAN.)
);
#6047=(
NAMED_UNIT(*)
SI_UNIT($,.STERADIAN.)
SOLID_ANGLE_UNIT()
);
#6048=SHAPE_DEFINITION_REPRESENTATION(#6049,#6050);
#6049=PRODUCT_DEFINITION_SHAPE('',$,#6052);
#6050=SHAPE_REPRESENTATION('',(#3233),#6042);
#6051=PRODUCT_DEFINITION_CONTEXT('part definition',#6056,'design');
#6052=PRODUCT_DEFINITION('2026-07-17-16-50-55-355','Mid Plate',#6053,#6051);
#6053=PRODUCT_DEFINITION_FORMATION('',$,#6058);
#6054=PRODUCT_RELATED_PRODUCT_CATEGORY('Mid Plate','Mid Plate',(#6058));
#6055=APPLICATION_PROTOCOL_DEFINITION('international standard',
'automotive_design',2009,#6056);
#6056=APPLICATION_CONTEXT(
'Core Data for Automotive Mechanical Design Process');
#6057=PRODUCT_CONTEXT('part definition',#6056,'mechanical');
#6058=PRODUCT('2026-07-17-16-50-55-355','Mid Plate',$,(#6057));
#6059=PRESENTATION_STYLE_ASSIGNMENT((#6061));
#6060=PRESENTATION_STYLE_ASSIGNMENT((#6062));
#6061=SURFACE_STYLE_USAGE(.BOTH.,#6063);
#6062=SURFACE_STYLE_USAGE(.BOTH.,#6064);
#6063=SURFACE_SIDE_STYLE('',(#6065));
#6064=SURFACE_SIDE_STYLE('',(#6066));
#6065=SURFACE_STYLE_FILL_AREA(#6067);
#6066=SURFACE_STYLE_FILL_AREA(#6068);
#6067=FILL_AREA_STYLE('Steel - Satin',(#6069));
#6068=FILL_AREA_STYLE('Opaque(160,160,160)',(#6070));
#6069=FILL_AREA_STYLE_COLOUR('Steel - Satin',#6071);
#6070=FILL_AREA_STYLE_COLOUR('Opaque(160,160,160)',#6072);
#6071=COLOUR_RGB('Steel - Satin',0.627450980392157,0.627450980392157,0.627450980392157);
#6072=COLOUR_RGB('Opaque(160,160,160)',0.627450980392157,0.627450980392157,
0.627450980392157);
ENDSEC;
END-ISO-10303-21;
