ISO-10303-21;
HEADER;
/* Generated by software containing ST-Developer
 * from STEP Tools, Inc. (www.steptools.com) 
 */

FILE_DESCRIPTION(
/* description */ (''),
/* implementation_level */ '2;1');

FILE_NAME(
/* name */ 'Mid Plate.step',
/* time_stamp */ '2026-07-17T11:46:04-04:00',
/* author */ (''),
/* organization */ (''),
/* preprocessor_version */ 'ST-DEVELOPER v20.1',
/* originating_system */ 'Autodesk Translation Framework v15.8.0.0',
/* authorisation */ '');

FILE_SCHEMA (('AUTOMOTIVE_DESIGN { 1 0 10303 214 3 1 1 }'));
ENDSEC;

DATA;
#10=MECHANICAL_DESIGN_GEOMETRIC_PRESENTATION_REPRESENTATION('',(#13),#6646);
#11=SHAPE_REPRESENTATION_RELATIONSHIP('SRR','None',#6653,#12);
#12=ADVANCED_BREP_SHAPE_REPRESENTATION('',(#14),#6645);
#13=STYLED_ITEM('',(#6663),#14);
#14=MANIFOLD_SOLID_BREP('Mid Plate',#3590);
#15=FACE_BOUND('',#556,.T.);
#16=FACE_BOUND('',#557,.T.);
#17=FACE_BOUND('',#558,.T.);
#18=FACE_BOUND('',#559,.T.);
#19=FACE_BOUND('',#560,.T.);
#20=FACE_BOUND('',#561,.T.);
#21=FACE_BOUND('',#562,.T.);
#22=FACE_BOUND('',#563,.T.);
#23=FACE_BOUND('',#564,.T.);
#24=FACE_BOUND('',#565,.T.);
#25=FACE_BOUND('',#566,.T.);
#26=FACE_BOUND('',#567,.T.);
#27=FACE_BOUND('',#568,.T.);
#28=FACE_BOUND('',#569,.T.);
#29=FACE_BOUND('',#570,.T.);
#30=FACE_BOUND('',#571,.T.);
#31=FACE_BOUND('',#572,.T.);
#32=FACE_BOUND('',#578,.T.);
#33=FACE_BOUND('',#580,.T.);
#34=FACE_BOUND('',#582,.T.);
#35=FACE_BOUND('',#584,.T.);
#36=FACE_BOUND('',#693,.T.);
#37=FACE_BOUND('',#694,.T.);
#38=FACE_BOUND('',#695,.T.);
#39=FACE_BOUND('',#696,.T.);
#40=FACE_BOUND('',#697,.T.);
#41=FACE_BOUND('',#698,.T.);
#42=FACE_BOUND('',#699,.T.);
#43=FACE_BOUND('',#700,.T.);
#44=(
BOUNDED_SURFACE()
B_SPLINE_SURFACE(2,1,((#5392,#5393),(#5394,#5395),(#5396,#5397)),
 .UNSPECIFIED.,.F.,.F.,.F.)
B_SPLINE_SURFACE_WITH_KNOTS((3,3),(2,2),(-9.49447207589764,0.),(0.,1.2),
 .UNSPECIFIED.)
GEOMETRIC_REPRESENTATION_ITEM()
RATIONAL_B_SPLINE_SURFACE(((1.,1.),(2.33333333333333,2.33333333333333),
(1.,1.)))
REPRESENTATION_ITEM('')
SURFACE()
);
#45=(
BOUNDED_SURFACE()
B_SPLINE_SURFACE(2,1,((#5405,#5406),(#5407,#5408),(#5409,#5410)),
 .UNSPECIFIED.,.F.,.F.,.F.)
B_SPLINE_SURFACE_WITH_KNOTS((3,3),(2,2),(-9.49447207589764,0.),(0.,1.2),
 .UNSPECIFIED.)
GEOMETRIC_REPRESENTATION_ITEM()
RATIONAL_B_SPLINE_SURFACE(((1.,1.),(2.33333333333333,2.33333333333333),
(1.,1.)))
REPRESENTATION_ITEM('')
SURFACE()
);
#46=(
BOUNDED_SURFACE()
B_SPLINE_SURFACE(2,1,((#5416,#5417),(#5418,#5419),(#5420,#5421)),
 .UNSPECIFIED.,.F.,.F.,.F.)
B_SPLINE_SURFACE_WITH_KNOTS((3,3),(2,2),(-9.49447207589764,-1.16421386760418),
(0.,1.2),.UNSPECIFIED.)
GEOMETRIC_REPRESENTATION_ITEM()
RATIONAL_B_SPLINE_SURFACE(((1.,1.),(2.16983976103181,2.16983976103181),
(1.28689192232718,1.28689192232718)))
REPRESENTATION_ITEM('')
SURFACE()
);
#47=(
BOUNDED_SURFACE()
B_SPLINE_SURFACE(2,1,((#5427,#5428),(#5429,#5430),(#5431,#5432)),
 .UNSPECIFIED.,.F.,.F.,.F.)
B_SPLINE_SURFACE_WITH_KNOTS((3,3),(2,2),(-1.16421386760418,-1.04767786896375),
(0.,1.2),.UNSPECIFIED.)
GEOMETRIC_REPRESENTATION_ITEM()
RATIONAL_B_SPLINE_SURFACE(((1.28689192232718,1.28689192232718),(1.27453993928439,
1.27453993928439),(1.26178621418961,1.26178621418961)))
REPRESENTATION_ITEM('')
SURFACE()
);
#48=(
BOUNDED_SURFACE()
B_SPLINE_SURFACE(2,2,((#5453,#5454,#5455,#5456,#5457,#5458,#5459,#5460,
#5461),(#5462,#5463,#5464,#5465,#5466,#5467,#5468,#5469,#5470),(#5471,#5472,
#5473,#5474,#5475,#5476,#5477,#5478,#5479)),.UNSPECIFIED.,.F.,.T.,.F.)
B_SPLINE_SURFACE_WITH_KNOTS((3,3),(3,2,2,2,3),(-0.785398163398464,5.16427894017216E-13),
(-3.14159265358979,-1.5707963267949,0.,1.5707963267949,3.14159265358979),
 .UNSPECIFIED.)
GEOMETRIC_REPRESENTATION_ITEM()
RATIONAL_B_SPLINE_SURFACE(((1.,0.707106781186548,1.,0.707106781186548,1.,
0.707106781186548,1.,0.707106781186548,1.),(0.923879532510972,0.653281482437966,
0.923879532510972,0.653281482437966,0.923879532510972,0.653281482437966,
0.923879532510972,0.653281482437966,0.923879532510972),(1.,0.707106781186548,
1.,0.707106781186548,1.,0.707106781186548,1.,0.707106781186548,1.)))
REPRESENTATION_ITEM('')
SURFACE()
);
#49=(
BOUNDED_SURFACE()
B_SPLINE_SURFACE(2,2,((#5497,#5498,#5499,#5500,#5501,#5502,#5503,#5504,
#5505),(#5506,#5507,#5508,#5509,#5510,#5511,#5512,#5513,#5514),(#5515,#5516,
#5517,#5518,#5519,#5520,#5521,#5522,#5523)),.UNSPECIFIED.,.F.,.T.,.F.)
B_SPLINE_SURFACE_WITH_KNOTS((3,3),(3,2,2,2,3),(-0.785398163398291,2.91530596518009E-13),
(-3.14159265358979,-1.5707963267949,0.,1.5707963267949,3.14159265358979),
 .UNSPECIFIED.)
GEOMETRIC_REPRESENTATION_ITEM()
RATIONAL_B_SPLINE_SURFACE(((1.,0.707106781186548,1.,0.707106781186548,1.,
0.707106781186548,1.,0.707106781186548,1.),(0.923879532510857,0.653281482437884,
0.923879532510857,0.653281482437884,0.923879532510857,0.653281482437884,
0.923879532510857,0.653281482437884,0.923879532510857),(1.,0.707106781186548,
1.,0.707106781186548,1.,0.707106781186548,1.,0.707106781186548,1.)))
REPRESENTATION_ITEM('')
SURFACE()
);
#50=(
BOUNDED_SURFACE()
B_SPLINE_SURFACE(2,2,((#5541,#5542,#5543,#5544,#5545,#5546,#5547,#5548,
#5549),(#5550,#5551,#5552,#5553,#5554,#5555,#5556,#5557,#5558),(#5559,#5560,
#5561,#5562,#5563,#5564,#5565,#5566,#5567)),.UNSPECIFIED.,.F.,.T.,.F.)
B_SPLINE_SURFACE_WITH_KNOTS((3,3),(3,2,2,2,3),(-0.78539816339837,2.91530596518048E-13),
(-3.14159265358979,-1.5707963267949,0.,1.5707963267949,3.14159265358979),
 .UNSPECIFIED.)
GEOMETRIC_REPRESENTATION_ITEM()
RATIONAL_B_SPLINE_SURFACE(((1.,0.707106781186548,1.,0.707106781186548,1.,
0.707106781186548,1.,0.707106781186548,1.),(0.923879532510998,0.653281482437984,
0.923879532510998,0.653281482437984,0.923879532510998,0.653281482437984,
0.923879532510998,0.653281482437984,0.923879532510998),(1.,0.707106781186548,
1.,0.707106781186548,1.,0.707106781186548,1.,0.707106781186548,1.)))
REPRESENTATION_ITEM('')
SURFACE()
);
#51=(
BOUNDED_SURFACE()
B_SPLINE_SURFACE(2,2,((#5585,#5586,#5587,#5588,#5589,#5590,#5591,#5592,
#5593),(#5594,#5595,#5596,#5597,#5598,#5599,#5600,#5601,#5602),(#5603,#5604,
#5605,#5606,#5607,#5608,#5609,#5610,#5611)),.UNSPECIFIED.,.F.,.T.,.F.)
B_SPLINE_SURFACE_WITH_KNOTS((3,3),(3,2,2,2,3),(-0.7853981633984,3.02408799562009E-13),
(-3.14159265358979,-1.5707963267949,0.,1.5707963267949,3.14159265358979),
 .UNSPECIFIED.)
GEOMETRIC_REPRESENTATION_ITEM()
RATIONAL_B_SPLINE_SURFACE(((1.,0.707106781186548,1.,0.707106781186548,1.,
0.707106781186548,1.,0.707106781186548,1.),(0.923879532510885,0.653281482437904,
0.923879532510885,0.653281482437904,0.923879532510885,0.653281482437904,
0.923879532510885,0.653281482437904,0.923879532510885),(1.,0.707106781186548,
1.,0.707106781186548,1.,0.707106781186548,1.,0.707106781186548,1.)))
REPRESENTATION_ITEM('')
SURFACE()
);
#52=(
BOUNDED_SURFACE()
B_SPLINE_SURFACE(2,1,((#5633,#5634),(#5635,#5636),(#5637,#5638)),
 .UNSPECIFIED.,.F.,.F.,.F.)
B_SPLINE_SURFACE_WITH_KNOTS((3,3),(2,2),(-1.04767786895806,0.),(0.,3.372),
 .UNSPECIFIED.)
GEOMETRIC_REPRESENTATION_ITEM()
RATIONAL_B_SPLINE_SURFACE(((1.26178621418836,1.26178621418836),(1.14712811982707,
1.14712811982707),(1.,1.)))
REPRESENTATION_ITEM('')
SURFACE()
);
#53=(
BOUNDED_SURFACE()
B_SPLINE_SURFACE(2,1,((#5644,#5645),(#5646,#5647),(#5648,#5649)),
 .UNSPECIFIED.,.F.,.F.,.F.)
B_SPLINE_SURFACE_WITH_KNOTS((3,3),(2,2),(-9.49447207589764,-8.44679420693958),
(0.,3.372),.UNSPECIFIED.)
GEOMETRIC_REPRESENTATION_ITEM()
RATIONAL_B_SPLINE_SURFACE(((1.,1.),(1.14712811982707,1.14712811982707),
(1.26178621418836,1.26178621418836)))
REPRESENTATION_ITEM('')
SURFACE()
);
#54=(
BOUNDED_SURFACE()
B_SPLINE_SURFACE(2,1,((#5708,#5709),(#5710,#5711),(#5712,#5713)),
 .UNSPECIFIED.,.F.,.F.,.F.)
B_SPLINE_SURFACE_WITH_KNOTS((3,3),(2,2),(-8.33025820826169,0.),(0.,1.2),
 .UNSPECIFIED.)
GEOMETRIC_REPRESENTATION_ITEM()
RATIONAL_B_SPLINE_SURFACE(((1.28689192233391,1.28689192233391),(2.16983976102735,
2.16983976102735),(1.,1.)))
REPRESENTATION_ITEM('')
SURFACE()
);
#55=(
BOUNDED_SURFACE()
B_SPLINE_SURFACE(2,1,((#5715,#5716),(#5717,#5718),(#5719,#5720)),
 .UNSPECIFIED.,.F.,.F.,.F.)
B_SPLINE_SURFACE_WITH_KNOTS((3,3),(2,2),(-8.44679420693389,-8.33025820829346),
(0.,1.2),.UNSPECIFIED.)
GEOMETRIC_REPRESENTATION_ITEM()
RATIONAL_B_SPLINE_SURFACE(((1.26178621418961,1.26178621418961),(1.27453993928439,
1.27453993928439),(1.28689192232718,1.28689192232718)))
REPRESENTATION_ITEM('')
SURFACE()
);
#56=(
BOUNDED_SURFACE()
B_SPLINE_SURFACE(2,1,((#5721,#5722),(#5723,#5724),(#5725,#5726)),
 .UNSPECIFIED.,.F.,.F.,.F.)
B_SPLINE_SURFACE_WITH_KNOTS((3,3),(2,2),(-9.49447207589764,0.),(0.,1.2),
 .UNSPECIFIED.)
GEOMETRIC_REPRESENTATION_ITEM()
RATIONAL_B_SPLINE_SURFACE(((1.,1.),(2.33333333333333,2.33333333333333),
(1.,1.)))
REPRESENTATION_ITEM('')
SURFACE()
);
#57=(
BOUNDED_SURFACE()
B_SPLINE_SURFACE(2,1,((#5734,#5735),(#5736,#5737),(#5738,#5739)),
 .UNSPECIFIED.,.F.,.F.,.F.)
B_SPLINE_SURFACE_WITH_KNOTS((3,3),(2,2),(-9.49447207589764,0.),(0.,1.2),
 .UNSPECIFIED.)
GEOMETRIC_REPRESENTATION_ITEM()
RATIONAL_B_SPLINE_SURFACE(((1.,1.),(2.33333333333333,2.33333333333333),
(1.,1.)))
REPRESENTATION_ITEM('')
SURFACE()
);
#58=(
BOUNDED_SURFACE()
B_SPLINE_SURFACE(2,1,((#5745,#5746),(#5747,#5748),(#5749,#5750)),
 .UNSPECIFIED.,.F.,.F.,.F.)
B_SPLINE_SURFACE_WITH_KNOTS((3,3),(2,2),(-9.49447207589764,-1.16421386760418),
(0.,1.2),.UNSPECIFIED.)
GEOMETRIC_REPRESENTATION_ITEM()
RATIONAL_B_SPLINE_SURFACE(((1.,1.),(2.16983976103181,2.16983976103181),
(1.28689192232718,1.28689192232718)))
REPRESENTATION_ITEM('')
SURFACE()
);
#59=(
BOUNDED_SURFACE()
B_SPLINE_SURFACE(2,1,((#5756,#5757),(#5758,#5759),(#5760,#5761)),
 .UNSPECIFIED.,.F.,.F.,.F.)
B_SPLINE_SURFACE_WITH_KNOTS((3,3),(2,2),(-1.16421386760418,-1.04767786896375),
(0.,1.2),.UNSPECIFIED.)
GEOMETRIC_REPRESENTATION_ITEM()
RATIONAL_B_SPLINE_SURFACE(((1.28689192232718,1.28689192232718),(1.27453993928439,
1.27453993928439),(1.26178621418961,1.26178621418961)))
REPRESENTATION_ITEM('')
SURFACE()
);
#60=(
BOUNDED_SURFACE()
B_SPLINE_SURFACE(2,1,((#6616,#6617),(#6618,#6619),(#6620,#6621)),
 .UNSPECIFIED.,.F.,.F.,.F.)
B_SPLINE_SURFACE_WITH_KNOTS((3,3),(2,2),(-1.04767786895806,0.),(0.,3.372),
 .UNSPECIFIED.)
GEOMETRIC_REPRESENTATION_ITEM()
RATIONAL_B_SPLINE_SURFACE(((1.26178621418836,1.26178621418836),(1.14712811982707,
1.14712811982707),(1.,1.)))
REPRESENTATION_ITEM('')
SURFACE()
);
#61=(
BOUNDED_SURFACE()
B_SPLINE_SURFACE(2,1,((#6623,#6624),(#6625,#6626),(#6627,#6628)),
 .UNSPECIFIED.,.F.,.F.,.F.)
B_SPLINE_SURFACE_WITH_KNOTS((3,3),(2,2),(-9.49447207589764,-8.44679420693958),
(0.,3.372),.UNSPECIFIED.)
GEOMETRIC_REPRESENTATION_ITEM()
RATIONAL_B_SPLINE_SURFACE(((1.,1.),(1.14712811982707,1.14712811982707),
(1.26178621418836,1.26178621418836)))
REPRESENTATION_ITEM('')
SURFACE()
);
#62=(
BOUNDED_SURFACE()
B_SPLINE_SURFACE(2,1,((#6630,#6631),(#6632,#6633),(#6634,#6635)),
 .UNSPECIFIED.,.F.,.F.,.F.)
B_SPLINE_SURFACE_WITH_KNOTS((3,3),(2,2),(-8.44679420693389,-8.33025820829346),
(0.,1.2),.UNSPECIFIED.)
GEOMETRIC_REPRESENTATION_ITEM()
RATIONAL_B_SPLINE_SURFACE(((1.26178621418961,1.26178621418961),(1.27453993928439,
1.27453993928439),(1.28689192232718,1.28689192232718)))
REPRESENTATION_ITEM('')
SURFACE()
);
#63=(
BOUNDED_SURFACE()
B_SPLINE_SURFACE(2,1,((#6637,#6638),(#6639,#6640),(#6641,#6642)),
 .UNSPECIFIED.,.F.,.F.,.F.)
B_SPLINE_SURFACE_WITH_KNOTS((3,3),(2,2),(-8.33025820826169,0.),(0.,1.2),
 .UNSPECIFIED.)
GEOMETRIC_REPRESENTATION_ITEM()
RATIONAL_B_SPLINE_SURFACE(((1.28689192233391,1.28689192233391),(2.16983976102735,
2.16983976102735),(1.,1.)))
REPRESENTATION_ITEM('')
SURFACE()
);
#64=B_SPLINE_CURVE_WITH_KNOTS('',3,(#5094,#5095,#5096,#5097,#5098,#5099),
 .UNSPECIFIED.,.F.,.F.,(4,2,4),(-0.160375535963718,-0.0789825448874343,
0.),.UNSPECIFIED.);
#65=B_SPLINE_CURVE_WITH_KNOTS('',3,(#5103,#5104,#5105,#5106,#5107,#5108),
 .UNSPECIFIED.,.F.,.F.,(4,2,4),(-0.160375535963718,-0.0789825448874343,
0.),.UNSPECIFIED.);
#66=B_SPLINE_CURVE_WITH_KNOTS('',3,(#5123,#5124,#5125,#5126,#5127,#5128),
 .UNSPECIFIED.,.F.,.F.,(4,2,4),(-2.03370729827799,-0.854126035714047,0.),
 .UNSPECIFIED.);
#67=B_SPLINE_CURVE_WITH_KNOTS('',3,(#5131,#5132,#5133,#5134,#5135,#5136),
 .UNSPECIFIED.,.F.,.F.,(4,2,4),(-2.03370729827799,-0.854126035714047,0.),
 .UNSPECIFIED.);
#68=B_SPLINE_CURVE_WITH_KNOTS('',3,(#5150,#5151,#5152,#5153,#5154,#5155),
 .UNSPECIFIED.,.F.,.F.,(4,2,4),(-2.02089827871244,-1.17215183578037,0.),
 .UNSPECIFIED.);
#69=B_SPLINE_CURVE_WITH_KNOTS('',3,(#5158,#5159,#5160,#5161,#5162,#5163),
 .UNSPECIFIED.,.F.,.F.,(4,2,4),(-2.02089827871244,-1.17215183578037,0.),
 .UNSPECIFIED.);
#70=B_SPLINE_CURVE_WITH_KNOTS('',3,(#5177,#5178,#5179,#5180,#5181,#5182),
 .UNSPECIFIED.,.F.,.F.,(4,2,4),(-0.160374545543962,-0.0813924884224805,
0.),.UNSPECIFIED.);
#71=B_SPLINE_CURVE_WITH_KNOTS('',3,(#5185,#5186,#5187,#5188,#5189,#5190),
 .UNSPECIFIED.,.F.,.F.,(4,2,4),(-0.160374545543962,-0.0813924884224805,
0.),.UNSPECIFIED.);
#72=B_SPLINE_CURVE_WITH_KNOTS('',3,(#5216,#5217,#5218,#5219,#5220,#5221,
#5222,#5223,#5224,#5225,#5226,#5227),.UNSPECIFIED.,.F.,.F.,(4,2,2,2,2,4),
(-9.06047301406634,-6.55991814486549,-4.78801054860587,-3.54349552552451,
-2.24503677149889,0.),.UNSPECIFIED.);
#73=B_SPLINE_CURVE_WITH_KNOTS('',3,(#5230,#5231,#5232,#5233,#5234,#5235,
#5236,#5237,#5238,#5239,#5240,#5241),.UNSPECIFIED.,.F.,.F.,(4,2,2,2,2,4),
(-9.06047301406634,-6.55991814486549,-4.78801054860587,-3.54349552552451,
-2.24503677149889,0.),.UNSPECIFIED.);
#74=B_SPLINE_CURVE_WITH_KNOTS('',3,(#5267,#5268,#5269,#5270,#5271,#5272,
#5273,#5274,#5275,#5276,#5277,#5278),.UNSPECIFIED.,.F.,.F.,(4,2,2,2,2,4),
(-17.9338123365007,-12.4106987671396,-10.0662287389779,-7.83057682227606,
-5.04908586053006,0.),.UNSPECIFIED.);
#75=B_SPLINE_CURVE_WITH_KNOTS('',3,(#5281,#5282,#5283,#5284,#5285,#5286,
#5287,#5288,#5289,#5290,#5291,#5292),.UNSPECIFIED.,.F.,.F.,(4,2,2,2,2,4),
(-17.9338123365007,-12.4106987671396,-10.0662287389779,-7.83057682227606,
-5.04908586053006,0.),.UNSPECIFIED.);
#76=B_SPLINE_CURVE_WITH_KNOTS('',3,(#5318,#5319,#5320,#5321,#5322,#5323,
#5324,#5325,#5326,#5327,#5328,#5329),.UNSPECIFIED.,.F.,.F.,(4,2,2,2,2,4),
(-17.9338123365153,-12.4106987671439,-10.0662287389796,-7.83057682227669,
-5.04908586053008,0.),.UNSPECIFIED.);
#77=B_SPLINE_CURVE_WITH_KNOTS('',3,(#5332,#5333,#5334,#5335,#5336,#5337,
#5338,#5339,#5340,#5341,#5342,#5343),.UNSPECIFIED.,.F.,.F.,(4,2,2,2,2,4),
(-17.9338123365153,-12.4106987671439,-10.0662287389796,-7.83057682227669,
-5.04908586053008,0.),.UNSPECIFIED.);
#78=B_SPLINE_CURVE_WITH_KNOTS('',3,(#5368,#5369,#5370,#5371,#5372,#5373,
#5374,#5375,#5376,#5377,#5378,#5379),.UNSPECIFIED.,.F.,.F.,(4,2,2,2,2,4),
(-15.7619917614073,-12.8411489928175,-10.4409646484821,-8.1677594254834,
-5.52941383680642,0.),.UNSPECIFIED.);
#79=B_SPLINE_CURVE_WITH_KNOTS('',3,(#5380,#5381,#5382,#5383,#5384,#5385,
#5386,#5387,#5388,#5389,#5390,#5391),.UNSPECIFIED.,.F.,.F.,(4,2,2,2,2,4),
(-15.7619917614073,-12.8411489928175,-10.4409646484821,-8.1677594254834,
-5.52941383680642,0.),.UNSPECIFIED.);
#80=B_SPLINE_CURVE_WITH_KNOTS('',3,(#6054,#6055,#6056,#6057,#6058,#6059),
 .UNSPECIFIED.,.F.,.F.,(4,2,4),(0.804769131715641,0.901664485870226,0.947363736576151),
 .UNSPECIFIED.);
#81=B_SPLINE_CURVE_WITH_KNOTS('',2,(#6081,#6082,#6083),.UNSPECIFIED.,.F.,
 .F.,(3,3),(0.0225662275858811,0.255580515193834),.UNSPECIFIED.);
#82=B_SPLINE_CURVE_WITH_KNOTS('',3,(#6087,#6088,#6089,#6090,#6091,#6092),
 .UNSPECIFIED.,.F.,.F.,(4,2,4),(0.295372527063787,0.341071777769707,0.437967131924297),
 .UNSPECIFIED.);
#83=B_SPLINE_CURVE_WITH_KNOTS('',3,(#6105,#6106,#6107,#6108,#6109,#6110,
#6111,#6112,#6113,#6114,#6115,#6116,#6117,#6118),.UNSPECIFIED.,.F.,.F.,
(4,2,2,2,2,2,4),(-1.94182887905862,-1.90289480839724,-1.83282071988468,
-1.76274663137211,-1.69267254285955,-1.62259845434698,-1.59041237981705),
 .UNSPECIFIED.);
#84=B_SPLINE_CURVE_WITH_KNOTS('',3,(#6119,#6120,#6121,#6122),
 .UNSPECIFIED.,.F.,.F.,(4,4),(-1.59041237981705,-1.58366295359777),
 .UNSPECIFIED.);
#85=B_SPLINE_CURVE_WITH_KNOTS('',3,(#6135,#6136,#6137,#6138,#6139,#6140),
 .UNSPECIFIED.,.F.,.F.,(4,2,4),(0.804769131715641,0.901664485870226,0.947363736576143),
 .UNSPECIFIED.);
#86=B_SPLINE_CURVE_WITH_KNOTS('',2,(#6149,#6150,#6151),.UNSPECIFIED.,.F.,
 .F.,(3,3),(0.0225662275858878,0.255580515193841),.UNSPECIFIED.);
#87=B_SPLINE_CURVE_WITH_KNOTS('',3,(#6164,#6165,#6166,#6167,#6168,#6169),
 .UNSPECIFIED.,.F.,.F.,(4,2,4),(0.295372527063785,0.341071777769707,0.437967131924297),
 .UNSPECIFIED.);
#88=B_SPLINE_CURVE_WITH_KNOTS('',3,(#6173,#6174,#6175,#6176,#6177,#6178),
 .UNSPECIFIED.,.F.,.F.,(4,2,4),(0.804769131715641,0.901664485870226,0.94736373657615),
 .UNSPECIFIED.);
#89=B_SPLINE_CURVE_WITH_KNOTS('',3,(#6183,#6184,#6185,#6186,#6187,#6188),
 .UNSPECIFIED.,.F.,.F.,(4,2,4),(0.295372527063787,0.341071777769707,0.437967131924297),
 .UNSPECIFIED.);
#90=B_SPLINE_CURVE_WITH_KNOTS('',3,(#6202,#6203,#6204,#6205,#6206,#6207,
#6208,#6209,#6210,#6211,#6212,#6213,#6214,#6215),.UNSPECIFIED.,.F.,.F.,
(4,2,2,2,2,2,4),(-1.94182887905862,-1.90289480839724,-1.83282071988468,
-1.76274663137211,-1.69267254285955,-1.62259845434698,-1.5836643836856),
 .UNSPECIFIED.);
#91=B_SPLINE_CURVE_WITH_KNOTS('',3,(#6217,#6218,#6219,#6220,#6221,#6222,
#6223,#6224,#6225,#6226,#6227,#6228,#6229,#6230),.UNSPECIFIED.,.F.,.F.,
(4,2,2,2,2,2,4),(-1.94182887905863,-1.90289480839724,-1.83282071988468,
-1.76274663137211,-1.69267254285955,-1.62259845434699,-1.5836643836856),
 .UNSPECIFIED.);
#92=B_SPLINE_CURVE_WITH_KNOTS('',3,(#6253,#6254,#6255,#6256),
 .UNSPECIFIED.,.F.,.F.,(4,4),(0.,0.160398659822342),.UNSPECIFIED.);
#93=B_SPLINE_CURVE_WITH_KNOTS('',3,(#6259,#6260,#6261,#6262),
 .UNSPECIFIED.,.F.,.F.,(4,4),(8.32011016328019,8.43869143042381),
 .UNSPECIFIED.);
#94=B_SPLINE_CURVE_WITH_KNOTS('',3,(#6286,#6287,#6288,#6289),
 .UNSPECIFIED.,.F.,.F.,(4,4),(0.,0.16042020631877),.UNSPECIFIED.);
#95=B_SPLINE_CURVE_WITH_KNOTS('',3,(#6291,#6292,#6293,#6294),
 .UNSPECIFIED.,.F.,.F.,(4,4),(-8.42519888040625,-8.30350233976377),
 .UNSPECIFIED.);
#96=B_SPLINE_CURVE_WITH_KNOTS('',3,(#6311,#6312,#6313,#6314,#6315,#6316),
 .UNSPECIFIED.,.F.,.F.,(4,2,4),(0.,0.995551178065301,2.05409595457655),
 .UNSPECIFIED.);
#97=B_SPLINE_CURVE_WITH_KNOTS('',3,(#6318,#6319,#6320,#6321,#6322,#6323),
 .UNSPECIFIED.,.F.,.F.,(4,2,4),(-9.49447207589764,-8.94343961160215,-8.42519888040737),
 .UNSPECIFIED.);
#98=B_SPLINE_CURVE_WITH_KNOTS('',3,(#6340,#6341,#6342,#6343,#6344,#6345),
 .UNSPECIFIED.,.F.,.F.,(4,2,4),(0.,1.20417314283833,1.98901359989369),
 .UNSPECIFIED.);
#99=B_SPLINE_CURVE_WITH_KNOTS('',3,(#6347,#6348,#6349,#6350,#6351,#6352),
 .UNSPECIFIED.,.F.,.F.,(4,2,4),(-1.06882091311935,-0.647077243791118,0.),
 .UNSPECIFIED.);
#100=B_SPLINE_CURVE_WITH_KNOTS('',3,(#6363,#6364,#6365,#6366),
 .UNSPECIFIED.,.F.,.F.,(4,4),(0.,0.160401742540867),.UNSPECIFIED.);
#101=B_SPLINE_CURVE_WITH_KNOTS('',3,(#6368,#6369,#6370,#6371),
 .UNSPECIFIED.,.F.,.F.,(4,4),(-1.19040157831123,-1.0688209131201),
 .UNSPECIFIED.);
#102=B_SPLINE_CURVE_WITH_KNOTS('',3,(#6391,#6392,#6393,#6394),
 .UNSPECIFIED.,.F.,.F.,(4,4),(0.,0.16039189982616),.UNSPECIFIED.);
#103=B_SPLINE_CURVE_WITH_KNOTS('',3,(#6395,#6396,#6397,#6398),
 .UNSPECIFIED.,.F.,.F.,(4,4),(1.05539053626723,1.17383991254775),
 .UNSPECIFIED.);
#104=B_SPLINE_CURVE_WITH_KNOTS('',3,(#6401,#6402,#6403,#6404,#6405,#6406),
 .UNSPECIFIED.,.F.,.F.,(4,2,4),(0.15925446951892,0.901598731659714,2.22648081959376),
 .UNSPECIFIED.);
#105=B_SPLINE_CURVE_WITH_KNOTS('',3,(#6407,#6408,#6409,#6410,#6411,#6412),
 .UNSPECIFIED.,.F.,.F.,(4,2,4),(0.,1.28292514537323,2.01332726496777),
 .UNSPECIFIED.);
#106=B_SPLINE_CURVE_WITH_KNOTS('',3,(#6422,#6423,#6424,#6425,#6426,#6427),
 .UNSPECIFIED.,.F.,.F.,(4,2,4),(-2.20953810524637,-0.898848086191944,0.),
 .UNSPECIFIED.);
#107=B_SPLINE_CURVE_WITH_KNOTS('',3,(#6429,#6430,#6431,#6432,#6433,#6434),
 .UNSPECIFIED.,.F.,.F.,(4,2,4),(-2.17001413483732,-1.28292514537323,0.),
 .UNSPECIFIED.);
#108=B_SPLINE_CURVE_WITH_KNOTS('',3,(#6435,#6436,#6437,#6438,#6439,#6440),
 .UNSPECIFIED.,.F.,.F.,(4,2,4),(-2.22648081959376,-0.901598731659714,0.),
 .UNSPECIFIED.);
#109=B_SPLINE_CURVE_WITH_KNOTS('',3,(#6441,#6442,#6443,#6444,#6445,#6446),
 .UNSPECIFIED.,.F.,.F.,(4,2,4),(-2.13349464770202,-1.27464160601941,0.),
 .UNSPECIFIED.);
#110=B_SPLINE_SURFACE_WITH_KNOTS('',3,1,((#5080,#5081),(#5082,#5083),(#5084,
#5085),(#5086,#5087),(#5088,#5089),(#5090,#5091)),.UNSPECIFIED.,.F.,.F.,
 .F.,(4,2,4),(2,2),(-0.160375535963718,-0.0789825448874343,0.),(0.,2.64),
 .UNSPECIFIED.);
#111=B_SPLINE_SURFACE_WITH_KNOTS('',3,1,((#5110,#5111),(#5112,#5113),(#5114,
#5115),(#5116,#5117),(#5118,#5119),(#5120,#5121)),.UNSPECIFIED.,.F.,.F.,
 .F.,(4,2,4),(2,2),(-2.03370729827799,-0.854126035714047,0.),(0.,2.64),
 .UNSPECIFIED.);
#112=B_SPLINE_SURFACE_WITH_KNOTS('',3,1,((#5137,#5138),(#5139,#5140),(#5141,
#5142),(#5143,#5144),(#5145,#5146),(#5147,#5148)),.UNSPECIFIED.,.F.,.F.,
 .F.,(4,2,4),(2,2),(-2.02089827871244,-1.17215183578037,0.),(0.,2.64),
 .UNSPECIFIED.);
#113=B_SPLINE_SURFACE_WITH_KNOTS('',3,1,((#5164,#5165),(#5166,#5167),(#5168,
#5169),(#5170,#5171),(#5172,#5173),(#5174,#5175)),.UNSPECIFIED.,.F.,.F.,
 .F.,(4,2,4),(2,2),(-0.160374545543962,-0.0813924884224805,0.),(0.,2.64),
 .UNSPECIFIED.);
#114=B_SPLINE_SURFACE_WITH_KNOTS('',3,1,((#5191,#5192),(#5193,#5194),(#5195,
#5196),(#5197,#5198),(#5199,#5200),(#5201,#5202),(#5203,#5204),(#5205,#5206),
(#5207,#5208),(#5209,#5210),(#5211,#5212),(#5213,#5214)),.UNSPECIFIED.,
 .F.,.F.,.F.,(4,2,2,2,2,4),(2,2),(-9.06047301406634,-6.55991814486549,-4.78801054860587,
-3.54349552552451,-2.24503677149889,0.),(0.,2.64),.UNSPECIFIED.);
#115=B_SPLINE_SURFACE_WITH_KNOTS('',3,1,((#5242,#5243),(#5244,#5245),(#5246,
#5247),(#5248,#5249),(#5250,#5251),(#5252,#5253),(#5254,#5255),(#5256,#5257),
(#5258,#5259),(#5260,#5261),(#5262,#5263),(#5264,#5265)),.UNSPECIFIED.,
 .F.,.F.,.F.,(4,2,2,2,2,4),(2,2),(-17.9338123365007,-12.4106987671396,-10.0662287389779,
-7.83057682227606,-5.04908586053006,0.),(0.,2.64),.UNSPECIFIED.);
#116=B_SPLINE_SURFACE_WITH_KNOTS('',3,1,((#5293,#5294),(#5295,#5296),(#5297,
#5298),(#5299,#5300),(#5301,#5302),(#5303,#5304),(#5305,#5306),(#5307,#5308),
(#5309,#5310),(#5311,#5312),(#5313,#5314),(#5315,#5316)),.UNSPECIFIED.,
 .F.,.F.,.F.,(4,2,2,2,2,4),(2,2),(-17.9338123365153,-12.4106987671439,-10.0662287389796,
-7.83057682227669,-5.04908586053008,0.),(0.,2.64),.UNSPECIFIED.);
#117=B_SPLINE_SURFACE_WITH_KNOTS('',3,1,((#5344,#5345),(#5346,#5347),(#5348,
#5349),(#5350,#5351),(#5352,#5353),(#5354,#5355),(#5356,#5357),(#5358,#5359),
(#5360,#5361),(#5362,#5363),(#5364,#5365),(#5366,#5367)),.UNSPECIFIED.,
 .F.,.F.,.F.,(4,2,2,2,2,4),(2,2),(-15.7619917614073,-12.8411489928175,-10.4409646484821,
-8.1677594254834,-5.52941383680642,0.),(0.,2.64),.UNSPECIFIED.);
#118=B_SPLINE_SURFACE_WITH_KNOTS('',3,1,((#6244,#6245),(#6246,#6247),(#6248,
#6249),(#6250,#6251)),.UNSPECIFIED.,.F.,.F.,.F.,(4,4),(2,2),(8.32011016328019,
8.43869157397722),(0.,2.412),.UNSPECIFIED.);
#119=B_SPLINE_SURFACE_WITH_KNOTS('',3,1,((#6277,#6278),(#6279,#6280),(#6281,
#6282),(#6283,#6284)),.UNSPECIFIED.,.F.,.F.,.F.,(4,4),(2,2),(-8.42519888040625,
-8.30350233976377),(0.,2.412),.UNSPECIFIED.);
#120=B_SPLINE_SURFACE_WITH_KNOTS('',3,1,((#6296,#6297),(#6298,#6299),(#6300,
#6301),(#6302,#6303),(#6304,#6305),(#6306,#6307),(#6308,#6309)),
 .UNSPECIFIED.,.F.,.F.,.F.,(4,3,4),(2,2),(-9.49447207589764,-8.94343961160215,
-8.42519888040737),(0.,2.412),.UNSPECIFIED.);
#121=B_SPLINE_SURFACE_WITH_KNOTS('',3,1,((#6325,#6326),(#6327,#6328),(#6329,
#6330),(#6331,#6332),(#6333,#6334),(#6335,#6336),(#6337,#6338)),
 .UNSPECIFIED.,.F.,.F.,.F.,(4,3,4),(2,2),(-1.06882091311935,-0.647077243791118,
0.),(0.,2.412),.UNSPECIFIED.);
#122=B_SPLINE_SURFACE_WITH_KNOTS('',3,1,((#6354,#6355),(#6356,#6357),(#6358,
#6359),(#6360,#6361)),.UNSPECIFIED.,.F.,.F.,.F.,(4,4),(2,2),(-1.19040157831123,
-1.0688209131201),(0.,2.412),.UNSPECIFIED.);
#123=B_SPLINE_SURFACE_WITH_KNOTS('',3,1,((#6383,#6384),(#6385,#6386),(#6387,
#6388),(#6389,#6390)),.UNSPECIFIED.,.F.,.F.,.F.,(4,4),(2,2),(1.05539023883336,
1.17383991254775),(0.,2.412),.UNSPECIFIED.);
#124=B_SPLINE_SURFACE_WITH_KNOTS('',3,1,((#6447,#6448),(#6449,#6450),(#6451,
#6452),(#6453,#6454),(#6455,#6456),(#6457,#6458)),.UNSPECIFIED.,.F.,.F.,
 .F.,(4,2,4),(2,2),(-2.20953810524637,-0.898848086191944,0.),(0.,0.192000000000002),
 .UNSPECIFIED.);
#125=B_SPLINE_SURFACE_WITH_KNOTS('',3,1,((#6460,#6461),(#6462,#6463),(#6464,
#6465),(#6466,#6467),(#6468,#6469),(#6470,#6471)),.UNSPECIFIED.,.F.,.F.,
 .F.,(4,2,4),(2,2),(-2.17001413483732,-1.28292514537323,0.),(0.,0.192000000000002),
 .UNSPECIFIED.);
#126=B_SPLINE_SURFACE_WITH_KNOTS('',3,1,((#6473,#6474),(#6475,#6476),(#6477,
#6478),(#6479,#6480),(#6481,#6482),(#6483,#6484)),.UNSPECIFIED.,.F.,.F.,
 .F.,(4,2,4),(2,2),(-2.22648081959376,-0.901598731659714,0.),(0.,0.192000000000002),
 .UNSPECIFIED.);
#127=B_SPLINE_SURFACE_WITH_KNOTS('',3,1,((#6485,#6486),(#6487,#6488),(#6489,
#6490),(#6491,#6492),(#6493,#6494),(#6495,#6496)),.UNSPECIFIED.,.F.,.F.,
 .F.,(4,2,4),(2,2),(-2.13349464770202,-1.27464160601941,0.),(0.,0.192000000000002),
 .UNSPECIFIED.);
#128=CONICAL_SURFACE('',#3649,3.09000001490116,0.785398163397447);
#129=CONICAL_SURFACE('',#3654,3.09000001490116,0.785398163397447);
#130=CONICAL_SURFACE('',#3658,3.09000001490116,0.785398163397447);
#131=CONICAL_SURFACE('',#3663,3.09000001490116,0.785398163397447);
#132=CONICAL_SURFACE('',#3672,1.1,0.785398163397448);
#133=CONICAL_SURFACE('',#3681,1.1,0.785398163397448);
#134=CONICAL_SURFACE('',#3690,1.1,0.785398163397451);
#135=CONICAL_SURFACE('',#3699,1.1,0.785398163397451);
#136=CONICAL_SURFACE('',#3824,50.,0.785398163397448);
#137=CONICAL_SURFACE('',#3831,50.,0.785398163397448);
#138=CONICAL_SURFACE('',#3840,51.6,0.785398163397448);
#139=CONICAL_SURFACE('',#3846,50.,0.785398163397448);
#140=CONICAL_SURFACE('',#3852,50.,0.785398163397448);
#141=CONICAL_SURFACE('',#3855,50.,0.785398163397448);
#142=CONICAL_SURFACE('',#3865,51.6,0.785398163397448);
#143=(
BOUNDED_CURVE()
B_SPLINE_CURVE(2,(#5021,#5022,#5023),.UNSPECIFIED.,.F.,.F.)
B_SPLINE_CURVE_WITH_KNOTS((3,3),(0.,0.255460725588846),.UNSPECIFIED.)
CURVE()
GEOMETRIC_REPRESENTATION_ITEM()
RATIONAL_B_SPLINE_CURVE((1.,1.06087314408443,1.))
REPRESENTATION_ITEM('')
);
#144=(
BOUNDED_CURVE()
B_SPLINE_CURVE(2,(#5032,#5033,#5034),.UNSPECIFIED.,.F.,.F.)
B_SPLINE_CURVE_WITH_KNOTS((3,3),(0.,0.255460725588846),.UNSPECIFIED.)
CURVE()
GEOMETRIC_REPRESENTATION_ITEM()
RATIONAL_B_SPLINE_CURVE((1.,1.06087314408443,1.))
REPRESENTATION_ITEM('')
);
#145=(
BOUNDED_CURVE()
B_SPLINE_CURVE(2,(#5045,#5046,#5047),.UNSPECIFIED.,.F.,.F.)
B_SPLINE_CURVE_WITH_KNOTS((3,3),(0.,0.255460725588846),.UNSPECIFIED.)
CURVE()
GEOMETRIC_REPRESENTATION_ITEM()
RATIONAL_B_SPLINE_CURVE((1.,1.06087314408443,1.))
REPRESENTATION_ITEM('')
);
#146=(
BOUNDED_CURVE()
B_SPLINE_CURVE(2,(#5051,#5052,#5053),.UNSPECIFIED.,.F.,.F.)
B_SPLINE_CURVE_WITH_KNOTS((3,3),(0.,0.255460725588846),.UNSPECIFIED.)
CURVE()
GEOMETRIC_REPRESENTATION_ITEM()
RATIONAL_B_SPLINE_CURVE((1.,1.06087314408443,1.))
REPRESENTATION_ITEM('')
);
#147=(
BOUNDED_CURVE()
B_SPLINE_CURVE(2,(#5401,#5402,#5403),.UNSPECIFIED.,.F.,.F.)
B_SPLINE_CURVE_WITH_KNOTS((3,3),(-9.49447207589764,0.),.UNSPECIFIED.)
CURVE()
GEOMETRIC_REPRESENTATION_ITEM()
RATIONAL_B_SPLINE_CURVE((1.,2.33333333333333,1.))
REPRESENTATION_ITEM('')
);
#148=(
BOUNDED_CURVE()
B_SPLINE_CURVE(2,(#5413,#5414,#5415),.UNSPECIFIED.,.F.,.F.)
B_SPLINE_CURVE_WITH_KNOTS((3,3),(-9.49447207589764,0.),.UNSPECIFIED.)
CURVE()
GEOMETRIC_REPRESENTATION_ITEM()
RATIONAL_B_SPLINE_CURVE((1.,2.33333333333333,1.))
REPRESENTATION_ITEM('')
);
#149=(
BOUNDED_CURVE()
B_SPLINE_CURVE(2,(#5424,#5425,#5426),.UNSPECIFIED.,.F.,.F.)
B_SPLINE_CURVE_WITH_KNOTS((3,3),(-9.49447207589764,-1.16421386760418),
 .UNSPECIFIED.)
CURVE()
GEOMETRIC_REPRESENTATION_ITEM()
RATIONAL_B_SPLINE_CURVE((1.,2.16983976103181,1.28689192232718))
REPRESENTATION_ITEM('')
);
#150=(
BOUNDED_CURVE()
B_SPLINE_CURVE(2,(#5435,#5436,#5437),.UNSPECIFIED.,.F.,.F.)
B_SPLINE_CURVE_WITH_KNOTS((3,3),(-1.16421386760418,-1.04767786896375),
 .UNSPECIFIED.)
CURVE()
GEOMETRIC_REPRESENTATION_ITEM()
RATIONAL_B_SPLINE_CURVE((1.28689192232718,1.27453993928439,1.26178621418961))
REPRESENTATION_ITEM('')
);
#151=(
BOUNDED_CURVE()
B_SPLINE_CURVE(2,(#5641,#5642,#5643),.UNSPECIFIED.,.F.,.F.)
B_SPLINE_CURVE_WITH_KNOTS((3,3),(-1.04767786895806,0.),.UNSPECIFIED.)
CURVE()
GEOMETRIC_REPRESENTATION_ITEM()
RATIONAL_B_SPLINE_CURVE((1.26178621418836,1.14712811982707,1.))
REPRESENTATION_ITEM('')
);
#152=(
BOUNDED_CURVE()
B_SPLINE_CURVE(2,(#5652,#5653,#5654),.UNSPECIFIED.,.F.,.F.)
B_SPLINE_CURVE_WITH_KNOTS((3,3),(-9.49447207589764,-8.44679420693958),
 .UNSPECIFIED.)
CURVE()
GEOMETRIC_REPRESENTATION_ITEM()
RATIONAL_B_SPLINE_CURVE((1.,1.14712811982707,1.26178621418836))
REPRESENTATION_ITEM('')
);
#153=(
BOUNDED_CURVE()
B_SPLINE_CURVE(2,(#5657,#5658,#5659),.UNSPECIFIED.,.F.,.F.)
B_SPLINE_CURVE_WITH_KNOTS((3,3),(-8.44679420693389,-8.33025820829346),
 .UNSPECIFIED.)
CURVE()
GEOMETRIC_REPRESENTATION_ITEM()
RATIONAL_B_SPLINE_CURVE((1.26178621418961,1.27453993928439,1.28689192232718))
REPRESENTATION_ITEM('')
);
#154=(
BOUNDED_CURVE()
B_SPLINE_CURVE(2,(#5660,#5661,#5662),.UNSPECIFIED.,.F.,.F.)
B_SPLINE_CURVE_WITH_KNOTS((3,3),(-8.33025820826169,0.),.UNSPECIFIED.)
CURVE()
GEOMETRIC_REPRESENTATION_ITEM()
RATIONAL_B_SPLINE_CURVE((1.28689192233391,2.16983976102735,1.))
REPRESENTATION_ITEM('')
);
#155=(
BOUNDED_CURVE()
B_SPLINE_CURVE(2,(#5730,#5731,#5732),.UNSPECIFIED.,.F.,.F.)
B_SPLINE_CURVE_WITH_KNOTS((3,3),(0.,9.49447207589764),.UNSPECIFIED.)
CURVE()
GEOMETRIC_REPRESENTATION_ITEM()
RATIONAL_B_SPLINE_CURVE((1.,2.33333333333333,1.))
REPRESENTATION_ITEM('')
);
#156=(
BOUNDED_CURVE()
B_SPLINE_CURVE(2,(#5741,#5742,#5743),.UNSPECIFIED.,.F.,.F.)
B_SPLINE_CURVE_WITH_KNOTS((3,3),(0.,9.49447207589764),.UNSPECIFIED.)
CURVE()
GEOMETRIC_REPRESENTATION_ITEM()
RATIONAL_B_SPLINE_CURVE((1.,2.33333333333333,1.))
REPRESENTATION_ITEM('')
);
#157=(
BOUNDED_CURVE()
B_SPLINE_CURVE(2,(#5752,#5753,#5754),.UNSPECIFIED.,.F.,.F.)
B_SPLINE_CURVE_WITH_KNOTS((3,3),(1.16421386760418,9.49447207589764),
 .UNSPECIFIED.)
CURVE()
GEOMETRIC_REPRESENTATION_ITEM()
RATIONAL_B_SPLINE_CURVE((1.28689192232718,2.16983976103181,1.))
REPRESENTATION_ITEM('')
);
#158=(
BOUNDED_CURVE()
B_SPLINE_CURVE(2,(#5763,#5764,#5765),.UNSPECIFIED.,.F.,.F.)
B_SPLINE_CURVE_WITH_KNOTS((3,3),(1.04767786896375,1.16421386760418),
 .UNSPECIFIED.)
CURVE()
GEOMETRIC_REPRESENTATION_ITEM()
RATIONAL_B_SPLINE_CURVE((1.26178621418961,1.27453993928439,1.28689192232718))
REPRESENTATION_ITEM('')
);
#159=(
BOUNDED_CURVE()
B_SPLINE_CURVE(2,(#6070,#6071,#6072),.UNSPECIFIED.,.F.,.F.)
B_SPLINE_CURVE_WITH_KNOTS((3,3),(-0.381400711865729,-0.216147603498095),
 .UNSPECIFIED.)
CURVE()
GEOMETRIC_REPRESENTATION_ITEM()
RATIONAL_B_SPLINE_CURVE((1.,1.,1.))
REPRESENTATION_ITEM('')
);
#160=(
BOUNDED_CURVE()
B_SPLINE_CURVE(2,(#6158,#6159,#6160),.UNSPECIFIED.,.F.,.F.)
B_SPLINE_CURVE_WITH_KNOTS((3,3),(0.203272586624187,0.36852569499182),
 .UNSPECIFIED.)
CURVE()
GEOMETRIC_REPRESENTATION_ITEM()
RATIONAL_B_SPLINE_CURVE((1.,1.,1.))
REPRESENTATION_ITEM('')
);
#161=(
BOUNDED_CURVE()
B_SPLINE_CURVE(2,(#6414,#6415,#6416),.UNSPECIFIED.,.F.,.F.)
B_SPLINE_CURVE_WITH_KNOTS((3,3),(8.44679420693958,9.49447207589764),
 .UNSPECIFIED.)
CURVE()
GEOMETRIC_REPRESENTATION_ITEM()
RATIONAL_B_SPLINE_CURVE((1.26178621418836,1.14712811982707,1.))
REPRESENTATION_ITEM('')
);
#162=(
BOUNDED_CURVE()
B_SPLINE_CURVE(2,(#6417,#6418,#6419),.UNSPECIFIED.,.F.,.F.)
B_SPLINE_CURVE_WITH_KNOTS((3,3),(0.,1.04767786895806),.UNSPECIFIED.)
CURVE()
GEOMETRIC_REPRESENTATION_ITEM()
RATIONAL_B_SPLINE_CURVE((1.,1.14712811982707,1.26178621418836))
REPRESENTATION_ITEM('')
);
#163=(
BOUNDED_CURVE()
B_SPLINE_CURVE(2,(#6580,#6581,#6582),.UNSPECIFIED.,.F.,.F.)
B_SPLINE_CURVE_WITH_KNOTS((3,3),(0.,8.33025820826169),.UNSPECIFIED.)
CURVE()
GEOMETRIC_REPRESENTATION_ITEM()
RATIONAL_B_SPLINE_CURVE((1.,2.16983976102735,1.28689192233391))
REPRESENTATION_ITEM('')
);
#164=(
BOUNDED_CURVE()
B_SPLINE_CURVE(2,(#6583,#6584,#6585),.UNSPECIFIED.,.F.,.F.)
B_SPLINE_CURVE_WITH_KNOTS((3,3),(8.33025820829346,8.44679420693389),
 .UNSPECIFIED.)
CURVE()
GEOMETRIC_REPRESENTATION_ITEM()
RATIONAL_B_SPLINE_CURVE((1.28689192232718,1.27453993928439,1.26178621418961))
REPRESENTATION_ITEM('')
);
#165=PLANE('',#3619);
#166=PLANE('',#3626);
#167=PLANE('',#3627);
#168=PLANE('',#3628);
#169=PLANE('',#3629);
#170=PLANE('',#3630);
#171=PLANE('',#3631);
#172=PLANE('',#3632);
#173=PLANE('',#3633);
#174=PLANE('',#3634);
#175=PLANE('',#3635);
#176=PLANE('',#3636);
#177=PLANE('',#3637);
#178=PLANE('',#3638);
#179=PLANE('',#3639);
#180=PLANE('',#3640);
#181=PLANE('',#3641);
#182=PLANE('',#3642);
#183=PLANE('',#3643);
#184=PLANE('',#3644);
#185=PLANE('',#3645);
#186=PLANE('',#3646);
#187=PLANE('',#3647);
#188=PLANE('',#3648);
#189=PLANE('',#3652);
#190=PLANE('',#3656);
#191=PLANE('',#3657);
#192=PLANE('',#3661);
#193=PLANE('',#3662);
#194=PLANE('',#3666);
#195=PLANE('',#3703);
#196=PLANE('',#3704);
#197=PLANE('',#3705);
#198=PLANE('',#3706);
#199=PLANE('',#3707);
#200=PLANE('',#3724);
#201=PLANE('',#3726);
#202=PLANE('',#3728);
#203=PLANE('',#3730);
#204=PLANE('',#3749);
#205=PLANE('',#3756);
#206=PLANE('',#3759);
#207=PLANE('',#3762);
#208=PLANE('',#3765);
#209=PLANE('',#3768);
#210=PLANE('',#3770);
#211=PLANE('',#3772);
#212=PLANE('',#3774);
#213=PLANE('',#3776);
#214=PLANE('',#3778);
#215=PLANE('',#3779);
#216=PLANE('',#3780);
#217=PLANE('',#3782);
#218=PLANE('',#3784);
#219=PLANE('',#3785);
#220=PLANE('',#3786);
#221=PLANE('',#3788);
#222=PLANE('',#3790);
#223=PLANE('',#3792);
#224=PLANE('',#3793);
#225=PLANE('',#3794);
#226=PLANE('',#3796);
#227=PLANE('',#3798);
#228=PLANE('',#3799);
#229=PLANE('',#3800);
#230=PLANE('',#3801);
#231=PLANE('',#3802);
#232=PLANE('',#3803);
#233=PLANE('',#3804);
#234=PLANE('',#3805);
#235=PLANE('',#3806);
#236=PLANE('',#3807);
#237=PLANE('',#3808);
#238=PLANE('',#3809);
#239=PLANE('',#3810);
#240=PLANE('',#3811);
#241=PLANE('',#3812);
#242=PLANE('',#3813);
#243=PLANE('',#3814);
#244=PLANE('',#3815);
#245=PLANE('',#3816);
#246=PLANE('',#3817);
#247=PLANE('',#3818);
#248=PLANE('',#3819);
#249=PLANE('',#3820);
#250=PLANE('',#3821);
#251=PLANE('',#3822);
#252=PLANE('',#3823);
#253=PLANE('',#3828);
#254=PLANE('',#3830);
#255=PLANE('',#3834);
#256=PLANE('',#3837);
#257=PLANE('',#3842);
#258=PLANE('',#3849);
#259=PLANE('',#3851);
#260=PLANE('',#3858);
#261=PLANE('',#3862);
#262=PLANE('',#3867);
#263=PLANE('',#3868);
#264=PLANE('',#3869);
#265=PLANE('',#3870);
#266=PLANE('',#3871);
#267=PLANE('',#3872);
#268=PLANE('',#3873);
#269=PLANE('',#3874);
#270=PLANE('',#3876);
#271=PLANE('',#3877);
#272=PLANE('',#3878);
#273=PLANE('',#3880);
#274=PLANE('',#3882);
#275=PLANE('',#3884);
#276=PLANE('',#3887);
#277=PLANE('',#3889);
#278=PLANE('',#3896);
#279=PLANE('',#3897);
#280=PLANE('',#3898);
#281=PLANE('',#3899);
#282=PLANE('',#3900);
#283=PLANE('',#3907);
#284=PLANE('',#3917);
#285=FACE_OUTER_BOUND('',#486,.T.);
#286=FACE_OUTER_BOUND('',#487,.T.);
#287=FACE_OUTER_BOUND('',#488,.T.);
#288=FACE_OUTER_BOUND('',#489,.T.);
#289=FACE_OUTER_BOUND('',#490,.T.);
#290=FACE_OUTER_BOUND('',#491,.T.);
#291=FACE_OUTER_BOUND('',#492,.T.);
#292=FACE_OUTER_BOUND('',#493,.T.);
#293=FACE_OUTER_BOUND('',#494,.T.);
#294=FACE_OUTER_BOUND('',#495,.T.);
#295=FACE_OUTER_BOUND('',#496,.T.);
#296=FACE_OUTER_BOUND('',#497,.T.);
#297=FACE_OUTER_BOUND('',#498,.T.);
#298=FACE_OUTER_BOUND('',#499,.T.);
#299=FACE_OUTER_BOUND('',#500,.T.);
#300=FACE_OUTER_BOUND('',#501,.T.);
#301=FACE_OUTER_BOUND('',#502,.T.);
#302=FACE_OUTER_BOUND('',#503,.T.);
#303=FACE_OUTER_BOUND('',#504,.T.);
#304=FACE_OUTER_BOUND('',#505,.T.);
#305=FACE_OUTER_BOUND('',#506,.T.);
#306=FACE_OUTER_BOUND('',#507,.T.);
#307=FACE_OUTER_BOUND('',#508,.T.);
#308=FACE_OUTER_BOUND('',#509,.T.);
#309=FACE_OUTER_BOUND('',#510,.T.);
#310=FACE_OUTER_BOUND('',#511,.T.);
#311=FACE_OUTER_BOUND('',#512,.T.);
#312=FACE_OUTER_BOUND('',#513,.T.);
#313=FACE_OUTER_BOUND('',#514,.T.);
#314=FACE_OUTER_BOUND('',#515,.T.);
#315=FACE_OUTER_BOUND('',#516,.T.);
#316=FACE_OUTER_BOUND('',#517,.T.);
#317=FACE_OUTER_BOUND('',#518,.T.);
#318=FACE_OUTER_BOUND('',#519,.T.);
#319=FACE_OUTER_BOUND('',#520,.T.);
#320=FACE_OUTER_BOUND('',#521,.T.);
#321=FACE_OUTER_BOUND('',#522,.T.);
#322=FACE_OUTER_BOUND('',#523,.T.);
#323=FACE_OUTER_BOUND('',#524,.T.);
#324=FACE_OUTER_BOUND('',#525,.T.);
#325=FACE_OUTER_BOUND('',#526,.T.);
#326=FACE_OUTER_BOUND('',#527,.T.);
#327=FACE_OUTER_BOUND('',#528,.T.);
#328=FACE_OUTER_BOUND('',#529,.T.);
#329=FACE_OUTER_BOUND('',#530,.T.);
#330=FACE_OUTER_BOUND('',#531,.T.);
#331=FACE_OUTER_BOUND('',#532,.T.);
#332=FACE_OUTER_BOUND('',#533,.T.);
#333=FACE_OUTER_BOUND('',#534,.T.);
#334=FACE_OUTER_BOUND('',#535,.T.);
#335=FACE_OUTER_BOUND('',#536,.T.);
#336=FACE_OUTER_BOUND('',#537,.T.);
#337=FACE_OUTER_BOUND('',#538,.T.);
#338=FACE_OUTER_BOUND('',#539,.T.);
#339=FACE_OUTER_BOUND('',#540,.T.);
#340=FACE_OUTER_BOUND('',#541,.T.);
#341=FACE_OUTER_BOUND('',#542,.T.);
#342=FACE_OUTER_BOUND('',#543,.T.);
#343=FACE_OUTER_BOUND('',#544,.T.);
#344=FACE_OUTER_BOUND('',#545,.T.);
#345=FACE_OUTER_BOUND('',#546,.T.);
#346=FACE_OUTER_BOUND('',#547,.T.);
#347=FACE_OUTER_BOUND('',#548,.T.);
#348=FACE_OUTER_BOUND('',#549,.T.);
#349=FACE_OUTER_BOUND('',#550,.T.);
#350=FACE_OUTER_BOUND('',#551,.T.);
#351=FACE_OUTER_BOUND('',#552,.T.);
#352=FACE_OUTER_BOUND('',#553,.T.);
#353=FACE_OUTER_BOUND('',#554,.T.);
#354=FACE_OUTER_BOUND('',#555,.T.);
#355=FACE_OUTER_BOUND('',#573,.T.);
#356=FACE_OUTER_BOUND('',#574,.T.);
#357=FACE_OUTER_BOUND('',#575,.T.);
#358=FACE_OUTER_BOUND('',#576,.T.);
#359=FACE_OUTER_BOUND('',#577,.T.);
#360=FACE_OUTER_BOUND('',#579,.T.);
#361=FACE_OUTER_BOUND('',#581,.T.);
#362=FACE_OUTER_BOUND('',#583,.T.);
#363=FACE_OUTER_BOUND('',#585,.T.);
#364=FACE_OUTER_BOUND('',#586,.T.);
#365=FACE_OUTER_BOUND('',#587,.T.);
#366=FACE_OUTER_BOUND('',#588,.T.);
#367=FACE_OUTER_BOUND('',#589,.T.);
#368=FACE_OUTER_BOUND('',#590,.T.);
#369=FACE_OUTER_BOUND('',#591,.T.);
#370=FACE_OUTER_BOUND('',#592,.T.);
#371=FACE_OUTER_BOUND('',#593,.T.);
#372=FACE_OUTER_BOUND('',#594,.T.);
#373=FACE_OUTER_BOUND('',#595,.T.);
#374=FACE_OUTER_BOUND('',#596,.T.);
#375=FACE_OUTER_BOUND('',#597,.T.);
#376=FACE_OUTER_BOUND('',#598,.T.);
#377=FACE_OUTER_BOUND('',#599,.T.);
#378=FACE_OUTER_BOUND('',#600,.T.);
#379=FACE_OUTER_BOUND('',#601,.T.);
#380=FACE_OUTER_BOUND('',#602,.T.);
#381=FACE_OUTER_BOUND('',#603,.T.);
#382=FACE_OUTER_BOUND('',#604,.T.);
#383=FACE_OUTER_BOUND('',#605,.T.);
#384=FACE_OUTER_BOUND('',#606,.T.);
#385=FACE_OUTER_BOUND('',#607,.T.);
#386=FACE_OUTER_BOUND('',#608,.T.);
#387=FACE_OUTER_BOUND('',#609,.T.);
#388=FACE_OUTER_BOUND('',#610,.T.);
#389=FACE_OUTER_BOUND('',#611,.T.);
#390=FACE_OUTER_BOUND('',#612,.T.);
#391=FACE_OUTER_BOUND('',#613,.T.);
#392=FACE_OUTER_BOUND('',#614,.T.);
#393=FACE_OUTER_BOUND('',#615,.T.);
#394=FACE_OUTER_BOUND('',#616,.T.);
#395=FACE_OUTER_BOUND('',#617,.T.);
#396=FACE_OUTER_BOUND('',#618,.T.);
#397=FACE_OUTER_BOUND('',#619,.T.);
#398=FACE_OUTER_BOUND('',#620,.T.);
#399=FACE_OUTER_BOUND('',#621,.T.);
#400=FACE_OUTER_BOUND('',#622,.T.);
#401=FACE_OUTER_BOUND('',#623,.T.);
#402=FACE_OUTER_BOUND('',#624,.T.);
#403=FACE_OUTER_BOUND('',#625,.T.);
#404=FACE_OUTER_BOUND('',#626,.T.);
#405=FACE_OUTER_BOUND('',#627,.T.);
#406=FACE_OUTER_BOUND('',#628,.T.);
#407=FACE_OUTER_BOUND('',#629,.T.);
#408=FACE_OUTER_BOUND('',#630,.T.);
#409=FACE_OUTER_BOUND('',#631,.T.);
#410=FACE_OUTER_BOUND('',#632,.T.);
#411=FACE_OUTER_BOUND('',#633,.T.);
#412=FACE_OUTER_BOUND('',#634,.T.);
#413=FACE_OUTER_BOUND('',#635,.T.);
#414=FACE_OUTER_BOUND('',#636,.T.);
#415=FACE_OUTER_BOUND('',#637,.T.);
#416=FACE_OUTER_BOUND('',#638,.T.);
#417=FACE_OUTER_BOUND('',#639,.T.);
#418=FACE_OUTER_BOUND('',#640,.T.);
#419=FACE_OUTER_BOUND('',#641,.T.);
#420=FACE_OUTER_BOUND('',#642,.T.);
#421=FACE_OUTER_BOUND('',#643,.T.);
#422=FACE_OUTER_BOUND('',#644,.T.);
#423=FACE_OUTER_BOUND('',#645,.T.);
#424=FACE_OUTER_BOUND('',#646,.T.);
#425=FACE_OUTER_BOUND('',#647,.T.);
#426=FACE_OUTER_BOUND('',#648,.T.);
#427=FACE_OUTER_BOUND('',#649,.T.);
#428=FACE_OUTER_BOUND('',#650,.T.);
#429=FACE_OUTER_BOUND('',#651,.T.);
#430=FACE_OUTER_BOUND('',#652,.T.);
#431=FACE_OUTER_BOUND('',#653,.T.);
#432=FACE_OUTER_BOUND('',#654,.T.);
#433=FACE_OUTER_BOUND('',#655,.T.);
#434=FACE_OUTER_BOUND('',#656,.T.);
#435=FACE_OUTER_BOUND('',#657,.T.);
#436=FACE_OUTER_BOUND('',#658,.T.);
#437=FACE_OUTER_BOUND('',#659,.T.);
#438=FACE_OUTER_BOUND('',#660,.T.);
#439=FACE_OUTER_BOUND('',#661,.T.);
#440=FACE_OUTER_BOUND('',#662,.T.);
#441=FACE_OUTER_BOUND('',#663,.T.);
#442=FACE_OUTER_BOUND('',#664,.T.);
#443=FACE_OUTER_BOUND('',#665,.T.);
#444=FACE_OUTER_BOUND('',#666,.T.);
#445=FACE_OUTER_BOUND('',#667,.T.);
#446=FACE_OUTER_BOUND('',#668,.T.);
#447=FACE_OUTER_BOUND('',#669,.T.);
#448=FACE_OUTER_BOUND('',#670,.T.);
#449=FACE_OUTER_BOUND('',#671,.T.);
#450=FACE_OUTER_BOUND('',#672,.T.);
#451=FACE_OUTER_BOUND('',#673,.T.);
#452=FACE_OUTER_BOUND('',#674,.T.);
#453=FACE_OUTER_BOUND('',#675,.T.);
#454=FACE_OUTER_BOUND('',#676,.T.);
#455=FACE_OUTER_BOUND('',#677,.T.);
#456=FACE_OUTER_BOUND('',#678,.T.);
#457=FACE_OUTER_BOUND('',#679,.T.);
#458=FACE_OUTER_BOUND('',#680,.T.);
#459=FACE_OUTER_BOUND('',#681,.T.);
#460=FACE_OUTER_BOUND('',#682,.T.);
#461=FACE_OUTER_BOUND('',#683,.T.);
#462=FACE_OUTER_BOUND('',#684,.T.);
#463=FACE_OUTER_BOUND('',#685,.T.);
#464=FACE_OUTER_BOUND('',#686,.T.);
#465=FACE_OUTER_BOUND('',#687,.T.);
#466=FACE_OUTER_BOUND('',#688,.T.);
#467=FACE_OUTER_BOUND('',#689,.T.);
#468=FACE_OUTER_BOUND('',#690,.T.);
#469=FACE_OUTER_BOUND('',#691,.T.);
#470=FACE_OUTER_BOUND('',#692,.T.);
#471=FACE_OUTER_BOUND('',#701,.T.);
#472=FACE_OUTER_BOUND('',#702,.T.);
#473=FACE_OUTER_BOUND('',#703,.T.);
#474=FACE_OUTER_BOUND('',#704,.T.);
#475=FACE_OUTER_BOUND('',#705,.T.);
#476=FACE_OUTER_BOUND('',#706,.T.);
#477=FACE_OUTER_BOUND('',#707,.T.);
#478=FACE_OUTER_BOUND('',#708,.T.);
#479=FACE_OUTER_BOUND('',#709,.T.);
#480=FACE_OUTER_BOUND('',#710,.T.);
#481=FACE_OUTER_BOUND('',#711,.T.);
#482=FACE_OUTER_BOUND('',#712,.T.);
#483=FACE_OUTER_BOUND('',#713,.T.);
#484=FACE_OUTER_BOUND('',#714,.T.);
#485=FACE_OUTER_BOUND('',#715,.T.);
#486=EDGE_LOOP('',(#2321,#2322,#2323,#2324,#2325,#2326,#2327,#2328,#2329,
#2330,#2331,#2332,#2333,#2334,#2335));
#487=EDGE_LOOP('',(#2336,#2337,#2338,#2339));
#488=EDGE_LOOP('',(#2340,#2341,#2342,#2343));
#489=EDGE_LOOP('',(#2344,#2345,#2346,#2347));
#490=EDGE_LOOP('',(#2348,#2349,#2350,#2351));
#491=EDGE_LOOP('',(#2352,#2353,#2354,#2355));
#492=EDGE_LOOP('',(#2356,#2357,#2358,#2359,#2360,#2361,#2362));
#493=EDGE_LOOP('',(#2363,#2364,#2365,#2366));
#494=EDGE_LOOP('',(#2367,#2368,#2369,#2370));
#495=EDGE_LOOP('',(#2371,#2372,#2373,#2374));
#496=EDGE_LOOP('',(#2375,#2376,#2377,#2378));
#497=EDGE_LOOP('',(#2379,#2380,#2381,#2382,#2383,#2384));
#498=EDGE_LOOP('',(#2385,#2386,#2387,#2388));
#499=EDGE_LOOP('',(#2389,#2390,#2391,#2392,#2393));
#500=EDGE_LOOP('',(#2394,#2395,#2396,#2397));
#501=EDGE_LOOP('',(#2398,#2399,#2400,#2401));
#502=EDGE_LOOP('',(#2402,#2403,#2404,#2405));
#503=EDGE_LOOP('',(#2406,#2407,#2408,#2409));
#504=EDGE_LOOP('',(#2410,#2411,#2412,#2413));
#505=EDGE_LOOP('',(#2414,#2415,#2416,#2417,#2418,#2419,#2420,#2421,#2422,
#2423,#2424,#2425));
#506=EDGE_LOOP('',(#2426,#2427,#2428,#2429));
#507=EDGE_LOOP('',(#2430,#2431,#2432,#2433));
#508=EDGE_LOOP('',(#2434,#2435,#2436,#2437,#2438,#2439,#2440,#2441));
#509=EDGE_LOOP('',(#2442,#2443,#2444,#2445));
#510=EDGE_LOOP('',(#2446,#2447,#2448,#2449));
#511=EDGE_LOOP('',(#2450,#2451,#2452,#2453,#2454,#2455,#2456,#2457));
#512=EDGE_LOOP('',(#2458,#2459,#2460,#2461));
#513=EDGE_LOOP('',(#2462,#2463,#2464,#2465,#2466,#2467,#2468,#2469));
#514=EDGE_LOOP('',(#2470,#2471,#2472,#2473));
#515=EDGE_LOOP('',(#2474,#2475,#2476,#2477));
#516=EDGE_LOOP('',(#2478,#2479));
#517=EDGE_LOOP('',(#2480,#2481,#2482,#2483));
#518=EDGE_LOOP('',(#2484,#2485,#2486,#2487));
#519=EDGE_LOOP('',(#2488,#2489,#2490,#2491));
#520=EDGE_LOOP('',(#2492,#2493,#2494,#2495));
#521=EDGE_LOOP('',(#2496,#2497,#2498,#2499));
#522=EDGE_LOOP('',(#2500,#2501,#2502,#2503));
#523=EDGE_LOOP('',(#2504,#2505,#2506,#2507));
#524=EDGE_LOOP('',(#2508,#2509,#2510,#2511));
#525=EDGE_LOOP('',(#2512,#2513,#2514,#2515));
#526=EDGE_LOOP('',(#2516,#2517,#2518,#2519));
#527=EDGE_LOOP('',(#2520,#2521,#2522,#2523));
#528=EDGE_LOOP('',(#2524,#2525,#2526,#2527));
#529=EDGE_LOOP('',(#2528,#2529,#2530,#2531));
#530=EDGE_LOOP('',(#2532,#2533,#2534,#2535));
#531=EDGE_LOOP('',(#2536,#2537,#2538,#2539));
#532=EDGE_LOOP('',(#2540,#2541,#2542,#2543));
#533=EDGE_LOOP('',(#2544));
#534=EDGE_LOOP('',(#2545,#2546));
#535=EDGE_LOOP('',(#2547,#2548,#2549,#2550));
#536=EDGE_LOOP('',(#2551));
#537=EDGE_LOOP('',(#2552,#2553,#2554,#2555,#2556,#2557));
#538=EDGE_LOOP('',(#2558,#2559,#2560,#2561,#2562));
#539=EDGE_LOOP('',(#2563,#2564,#2565,#2566,#2567));
#540=EDGE_LOOP('',(#2568,#2569,#2570,#2571,#2572,#2573));
#541=EDGE_LOOP('',(#2574,#2575,#2576,#2577,#2578));
#542=EDGE_LOOP('',(#2579,#2580,#2581,#2582,#2583));
#543=EDGE_LOOP('',(#2584,#2585,#2586,#2587,#2588,#2589));
#544=EDGE_LOOP('',(#2590,#2591,#2592,#2593,#2594));
#545=EDGE_LOOP('',(#2595,#2596,#2597,#2598,#2599));
#546=EDGE_LOOP('',(#2600,#2601,#2602,#2603,#2604,#2605));
#547=EDGE_LOOP('',(#2606,#2607,#2608,#2609,#2610));
#548=EDGE_LOOP('',(#2611,#2612,#2613,#2614,#2615));
#549=EDGE_LOOP('',(#2616));
#550=EDGE_LOOP('',(#2617));
#551=EDGE_LOOP('',(#2618));
#552=EDGE_LOOP('',(#2619));
#553=EDGE_LOOP('',(#2620,#2621,#2622,#2623));
#554=EDGE_LOOP('',(#2624,#2625,#2626,#2627));
#555=EDGE_LOOP('',(#2628,#2629,#2630,#2631,#2632,#2633,#2634,#2635));
#556=EDGE_LOOP('',(#2636,#2637,#2638,#2639,#2640,#2641,#2642,#2643,#2644,
#2645,#2646,#2647,#2648,#2649,#2650,#2651));
#557=EDGE_LOOP('',(#2652,#2653,#2654,#2655,#2656,#2657,#2658,#2659,#2660,
#2661,#2662,#2663));
#558=EDGE_LOOP('',(#2664));
#559=EDGE_LOOP('',(#2665));
#560=EDGE_LOOP('',(#2666));
#561=EDGE_LOOP('',(#2667));
#562=EDGE_LOOP('',(#2668));
#563=EDGE_LOOP('',(#2669));
#564=EDGE_LOOP('',(#2670));
#565=EDGE_LOOP('',(#2671));
#566=EDGE_LOOP('',(#2672));
#567=EDGE_LOOP('',(#2673));
#568=EDGE_LOOP('',(#2674));
#569=EDGE_LOOP('',(#2675));
#570=EDGE_LOOP('',(#2676));
#571=EDGE_LOOP('',(#2677,#2678,#2679,#2680));
#572=EDGE_LOOP('',(#2681));
#573=EDGE_LOOP('',(#2682,#2683,#2684,#2685));
#574=EDGE_LOOP('',(#2686,#2687,#2688,#2689));
#575=EDGE_LOOP('',(#2690,#2691,#2692,#2693));
#576=EDGE_LOOP('',(#2694,#2695,#2696,#2697));
#577=EDGE_LOOP('',(#2698));
#578=EDGE_LOOP('',(#2699));
#579=EDGE_LOOP('',(#2700));
#580=EDGE_LOOP('',(#2701));
#581=EDGE_LOOP('',(#2702));
#582=EDGE_LOOP('',(#2703));
#583=EDGE_LOOP('',(#2704));
#584=EDGE_LOOP('',(#2705));
#585=EDGE_LOOP('',(#2706,#2707,#2708,#2709));
#586=EDGE_LOOP('',(#2710,#2711,#2712,#2713));
#587=EDGE_LOOP('',(#2714,#2715,#2716,#2717));
#588=EDGE_LOOP('',(#2718,#2719,#2720,#2721));
#589=EDGE_LOOP('',(#2722,#2723,#2724,#2725));
#590=EDGE_LOOP('',(#2726,#2727,#2728,#2729));
#591=EDGE_LOOP('',(#2730,#2731,#2732,#2733,#2734,#2735,#2736));
#592=EDGE_LOOP('',(#2737,#2738,#2739,#2740,#2741,#2742,#2743));
#593=EDGE_LOOP('',(#2744,#2745,#2746,#2747,#2748,#2749,#2750));
#594=EDGE_LOOP('',(#2751,#2752,#2753,#2754));
#595=EDGE_LOOP('',(#2755,#2756,#2757,#2758,#2759,#2760,#2761));
#596=EDGE_LOOP('',(#2762,#2763,#2764));
#597=EDGE_LOOP('',(#2765,#2766,#2767));
#598=EDGE_LOOP('',(#2768,#2769,#2770));
#599=EDGE_LOOP('',(#2771,#2772,#2773));
#600=EDGE_LOOP('',(#2774,#2775));
#601=EDGE_LOOP('',(#2776,#2777));
#602=EDGE_LOOP('',(#2778,#2779));
#603=EDGE_LOOP('',(#2780,#2781));
#604=EDGE_LOOP('',(#2782,#2783,#2784,#2785));
#605=EDGE_LOOP('',(#2786,#2787,#2788,#2789,#2790,#2791,#2792,#2793,#2794));
#606=EDGE_LOOP('',(#2795,#2796,#2797,#2798,#2799,#2800,#2801,#2802,#2803));
#607=EDGE_LOOP('',(#2804,#2805,#2806,#2807));
#608=EDGE_LOOP('',(#2808,#2809,#2810,#2811));
#609=EDGE_LOOP('',(#2812,#2813,#2814,#2815,#2816,#2817,#2818,#2819,#2820));
#610=EDGE_LOOP('',(#2821,#2822,#2823,#2824,#2825,#2826,#2827,#2828,#2829));
#611=EDGE_LOOP('',(#2830,#2831,#2832,#2833));
#612=EDGE_LOOP('',(#2834,#2835,#2836,#2837));
#613=EDGE_LOOP('',(#2838,#2839,#2840,#2841));
#614=EDGE_LOOP('',(#2842,#2843,#2844,#2845,#2846,#2847,#2848,#2849,#2850));
#615=EDGE_LOOP('',(#2851,#2852,#2853,#2854,#2855,#2856,#2857,#2858,#2859));
#616=EDGE_LOOP('',(#2860,#2861,#2862,#2863));
#617=EDGE_LOOP('',(#2864,#2865,#2866,#2867));
#618=EDGE_LOOP('',(#2868,#2869,#2870,#2871,#2872,#2873,#2874,#2875,#2876));
#619=EDGE_LOOP('',(#2877,#2878,#2879,#2880,#2881,#2882,#2883,#2884,#2885));
#620=EDGE_LOOP('',(#2886,#2887,#2888));
#621=EDGE_LOOP('',(#2889,#2890,#2891));
#622=EDGE_LOOP('',(#2892,#2893,#2894));
#623=EDGE_LOOP('',(#2895,#2896,#2897,#2898,#2899));
#624=EDGE_LOOP('',(#2900,#2901,#2902));
#625=EDGE_LOOP('',(#2903,#2904,#2905,#2906,#2907));
#626=EDGE_LOOP('',(#2908,#2909,#2910));
#627=EDGE_LOOP('',(#2911,#2912,#2913,#2914,#2915));
#628=EDGE_LOOP('',(#2916,#2917,#2918));
#629=EDGE_LOOP('',(#2919,#2920,#2921));
#630=EDGE_LOOP('',(#2922,#2923,#2924));
#631=EDGE_LOOP('',(#2925,#2926,#2927,#2928,#2929));
#632=EDGE_LOOP('',(#2930,#2931,#2932));
#633=EDGE_LOOP('',(#2933,#2934,#2935,#2936,#2937));
#634=EDGE_LOOP('',(#2938,#2939,#2940));
#635=EDGE_LOOP('',(#2941,#2942,#2943));
#636=EDGE_LOOP('',(#2944,#2945,#2946));
#637=EDGE_LOOP('',(#2947,#2948,#2949,#2950,#2951));
#638=EDGE_LOOP('',(#2952,#2953,#2954));
#639=EDGE_LOOP('',(#2955,#2956,#2957,#2958,#2959));
#640=EDGE_LOOP('',(#2960,#2961,#2962));
#641=EDGE_LOOP('',(#2963,#2964,#2965));
#642=EDGE_LOOP('',(#2966,#2967,#2968));
#643=EDGE_LOOP('',(#2969,#2970,#2971,#2972,#2973));
#644=EDGE_LOOP('',(#2974,#2975,#2976,#2977));
#645=EDGE_LOOP('',(#2978,#2979,#2980,#2981));
#646=EDGE_LOOP('',(#2982,#2983,#2984,#2985));
#647=EDGE_LOOP('',(#2986,#2987,#2988,#2989));
#648=EDGE_LOOP('',(#2990,#2991,#2992,#2993));
#649=EDGE_LOOP('',(#2994,#2995,#2996,#2997));
#650=EDGE_LOOP('',(#2998,#2999,#3000,#3001,#3002,#3003,#3004));
#651=EDGE_LOOP('',(#3005,#3006,#3007,#3008));
#652=EDGE_LOOP('',(#3009,#3010,#3011,#3012));
#653=EDGE_LOOP('',(#3013,#3014,#3015,#3016));
#654=EDGE_LOOP('',(#3017,#3018,#3019,#3020));
#655=EDGE_LOOP('',(#3021,#3022,#3023,#3024));
#656=EDGE_LOOP('',(#3025,#3026,#3027,#3028));
#657=EDGE_LOOP('',(#3029,#3030,#3031,#3032));
#658=EDGE_LOOP('',(#3033,#3034,#3035,#3036));
#659=EDGE_LOOP('',(#3037,#3038,#3039,#3040,#3041,#3042,#3043,#3044));
#660=EDGE_LOOP('',(#3045,#3046,#3047,#3048,#3049,#3050));
#661=EDGE_LOOP('',(#3051,#3052,#3053,#3054));
#662=EDGE_LOOP('',(#3055,#3056,#3057,#3058));
#663=EDGE_LOOP('',(#3059,#3060,#3061,#3062));
#664=EDGE_LOOP('',(#3063,#3064,#3065,#3066));
#665=EDGE_LOOP('',(#3067,#3068,#3069,#3070));
#666=EDGE_LOOP('',(#3071,#3072,#3073,#3074));
#667=EDGE_LOOP('',(#3075,#3076,#3077,#3078));
#668=EDGE_LOOP('',(#3079,#3080,#3081,#3082,#3083,#3084));
#669=EDGE_LOOP('',(#3085,#3086,#3087,#3088));
#670=EDGE_LOOP('',(#3089,#3090,#3091,#3092,#3093,#3094));
#671=EDGE_LOOP('',(#3095,#3096,#3097,#3098,#3099,#3100));
#672=EDGE_LOOP('',(#3101,#3102,#3103,#3104,#3105));
#673=EDGE_LOOP('',(#3106,#3107,#3108,#3109,#3110));
#674=EDGE_LOOP('',(#3111,#3112,#3113,#3114,#3115));
#675=EDGE_LOOP('',(#3116,#3117,#3118,#3119,#3120));
#676=EDGE_LOOP('',(#3121,#3122,#3123,#3124,#3125));
#677=EDGE_LOOP('',(#3126,#3127,#3128,#3129,#3130));
#678=EDGE_LOOP('',(#3131,#3132,#3133,#3134,#3135));
#679=EDGE_LOOP('',(#3136,#3137,#3138,#3139));
#680=EDGE_LOOP('',(#3140,#3141,#3142,#3143,#3144));
#681=EDGE_LOOP('',(#3145,#3146,#3147,#3148));
#682=EDGE_LOOP('',(#3149,#3150,#3151,#3152));
#683=EDGE_LOOP('',(#3153,#3154,#3155,#3156,#3157,#3158));
#684=EDGE_LOOP('',(#3159,#3160,#3161,#3162));
#685=EDGE_LOOP('',(#3163,#3164,#3165,#3166,#3167,#3168,#3169,#3170));
#686=EDGE_LOOP('',(#3171,#3172,#3173,#3174,#3175,#3176));
#687=EDGE_LOOP('',(#3177,#3178,#3179,#3180,#3181,#3182));
#688=EDGE_LOOP('',(#3183,#3184,#3185,#3186));
#689=EDGE_LOOP('',(#3187,#3188,#3189,#3190,#3191));
#690=EDGE_LOOP('',(#3192,#3193,#3194,#3195));
#691=EDGE_LOOP('',(#3196,#3197,#3198,#3199));
#692=EDGE_LOOP('',(#3200,#3201,#3202,#3203,#3204,#3205,#3206,#3207,#3208,
#3209,#3210,#3211,#3212,#3213,#3214,#3215));
#693=EDGE_LOOP('',(#3216));
#694=EDGE_LOOP('',(#3217,#3218,#3219,#3220));
#695=EDGE_LOOP('',(#3221));
#696=EDGE_LOOP('',(#3222));
#697=EDGE_LOOP('',(#3223));
#698=EDGE_LOOP('',(#3224,#3225,#3226,#3227,#3228,#3229));
#699=EDGE_LOOP('',(#3230,#3231,#3232,#3233,#3234,#3235,#3236,#3237,#3238,
#3239));
#700=EDGE_LOOP('',(#3240,#3241,#3242,#3243,#3244,#3245,#3246,#3247,#3248));
#701=EDGE_LOOP('',(#3249,#3250,#3251,#3252,#3253));
#702=EDGE_LOOP('',(#3254,#3255,#3256,#3257));
#703=EDGE_LOOP('',(#3258,#3259,#3260,#3261,#3262,#3263,#3264,#3265,#3266,
#3267,#3268,#3269));
#704=EDGE_LOOP('',(#3270,#3271,#3272,#3273,#3274,#3275,#3276,#3277,#3278,
#3279,#3280,#3281));
#705=EDGE_LOOP('',(#3282,#3283,#3284,#3285,#3286,#3287,#3288,#3289,#3290,
#3291,#3292,#3293));
#706=EDGE_LOOP('',(#3294,#3295,#3296,#3297,#3298,#3299,#3300,#3301,#3302,
#3303,#3304,#3305));
#707=EDGE_LOOP('',(#3306,#3307,#3308,#3309,#3310,#3311,#3312,#3313,#3314,
#3315));
#708=EDGE_LOOP('',(#3316,#3317,#3318,#3319,#3320,#3321,#3322,#3323,#3324,
#3325));
#709=EDGE_LOOP('',(#3326,#3327,#3328,#3329,#3330,#3331,#3332,#3333,#3334,
#3335));
#710=EDGE_LOOP('',(#3336,#3337,#3338));
#711=EDGE_LOOP('',(#3339,#3340,#3341,#3342));
#712=EDGE_LOOP('',(#3343,#3344,#3345,#3346,#3347));
#713=EDGE_LOOP('',(#3348,#3349,#3350,#3351,#3352));
#714=EDGE_LOOP('',(#3353,#3354,#3355,#3356));
#715=EDGE_LOOP('',(#3357,#3358,#3359,#3360));
#716=CIRCLE('',#3606,3.25);
#717=CIRCLE('',#3609,3.25);
#718=CIRCLE('',#3610,3.25);
#719=CIRCLE('',#3611,3.25);
#720=CIRCLE('',#3614,27.9054425432128);
#721=CIRCLE('',#3615,27.9054425432128);
#722=CIRCLE('',#3617,16.5571492531518);
#723=CIRCLE('',#3618,16.5571492531518);
#724=CIRCLE('',#3621,25.9054425432128);
#725=CIRCLE('',#3622,25.9054425432128);
#726=CIRCLE('',#3624,1.);
#727=CIRCLE('',#3625,1.);
#728=CIRCLE('',#3650,3.84000001490116);
#729=CIRCLE('',#3651,2.34000001490116);
#730=CIRCLE('',#3653,2.34000001490116);
#731=CIRCLE('',#3655,3.84000001490116);
#732=CIRCLE('',#3659,2.34000001490116);
#733=CIRCLE('',#3660,3.84000001490116);
#734=CIRCLE('',#3664,2.34000001490116);
#735=CIRCLE('',#3665,3.84000001490116);
#736=CIRCLE('',#3667,1.6);
#737=CIRCLE('',#3668,0.999999999998143);
#738=CIRCLE('',#3669,1.30710678118655);
#739=CIRCLE('',#3670,1.30710678118655);
#740=CIRCLE('',#3671,1.6);
#741=CIRCLE('',#3673,0.600000000000005);
#742=CIRCLE('',#3675,1.6);
#743=CIRCLE('',#3676,1.6);
#744=CIRCLE('',#3677,0.999999999998235);
#745=CIRCLE('',#3678,1.30710678118655);
#746=CIRCLE('',#3679,1.30710678118655);
#747=CIRCLE('',#3680,1.6);
#748=CIRCLE('',#3682,0.600000000000005);
#749=CIRCLE('',#3684,1.6);
#750=CIRCLE('',#3685,1.6);
#751=CIRCLE('',#3686,0.999999999998062);
#752=CIRCLE('',#3687,1.30710678118655);
#753=CIRCLE('',#3688,1.30710678118655);
#754=CIRCLE('',#3689,1.6);
#755=CIRCLE('',#3691,0.599999999999996);
#756=CIRCLE('',#3693,1.6);
#757=CIRCLE('',#3694,1.6);
#758=CIRCLE('',#3695,0.999999999998049);
#759=CIRCLE('',#3696,1.30710678118655);
#760=CIRCLE('',#3697,1.30710678118655);
#761=CIRCLE('',#3698,1.6);
#762=CIRCLE('',#3700,0.599999999999996);
#763=CIRCLE('',#3702,1.6);
#764=CIRCLE('',#3708,3.24999999999999);
#765=CIRCLE('',#3709,3.24999999999999);
#766=CIRCLE('',#3710,1.6);
#767=CIRCLE('',#3711,1.6);
#768=CIRCLE('',#3712,1.6);
#769=CIRCLE('',#3713,1.6);
#770=CIRCLE('',#3714,3.24999999999999);
#771=CIRCLE('',#3715,3.24999999999999);
#772=CIRCLE('',#3717,1.6);
#773=CIRCLE('',#3719,1.6);
#774=CIRCLE('',#3721,1.6);
#775=CIRCLE('',#3723,1.6);
#776=CIRCLE('',#3725,3.25);
#777=CIRCLE('',#3727,3.25);
#778=CIRCLE('',#3729,3.25);
#779=CIRCLE('',#3732,1.6);
#780=CIRCLE('',#3733,1.6);
#781=CIRCLE('',#3734,1.6);
#782=CIRCLE('',#3735,1.6);
#783=CIRCLE('',#3736,1.6);
#784=CIRCLE('',#3738,1.6);
#785=CIRCLE('',#3739,1.6);
#786=CIRCLE('',#3740,1.6);
#787=CIRCLE('',#3741,1.6);
#788=CIRCLE('',#3742,1.6);
#789=CIRCLE('',#3744,1.6);
#790=CIRCLE('',#3745,1.6);
#791=CIRCLE('',#3746,1.6);
#792=CIRCLE('',#3747,1.6);
#793=CIRCLE('',#3748,1.6);
#794=CIRCLE('',#3751,1.6);
#795=CIRCLE('',#3752,1.6);
#796=CIRCLE('',#3753,1.6);
#797=CIRCLE('',#3754,1.6);
#798=CIRCLE('',#3755,1.6);
#799=CIRCLE('',#3757,3.24999999999999);
#800=CIRCLE('',#3758,3.24999999999999);
#801=CIRCLE('',#3760,3.24999999999999);
#802=CIRCLE('',#3761,3.24999999999999);
#803=CIRCLE('',#3763,3.24999999999999);
#804=CIRCLE('',#3764,3.24999999999999);
#805=CIRCLE('',#3766,3.24999999999999);
#806=CIRCLE('',#3767,3.24999999999999);
#807=CIRCLE('',#3769,3.24999999999999);
#808=CIRCLE('',#3771,3.24999999999999);
#809=CIRCLE('',#3773,3.24999999999999);
#810=CIRCLE('',#3775,3.24999999999999);
#811=CIRCLE('',#3777,3.24999999999999);
#812=CIRCLE('',#3781,3.24999999999999);
#813=CIRCLE('',#3783,3.24999999999999);
#814=CIRCLE('',#3787,3.24999999999999);
#815=CIRCLE('',#3789,3.24999999999999);
#816=CIRCLE('',#3791,3.24999999999999);
#817=CIRCLE('',#3795,3.24999999999999);
#818=CIRCLE('',#3797,3.24999999999999);
#819=CIRCLE('',#3825,50.);
#820=CIRCLE('',#3826,519.977375291635);
#821=CIRCLE('',#3827,50.79);
#822=CIRCLE('',#3829,293.867260140504);
#823=CIRCLE('',#3832,50.79);
#824=CIRCLE('',#3833,50.);
#825=CIRCLE('',#3835,3.25);
#826=CIRCLE('',#3836,50.81);
#827=CIRCLE('',#3838,3.25);
#828=CIRCLE('',#3839,50.81);
#829=CIRCLE('',#3841,51.6);
#830=CIRCLE('',#3843,3.25);
#831=CIRCLE('',#3844,50.79);
#832=CIRCLE('',#3845,50.81);
#833=CIRCLE('',#3847,50.);
#834=CIRCLE('',#3848,293.867260163632);
#835=CIRCLE('',#3850,519.977375289458);
#836=CIRCLE('',#3853,50.79);
#837=CIRCLE('',#3854,50.);
#838=CIRCLE('',#3856,50.79);
#839=CIRCLE('',#3857,50.);
#840=CIRCLE('',#3859,3.25);
#841=CIRCLE('',#3860,50.81);
#842=CIRCLE('',#3861,3.25);
#843=CIRCLE('',#3863,3.25);
#844=CIRCLE('',#3864,50.81);
#845=CIRCLE('',#3866,51.6);
#846=CIRCLE('',#3875,3.2);
#847=CIRCLE('',#3888,3.2);
#848=CIRCLE('',#3890,6.);
#849=CIRCLE('',#3893,3.2);
#850=CIRCLE('',#3894,3.2);
#851=CIRCLE('',#3901,3.25);
#852=CIRCLE('',#3902,3.25);
#853=CIRCLE('',#3903,3.25);
#854=CIRCLE('',#3904,3.25);
#855=CIRCLE('',#3905,3.25);
#856=CIRCLE('',#3906,6.);
#857=ELLIPSE('',#3605,4.59619407771256,3.25);
#858=ELLIPSE('',#3607,4.59619407771256,3.25);
#859=ELLIPSE('',#3608,4.59619407771256,3.25);
#860=ELLIPSE('',#3612,4.59619407771256,3.25);
#861=ELLIPSE('',#3879,4.59619407771256,3.25);
#862=ELLIPSE('',#3881,4.52548339959391,3.2);
#863=ELLIPSE('',#3883,4.52548339959391,3.2);
#864=ELLIPSE('',#3885,4.59619407771256,3.25);
#865=ELLIPSE('',#3886,4.52548339959391,3.2);
#866=ELLIPSE('',#3892,4.52548339959391,3.2);
#867=LINE('',#4853,#1168);
#868=LINE('',#4857,#1169);
#869=LINE('',#4861,#1170);
#870=LINE('',#4867,#1171);
#871=LINE('',#4871,#1172);
#872=LINE('',#4876,#1173);
#873=LINE('',#4883,#1174);
#874=LINE('',#4886,#1175);
#875=LINE('',#4891,#1176);
#876=LINE('',#4895,#1177);
#877=LINE('',#4897,#1178);
#878=LINE('',#4898,#1179);
#879=LINE('',#4904,#1180);
#880=LINE('',#4907,#1181);
#881=LINE('',#4913,#1182);
#882=LINE('',#4914,#1183);
#883=LINE('',#4918,#1184);
#884=LINE('',#4920,#1185);
#885=LINE('',#4922,#1186);
#886=LINE('',#4923,#1187);
#887=LINE('',#4926,#1188);
#888=LINE('',#4928,#1189);
#889=LINE('',#4929,#1190);
#890=LINE('',#4932,#1191);
#891=LINE('',#4934,#1192);
#892=LINE('',#4935,#1193);
#893=LINE('',#4938,#1194);
#894=LINE('',#4940,#1195);
#895=LINE('',#4941,#1196);
#896=LINE('',#4943,#1197);
#897=LINE('',#4945,#1198);
#898=LINE('',#4946,#1199);
#899=LINE('',#4949,#1200);
#900=LINE('',#4950,#1201);
#901=LINE('',#4953,#1202);
#902=LINE('',#4955,#1203);
#903=LINE('',#4956,#1204);
#904=LINE('',#4959,#1205);
#905=LINE('',#4961,#1206);
#906=LINE('',#4962,#1207);
#907=LINE('',#4965,#1208);
#908=LINE('',#4967,#1209);
#909=LINE('',#4968,#1210);
#910=LINE('',#4971,#1211);
#911=LINE('',#4973,#1212);
#912=LINE('',#4974,#1213);
#913=LINE('',#4977,#1214);
#914=LINE('',#4979,#1215);
#915=LINE('',#4980,#1216);
#916=LINE('',#4982,#1217);
#917=LINE('',#4983,#1218);
#918=LINE('',#4988,#1219);
#919=LINE('',#4990,#1220);
#920=LINE('',#4992,#1221);
#921=LINE('',#4993,#1222);
#922=LINE('',#4996,#1223);
#923=LINE('',#4998,#1224);
#924=LINE('',#4999,#1225);
#925=LINE('',#5003,#1226);
#926=LINE('',#5005,#1227);
#927=LINE('',#5007,#1228);
#928=LINE('',#5009,#1229);
#929=LINE('',#5011,#1230);
#930=LINE('',#5012,#1231);
#931=LINE('',#5013,#1232);
#932=LINE('',#5015,#1233);
#933=LINE('',#5016,#1234);
#934=LINE('',#5025,#1235);
#935=LINE('',#5027,#1236);
#936=LINE('',#5028,#1237);
#937=LINE('',#5030,#1238);
#938=LINE('',#5035,#1239);
#939=LINE('',#5038,#1240);
#940=LINE('',#5040,#1241);
#941=LINE('',#5041,#1242);
#942=LINE('',#5049,#1243);
#943=LINE('',#5054,#1244);
#944=LINE('',#5055,#1245);
#945=LINE('',#5056,#1246);
#946=LINE('',#5068,#1247);
#947=LINE('',#5070,#1248);
#948=LINE('',#5072,#1249);
#949=LINE('',#5073,#1250);
#950=LINE('',#5076,#1251);
#951=LINE('',#5078,#1252);
#952=LINE('',#5079,#1253);
#953=LINE('',#5101,#1254);
#954=LINE('',#5109,#1255);
#955=LINE('',#5130,#1256);
#956=LINE('',#5157,#1257);
#957=LINE('',#5184,#1258);
#958=LINE('',#5229,#1259);
#959=LINE('',#5280,#1260);
#960=LINE('',#5331,#1261);
#961=LINE('',#5399,#1262);
#962=LINE('',#5404,#1263);
#963=LINE('',#5412,#1264);
#964=LINE('',#5423,#1265);
#965=LINE('',#5434,#1266);
#966=LINE('',#5442,#1267);
#967=LINE('',#5450,#1268);
#968=LINE('',#5492,#1269);
#969=LINE('',#5496,#1270);
#970=LINE('',#5536,#1271);
#971=LINE('',#5540,#1272);
#972=LINE('',#5580,#1273);
#973=LINE('',#5584,#1274);
#974=LINE('',#5624,#1275);
#975=LINE('',#5628,#1276);
#976=LINE('',#5640,#1277);
#977=LINE('',#5651,#1278);
#978=LINE('',#5678,#1279);
#979=LINE('',#5679,#1280);
#980=LINE('',#5685,#1281);
#981=LINE('',#5689,#1282);
#982=LINE('',#5693,#1283);
#983=LINE('',#5697,#1284);
#984=LINE('',#5714,#1285);
#985=LINE('',#5728,#1286);
#986=LINE('',#5733,#1287);
#987=LINE('',#5744,#1288);
#988=LINE('',#5755,#1289);
#989=LINE('',#5766,#1290);
#990=LINE('',#5771,#1291);
#991=LINE('',#5783,#1292);
#992=LINE('',#5795,#1293);
#993=LINE('',#5805,#1294);
#994=LINE('',#5806,#1295);
#995=LINE('',#5811,#1296);
#996=LINE('',#5822,#1297);
#997=LINE('',#5829,#1298);
#998=LINE('',#5839,#1299);
#999=LINE('',#5846,#1300);
#1000=LINE('',#5851,#1301);
#1001=LINE('',#5856,#1302);
#1002=LINE('',#5860,#1303);
#1003=LINE('',#5865,#1304);
#1004=LINE('',#5870,#1305);
#1005=LINE('',#5872,#1306);
#1006=LINE('',#5874,#1307);
#1007=LINE('',#5877,#1308);
#1008=LINE('',#5879,#1309);
#1009=LINE('',#5880,#1310);
#1010=LINE('',#5882,#1311);
#1011=LINE('',#5884,#1312);
#1012=LINE('',#5886,#1313);
#1013=LINE('',#5887,#1314);
#1014=LINE('',#5890,#1315);
#1015=LINE('',#5892,#1316);
#1016=LINE('',#5894,#1317);
#1017=LINE('',#5895,#1318);
#1018=LINE('',#5897,#1319);
#1019=LINE('',#5898,#1320);
#1020=LINE('',#5899,#1321);
#1021=LINE('',#5903,#1322);
#1022=LINE('',#5907,#1323);
#1023=LINE('',#5908,#1324);
#1024=LINE('',#5912,#1325);
#1025=LINE('',#5916,#1326);
#1026=LINE('',#5917,#1327);
#1027=LINE('',#5919,#1328);
#1028=LINE('',#5921,#1329);
#1029=LINE('',#5922,#1330);
#1030=LINE('',#5924,#1331);
#1031=LINE('',#5926,#1332);
#1032=LINE('',#5928,#1333);
#1033=LINE('',#5929,#1334);
#1034=LINE('',#5932,#1335);
#1035=LINE('',#5934,#1336);
#1036=LINE('',#5936,#1337);
#1037=LINE('',#5937,#1338);
#1038=LINE('',#5939,#1339);
#1039=LINE('',#5940,#1340);
#1040=LINE('',#5941,#1341);
#1041=LINE('',#5945,#1342);
#1042=LINE('',#5949,#1343);
#1043=LINE('',#5950,#1344);
#1044=LINE('',#5952,#1345);
#1045=LINE('',#5957,#1346);
#1046=LINE('',#5959,#1347);
#1047=LINE('',#5961,#1348);
#1048=LINE('',#5964,#1349);
#1049=LINE('',#5966,#1350);
#1050=LINE('',#5967,#1351);
#1051=LINE('',#5969,#1352);
#1052=LINE('',#5970,#1353);
#1053=LINE('',#5971,#1354);
#1054=LINE('',#5973,#1355);
#1055=LINE('',#5975,#1356);
#1056=LINE('',#5976,#1357);
#1057=LINE('',#5978,#1358);
#1058=LINE('',#5979,#1359);
#1059=LINE('',#5980,#1360);
#1060=LINE('',#5982,#1361);
#1061=LINE('',#5987,#1362);
#1062=LINE('',#5989,#1363);
#1063=LINE('',#5992,#1364);
#1064=LINE('',#5994,#1365);
#1065=LINE('',#5996,#1366);
#1066=LINE('',#5997,#1367);
#1067=LINE('',#5999,#1368);
#1068=LINE('',#6000,#1369);
#1069=LINE('',#6001,#1370);
#1070=LINE('',#6003,#1371);
#1071=LINE('',#6005,#1372);
#1072=LINE('',#6006,#1373);
#1073=LINE('',#6008,#1374);
#1074=LINE('',#6009,#1375);
#1075=LINE('',#6010,#1376);
#1076=LINE('',#6012,#1377);
#1077=LINE('',#6014,#1378);
#1078=LINE('',#6016,#1379);
#1079=LINE('',#6018,#1380);
#1080=LINE('',#6022,#1381);
#1081=LINE('',#6024,#1382);
#1082=LINE('',#6027,#1383);
#1083=LINE('',#6029,#1384);
#1084=LINE('',#6032,#1385);
#1085=LINE('',#6034,#1386);
#1086=LINE('',#6037,#1387);
#1087=LINE('',#6039,#1388);
#1088=LINE('',#6042,#1389);
#1089=LINE('',#6044,#1390);
#1090=LINE('',#6046,#1391);
#1091=LINE('',#6048,#1392);
#1092=LINE('',#6068,#1393);
#1093=LINE('',#6074,#1394);
#1094=LINE('',#6078,#1395);
#1095=LINE('',#6080,#1396);
#1096=LINE('',#6131,#1397);
#1097=LINE('',#6147,#1398);
#1098=LINE('',#6153,#1399);
#1099=LINE('',#6157,#1400);
#1100=LINE('',#6234,#1401);
#1101=LINE('',#6236,#1402);
#1102=LINE('',#6238,#1403);
#1103=LINE('',#6240,#1404);
#1104=LINE('',#6242,#1405);
#1105=LINE('',#6243,#1406);
#1106=LINE('',#6258,#1407);
#1107=LINE('',#6265,#1408);
#1108=LINE('',#6267,#1409);
#1109=LINE('',#6268,#1410);
#1110=LINE('',#6271,#1411);
#1111=LINE('',#6273,#1412);
#1112=LINE('',#6275,#1413);
#1113=LINE('',#6276,#1414);
#1114=LINE('',#6295,#1415);
#1115=LINE('',#6324,#1416);
#1116=LINE('',#6353,#1417);
#1117=LINE('',#6372,#1418);
#1118=LINE('',#6375,#1419);
#1119=LINE('',#6377,#1420);
#1120=LINE('',#6379,#1421);
#1121=LINE('',#6381,#1422);
#1122=LINE('',#6382,#1423);
#1123=LINE('',#6459,#1424);
#1124=LINE('',#6472,#1425);
#1125=LINE('',#6500,#1426);
#1126=LINE('',#6502,#1427);
#1127=LINE('',#6504,#1428);
#1128=LINE('',#6506,#1429);
#1129=LINE('',#6507,#1430);
#1130=LINE('',#6511,#1431);
#1131=LINE('',#6513,#1432);
#1132=LINE('',#6515,#1433);
#1133=LINE('',#6519,#1434);
#1134=LINE('',#6521,#1435);
#1135=LINE('',#6523,#1436);
#1136=LINE('',#6525,#1437);
#1137=LINE('',#6526,#1438);
#1138=LINE('',#6528,#1439);
#1139=LINE('',#6529,#1440);
#1140=LINE('',#6534,#1441);
#1141=LINE('',#6535,#1442);
#1142=LINE('',#6539,#1443);
#1143=LINE('',#6544,#1444);
#1144=LINE('',#6545,#1445);
#1145=LINE('',#6550,#1446);
#1146=LINE('',#6554,#1447);
#1147=LINE('',#6556,#1448);
#1148=LINE('',#6560,#1449);
#1149=LINE('',#6562,#1450);
#1150=LINE('',#6563,#1451);
#1151=LINE('',#6571,#1452);
#1152=LINE('',#6573,#1453);
#1153=LINE('',#6575,#1454);
#1154=LINE('',#6577,#1455);
#1155=LINE('',#6586,#1456);
#1156=LINE('',#6596,#1457);
#1157=LINE('',#6598,#1458);
#1158=LINE('',#6601,#1459);
#1159=LINE('',#6603,#1460);
#1160=LINE('',#6605,#1461);
#1161=LINE('',#6607,#1462);
#1162=LINE('',#6609,#1463);
#1163=LINE('',#6611,#1464);
#1164=LINE('',#6613,#1465);
#1165=LINE('',#6622,#1466);
#1166=LINE('',#6629,#1467);
#1167=LINE('',#6636,#1468);
#1168=VECTOR('',#3922,3.25);
#1169=VECTOR('',#3925,10.);
#1170=VECTOR('',#3928,10.);
#1171=VECTOR('',#3933,10.);
#1172=VECTOR('',#3936,3.25);
#1173=VECTOR('',#3941,10.);
#1174=VECTOR('',#3948,10.);
#1175=VECTOR('',#3951,10.);
#1176=VECTOR('',#3956,10.);
#1177=VECTOR('',#3961,10.);
#1178=VECTOR('',#3962,10.);
#1179=VECTOR('',#3963,10.);
#1180=VECTOR('',#3968,10.);
#1181=VECTOR('',#3971,10.);
#1182=VECTOR('',#3980,10.);
#1183=VECTOR('',#3981,10.);
#1184=VECTOR('',#3984,10.);
#1185=VECTOR('',#3985,10.);
#1186=VECTOR('',#3986,10.);
#1187=VECTOR('',#3987,10.);
#1188=VECTOR('',#3990,10.);
#1189=VECTOR('',#3991,10.);
#1190=VECTOR('',#3992,10.);
#1191=VECTOR('',#3995,10.);
#1192=VECTOR('',#3996,10.);
#1193=VECTOR('',#3997,10.);
#1194=VECTOR('',#4000,10.);
#1195=VECTOR('',#4001,10.);
#1196=VECTOR('',#4002,10.);
#1197=VECTOR('',#4005,10.);
#1198=VECTOR('',#4006,10.);
#1199=VECTOR('',#4007,10.);
#1200=VECTOR('',#4010,10.);
#1201=VECTOR('',#4011,10.);
#1202=VECTOR('',#4014,10.);
#1203=VECTOR('',#4015,10.);
#1204=VECTOR('',#4016,10.);
#1205=VECTOR('',#4019,10.);
#1206=VECTOR('',#4020,10.);
#1207=VECTOR('',#4021,10.);
#1208=VECTOR('',#4024,10.);
#1209=VECTOR('',#4025,10.);
#1210=VECTOR('',#4026,10.);
#1211=VECTOR('',#4029,10.);
#1212=VECTOR('',#4030,10.);
#1213=VECTOR('',#4031,10.);
#1214=VECTOR('',#4034,10.);
#1215=VECTOR('',#4035,10.);
#1216=VECTOR('',#4036,10.);
#1217=VECTOR('',#4039,10.);
#1218=VECTOR('',#4040,10.);
#1219=VECTOR('',#4045,10.);
#1220=VECTOR('',#4046,10.);
#1221=VECTOR('',#4047,10.);
#1222=VECTOR('',#4048,10.);
#1223=VECTOR('',#4051,10.);
#1224=VECTOR('',#4052,10.);
#1225=VECTOR('',#4053,10.);
#1226=VECTOR('',#4056,10.);
#1227=VECTOR('',#4057,10.);
#1228=VECTOR('',#4058,10.);
#1229=VECTOR('',#4059,10.);
#1230=VECTOR('',#4060,10.);
#1231=VECTOR('',#4061,10.);
#1232=VECTOR('',#4062,10.);
#1233=VECTOR('',#4065,10.);
#1234=VECTOR('',#4066,10.);
#1235=VECTOR('',#4071,10.);
#1236=VECTOR('',#4072,10.);
#1237=VECTOR('',#4073,10.);
#1238=VECTOR('',#4074,10.);
#1239=VECTOR('',#4075,10.);
#1240=VECTOR('',#4078,10.);
#1241=VECTOR('',#4079,10.);
#1242=VECTOR('',#4080,10.);
#1243=VECTOR('',#4083,10.);
#1244=VECTOR('',#4084,10.);
#1245=VECTOR('',#4085,10.);
#1246=VECTOR('',#4086,10.);
#1247=VECTOR('',#4105,10.);
#1248=VECTOR('',#4106,10.);
#1249=VECTOR('',#4107,10.);
#1250=VECTOR('',#4108,10.);
#1251=VECTOR('',#4111,10.);
#1252=VECTOR('',#4112,10.);
#1253=VECTOR('',#4113,10.);
#1254=VECTOR('',#4114,10.);
#1255=VECTOR('',#4115,10.);
#1256=VECTOR('',#4116,10.);
#1257=VECTOR('',#4117,10.);
#1258=VECTOR('',#4118,10.);
#1259=VECTOR('',#4119,10.);
#1260=VECTOR('',#4120,10.);
#1261=VECTOR('',#4121,10.);
#1262=VECTOR('',#4122,10.);
#1263=VECTOR('',#4123,10.);
#1264=VECTOR('',#4124,10.);
#1265=VECTOR('',#4125,10.);
#1266=VECTOR('',#4126,10.);
#1267=VECTOR('',#4131,3.09000001490116);
#1268=VECTOR('',#4142,3.09000001490116);
#1269=VECTOR('',#4161,1.1);
#1270=VECTOR('',#4166,1.6);
#1271=VECTOR('',#4181,1.1);
#1272=VECTOR('',#4186,1.6);
#1273=VECTOR('',#4201,1.1);
#1274=VECTOR('',#4206,1.6);
#1275=VECTOR('',#4221,1.1);
#1276=VECTOR('',#4226,1.6);
#1277=VECTOR('',#4235,10.);
#1278=VECTOR('',#4236,10.);
#1279=VECTOR('',#4253,10.);
#1280=VECTOR('',#4254,10.);
#1281=VECTOR('',#4261,1.6);
#1282=VECTOR('',#4266,1.6);
#1283=VECTOR('',#4271,1.6);
#1284=VECTOR('',#4276,1.6);
#1285=VECTOR('',#4291,10.);
#1286=VECTOR('',#4292,10.);
#1287=VECTOR('',#4293,10.);
#1288=VECTOR('',#4294,10.);
#1289=VECTOR('',#4295,10.);
#1290=VECTOR('',#4296,10.);
#1291=VECTOR('',#4301,1.6);
#1292=VECTOR('',#4314,1.6);
#1293=VECTOR('',#4327,1.6);
#1294=VECTOR('',#4338,10.);
#1295=VECTOR('',#4339,10.);
#1296=VECTOR('',#4344,1.6);
#1297=VECTOR('',#4355,10.);
#1298=VECTOR('',#4362,10.);
#1299=VECTOR('',#4373,10.);
#1300=VECTOR('',#4380,10.);
#1301=VECTOR('',#4385,10.);
#1302=VECTOR('',#4390,10.);
#1303=VECTOR('',#4393,10.);
#1304=VECTOR('',#4398,10.);
#1305=VECTOR('',#4403,10.);
#1306=VECTOR('',#4404,10.);
#1307=VECTOR('',#4405,10.);
#1308=VECTOR('',#4410,10.);
#1309=VECTOR('',#4411,10.);
#1310=VECTOR('',#4412,10.);
#1311=VECTOR('',#4413,10.);
#1312=VECTOR('',#4414,10.);
#1313=VECTOR('',#4415,10.);
#1314=VECTOR('',#4416,10.);
#1315=VECTOR('',#4419,10.);
#1316=VECTOR('',#4420,10.);
#1317=VECTOR('',#4421,10.);
#1318=VECTOR('',#4422,10.);
#1319=VECTOR('',#4423,10.);
#1320=VECTOR('',#4424,10.);
#1321=VECTOR('',#4425,10.);
#1322=VECTOR('',#4428,10.);
#1323=VECTOR('',#4431,10.);
#1324=VECTOR('',#4432,10.);
#1325=VECTOR('',#4435,10.);
#1326=VECTOR('',#4438,10.);
#1327=VECTOR('',#4439,10.);
#1328=VECTOR('',#4442,10.);
#1329=VECTOR('',#4443,10.);
#1330=VECTOR('',#4444,10.);
#1331=VECTOR('',#4445,10.);
#1332=VECTOR('',#4446,10.);
#1333=VECTOR('',#4447,10.);
#1334=VECTOR('',#4448,10.);
#1335=VECTOR('',#4451,10.);
#1336=VECTOR('',#4452,10.);
#1337=VECTOR('',#4453,10.);
#1338=VECTOR('',#4454,10.);
#1339=VECTOR('',#4455,10.);
#1340=VECTOR('',#4456,10.);
#1341=VECTOR('',#4457,10.);
#1342=VECTOR('',#4460,10.);
#1343=VECTOR('',#4463,10.);
#1344=VECTOR('',#4464,10.);
#1345=VECTOR('',#4467,10.);
#1346=VECTOR('',#4472,10.);
#1347=VECTOR('',#4473,10.);
#1348=VECTOR('',#4474,10.);
#1349=VECTOR('',#4479,10.);
#1350=VECTOR('',#4480,10.);
#1351=VECTOR('',#4481,10.);
#1352=VECTOR('',#4482,10.);
#1353=VECTOR('',#4483,10.);
#1354=VECTOR('',#4484,10.);
#1355=VECTOR('',#4487,10.);
#1356=VECTOR('',#4488,10.);
#1357=VECTOR('',#4489,10.);
#1358=VECTOR('',#4490,10.);
#1359=VECTOR('',#4491,10.);
#1360=VECTOR('',#4492,10.);
#1361=VECTOR('',#4495,10.);
#1362=VECTOR('',#4500,10.);
#1363=VECTOR('',#4501,10.);
#1364=VECTOR('',#4504,10.);
#1365=VECTOR('',#4507,10.);
#1366=VECTOR('',#4508,10.);
#1367=VECTOR('',#4509,10.);
#1368=VECTOR('',#4510,10.);
#1369=VECTOR('',#4511,10.);
#1370=VECTOR('',#4512,10.);
#1371=VECTOR('',#4515,10.);
#1372=VECTOR('',#4516,10.);
#1373=VECTOR('',#4517,10.);
#1374=VECTOR('',#4518,10.);
#1375=VECTOR('',#4519,10.);
#1376=VECTOR('',#4520,10.);
#1377=VECTOR('',#4523,10.);
#1378=VECTOR('',#4526,10.);
#1379=VECTOR('',#4529,10.);
#1380=VECTOR('',#4532,10.);
#1381=VECTOR('',#4539,10.);
#1382=VECTOR('',#4542,10.);
#1383=VECTOR('',#4547,10.);
#1384=VECTOR('',#4550,10.);
#1385=VECTOR('',#4555,10.);
#1386=VECTOR('',#4558,10.);
#1387=VECTOR('',#4563,10.);
#1388=VECTOR('',#4566,10.);
#1389=VECTOR('',#4571,10.);
#1390=VECTOR('',#4574,10.);
#1391=VECTOR('',#4577,10.);
#1392=VECTOR('',#4580,10.);
#1393=VECTOR('',#4595,10.);
#1394=VECTOR('',#4596,10.);
#1395=VECTOR('',#4601,10.);
#1396=VECTOR('',#4602,10.);
#1397=VECTOR('',#4631,10.);
#1398=VECTOR('',#4642,10.);
#1399=VECTOR('',#4643,10.);
#1400=VECTOR('',#4648,10.);
#1401=VECTOR('',#4681,10.);
#1402=VECTOR('',#4682,10.);
#1403=VECTOR('',#4683,10.);
#1404=VECTOR('',#4684,10.);
#1405=VECTOR('',#4685,10.);
#1406=VECTOR('',#4686,10.);
#1407=VECTOR('',#4687,10.);
#1408=VECTOR('',#4690,10.);
#1409=VECTOR('',#4691,10.);
#1410=VECTOR('',#4692,10.);
#1411=VECTOR('',#4695,10.);
#1412=VECTOR('',#4696,10.);
#1413=VECTOR('',#4697,10.);
#1414=VECTOR('',#4698,10.);
#1415=VECTOR('',#4699,10.);
#1416=VECTOR('',#4700,10.);
#1417=VECTOR('',#4701,10.);
#1418=VECTOR('',#4702,10.);
#1419=VECTOR('',#4705,10.);
#1420=VECTOR('',#4706,10.);
#1421=VECTOR('',#4707,10.);
#1422=VECTOR('',#4708,10.);
#1423=VECTOR('',#4709,10.);
#1424=VECTOR('',#4714,10.);
#1425=VECTOR('',#4715,10.);
#1426=VECTOR('',#4718,10.);
#1427=VECTOR('',#4719,10.);
#1428=VECTOR('',#4720,10.);
#1429=VECTOR('',#4721,10.);
#1430=VECTOR('',#4722,10.);
#1431=VECTOR('',#4725,10.);
#1432=VECTOR('',#4726,10.);
#1433=VECTOR('',#4729,10.);
#1434=VECTOR('',#4732,10.);
#1435=VECTOR('',#4733,10.);
#1436=VECTOR('',#4734,10.);
#1437=VECTOR('',#4735,10.);
#1438=VECTOR('',#4736,10.);
#1439=VECTOR('',#4739,10.);
#1440=VECTOR('',#4740,10.);
#1441=VECTOR('',#4745,10.);
#1442=VECTOR('',#4746,10.);
#1443=VECTOR('',#4751,10.);
#1444=VECTOR('',#4756,10.);
#1445=VECTOR('',#4757,10.);
#1446=VECTOR('',#4764,10.);
#1447=VECTOR('',#4769,10.);
#1448=VECTOR('',#4772,10.);
#1449=VECTOR('',#4775,10.);
#1450=VECTOR('',#4776,10.);
#1451=VECTOR('',#4777,10.);
#1452=VECTOR('',#4790,10.);
#1453=VECTOR('',#4793,10.);
#1454=VECTOR('',#4796,10.);
#1455=VECTOR('',#4799,10.);
#1456=VECTOR('',#4802,10.);
#1457=VECTOR('',#4815,10.);
#1458=VECTOR('',#4818,10.);
#1459=VECTOR('',#4823,3.24999999999999);
#1460=VECTOR('',#4826,3.24999999999999);
#1461=VECTOR('',#4829,3.24999999999999);
#1462=VECTOR('',#4832,3.24999999999999);
#1463=VECTOR('',#4835,3.25);
#1464=VECTOR('',#4838,3.25);
#1465=VECTOR('',#4841,3.25);
#1466=VECTOR('',#4846,10.);
#1467=VECTOR('',#4847,10.);
#1468=VECTOR('',#4848,10.);
#1469=VERTEX_POINT('',#4851);
#1470=VERTEX_POINT('',#4852);
#1471=VERTEX_POINT('',#4854);
#1472=VERTEX_POINT('',#4856);
#1473=VERTEX_POINT('',#4858);
#1474=VERTEX_POINT('',#4860);
#1475=VERTEX_POINT('',#4862);
#1476=VERTEX_POINT('',#4864);
#1477=VERTEX_POINT('',#4866);
#1478=VERTEX_POINT('',#4868);
#1479=VERTEX_POINT('',#4870);
#1480=VERTEX_POINT('',#4873);
#1481=VERTEX_POINT('',#4875);
#1482=VERTEX_POINT('',#4879);
#1483=VERTEX_POINT('',#4880);
#1484=VERTEX_POINT('',#4882);
#1485=VERTEX_POINT('',#4884);
#1486=VERTEX_POINT('',#4888);
#1487=VERTEX_POINT('',#4890);
#1488=VERTEX_POINT('',#4894);
#1489=VERTEX_POINT('',#4896);
#1490=VERTEX_POINT('',#4900);
#1491=VERTEX_POINT('',#4901);
#1492=VERTEX_POINT('',#4903);
#1493=VERTEX_POINT('',#4905);
#1494=VERTEX_POINT('',#4912);
#1495=VERTEX_POINT('',#4916);
#1496=VERTEX_POINT('',#4917);
#1497=VERTEX_POINT('',#4919);
#1498=VERTEX_POINT('',#4921);
#1499=VERTEX_POINT('',#4925);
#1500=VERTEX_POINT('',#4927);
#1501=VERTEX_POINT('',#4931);
#1502=VERTEX_POINT('',#4933);
#1503=VERTEX_POINT('',#4937);
#1504=VERTEX_POINT('',#4939);
#1505=VERTEX_POINT('',#4944);
#1506=VERTEX_POINT('',#4948);
#1507=VERTEX_POINT('',#4952);
#1508=VERTEX_POINT('',#4954);
#1509=VERTEX_POINT('',#4958);
#1510=VERTEX_POINT('',#4960);
#1511=VERTEX_POINT('',#4964);
#1512=VERTEX_POINT('',#4966);
#1513=VERTEX_POINT('',#4970);
#1514=VERTEX_POINT('',#4972);
#1515=VERTEX_POINT('',#4976);
#1516=VERTEX_POINT('',#4978);
#1517=VERTEX_POINT('',#4986);
#1518=VERTEX_POINT('',#4987);
#1519=VERTEX_POINT('',#4989);
#1520=VERTEX_POINT('',#4991);
#1521=VERTEX_POINT('',#4995);
#1522=VERTEX_POINT('',#4997);
#1523=VERTEX_POINT('',#5001);
#1524=VERTEX_POINT('',#5002);
#1525=VERTEX_POINT('',#5004);
#1526=VERTEX_POINT('',#5006);
#1527=VERTEX_POINT('',#5008);
#1528=VERTEX_POINT('',#5010);
#1529=VERTEX_POINT('',#5019);
#1530=VERTEX_POINT('',#5020);
#1531=VERTEX_POINT('',#5024);
#1532=VERTEX_POINT('',#5026);
#1533=VERTEX_POINT('',#5029);
#1534=VERTEX_POINT('',#5031);
#1535=VERTEX_POINT('',#5037);
#1536=VERTEX_POINT('',#5039);
#1537=VERTEX_POINT('',#5043);
#1538=VERTEX_POINT('',#5044);
#1539=VERTEX_POINT('',#5048);
#1540=VERTEX_POINT('',#5050);
#1541=VERTEX_POINT('',#5066);
#1542=VERTEX_POINT('',#5067);
#1543=VERTEX_POINT('',#5069);
#1544=VERTEX_POINT('',#5071);
#1545=VERTEX_POINT('',#5075);
#1546=VERTEX_POINT('',#5077);
#1547=VERTEX_POINT('',#5092);
#1548=VERTEX_POINT('',#5093);
#1549=VERTEX_POINT('',#5100);
#1550=VERTEX_POINT('',#5102);
#1551=VERTEX_POINT('',#5122);
#1552=VERTEX_POINT('',#5129);
#1553=VERTEX_POINT('',#5149);
#1554=VERTEX_POINT('',#5156);
#1555=VERTEX_POINT('',#5176);
#1556=VERTEX_POINT('',#5183);
#1557=VERTEX_POINT('',#5215);
#1558=VERTEX_POINT('',#5228);
#1559=VERTEX_POINT('',#5266);
#1560=VERTEX_POINT('',#5279);
#1561=VERTEX_POINT('',#5317);
#1562=VERTEX_POINT('',#5330);
#1563=VERTEX_POINT('',#5398);
#1564=VERTEX_POINT('',#5400);
#1565=VERTEX_POINT('',#5411);
#1566=VERTEX_POINT('',#5422);
#1567=VERTEX_POINT('',#5433);
#1568=VERTEX_POINT('',#5439);
#1569=VERTEX_POINT('',#5441);
#1570=VERTEX_POINT('',#5447);
#1571=VERTEX_POINT('',#5449);
#1572=VERTEX_POINT('',#5480);
#1573=VERTEX_POINT('',#5481);
#1574=VERTEX_POINT('',#5483);
#1575=VERTEX_POINT('',#5485);
#1576=VERTEX_POINT('',#5490);
#1577=VERTEX_POINT('',#5494);
#1578=VERTEX_POINT('',#5524);
#1579=VERTEX_POINT('',#5525);
#1580=VERTEX_POINT('',#5527);
#1581=VERTEX_POINT('',#5529);
#1582=VERTEX_POINT('',#5534);
#1583=VERTEX_POINT('',#5538);
#1584=VERTEX_POINT('',#5568);
#1585=VERTEX_POINT('',#5569);
#1586=VERTEX_POINT('',#5571);
#1587=VERTEX_POINT('',#5573);
#1588=VERTEX_POINT('',#5578);
#1589=VERTEX_POINT('',#5582);
#1590=VERTEX_POINT('',#5612);
#1591=VERTEX_POINT('',#5613);
#1592=VERTEX_POINT('',#5615);
#1593=VERTEX_POINT('',#5617);
#1594=VERTEX_POINT('',#5622);
#1595=VERTEX_POINT('',#5626);
#1596=VERTEX_POINT('',#5639);
#1597=VERTEX_POINT('',#5650);
#1598=VERTEX_POINT('',#5656);
#1599=VERTEX_POINT('',#5663);
#1600=VERTEX_POINT('',#5665);
#1601=VERTEX_POINT('',#5667);
#1602=VERTEX_POINT('',#5669);
#1603=VERTEX_POINT('',#5671);
#1604=VERTEX_POINT('',#5673);
#1605=VERTEX_POINT('',#5675);
#1606=VERTEX_POINT('',#5677);
#1607=VERTEX_POINT('',#5680);
#1608=VERTEX_POINT('',#5683);
#1609=VERTEX_POINT('',#5687);
#1610=VERTEX_POINT('',#5691);
#1611=VERTEX_POINT('',#5695);
#1612=VERTEX_POINT('',#5699);
#1613=VERTEX_POINT('',#5702);
#1614=VERTEX_POINT('',#5705);
#1615=VERTEX_POINT('',#5727);
#1616=VERTEX_POINT('',#5729);
#1617=VERTEX_POINT('',#5740);
#1618=VERTEX_POINT('',#5751);
#1619=VERTEX_POINT('',#5762);
#1620=VERTEX_POINT('',#5768);
#1621=VERTEX_POINT('',#5770);
#1622=VERTEX_POINT('',#5772);
#1623=VERTEX_POINT('',#5774);
#1624=VERTEX_POINT('',#5776);
#1625=VERTEX_POINT('',#5780);
#1626=VERTEX_POINT('',#5782);
#1627=VERTEX_POINT('',#5784);
#1628=VERTEX_POINT('',#5786);
#1629=VERTEX_POINT('',#5788);
#1630=VERTEX_POINT('',#5792);
#1631=VERTEX_POINT('',#5794);
#1632=VERTEX_POINT('',#5796);
#1633=VERTEX_POINT('',#5798);
#1634=VERTEX_POINT('',#5800);
#1635=VERTEX_POINT('',#5804);
#1636=VERTEX_POINT('',#5808);
#1637=VERTEX_POINT('',#5810);
#1638=VERTEX_POINT('',#5812);
#1639=VERTEX_POINT('',#5814);
#1640=VERTEX_POINT('',#5816);
#1641=VERTEX_POINT('',#5820);
#1642=VERTEX_POINT('',#5821);
#1643=VERTEX_POINT('',#5823);
#1644=VERTEX_POINT('',#5827);
#1645=VERTEX_POINT('',#5828);
#1646=VERTEX_POINT('',#5830);
#1647=VERTEX_POINT('',#5834);
#1648=VERTEX_POINT('',#5835);
#1649=VERTEX_POINT('',#5837);
#1650=VERTEX_POINT('',#5841);
#1651=VERTEX_POINT('',#5842);
#1652=VERTEX_POINT('',#5844);
#1653=VERTEX_POINT('',#5848);
#1654=VERTEX_POINT('',#5849);
#1655=VERTEX_POINT('',#5853);
#1656=VERTEX_POINT('',#5854);
#1657=VERTEX_POINT('',#5858);
#1658=VERTEX_POINT('',#5859);
#1659=VERTEX_POINT('',#5863);
#1660=VERTEX_POINT('',#5864);
#1661=VERTEX_POINT('',#5868);
#1662=VERTEX_POINT('',#5869);
#1663=VERTEX_POINT('',#5871);
#1664=VERTEX_POINT('',#5873);
#1665=VERTEX_POINT('',#5878);
#1666=VERTEX_POINT('',#5881);
#1667=VERTEX_POINT('',#5883);
#1668=VERTEX_POINT('',#5885);
#1669=VERTEX_POINT('',#5889);
#1670=VERTEX_POINT('',#5891);
#1671=VERTEX_POINT('',#5893);
#1672=VERTEX_POINT('',#5896);
#1673=VERTEX_POINT('',#5901);
#1674=VERTEX_POINT('',#5902);
#1675=VERTEX_POINT('',#5904);
#1676=VERTEX_POINT('',#5906);
#1677=VERTEX_POINT('',#5910);
#1678=VERTEX_POINT('',#5911);
#1679=VERTEX_POINT('',#5913);
#1680=VERTEX_POINT('',#5915);
#1681=VERTEX_POINT('',#5920);
#1682=VERTEX_POINT('',#5923);
#1683=VERTEX_POINT('',#5925);
#1684=VERTEX_POINT('',#5927);
#1685=VERTEX_POINT('',#5931);
#1686=VERTEX_POINT('',#5933);
#1687=VERTEX_POINT('',#5935);
#1688=VERTEX_POINT('',#5938);
#1689=VERTEX_POINT('',#5943);
#1690=VERTEX_POINT('',#5944);
#1691=VERTEX_POINT('',#5946);
#1692=VERTEX_POINT('',#5948);
#1693=VERTEX_POINT('',#5955);
#1694=VERTEX_POINT('',#5956);
#1695=VERTEX_POINT('',#5958);
#1696=VERTEX_POINT('',#5960);
#1697=VERTEX_POINT('',#5965);
#1698=VERTEX_POINT('',#5968);
#1699=VERTEX_POINT('',#5974);
#1700=VERTEX_POINT('',#5977);
#1701=VERTEX_POINT('',#5985);
#1702=VERTEX_POINT('',#5986);
#1703=VERTEX_POINT('',#5988);
#1704=VERTEX_POINT('',#5990);
#1705=VERTEX_POINT('',#5995);
#1706=VERTEX_POINT('',#5998);
#1707=VERTEX_POINT('',#6004);
#1708=VERTEX_POINT('',#6007);
#1709=VERTEX_POINT('',#6052);
#1710=VERTEX_POINT('',#6053);
#1711=VERTEX_POINT('',#6060);
#1712=VERTEX_POINT('',#6062);
#1713=VERTEX_POINT('',#6066);
#1714=VERTEX_POINT('',#6067);
#1715=VERTEX_POINT('',#6069);
#1716=VERTEX_POINT('',#6073);
#1717=VERTEX_POINT('',#6077);
#1718=VERTEX_POINT('',#6079);
#1719=VERTEX_POINT('',#6085);
#1720=VERTEX_POINT('',#6086);
#1721=VERTEX_POINT('',#6096);
#1722=VERTEX_POINT('',#6100);
#1723=VERTEX_POINT('',#6104);
#1724=VERTEX_POINT('',#6125);
#1725=VERTEX_POINT('',#6126);
#1726=VERTEX_POINT('',#6128);
#1727=VERTEX_POINT('',#6130);
#1728=VERTEX_POINT('',#6134);
#1729=VERTEX_POINT('',#6141);
#1730=VERTEX_POINT('',#6145);
#1731=VERTEX_POINT('',#6146);
#1732=VERTEX_POINT('',#6148);
#1733=VERTEX_POINT('',#6152);
#1734=VERTEX_POINT('',#6156);
#1735=VERTEX_POINT('',#6162);
#1736=VERTEX_POINT('',#6163);
#1737=VERTEX_POINT('',#6170);
#1738=VERTEX_POINT('',#6172);
#1739=VERTEX_POINT('',#6181);
#1740=VERTEX_POINT('',#6182);
#1741=VERTEX_POINT('',#6192);
#1742=VERTEX_POINT('',#6194);
#1743=VERTEX_POINT('',#6198);
#1744=VERTEX_POINT('',#6232);
#1745=VERTEX_POINT('',#6233);
#1746=VERTEX_POINT('',#6235);
#1747=VERTEX_POINT('',#6237);
#1748=VERTEX_POINT('',#6239);
#1749=VERTEX_POINT('',#6241);
#1750=VERTEX_POINT('',#6252);
#1751=VERTEX_POINT('',#6257);
#1752=VERTEX_POINT('',#6264);
#1753=VERTEX_POINT('',#6266);
#1754=VERTEX_POINT('',#6270);
#1755=VERTEX_POINT('',#6272);
#1756=VERTEX_POINT('',#6274);
#1757=VERTEX_POINT('',#6285);
#1758=VERTEX_POINT('',#6290);
#1759=VERTEX_POINT('',#6310);
#1760=VERTEX_POINT('',#6317);
#1761=VERTEX_POINT('',#6339);
#1762=VERTEX_POINT('',#6346);
#1763=VERTEX_POINT('',#6362);
#1764=VERTEX_POINT('',#6367);
#1765=VERTEX_POINT('',#6374);
#1766=VERTEX_POINT('',#6376);
#1767=VERTEX_POINT('',#6378);
#1768=VERTEX_POINT('',#6380);
#1769=VERTEX_POINT('',#6400);
#1770=VERTEX_POINT('',#6413);
#1771=VERTEX_POINT('',#6421);
#1772=VERTEX_POINT('',#6428);
#1773=VERTEX_POINT('',#6498);
#1774=VERTEX_POINT('',#6499);
#1775=VERTEX_POINT('',#6501);
#1776=VERTEX_POINT('',#6503);
#1777=VERTEX_POINT('',#6505);
#1778=VERTEX_POINT('',#6509);
#1779=VERTEX_POINT('',#6510);
#1780=VERTEX_POINT('',#6512);
#1781=VERTEX_POINT('',#6517);
#1782=VERTEX_POINT('',#6518);
#1783=VERTEX_POINT('',#6520);
#1784=VERTEX_POINT('',#6522);
#1785=VERTEX_POINT('',#6524);
#1786=VERTEX_POINT('',#6531);
#1787=VERTEX_POINT('',#6533);
#1788=VERTEX_POINT('',#6537);
#1789=VERTEX_POINT('',#6541);
#1790=VERTEX_POINT('',#6543);
#1791=VERTEX_POINT('',#6548);
#1792=VERTEX_POINT('',#6552);
#1793=VERTEX_POINT('',#6557);
#1794=VERTEX_POINT('',#6559);
#1795=VERTEX_POINT('',#6561);
#1796=VERTEX_POINT('',#6565);
#1797=VERTEX_POINT('',#6579);
#1798=VERTEX_POINT('',#6588);
#1799=VERTEX_POINT('',#6591);
#1800=VERTEX_POINT('',#6594);
#1801=EDGE_CURVE('',#1469,#1470,#867,.T.);
#1802=EDGE_CURVE('',#1471,#1469,#857,.T.);
#1803=EDGE_CURVE('',#1472,#1471,#868,.T.);
#1804=EDGE_CURVE('',#1473,#1472,#716,.T.);
#1805=EDGE_CURVE('',#1474,#1473,#869,.T.);
#1806=EDGE_CURVE('',#1475,#1474,#858,.T.);
#1807=EDGE_CURVE('',#1476,#1475,#859,.T.);
#1808=EDGE_CURVE('',#1477,#1476,#870,.T.);
#1809=EDGE_CURVE('',#1478,#1477,#717,.T.);
#1810=EDGE_CURVE('',#1478,#1479,#871,.T.);
#1811=EDGE_CURVE('',#1479,#1479,#718,.F.);
#1812=EDGE_CURVE('',#1480,#1478,#719,.T.);
#1813=EDGE_CURVE('',#1481,#1480,#872,.T.);
#1814=EDGE_CURVE('',#1470,#1481,#860,.T.);
#1815=EDGE_CURVE('',#1482,#1483,#720,.T.);
#1816=EDGE_CURVE('',#1482,#1484,#873,.T.);
#1817=EDGE_CURVE('',#1484,#1485,#721,.T.);
#1818=EDGE_CURVE('',#1483,#1485,#874,.T.);
#1819=EDGE_CURVE('',#1486,#1482,#722,.T.);
#1820=EDGE_CURVE('',#1486,#1487,#875,.T.);
#1821=EDGE_CURVE('',#1487,#1484,#723,.T.);
#1822=EDGE_CURVE('',#1488,#1486,#876,.T.);
#1823=EDGE_CURVE('',#1488,#1489,#877,.T.);
#1824=EDGE_CURVE('',#1489,#1487,#878,.T.);
#1825=EDGE_CURVE('',#1490,#1491,#724,.T.);
#1826=EDGE_CURVE('',#1490,#1492,#879,.T.);
#1827=EDGE_CURVE('',#1492,#1493,#725,.T.);
#1828=EDGE_CURVE('',#1491,#1493,#880,.T.);
#1829=EDGE_CURVE('',#1483,#1490,#726,.T.);
#1830=EDGE_CURVE('',#1485,#1492,#727,.T.);
#1831=EDGE_CURVE('',#1494,#1489,#881,.T.);
#1832=EDGE_CURVE('',#1493,#1494,#882,.T.);
#1833=EDGE_CURVE('',#1495,#1496,#883,.T.);
#1834=EDGE_CURVE('',#1495,#1497,#884,.T.);
#1835=EDGE_CURVE('',#1497,#1498,#885,.T.);
#1836=EDGE_CURVE('',#1496,#1498,#886,.T.);
#1837=EDGE_CURVE('',#1499,#1495,#887,.T.);
#1838=EDGE_CURVE('',#1499,#1500,#888,.T.);
#1839=EDGE_CURVE('',#1500,#1497,#889,.T.);
#1840=EDGE_CURVE('',#1501,#1499,#890,.T.);
#1841=EDGE_CURVE('',#1501,#1502,#891,.T.);
#1842=EDGE_CURVE('',#1502,#1500,#892,.T.);
#1843=EDGE_CURVE('',#1503,#1501,#893,.T.);
#1844=EDGE_CURVE('',#1503,#1504,#894,.T.);
#1845=EDGE_CURVE('',#1504,#1502,#895,.T.);
#1846=EDGE_CURVE('',#1491,#1503,#896,.T.);
#1847=EDGE_CURVE('',#1494,#1505,#897,.T.);
#1848=EDGE_CURVE('',#1505,#1504,#898,.T.);
#1849=EDGE_CURVE('',#1489,#1506,#899,.T.);
#1850=EDGE_CURVE('',#1506,#1505,#900,.T.);
#1851=EDGE_CURVE('',#1507,#1488,#901,.T.);
#1852=EDGE_CURVE('',#1507,#1508,#902,.T.);
#1853=EDGE_CURVE('',#1508,#1506,#903,.T.);
#1854=EDGE_CURVE('',#1509,#1507,#904,.T.);
#1855=EDGE_CURVE('',#1509,#1510,#905,.T.);
#1856=EDGE_CURVE('',#1510,#1508,#906,.T.);
#1857=EDGE_CURVE('',#1511,#1509,#907,.T.);
#1858=EDGE_CURVE('',#1511,#1512,#908,.T.);
#1859=EDGE_CURVE('',#1512,#1510,#909,.T.);
#1860=EDGE_CURVE('',#1513,#1511,#910,.T.);
#1861=EDGE_CURVE('',#1513,#1514,#911,.T.);
#1862=EDGE_CURVE('',#1514,#1512,#912,.T.);
#1863=EDGE_CURVE('',#1515,#1513,#913,.T.);
#1864=EDGE_CURVE('',#1515,#1516,#914,.T.);
#1865=EDGE_CURVE('',#1516,#1514,#915,.T.);
#1866=EDGE_CURVE('',#1496,#1515,#916,.T.);
#1867=EDGE_CURVE('',#1498,#1516,#917,.T.);
#1868=EDGE_CURVE('',#1517,#1518,#918,.T.);
#1869=EDGE_CURVE('',#1517,#1519,#919,.T.);
#1870=EDGE_CURVE('',#1519,#1520,#920,.T.);
#1871=EDGE_CURVE('',#1518,#1520,#921,.T.);
#1872=EDGE_CURVE('',#1521,#1517,#922,.T.);
#1873=EDGE_CURVE('',#1521,#1522,#923,.T.);
#1874=EDGE_CURVE('',#1522,#1519,#924,.T.);
#1875=EDGE_CURVE('',#1523,#1524,#925,.T.);
#1876=EDGE_CURVE('',#1524,#1525,#926,.T.);
#1877=EDGE_CURVE('',#1526,#1525,#927,.T.);
#1878=EDGE_CURVE('',#1527,#1526,#928,.T.);
#1879=EDGE_CURVE('',#1527,#1528,#929,.T.);
#1880=EDGE_CURVE('',#1528,#1522,#930,.T.);
#1881=EDGE_CURVE('',#1523,#1521,#931,.T.);
#1882=EDGE_CURVE('',#1518,#1527,#932,.T.);
#1883=EDGE_CURVE('',#1520,#1528,#933,.T.);
#1884=EDGE_CURVE('',#1529,#1530,#143,.T.);
#1885=EDGE_CURVE('',#1531,#1529,#934,.T.);
#1886=EDGE_CURVE('',#1531,#1532,#935,.T.);
#1887=EDGE_CURVE('',#1532,#1524,#936,.T.);
#1888=EDGE_CURVE('',#1533,#1523,#937,.T.);
#1889=EDGE_CURVE('',#1534,#1533,#144,.T.);
#1890=EDGE_CURVE('',#1530,#1534,#938,.T.);
#1891=EDGE_CURVE('',#1535,#1531,#939,.T.);
#1892=EDGE_CURVE('',#1535,#1536,#940,.T.);
#1893=EDGE_CURVE('',#1536,#1532,#941,.T.);
#1894=EDGE_CURVE('',#1537,#1538,#145,.T.);
#1895=EDGE_CURVE('',#1539,#1537,#942,.T.);
#1896=EDGE_CURVE('',#1540,#1539,#146,.T.);
#1897=EDGE_CURVE('',#1526,#1540,#943,.T.);
#1898=EDGE_CURVE('',#1525,#1536,#944,.T.);
#1899=EDGE_CURVE('',#1538,#1535,#945,.T.);
#1900=EDGE_CURVE('',#1540,#1538,#728,.T.);
#1901=EDGE_CURVE('',#1539,#1537,#729,.T.);
#1902=EDGE_CURVE('',#1530,#1534,#730,.T.);
#1903=EDGE_CURVE('',#1529,#1533,#731,.T.);
#1904=EDGE_CURVE('',#1541,#1542,#946,.T.);
#1905=EDGE_CURVE('',#1543,#1542,#947,.T.);
#1906=EDGE_CURVE('',#1543,#1544,#948,.T.);
#1907=EDGE_CURVE('',#1541,#1544,#949,.T.);
#1908=EDGE_CURVE('',#1545,#1542,#950,.T.);
#1909=EDGE_CURVE('',#1546,#1545,#951,.T.);
#1910=EDGE_CURVE('',#1543,#1546,#952,.T.);
#1911=EDGE_CURVE('',#1547,#1548,#64,.T.);
#1912=EDGE_CURVE('',#1549,#1547,#953,.T.);
#1913=EDGE_CURVE('',#1549,#1550,#65,.T.);
#1914=EDGE_CURVE('',#1550,#1548,#954,.T.);
#1915=EDGE_CURVE('',#1551,#1547,#66,.T.);
#1916=EDGE_CURVE('',#1552,#1551,#955,.T.);
#1917=EDGE_CURVE('',#1552,#1549,#67,.T.);
#1918=EDGE_CURVE('',#1553,#1551,#68,.T.);
#1919=EDGE_CURVE('',#1554,#1553,#956,.T.);
#1920=EDGE_CURVE('',#1554,#1552,#69,.T.);
#1921=EDGE_CURVE('',#1555,#1553,#70,.T.);
#1922=EDGE_CURVE('',#1556,#1555,#957,.T.);
#1923=EDGE_CURVE('',#1556,#1554,#71,.T.);
#1924=EDGE_CURVE('',#1557,#1555,#72,.T.);
#1925=EDGE_CURVE('',#1558,#1557,#958,.T.);
#1926=EDGE_CURVE('',#1558,#1556,#73,.T.);
#1927=EDGE_CURVE('',#1559,#1557,#74,.T.);
#1928=EDGE_CURVE('',#1560,#1559,#959,.T.);
#1929=EDGE_CURVE('',#1560,#1558,#75,.T.);
#1930=EDGE_CURVE('',#1561,#1559,#76,.T.);
#1931=EDGE_CURVE('',#1562,#1561,#960,.T.);
#1932=EDGE_CURVE('',#1562,#1560,#77,.T.);
#1933=EDGE_CURVE('',#1548,#1561,#78,.T.);
#1934=EDGE_CURVE('',#1550,#1562,#79,.T.);
#1935=EDGE_CURVE('',#1559,#1563,#961,.T.);
#1936=EDGE_CURVE('',#1564,#1563,#147,.T.);
#1937=EDGE_CURVE('',#1561,#1564,#962,.T.);
#1938=EDGE_CURVE('',#1565,#1557,#963,.T.);
#1939=EDGE_CURVE('',#1563,#1565,#148,.T.);
#1940=EDGE_CURVE('',#1555,#1566,#964,.T.);
#1941=EDGE_CURVE('',#1565,#1566,#149,.T.);
#1942=EDGE_CURVE('',#1567,#1553,#965,.T.);
#1943=EDGE_CURVE('',#1566,#1567,#150,.T.);
#1944=EDGE_CURVE('',#1568,#1568,#732,.T.);
#1945=EDGE_CURVE('',#1568,#1569,#966,.T.);
#1946=EDGE_CURVE('',#1569,#1569,#733,.T.);
#1947=EDGE_CURVE('',#1570,#1570,#734,.T.);
#1948=EDGE_CURVE('',#1570,#1571,#967,.T.);
#1949=EDGE_CURVE('',#1571,#1571,#735,.T.);
#1950=EDGE_CURVE('',#1572,#1573,#736,.T.);
#1951=EDGE_CURVE('',#1573,#1574,#737,.T.);
#1952=EDGE_CURVE('',#1574,#1575,#738,.T.);
#1953=EDGE_CURVE('',#1575,#1574,#739,.T.);
#1954=EDGE_CURVE('',#1573,#1572,#740,.T.);
#1955=EDGE_CURVE('',#1576,#1576,#741,.T.);
#1956=EDGE_CURVE('',#1576,#1575,#968,.T.);
#1957=EDGE_CURVE('',#1577,#1577,#742,.T.);
#1958=EDGE_CURVE('',#1577,#1572,#969,.T.);
#1959=EDGE_CURVE('',#1578,#1579,#743,.T.);
#1960=EDGE_CURVE('',#1579,#1580,#744,.T.);
#1961=EDGE_CURVE('',#1580,#1581,#745,.T.);
#1962=EDGE_CURVE('',#1581,#1580,#746,.T.);
#1963=EDGE_CURVE('',#1579,#1578,#747,.T.);
#1964=EDGE_CURVE('',#1582,#1582,#748,.T.);
#1965=EDGE_CURVE('',#1582,#1581,#970,.T.);
#1966=EDGE_CURVE('',#1583,#1583,#749,.T.);
#1967=EDGE_CURVE('',#1583,#1578,#971,.T.);
#1968=EDGE_CURVE('',#1584,#1585,#750,.T.);
#1969=EDGE_CURVE('',#1585,#1586,#751,.T.);
#1970=EDGE_CURVE('',#1586,#1587,#752,.T.);
#1971=EDGE_CURVE('',#1587,#1586,#753,.T.);
#1972=EDGE_CURVE('',#1585,#1584,#754,.T.);
#1973=EDGE_CURVE('',#1588,#1588,#755,.T.);
#1974=EDGE_CURVE('',#1588,#1587,#972,.T.);
#1975=EDGE_CURVE('',#1589,#1589,#756,.T.);
#1976=EDGE_CURVE('',#1589,#1584,#973,.T.);
#1977=EDGE_CURVE('',#1590,#1591,#757,.T.);
#1978=EDGE_CURVE('',#1591,#1592,#758,.T.);
#1979=EDGE_CURVE('',#1592,#1593,#759,.T.);
#1980=EDGE_CURVE('',#1593,#1592,#760,.T.);
#1981=EDGE_CURVE('',#1591,#1590,#761,.T.);
#1982=EDGE_CURVE('',#1594,#1594,#762,.T.);
#1983=EDGE_CURVE('',#1594,#1593,#974,.T.);
#1984=EDGE_CURVE('',#1595,#1595,#763,.T.);
#1985=EDGE_CURVE('',#1595,#1590,#975,.T.);
#1986=EDGE_CURVE('',#1551,#1596,#976,.T.);
#1987=EDGE_CURVE('',#1567,#1596,#151,.T.);
#1988=EDGE_CURVE('',#1547,#1597,#977,.T.);
#1989=EDGE_CURVE('',#1596,#1597,#152,.T.);
#1990=EDGE_CURVE('',#1597,#1598,#153,.T.);
#1991=EDGE_CURVE('',#1598,#1564,#154,.T.);
#1992=EDGE_CURVE('',#1599,#1599,#764,.T.);
#1993=EDGE_CURVE('',#1600,#1600,#765,.T.);
#1994=EDGE_CURVE('',#1601,#1601,#766,.T.);
#1995=EDGE_CURVE('',#1602,#1602,#767,.T.);
#1996=EDGE_CURVE('',#1603,#1603,#768,.T.);
#1997=EDGE_CURVE('',#1604,#1604,#769,.T.);
#1998=EDGE_CURVE('',#1605,#1605,#770,.T.);
#1999=EDGE_CURVE('',#1541,#1606,#978,.T.);
#2000=EDGE_CURVE('',#1606,#1545,#979,.T.);
#2001=EDGE_CURVE('',#1607,#1607,#771,.T.);
#2002=EDGE_CURVE('',#1608,#1608,#772,.T.);
#2003=EDGE_CURVE('',#1608,#1601,#980,.T.);
#2004=EDGE_CURVE('',#1609,#1609,#773,.T.);
#2005=EDGE_CURVE('',#1609,#1602,#981,.T.);
#2006=EDGE_CURVE('',#1610,#1610,#774,.T.);
#2007=EDGE_CURVE('',#1610,#1603,#982,.T.);
#2008=EDGE_CURVE('',#1611,#1611,#775,.T.);
#2009=EDGE_CURVE('',#1611,#1604,#983,.T.);
#2010=EDGE_CURVE('',#1612,#1612,#776,.F.);
#2011=EDGE_CURVE('',#1613,#1613,#777,.F.);
#2012=EDGE_CURVE('',#1614,#1614,#778,.F.);
#2013=EDGE_CURVE('',#1598,#1548,#984,.T.);
#2014=EDGE_CURVE('',#1615,#1562,#985,.T.);
#2015=EDGE_CURVE('',#1616,#1615,#155,.T.);
#2016=EDGE_CURVE('',#1616,#1560,#986,.T.);
#2017=EDGE_CURVE('',#1617,#1616,#156,.T.);
#2018=EDGE_CURVE('',#1558,#1617,#987,.T.);
#2019=EDGE_CURVE('',#1618,#1617,#157,.T.);
#2020=EDGE_CURVE('',#1618,#1556,#988,.T.);
#2021=EDGE_CURVE('',#1619,#1618,#158,.T.);
#2022=EDGE_CURVE('',#1554,#1619,#989,.T.);
#2023=EDGE_CURVE('',#1620,#1620,#779,.T.);
#2024=EDGE_CURVE('',#1620,#1621,#990,.T.);
#2025=EDGE_CURVE('',#1621,#1622,#780,.T.);
#2026=EDGE_CURVE('',#1622,#1623,#781,.T.);
#2027=EDGE_CURVE('',#1623,#1624,#782,.T.);
#2028=EDGE_CURVE('',#1624,#1621,#783,.T.);
#2029=EDGE_CURVE('',#1625,#1625,#784,.T.);
#2030=EDGE_CURVE('',#1625,#1626,#991,.T.);
#2031=EDGE_CURVE('',#1626,#1627,#785,.T.);
#2032=EDGE_CURVE('',#1627,#1628,#786,.T.);
#2033=EDGE_CURVE('',#1628,#1629,#787,.T.);
#2034=EDGE_CURVE('',#1629,#1626,#788,.T.);
#2035=EDGE_CURVE('',#1630,#1630,#789,.T.);
#2036=EDGE_CURVE('',#1630,#1631,#992,.T.);
#2037=EDGE_CURVE('',#1631,#1632,#790,.T.);
#2038=EDGE_CURVE('',#1632,#1633,#791,.T.);
#2039=EDGE_CURVE('',#1633,#1634,#792,.T.);
#2040=EDGE_CURVE('',#1634,#1631,#793,.T.);
#2041=EDGE_CURVE('',#1635,#1606,#993,.T.);
#2042=EDGE_CURVE('',#1546,#1635,#994,.T.);
#2043=EDGE_CURVE('',#1636,#1636,#794,.T.);
#2044=EDGE_CURVE('',#1636,#1637,#995,.T.);
#2045=EDGE_CURVE('',#1637,#1638,#795,.T.);
#2046=EDGE_CURVE('',#1638,#1639,#796,.T.);
#2047=EDGE_CURVE('',#1639,#1640,#797,.T.);
#2048=EDGE_CURVE('',#1640,#1637,#798,.T.);
#2049=EDGE_CURVE('',#1641,#1642,#996,.T.);
#2050=EDGE_CURVE('',#1642,#1643,#799,.T.);
#2051=EDGE_CURVE('',#1643,#1641,#800,.T.);
#2052=EDGE_CURVE('',#1644,#1645,#997,.T.);
#2053=EDGE_CURVE('',#1645,#1646,#801,.T.);
#2054=EDGE_CURVE('',#1646,#1644,#802,.T.);
#2055=EDGE_CURVE('',#1647,#1648,#803,.T.);
#2056=EDGE_CURVE('',#1648,#1649,#804,.T.);
#2057=EDGE_CURVE('',#1649,#1647,#998,.T.);
#2058=EDGE_CURVE('',#1650,#1651,#805,.T.);
#2059=EDGE_CURVE('',#1651,#1652,#806,.T.);
#2060=EDGE_CURVE('',#1652,#1650,#999,.T.);
#2061=EDGE_CURVE('',#1653,#1654,#807,.T.);
#2062=EDGE_CURVE('',#1654,#1653,#1000,.T.);
#2063=EDGE_CURVE('',#1655,#1656,#808,.T.);
#2064=EDGE_CURVE('',#1656,#1655,#1001,.T.);
#2065=EDGE_CURVE('',#1657,#1658,#1002,.T.);
#2066=EDGE_CURVE('',#1658,#1657,#809,.T.);
#2067=EDGE_CURVE('',#1659,#1660,#1003,.T.);
#2068=EDGE_CURVE('',#1660,#1659,#810,.T.);
#2069=EDGE_CURVE('',#1661,#1662,#1004,.T.);
#2070=EDGE_CURVE('',#1662,#1663,#1005,.T.);
#2071=EDGE_CURVE('',#1663,#1664,#1006,.T.);
#2072=EDGE_CURVE('',#1664,#1661,#811,.T.);
#2073=EDGE_CURVE('',#1664,#1644,#1007,.T.);
#2074=EDGE_CURVE('',#1665,#1663,#1008,.T.);
#2075=EDGE_CURVE('',#1626,#1665,#1009,.T.);
#2076=EDGE_CURVE('',#1666,#1626,#1010,.T.);
#2077=EDGE_CURVE('',#1667,#1666,#1011,.T.);
#2078=EDGE_CURVE('',#1668,#1667,#1012,.T.);
#2079=EDGE_CURVE('',#1668,#1645,#1013,.T.);
#2080=EDGE_CURVE('',#1669,#1656,#1014,.T.);
#2081=EDGE_CURVE('',#1670,#1669,#1015,.T.);
#2082=EDGE_CURVE('',#1671,#1670,#1016,.T.);
#2083=EDGE_CURVE('',#1628,#1671,#1017,.T.);
#2084=EDGE_CURVE('',#1672,#1628,#1018,.T.);
#2085=EDGE_CURVE('',#1662,#1672,#1019,.T.);
#2086=EDGE_CURVE('',#1661,#1655,#1020,.T.);
#2087=EDGE_CURVE('',#1673,#1674,#1021,.T.);
#2088=EDGE_CURVE('',#1674,#1675,#812,.T.);
#2089=EDGE_CURVE('',#1675,#1676,#1022,.T.);
#2090=EDGE_CURVE('',#1676,#1673,#1023,.T.);
#2091=EDGE_CURVE('',#1677,#1678,#1024,.T.);
#2092=EDGE_CURVE('',#1678,#1679,#813,.T.);
#2093=EDGE_CURVE('',#1679,#1680,#1025,.T.);
#2094=EDGE_CURVE('',#1680,#1677,#1026,.T.);
#2095=EDGE_CURVE('',#1678,#1657,#1027,.T.);
#2096=EDGE_CURVE('',#1681,#1677,#1028,.T.);
#2097=EDGE_CURVE('',#1633,#1681,#1029,.T.);
#2098=EDGE_CURVE('',#1682,#1633,#1030,.T.);
#2099=EDGE_CURVE('',#1683,#1682,#1031,.T.);
#2100=EDGE_CURVE('',#1684,#1683,#1032,.T.);
#2101=EDGE_CURVE('',#1684,#1658,#1033,.T.);
#2102=EDGE_CURVE('',#1685,#1649,#1034,.T.);
#2103=EDGE_CURVE('',#1686,#1685,#1035,.T.);
#2104=EDGE_CURVE('',#1687,#1686,#1036,.T.);
#2105=EDGE_CURVE('',#1631,#1687,#1037,.T.);
#2106=EDGE_CURVE('',#1688,#1631,#1038,.T.);
#2107=EDGE_CURVE('',#1680,#1688,#1039,.T.);
#2108=EDGE_CURVE('',#1679,#1647,#1040,.T.);
#2109=EDGE_CURVE('',#1689,#1690,#1041,.T.);
#2110=EDGE_CURVE('',#1690,#1691,#814,.T.);
#2111=EDGE_CURVE('',#1691,#1692,#1042,.T.);
#2112=EDGE_CURVE('',#1692,#1689,#1043,.T.);
#2113=EDGE_CURVE('',#1667,#1670,#1044,.T.);
#2114=EDGE_CURVE('',#1669,#1668,#815,.T.);
#2115=EDGE_CURVE('',#1693,#1694,#1045,.T.);
#2116=EDGE_CURVE('',#1694,#1695,#1046,.T.);
#2117=EDGE_CURVE('',#1695,#1696,#1047,.T.);
#2118=EDGE_CURVE('',#1696,#1693,#816,.T.);
#2119=EDGE_CURVE('',#1696,#1652,#1048,.T.);
#2120=EDGE_CURVE('',#1697,#1695,#1049,.T.);
#2121=EDGE_CURVE('',#1621,#1697,#1050,.T.);
#2122=EDGE_CURVE('',#1698,#1621,#1051,.T.);
#2123=EDGE_CURVE('',#1676,#1698,#1052,.T.);
#2124=EDGE_CURVE('',#1675,#1650,#1053,.T.);
#2125=EDGE_CURVE('',#1674,#1659,#1054,.T.);
#2126=EDGE_CURVE('',#1699,#1673,#1055,.T.);
#2127=EDGE_CURVE('',#1623,#1699,#1056,.T.);
#2128=EDGE_CURVE('',#1700,#1623,#1057,.T.);
#2129=EDGE_CURVE('',#1694,#1700,#1058,.T.);
#2130=EDGE_CURVE('',#1693,#1660,#1059,.T.);
#2131=EDGE_CURVE('',#1683,#1686,#1060,.T.);
#2132=EDGE_CURVE('',#1685,#1684,#817,.T.);
#2133=EDGE_CURVE('',#1701,#1702,#1061,.T.);
#2134=EDGE_CURVE('',#1702,#1703,#1062,.T.);
#2135=EDGE_CURVE('',#1703,#1704,#818,.T.);
#2136=EDGE_CURVE('',#1704,#1701,#1063,.T.);
#2137=EDGE_CURVE('',#1703,#1654,#1064,.T.);
#2138=EDGE_CURVE('',#1705,#1702,#1065,.T.);
#2139=EDGE_CURVE('',#1639,#1705,#1066,.T.);
#2140=EDGE_CURVE('',#1706,#1639,#1067,.T.);
#2141=EDGE_CURVE('',#1692,#1706,#1068,.T.);
#2142=EDGE_CURVE('',#1691,#1653,#1069,.T.);
#2143=EDGE_CURVE('',#1690,#1641,#1070,.T.);
#2144=EDGE_CURVE('',#1707,#1689,#1071,.T.);
#2145=EDGE_CURVE('',#1637,#1707,#1072,.T.);
#2146=EDGE_CURVE('',#1708,#1637,#1073,.T.);
#2147=EDGE_CURVE('',#1701,#1708,#1074,.T.);
#2148=EDGE_CURVE('',#1704,#1642,#1075,.T.);
#2149=EDGE_CURVE('',#1699,#1624,#1076,.T.);
#2150=EDGE_CURVE('',#1624,#1698,#1077,.T.);
#2151=EDGE_CURVE('',#1622,#1700,#1078,.T.);
#2152=EDGE_CURVE('',#1697,#1622,#1079,.T.);
#2153=EDGE_CURVE('',#1638,#1706,#1080,.T.);
#2154=EDGE_CURVE('',#1707,#1638,#1081,.T.);
#2155=EDGE_CURVE('',#1705,#1640,#1082,.T.);
#2156=EDGE_CURVE('',#1640,#1708,#1083,.T.);
#2157=EDGE_CURVE('',#1629,#1666,#1084,.T.);
#2158=EDGE_CURVE('',#1671,#1629,#1085,.T.);
#2159=EDGE_CURVE('',#1627,#1672,#1086,.T.);
#2160=EDGE_CURVE('',#1665,#1627,#1087,.T.);
#2161=EDGE_CURVE('',#1632,#1682,#1088,.T.);
#2162=EDGE_CURVE('',#1687,#1632,#1089,.T.);
#2163=EDGE_CURVE('',#1634,#1688,#1090,.T.);
#2164=EDGE_CURVE('',#1681,#1634,#1091,.T.);
#2165=EDGE_CURVE('',#1709,#1710,#80,.T.);
#2166=EDGE_CURVE('',#1711,#1710,#819,.T.);
#2167=EDGE_CURVE('',#1711,#1712,#820,.T.);
#2168=EDGE_CURVE('',#1709,#1712,#821,.T.);
#2169=EDGE_CURVE('',#1713,#1714,#1092,.T.);
#2170=EDGE_CURVE('',#1715,#1713,#159,.T.);
#2171=EDGE_CURVE('',#1716,#1715,#1093,.T.);
#2172=EDGE_CURVE('',#1716,#1714,#822,.T.);
#2173=EDGE_CURVE('',#1712,#1717,#1094,.T.);
#2174=EDGE_CURVE('',#1718,#1711,#1095,.T.);
#2175=EDGE_CURVE('',#1718,#1717,#81,.T.);
#2176=EDGE_CURVE('',#1719,#1720,#82,.T.);
#2177=EDGE_CURVE('',#1714,#1720,#823,.T.);
#2178=EDGE_CURVE('',#1719,#1716,#824,.T.);
#2179=EDGE_CURVE('',#1709,#1721,#825,.T.);
#2180=EDGE_CURVE('',#1717,#1721,#826,.T.);
#2181=EDGE_CURVE('',#1722,#1720,#827,.T.);
#2182=EDGE_CURVE('',#1722,#1713,#828,.T.);
#2183=EDGE_CURVE('',#1722,#1723,#83,.T.);
#2184=EDGE_CURVE('',#1723,#1721,#84,.T.);
#2185=EDGE_CURVE('',#1715,#1718,#829,.T.);
#2186=EDGE_CURVE('',#1724,#1725,#830,.T.);
#2187=EDGE_CURVE('',#1724,#1726,#831,.T.);
#2188=EDGE_CURVE('',#1726,#1727,#1096,.T.);
#2189=EDGE_CURVE('',#1727,#1725,#832,.T.);
#2190=EDGE_CURVE('',#1724,#1728,#85,.T.);
#2191=EDGE_CURVE('',#1729,#1728,#833,.T.);
#2192=EDGE_CURVE('',#1729,#1726,#834,.T.);
#2193=EDGE_CURVE('',#1730,#1731,#1097,.T.);
#2194=EDGE_CURVE('',#1732,#1730,#86,.T.);
#2195=EDGE_CURVE('',#1733,#1732,#1098,.T.);
#2196=EDGE_CURVE('',#1733,#1731,#835,.T.);
#2197=EDGE_CURVE('',#1734,#1729,#1099,.T.);
#2198=EDGE_CURVE('',#1734,#1727,#160,.T.);
#2199=EDGE_CURVE('',#1735,#1736,#87,.T.);
#2200=EDGE_CURVE('',#1737,#1736,#836,.T.);
#2201=EDGE_CURVE('',#1737,#1738,#88,.T.);
#2202=EDGE_CURVE('',#1735,#1738,#837,.T.);
#2203=EDGE_CURVE('',#1739,#1740,#89,.T.);
#2204=EDGE_CURVE('',#1731,#1740,#838,.T.);
#2205=EDGE_CURVE('',#1739,#1733,#839,.T.);
#2206=EDGE_CURVE('',#1741,#1736,#840,.T.);
#2207=EDGE_CURVE('',#1741,#1742,#841,.T.);
#2208=EDGE_CURVE('',#1737,#1742,#842,.T.);
#2209=EDGE_CURVE('',#1743,#1740,#843,.T.);
#2210=EDGE_CURVE('',#1743,#1730,#844,.T.);
#2211=EDGE_CURVE('',#1741,#1725,#90,.T.);
#2212=EDGE_CURVE('',#1732,#1734,#845,.T.);
#2213=EDGE_CURVE('',#1743,#1742,#91,.T.);
#2214=EDGE_CURVE('',#1744,#1745,#1100,.T.);
#2215=EDGE_CURVE('',#1744,#1746,#1101,.T.);
#2216=EDGE_CURVE('',#1746,#1747,#1102,.T.);
#2217=EDGE_CURVE('',#1748,#1747,#1103,.T.);
#2218=EDGE_CURVE('',#1749,#1748,#1104,.T.);
#2219=EDGE_CURVE('',#1749,#1745,#1105,.T.);
#2220=EDGE_CURVE('',#1750,#1744,#92,.T.);
#2221=EDGE_CURVE('',#1751,#1750,#1106,.T.);
#2222=EDGE_CURVE('',#1746,#1751,#93,.T.);
#2223=EDGE_CURVE('',#1752,#1750,#1107,.T.);
#2224=EDGE_CURVE('',#1753,#1752,#1108,.T.);
#2225=EDGE_CURVE('',#1751,#1753,#1109,.T.);
#2226=EDGE_CURVE('',#1754,#1619,#1110,.T.);
#2227=EDGE_CURVE('',#1755,#1754,#1111,.T.);
#2228=EDGE_CURVE('',#1756,#1755,#1112,.T.);
#2229=EDGE_CURVE('',#1756,#1619,#1113,.T.);
#2230=EDGE_CURVE('',#1745,#1757,#94,.T.);
#2231=EDGE_CURVE('',#1758,#1749,#95,.T.);
#2232=EDGE_CURVE('',#1758,#1757,#1114,.T.);
#2233=EDGE_CURVE('',#1757,#1759,#96,.T.);
#2234=EDGE_CURVE('',#1760,#1758,#97,.T.);
#2235=EDGE_CURVE('',#1760,#1759,#1115,.T.);
#2236=EDGE_CURVE('',#1759,#1761,#98,.T.);
#2237=EDGE_CURVE('',#1762,#1760,#99,.T.);
#2238=EDGE_CURVE('',#1762,#1761,#1116,.T.);
#2239=EDGE_CURVE('',#1761,#1763,#100,.T.);
#2240=EDGE_CURVE('',#1764,#1762,#101,.T.);
#2241=EDGE_CURVE('',#1764,#1763,#1117,.T.);
#2242=EDGE_CURVE('',#1763,#1765,#1118,.T.);
#2243=EDGE_CURVE('',#1764,#1766,#1119,.T.);
#2244=EDGE_CURVE('',#1767,#1766,#1120,.T.);
#2245=EDGE_CURVE('',#1768,#1767,#1121,.T.);
#2246=EDGE_CURVE('',#1768,#1765,#1122,.T.);
#2247=EDGE_CURVE('',#1765,#1754,#102,.T.);
#2248=EDGE_CURVE('',#1755,#1768,#103,.T.);
#2249=EDGE_CURVE('',#1755,#1769,#104,.T.);
#2250=EDGE_CURVE('',#1769,#1751,#105,.T.);
#2251=EDGE_CURVE('',#1753,#1770,#161,.T.);
#2252=EDGE_CURVE('',#1770,#1756,#162,.T.);
#2253=EDGE_CURVE('',#1771,#1748,#106,.T.);
#2254=EDGE_CURVE('',#1747,#1772,#107,.T.);
#2255=EDGE_CURVE('',#1772,#1767,#108,.T.);
#2256=EDGE_CURVE('',#1766,#1771,#109,.T.);
#2257=EDGE_CURVE('',#1760,#1771,#1123,.T.);
#2258=EDGE_CURVE('',#1769,#1772,#1124,.T.);
#2259=EDGE_CURVE('',#1773,#1774,#1125,.T.);
#2260=EDGE_CURVE('',#1775,#1774,#1126,.T.);
#2261=EDGE_CURVE('',#1776,#1775,#1127,.T.);
#2262=EDGE_CURVE('',#1777,#1776,#1128,.T.);
#2263=EDGE_CURVE('',#1777,#1773,#1129,.T.);
#2264=EDGE_CURVE('',#1778,#1779,#1130,.T.);
#2265=EDGE_CURVE('',#1780,#1779,#1131,.T.);
#2266=EDGE_CURVE('',#1780,#1773,#846,.T.);
#2267=EDGE_CURVE('',#1778,#1777,#1132,.T.);
#2268=EDGE_CURVE('',#1781,#1782,#1133,.T.);
#2269=EDGE_CURVE('',#1783,#1782,#1134,.T.);
#2270=EDGE_CURVE('',#1784,#1783,#1135,.T.);
#2271=EDGE_CURVE('',#1784,#1785,#1136,.T.);
#2272=EDGE_CURVE('',#1785,#1781,#1137,.T.);
#2273=EDGE_CURVE('',#1776,#1480,#1138,.T.);
#2274=EDGE_CURVE('',#1775,#1481,#1139,.T.);
#2275=EDGE_CURVE('',#1786,#1470,#861,.T.);
#2276=EDGE_CURVE('',#1775,#1787,#1140,.T.);
#2277=EDGE_CURVE('',#1786,#1787,#1141,.F.);
#2278=EDGE_CURVE('',#1774,#1788,#862,.T.);
#2279=EDGE_CURVE('',#1788,#1787,#1142,.T.);
#2280=EDGE_CURVE('',#1789,#1781,#863,.T.);
#2281=EDGE_CURVE('',#1785,#1790,#1143,.T.);
#2282=EDGE_CURVE('',#1789,#1790,#1144,.T.);
#2283=EDGE_CURVE('',#1469,#1786,#864,.T.);
#2284=EDGE_CURVE('',#1788,#1791,#865,.T.);
#2285=EDGE_CURVE('',#1471,#1791,#1145,.T.);
#2286=EDGE_CURVE('',#1791,#1792,#847,.T.);
#2287=EDGE_CURVE('',#1472,#1792,#1146,.T.);
#2288=EDGE_CURVE('',#1792,#1780,#1147,.T.);
#2289=EDGE_CURVE('',#1793,#1779,#848,.T.);
#2290=EDGE_CURVE('',#1793,#1794,#1148,.T.);
#2291=EDGE_CURVE('',#1794,#1795,#1149,.T.);
#2292=EDGE_CURVE('',#1795,#1473,#1150,.T.);
#2293=EDGE_CURVE('',#1796,#1789,#866,.T.);
#2294=EDGE_CURVE('',#1795,#1796,#849,.T.);
#2295=EDGE_CURVE('',#1782,#1794,#850,.T.);
#2296=EDGE_CURVE('',#1796,#1474,#1151,.T.);
#2297=EDGE_CURVE('',#1790,#1475,#1152,.F.);
#2298=EDGE_CURVE('',#1476,#1785,#1153,.T.);
#2299=EDGE_CURVE('',#1477,#1784,#1154,.T.);
#2300=EDGE_CURVE('',#1615,#1797,#163,.T.);
#2301=EDGE_CURVE('',#1797,#1752,#164,.T.);
#2302=EDGE_CURVE('',#1635,#1544,#1155,.T.);
#2303=EDGE_CURVE('',#1710,#1719,#851,.T.);
#2304=EDGE_CURVE('',#1728,#1798,#852,.T.);
#2305=EDGE_CURVE('',#1798,#1735,#853,.T.);
#2306=EDGE_CURVE('',#1738,#1799,#854,.T.);
#2307=EDGE_CURVE('',#1799,#1739,#855,.T.);
#2308=EDGE_CURVE('',#1800,#1778,#856,.T.);
#2309=EDGE_CURVE('',#1783,#1800,#1156,.T.);
#2310=EDGE_CURVE('',#1793,#1800,#1157,.T.);
#2311=EDGE_CURVE('',#1646,#1600,#1158,.T.);
#2312=EDGE_CURVE('',#1648,#1605,#1159,.T.);
#2313=EDGE_CURVE('',#1651,#1599,#1160,.T.);
#2314=EDGE_CURVE('',#1643,#1607,#1161,.T.);
#2315=EDGE_CURVE('',#1723,#1614,#1162,.T.);
#2316=EDGE_CURVE('',#1799,#1613,#1163,.T.);
#2317=EDGE_CURVE('',#1798,#1612,#1164,.T.);
#2318=EDGE_CURVE('',#1770,#1552,#1165,.T.);
#2319=EDGE_CURVE('',#1752,#1549,#1166,.T.);
#2320=EDGE_CURVE('',#1550,#1797,#1167,.T.);
#2321=ORIENTED_EDGE('',*,*,#1801,.F.);
#2322=ORIENTED_EDGE('',*,*,#1802,.F.);
#2323=ORIENTED_EDGE('',*,*,#1803,.F.);
#2324=ORIENTED_EDGE('',*,*,#1804,.F.);
#2325=ORIENTED_EDGE('',*,*,#1805,.F.);
#2326=ORIENTED_EDGE('',*,*,#1806,.F.);
#2327=ORIENTED_EDGE('',*,*,#1807,.F.);
#2328=ORIENTED_EDGE('',*,*,#1808,.F.);
#2329=ORIENTED_EDGE('',*,*,#1809,.F.);
#2330=ORIENTED_EDGE('',*,*,#1810,.T.);
#2331=ORIENTED_EDGE('',*,*,#1811,.F.);
#2332=ORIENTED_EDGE('',*,*,#1810,.F.);
#2333=ORIENTED_EDGE('',*,*,#1812,.F.);
#2334=ORIENTED_EDGE('',*,*,#1813,.F.);
#2335=ORIENTED_EDGE('',*,*,#1814,.F.);
#2336=ORIENTED_EDGE('',*,*,#1815,.F.);
#2337=ORIENTED_EDGE('',*,*,#1816,.T.);
#2338=ORIENTED_EDGE('',*,*,#1817,.T.);
#2339=ORIENTED_EDGE('',*,*,#1818,.F.);
#2340=ORIENTED_EDGE('',*,*,#1819,.F.);
#2341=ORIENTED_EDGE('',*,*,#1820,.T.);
#2342=ORIENTED_EDGE('',*,*,#1821,.T.);
#2343=ORIENTED_EDGE('',*,*,#1816,.F.);
#2344=ORIENTED_EDGE('',*,*,#1822,.F.);
#2345=ORIENTED_EDGE('',*,*,#1823,.T.);
#2346=ORIENTED_EDGE('',*,*,#1824,.T.);
#2347=ORIENTED_EDGE('',*,*,#1820,.F.);
#2348=ORIENTED_EDGE('',*,*,#1825,.F.);
#2349=ORIENTED_EDGE('',*,*,#1826,.T.);
#2350=ORIENTED_EDGE('',*,*,#1827,.T.);
#2351=ORIENTED_EDGE('',*,*,#1828,.F.);
#2352=ORIENTED_EDGE('',*,*,#1829,.F.);
#2353=ORIENTED_EDGE('',*,*,#1818,.T.);
#2354=ORIENTED_EDGE('',*,*,#1830,.T.);
#2355=ORIENTED_EDGE('',*,*,#1826,.F.);
#2356=ORIENTED_EDGE('',*,*,#1830,.F.);
#2357=ORIENTED_EDGE('',*,*,#1817,.F.);
#2358=ORIENTED_EDGE('',*,*,#1821,.F.);
#2359=ORIENTED_EDGE('',*,*,#1824,.F.);
#2360=ORIENTED_EDGE('',*,*,#1831,.F.);
#2361=ORIENTED_EDGE('',*,*,#1832,.F.);
#2362=ORIENTED_EDGE('',*,*,#1827,.F.);
#2363=ORIENTED_EDGE('',*,*,#1833,.F.);
#2364=ORIENTED_EDGE('',*,*,#1834,.T.);
#2365=ORIENTED_EDGE('',*,*,#1835,.T.);
#2366=ORIENTED_EDGE('',*,*,#1836,.F.);
#2367=ORIENTED_EDGE('',*,*,#1837,.F.);
#2368=ORIENTED_EDGE('',*,*,#1838,.T.);
#2369=ORIENTED_EDGE('',*,*,#1839,.T.);
#2370=ORIENTED_EDGE('',*,*,#1834,.F.);
#2371=ORIENTED_EDGE('',*,*,#1840,.F.);
#2372=ORIENTED_EDGE('',*,*,#1841,.T.);
#2373=ORIENTED_EDGE('',*,*,#1842,.T.);
#2374=ORIENTED_EDGE('',*,*,#1838,.F.);
#2375=ORIENTED_EDGE('',*,*,#1843,.F.);
#2376=ORIENTED_EDGE('',*,*,#1844,.T.);
#2377=ORIENTED_EDGE('',*,*,#1845,.T.);
#2378=ORIENTED_EDGE('',*,*,#1841,.F.);
#2379=ORIENTED_EDGE('',*,*,#1846,.F.);
#2380=ORIENTED_EDGE('',*,*,#1828,.T.);
#2381=ORIENTED_EDGE('',*,*,#1832,.T.);
#2382=ORIENTED_EDGE('',*,*,#1847,.T.);
#2383=ORIENTED_EDGE('',*,*,#1848,.T.);
#2384=ORIENTED_EDGE('',*,*,#1844,.F.);
#2385=ORIENTED_EDGE('',*,*,#1831,.T.);
#2386=ORIENTED_EDGE('',*,*,#1849,.T.);
#2387=ORIENTED_EDGE('',*,*,#1850,.T.);
#2388=ORIENTED_EDGE('',*,*,#1847,.F.);
#2389=ORIENTED_EDGE('',*,*,#1851,.F.);
#2390=ORIENTED_EDGE('',*,*,#1852,.T.);
#2391=ORIENTED_EDGE('',*,*,#1853,.T.);
#2392=ORIENTED_EDGE('',*,*,#1849,.F.);
#2393=ORIENTED_EDGE('',*,*,#1823,.F.);
#2394=ORIENTED_EDGE('',*,*,#1854,.F.);
#2395=ORIENTED_EDGE('',*,*,#1855,.T.);
#2396=ORIENTED_EDGE('',*,*,#1856,.T.);
#2397=ORIENTED_EDGE('',*,*,#1852,.F.);
#2398=ORIENTED_EDGE('',*,*,#1857,.F.);
#2399=ORIENTED_EDGE('',*,*,#1858,.T.);
#2400=ORIENTED_EDGE('',*,*,#1859,.T.);
#2401=ORIENTED_EDGE('',*,*,#1855,.F.);
#2402=ORIENTED_EDGE('',*,*,#1860,.F.);
#2403=ORIENTED_EDGE('',*,*,#1861,.T.);
#2404=ORIENTED_EDGE('',*,*,#1862,.T.);
#2405=ORIENTED_EDGE('',*,*,#1858,.F.);
#2406=ORIENTED_EDGE('',*,*,#1863,.F.);
#2407=ORIENTED_EDGE('',*,*,#1864,.T.);
#2408=ORIENTED_EDGE('',*,*,#1865,.T.);
#2409=ORIENTED_EDGE('',*,*,#1861,.F.);
#2410=ORIENTED_EDGE('',*,*,#1866,.F.);
#2411=ORIENTED_EDGE('',*,*,#1836,.T.);
#2412=ORIENTED_EDGE('',*,*,#1867,.T.);
#2413=ORIENTED_EDGE('',*,*,#1864,.F.);
#2414=ORIENTED_EDGE('',*,*,#1867,.F.);
#2415=ORIENTED_EDGE('',*,*,#1835,.F.);
#2416=ORIENTED_EDGE('',*,*,#1839,.F.);
#2417=ORIENTED_EDGE('',*,*,#1842,.F.);
#2418=ORIENTED_EDGE('',*,*,#1845,.F.);
#2419=ORIENTED_EDGE('',*,*,#1848,.F.);
#2420=ORIENTED_EDGE('',*,*,#1850,.F.);
#2421=ORIENTED_EDGE('',*,*,#1853,.F.);
#2422=ORIENTED_EDGE('',*,*,#1856,.F.);
#2423=ORIENTED_EDGE('',*,*,#1859,.F.);
#2424=ORIENTED_EDGE('',*,*,#1862,.F.);
#2425=ORIENTED_EDGE('',*,*,#1865,.F.);
#2426=ORIENTED_EDGE('',*,*,#1868,.F.);
#2427=ORIENTED_EDGE('',*,*,#1869,.T.);
#2428=ORIENTED_EDGE('',*,*,#1870,.T.);
#2429=ORIENTED_EDGE('',*,*,#1871,.F.);
#2430=ORIENTED_EDGE('',*,*,#1872,.F.);
#2431=ORIENTED_EDGE('',*,*,#1873,.T.);
#2432=ORIENTED_EDGE('',*,*,#1874,.T.);
#2433=ORIENTED_EDGE('',*,*,#1869,.F.);
#2434=ORIENTED_EDGE('',*,*,#1875,.T.);
#2435=ORIENTED_EDGE('',*,*,#1876,.T.);
#2436=ORIENTED_EDGE('',*,*,#1877,.F.);
#2437=ORIENTED_EDGE('',*,*,#1878,.F.);
#2438=ORIENTED_EDGE('',*,*,#1879,.T.);
#2439=ORIENTED_EDGE('',*,*,#1880,.T.);
#2440=ORIENTED_EDGE('',*,*,#1873,.F.);
#2441=ORIENTED_EDGE('',*,*,#1881,.F.);
#2442=ORIENTED_EDGE('',*,*,#1882,.F.);
#2443=ORIENTED_EDGE('',*,*,#1871,.T.);
#2444=ORIENTED_EDGE('',*,*,#1883,.T.);
#2445=ORIENTED_EDGE('',*,*,#1879,.F.);
#2446=ORIENTED_EDGE('',*,*,#1883,.F.);
#2447=ORIENTED_EDGE('',*,*,#1870,.F.);
#2448=ORIENTED_EDGE('',*,*,#1874,.F.);
#2449=ORIENTED_EDGE('',*,*,#1880,.F.);
#2450=ORIENTED_EDGE('',*,*,#1884,.F.);
#2451=ORIENTED_EDGE('',*,*,#1885,.F.);
#2452=ORIENTED_EDGE('',*,*,#1886,.T.);
#2453=ORIENTED_EDGE('',*,*,#1887,.T.);
#2454=ORIENTED_EDGE('',*,*,#1875,.F.);
#2455=ORIENTED_EDGE('',*,*,#1888,.F.);
#2456=ORIENTED_EDGE('',*,*,#1889,.F.);
#2457=ORIENTED_EDGE('',*,*,#1890,.F.);
#2458=ORIENTED_EDGE('',*,*,#1891,.F.);
#2459=ORIENTED_EDGE('',*,*,#1892,.T.);
#2460=ORIENTED_EDGE('',*,*,#1893,.T.);
#2461=ORIENTED_EDGE('',*,*,#1886,.F.);
#2462=ORIENTED_EDGE('',*,*,#1894,.F.);
#2463=ORIENTED_EDGE('',*,*,#1895,.F.);
#2464=ORIENTED_EDGE('',*,*,#1896,.F.);
#2465=ORIENTED_EDGE('',*,*,#1897,.F.);
#2466=ORIENTED_EDGE('',*,*,#1877,.T.);
#2467=ORIENTED_EDGE('',*,*,#1898,.T.);
#2468=ORIENTED_EDGE('',*,*,#1892,.F.);
#2469=ORIENTED_EDGE('',*,*,#1899,.F.);
#2470=ORIENTED_EDGE('',*,*,#1887,.F.);
#2471=ORIENTED_EDGE('',*,*,#1893,.F.);
#2472=ORIENTED_EDGE('',*,*,#1898,.F.);
#2473=ORIENTED_EDGE('',*,*,#1876,.F.);
#2474=ORIENTED_EDGE('',*,*,#1894,.T.);
#2475=ORIENTED_EDGE('',*,*,#1900,.F.);
#2476=ORIENTED_EDGE('',*,*,#1896,.T.);
#2477=ORIENTED_EDGE('',*,*,#1901,.T.);
#2478=ORIENTED_EDGE('',*,*,#1890,.T.);
#2479=ORIENTED_EDGE('',*,*,#1902,.F.);
#2480=ORIENTED_EDGE('',*,*,#1884,.T.);
#2481=ORIENTED_EDGE('',*,*,#1902,.T.);
#2482=ORIENTED_EDGE('',*,*,#1889,.T.);
#2483=ORIENTED_EDGE('',*,*,#1903,.F.);
#2484=ORIENTED_EDGE('',*,*,#1904,.T.);
#2485=ORIENTED_EDGE('',*,*,#1905,.F.);
#2486=ORIENTED_EDGE('',*,*,#1906,.T.);
#2487=ORIENTED_EDGE('',*,*,#1907,.F.);
#2488=ORIENTED_EDGE('',*,*,#1905,.T.);
#2489=ORIENTED_EDGE('',*,*,#1908,.F.);
#2490=ORIENTED_EDGE('',*,*,#1909,.F.);
#2491=ORIENTED_EDGE('',*,*,#1910,.F.);
#2492=ORIENTED_EDGE('',*,*,#1911,.F.);
#2493=ORIENTED_EDGE('',*,*,#1912,.F.);
#2494=ORIENTED_EDGE('',*,*,#1913,.T.);
#2495=ORIENTED_EDGE('',*,*,#1914,.T.);
#2496=ORIENTED_EDGE('',*,*,#1915,.F.);
#2497=ORIENTED_EDGE('',*,*,#1916,.F.);
#2498=ORIENTED_EDGE('',*,*,#1917,.T.);
#2499=ORIENTED_EDGE('',*,*,#1912,.T.);
#2500=ORIENTED_EDGE('',*,*,#1918,.F.);
#2501=ORIENTED_EDGE('',*,*,#1919,.F.);
#2502=ORIENTED_EDGE('',*,*,#1920,.T.);
#2503=ORIENTED_EDGE('',*,*,#1916,.T.);
#2504=ORIENTED_EDGE('',*,*,#1921,.F.);
#2505=ORIENTED_EDGE('',*,*,#1922,.F.);
#2506=ORIENTED_EDGE('',*,*,#1923,.T.);
#2507=ORIENTED_EDGE('',*,*,#1919,.T.);
#2508=ORIENTED_EDGE('',*,*,#1924,.F.);
#2509=ORIENTED_EDGE('',*,*,#1925,.F.);
#2510=ORIENTED_EDGE('',*,*,#1926,.T.);
#2511=ORIENTED_EDGE('',*,*,#1922,.T.);
#2512=ORIENTED_EDGE('',*,*,#1927,.F.);
#2513=ORIENTED_EDGE('',*,*,#1928,.F.);
#2514=ORIENTED_EDGE('',*,*,#1929,.T.);
#2515=ORIENTED_EDGE('',*,*,#1925,.T.);
#2516=ORIENTED_EDGE('',*,*,#1930,.F.);
#2517=ORIENTED_EDGE('',*,*,#1931,.F.);
#2518=ORIENTED_EDGE('',*,*,#1932,.T.);
#2519=ORIENTED_EDGE('',*,*,#1928,.T.);
#2520=ORIENTED_EDGE('',*,*,#1933,.F.);
#2521=ORIENTED_EDGE('',*,*,#1914,.F.);
#2522=ORIENTED_EDGE('',*,*,#1934,.T.);
#2523=ORIENTED_EDGE('',*,*,#1931,.T.);
#2524=ORIENTED_EDGE('',*,*,#1930,.T.);
#2525=ORIENTED_EDGE('',*,*,#1935,.T.);
#2526=ORIENTED_EDGE('',*,*,#1936,.F.);
#2527=ORIENTED_EDGE('',*,*,#1937,.F.);
#2528=ORIENTED_EDGE('',*,*,#1927,.T.);
#2529=ORIENTED_EDGE('',*,*,#1938,.F.);
#2530=ORIENTED_EDGE('',*,*,#1939,.F.);
#2531=ORIENTED_EDGE('',*,*,#1935,.F.);
#2532=ORIENTED_EDGE('',*,*,#1924,.T.);
#2533=ORIENTED_EDGE('',*,*,#1940,.T.);
#2534=ORIENTED_EDGE('',*,*,#1941,.F.);
#2535=ORIENTED_EDGE('',*,*,#1938,.T.);
#2536=ORIENTED_EDGE('',*,*,#1921,.T.);
#2537=ORIENTED_EDGE('',*,*,#1942,.F.);
#2538=ORIENTED_EDGE('',*,*,#1943,.F.);
#2539=ORIENTED_EDGE('',*,*,#1940,.F.);
#2540=ORIENTED_EDGE('',*,*,#1944,.T.);
#2541=ORIENTED_EDGE('',*,*,#1945,.T.);
#2542=ORIENTED_EDGE('',*,*,#1946,.F.);
#2543=ORIENTED_EDGE('',*,*,#1945,.F.);
#2544=ORIENTED_EDGE('',*,*,#1944,.F.);
#2545=ORIENTED_EDGE('',*,*,#1895,.T.);
#2546=ORIENTED_EDGE('',*,*,#1901,.F.);
#2547=ORIENTED_EDGE('',*,*,#1947,.T.);
#2548=ORIENTED_EDGE('',*,*,#1948,.T.);
#2549=ORIENTED_EDGE('',*,*,#1949,.F.);
#2550=ORIENTED_EDGE('',*,*,#1948,.F.);
#2551=ORIENTED_EDGE('',*,*,#1947,.F.);
#2552=ORIENTED_EDGE('',*,*,#1950,.T.);
#2553=ORIENTED_EDGE('',*,*,#1951,.T.);
#2554=ORIENTED_EDGE('',*,*,#1952,.T.);
#2555=ORIENTED_EDGE('',*,*,#1953,.T.);
#2556=ORIENTED_EDGE('',*,*,#1951,.F.);
#2557=ORIENTED_EDGE('',*,*,#1954,.T.);
#2558=ORIENTED_EDGE('',*,*,#1955,.T.);
#2559=ORIENTED_EDGE('',*,*,#1956,.T.);
#2560=ORIENTED_EDGE('',*,*,#1952,.F.);
#2561=ORIENTED_EDGE('',*,*,#1953,.F.);
#2562=ORIENTED_EDGE('',*,*,#1956,.F.);
#2563=ORIENTED_EDGE('',*,*,#1957,.F.);
#2564=ORIENTED_EDGE('',*,*,#1958,.T.);
#2565=ORIENTED_EDGE('',*,*,#1954,.F.);
#2566=ORIENTED_EDGE('',*,*,#1950,.F.);
#2567=ORIENTED_EDGE('',*,*,#1958,.F.);
#2568=ORIENTED_EDGE('',*,*,#1959,.T.);
#2569=ORIENTED_EDGE('',*,*,#1960,.T.);
#2570=ORIENTED_EDGE('',*,*,#1961,.T.);
#2571=ORIENTED_EDGE('',*,*,#1962,.T.);
#2572=ORIENTED_EDGE('',*,*,#1960,.F.);
#2573=ORIENTED_EDGE('',*,*,#1963,.T.);
#2574=ORIENTED_EDGE('',*,*,#1964,.T.);
#2575=ORIENTED_EDGE('',*,*,#1965,.T.);
#2576=ORIENTED_EDGE('',*,*,#1961,.F.);
#2577=ORIENTED_EDGE('',*,*,#1962,.F.);
#2578=ORIENTED_EDGE('',*,*,#1965,.F.);
#2579=ORIENTED_EDGE('',*,*,#1966,.F.);
#2580=ORIENTED_EDGE('',*,*,#1967,.T.);
#2581=ORIENTED_EDGE('',*,*,#1963,.F.);
#2582=ORIENTED_EDGE('',*,*,#1959,.F.);
#2583=ORIENTED_EDGE('',*,*,#1967,.F.);
#2584=ORIENTED_EDGE('',*,*,#1968,.T.);
#2585=ORIENTED_EDGE('',*,*,#1969,.T.);
#2586=ORIENTED_EDGE('',*,*,#1970,.T.);
#2587=ORIENTED_EDGE('',*,*,#1971,.T.);
#2588=ORIENTED_EDGE('',*,*,#1969,.F.);
#2589=ORIENTED_EDGE('',*,*,#1972,.T.);
#2590=ORIENTED_EDGE('',*,*,#1973,.T.);
#2591=ORIENTED_EDGE('',*,*,#1974,.T.);
#2592=ORIENTED_EDGE('',*,*,#1970,.F.);
#2593=ORIENTED_EDGE('',*,*,#1971,.F.);
#2594=ORIENTED_EDGE('',*,*,#1974,.F.);
#2595=ORIENTED_EDGE('',*,*,#1975,.F.);
#2596=ORIENTED_EDGE('',*,*,#1976,.T.);
#2597=ORIENTED_EDGE('',*,*,#1972,.F.);
#2598=ORIENTED_EDGE('',*,*,#1968,.F.);
#2599=ORIENTED_EDGE('',*,*,#1976,.F.);
#2600=ORIENTED_EDGE('',*,*,#1977,.T.);
#2601=ORIENTED_EDGE('',*,*,#1978,.T.);
#2602=ORIENTED_EDGE('',*,*,#1979,.T.);
#2603=ORIENTED_EDGE('',*,*,#1980,.T.);
#2604=ORIENTED_EDGE('',*,*,#1978,.F.);
#2605=ORIENTED_EDGE('',*,*,#1981,.T.);
#2606=ORIENTED_EDGE('',*,*,#1982,.T.);
#2607=ORIENTED_EDGE('',*,*,#1983,.T.);
#2608=ORIENTED_EDGE('',*,*,#1979,.F.);
#2609=ORIENTED_EDGE('',*,*,#1980,.F.);
#2610=ORIENTED_EDGE('',*,*,#1983,.F.);
#2611=ORIENTED_EDGE('',*,*,#1984,.F.);
#2612=ORIENTED_EDGE('',*,*,#1985,.T.);
#2613=ORIENTED_EDGE('',*,*,#1981,.F.);
#2614=ORIENTED_EDGE('',*,*,#1977,.F.);
#2615=ORIENTED_EDGE('',*,*,#1985,.F.);
#2616=ORIENTED_EDGE('',*,*,#1955,.F.);
#2617=ORIENTED_EDGE('',*,*,#1982,.F.);
#2618=ORIENTED_EDGE('',*,*,#1964,.F.);
#2619=ORIENTED_EDGE('',*,*,#1973,.F.);
#2620=ORIENTED_EDGE('',*,*,#1918,.T.);
#2621=ORIENTED_EDGE('',*,*,#1986,.T.);
#2622=ORIENTED_EDGE('',*,*,#1987,.F.);
#2623=ORIENTED_EDGE('',*,*,#1942,.T.);
#2624=ORIENTED_EDGE('',*,*,#1915,.T.);
#2625=ORIENTED_EDGE('',*,*,#1988,.T.);
#2626=ORIENTED_EDGE('',*,*,#1989,.F.);
#2627=ORIENTED_EDGE('',*,*,#1986,.F.);
#2628=ORIENTED_EDGE('',*,*,#1990,.T.);
#2629=ORIENTED_EDGE('',*,*,#1991,.T.);
#2630=ORIENTED_EDGE('',*,*,#1936,.T.);
#2631=ORIENTED_EDGE('',*,*,#1939,.T.);
#2632=ORIENTED_EDGE('',*,*,#1941,.T.);
#2633=ORIENTED_EDGE('',*,*,#1943,.T.);
#2634=ORIENTED_EDGE('',*,*,#1987,.T.);
#2635=ORIENTED_EDGE('',*,*,#1989,.T.);
#2636=ORIENTED_EDGE('',*,*,#1822,.T.);
#2637=ORIENTED_EDGE('',*,*,#1819,.T.);
#2638=ORIENTED_EDGE('',*,*,#1815,.T.);
#2639=ORIENTED_EDGE('',*,*,#1829,.T.);
#2640=ORIENTED_EDGE('',*,*,#1825,.T.);
#2641=ORIENTED_EDGE('',*,*,#1846,.T.);
#2642=ORIENTED_EDGE('',*,*,#1843,.T.);
#2643=ORIENTED_EDGE('',*,*,#1840,.T.);
#2644=ORIENTED_EDGE('',*,*,#1837,.T.);
#2645=ORIENTED_EDGE('',*,*,#1833,.T.);
#2646=ORIENTED_EDGE('',*,*,#1866,.T.);
#2647=ORIENTED_EDGE('',*,*,#1863,.T.);
#2648=ORIENTED_EDGE('',*,*,#1860,.T.);
#2649=ORIENTED_EDGE('',*,*,#1857,.T.);
#2650=ORIENTED_EDGE('',*,*,#1854,.T.);
#2651=ORIENTED_EDGE('',*,*,#1851,.T.);
#2652=ORIENTED_EDGE('',*,*,#1881,.T.);
#2653=ORIENTED_EDGE('',*,*,#1872,.T.);
#2654=ORIENTED_EDGE('',*,*,#1868,.T.);
#2655=ORIENTED_EDGE('',*,*,#1882,.T.);
#2656=ORIENTED_EDGE('',*,*,#1878,.T.);
#2657=ORIENTED_EDGE('',*,*,#1897,.T.);
#2658=ORIENTED_EDGE('',*,*,#1900,.T.);
#2659=ORIENTED_EDGE('',*,*,#1899,.T.);
#2660=ORIENTED_EDGE('',*,*,#1891,.T.);
#2661=ORIENTED_EDGE('',*,*,#1885,.T.);
#2662=ORIENTED_EDGE('',*,*,#1903,.T.);
#2663=ORIENTED_EDGE('',*,*,#1888,.T.);
#2664=ORIENTED_EDGE('',*,*,#1946,.T.);
#2665=ORIENTED_EDGE('',*,*,#1949,.T.);
#2666=ORIENTED_EDGE('',*,*,#1975,.T.);
#2667=ORIENTED_EDGE('',*,*,#1984,.T.);
#2668=ORIENTED_EDGE('',*,*,#1966,.T.);
#2669=ORIENTED_EDGE('',*,*,#1957,.T.);
#2670=ORIENTED_EDGE('',*,*,#1992,.T.);
#2671=ORIENTED_EDGE('',*,*,#1993,.T.);
#2672=ORIENTED_EDGE('',*,*,#1994,.T.);
#2673=ORIENTED_EDGE('',*,*,#1995,.T.);
#2674=ORIENTED_EDGE('',*,*,#1996,.T.);
#2675=ORIENTED_EDGE('',*,*,#1997,.T.);
#2676=ORIENTED_EDGE('',*,*,#1998,.T.);
#2677=ORIENTED_EDGE('',*,*,#1999,.T.);
#2678=ORIENTED_EDGE('',*,*,#2000,.T.);
#2679=ORIENTED_EDGE('',*,*,#1908,.T.);
#2680=ORIENTED_EDGE('',*,*,#1904,.F.);
#2681=ORIENTED_EDGE('',*,*,#2001,.T.);
#2682=ORIENTED_EDGE('',*,*,#2002,.F.);
#2683=ORIENTED_EDGE('',*,*,#2003,.T.);
#2684=ORIENTED_EDGE('',*,*,#1994,.F.);
#2685=ORIENTED_EDGE('',*,*,#2003,.F.);
#2686=ORIENTED_EDGE('',*,*,#2004,.F.);
#2687=ORIENTED_EDGE('',*,*,#2005,.T.);
#2688=ORIENTED_EDGE('',*,*,#1995,.F.);
#2689=ORIENTED_EDGE('',*,*,#2005,.F.);
#2690=ORIENTED_EDGE('',*,*,#2006,.F.);
#2691=ORIENTED_EDGE('',*,*,#2007,.T.);
#2692=ORIENTED_EDGE('',*,*,#1996,.F.);
#2693=ORIENTED_EDGE('',*,*,#2007,.F.);
#2694=ORIENTED_EDGE('',*,*,#2008,.F.);
#2695=ORIENTED_EDGE('',*,*,#2009,.T.);
#2696=ORIENTED_EDGE('',*,*,#1997,.F.);
#2697=ORIENTED_EDGE('',*,*,#2009,.F.);
#2698=ORIENTED_EDGE('',*,*,#2010,.T.);
#2699=ORIENTED_EDGE('',*,*,#2004,.T.);
#2700=ORIENTED_EDGE('',*,*,#2011,.T.);
#2701=ORIENTED_EDGE('',*,*,#2002,.T.);
#2702=ORIENTED_EDGE('',*,*,#2012,.T.);
#2703=ORIENTED_EDGE('',*,*,#2008,.T.);
#2704=ORIENTED_EDGE('',*,*,#1811,.T.);
#2705=ORIENTED_EDGE('',*,*,#2006,.T.);
#2706=ORIENTED_EDGE('',*,*,#1933,.T.);
#2707=ORIENTED_EDGE('',*,*,#1937,.T.);
#2708=ORIENTED_EDGE('',*,*,#1991,.F.);
#2709=ORIENTED_EDGE('',*,*,#2013,.T.);
#2710=ORIENTED_EDGE('',*,*,#1911,.T.);
#2711=ORIENTED_EDGE('',*,*,#2013,.F.);
#2712=ORIENTED_EDGE('',*,*,#1990,.F.);
#2713=ORIENTED_EDGE('',*,*,#1988,.F.);
#2714=ORIENTED_EDGE('',*,*,#1932,.F.);
#2715=ORIENTED_EDGE('',*,*,#2014,.F.);
#2716=ORIENTED_EDGE('',*,*,#2015,.F.);
#2717=ORIENTED_EDGE('',*,*,#2016,.T.);
#2718=ORIENTED_EDGE('',*,*,#1929,.F.);
#2719=ORIENTED_EDGE('',*,*,#2016,.F.);
#2720=ORIENTED_EDGE('',*,*,#2017,.F.);
#2721=ORIENTED_EDGE('',*,*,#2018,.F.);
#2722=ORIENTED_EDGE('',*,*,#1926,.F.);
#2723=ORIENTED_EDGE('',*,*,#2018,.T.);
#2724=ORIENTED_EDGE('',*,*,#2019,.F.);
#2725=ORIENTED_EDGE('',*,*,#2020,.T.);
#2726=ORIENTED_EDGE('',*,*,#1923,.F.);
#2727=ORIENTED_EDGE('',*,*,#2020,.F.);
#2728=ORIENTED_EDGE('',*,*,#2021,.F.);
#2729=ORIENTED_EDGE('',*,*,#2022,.F.);
#2730=ORIENTED_EDGE('',*,*,#2023,.F.);
#2731=ORIENTED_EDGE('',*,*,#2024,.T.);
#2732=ORIENTED_EDGE('',*,*,#2025,.T.);
#2733=ORIENTED_EDGE('',*,*,#2026,.T.);
#2734=ORIENTED_EDGE('',*,*,#2027,.T.);
#2735=ORIENTED_EDGE('',*,*,#2028,.T.);
#2736=ORIENTED_EDGE('',*,*,#2024,.F.);
#2737=ORIENTED_EDGE('',*,*,#2029,.F.);
#2738=ORIENTED_EDGE('',*,*,#2030,.T.);
#2739=ORIENTED_EDGE('',*,*,#2031,.T.);
#2740=ORIENTED_EDGE('',*,*,#2032,.T.);
#2741=ORIENTED_EDGE('',*,*,#2033,.T.);
#2742=ORIENTED_EDGE('',*,*,#2034,.T.);
#2743=ORIENTED_EDGE('',*,*,#2030,.F.);
#2744=ORIENTED_EDGE('',*,*,#2035,.F.);
#2745=ORIENTED_EDGE('',*,*,#2036,.T.);
#2746=ORIENTED_EDGE('',*,*,#2037,.T.);
#2747=ORIENTED_EDGE('',*,*,#2038,.T.);
#2748=ORIENTED_EDGE('',*,*,#2039,.T.);
#2749=ORIENTED_EDGE('',*,*,#2040,.T.);
#2750=ORIENTED_EDGE('',*,*,#2036,.F.);
#2751=ORIENTED_EDGE('',*,*,#2041,.F.);
#2752=ORIENTED_EDGE('',*,*,#2042,.F.);
#2753=ORIENTED_EDGE('',*,*,#1909,.T.);
#2754=ORIENTED_EDGE('',*,*,#2000,.F.);
#2755=ORIENTED_EDGE('',*,*,#2043,.F.);
#2756=ORIENTED_EDGE('',*,*,#2044,.T.);
#2757=ORIENTED_EDGE('',*,*,#2045,.T.);
#2758=ORIENTED_EDGE('',*,*,#2046,.T.);
#2759=ORIENTED_EDGE('',*,*,#2047,.T.);
#2760=ORIENTED_EDGE('',*,*,#2048,.T.);
#2761=ORIENTED_EDGE('',*,*,#2044,.F.);
#2762=ORIENTED_EDGE('',*,*,#2049,.T.);
#2763=ORIENTED_EDGE('',*,*,#2050,.T.);
#2764=ORIENTED_EDGE('',*,*,#2051,.T.);
#2765=ORIENTED_EDGE('',*,*,#2052,.T.);
#2766=ORIENTED_EDGE('',*,*,#2053,.T.);
#2767=ORIENTED_EDGE('',*,*,#2054,.T.);
#2768=ORIENTED_EDGE('',*,*,#2055,.T.);
#2769=ORIENTED_EDGE('',*,*,#2056,.T.);
#2770=ORIENTED_EDGE('',*,*,#2057,.T.);
#2771=ORIENTED_EDGE('',*,*,#2058,.T.);
#2772=ORIENTED_EDGE('',*,*,#2059,.T.);
#2773=ORIENTED_EDGE('',*,*,#2060,.T.);
#2774=ORIENTED_EDGE('',*,*,#2061,.T.);
#2775=ORIENTED_EDGE('',*,*,#2062,.T.);
#2776=ORIENTED_EDGE('',*,*,#2063,.T.);
#2777=ORIENTED_EDGE('',*,*,#2064,.T.);
#2778=ORIENTED_EDGE('',*,*,#2065,.T.);
#2779=ORIENTED_EDGE('',*,*,#2066,.T.);
#2780=ORIENTED_EDGE('',*,*,#2067,.T.);
#2781=ORIENTED_EDGE('',*,*,#2068,.T.);
#2782=ORIENTED_EDGE('',*,*,#2069,.T.);
#2783=ORIENTED_EDGE('',*,*,#2070,.T.);
#2784=ORIENTED_EDGE('',*,*,#2071,.T.);
#2785=ORIENTED_EDGE('',*,*,#2072,.T.);
#2786=ORIENTED_EDGE('',*,*,#2052,.F.);
#2787=ORIENTED_EDGE('',*,*,#2073,.F.);
#2788=ORIENTED_EDGE('',*,*,#2071,.F.);
#2789=ORIENTED_EDGE('',*,*,#2074,.F.);
#2790=ORIENTED_EDGE('',*,*,#2075,.F.);
#2791=ORIENTED_EDGE('',*,*,#2076,.F.);
#2792=ORIENTED_EDGE('',*,*,#2077,.F.);
#2793=ORIENTED_EDGE('',*,*,#2078,.F.);
#2794=ORIENTED_EDGE('',*,*,#2079,.T.);
#2795=ORIENTED_EDGE('',*,*,#2064,.F.);
#2796=ORIENTED_EDGE('',*,*,#2080,.F.);
#2797=ORIENTED_EDGE('',*,*,#2081,.F.);
#2798=ORIENTED_EDGE('',*,*,#2082,.F.);
#2799=ORIENTED_EDGE('',*,*,#2083,.F.);
#2800=ORIENTED_EDGE('',*,*,#2084,.F.);
#2801=ORIENTED_EDGE('',*,*,#2085,.F.);
#2802=ORIENTED_EDGE('',*,*,#2069,.F.);
#2803=ORIENTED_EDGE('',*,*,#2086,.T.);
#2804=ORIENTED_EDGE('',*,*,#2087,.T.);
#2805=ORIENTED_EDGE('',*,*,#2088,.T.);
#2806=ORIENTED_EDGE('',*,*,#2089,.T.);
#2807=ORIENTED_EDGE('',*,*,#2090,.T.);
#2808=ORIENTED_EDGE('',*,*,#2091,.T.);
#2809=ORIENTED_EDGE('',*,*,#2092,.T.);
#2810=ORIENTED_EDGE('',*,*,#2093,.T.);
#2811=ORIENTED_EDGE('',*,*,#2094,.T.);
#2812=ORIENTED_EDGE('',*,*,#2065,.F.);
#2813=ORIENTED_EDGE('',*,*,#2095,.F.);
#2814=ORIENTED_EDGE('',*,*,#2091,.F.);
#2815=ORIENTED_EDGE('',*,*,#2096,.F.);
#2816=ORIENTED_EDGE('',*,*,#2097,.F.);
#2817=ORIENTED_EDGE('',*,*,#2098,.F.);
#2818=ORIENTED_EDGE('',*,*,#2099,.F.);
#2819=ORIENTED_EDGE('',*,*,#2100,.F.);
#2820=ORIENTED_EDGE('',*,*,#2101,.T.);
#2821=ORIENTED_EDGE('',*,*,#2057,.F.);
#2822=ORIENTED_EDGE('',*,*,#2102,.F.);
#2823=ORIENTED_EDGE('',*,*,#2103,.F.);
#2824=ORIENTED_EDGE('',*,*,#2104,.F.);
#2825=ORIENTED_EDGE('',*,*,#2105,.F.);
#2826=ORIENTED_EDGE('',*,*,#2106,.F.);
#2827=ORIENTED_EDGE('',*,*,#2107,.F.);
#2828=ORIENTED_EDGE('',*,*,#2093,.F.);
#2829=ORIENTED_EDGE('',*,*,#2108,.T.);
#2830=ORIENTED_EDGE('',*,*,#2109,.T.);
#2831=ORIENTED_EDGE('',*,*,#2110,.T.);
#2832=ORIENTED_EDGE('',*,*,#2111,.T.);
#2833=ORIENTED_EDGE('',*,*,#2112,.T.);
#2834=ORIENTED_EDGE('',*,*,#2078,.T.);
#2835=ORIENTED_EDGE('',*,*,#2113,.T.);
#2836=ORIENTED_EDGE('',*,*,#2081,.T.);
#2837=ORIENTED_EDGE('',*,*,#2114,.T.);
#2838=ORIENTED_EDGE('',*,*,#2115,.T.);
#2839=ORIENTED_EDGE('',*,*,#2116,.T.);
#2840=ORIENTED_EDGE('',*,*,#2117,.T.);
#2841=ORIENTED_EDGE('',*,*,#2118,.T.);
#2842=ORIENTED_EDGE('',*,*,#2060,.F.);
#2843=ORIENTED_EDGE('',*,*,#2119,.F.);
#2844=ORIENTED_EDGE('',*,*,#2117,.F.);
#2845=ORIENTED_EDGE('',*,*,#2120,.F.);
#2846=ORIENTED_EDGE('',*,*,#2121,.F.);
#2847=ORIENTED_EDGE('',*,*,#2122,.F.);
#2848=ORIENTED_EDGE('',*,*,#2123,.F.);
#2849=ORIENTED_EDGE('',*,*,#2089,.F.);
#2850=ORIENTED_EDGE('',*,*,#2124,.T.);
#2851=ORIENTED_EDGE('',*,*,#2067,.F.);
#2852=ORIENTED_EDGE('',*,*,#2125,.F.);
#2853=ORIENTED_EDGE('',*,*,#2087,.F.);
#2854=ORIENTED_EDGE('',*,*,#2126,.F.);
#2855=ORIENTED_EDGE('',*,*,#2127,.F.);
#2856=ORIENTED_EDGE('',*,*,#2128,.F.);
#2857=ORIENTED_EDGE('',*,*,#2129,.F.);
#2858=ORIENTED_EDGE('',*,*,#2115,.F.);
#2859=ORIENTED_EDGE('',*,*,#2130,.T.);
#2860=ORIENTED_EDGE('',*,*,#2131,.T.);
#2861=ORIENTED_EDGE('',*,*,#2103,.T.);
#2862=ORIENTED_EDGE('',*,*,#2132,.T.);
#2863=ORIENTED_EDGE('',*,*,#2100,.T.);
#2864=ORIENTED_EDGE('',*,*,#2133,.T.);
#2865=ORIENTED_EDGE('',*,*,#2134,.T.);
#2866=ORIENTED_EDGE('',*,*,#2135,.T.);
#2867=ORIENTED_EDGE('',*,*,#2136,.T.);
#2868=ORIENTED_EDGE('',*,*,#2062,.F.);
#2869=ORIENTED_EDGE('',*,*,#2137,.F.);
#2870=ORIENTED_EDGE('',*,*,#2134,.F.);
#2871=ORIENTED_EDGE('',*,*,#2138,.F.);
#2872=ORIENTED_EDGE('',*,*,#2139,.F.);
#2873=ORIENTED_EDGE('',*,*,#2140,.F.);
#2874=ORIENTED_EDGE('',*,*,#2141,.F.);
#2875=ORIENTED_EDGE('',*,*,#2111,.F.);
#2876=ORIENTED_EDGE('',*,*,#2142,.T.);
#2877=ORIENTED_EDGE('',*,*,#2049,.F.);
#2878=ORIENTED_EDGE('',*,*,#2143,.F.);
#2879=ORIENTED_EDGE('',*,*,#2109,.F.);
#2880=ORIENTED_EDGE('',*,*,#2144,.F.);
#2881=ORIENTED_EDGE('',*,*,#2145,.F.);
#2882=ORIENTED_EDGE('',*,*,#2146,.F.);
#2883=ORIENTED_EDGE('',*,*,#2147,.F.);
#2884=ORIENTED_EDGE('',*,*,#2136,.F.);
#2885=ORIENTED_EDGE('',*,*,#2148,.T.);
#2886=ORIENTED_EDGE('',*,*,#2027,.F.);
#2887=ORIENTED_EDGE('',*,*,#2127,.T.);
#2888=ORIENTED_EDGE('',*,*,#2149,.T.);
#2889=ORIENTED_EDGE('',*,*,#2122,.T.);
#2890=ORIENTED_EDGE('',*,*,#2028,.F.);
#2891=ORIENTED_EDGE('',*,*,#2150,.T.);
#2892=ORIENTED_EDGE('',*,*,#2026,.F.);
#2893=ORIENTED_EDGE('',*,*,#2151,.T.);
#2894=ORIENTED_EDGE('',*,*,#2128,.T.);
#2895=ORIENTED_EDGE('',*,*,#2116,.F.);
#2896=ORIENTED_EDGE('',*,*,#2129,.T.);
#2897=ORIENTED_EDGE('',*,*,#2151,.F.);
#2898=ORIENTED_EDGE('',*,*,#2152,.F.);
#2899=ORIENTED_EDGE('',*,*,#2120,.T.);
#2900=ORIENTED_EDGE('',*,*,#2152,.T.);
#2901=ORIENTED_EDGE('',*,*,#2025,.F.);
#2902=ORIENTED_EDGE('',*,*,#2121,.T.);
#2903=ORIENTED_EDGE('',*,*,#2090,.F.);
#2904=ORIENTED_EDGE('',*,*,#2123,.T.);
#2905=ORIENTED_EDGE('',*,*,#2150,.F.);
#2906=ORIENTED_EDGE('',*,*,#2149,.F.);
#2907=ORIENTED_EDGE('',*,*,#2126,.T.);
#2908=ORIENTED_EDGE('',*,*,#2140,.T.);
#2909=ORIENTED_EDGE('',*,*,#2046,.F.);
#2910=ORIENTED_EDGE('',*,*,#2153,.T.);
#2911=ORIENTED_EDGE('',*,*,#2112,.F.);
#2912=ORIENTED_EDGE('',*,*,#2141,.T.);
#2913=ORIENTED_EDGE('',*,*,#2153,.F.);
#2914=ORIENTED_EDGE('',*,*,#2154,.F.);
#2915=ORIENTED_EDGE('',*,*,#2144,.T.);
#2916=ORIENTED_EDGE('',*,*,#2154,.T.);
#2917=ORIENTED_EDGE('',*,*,#2045,.F.);
#2918=ORIENTED_EDGE('',*,*,#2145,.T.);
#2919=ORIENTED_EDGE('',*,*,#2155,.T.);
#2920=ORIENTED_EDGE('',*,*,#2047,.F.);
#2921=ORIENTED_EDGE('',*,*,#2139,.T.);
#2922=ORIENTED_EDGE('',*,*,#2146,.T.);
#2923=ORIENTED_EDGE('',*,*,#2048,.F.);
#2924=ORIENTED_EDGE('',*,*,#2156,.T.);
#2925=ORIENTED_EDGE('',*,*,#2133,.F.);
#2926=ORIENTED_EDGE('',*,*,#2147,.T.);
#2927=ORIENTED_EDGE('',*,*,#2156,.F.);
#2928=ORIENTED_EDGE('',*,*,#2155,.F.);
#2929=ORIENTED_EDGE('',*,*,#2138,.T.);
#2930=ORIENTED_EDGE('',*,*,#2034,.F.);
#2931=ORIENTED_EDGE('',*,*,#2157,.T.);
#2932=ORIENTED_EDGE('',*,*,#2076,.T.);
#2933=ORIENTED_EDGE('',*,*,#2113,.F.);
#2934=ORIENTED_EDGE('',*,*,#2077,.T.);
#2935=ORIENTED_EDGE('',*,*,#2157,.F.);
#2936=ORIENTED_EDGE('',*,*,#2158,.F.);
#2937=ORIENTED_EDGE('',*,*,#2082,.T.);
#2938=ORIENTED_EDGE('',*,*,#2158,.T.);
#2939=ORIENTED_EDGE('',*,*,#2033,.F.);
#2940=ORIENTED_EDGE('',*,*,#2083,.T.);
#2941=ORIENTED_EDGE('',*,*,#2084,.T.);
#2942=ORIENTED_EDGE('',*,*,#2032,.F.);
#2943=ORIENTED_EDGE('',*,*,#2159,.T.);
#2944=ORIENTED_EDGE('',*,*,#2160,.T.);
#2945=ORIENTED_EDGE('',*,*,#2031,.F.);
#2946=ORIENTED_EDGE('',*,*,#2075,.T.);
#2947=ORIENTED_EDGE('',*,*,#2070,.F.);
#2948=ORIENTED_EDGE('',*,*,#2085,.T.);
#2949=ORIENTED_EDGE('',*,*,#2159,.F.);
#2950=ORIENTED_EDGE('',*,*,#2160,.F.);
#2951=ORIENTED_EDGE('',*,*,#2074,.T.);
#2952=ORIENTED_EDGE('',*,*,#2098,.T.);
#2953=ORIENTED_EDGE('',*,*,#2038,.F.);
#2954=ORIENTED_EDGE('',*,*,#2161,.T.);
#2955=ORIENTED_EDGE('',*,*,#2131,.F.);
#2956=ORIENTED_EDGE('',*,*,#2099,.T.);
#2957=ORIENTED_EDGE('',*,*,#2161,.F.);
#2958=ORIENTED_EDGE('',*,*,#2162,.F.);
#2959=ORIENTED_EDGE('',*,*,#2104,.T.);
#2960=ORIENTED_EDGE('',*,*,#2040,.F.);
#2961=ORIENTED_EDGE('',*,*,#2163,.T.);
#2962=ORIENTED_EDGE('',*,*,#2106,.T.);
#2963=ORIENTED_EDGE('',*,*,#2164,.T.);
#2964=ORIENTED_EDGE('',*,*,#2039,.F.);
#2965=ORIENTED_EDGE('',*,*,#2097,.T.);
#2966=ORIENTED_EDGE('',*,*,#2037,.F.);
#2967=ORIENTED_EDGE('',*,*,#2105,.T.);
#2968=ORIENTED_EDGE('',*,*,#2162,.T.);
#2969=ORIENTED_EDGE('',*,*,#2094,.F.);
#2970=ORIENTED_EDGE('',*,*,#2107,.T.);
#2971=ORIENTED_EDGE('',*,*,#2163,.F.);
#2972=ORIENTED_EDGE('',*,*,#2164,.F.);
#2973=ORIENTED_EDGE('',*,*,#2096,.T.);
#2974=ORIENTED_EDGE('',*,*,#2165,.T.);
#2975=ORIENTED_EDGE('',*,*,#2166,.F.);
#2976=ORIENTED_EDGE('',*,*,#2167,.T.);
#2977=ORIENTED_EDGE('',*,*,#2168,.F.);
#2978=ORIENTED_EDGE('',*,*,#2169,.F.);
#2979=ORIENTED_EDGE('',*,*,#2170,.F.);
#2980=ORIENTED_EDGE('',*,*,#2171,.F.);
#2981=ORIENTED_EDGE('',*,*,#2172,.T.);
#2982=ORIENTED_EDGE('',*,*,#2173,.F.);
#2983=ORIENTED_EDGE('',*,*,#2167,.F.);
#2984=ORIENTED_EDGE('',*,*,#2174,.F.);
#2985=ORIENTED_EDGE('',*,*,#2175,.T.);
#2986=ORIENTED_EDGE('',*,*,#2176,.T.);
#2987=ORIENTED_EDGE('',*,*,#2177,.F.);
#2988=ORIENTED_EDGE('',*,*,#2172,.F.);
#2989=ORIENTED_EDGE('',*,*,#2178,.F.);
#2990=ORIENTED_EDGE('',*,*,#2179,.F.);
#2991=ORIENTED_EDGE('',*,*,#2168,.T.);
#2992=ORIENTED_EDGE('',*,*,#2173,.T.);
#2993=ORIENTED_EDGE('',*,*,#2180,.T.);
#2994=ORIENTED_EDGE('',*,*,#2181,.F.);
#2995=ORIENTED_EDGE('',*,*,#2182,.T.);
#2996=ORIENTED_EDGE('',*,*,#2169,.T.);
#2997=ORIENTED_EDGE('',*,*,#2177,.T.);
#2998=ORIENTED_EDGE('',*,*,#2183,.T.);
#2999=ORIENTED_EDGE('',*,*,#2184,.T.);
#3000=ORIENTED_EDGE('',*,*,#2180,.F.);
#3001=ORIENTED_EDGE('',*,*,#2175,.F.);
#3002=ORIENTED_EDGE('',*,*,#2185,.F.);
#3003=ORIENTED_EDGE('',*,*,#2170,.T.);
#3004=ORIENTED_EDGE('',*,*,#2182,.F.);
#3005=ORIENTED_EDGE('',*,*,#2186,.F.);
#3006=ORIENTED_EDGE('',*,*,#2187,.T.);
#3007=ORIENTED_EDGE('',*,*,#2188,.T.);
#3008=ORIENTED_EDGE('',*,*,#2189,.T.);
#3009=ORIENTED_EDGE('',*,*,#2190,.T.);
#3010=ORIENTED_EDGE('',*,*,#2191,.F.);
#3011=ORIENTED_EDGE('',*,*,#2192,.T.);
#3012=ORIENTED_EDGE('',*,*,#2187,.F.);
#3013=ORIENTED_EDGE('',*,*,#2193,.F.);
#3014=ORIENTED_EDGE('',*,*,#2194,.F.);
#3015=ORIENTED_EDGE('',*,*,#2195,.F.);
#3016=ORIENTED_EDGE('',*,*,#2196,.T.);
#3017=ORIENTED_EDGE('',*,*,#2188,.F.);
#3018=ORIENTED_EDGE('',*,*,#2192,.F.);
#3019=ORIENTED_EDGE('',*,*,#2197,.F.);
#3020=ORIENTED_EDGE('',*,*,#2198,.T.);
#3021=ORIENTED_EDGE('',*,*,#2199,.T.);
#3022=ORIENTED_EDGE('',*,*,#2200,.F.);
#3023=ORIENTED_EDGE('',*,*,#2201,.T.);
#3024=ORIENTED_EDGE('',*,*,#2202,.F.);
#3025=ORIENTED_EDGE('',*,*,#2203,.T.);
#3026=ORIENTED_EDGE('',*,*,#2204,.F.);
#3027=ORIENTED_EDGE('',*,*,#2196,.F.);
#3028=ORIENTED_EDGE('',*,*,#2205,.F.);
#3029=ORIENTED_EDGE('',*,*,#2206,.F.);
#3030=ORIENTED_EDGE('',*,*,#2207,.T.);
#3031=ORIENTED_EDGE('',*,*,#2208,.F.);
#3032=ORIENTED_EDGE('',*,*,#2200,.T.);
#3033=ORIENTED_EDGE('',*,*,#2209,.F.);
#3034=ORIENTED_EDGE('',*,*,#2210,.T.);
#3035=ORIENTED_EDGE('',*,*,#2193,.T.);
#3036=ORIENTED_EDGE('',*,*,#2204,.T.);
#3037=ORIENTED_EDGE('',*,*,#2211,.T.);
#3038=ORIENTED_EDGE('',*,*,#2189,.F.);
#3039=ORIENTED_EDGE('',*,*,#2198,.F.);
#3040=ORIENTED_EDGE('',*,*,#2212,.F.);
#3041=ORIENTED_EDGE('',*,*,#2194,.T.);
#3042=ORIENTED_EDGE('',*,*,#2210,.F.);
#3043=ORIENTED_EDGE('',*,*,#2213,.T.);
#3044=ORIENTED_EDGE('',*,*,#2207,.F.);
#3045=ORIENTED_EDGE('',*,*,#2214,.F.);
#3046=ORIENTED_EDGE('',*,*,#2215,.T.);
#3047=ORIENTED_EDGE('',*,*,#2216,.T.);
#3048=ORIENTED_EDGE('',*,*,#2217,.F.);
#3049=ORIENTED_EDGE('',*,*,#2218,.F.);
#3050=ORIENTED_EDGE('',*,*,#2219,.T.);
#3051=ORIENTED_EDGE('',*,*,#2220,.F.);
#3052=ORIENTED_EDGE('',*,*,#2221,.F.);
#3053=ORIENTED_EDGE('',*,*,#2222,.F.);
#3054=ORIENTED_EDGE('',*,*,#2215,.F.);
#3055=ORIENTED_EDGE('',*,*,#2223,.F.);
#3056=ORIENTED_EDGE('',*,*,#2224,.F.);
#3057=ORIENTED_EDGE('',*,*,#2225,.F.);
#3058=ORIENTED_EDGE('',*,*,#2221,.T.);
#3059=ORIENTED_EDGE('',*,*,#2226,.F.);
#3060=ORIENTED_EDGE('',*,*,#2227,.F.);
#3061=ORIENTED_EDGE('',*,*,#2228,.F.);
#3062=ORIENTED_EDGE('',*,*,#2229,.T.);
#3063=ORIENTED_EDGE('',*,*,#2230,.F.);
#3064=ORIENTED_EDGE('',*,*,#2219,.F.);
#3065=ORIENTED_EDGE('',*,*,#2231,.F.);
#3066=ORIENTED_EDGE('',*,*,#2232,.T.);
#3067=ORIENTED_EDGE('',*,*,#2233,.F.);
#3068=ORIENTED_EDGE('',*,*,#2232,.F.);
#3069=ORIENTED_EDGE('',*,*,#2234,.F.);
#3070=ORIENTED_EDGE('',*,*,#2235,.T.);
#3071=ORIENTED_EDGE('',*,*,#2236,.F.);
#3072=ORIENTED_EDGE('',*,*,#2235,.F.);
#3073=ORIENTED_EDGE('',*,*,#2237,.F.);
#3074=ORIENTED_EDGE('',*,*,#2238,.T.);
#3075=ORIENTED_EDGE('',*,*,#2239,.F.);
#3076=ORIENTED_EDGE('',*,*,#2238,.F.);
#3077=ORIENTED_EDGE('',*,*,#2240,.F.);
#3078=ORIENTED_EDGE('',*,*,#2241,.T.);
#3079=ORIENTED_EDGE('',*,*,#2242,.F.);
#3080=ORIENTED_EDGE('',*,*,#2241,.F.);
#3081=ORIENTED_EDGE('',*,*,#2243,.T.);
#3082=ORIENTED_EDGE('',*,*,#2244,.F.);
#3083=ORIENTED_EDGE('',*,*,#2245,.F.);
#3084=ORIENTED_EDGE('',*,*,#2246,.T.);
#3085=ORIENTED_EDGE('',*,*,#2247,.F.);
#3086=ORIENTED_EDGE('',*,*,#2246,.F.);
#3087=ORIENTED_EDGE('',*,*,#2248,.F.);
#3088=ORIENTED_EDGE('',*,*,#2227,.T.);
#3089=ORIENTED_EDGE('',*,*,#2249,.T.);
#3090=ORIENTED_EDGE('',*,*,#2250,.T.);
#3091=ORIENTED_EDGE('',*,*,#2225,.T.);
#3092=ORIENTED_EDGE('',*,*,#2251,.T.);
#3093=ORIENTED_EDGE('',*,*,#2252,.T.);
#3094=ORIENTED_EDGE('',*,*,#2228,.T.);
#3095=ORIENTED_EDGE('',*,*,#2253,.T.);
#3096=ORIENTED_EDGE('',*,*,#2217,.T.);
#3097=ORIENTED_EDGE('',*,*,#2254,.T.);
#3098=ORIENTED_EDGE('',*,*,#2255,.T.);
#3099=ORIENTED_EDGE('',*,*,#2244,.T.);
#3100=ORIENTED_EDGE('',*,*,#2256,.T.);
#3101=ORIENTED_EDGE('',*,*,#2231,.T.);
#3102=ORIENTED_EDGE('',*,*,#2218,.T.);
#3103=ORIENTED_EDGE('',*,*,#2253,.F.);
#3104=ORIENTED_EDGE('',*,*,#2257,.F.);
#3105=ORIENTED_EDGE('',*,*,#2234,.T.);
#3106=ORIENTED_EDGE('',*,*,#2250,.F.);
#3107=ORIENTED_EDGE('',*,*,#2258,.T.);
#3108=ORIENTED_EDGE('',*,*,#2254,.F.);
#3109=ORIENTED_EDGE('',*,*,#2216,.F.);
#3110=ORIENTED_EDGE('',*,*,#2222,.T.);
#3111=ORIENTED_EDGE('',*,*,#2248,.T.);
#3112=ORIENTED_EDGE('',*,*,#2245,.T.);
#3113=ORIENTED_EDGE('',*,*,#2255,.F.);
#3114=ORIENTED_EDGE('',*,*,#2258,.F.);
#3115=ORIENTED_EDGE('',*,*,#2249,.F.);
#3116=ORIENTED_EDGE('',*,*,#2237,.T.);
#3117=ORIENTED_EDGE('',*,*,#2257,.T.);
#3118=ORIENTED_EDGE('',*,*,#2256,.F.);
#3119=ORIENTED_EDGE('',*,*,#2243,.F.);
#3120=ORIENTED_EDGE('',*,*,#2240,.T.);
#3121=ORIENTED_EDGE('',*,*,#2259,.T.);
#3122=ORIENTED_EDGE('',*,*,#2260,.F.);
#3123=ORIENTED_EDGE('',*,*,#2261,.F.);
#3124=ORIENTED_EDGE('',*,*,#2262,.F.);
#3125=ORIENTED_EDGE('',*,*,#2263,.T.);
#3126=ORIENTED_EDGE('',*,*,#2264,.T.);
#3127=ORIENTED_EDGE('',*,*,#2265,.F.);
#3128=ORIENTED_EDGE('',*,*,#2266,.T.);
#3129=ORIENTED_EDGE('',*,*,#2263,.F.);
#3130=ORIENTED_EDGE('',*,*,#2267,.F.);
#3131=ORIENTED_EDGE('',*,*,#2268,.T.);
#3132=ORIENTED_EDGE('',*,*,#2269,.F.);
#3133=ORIENTED_EDGE('',*,*,#2270,.F.);
#3134=ORIENTED_EDGE('',*,*,#2271,.T.);
#3135=ORIENTED_EDGE('',*,*,#2272,.T.);
#3136=ORIENTED_EDGE('',*,*,#1813,.T.);
#3137=ORIENTED_EDGE('',*,*,#2273,.F.);
#3138=ORIENTED_EDGE('',*,*,#2261,.T.);
#3139=ORIENTED_EDGE('',*,*,#2274,.T.);
#3140=ORIENTED_EDGE('',*,*,#2275,.T.);
#3141=ORIENTED_EDGE('',*,*,#1814,.T.);
#3142=ORIENTED_EDGE('',*,*,#2274,.F.);
#3143=ORIENTED_EDGE('',*,*,#2276,.T.);
#3144=ORIENTED_EDGE('',*,*,#2277,.F.);
#3145=ORIENTED_EDGE('',*,*,#2278,.T.);
#3146=ORIENTED_EDGE('',*,*,#2279,.T.);
#3147=ORIENTED_EDGE('',*,*,#2276,.F.);
#3148=ORIENTED_EDGE('',*,*,#2260,.T.);
#3149=ORIENTED_EDGE('',*,*,#2280,.T.);
#3150=ORIENTED_EDGE('',*,*,#2272,.F.);
#3151=ORIENTED_EDGE('',*,*,#2281,.T.);
#3152=ORIENTED_EDGE('',*,*,#2282,.F.);
#3153=ORIENTED_EDGE('',*,*,#1802,.T.);
#3154=ORIENTED_EDGE('',*,*,#2283,.T.);
#3155=ORIENTED_EDGE('',*,*,#2277,.T.);
#3156=ORIENTED_EDGE('',*,*,#2279,.F.);
#3157=ORIENTED_EDGE('',*,*,#2284,.T.);
#3158=ORIENTED_EDGE('',*,*,#2285,.F.);
#3159=ORIENTED_EDGE('',*,*,#1803,.T.);
#3160=ORIENTED_EDGE('',*,*,#2285,.T.);
#3161=ORIENTED_EDGE('',*,*,#2286,.T.);
#3162=ORIENTED_EDGE('',*,*,#2287,.F.);
#3163=ORIENTED_EDGE('',*,*,#1804,.T.);
#3164=ORIENTED_EDGE('',*,*,#2287,.T.);
#3165=ORIENTED_EDGE('',*,*,#2288,.T.);
#3166=ORIENTED_EDGE('',*,*,#2265,.T.);
#3167=ORIENTED_EDGE('',*,*,#2289,.F.);
#3168=ORIENTED_EDGE('',*,*,#2290,.T.);
#3169=ORIENTED_EDGE('',*,*,#2291,.T.);
#3170=ORIENTED_EDGE('',*,*,#2292,.T.);
#3171=ORIENTED_EDGE('',*,*,#2280,.F.);
#3172=ORIENTED_EDGE('',*,*,#2293,.F.);
#3173=ORIENTED_EDGE('',*,*,#2294,.F.);
#3174=ORIENTED_EDGE('',*,*,#2291,.F.);
#3175=ORIENTED_EDGE('',*,*,#2295,.F.);
#3176=ORIENTED_EDGE('',*,*,#2268,.F.);
#3177=ORIENTED_EDGE('',*,*,#2266,.F.);
#3178=ORIENTED_EDGE('',*,*,#2288,.F.);
#3179=ORIENTED_EDGE('',*,*,#2286,.F.);
#3180=ORIENTED_EDGE('',*,*,#2284,.F.);
#3181=ORIENTED_EDGE('',*,*,#2278,.F.);
#3182=ORIENTED_EDGE('',*,*,#2259,.F.);
#3183=ORIENTED_EDGE('',*,*,#1805,.T.);
#3184=ORIENTED_EDGE('',*,*,#2292,.F.);
#3185=ORIENTED_EDGE('',*,*,#2294,.T.);
#3186=ORIENTED_EDGE('',*,*,#2296,.T.);
#3187=ORIENTED_EDGE('',*,*,#1806,.T.);
#3188=ORIENTED_EDGE('',*,*,#2296,.F.);
#3189=ORIENTED_EDGE('',*,*,#2293,.T.);
#3190=ORIENTED_EDGE('',*,*,#2282,.T.);
#3191=ORIENTED_EDGE('',*,*,#2297,.T.);
#3192=ORIENTED_EDGE('',*,*,#1807,.T.);
#3193=ORIENTED_EDGE('',*,*,#2297,.F.);
#3194=ORIENTED_EDGE('',*,*,#2281,.F.);
#3195=ORIENTED_EDGE('',*,*,#2298,.F.);
#3196=ORIENTED_EDGE('',*,*,#1808,.T.);
#3197=ORIENTED_EDGE('',*,*,#2298,.T.);
#3198=ORIENTED_EDGE('',*,*,#2271,.F.);
#3199=ORIENTED_EDGE('',*,*,#2299,.F.);
#3200=ORIENTED_EDGE('',*,*,#2226,.T.);
#3201=ORIENTED_EDGE('',*,*,#2021,.T.);
#3202=ORIENTED_EDGE('',*,*,#2019,.T.);
#3203=ORIENTED_EDGE('',*,*,#2017,.T.);
#3204=ORIENTED_EDGE('',*,*,#2015,.T.);
#3205=ORIENTED_EDGE('',*,*,#2300,.T.);
#3206=ORIENTED_EDGE('',*,*,#2301,.T.);
#3207=ORIENTED_EDGE('',*,*,#2223,.T.);
#3208=ORIENTED_EDGE('',*,*,#2220,.T.);
#3209=ORIENTED_EDGE('',*,*,#2214,.T.);
#3210=ORIENTED_EDGE('',*,*,#2230,.T.);
#3211=ORIENTED_EDGE('',*,*,#2233,.T.);
#3212=ORIENTED_EDGE('',*,*,#2236,.T.);
#3213=ORIENTED_EDGE('',*,*,#2239,.T.);
#3214=ORIENTED_EDGE('',*,*,#2242,.T.);
#3215=ORIENTED_EDGE('',*,*,#2247,.T.);
#3216=ORIENTED_EDGE('',*,*,#2043,.T.);
#3217=ORIENTED_EDGE('',*,*,#2302,.T.);
#3218=ORIENTED_EDGE('',*,*,#1906,.F.);
#3219=ORIENTED_EDGE('',*,*,#1910,.T.);
#3220=ORIENTED_EDGE('',*,*,#2042,.T.);
#3221=ORIENTED_EDGE('',*,*,#2035,.T.);
#3222=ORIENTED_EDGE('',*,*,#2029,.T.);
#3223=ORIENTED_EDGE('',*,*,#2023,.T.);
#3224=ORIENTED_EDGE('',*,*,#2166,.T.);
#3225=ORIENTED_EDGE('',*,*,#2303,.T.);
#3226=ORIENTED_EDGE('',*,*,#2178,.T.);
#3227=ORIENTED_EDGE('',*,*,#2171,.T.);
#3228=ORIENTED_EDGE('',*,*,#2185,.T.);
#3229=ORIENTED_EDGE('',*,*,#2174,.T.);
#3230=ORIENTED_EDGE('',*,*,#2191,.T.);
#3231=ORIENTED_EDGE('',*,*,#2304,.T.);
#3232=ORIENTED_EDGE('',*,*,#2305,.T.);
#3233=ORIENTED_EDGE('',*,*,#2202,.T.);
#3234=ORIENTED_EDGE('',*,*,#2306,.T.);
#3235=ORIENTED_EDGE('',*,*,#2307,.T.);
#3236=ORIENTED_EDGE('',*,*,#2205,.T.);
#3237=ORIENTED_EDGE('',*,*,#2195,.T.);
#3238=ORIENTED_EDGE('',*,*,#2212,.T.);
#3239=ORIENTED_EDGE('',*,*,#2197,.T.);
#3240=ORIENTED_EDGE('',*,*,#2308,.T.);
#3241=ORIENTED_EDGE('',*,*,#2267,.T.);
#3242=ORIENTED_EDGE('',*,*,#2262,.T.);
#3243=ORIENTED_EDGE('',*,*,#2273,.T.);
#3244=ORIENTED_EDGE('',*,*,#1812,.T.);
#3245=ORIENTED_EDGE('',*,*,#1809,.T.);
#3246=ORIENTED_EDGE('',*,*,#2299,.T.);
#3247=ORIENTED_EDGE('',*,*,#2270,.T.);
#3248=ORIENTED_EDGE('',*,*,#2309,.T.);
#3249=ORIENTED_EDGE('',*,*,#2310,.T.);
#3250=ORIENTED_EDGE('',*,*,#2309,.F.);
#3251=ORIENTED_EDGE('',*,*,#2269,.T.);
#3252=ORIENTED_EDGE('',*,*,#2295,.T.);
#3253=ORIENTED_EDGE('',*,*,#2290,.F.);
#3254=ORIENTED_EDGE('',*,*,#2289,.T.);
#3255=ORIENTED_EDGE('',*,*,#2264,.F.);
#3256=ORIENTED_EDGE('',*,*,#2308,.F.);
#3257=ORIENTED_EDGE('',*,*,#2310,.F.);
#3258=ORIENTED_EDGE('',*,*,#2053,.F.);
#3259=ORIENTED_EDGE('',*,*,#2079,.F.);
#3260=ORIENTED_EDGE('',*,*,#2114,.F.);
#3261=ORIENTED_EDGE('',*,*,#2080,.T.);
#3262=ORIENTED_EDGE('',*,*,#2063,.F.);
#3263=ORIENTED_EDGE('',*,*,#2086,.F.);
#3264=ORIENTED_EDGE('',*,*,#2072,.F.);
#3265=ORIENTED_EDGE('',*,*,#2073,.T.);
#3266=ORIENTED_EDGE('',*,*,#2054,.F.);
#3267=ORIENTED_EDGE('',*,*,#2311,.T.);
#3268=ORIENTED_EDGE('',*,*,#1993,.F.);
#3269=ORIENTED_EDGE('',*,*,#2311,.F.);
#3270=ORIENTED_EDGE('',*,*,#2055,.F.);
#3271=ORIENTED_EDGE('',*,*,#2108,.F.);
#3272=ORIENTED_EDGE('',*,*,#2092,.F.);
#3273=ORIENTED_EDGE('',*,*,#2095,.T.);
#3274=ORIENTED_EDGE('',*,*,#2066,.F.);
#3275=ORIENTED_EDGE('',*,*,#2101,.F.);
#3276=ORIENTED_EDGE('',*,*,#2132,.F.);
#3277=ORIENTED_EDGE('',*,*,#2102,.T.);
#3278=ORIENTED_EDGE('',*,*,#2056,.F.);
#3279=ORIENTED_EDGE('',*,*,#2312,.T.);
#3280=ORIENTED_EDGE('',*,*,#1998,.F.);
#3281=ORIENTED_EDGE('',*,*,#2312,.F.);
#3282=ORIENTED_EDGE('',*,*,#2058,.F.);
#3283=ORIENTED_EDGE('',*,*,#2124,.F.);
#3284=ORIENTED_EDGE('',*,*,#2088,.F.);
#3285=ORIENTED_EDGE('',*,*,#2125,.T.);
#3286=ORIENTED_EDGE('',*,*,#2068,.F.);
#3287=ORIENTED_EDGE('',*,*,#2130,.F.);
#3288=ORIENTED_EDGE('',*,*,#2118,.F.);
#3289=ORIENTED_EDGE('',*,*,#2119,.T.);
#3290=ORIENTED_EDGE('',*,*,#2059,.F.);
#3291=ORIENTED_EDGE('',*,*,#2313,.T.);
#3292=ORIENTED_EDGE('',*,*,#1992,.F.);
#3293=ORIENTED_EDGE('',*,*,#2313,.F.);
#3294=ORIENTED_EDGE('',*,*,#2050,.F.);
#3295=ORIENTED_EDGE('',*,*,#2148,.F.);
#3296=ORIENTED_EDGE('',*,*,#2135,.F.);
#3297=ORIENTED_EDGE('',*,*,#2137,.T.);
#3298=ORIENTED_EDGE('',*,*,#2061,.F.);
#3299=ORIENTED_EDGE('',*,*,#2142,.F.);
#3300=ORIENTED_EDGE('',*,*,#2110,.F.);
#3301=ORIENTED_EDGE('',*,*,#2143,.T.);
#3302=ORIENTED_EDGE('',*,*,#2051,.F.);
#3303=ORIENTED_EDGE('',*,*,#2314,.T.);
#3304=ORIENTED_EDGE('',*,*,#2001,.F.);
#3305=ORIENTED_EDGE('',*,*,#2314,.F.);
#3306=ORIENTED_EDGE('',*,*,#2183,.F.);
#3307=ORIENTED_EDGE('',*,*,#2181,.T.);
#3308=ORIENTED_EDGE('',*,*,#2176,.F.);
#3309=ORIENTED_EDGE('',*,*,#2303,.F.);
#3310=ORIENTED_EDGE('',*,*,#2165,.F.);
#3311=ORIENTED_EDGE('',*,*,#2179,.T.);
#3312=ORIENTED_EDGE('',*,*,#2184,.F.);
#3313=ORIENTED_EDGE('',*,*,#2315,.T.);
#3314=ORIENTED_EDGE('',*,*,#2012,.F.);
#3315=ORIENTED_EDGE('',*,*,#2315,.F.);
#3316=ORIENTED_EDGE('',*,*,#2306,.F.);
#3317=ORIENTED_EDGE('',*,*,#2201,.F.);
#3318=ORIENTED_EDGE('',*,*,#2208,.T.);
#3319=ORIENTED_EDGE('',*,*,#2213,.F.);
#3320=ORIENTED_EDGE('',*,*,#2209,.T.);
#3321=ORIENTED_EDGE('',*,*,#2203,.F.);
#3322=ORIENTED_EDGE('',*,*,#2307,.F.);
#3323=ORIENTED_EDGE('',*,*,#2316,.T.);
#3324=ORIENTED_EDGE('',*,*,#2011,.F.);
#3325=ORIENTED_EDGE('',*,*,#2316,.F.);
#3326=ORIENTED_EDGE('',*,*,#2304,.F.);
#3327=ORIENTED_EDGE('',*,*,#2190,.F.);
#3328=ORIENTED_EDGE('',*,*,#2186,.T.);
#3329=ORIENTED_EDGE('',*,*,#2211,.F.);
#3330=ORIENTED_EDGE('',*,*,#2206,.T.);
#3331=ORIENTED_EDGE('',*,*,#2199,.F.);
#3332=ORIENTED_EDGE('',*,*,#2305,.F.);
#3333=ORIENTED_EDGE('',*,*,#2317,.T.);
#3334=ORIENTED_EDGE('',*,*,#2010,.F.);
#3335=ORIENTED_EDGE('',*,*,#2317,.F.);
#3336=ORIENTED_EDGE('',*,*,#1801,.T.);
#3337=ORIENTED_EDGE('',*,*,#2275,.F.);
#3338=ORIENTED_EDGE('',*,*,#2283,.F.);
#3339=ORIENTED_EDGE('',*,*,#1907,.T.);
#3340=ORIENTED_EDGE('',*,*,#2302,.F.);
#3341=ORIENTED_EDGE('',*,*,#2041,.T.);
#3342=ORIENTED_EDGE('',*,*,#1999,.F.);
#3343=ORIENTED_EDGE('',*,*,#1920,.F.);
#3344=ORIENTED_EDGE('',*,*,#2022,.T.);
#3345=ORIENTED_EDGE('',*,*,#2229,.F.);
#3346=ORIENTED_EDGE('',*,*,#2252,.F.);
#3347=ORIENTED_EDGE('',*,*,#2318,.T.);
#3348=ORIENTED_EDGE('',*,*,#1917,.F.);
#3349=ORIENTED_EDGE('',*,*,#2318,.F.);
#3350=ORIENTED_EDGE('',*,*,#2251,.F.);
#3351=ORIENTED_EDGE('',*,*,#2224,.T.);
#3352=ORIENTED_EDGE('',*,*,#2319,.T.);
#3353=ORIENTED_EDGE('',*,*,#1913,.F.);
#3354=ORIENTED_EDGE('',*,*,#2319,.F.);
#3355=ORIENTED_EDGE('',*,*,#2301,.F.);
#3356=ORIENTED_EDGE('',*,*,#2320,.F.);
#3357=ORIENTED_EDGE('',*,*,#1934,.F.);
#3358=ORIENTED_EDGE('',*,*,#2320,.T.);
#3359=ORIENTED_EDGE('',*,*,#2300,.F.);
#3360=ORIENTED_EDGE('',*,*,#2014,.T.);
#3361=CYLINDRICAL_SURFACE('',#3604,3.25);
#3362=CYLINDRICAL_SURFACE('',#3613,27.9054425432128);
#3363=CYLINDRICAL_SURFACE('',#3616,16.5571492531518);
#3364=CYLINDRICAL_SURFACE('',#3620,25.9054425432128);
#3365=CYLINDRICAL_SURFACE('',#3623,1.);
#3366=CYLINDRICAL_SURFACE('',#3674,1.6);
#3367=CYLINDRICAL_SURFACE('',#3683,1.6);
#3368=CYLINDRICAL_SURFACE('',#3692,1.6);
#3369=CYLINDRICAL_SURFACE('',#3701,1.6);
#3370=CYLINDRICAL_SURFACE('',#3716,1.6);
#3371=CYLINDRICAL_SURFACE('',#3718,1.6);
#3372=CYLINDRICAL_SURFACE('',#3720,1.6);
#3373=CYLINDRICAL_SURFACE('',#3722,1.6);
#3374=CYLINDRICAL_SURFACE('',#3731,1.6);
#3375=CYLINDRICAL_SURFACE('',#3737,1.6);
#3376=CYLINDRICAL_SURFACE('',#3743,1.6);
#3377=CYLINDRICAL_SURFACE('',#3750,1.6);
#3378=CYLINDRICAL_SURFACE('',#3891,3.2);
#3379=CYLINDRICAL_SURFACE('',#3895,3.2);
#3380=CYLINDRICAL_SURFACE('',#3908,6.);
#3381=CYLINDRICAL_SURFACE('',#3909,3.24999999999999);
#3382=CYLINDRICAL_SURFACE('',#3910,3.24999999999999);
#3383=CYLINDRICAL_SURFACE('',#3911,3.24999999999999);
#3384=CYLINDRICAL_SURFACE('',#3912,3.24999999999999);
#3385=CYLINDRICAL_SURFACE('',#3913,3.25);
#3386=CYLINDRICAL_SURFACE('',#3914,3.25);
#3387=CYLINDRICAL_SURFACE('',#3915,3.25);
#3388=CYLINDRICAL_SURFACE('',#3916,3.25);
#3389=ADVANCED_FACE('',(#285),#3361,.F.);
#3390=ADVANCED_FACE('',(#286),#3362,.F.);
#3391=ADVANCED_FACE('',(#287),#3363,.F.);
#3392=ADVANCED_FACE('',(#288),#165,.F.);
#3393=ADVANCED_FACE('',(#289),#3364,.T.);
#3394=ADVANCED_FACE('',(#290),#3365,.F.);
#3395=ADVANCED_FACE('',(#291),#166,.T.);
#3396=ADVANCED_FACE('',(#292),#167,.F.);
#3397=ADVANCED_FACE('',(#293),#168,.F.);
#3398=ADVANCED_FACE('',(#294),#169,.F.);
#3399=ADVANCED_FACE('',(#295),#170,.F.);
#3400=ADVANCED_FACE('',(#296),#171,.F.);
#3401=ADVANCED_FACE('',(#297),#172,.F.);
#3402=ADVANCED_FACE('',(#298),#173,.F.);
#3403=ADVANCED_FACE('',(#299),#174,.F.);
#3404=ADVANCED_FACE('',(#300),#175,.F.);
#3405=ADVANCED_FACE('',(#301),#176,.F.);
#3406=ADVANCED_FACE('',(#302),#177,.F.);
#3407=ADVANCED_FACE('',(#303),#178,.F.);
#3408=ADVANCED_FACE('',(#304),#179,.F.);
#3409=ADVANCED_FACE('',(#305),#180,.F.);
#3410=ADVANCED_FACE('',(#306),#181,.F.);
#3411=ADVANCED_FACE('',(#307),#182,.F.);
#3412=ADVANCED_FACE('',(#308),#183,.F.);
#3413=ADVANCED_FACE('',(#309),#184,.F.);
#3414=ADVANCED_FACE('',(#310),#185,.F.);
#3415=ADVANCED_FACE('',(#311),#186,.F.);
#3416=ADVANCED_FACE('',(#312),#187,.F.);
#3417=ADVANCED_FACE('',(#313),#188,.F.);
#3418=ADVANCED_FACE('',(#314),#128,.F.);
#3419=ADVANCED_FACE('',(#315),#189,.T.);
#3420=ADVANCED_FACE('',(#316),#129,.F.);
#3421=ADVANCED_FACE('',(#317),#190,.T.);
#3422=ADVANCED_FACE('',(#318),#191,.T.);
#3423=ADVANCED_FACE('',(#319),#110,.T.);
#3424=ADVANCED_FACE('',(#320),#111,.T.);
#3425=ADVANCED_FACE('',(#321),#112,.T.);
#3426=ADVANCED_FACE('',(#322),#113,.T.);
#3427=ADVANCED_FACE('',(#323),#114,.T.);
#3428=ADVANCED_FACE('',(#324),#115,.T.);
#3429=ADVANCED_FACE('',(#325),#116,.T.);
#3430=ADVANCED_FACE('',(#326),#117,.T.);
#3431=ADVANCED_FACE('',(#327),#44,.T.);
#3432=ADVANCED_FACE('',(#328),#45,.T.);
#3433=ADVANCED_FACE('',(#329),#46,.T.);
#3434=ADVANCED_FACE('',(#330),#47,.T.);
#3435=ADVANCED_FACE('',(#331),#130,.F.);
#3436=ADVANCED_FACE('',(#332),#192,.T.);
#3437=ADVANCED_FACE('',(#333),#193,.T.);
#3438=ADVANCED_FACE('',(#334),#131,.F.);
#3439=ADVANCED_FACE('',(#335),#194,.T.);
#3440=ADVANCED_FACE('',(#336),#48,.T.);
#3441=ADVANCED_FACE('',(#337),#132,.F.);
#3442=ADVANCED_FACE('',(#338),#3366,.F.);
#3443=ADVANCED_FACE('',(#339),#49,.T.);
#3444=ADVANCED_FACE('',(#340),#133,.F.);
#3445=ADVANCED_FACE('',(#341),#3367,.F.);
#3446=ADVANCED_FACE('',(#342),#50,.T.);
#3447=ADVANCED_FACE('',(#343),#134,.F.);
#3448=ADVANCED_FACE('',(#344),#3368,.F.);
#3449=ADVANCED_FACE('',(#345),#51,.T.);
#3450=ADVANCED_FACE('',(#346),#135,.F.);
#3451=ADVANCED_FACE('',(#347),#3369,.F.);
#3452=ADVANCED_FACE('',(#348),#195,.T.);
#3453=ADVANCED_FACE('',(#349),#196,.T.);
#3454=ADVANCED_FACE('',(#350),#197,.T.);
#3455=ADVANCED_FACE('',(#351),#198,.T.);
#3456=ADVANCED_FACE('',(#352),#52,.T.);
#3457=ADVANCED_FACE('',(#353),#53,.T.);
#3458=ADVANCED_FACE('',(#354,#15,#16,#17,#18,#19,#20,#21,#22,#23,#24,#25,
#26,#27,#28,#29,#30,#31),#199,.T.);
#3459=ADVANCED_FACE('',(#355),#3370,.F.);
#3460=ADVANCED_FACE('',(#356),#3371,.F.);
#3461=ADVANCED_FACE('',(#357),#3372,.F.);
#3462=ADVANCED_FACE('',(#358),#3373,.F.);
#3463=ADVANCED_FACE('',(#359,#32),#200,.F.);
#3464=ADVANCED_FACE('',(#360,#33),#201,.F.);
#3465=ADVANCED_FACE('',(#361,#34),#202,.F.);
#3466=ADVANCED_FACE('',(#362,#35),#203,.F.);
#3467=ADVANCED_FACE('',(#363),#54,.T.);
#3468=ADVANCED_FACE('',(#364),#55,.T.);
#3469=ADVANCED_FACE('',(#365),#56,.T.);
#3470=ADVANCED_FACE('',(#366),#57,.T.);
#3471=ADVANCED_FACE('',(#367),#58,.T.);
#3472=ADVANCED_FACE('',(#368),#59,.T.);
#3473=ADVANCED_FACE('',(#369),#3374,.F.);
#3474=ADVANCED_FACE('',(#370),#3375,.F.);
#3475=ADVANCED_FACE('',(#371),#3376,.F.);
#3476=ADVANCED_FACE('',(#372),#204,.T.);
#3477=ADVANCED_FACE('',(#373),#3377,.F.);
#3478=ADVANCED_FACE('',(#374),#205,.F.);
#3479=ADVANCED_FACE('',(#375),#206,.F.);
#3480=ADVANCED_FACE('',(#376),#207,.F.);
#3481=ADVANCED_FACE('',(#377),#208,.F.);
#3482=ADVANCED_FACE('',(#378),#209,.F.);
#3483=ADVANCED_FACE('',(#379),#210,.F.);
#3484=ADVANCED_FACE('',(#380),#211,.F.);
#3485=ADVANCED_FACE('',(#381),#212,.F.);
#3486=ADVANCED_FACE('',(#382),#213,.F.);
#3487=ADVANCED_FACE('',(#383),#214,.F.);
#3488=ADVANCED_FACE('',(#384),#215,.F.);
#3489=ADVANCED_FACE('',(#385),#216,.F.);
#3490=ADVANCED_FACE('',(#386),#217,.F.);
#3491=ADVANCED_FACE('',(#387),#218,.F.);
#3492=ADVANCED_FACE('',(#388),#219,.F.);
#3493=ADVANCED_FACE('',(#389),#220,.F.);
#3494=ADVANCED_FACE('',(#390),#221,.F.);
#3495=ADVANCED_FACE('',(#391),#222,.F.);
#3496=ADVANCED_FACE('',(#392),#223,.F.);
#3497=ADVANCED_FACE('',(#393),#224,.F.);
#3498=ADVANCED_FACE('',(#394),#225,.F.);
#3499=ADVANCED_FACE('',(#395),#226,.F.);
#3500=ADVANCED_FACE('',(#396),#227,.F.);
#3501=ADVANCED_FACE('',(#397),#228,.F.);
#3502=ADVANCED_FACE('',(#398),#229,.F.);
#3503=ADVANCED_FACE('',(#399),#230,.F.);
#3504=ADVANCED_FACE('',(#400),#231,.F.);
#3505=ADVANCED_FACE('',(#401),#232,.F.);
#3506=ADVANCED_FACE('',(#402),#233,.F.);
#3507=ADVANCED_FACE('',(#403),#234,.F.);
#3508=ADVANCED_FACE('',(#404),#235,.F.);
#3509=ADVANCED_FACE('',(#405),#236,.F.);
#3510=ADVANCED_FACE('',(#406),#237,.F.);
#3511=ADVANCED_FACE('',(#407),#238,.F.);
#3512=ADVANCED_FACE('',(#408),#239,.F.);
#3513=ADVANCED_FACE('',(#409),#240,.F.);
#3514=ADVANCED_FACE('',(#410),#241,.F.);
#3515=ADVANCED_FACE('',(#411),#242,.F.);
#3516=ADVANCED_FACE('',(#412),#243,.F.);
#3517=ADVANCED_FACE('',(#413),#244,.F.);
#3518=ADVANCED_FACE('',(#414),#245,.F.);
#3519=ADVANCED_FACE('',(#415),#246,.F.);
#3520=ADVANCED_FACE('',(#416),#247,.F.);
#3521=ADVANCED_FACE('',(#417),#248,.F.);
#3522=ADVANCED_FACE('',(#418),#249,.F.);
#3523=ADVANCED_FACE('',(#419),#250,.F.);
#3524=ADVANCED_FACE('',(#420),#251,.F.);
#3525=ADVANCED_FACE('',(#421),#252,.F.);
#3526=ADVANCED_FACE('',(#422),#136,.T.);
#3527=ADVANCED_FACE('',(#423),#253,.F.);
#3528=ADVANCED_FACE('',(#424),#254,.F.);
#3529=ADVANCED_FACE('',(#425),#137,.T.);
#3530=ADVANCED_FACE('',(#426),#255,.T.);
#3531=ADVANCED_FACE('',(#427),#256,.T.);
#3532=ADVANCED_FACE('',(#428),#138,.F.);
#3533=ADVANCED_FACE('',(#429),#257,.T.);
#3534=ADVANCED_FACE('',(#430),#139,.T.);
#3535=ADVANCED_FACE('',(#431),#258,.F.);
#3536=ADVANCED_FACE('',(#432),#259,.F.);
#3537=ADVANCED_FACE('',(#433),#140,.T.);
#3538=ADVANCED_FACE('',(#434),#141,.T.);
#3539=ADVANCED_FACE('',(#435),#260,.T.);
#3540=ADVANCED_FACE('',(#436),#261,.T.);
#3541=ADVANCED_FACE('',(#437),#142,.F.);
#3542=ADVANCED_FACE('',(#438),#262,.T.);
#3543=ADVANCED_FACE('',(#439),#118,.T.);
#3544=ADVANCED_FACE('',(#440),#263,.T.);
#3545=ADVANCED_FACE('',(#441),#264,.T.);
#3546=ADVANCED_FACE('',(#442),#119,.T.);
#3547=ADVANCED_FACE('',(#443),#120,.T.);
#3548=ADVANCED_FACE('',(#444),#121,.T.);
#3549=ADVANCED_FACE('',(#445),#122,.T.);
#3550=ADVANCED_FACE('',(#446),#265,.T.);
#3551=ADVANCED_FACE('',(#447),#123,.T.);
#3552=ADVANCED_FACE('',(#448),#266,.F.);
#3553=ADVANCED_FACE('',(#449),#267,.T.);
#3554=ADVANCED_FACE('',(#450),#124,.T.);
#3555=ADVANCED_FACE('',(#451),#125,.T.);
#3556=ADVANCED_FACE('',(#452),#126,.T.);
#3557=ADVANCED_FACE('',(#453),#127,.T.);
#3558=ADVANCED_FACE('',(#454),#268,.T.);
#3559=ADVANCED_FACE('',(#455),#269,.T.);
#3560=ADVANCED_FACE('',(#456),#270,.T.);
#3561=ADVANCED_FACE('',(#457),#271,.T.);
#3562=ADVANCED_FACE('',(#458),#272,.T.);
#3563=ADVANCED_FACE('',(#459),#273,.T.);
#3564=ADVANCED_FACE('',(#460),#274,.T.);
#3565=ADVANCED_FACE('',(#461),#275,.T.);
#3566=ADVANCED_FACE('',(#462),#276,.T.);
#3567=ADVANCED_FACE('',(#463),#277,.T.);
#3568=ADVANCED_FACE('',(#464),#3378,.F.);
#3569=ADVANCED_FACE('',(#465),#3379,.F.);
#3570=ADVANCED_FACE('',(#466),#278,.T.);
#3571=ADVANCED_FACE('',(#467),#279,.T.);
#3572=ADVANCED_FACE('',(#468),#280,.T.);
#3573=ADVANCED_FACE('',(#469),#281,.T.);
#3574=ADVANCED_FACE('',(#470,#36,#37,#38,#39,#40,#41,#42,#43),#282,.F.);
#3575=ADVANCED_FACE('',(#471),#283,.T.);
#3576=ADVANCED_FACE('',(#472),#3380,.T.);
#3577=ADVANCED_FACE('',(#473),#3381,.F.);
#3578=ADVANCED_FACE('',(#474),#3382,.F.);
#3579=ADVANCED_FACE('',(#475),#3383,.F.);
#3580=ADVANCED_FACE('',(#476),#3384,.F.);
#3581=ADVANCED_FACE('',(#477),#3385,.F.);
#3582=ADVANCED_FACE('',(#478),#3386,.F.);
#3583=ADVANCED_FACE('',(#479),#3387,.F.);
#3584=ADVANCED_FACE('',(#480),#3388,.F.);
#3585=ADVANCED_FACE('',(#481),#284,.T.);
#3586=ADVANCED_FACE('',(#482),#60,.T.);
#3587=ADVANCED_FACE('',(#483),#61,.T.);
#3588=ADVANCED_FACE('',(#484),#62,.T.);
#3589=ADVANCED_FACE('',(#485),#63,.T.);
#3590=CLOSED_SHELL('',(#3389,#3390,#3391,#3392,#3393,#3394,#3395,#3396,
#3397,#3398,#3399,#3400,#3401,#3402,#3403,#3404,#3405,#3406,#3407,#3408,
#3409,#3410,#3411,#3412,#3413,#3414,#3415,#3416,#3417,#3418,#3419,#3420,
#3421,#3422,#3423,#3424,#3425,#3426,#3427,#3428,#3429,#3430,#3431,#3432,
#3433,#3434,#3435,#3436,#3437,#3438,#3439,#3440,#3441,#3442,#3443,#3444,
#3445,#3446,#3447,#3448,#3449,#3450,#3451,#3452,#3453,#3454,#3455,#3456,
#3457,#3458,#3459,#3460,#3461,#3462,#3463,#3464,#3465,#3466,#3467,#3468,
#3469,#3470,#3471,#3472,#3473,#3474,#3475,#3476,#3477,#3478,#3479,#3480,
#3481,#3482,#3483,#3484,#3485,#3486,#3487,#3488,#3489,#3490,#3491,#3492,
#3493,#3494,#3495,#3496,#3497,#3498,#3499,#3500,#3501,#3502,#3503,#3504,
#3505,#3506,#3507,#3508,#3509,#3510,#3511,#3512,#3513,#3514,#3515,#3516,
#3517,#3518,#3519,#3520,#3521,#3522,#3523,#3524,#3525,#3526,#3527,#3528,
#3529,#3530,#3531,#3532,#3533,#3534,#3535,#3536,#3537,#3538,#3539,#3540,
#3541,#3542,#3543,#3544,#3545,#3546,#3547,#3548,#3549,#3550,#3551,#3552,
#3553,#3554,#3555,#3556,#3557,#3558,#3559,#3560,#3561,#3562,#3563,#3564,
#3565,#3566,#3567,#3568,#3569,#3570,#3571,#3572,#3573,#3574,#3575,#3576,
#3577,#3578,#3579,#3580,#3581,#3582,#3583,#3584,#3585,#3586,#3587,#3588,
#3589));
#3591=DERIVED_UNIT_ELEMENT(#3593,1.);
#3592=DERIVED_UNIT_ELEMENT(#6648,-3.);
#3593=(
MASS_UNIT()
NAMED_UNIT(*)
SI_UNIT(.KILO.,.GRAM.)
);
#3594=DERIVED_UNIT((#3591,#3592));
#3595=MEASURE_REPRESENTATION_ITEM('density measure',
POSITIVE_RATIO_MEASURE(7850.),#3594);
#3596=PROPERTY_DEFINITION_REPRESENTATION(#3601,#3598);
#3597=PROPERTY_DEFINITION_REPRESENTATION(#3602,#3599);
#3598=REPRESENTATION('material name',(#3600),#6645);
#3599=REPRESENTATION('density',(#3595),#6645);
#3600=DESCRIPTIVE_REPRESENTATION_ITEM('Steel','Steel');
#3601=PROPERTY_DEFINITION('material property','material name',#6655);
#3602=PROPERTY_DEFINITION('material property','density of part',#6655);
#3603=AXIS2_PLACEMENT_3D('',#4849,#3918,#3919);
#3604=AXIS2_PLACEMENT_3D('',#4850,#3920,#3921);
#3605=AXIS2_PLACEMENT_3D('',#4855,#3923,#3924);
#3606=AXIS2_PLACEMENT_3D('',#4859,#3926,#3927);
#3607=AXIS2_PLACEMENT_3D('',#4863,#3929,#3930);
#3608=AXIS2_PLACEMENT_3D('',#4865,#3931,#3932);
#3609=AXIS2_PLACEMENT_3D('',#4869,#3934,#3935);
#3610=AXIS2_PLACEMENT_3D('',#4872,#3937,#3938);
#3611=AXIS2_PLACEMENT_3D('',#4874,#3939,#3940);
#3612=AXIS2_PLACEMENT_3D('',#4877,#3942,#3943);
#3613=AXIS2_PLACEMENT_3D('',#4878,#3944,#3945);
#3614=AXIS2_PLACEMENT_3D('',#4881,#3946,#3947);
#3615=AXIS2_PLACEMENT_3D('',#4885,#3949,#3950);
#3616=AXIS2_PLACEMENT_3D('',#4887,#3952,#3953);
#3617=AXIS2_PLACEMENT_3D('',#4889,#3954,#3955);
#3618=AXIS2_PLACEMENT_3D('',#4892,#3957,#3958);
#3619=AXIS2_PLACEMENT_3D('',#4893,#3959,#3960);
#3620=AXIS2_PLACEMENT_3D('',#4899,#3964,#3965);
#3621=AXIS2_PLACEMENT_3D('',#4902,#3966,#3967);
#3622=AXIS2_PLACEMENT_3D('',#4906,#3969,#3970);
#3623=AXIS2_PLACEMENT_3D('',#4908,#3972,#3973);
#3624=AXIS2_PLACEMENT_3D('',#4909,#3974,#3975);
#3625=AXIS2_PLACEMENT_3D('',#4910,#3976,#3977);
#3626=AXIS2_PLACEMENT_3D('',#4911,#3978,#3979);
#3627=AXIS2_PLACEMENT_3D('',#4915,#3982,#3983);
#3628=AXIS2_PLACEMENT_3D('',#4924,#3988,#3989);
#3629=AXIS2_PLACEMENT_3D('',#4930,#3993,#3994);
#3630=AXIS2_PLACEMENT_3D('',#4936,#3998,#3999);
#3631=AXIS2_PLACEMENT_3D('',#4942,#4003,#4004);
#3632=AXIS2_PLACEMENT_3D('',#4947,#4008,#4009);
#3633=AXIS2_PLACEMENT_3D('',#4951,#4012,#4013);
#3634=AXIS2_PLACEMENT_3D('',#4957,#4017,#4018);
#3635=AXIS2_PLACEMENT_3D('',#4963,#4022,#4023);
#3636=AXIS2_PLACEMENT_3D('',#4969,#4027,#4028);
#3637=AXIS2_PLACEMENT_3D('',#4975,#4032,#4033);
#3638=AXIS2_PLACEMENT_3D('',#4981,#4037,#4038);
#3639=AXIS2_PLACEMENT_3D('',#4984,#4041,#4042);
#3640=AXIS2_PLACEMENT_3D('',#4985,#4043,#4044);
#3641=AXIS2_PLACEMENT_3D('',#4994,#4049,#4050);
#3642=AXIS2_PLACEMENT_3D('',#5000,#4054,#4055);
#3643=AXIS2_PLACEMENT_3D('',#5014,#4063,#4064);
#3644=AXIS2_PLACEMENT_3D('',#5017,#4067,#4068);
#3645=AXIS2_PLACEMENT_3D('',#5018,#4069,#4070);
#3646=AXIS2_PLACEMENT_3D('',#5036,#4076,#4077);
#3647=AXIS2_PLACEMENT_3D('',#5042,#4081,#4082);
#3648=AXIS2_PLACEMENT_3D('',#5057,#4087,#4088);
#3649=AXIS2_PLACEMENT_3D('',#5058,#4089,#4090);
#3650=AXIS2_PLACEMENT_3D('',#5059,#4091,#4092);
#3651=AXIS2_PLACEMENT_3D('',#5060,#4093,#4094);
#3652=AXIS2_PLACEMENT_3D('',#5061,#4095,#4096);
#3653=AXIS2_PLACEMENT_3D('',#5062,#4097,#4098);
#3654=AXIS2_PLACEMENT_3D('',#5063,#4099,#4100);
#3655=AXIS2_PLACEMENT_3D('',#5064,#4101,#4102);
#3656=AXIS2_PLACEMENT_3D('',#5065,#4103,#4104);
#3657=AXIS2_PLACEMENT_3D('',#5074,#4109,#4110);
#3658=AXIS2_PLACEMENT_3D('',#5438,#4127,#4128);
#3659=AXIS2_PLACEMENT_3D('',#5440,#4129,#4130);
#3660=AXIS2_PLACEMENT_3D('',#5443,#4132,#4133);
#3661=AXIS2_PLACEMENT_3D('',#5444,#4134,#4135);
#3662=AXIS2_PLACEMENT_3D('',#5445,#4136,#4137);
#3663=AXIS2_PLACEMENT_3D('',#5446,#4138,#4139);
#3664=AXIS2_PLACEMENT_3D('',#5448,#4140,#4141);
#3665=AXIS2_PLACEMENT_3D('',#5451,#4143,#4144);
#3666=AXIS2_PLACEMENT_3D('',#5452,#4145,#4146);
#3667=AXIS2_PLACEMENT_3D('',#5482,#4147,#4148);
#3668=AXIS2_PLACEMENT_3D('',#5484,#4149,#4150);
#3669=AXIS2_PLACEMENT_3D('',#5486,#4151,#4152);
#3670=AXIS2_PLACEMENT_3D('',#5487,#4153,#4154);
#3671=AXIS2_PLACEMENT_3D('',#5488,#4155,#4156);
#3672=AXIS2_PLACEMENT_3D('',#5489,#4157,#4158);
#3673=AXIS2_PLACEMENT_3D('',#5491,#4159,#4160);
#3674=AXIS2_PLACEMENT_3D('',#5493,#4162,#4163);
#3675=AXIS2_PLACEMENT_3D('',#5495,#4164,#4165);
#3676=AXIS2_PLACEMENT_3D('',#5526,#4167,#4168);
#3677=AXIS2_PLACEMENT_3D('',#5528,#4169,#4170);
#3678=AXIS2_PLACEMENT_3D('',#5530,#4171,#4172);
#3679=AXIS2_PLACEMENT_3D('',#5531,#4173,#4174);
#3680=AXIS2_PLACEMENT_3D('',#5532,#4175,#4176);
#3681=AXIS2_PLACEMENT_3D('',#5533,#4177,#4178);
#3682=AXIS2_PLACEMENT_3D('',#5535,#4179,#4180);
#3683=AXIS2_PLACEMENT_3D('',#5537,#4182,#4183);
#3684=AXIS2_PLACEMENT_3D('',#5539,#4184,#4185);
#3685=AXIS2_PLACEMENT_3D('',#5570,#4187,#4188);
#3686=AXIS2_PLACEMENT_3D('',#5572,#4189,#4190);
#3687=AXIS2_PLACEMENT_3D('',#5574,#4191,#4192);
#3688=AXIS2_PLACEMENT_3D('',#5575,#4193,#4194);
#3689=AXIS2_PLACEMENT_3D('',#5576,#4195,#4196);
#3690=AXIS2_PLACEMENT_3D('',#5577,#4197,#4198);
#3691=AXIS2_PLACEMENT_3D('',#5579,#4199,#4200);
#3692=AXIS2_PLACEMENT_3D('',#5581,#4202,#4203);
#3693=AXIS2_PLACEMENT_3D('',#5583,#4204,#4205);
#3694=AXIS2_PLACEMENT_3D('',#5614,#4207,#4208);
#3695=AXIS2_PLACEMENT_3D('',#5616,#4209,#4210);
#3696=AXIS2_PLACEMENT_3D('',#5618,#4211,#4212);
#3697=AXIS2_PLACEMENT_3D('',#5619,#4213,#4214);
#3698=AXIS2_PLACEMENT_3D('',#5620,#4215,#4216);
#3699=AXIS2_PLACEMENT_3D('',#5621,#4217,#4218);
#3700=AXIS2_PLACEMENT_3D('',#5623,#4219,#4220);
#3701=AXIS2_PLACEMENT_3D('',#5625,#4222,#4223);
#3702=AXIS2_PLACEMENT_3D('',#5627,#4224,#4225);
#3703=AXIS2_PLACEMENT_3D('',#5629,#4227,#4228);
#3704=AXIS2_PLACEMENT_3D('',#5630,#4229,#4230);
#3705=AXIS2_PLACEMENT_3D('',#5631,#4231,#4232);
#3706=AXIS2_PLACEMENT_3D('',#5632,#4233,#4234);
#3707=AXIS2_PLACEMENT_3D('',#5655,#4237,#4238);
#3708=AXIS2_PLACEMENT_3D('',#5664,#4239,#4240);
#3709=AXIS2_PLACEMENT_3D('',#5666,#4241,#4242);
#3710=AXIS2_PLACEMENT_3D('',#5668,#4243,#4244);
#3711=AXIS2_PLACEMENT_3D('',#5670,#4245,#4246);
#3712=AXIS2_PLACEMENT_3D('',#5672,#4247,#4248);
#3713=AXIS2_PLACEMENT_3D('',#5674,#4249,#4250);
#3714=AXIS2_PLACEMENT_3D('',#5676,#4251,#4252);
#3715=AXIS2_PLACEMENT_3D('',#5681,#4255,#4256);
#3716=AXIS2_PLACEMENT_3D('',#5682,#4257,#4258);
#3717=AXIS2_PLACEMENT_3D('',#5684,#4259,#4260);
#3718=AXIS2_PLACEMENT_3D('',#5686,#4262,#4263);
#3719=AXIS2_PLACEMENT_3D('',#5688,#4264,#4265);
#3720=AXIS2_PLACEMENT_3D('',#5690,#4267,#4268);
#3721=AXIS2_PLACEMENT_3D('',#5692,#4269,#4270);
#3722=AXIS2_PLACEMENT_3D('',#5694,#4272,#4273);
#3723=AXIS2_PLACEMENT_3D('',#5696,#4274,#4275);
#3724=AXIS2_PLACEMENT_3D('',#5698,#4277,#4278);
#3725=AXIS2_PLACEMENT_3D('',#5700,#4279,#4280);
#3726=AXIS2_PLACEMENT_3D('',#5701,#4281,#4282);
#3727=AXIS2_PLACEMENT_3D('',#5703,#4283,#4284);
#3728=AXIS2_PLACEMENT_3D('',#5704,#4285,#4286);
#3729=AXIS2_PLACEMENT_3D('',#5706,#4287,#4288);
#3730=AXIS2_PLACEMENT_3D('',#5707,#4289,#4290);
#3731=AXIS2_PLACEMENT_3D('',#5767,#4297,#4298);
#3732=AXIS2_PLACEMENT_3D('',#5769,#4299,#4300);
#3733=AXIS2_PLACEMENT_3D('',#5773,#4302,#4303);
#3734=AXIS2_PLACEMENT_3D('',#5775,#4304,#4305);
#3735=AXIS2_PLACEMENT_3D('',#5777,#4306,#4307);
#3736=AXIS2_PLACEMENT_3D('',#5778,#4308,#4309);
#3737=AXIS2_PLACEMENT_3D('',#5779,#4310,#4311);
#3738=AXIS2_PLACEMENT_3D('',#5781,#4312,#4313);
#3739=AXIS2_PLACEMENT_3D('',#5785,#4315,#4316);
#3740=AXIS2_PLACEMENT_3D('',#5787,#4317,#4318);
#3741=AXIS2_PLACEMENT_3D('',#5789,#4319,#4320);
#3742=AXIS2_PLACEMENT_3D('',#5790,#4321,#4322);
#3743=AXIS2_PLACEMENT_3D('',#5791,#4323,#4324);
#3744=AXIS2_PLACEMENT_3D('',#5793,#4325,#4326);
#3745=AXIS2_PLACEMENT_3D('',#5797,#4328,#4329);
#3746=AXIS2_PLACEMENT_3D('',#5799,#4330,#4331);
#3747=AXIS2_PLACEMENT_3D('',#5801,#4332,#4333);
#3748=AXIS2_PLACEMENT_3D('',#5802,#4334,#4335);
#3749=AXIS2_PLACEMENT_3D('',#5803,#4336,#4337);
#3750=AXIS2_PLACEMENT_3D('',#5807,#4340,#4341);
#3751=AXIS2_PLACEMENT_3D('',#5809,#4342,#4343);
#3752=AXIS2_PLACEMENT_3D('',#5813,#4345,#4346);
#3753=AXIS2_PLACEMENT_3D('',#5815,#4347,#4348);
#3754=AXIS2_PLACEMENT_3D('',#5817,#4349,#4350);
#3755=AXIS2_PLACEMENT_3D('',#5818,#4351,#4352);
#3756=AXIS2_PLACEMENT_3D('',#5819,#4353,#4354);
#3757=AXIS2_PLACEMENT_3D('',#5824,#4356,#4357);
#3758=AXIS2_PLACEMENT_3D('',#5825,#4358,#4359);
#3759=AXIS2_PLACEMENT_3D('',#5826,#4360,#4361);
#3760=AXIS2_PLACEMENT_3D('',#5831,#4363,#4364);
#3761=AXIS2_PLACEMENT_3D('',#5832,#4365,#4366);
#3762=AXIS2_PLACEMENT_3D('',#5833,#4367,#4368);
#3763=AXIS2_PLACEMENT_3D('',#5836,#4369,#4370);
#3764=AXIS2_PLACEMENT_3D('',#5838,#4371,#4372);
#3765=AXIS2_PLACEMENT_3D('',#5840,#4374,#4375);
#3766=AXIS2_PLACEMENT_3D('',#5843,#4376,#4377);
#3767=AXIS2_PLACEMENT_3D('',#5845,#4378,#4379);
#3768=AXIS2_PLACEMENT_3D('',#5847,#4381,#4382);
#3769=AXIS2_PLACEMENT_3D('',#5850,#4383,#4384);
#3770=AXIS2_PLACEMENT_3D('',#5852,#4386,#4387);
#3771=AXIS2_PLACEMENT_3D('',#5855,#4388,#4389);
#3772=AXIS2_PLACEMENT_3D('',#5857,#4391,#4392);
#3773=AXIS2_PLACEMENT_3D('',#5861,#4394,#4395);
#3774=AXIS2_PLACEMENT_3D('',#5862,#4396,#4397);
#3775=AXIS2_PLACEMENT_3D('',#5866,#4399,#4400);
#3776=AXIS2_PLACEMENT_3D('',#5867,#4401,#4402);
#3777=AXIS2_PLACEMENT_3D('',#5875,#4406,#4407);
#3778=AXIS2_PLACEMENT_3D('',#5876,#4408,#4409);
#3779=AXIS2_PLACEMENT_3D('',#5888,#4417,#4418);
#3780=AXIS2_PLACEMENT_3D('',#5900,#4426,#4427);
#3781=AXIS2_PLACEMENT_3D('',#5905,#4429,#4430);
#3782=AXIS2_PLACEMENT_3D('',#5909,#4433,#4434);
#3783=AXIS2_PLACEMENT_3D('',#5914,#4436,#4437);
#3784=AXIS2_PLACEMENT_3D('',#5918,#4440,#4441);
#3785=AXIS2_PLACEMENT_3D('',#5930,#4449,#4450);
#3786=AXIS2_PLACEMENT_3D('',#5942,#4458,#4459);
#3787=AXIS2_PLACEMENT_3D('',#5947,#4461,#4462);
#3788=AXIS2_PLACEMENT_3D('',#5951,#4465,#4466);
#3789=AXIS2_PLACEMENT_3D('',#5953,#4468,#4469);
#3790=AXIS2_PLACEMENT_3D('',#5954,#4470,#4471);
#3791=AXIS2_PLACEMENT_3D('',#5962,#4475,#4476);
#3792=AXIS2_PLACEMENT_3D('',#5963,#4477,#4478);
#3793=AXIS2_PLACEMENT_3D('',#5972,#4485,#4486);
#3794=AXIS2_PLACEMENT_3D('',#5981,#4493,#4494);
#3795=AXIS2_PLACEMENT_3D('',#5983,#4496,#4497);
#3796=AXIS2_PLACEMENT_3D('',#5984,#4498,#4499);
#3797=AXIS2_PLACEMENT_3D('',#5991,#4502,#4503);
#3798=AXIS2_PLACEMENT_3D('',#5993,#4505,#4506);
#3799=AXIS2_PLACEMENT_3D('',#6002,#4513,#4514);
#3800=AXIS2_PLACEMENT_3D('',#6011,#4521,#4522);
#3801=AXIS2_PLACEMENT_3D('',#6013,#4524,#4525);
#3802=AXIS2_PLACEMENT_3D('',#6015,#4527,#4528);
#3803=AXIS2_PLACEMENT_3D('',#6017,#4530,#4531);
#3804=AXIS2_PLACEMENT_3D('',#6019,#4533,#4534);
#3805=AXIS2_PLACEMENT_3D('',#6020,#4535,#4536);
#3806=AXIS2_PLACEMENT_3D('',#6021,#4537,#4538);
#3807=AXIS2_PLACEMENT_3D('',#6023,#4540,#4541);
#3808=AXIS2_PLACEMENT_3D('',#6025,#4543,#4544);
#3809=AXIS2_PLACEMENT_3D('',#6026,#4545,#4546);
#3810=AXIS2_PLACEMENT_3D('',#6028,#4548,#4549);
#3811=AXIS2_PLACEMENT_3D('',#6030,#4551,#4552);
#3812=AXIS2_PLACEMENT_3D('',#6031,#4553,#4554);
#3813=AXIS2_PLACEMENT_3D('',#6033,#4556,#4557);
#3814=AXIS2_PLACEMENT_3D('',#6035,#4559,#4560);
#3815=AXIS2_PLACEMENT_3D('',#6036,#4561,#4562);
#3816=AXIS2_PLACEMENT_3D('',#6038,#4564,#4565);
#3817=AXIS2_PLACEMENT_3D('',#6040,#4567,#4568);
#3818=AXIS2_PLACEMENT_3D('',#6041,#4569,#4570);
#3819=AXIS2_PLACEMENT_3D('',#6043,#4572,#4573);
#3820=AXIS2_PLACEMENT_3D('',#6045,#4575,#4576);
#3821=AXIS2_PLACEMENT_3D('',#6047,#4578,#4579);
#3822=AXIS2_PLACEMENT_3D('',#6049,#4581,#4582);
#3823=AXIS2_PLACEMENT_3D('',#6050,#4583,#4584);
#3824=AXIS2_PLACEMENT_3D('',#6051,#4585,#4586);
#3825=AXIS2_PLACEMENT_3D('',#6061,#4587,#4588);
#3826=AXIS2_PLACEMENT_3D('',#6063,#4589,#4590);
#3827=AXIS2_PLACEMENT_3D('',#6064,#4591,#4592);
#3828=AXIS2_PLACEMENT_3D('',#6065,#4593,#4594);
#3829=AXIS2_PLACEMENT_3D('',#6075,#4597,#4598);
#3830=AXIS2_PLACEMENT_3D('',#6076,#4599,#4600);
#3831=AXIS2_PLACEMENT_3D('',#6084,#4603,#4604);
#3832=AXIS2_PLACEMENT_3D('',#6093,#4605,#4606);
#3833=AXIS2_PLACEMENT_3D('',#6094,#4607,#4608);
#3834=AXIS2_PLACEMENT_3D('',#6095,#4609,#4610);
#3835=AXIS2_PLACEMENT_3D('',#6097,#4611,#4612);
#3836=AXIS2_PLACEMENT_3D('',#6098,#4613,#4614);
#3837=AXIS2_PLACEMENT_3D('',#6099,#4615,#4616);
#3838=AXIS2_PLACEMENT_3D('',#6101,#4617,#4618);
#3839=AXIS2_PLACEMENT_3D('',#6102,#4619,#4620);
#3840=AXIS2_PLACEMENT_3D('',#6103,#4621,#4622);
#3841=AXIS2_PLACEMENT_3D('',#6123,#4623,#4624);
#3842=AXIS2_PLACEMENT_3D('',#6124,#4625,#4626);
#3843=AXIS2_PLACEMENT_3D('',#6127,#4627,#4628);
#3844=AXIS2_PLACEMENT_3D('',#6129,#4629,#4630);
#3845=AXIS2_PLACEMENT_3D('',#6132,#4632,#4633);
#3846=AXIS2_PLACEMENT_3D('',#6133,#4634,#4635);
#3847=AXIS2_PLACEMENT_3D('',#6142,#4636,#4637);
#3848=AXIS2_PLACEMENT_3D('',#6143,#4638,#4639);
#3849=AXIS2_PLACEMENT_3D('',#6144,#4640,#4641);
#3850=AXIS2_PLACEMENT_3D('',#6154,#4644,#4645);
#3851=AXIS2_PLACEMENT_3D('',#6155,#4646,#4647);
#3852=AXIS2_PLACEMENT_3D('',#6161,#4649,#4650);
#3853=AXIS2_PLACEMENT_3D('',#6171,#4651,#4652);
#3854=AXIS2_PLACEMENT_3D('',#6179,#4653,#4654);
#3855=AXIS2_PLACEMENT_3D('',#6180,#4655,#4656);
#3856=AXIS2_PLACEMENT_3D('',#6189,#4657,#4658);
#3857=AXIS2_PLACEMENT_3D('',#6190,#4659,#4660);
#3858=AXIS2_PLACEMENT_3D('',#6191,#4661,#4662);
#3859=AXIS2_PLACEMENT_3D('',#6193,#4663,#4664);
#3860=AXIS2_PLACEMENT_3D('',#6195,#4665,#4666);
#3861=AXIS2_PLACEMENT_3D('',#6196,#4667,#4668);
#3862=AXIS2_PLACEMENT_3D('',#6197,#4669,#4670);
#3863=AXIS2_PLACEMENT_3D('',#6199,#4671,#4672);
#3864=AXIS2_PLACEMENT_3D('',#6200,#4673,#4674);
#3865=AXIS2_PLACEMENT_3D('',#6201,#4675,#4676);
#3866=AXIS2_PLACEMENT_3D('',#6216,#4677,#4678);
#3867=AXIS2_PLACEMENT_3D('',#6231,#4679,#4680);
#3868=AXIS2_PLACEMENT_3D('',#6263,#4688,#4689);
#3869=AXIS2_PLACEMENT_3D('',#6269,#4693,#4694);
#3870=AXIS2_PLACEMENT_3D('',#6373,#4703,#4704);
#3871=AXIS2_PLACEMENT_3D('',#6399,#4710,#4711);
#3872=AXIS2_PLACEMENT_3D('',#6420,#4712,#4713);
#3873=AXIS2_PLACEMENT_3D('',#6497,#4716,#4717);
#3874=AXIS2_PLACEMENT_3D('',#6508,#4723,#4724);
#3875=AXIS2_PLACEMENT_3D('',#6514,#4727,#4728);
#3876=AXIS2_PLACEMENT_3D('',#6516,#4730,#4731);
#3877=AXIS2_PLACEMENT_3D('',#6527,#4737,#4738);
#3878=AXIS2_PLACEMENT_3D('',#6530,#4741,#4742);
#3879=AXIS2_PLACEMENT_3D('',#6532,#4743,#4744);
#3880=AXIS2_PLACEMENT_3D('',#6536,#4747,#4748);
#3881=AXIS2_PLACEMENT_3D('',#6538,#4749,#4750);
#3882=AXIS2_PLACEMENT_3D('',#6540,#4752,#4753);
#3883=AXIS2_PLACEMENT_3D('',#6542,#4754,#4755);
#3884=AXIS2_PLACEMENT_3D('',#6546,#4758,#4759);
#3885=AXIS2_PLACEMENT_3D('',#6547,#4760,#4761);
#3886=AXIS2_PLACEMENT_3D('',#6549,#4762,#4763);
#3887=AXIS2_PLACEMENT_3D('',#6551,#4765,#4766);
#3888=AXIS2_PLACEMENT_3D('',#6553,#4767,#4768);
#3889=AXIS2_PLACEMENT_3D('',#6555,#4770,#4771);
#3890=AXIS2_PLACEMENT_3D('',#6558,#4773,#4774);
#3891=AXIS2_PLACEMENT_3D('',#6564,#4778,#4779);
#3892=AXIS2_PLACEMENT_3D('',#6566,#4780,#4781);
#3893=AXIS2_PLACEMENT_3D('',#6567,#4782,#4783);
#3894=AXIS2_PLACEMENT_3D('',#6568,#4784,#4785);
#3895=AXIS2_PLACEMENT_3D('',#6569,#4786,#4787);
#3896=AXIS2_PLACEMENT_3D('',#6570,#4788,#4789);
#3897=AXIS2_PLACEMENT_3D('',#6572,#4791,#4792);
#3898=AXIS2_PLACEMENT_3D('',#6574,#4794,#4795);
#3899=AXIS2_PLACEMENT_3D('',#6576,#4797,#4798);
#3900=AXIS2_PLACEMENT_3D('',#6578,#4800,#4801);
#3901=AXIS2_PLACEMENT_3D('',#6587,#4803,#4804);
#3902=AXIS2_PLACEMENT_3D('',#6589,#4805,#4806);
#3903=AXIS2_PLACEMENT_3D('',#6590,#4807,#4808);
#3904=AXIS2_PLACEMENT_3D('',#6592,#4809,#4810);
#3905=AXIS2_PLACEMENT_3D('',#6593,#4811,#4812);
#3906=AXIS2_PLACEMENT_3D('',#6595,#4813,#4814);
#3907=AXIS2_PLACEMENT_3D('',#6597,#4816,#4817);
#3908=AXIS2_PLACEMENT_3D('',#6599,#4819,#4820);
#3909=AXIS2_PLACEMENT_3D('',#6600,#4821,#4822);
#3910=AXIS2_PLACEMENT_3D('',#6602,#4824,#4825);
#3911=AXIS2_PLACEMENT_3D('',#6604,#4827,#4828);
#3912=AXIS2_PLACEMENT_3D('',#6606,#4830,#4831);
#3913=AXIS2_PLACEMENT_3D('',#6608,#4833,#4834);
#3914=AXIS2_PLACEMENT_3D('',#6610,#4836,#4837);
#3915=AXIS2_PLACEMENT_3D('',#6612,#4839,#4840);
#3916=AXIS2_PLACEMENT_3D('',#6614,#4842,#4843);
#3917=AXIS2_PLACEMENT_3D('',#6615,#4844,#4845);
#3918=DIRECTION('axis',(0.,0.,1.));
#3919=DIRECTION('refdir',(1.,0.,0.));
#3920=DIRECTION('center_axis',(0.,0.,1.));
#3921=DIRECTION('ref_axis',(1.,0.,0.));
#3922=DIRECTION('',(0.,0.,1.));
#3923=DIRECTION('center_axis',(0.,0.707106781186548,0.707106781186548));
#3924=DIRECTION('ref_axis',(0.,-0.707106781186548,0.707106781186548));
#3925=DIRECTION('',(0.,0.,1.));
#3926=DIRECTION('center_axis',(0.,0.,1.));
#3927=DIRECTION('ref_axis',(1.,0.,0.));
#3928=DIRECTION('',(0.,0.,-1.));
#3929=DIRECTION('center_axis',(0.,0.707106781186548,0.707106781186548));
#3930=DIRECTION('ref_axis',(0.,-0.707106781186548,0.707106781186548));
#3931=DIRECTION('center_axis',(0.,0.707106781186548,-0.707106781186548));
#3932=DIRECTION('ref_axis',(0.,-0.707106781186548,-0.707106781186548));
#3933=DIRECTION('',(0.,0.,-1.));
#3934=DIRECTION('center_axis',(0.,0.,1.));
#3935=DIRECTION('ref_axis',(1.,0.,0.));
#3936=DIRECTION('',(0.,0.,1.));
#3937=DIRECTION('center_axis',(0.,0.,1.));
#3938=DIRECTION('ref_axis',(1.,0.,0.));
#3939=DIRECTION('center_axis',(0.,0.,1.));
#3940=DIRECTION('ref_axis',(1.,0.,0.));
#3941=DIRECTION('',(0.,0.,1.));
#3942=DIRECTION('center_axis',(0.,0.707106781186548,-0.707106781186548));
#3943=DIRECTION('ref_axis',(0.,-0.707106781186548,-0.707106781186548));
#3944=DIRECTION('center_axis',(0.,0.,-1.));
#3945=DIRECTION('ref_axis',(0.865169818540685,-0.501478997652223,0.));
#3946=DIRECTION('center_axis',(0.,0.,-1.));
#3947=DIRECTION('ref_axis',(0.865169818540685,-0.501478997652223,0.));
#3948=DIRECTION('',(0.,0.,-1.));
#3949=DIRECTION('center_axis',(0.,0.,-1.));
#3950=DIRECTION('ref_axis',(0.865169818540685,-0.501478997652223,0.));
#3951=DIRECTION('',(0.,0.,-1.));
#3952=DIRECTION('center_axis',(0.,0.,-1.));
#3953=DIRECTION('ref_axis',(0.988548606813392,0.150902789792974,0.));
#3954=DIRECTION('center_axis',(0.,0.,-1.));
#3955=DIRECTION('ref_axis',(0.988548606813392,0.150902789792974,0.));
#3956=DIRECTION('',(0.,0.,-1.));
#3957=DIRECTION('center_axis',(0.,0.,-1.));
#3958=DIRECTION('ref_axis',(0.988548606813392,0.150902789792974,0.));
#3959=DIRECTION('center_axis',(0.379712749499347,0.925104441599783,0.));
#3960=DIRECTION('ref_axis',(0.925104441599783,-0.379712749499347,0.));
#3961=DIRECTION('',(0.925104441599783,-0.379712749499347,0.));
#3962=DIRECTION('',(0.,0.,-1.));
#3963=DIRECTION('',(0.925104441599783,-0.379712749499347,0.));
#3964=DIRECTION('center_axis',(0.,0.,-1.));
#3965=DIRECTION('ref_axis',(0.865169818540685,-0.501478997652223,0.));
#3966=DIRECTION('center_axis',(0.,0.,1.));
#3967=DIRECTION('ref_axis',(0.865169818540685,-0.501478997652223,0.));
#3968=DIRECTION('',(0.,0.,-1.));
#3969=DIRECTION('center_axis',(0.,0.,1.));
#3970=DIRECTION('ref_axis',(0.865169818540685,-0.501478997652223,0.));
#3971=DIRECTION('',(0.,0.,-1.));
#3972=DIRECTION('center_axis',(0.,0.,-1.));
#3973=DIRECTION('ref_axis',(-0.865169818540686,0.501478997652222,0.));
#3974=DIRECTION('center_axis',(0.,0.,-1.));
#3975=DIRECTION('ref_axis',(-0.865169818540686,0.501478997652222,0.));
#3976=DIRECTION('center_axis',(0.,0.,-1.));
#3977=DIRECTION('ref_axis',(-0.865169818540686,0.501478997652222,0.));
#3978=DIRECTION('center_axis',(0.,0.,1.));
#3979=DIRECTION('ref_axis',(-1.,0.,0.));
#3980=DIRECTION('',(0.34202014332567,0.939692620785908,0.));
#3981=DIRECTION('',(-0.939692620785908,0.342020143325669,0.));
#3982=DIRECTION('center_axis',(-0.342020468884026,-0.939692502292293,0.));
#3983=DIRECTION('ref_axis',(-0.939692502292293,0.342020468884026,0.));
#3984=DIRECTION('',(-0.939692502292293,0.342020468884026,0.));
#3985=DIRECTION('',(0.,0.,-1.));
#3986=DIRECTION('',(-0.939692502292293,0.342020468884026,0.));
#3987=DIRECTION('',(0.,0.,-1.));
#3988=DIRECTION('center_axis',(-0.939692620785908,0.34202014332567,0.));
#3989=DIRECTION('ref_axis',(0.34202014332567,0.939692620785908,0.));
#3990=DIRECTION('',(0.34202014332567,0.939692620785908,0.));
#3991=DIRECTION('',(0.,0.,-1.));
#3992=DIRECTION('',(0.34202014332567,0.939692620785908,0.));
#3993=DIRECTION('center_axis',(-0.342020143325669,-0.939692620785909,0.));
#3994=DIRECTION('ref_axis',(-0.939692620785909,0.342020143325669,0.));
#3995=DIRECTION('',(-0.939692620785909,0.342020143325669,0.));
#3996=DIRECTION('',(0.,0.,-1.));
#3997=DIRECTION('',(-0.939692620785909,0.342020143325669,0.));
#3998=DIRECTION('center_axis',(0.939692620785908,-0.342020143325669,0.));
#3999=DIRECTION('ref_axis',(-0.342020143325669,-0.939692620785908,0.));
#4000=DIRECTION('',(-0.342020143325669,-0.939692620785908,0.));
#4001=DIRECTION('',(0.,0.,-1.));
#4002=DIRECTION('',(-0.342020143325669,-0.939692620785908,0.));
#4003=DIRECTION('center_axis',(-0.342020143325668,-0.939692620785909,0.));
#4004=DIRECTION('ref_axis',(-0.939692620785909,0.342020143325668,0.));
#4005=DIRECTION('',(-0.939692620785909,0.342020143325668,0.));
#4006=DIRECTION('',(0.,0.,-1.));
#4007=DIRECTION('',(-0.939692620785909,0.342020143325668,0.));
#4008=DIRECTION('center_axis',(0.939692620785908,-0.34202014332567,0.));
#4009=DIRECTION('ref_axis',(-0.34202014332567,-0.939692620785908,0.));
#4010=DIRECTION('',(0.,0.,-1.));
#4011=DIRECTION('',(-0.34202014332567,-0.939692620785908,0.));
#4012=DIRECTION('center_axis',(0.342020143325668,0.939692620785909,0.));
#4013=DIRECTION('ref_axis',(0.939692620785909,-0.342020143325668,0.));
#4014=DIRECTION('',(0.939692620785909,-0.342020143325668,0.));
#4015=DIRECTION('',(0.,0.,-1.));
#4016=DIRECTION('',(0.939692620785909,-0.342020143325668,0.));
#4017=DIRECTION('center_axis',(0.939692620785908,-0.342020143325669,0.));
#4018=DIRECTION('ref_axis',(-0.342020143325669,-0.939692620785908,0.));
#4019=DIRECTION('',(-0.342020143325669,-0.939692620785908,0.));
#4020=DIRECTION('',(0.,0.,-1.));
#4021=DIRECTION('',(-0.342020143325669,-0.939692620785908,0.));
#4022=DIRECTION('center_axis',(0.342020143325668,0.939692620785909,0.));
#4023=DIRECTION('ref_axis',(0.939692620785909,-0.342020143325668,0.));
#4024=DIRECTION('',(0.939692620785909,-0.342020143325668,0.));
#4025=DIRECTION('',(0.,0.,-1.));
#4026=DIRECTION('',(0.939692620785909,-0.342020143325668,0.));
#4027=DIRECTION('center_axis',(-0.939692620785908,0.342020143325669,0.));
#4028=DIRECTION('ref_axis',(0.342020143325669,0.939692620785908,0.));
#4029=DIRECTION('',(0.342020143325669,0.939692620785908,0.));
#4030=DIRECTION('',(0.,0.,-1.));
#4031=DIRECTION('',(0.342020143325669,0.939692620785908,0.));
#4032=DIRECTION('center_axis',(0.342020468884026,0.939692502292293,0.));
#4033=DIRECTION('ref_axis',(0.939692502292293,-0.342020468884026,0.));
#4034=DIRECTION('',(0.939692502292293,-0.342020468884026,0.));
#4035=DIRECTION('',(0.,0.,-1.));
#4036=DIRECTION('',(0.939692502292293,-0.342020468884026,0.));
#4037=DIRECTION('center_axis',(-0.939692502292293,0.342020468884025,0.));
#4038=DIRECTION('ref_axis',(0.342020468884025,0.939692502292293,0.));
#4039=DIRECTION('',(0.342020468884025,0.939692502292293,0.));
#4040=DIRECTION('',(0.342020468884025,0.939692502292293,0.));
#4041=DIRECTION('center_axis',(0.,0.,-1.));
#4042=DIRECTION('ref_axis',(-1.,0.,0.));
#4043=DIRECTION('center_axis',(0.,1.,0.));
#4044=DIRECTION('ref_axis',(1.,0.,0.));
#4045=DIRECTION('',(1.,0.,0.));
#4046=DIRECTION('',(0.,0.,-1.));
#4047=DIRECTION('',(1.,0.,0.));
#4048=DIRECTION('',(0.,0.,-1.));
#4049=DIRECTION('center_axis',(-1.,0.,0.));
#4050=DIRECTION('ref_axis',(0.,1.,0.));
#4051=DIRECTION('',(0.,1.,0.));
#4052=DIRECTION('',(0.,0.,-1.));
#4053=DIRECTION('',(0.,1.,0.));
#4054=DIRECTION('center_axis',(0.,-1.,0.));
#4055=DIRECTION('ref_axis',(-1.,0.,0.));
#4056=DIRECTION('',(0.,0.,-1.));
#4057=DIRECTION('',(1.,0.,0.));
#4058=DIRECTION('',(0.,0.,-1.));
#4059=DIRECTION('',(-1.,0.,0.));
#4060=DIRECTION('',(0.,0.,-1.));
#4061=DIRECTION('',(-1.,0.,0.));
#4062=DIRECTION('',(-1.,0.,0.));
#4063=DIRECTION('center_axis',(1.,0.,0.));
#4064=DIRECTION('ref_axis',(0.,-1.,0.));
#4065=DIRECTION('',(0.,-1.,0.));
#4066=DIRECTION('',(0.,-1.,0.));
#4067=DIRECTION('center_axis',(0.,0.,-1.));
#4068=DIRECTION('ref_axis',(-1.,0.,0.));
#4069=DIRECTION('center_axis',(-1.,0.,0.));
#4070=DIRECTION('ref_axis',(0.,1.,0.));
#4071=DIRECTION('',(0.,1.,0.));
#4072=DIRECTION('',(0.,0.,-1.));
#4073=DIRECTION('',(0.,1.,0.));
#4074=DIRECTION('',(0.,1.,0.));
#4075=DIRECTION('',(0.,1.,0.));
#4076=DIRECTION('center_axis',(0.,-1.,0.));
#4077=DIRECTION('ref_axis',(-1.,0.,0.));
#4078=DIRECTION('',(-1.,0.,0.));
#4079=DIRECTION('',(0.,0.,-1.));
#4080=DIRECTION('',(-1.,0.,0.));
#4081=DIRECTION('center_axis',(1.,0.,0.));
#4082=DIRECTION('ref_axis',(0.,-1.,0.));
#4083=DIRECTION('',(0.,-1.,0.));
#4084=DIRECTION('',(0.,-1.,0.));
#4085=DIRECTION('',(0.,-1.,0.));
#4086=DIRECTION('',(0.,-1.,0.));
#4087=DIRECTION('center_axis',(0.,0.,-1.));
#4088=DIRECTION('ref_axis',(-1.,0.,0.));
#4089=DIRECTION('center_axis',(0.,0.,1.));
#4090=DIRECTION('ref_axis',(1.,-1.22464679914735E-16,0.));
#4091=DIRECTION('center_axis',(0.,0.,-1.));
#4092=DIRECTION('ref_axis',(-1.,0.,0.));
#4093=DIRECTION('center_axis',(0.,0.,-1.));
#4094=DIRECTION('ref_axis',(-1.,0.,0.));
#4095=DIRECTION('center_axis',(0.,0.,1.));
#4096=DIRECTION('ref_axis',(-1.,0.,0.));
#4097=DIRECTION('center_axis',(0.,0.,-1.));
#4098=DIRECTION('ref_axis',(-1.,0.,0.));
#4099=DIRECTION('center_axis',(0.,0.,1.));
#4100=DIRECTION('ref_axis',(-1.,0.,0.));
#4101=DIRECTION('center_axis',(0.,0.,-1.));
#4102=DIRECTION('ref_axis',(-1.,0.,0.));
#4103=DIRECTION('center_axis',(1.,0.,0.));
#4104=DIRECTION('ref_axis',(0.,0.,-1.));
#4105=DIRECTION('',(0.,-1.,0.));
#4106=DIRECTION('',(0.,0.,1.));
#4107=DIRECTION('',(0.,1.,0.));
#4108=DIRECTION('',(0.,0.,-1.));
#4109=DIRECTION('center_axis',(0.,1.,0.));
#4110=DIRECTION('ref_axis',(-1.,0.,0.));
#4111=DIRECTION('',(-1.,0.,0.));
#4112=DIRECTION('',(0.,0.,1.));
#4113=DIRECTION('',(1.,0.,0.));
#4114=DIRECTION('',(0.,0.,1.));
#4115=DIRECTION('',(0.,0.,1.));
#4116=DIRECTION('',(0.,0.,1.));
#4117=DIRECTION('',(0.,0.,1.));
#4118=DIRECTION('',(0.,0.,1.));
#4119=DIRECTION('',(0.,0.,1.));
#4120=DIRECTION('',(0.,0.,1.));
#4121=DIRECTION('',(0.,0.,1.));
#4122=DIRECTION('',(0.,0.,1.));
#4123=DIRECTION('',(0.,0.,1.));
#4124=DIRECTION('',(0.,0.,-1.));
#4125=DIRECTION('',(0.,0.,1.));
#4126=DIRECTION('',(0.,0.,-1.));
#4127=DIRECTION('center_axis',(0.,0.,1.));
#4128=DIRECTION('ref_axis',(-1.,0.,0.));
#4129=DIRECTION('center_axis',(0.,0.,-1.));
#4130=DIRECTION('ref_axis',(-1.,0.,0.));
#4131=DIRECTION('',(0.707106781186547,8.65956056235492E-17,0.707106781186548));
#4132=DIRECTION('center_axis',(0.,0.,-1.));
#4133=DIRECTION('ref_axis',(-1.,0.,0.));
#4134=DIRECTION('center_axis',(0.,0.,1.));
#4135=DIRECTION('ref_axis',(-1.,0.,0.));
#4136=DIRECTION('center_axis',(0.,0.,1.));
#4137=DIRECTION('ref_axis',(-1.,0.,0.));
#4138=DIRECTION('center_axis',(0.,0.,1.));
#4139=DIRECTION('ref_axis',(-1.,0.,0.));
#4140=DIRECTION('center_axis',(0.,0.,-1.));
#4141=DIRECTION('ref_axis',(-1.,0.,0.));
#4142=DIRECTION('',(0.707106781186547,8.65956056235492E-17,0.707106781186548));
#4143=DIRECTION('center_axis',(0.,0.,-1.));
#4144=DIRECTION('ref_axis',(-1.,0.,0.));
#4145=DIRECTION('center_axis',(0.,0.,1.));
#4146=DIRECTION('ref_axis',(-1.,0.,0.));
#4147=DIRECTION('center_axis',(0.,0.,1.));
#4148=DIRECTION('ref_axis',(-1.,0.,0.));
#4149=DIRECTION('center_axis',(1.22464679913562E-16,-1.,-7.54626171001562E-15));
#4150=DIRECTION('ref_axis',(-1.,-1.22464679914735E-16,1.55431223447525E-13));
#4151=DIRECTION('center_axis',(0.,0.,-1.));
#4152=DIRECTION('ref_axis',(-1.,-6.12323399573674E-17,0.));
#4153=DIRECTION('center_axis',(0.,0.,-1.));
#4154=DIRECTION('ref_axis',(-1.,-6.12323399573674E-17,0.));
#4155=DIRECTION('center_axis',(0.,0.,1.));
#4156=DIRECTION('ref_axis',(-1.,0.,0.));
#4157=DIRECTION('center_axis',(0.,0.,1.));
#4158=DIRECTION('ref_axis',(-1.,0.,0.));
#4159=DIRECTION('center_axis',(0.,0.,-1.));
#4160=DIRECTION('ref_axis',(-1.,0.,0.));
#4161=DIRECTION('',(0.707106781186547,8.65956056235493E-17,0.707106781186548));
#4162=DIRECTION('center_axis',(0.,0.,-1.));
#4163=DIRECTION('ref_axis',(-1.,0.,0.));
#4164=DIRECTION('center_axis',(0.,0.,-1.));
#4165=DIRECTION('ref_axis',(-1.,0.,0.));
#4166=DIRECTION('',(0.,0.,-1.));
#4167=DIRECTION('center_axis',(0.,0.,1.));
#4168=DIRECTION('ref_axis',(-1.,0.,0.));
#4169=DIRECTION('center_axis',(1.22464679913965E-16,-1.,-1.73322070659559E-14));
#4170=DIRECTION('ref_axis',(-1.,-1.22464679914735E-16,4.44089209850072E-14));
#4171=DIRECTION('center_axis',(0.,0.,-1.));
#4172=DIRECTION('ref_axis',(-1.,-6.12323399573674E-17,0.));
#4173=DIRECTION('center_axis',(0.,0.,-1.));
#4174=DIRECTION('ref_axis',(-1.,-6.12323399573674E-17,0.));
#4175=DIRECTION('center_axis',(0.,0.,1.));
#4176=DIRECTION('ref_axis',(-1.,0.,0.));
#4177=DIRECTION('center_axis',(0.,0.,1.));
#4178=DIRECTION('ref_axis',(-1.,0.,0.));
#4179=DIRECTION('center_axis',(0.,0.,-1.));
#4180=DIRECTION('ref_axis',(-1.,0.,0.));
#4181=DIRECTION('',(0.707106781186547,8.65956056235493E-17,0.707106781186548));
#4182=DIRECTION('center_axis',(0.,0.,-1.));
#4183=DIRECTION('ref_axis',(-1.,0.,0.));
#4184=DIRECTION('center_axis',(0.,0.,-1.));
#4185=DIRECTION('ref_axis',(-1.,0.,0.));
#4186=DIRECTION('',(0.,0.,-1.));
#4187=DIRECTION('center_axis',(0.,0.,1.));
#4188=DIRECTION('ref_axis',(-1.,0.,0.));
#4189=DIRECTION('center_axis',(-7.69704614087611E-28,-1.,-1.73322070659513E-14));
#4190=DIRECTION('ref_axis',(-1.,0.,4.44089209850071E-14));
#4191=DIRECTION('center_axis',(0.,1.3589990236205E-14,-1.));
#4192=DIRECTION('ref_axis',(-1.,0.,0.));
#4193=DIRECTION('center_axis',(0.,1.3589990236205E-14,-1.));
#4194=DIRECTION('ref_axis',(-1.,0.,0.));
#4195=DIRECTION('center_axis',(0.,0.,1.));
#4196=DIRECTION('ref_axis',(-1.,0.,0.));
#4197=DIRECTION('center_axis',(0.,0.,1.));
#4198=DIRECTION('ref_axis',(-1.,0.,0.));
#4199=DIRECTION('center_axis',(0.,0.,-1.));
#4200=DIRECTION('ref_axis',(-1.,0.,0.));
#4201=DIRECTION('',(0.707106781186549,8.65956056235496E-17,0.707106781186546));
#4202=DIRECTION('center_axis',(0.,0.,-1.));
#4203=DIRECTION('ref_axis',(-1.,0.,0.));
#4204=DIRECTION('center_axis',(0.,0.,-1.));
#4205=DIRECTION('ref_axis',(-1.,0.,0.));
#4206=DIRECTION('',(0.,0.,-1.));
#4207=DIRECTION('center_axis',(0.,0.,1.));
#4208=DIRECTION('ref_axis',(-1.,0.,0.));
#4209=DIRECTION('center_axis',(-1.11707113337412E-28,-1.,-2.51542057000494E-15));
#4210=DIRECTION('ref_axis',(-1.,0.,4.44089209850073E-14));
#4211=DIRECTION('center_axis',(0.,1.3589990236205E-14,-1.));
#4212=DIRECTION('ref_axis',(-1.,0.,0.));
#4213=DIRECTION('center_axis',(0.,1.3589990236205E-14,-1.));
#4214=DIRECTION('ref_axis',(-1.,0.,0.));
#4215=DIRECTION('center_axis',(0.,0.,1.));
#4216=DIRECTION('ref_axis',(-1.,0.,0.));
#4217=DIRECTION('center_axis',(0.,0.,1.));
#4218=DIRECTION('ref_axis',(-1.,0.,0.));
#4219=DIRECTION('center_axis',(0.,0.,-1.));
#4220=DIRECTION('ref_axis',(-1.,0.,0.));
#4221=DIRECTION('',(0.707106781186549,8.65956056235496E-17,0.707106781186546));
#4222=DIRECTION('center_axis',(0.,0.,-1.));
#4223=DIRECTION('ref_axis',(-1.,0.,0.));
#4224=DIRECTION('center_axis',(0.,0.,-1.));
#4225=DIRECTION('ref_axis',(-1.,0.,0.));
#4226=DIRECTION('',(0.,0.,-1.));
#4227=DIRECTION('center_axis',(0.,0.,1.));
#4228=DIRECTION('ref_axis',(-1.,0.,0.));
#4229=DIRECTION('center_axis',(0.,0.,1.));
#4230=DIRECTION('ref_axis',(-1.,0.,0.));
#4231=DIRECTION('center_axis',(0.,0.,1.));
#4232=DIRECTION('ref_axis',(-1.,0.,0.));
#4233=DIRECTION('center_axis',(0.,0.,1.));
#4234=DIRECTION('ref_axis',(-1.,0.,0.));
#4235=DIRECTION('',(0.,0.,1.));
#4236=DIRECTION('',(0.,0.,1.));
#4237=DIRECTION('center_axis',(0.,0.,1.));
#4238=DIRECTION('ref_axis',(1.,0.,0.));
#4239=DIRECTION('center_axis',(0.,0.,-1.));
#4240=DIRECTION('ref_axis',(1.,0.,0.));
#4241=DIRECTION('center_axis',(0.,0.,-1.));
#4242=DIRECTION('ref_axis',(1.,0.,0.));
#4243=DIRECTION('center_axis',(0.,0.,-1.));
#4244=DIRECTION('ref_axis',(1.,0.,0.));
#4245=DIRECTION('center_axis',(0.,0.,-1.));
#4246=DIRECTION('ref_axis',(1.,0.,0.));
#4247=DIRECTION('center_axis',(0.,0.,-1.));
#4248=DIRECTION('ref_axis',(1.,0.,0.));
#4249=DIRECTION('center_axis',(0.,0.,-1.));
#4250=DIRECTION('ref_axis',(1.,0.,0.));
#4251=DIRECTION('center_axis',(0.,0.,-1.));
#4252=DIRECTION('ref_axis',(1.,0.,0.));
#4253=DIRECTION('',(1.,1.11022302462516E-16,0.));
#4254=DIRECTION('',(0.,-1.,0.));
#4255=DIRECTION('center_axis',(0.,0.,-1.));
#4256=DIRECTION('ref_axis',(1.,0.,0.));
#4257=DIRECTION('center_axis',(0.,0.,1.));
#4258=DIRECTION('ref_axis',(1.,0.,0.));
#4259=DIRECTION('center_axis',(0.,0.,1.));
#4260=DIRECTION('ref_axis',(1.,0.,0.));
#4261=DIRECTION('',(0.,0.,1.));
#4262=DIRECTION('center_axis',(0.,0.,1.));
#4263=DIRECTION('ref_axis',(1.,0.,0.));
#4264=DIRECTION('center_axis',(0.,0.,1.));
#4265=DIRECTION('ref_axis',(1.,0.,0.));
#4266=DIRECTION('',(0.,0.,1.));
#4267=DIRECTION('center_axis',(0.,0.,1.));
#4268=DIRECTION('ref_axis',(1.,0.,0.));
#4269=DIRECTION('center_axis',(0.,0.,1.));
#4270=DIRECTION('ref_axis',(1.,0.,0.));
#4271=DIRECTION('',(0.,0.,1.));
#4272=DIRECTION('center_axis',(0.,0.,1.));
#4273=DIRECTION('ref_axis',(1.,0.,0.));
#4274=DIRECTION('center_axis',(0.,0.,1.));
#4275=DIRECTION('ref_axis',(1.,0.,0.));
#4276=DIRECTION('',(0.,0.,1.));
#4277=DIRECTION('center_axis',(0.,0.,1.));
#4278=DIRECTION('ref_axis',(1.,0.,0.));
#4279=DIRECTION('center_axis',(0.,0.,1.));
#4280=DIRECTION('ref_axis',(1.,0.,0.));
#4281=DIRECTION('center_axis',(0.,0.,1.));
#4282=DIRECTION('ref_axis',(1.,0.,0.));
#4283=DIRECTION('center_axis',(0.,0.,1.));
#4284=DIRECTION('ref_axis',(1.,0.,0.));
#4285=DIRECTION('center_axis',(0.,0.,1.));
#4286=DIRECTION('ref_axis',(1.,0.,0.));
#4287=DIRECTION('center_axis',(0.,0.,1.));
#4288=DIRECTION('ref_axis',(1.,0.,0.));
#4289=DIRECTION('center_axis',(0.,0.,1.));
#4290=DIRECTION('ref_axis',(1.,0.,0.));
#4291=DIRECTION('',(0.,0.,-1.));
#4292=DIRECTION('',(0.,0.,1.));
#4293=DIRECTION('',(0.,0.,1.));
#4294=DIRECTION('',(0.,0.,-1.));
#4295=DIRECTION('',(0.,0.,1.));
#4296=DIRECTION('',(0.,0.,-1.));
#4297=DIRECTION('center_axis',(0.,0.,1.));
#4298=DIRECTION('ref_axis',(1.,0.,0.));
#4299=DIRECTION('center_axis',(0.,0.,1.));
#4300=DIRECTION('ref_axis',(1.,0.,0.));
#4301=DIRECTION('',(0.,0.,1.));
#4302=DIRECTION('center_axis',(0.,0.,1.));
#4303=DIRECTION('ref_axis',(1.,0.,0.));
#4304=DIRECTION('center_axis',(0.,0.,1.));
#4305=DIRECTION('ref_axis',(1.,0.,0.));
#4306=DIRECTION('center_axis',(0.,0.,1.));
#4307=DIRECTION('ref_axis',(1.,0.,0.));
#4308=DIRECTION('center_axis',(0.,0.,1.));
#4309=DIRECTION('ref_axis',(1.,0.,0.));
#4310=DIRECTION('center_axis',(0.,0.,1.));
#4311=DIRECTION('ref_axis',(1.,0.,0.));
#4312=DIRECTION('center_axis',(0.,0.,1.));
#4313=DIRECTION('ref_axis',(1.,0.,0.));
#4314=DIRECTION('',(0.,0.,1.));
#4315=DIRECTION('center_axis',(0.,0.,1.));
#4316=DIRECTION('ref_axis',(1.,0.,0.));
#4317=DIRECTION('center_axis',(0.,0.,1.));
#4318=DIRECTION('ref_axis',(1.,0.,0.));
#4319=DIRECTION('center_axis',(0.,0.,1.));
#4320=DIRECTION('ref_axis',(1.,0.,0.));
#4321=DIRECTION('center_axis',(0.,0.,1.));
#4322=DIRECTION('ref_axis',(1.,0.,0.));
#4323=DIRECTION('center_axis',(0.,0.,1.));
#4324=DIRECTION('ref_axis',(1.,0.,0.));
#4325=DIRECTION('center_axis',(0.,0.,1.));
#4326=DIRECTION('ref_axis',(1.,0.,0.));
#4327=DIRECTION('',(0.,0.,1.));
#4328=DIRECTION('center_axis',(0.,0.,1.));
#4329=DIRECTION('ref_axis',(1.,0.,0.));
#4330=DIRECTION('center_axis',(0.,0.,1.));
#4331=DIRECTION('ref_axis',(1.,0.,0.));
#4332=DIRECTION('center_axis',(0.,0.,1.));
#4333=DIRECTION('ref_axis',(1.,0.,0.));
#4334=DIRECTION('center_axis',(0.,0.,1.));
#4335=DIRECTION('ref_axis',(1.,0.,0.));
#4336=DIRECTION('center_axis',(-1.,0.,0.));
#4337=DIRECTION('ref_axis',(0.,-1.,0.));
#4338=DIRECTION('',(0.,0.,1.));
#4339=DIRECTION('',(0.,1.,0.));
#4340=DIRECTION('center_axis',(0.,0.,1.));
#4341=DIRECTION('ref_axis',(1.,0.,0.));
#4342=DIRECTION('center_axis',(0.,0.,1.));
#4343=DIRECTION('ref_axis',(1.,0.,0.));
#4344=DIRECTION('',(0.,0.,1.));
#4345=DIRECTION('center_axis',(0.,0.,1.));
#4346=DIRECTION('ref_axis',(1.,0.,0.));
#4347=DIRECTION('center_axis',(0.,0.,1.));
#4348=DIRECTION('ref_axis',(1.,0.,0.));
#4349=DIRECTION('center_axis',(0.,0.,1.));
#4350=DIRECTION('ref_axis',(1.,0.,0.));
#4351=DIRECTION('center_axis',(0.,0.,1.));
#4352=DIRECTION('ref_axis',(1.,0.,0.));
#4353=DIRECTION('center_axis',(0.,0.,-1.));
#4354=DIRECTION('ref_axis',(-1.,0.,0.));
#4355=DIRECTION('',(0.,1.,0.));
#4356=DIRECTION('center_axis',(0.,0.,1.));
#4357=DIRECTION('ref_axis',(1.,0.,0.));
#4358=DIRECTION('center_axis',(0.,0.,1.));
#4359=DIRECTION('ref_axis',(1.,0.,0.));
#4360=DIRECTION('center_axis',(0.,0.,-1.));
#4361=DIRECTION('ref_axis',(-1.,0.,0.));
#4362=DIRECTION('',(0.,1.,0.));
#4363=DIRECTION('center_axis',(0.,0.,1.));
#4364=DIRECTION('ref_axis',(1.,0.,0.));
#4365=DIRECTION('center_axis',(0.,0.,1.));
#4366=DIRECTION('ref_axis',(1.,0.,0.));
#4367=DIRECTION('center_axis',(0.,0.,-1.));
#4368=DIRECTION('ref_axis',(-1.,0.,0.));
#4369=DIRECTION('center_axis',(0.,0.,1.));
#4370=DIRECTION('ref_axis',(1.,0.,0.));
#4371=DIRECTION('center_axis',(0.,0.,1.));
#4372=DIRECTION('ref_axis',(1.,0.,0.));
#4373=DIRECTION('',(1.56984718922064E-15,1.,0.));
#4374=DIRECTION('center_axis',(0.,0.,-1.));
#4375=DIRECTION('ref_axis',(-1.,0.,0.));
#4376=DIRECTION('center_axis',(0.,0.,1.));
#4377=DIRECTION('ref_axis',(1.,0.,0.));
#4378=DIRECTION('center_axis',(0.,0.,1.));
#4379=DIRECTION('ref_axis',(1.,0.,0.));
#4380=DIRECTION('',(1.56984718922064E-15,1.,0.));
#4381=DIRECTION('center_axis',(0.,0.,-1.));
#4382=DIRECTION('ref_axis',(-1.,0.,0.));
#4383=DIRECTION('center_axis',(0.,0.,1.));
#4384=DIRECTION('ref_axis',(1.,0.,0.));
#4385=DIRECTION('',(0.,-1.,0.));
#4386=DIRECTION('center_axis',(0.,0.,-1.));
#4387=DIRECTION('ref_axis',(-1.,0.,0.));
#4388=DIRECTION('center_axis',(0.,0.,1.));
#4389=DIRECTION('ref_axis',(1.,0.,0.));
#4390=DIRECTION('',(0.,-1.,0.));
#4391=DIRECTION('center_axis',(0.,0.,-1.));
#4392=DIRECTION('ref_axis',(-1.,0.,0.));
#4393=DIRECTION('',(-1.56984718922064E-15,-1.,0.));
#4394=DIRECTION('center_axis',(0.,0.,1.));
#4395=DIRECTION('ref_axis',(1.,0.,0.));
#4396=DIRECTION('center_axis',(0.,0.,-1.));
#4397=DIRECTION('ref_axis',(-1.,0.,0.));
#4398=DIRECTION('',(-1.56984718922064E-15,-1.,0.));
#4399=DIRECTION('center_axis',(0.,0.,1.));
#4400=DIRECTION('ref_axis',(1.,0.,0.));
#4401=DIRECTION('center_axis',(0.,0.,-1.));
#4402=DIRECTION('ref_axis',(-1.,0.,0.));
#4403=DIRECTION('',(0.,1.,0.));
#4404=DIRECTION('',(-1.,0.,0.));
#4405=DIRECTION('',(0.,-1.,0.));
#4406=DIRECTION('center_axis',(0.,0.,1.));
#4407=DIRECTION('ref_axis',(1.,0.,0.));
#4408=DIRECTION('center_axis',(-1.,0.,0.));
#4409=DIRECTION('ref_axis',(0.,-1.,0.));
#4410=DIRECTION('',(0.,0.,1.));
#4411=DIRECTION('',(0.,0.,1.));
#4412=DIRECTION('',(0.,-1.,0.));
#4413=DIRECTION('',(0.,-1.,0.));
#4414=DIRECTION('',(0.,0.,-1.));
#4415=DIRECTION('',(0.,-1.,0.));
#4416=DIRECTION('',(0.,0.,1.));
#4417=DIRECTION('center_axis',(1.,0.,0.));
#4418=DIRECTION('ref_axis',(0.,1.,0.));
#4419=DIRECTION('',(0.,0.,1.));
#4420=DIRECTION('',(0.,1.,0.));
#4421=DIRECTION('',(0.,0.,1.));
#4422=DIRECTION('',(0.,1.,0.));
#4423=DIRECTION('',(0.,1.,0.));
#4424=DIRECTION('',(0.,0.,-1.));
#4425=DIRECTION('',(0.,0.,1.));
#4426=DIRECTION('center_axis',(0.,0.,-1.));
#4427=DIRECTION('ref_axis',(-1.,0.,0.));
#4428=DIRECTION('',(1.56984718922064E-15,1.,0.));
#4429=DIRECTION('center_axis',(0.,0.,1.));
#4430=DIRECTION('ref_axis',(1.,0.,0.));
#4431=DIRECTION('',(-1.56984718922064E-15,-1.,0.));
#4432=DIRECTION('',(1.,0.,0.));
#4433=DIRECTION('center_axis',(0.,0.,-1.));
#4434=DIRECTION('ref_axis',(-1.,0.,0.));
#4435=DIRECTION('',(1.56984718922064E-15,1.,0.));
#4436=DIRECTION('center_axis',(0.,0.,1.));
#4437=DIRECTION('ref_axis',(1.,0.,0.));
#4438=DIRECTION('',(-1.56984718922064E-15,-1.,0.));
#4439=DIRECTION('',(1.,0.,0.));
#4440=DIRECTION('center_axis',(1.,-1.56984718922064E-15,0.));
#4441=DIRECTION('ref_axis',(1.56984718922064E-15,1.,0.));
#4442=DIRECTION('',(0.,0.,1.));
#4443=DIRECTION('',(0.,0.,1.));
#4444=DIRECTION('',(1.56984718922064E-15,1.,0.));
#4445=DIRECTION('',(1.56984718922064E-15,1.,0.));
#4446=DIRECTION('',(0.,0.,-1.));
#4447=DIRECTION('',(1.56984718922064E-15,1.,0.));
#4448=DIRECTION('',(0.,0.,1.));
#4449=DIRECTION('center_axis',(-1.,1.56984718922064E-15,0.));
#4450=DIRECTION('ref_axis',(-1.56984718922064E-15,-1.,0.));
#4451=DIRECTION('',(0.,0.,1.));
#4452=DIRECTION('',(-1.56984718922064E-15,-1.,0.));
#4453=DIRECTION('',(0.,0.,1.));
#4454=DIRECTION('',(-1.56984718922064E-15,-1.,0.));
#4455=DIRECTION('',(-1.56984718922064E-15,-1.,0.));
#4456=DIRECTION('',(0.,0.,-1.));
#4457=DIRECTION('',(0.,0.,1.));
#4458=DIRECTION('center_axis',(0.,0.,-1.));
#4459=DIRECTION('ref_axis',(-1.,0.,0.));
#4460=DIRECTION('',(0.,-1.,0.));
#4461=DIRECTION('center_axis',(0.,0.,1.));
#4462=DIRECTION('ref_axis',(1.,0.,0.));
#4463=DIRECTION('',(0.,1.,0.));
#4464=DIRECTION('',(-1.,0.,0.));
#4465=DIRECTION('center_axis',(0.,0.,-1.));
#4466=DIRECTION('ref_axis',(-1.,0.,0.));
#4467=DIRECTION('',(1.,0.,0.));
#4468=DIRECTION('center_axis',(0.,0.,1.));
#4469=DIRECTION('ref_axis',(1.,0.,0.));
#4470=DIRECTION('center_axis',(0.,0.,-1.));
#4471=DIRECTION('ref_axis',(-1.,0.,0.));
#4472=DIRECTION('',(1.56984718922064E-15,1.,0.));
#4473=DIRECTION('',(-1.,0.,0.));
#4474=DIRECTION('',(-1.56984718922064E-15,-1.,0.));
#4475=DIRECTION('center_axis',(0.,0.,1.));
#4476=DIRECTION('ref_axis',(1.,0.,0.));
#4477=DIRECTION('center_axis',(-1.,1.56984718922064E-15,0.));
#4478=DIRECTION('ref_axis',(-1.56984718922064E-15,-1.,0.));
#4479=DIRECTION('',(0.,0.,1.));
#4480=DIRECTION('',(0.,0.,1.));
#4481=DIRECTION('',(-1.56984718922064E-15,-1.,0.));
#4482=DIRECTION('',(-1.56984718922064E-15,-1.,0.));
#4483=DIRECTION('',(0.,0.,-1.));
#4484=DIRECTION('',(0.,0.,1.));
#4485=DIRECTION('center_axis',(1.,-1.56984718922064E-15,0.));
#4486=DIRECTION('ref_axis',(1.56984718922064E-15,1.,0.));
#4487=DIRECTION('',(0.,0.,1.));
#4488=DIRECTION('',(0.,0.,1.));
#4489=DIRECTION('',(1.56984718922064E-15,1.,0.));
#4490=DIRECTION('',(1.56984718922064E-15,1.,0.));
#4491=DIRECTION('',(0.,0.,-1.));
#4492=DIRECTION('',(0.,0.,1.));
#4493=DIRECTION('center_axis',(0.,0.,-1.));
#4494=DIRECTION('ref_axis',(-1.,0.,0.));
#4495=DIRECTION('',(-1.,0.,0.));
#4496=DIRECTION('center_axis',(0.,0.,1.));
#4497=DIRECTION('ref_axis',(1.,0.,0.));
#4498=DIRECTION('center_axis',(0.,0.,-1.));
#4499=DIRECTION('ref_axis',(-1.,0.,0.));
#4500=DIRECTION('',(1.,0.,0.));
#4501=DIRECTION('',(0.,1.,0.));
#4502=DIRECTION('center_axis',(0.,0.,1.));
#4503=DIRECTION('ref_axis',(1.,0.,0.));
#4504=DIRECTION('',(0.,-1.,0.));
#4505=DIRECTION('center_axis',(1.,0.,0.));
#4506=DIRECTION('ref_axis',(0.,1.,0.));
#4507=DIRECTION('',(0.,0.,1.));
#4508=DIRECTION('',(0.,0.,1.));
#4509=DIRECTION('',(0.,1.,0.));
#4510=DIRECTION('',(0.,1.,0.));
#4511=DIRECTION('',(0.,0.,-1.));
#4512=DIRECTION('',(0.,0.,1.));
#4513=DIRECTION('center_axis',(-1.,0.,0.));
#4514=DIRECTION('ref_axis',(0.,-1.,0.));
#4515=DIRECTION('',(0.,0.,1.));
#4516=DIRECTION('',(0.,0.,1.));
#4517=DIRECTION('',(0.,-1.,0.));
#4518=DIRECTION('',(0.,-1.,0.));
#4519=DIRECTION('',(0.,0.,-1.));
#4520=DIRECTION('',(0.,0.,1.));
#4521=DIRECTION('center_axis',(0.,0.,-1.));
#4522=DIRECTION('ref_axis',(-1.,0.,0.));
#4523=DIRECTION('',(-1.,0.,0.));
#4524=DIRECTION('center_axis',(0.,0.,-1.));
#4525=DIRECTION('ref_axis',(-1.,0.,0.));
#4526=DIRECTION('',(-1.,0.,0.));
#4527=DIRECTION('center_axis',(0.,0.,-1.));
#4528=DIRECTION('ref_axis',(-1.,0.,0.));
#4529=DIRECTION('',(1.,0.,0.));
#4530=DIRECTION('center_axis',(0.,-1.,0.));
#4531=DIRECTION('ref_axis',(1.,0.,0.));
#4532=DIRECTION('',(1.,0.,0.));
#4533=DIRECTION('center_axis',(0.,0.,-1.));
#4534=DIRECTION('ref_axis',(-1.,0.,0.));
#4535=DIRECTION('center_axis',(0.,1.,0.));
#4536=DIRECTION('ref_axis',(-1.,0.,0.));
#4537=DIRECTION('center_axis',(0.,0.,-1.));
#4538=DIRECTION('ref_axis',(-1.,0.,0.));
#4539=DIRECTION('',(1.,0.,0.));
#4540=DIRECTION('center_axis',(0.,-1.,0.));
#4541=DIRECTION('ref_axis',(1.,0.,0.));
#4542=DIRECTION('',(1.,0.,0.));
#4543=DIRECTION('center_axis',(0.,0.,-1.));
#4544=DIRECTION('ref_axis',(-1.,0.,0.));
#4545=DIRECTION('center_axis',(0.,0.,-1.));
#4546=DIRECTION('ref_axis',(-1.,0.,0.));
#4547=DIRECTION('',(-1.,0.,0.));
#4548=DIRECTION('center_axis',(0.,0.,-1.));
#4549=DIRECTION('ref_axis',(-1.,0.,0.));
#4550=DIRECTION('',(-1.,0.,0.));
#4551=DIRECTION('center_axis',(0.,1.,0.));
#4552=DIRECTION('ref_axis',(-1.,0.,0.));
#4553=DIRECTION('center_axis',(0.,0.,-1.));
#4554=DIRECTION('ref_axis',(-1.,0.,0.));
#4555=DIRECTION('',(-1.,0.,0.));
#4556=DIRECTION('center_axis',(0.,1.,0.));
#4557=DIRECTION('ref_axis',(-1.,0.,0.));
#4558=DIRECTION('',(-1.,0.,0.));
#4559=DIRECTION('center_axis',(0.,0.,-1.));
#4560=DIRECTION('ref_axis',(-1.,0.,0.));
#4561=DIRECTION('center_axis',(0.,0.,-1.));
#4562=DIRECTION('ref_axis',(-1.,0.,0.));
#4563=DIRECTION('',(1.,0.,0.));
#4564=DIRECTION('center_axis',(0.,0.,-1.));
#4565=DIRECTION('ref_axis',(-1.,0.,0.));
#4566=DIRECTION('',(1.,0.,0.));
#4567=DIRECTION('center_axis',(0.,-1.,0.));
#4568=DIRECTION('ref_axis',(1.,0.,0.));
#4569=DIRECTION('center_axis',(0.,0.,-1.));
#4570=DIRECTION('ref_axis',(-1.,0.,0.));
#4571=DIRECTION('',(1.,0.,0.));
#4572=DIRECTION('center_axis',(0.,-1.,0.));
#4573=DIRECTION('ref_axis',(1.,0.,0.));
#4574=DIRECTION('',(1.,0.,0.));
#4575=DIRECTION('center_axis',(0.,0.,-1.));
#4576=DIRECTION('ref_axis',(-1.,0.,0.));
#4577=DIRECTION('',(-1.,0.,0.));
#4578=DIRECTION('center_axis',(0.,0.,-1.));
#4579=DIRECTION('ref_axis',(-1.,0.,0.));
#4580=DIRECTION('',(-1.,0.,0.));
#4581=DIRECTION('center_axis',(0.,0.,-1.));
#4582=DIRECTION('ref_axis',(-1.,0.,0.));
#4583=DIRECTION('center_axis',(0.,1.,0.));
#4584=DIRECTION('ref_axis',(-1.,0.,0.));
#4585=DIRECTION('center_axis',(0.,0.,1.));
#4586=DIRECTION('ref_axis',(-0.993227593995936,-0.116184966863374,0.));
#4587=DIRECTION('center_axis',(0.,0.,-1.));
#4588=DIRECTION('ref_axis',(1.,0.,0.));
#4589=DIRECTION('center_axis',(-0.707106781215852,1.5516300790981E-10,-0.707106781157243));
#4590=DIRECTION('ref_axis',(0.181051706078358,-0.966664657143282,-0.181051706305622));
#4591=DIRECTION('center_axis',(0.,0.,1.));
#4592=DIRECTION('ref_axis',(1.,0.,0.));
#4593=DIRECTION('center_axis',(0.707106781186548,0.,0.707106781186548));
#4594=DIRECTION('ref_axis',(0.,1.,0.));
#4595=DIRECTION('',(0.,-1.,0.));
#4596=DIRECTION('',(0.,1.,0.));
#4597=DIRECTION('center_axis',(0.707106781238904,1.63383255439358E-10,0.707106781134191));
#4598=DIRECTION('ref_axis',(0.291431798449614,0.911117453217181,-0.291431798703337));
#4599=DIRECTION('center_axis',(0.707106781186546,0.,0.70710678118655));
#4600=DIRECTION('ref_axis',(0.,1.,0.));
#4601=DIRECTION('',(0.,-1.,0.));
#4602=DIRECTION('',(0.,1.,0.));
#4603=DIRECTION('center_axis',(0.,0.,1.));
#4604=DIRECTION('ref_axis',(1.,0.,0.));
#4605=DIRECTION('center_axis',(0.,0.,1.));
#4606=DIRECTION('ref_axis',(1.,0.,0.));
#4607=DIRECTION('center_axis',(0.,0.,-1.));
#4608=DIRECTION('ref_axis',(1.,0.,0.));
#4609=DIRECTION('center_axis',(0.,0.,-1.));
#4610=DIRECTION('ref_axis',(-1.,0.,0.));
#4611=DIRECTION('center_axis',(0.,0.,-1.));
#4612=DIRECTION('ref_axis',(1.,0.,0.));
#4613=DIRECTION('center_axis',(0.,0.,-1.));
#4614=DIRECTION('ref_axis',(1.,0.,0.));
#4615=DIRECTION('center_axis',(0.,0.,-1.));
#4616=DIRECTION('ref_axis',(-1.,0.,0.));
#4617=DIRECTION('center_axis',(0.,0.,-1.));
#4618=DIRECTION('ref_axis',(1.,0.,0.));
#4619=DIRECTION('center_axis',(0.,0.,-1.));
#4620=DIRECTION('ref_axis',(1.,0.,0.));
#4621=DIRECTION('center_axis',(0.,0.,-1.));
#4622=DIRECTION('ref_axis',(-0.979565660975529,0.201124627625695,0.));
#4623=DIRECTION('center_axis',(0.,0.,1.));
#4624=DIRECTION('ref_axis',(1.,0.,0.));
#4625=DIRECTION('center_axis',(0.,0.,-1.));
#4626=DIRECTION('ref_axis',(-1.,0.,0.));
#4627=DIRECTION('center_axis',(0.,0.,-1.));
#4628=DIRECTION('ref_axis',(1.,0.,0.));
#4629=DIRECTION('center_axis',(0.,0.,1.));
#4630=DIRECTION('ref_axis',(1.,0.,0.));
#4631=DIRECTION('',(0.,1.,0.));
#4632=DIRECTION('center_axis',(0.,0.,-1.));
#4633=DIRECTION('ref_axis',(1.,0.,0.));
#4634=DIRECTION('center_axis',(0.,0.,1.));
#4635=DIRECTION('ref_axis',(1.,0.,0.));
#4636=DIRECTION('center_axis',(0.,0.,-1.));
#4637=DIRECTION('ref_axis',(1.,0.,0.));
#4638=DIRECTION('center_axis',(0.707106781149961,1.1320480035215E-10,-0.707106781223134));
#4639=DIRECTION('ref_axis',(-0.291431798664406,0.911117453217194,-0.291431798488502));
#4640=DIRECTION('center_axis',(-0.707106781186548,0.,0.707106781186548));
#4641=DIRECTION('ref_axis',(0.,-1.,0.));
#4642=DIRECTION('',(0.,1.,0.));
#4643=DIRECTION('',(0.,-1.,0.));
#4644=DIRECTION('center_axis',(-0.70710678114478,2.2264548990425E-10,0.707106781228315));
#4645=DIRECTION('ref_axis',(-0.181051706354856,-0.966664657143248,-0.181051706029306));
#4646=DIRECTION('center_axis',(-0.707106781186548,0.,0.707106781186548));
#4647=DIRECTION('ref_axis',(0.,-1.,0.));
#4648=DIRECTION('',(0.,-1.,0.));
#4649=DIRECTION('center_axis',(0.,0.,1.));
#4650=DIRECTION('ref_axis',(1.,0.,0.));
#4651=DIRECTION('center_axis',(0.,0.,1.));
#4652=DIRECTION('ref_axis',(1.,0.,0.));
#4653=DIRECTION('center_axis',(0.,0.,-1.));
#4654=DIRECTION('ref_axis',(1.,0.,0.));
#4655=DIRECTION('center_axis',(0.,0.,1.));
#4656=DIRECTION('ref_axis',(1.,0.,0.));
#4657=DIRECTION('center_axis',(0.,0.,1.));
#4658=DIRECTION('ref_axis',(1.,0.,0.));
#4659=DIRECTION('center_axis',(0.,0.,-1.));
#4660=DIRECTION('ref_axis',(1.,0.,0.));
#4661=DIRECTION('center_axis',(0.,0.,-1.));
#4662=DIRECTION('ref_axis',(-1.,0.,0.));
#4663=DIRECTION('center_axis',(0.,0.,-1.));
#4664=DIRECTION('ref_axis',(1.,0.,0.));
#4665=DIRECTION('center_axis',(0.,0.,-1.));
#4666=DIRECTION('ref_axis',(1.,0.,0.));
#4667=DIRECTION('center_axis',(0.,0.,-1.));
#4668=DIRECTION('ref_axis',(1.,0.,0.));
#4669=DIRECTION('center_axis',(0.,0.,-1.));
#4670=DIRECTION('ref_axis',(-1.,0.,0.));
#4671=DIRECTION('center_axis',(0.,0.,-1.));
#4672=DIRECTION('ref_axis',(1.,0.,0.));
#4673=DIRECTION('center_axis',(0.,0.,-1.));
#4674=DIRECTION('ref_axis',(1.,0.,0.));
#4675=DIRECTION('center_axis',(0.,0.,-1.));
#4676=DIRECTION('ref_axis',(1.,0.,0.));
#4677=DIRECTION('center_axis',(0.,0.,1.));
#4678=DIRECTION('ref_axis',(1.,0.,0.));
#4679=DIRECTION('center_axis',(-1.,-1.68988989403995E-15,0.));
#4680=DIRECTION('ref_axis',(-1.68988989403995E-15,1.,0.));
#4681=DIRECTION('',(1.68988989403995E-15,-1.,0.));
#4682=DIRECTION('',(0.,0.,-1.));
#4683=DIRECTION('',(0.,0.,-1.));
#4684=DIRECTION('',(-1.68988989403995E-15,1.,0.));
#4685=DIRECTION('',(0.,0.,-1.));
#4686=DIRECTION('',(0.,0.,1.));
#4687=DIRECTION('',(0.,0.,1.));
#4688=DIRECTION('center_axis',(-1.,0.,0.));
#4689=DIRECTION('ref_axis',(0.,1.,0.));
#4690=DIRECTION('',(0.,-1.,0.));
#4691=DIRECTION('',(0.,0.,1.));
#4692=DIRECTION('',(0.,1.,0.));
#4693=DIRECTION('center_axis',(1.,9.63533043424693E-16,0.));
#4694=DIRECTION('ref_axis',(9.63533043424693E-16,-1.,0.));
#4695=DIRECTION('',(-9.63533043424693E-16,1.,0.));
#4696=DIRECTION('',(0.,0.,1.));
#4697=DIRECTION('',(9.63533043424693E-16,-1.,0.));
#4698=DIRECTION('',(0.,0.,1.));
#4699=DIRECTION('',(0.,0.,1.));
#4700=DIRECTION('',(0.,0.,1.));
#4701=DIRECTION('',(0.,0.,1.));
#4702=DIRECTION('',(0.,0.,1.));
#4703=DIRECTION('center_axis',(1.,1.69017636061086E-15,0.));
#4704=DIRECTION('ref_axis',(1.69017636061086E-15,-1.,0.));
#4705=DIRECTION('',(-1.69017636061086E-15,1.,0.));
#4706=DIRECTION('',(0.,0.,-1.));
#4707=DIRECTION('',(1.69017636061086E-15,-1.,0.));
#4708=DIRECTION('',(0.,0.,-1.));
#4709=DIRECTION('',(0.,0.,1.));
#4710=DIRECTION('center_axis',(0.,0.,1.));
#4711=DIRECTION('ref_axis',(1.,0.,0.));
#4712=DIRECTION('center_axis',(0.,0.,-1.));
#4713=DIRECTION('ref_axis',(-1.,0.,0.));
#4714=DIRECTION('',(0.,0.,-1.));
#4715=DIRECTION('',(0.,0.,-1.));
#4716=DIRECTION('center_axis',(-1.,-6.96064592241478E-15,0.));
#4717=DIRECTION('ref_axis',(-6.96064592241478E-15,1.,0.));
#4718=DIRECTION('',(0.,-1.,0.));
#4719=DIRECTION('',(0.,0.,-1.));
#4720=DIRECTION('',(0.,0.,-1.));
#4721=DIRECTION('',(6.96064592241477E-15,-1.,0.));
#4722=DIRECTION('',(0.,0.,-1.));
#4723=DIRECTION('center_axis',(0.,1.,0.));
#4724=DIRECTION('ref_axis',(1.,0.,0.));
#4725=DIRECTION('',(0.,0.,-1.));
#4726=DIRECTION('',(1.,0.,0.));
#4727=DIRECTION('center_axis',(0.,-1.,0.));
#4728=DIRECTION('ref_axis',(1.,0.,0.));
#4729=DIRECTION('',(-1.,0.,0.));
#4730=DIRECTION('center_axis',(1.,8.35277510689773E-15,0.));
#4731=DIRECTION('ref_axis',(8.35277510689773E-15,-1.,0.));
#4732=DIRECTION('',(0.,1.,0.));
#4733=DIRECTION('',(0.,0.,-1.));
#4734=DIRECTION('',(-8.35277510689773E-15,1.,0.));
#4735=DIRECTION('',(0.,0.,-1.));
#4736=DIRECTION('',(0.,0.,-1.));
#4737=DIRECTION('center_axis',(0.,-1.,0.));
#4738=DIRECTION('ref_axis',(-1.,0.,0.));
#4739=DIRECTION('',(1.,0.,0.));
#4740=DIRECTION('',(1.,0.,0.));
#4741=DIRECTION('center_axis',(0.,-0.707106781186548,0.707106781186548));
#4742=DIRECTION('ref_axis',(-1.,0.,0.));
#4743=DIRECTION('center_axis',(0.,0.707106781186548,-0.707106781186548));
#4744=DIRECTION('ref_axis',(0.,-0.707106781186548,-0.707106781186548));
#4745=DIRECTION('',(0.577350269189626,-0.577350269189626,-0.577350269189626));
#4746=DIRECTION('',(1.,0.,0.));
#4747=DIRECTION('center_axis',(-0.707106781186548,-0.707106781186547,0.));
#4748=DIRECTION('ref_axis',(0.,0.,-1.));
#4749=DIRECTION('center_axis',(0.707106781186548,0.707106781186547,0.));
#4750=DIRECTION('ref_axis',(0.707106781186547,-0.707106781186548,0.));
#4751=DIRECTION('',(0.577350269189626,-0.577350269189626,0.577350269189626));
#4752=DIRECTION('center_axis',(0.707106781186548,-0.707106781186547,0.));
#4753=DIRECTION('ref_axis',(0.,0.,1.));
#4754=DIRECTION('center_axis',(-0.707106781186548,0.707106781186547,0.));
#4755=DIRECTION('ref_axis',(0.707106781186547,0.707106781186548,0.));
#4756=DIRECTION('',(-0.577350269189626,-0.577350269189626,-0.577350269189626));
#4757=DIRECTION('',(-0.577350269189626,-0.577350269189626,0.577350269189626));
#4758=DIRECTION('center_axis',(0.,-0.707106781186548,-0.707106781186548));
#4759=DIRECTION('ref_axis',(1.,0.,0.));
#4760=DIRECTION('center_axis',(0.,0.707106781186548,0.707106781186548));
#4761=DIRECTION('ref_axis',(0.,-0.707106781186548,0.707106781186548));
#4762=DIRECTION('center_axis',(0.,0.707106781186548,0.707106781186548));
#4763=DIRECTION('ref_axis',(0.,0.707106781186548,-0.707106781186548));
#4764=DIRECTION('',(-1.,0.,0.));
#4765=DIRECTION('center_axis',(0.,-1.,0.));
#4766=DIRECTION('ref_axis',(-1.,0.,0.));
#4767=DIRECTION('center_axis',(0.,1.,0.));
#4768=DIRECTION('ref_axis',(1.,0.,0.));
#4769=DIRECTION('',(-1.,0.,0.));
#4770=DIRECTION('center_axis',(0.,0.,-1.));
#4771=DIRECTION('ref_axis',(-1.,0.,0.));
#4772=DIRECTION('',(0.,1.,0.));
#4773=DIRECTION('center_axis',(0.,0.,1.));
#4774=DIRECTION('ref_axis',(1.,0.,0.));
#4775=DIRECTION('',(1.,0.,0.));
#4776=DIRECTION('',(0.,-1.,0.));
#4777=DIRECTION('',(-1.,0.,0.));
#4778=DIRECTION('center_axis',(0.,1.,0.));
#4779=DIRECTION('ref_axis',(1.,0.,0.));
#4780=DIRECTION('center_axis',(0.,0.707106781186548,0.707106781186548));
#4781=DIRECTION('ref_axis',(0.,0.707106781186548,-0.707106781186548));
#4782=DIRECTION('center_axis',(0.,1.,0.));
#4783=DIRECTION('ref_axis',(1.,0.,0.));
#4784=DIRECTION('center_axis',(0.,-1.,0.));
#4785=DIRECTION('ref_axis',(1.,0.,0.));
#4786=DIRECTION('center_axis',(0.,1.,0.));
#4787=DIRECTION('ref_axis',(1.,0.,0.));
#4788=DIRECTION('center_axis',(0.,-1.,0.));
#4789=DIRECTION('ref_axis',(-1.,0.,0.));
#4790=DIRECTION('',(-1.,0.,0.));
#4791=DIRECTION('center_axis',(0.,-0.707106781186548,-0.707106781186548));
#4792=DIRECTION('ref_axis',(1.,0.,0.));
#4793=DIRECTION('',(1.,0.,0.));
#4794=DIRECTION('center_axis',(0.,-0.707106781186548,0.707106781186548));
#4795=DIRECTION('ref_axis',(-1.,0.,0.));
#4796=DIRECTION('',(1.,0.,0.));
#4797=DIRECTION('center_axis',(0.,-1.,0.));
#4798=DIRECTION('ref_axis',(-1.,0.,0.));
#4799=DIRECTION('',(1.,0.,0.));
#4800=DIRECTION('center_axis',(0.,0.,1.));
#4801=DIRECTION('ref_axis',(1.,0.,0.));
#4802=DIRECTION('',(-1.,-1.11022302462516E-16,0.));
#4803=DIRECTION('center_axis',(0.,0.,1.));
#4804=DIRECTION('ref_axis',(1.,0.,0.));
#4805=DIRECTION('center_axis',(0.,0.,1.));
#4806=DIRECTION('ref_axis',(1.,0.,0.));
#4807=DIRECTION('center_axis',(0.,0.,1.));
#4808=DIRECTION('ref_axis',(1.,0.,0.));
#4809=DIRECTION('center_axis',(0.,0.,1.));
#4810=DIRECTION('ref_axis',(1.,0.,0.));
#4811=DIRECTION('center_axis',(0.,0.,1.));
#4812=DIRECTION('ref_axis',(1.,0.,0.));
#4813=DIRECTION('center_axis',(0.,0.,1.));
#4814=DIRECTION('ref_axis',(1.,0.,0.));
#4815=DIRECTION('',(-1.,0.,0.));
#4816=DIRECTION('center_axis',(0.,1.,0.));
#4817=DIRECTION('ref_axis',(1.,0.,0.));
#4818=DIRECTION('',(0.,0.,1.));
#4819=DIRECTION('center_axis',(0.,0.,-1.));
#4820=DIRECTION('ref_axis',(1.,0.,0.));
#4821=DIRECTION('center_axis',(0.,0.,1.));
#4822=DIRECTION('ref_axis',(1.,0.,0.));
#4823=DIRECTION('',(0.,0.,1.));
#4824=DIRECTION('center_axis',(0.,0.,1.));
#4825=DIRECTION('ref_axis',(1.,0.,0.));
#4826=DIRECTION('',(0.,0.,1.));
#4827=DIRECTION('center_axis',(0.,0.,1.));
#4828=DIRECTION('ref_axis',(1.,0.,0.));
#4829=DIRECTION('',(0.,0.,1.));
#4830=DIRECTION('center_axis',(0.,0.,1.));
#4831=DIRECTION('ref_axis',(1.,0.,0.));
#4832=DIRECTION('',(0.,0.,1.));
#4833=DIRECTION('center_axis',(0.,0.,1.));
#4834=DIRECTION('ref_axis',(1.,0.,0.));
#4835=DIRECTION('',(0.,0.,1.));
#4836=DIRECTION('center_axis',(0.,0.,1.));
#4837=DIRECTION('ref_axis',(1.,0.,0.));
#4838=DIRECTION('',(0.,0.,1.));
#4839=DIRECTION('center_axis',(0.,0.,1.));
#4840=DIRECTION('ref_axis',(1.,0.,0.));
#4841=DIRECTION('',(0.,0.,1.));
#4842=DIRECTION('center_axis',(0.,0.,1.));
#4843=DIRECTION('ref_axis',(1.,0.,0.));
#4844=DIRECTION('center_axis',(1.11022302462516E-16,-1.,0.));
#4845=DIRECTION('ref_axis',(1.,1.11022302462516E-16,0.));
#4846=DIRECTION('',(0.,0.,1.));
#4847=DIRECTION('',(0.,0.,1.));
#4848=DIRECTION('',(0.,0.,-1.));
#4849=CARTESIAN_POINT('',(0.,0.,0.));
#4850=CARTESIAN_POINT('Origin',(-24.,-41.569219381653,134.));
#4851=CARTESIAN_POINT('',(-27.25,-41.569219381653,130.269219381653));
#4852=CARTESIAN_POINT('',(-27.25,-41.569219381653,131.730780618347));
#4853=CARTESIAN_POINT('',(-27.25,-41.569219381653,134.));
#4854=CARTESIAN_POINT('',(-27.2492627898038,-41.5,130.2));
#4855=CARTESIAN_POINT('Origin',(-24.,-41.569219381653,130.269219381653));
#4856=CARTESIAN_POINT('',(-27.2492627898038,-41.5,128.));
#4857=CARTESIAN_POINT('',(-27.2492627898038,-41.5,140.));
#4858=CARTESIAN_POINT('',(-20.7507372101962,-41.5,128.));
#4859=CARTESIAN_POINT('Origin',(-24.,-41.569219381653,128.));
#4860=CARTESIAN_POINT('',(-20.7507372101962,-41.5,130.2));
#4861=CARTESIAN_POINT('',(-20.7507372101962,-41.5,140.));
#4862=CARTESIAN_POINT('',(-20.8332256651526,-42.3,131.));
#4863=CARTESIAN_POINT('Origin',(-24.,-41.569219381653,130.269219381653));
#4864=CARTESIAN_POINT('',(-20.7507372101962,-41.5,131.8));
#4865=CARTESIAN_POINT('Origin',(-24.,-41.569219381653,131.730780618347));
#4866=CARTESIAN_POINT('',(-20.7507372101962,-41.5,134.));
#4867=CARTESIAN_POINT('',(-20.7507372101962,-41.5,140.));
#4868=CARTESIAN_POINT('',(-27.25,-41.569219381653,134.));
#4869=CARTESIAN_POINT('Origin',(-24.,-41.569219381653,134.));
#4870=CARTESIAN_POINT('',(-27.25,-41.569219381653,167.));
#4871=CARTESIAN_POINT('',(-27.25,-41.569219381653,134.));
#4872=CARTESIAN_POINT('Origin',(-24.,-41.569219381653,167.));
#4873=CARTESIAN_POINT('',(-27.2492627898038,-41.5,134.));
#4874=CARTESIAN_POINT('Origin',(-24.,-41.569219381653,134.));
#4875=CARTESIAN_POINT('',(-27.2492627898038,-41.5,131.8));
#4876=CARTESIAN_POINT('',(-27.2492627898038,-41.5,140.));
#4877=CARTESIAN_POINT('Origin',(-24.,-41.569219381653,131.730780618347));
#4878=CARTESIAN_POINT('Origin',(24.7222238723875,-5.49251423875055,168.));
#4879=CARTESIAN_POINT('',(51.5058632042352,2.34013458996977,168.));
#4880=CARTESIAN_POINT('',(48.8651705232285,-19.4865076125947,168.));
#4881=CARTESIAN_POINT('Origin',(24.7222238723875,-5.49251423875055,168.));
#4882=CARTESIAN_POINT('',(51.5058632042352,2.34013458996978,160.6));
#4883=CARTESIAN_POINT('',(51.5058632042352,2.34013458996977,168.));
#4884=CARTESIAN_POINT('',(48.8651705232285,-19.4865076125947,160.6));
#4885=CARTESIAN_POINT('Origin',(24.7222238723875,-5.49251423875055,160.6));
#4886=CARTESIAN_POINT('',(48.8651705232285,-19.4865076125947,168.));
#4887=CARTESIAN_POINT('Origin',(35.1383163772305,-0.158385423349503,168.));
#4888=CARTESIAN_POINT('',(48.1093418395544,10.1319833672669,168.));
#4889=CARTESIAN_POINT('Origin',(35.1383163772305,-0.158385423349503,168.));
#4890=CARTESIAN_POINT('',(48.1093418395544,10.1319833672669,160.6));
#4891=CARTESIAN_POINT('',(48.1093418395544,10.1319833672669,168.));
#4892=CARTESIAN_POINT('Origin',(35.1383163772305,-0.158385423349503,160.6));
#4893=CARTESIAN_POINT('Origin',(46.2591329563548,10.8914088662656,168.));
#4894=CARTESIAN_POINT('',(46.2591329563548,10.8914088662656,168.));
#4895=CARTESIAN_POINT('',(28.3773624743703,18.2310517544662,168.));
#4896=CARTESIAN_POINT('',(46.2591329563548,10.8914088662656,160.6));
#4897=CARTESIAN_POINT('',(46.2591329563548,10.8914088662656,168.));
#4898=CARTESIAN_POINT('',(46.2591329563548,10.8914088662656,160.6));
#4899=CARTESIAN_POINT('Origin',(24.7222238723875,-5.49251423875055,168.));
#4900=CARTESIAN_POINT('',(47.1348308967151,-18.4835495990582,168.));
#4901=CARTESIAN_POINT('',(47.9247979730302,6.02844529003362,168.));
#4902=CARTESIAN_POINT('Origin',(24.7222238723875,-5.49251423875055,168.));
#4903=CARTESIAN_POINT('',(47.1348308967151,-18.4835495990582,160.6));
#4904=CARTESIAN_POINT('',(47.1348308967151,-18.4835495990582,168.));
#4905=CARTESIAN_POINT('',(47.9247979730302,6.02844529003362,160.6));
#4906=CARTESIAN_POINT('Origin',(24.7222238723875,-5.49251423875055,160.6));
#4907=CARTESIAN_POINT('',(47.9247979730302,6.02844529003362,168.));
#4908=CARTESIAN_POINT('Origin',(48.0000007152557,-18.9850285967104,168.));
#4909=CARTESIAN_POINT('Origin',(48.0000007152557,-18.9850285967104,168.));
#4910=CARTESIAN_POINT('Origin',(48.0000007152557,-18.9850285967104,160.6));
#4911=CARTESIAN_POINT('Origin',(48.7593593993262,-4.54680986522237,160.6));
#4912=CARTESIAN_POINT('',(44.8910523830521,7.13263838312201,160.6));
#4913=CARTESIAN_POINT('',(43.9244944947455,4.47704241040389,160.6));
#4914=CARTESIAN_POINT('',(44.8910523830521,7.13263838312201,160.6));
#4915=CARTESIAN_POINT('Origin',(-42.1583426614991,39.8802039251207,168.));
#4916=CARTESIAN_POINT('',(-42.1583420103823,39.8802036881336,168.));
#4917=CARTESIAN_POINT('',(-44.0377276660837,40.5642448628887,168.));
#4918=CARTESIAN_POINT('',(-17.1363401278524,30.7729299838063,168.));
#4919=CARTESIAN_POINT('',(-42.1583420103823,39.8802036881336,153.4));
#4920=CARTESIAN_POINT('',(-42.1583420103823,39.8802036881336,168.));
#4921=CARTESIAN_POINT('',(-44.0377276660837,40.5642448628887,153.4));
#4922=CARTESIAN_POINT('',(-44.0377276660837,40.5642448628887,153.4));
#4923=CARTESIAN_POINT('',(-44.0377276660837,40.5642448628887,168.));
#4924=CARTESIAN_POINT('Origin',(-43.5264223416014,36.1214338701092,168.));
#4925=CARTESIAN_POINT('',(-43.5264223416014,36.1214338701092,168.));
#4926=CARTESIAN_POINT('',(-46.7852127810639,27.1679807229514,168.));
#4927=CARTESIAN_POINT('',(-43.5264223416014,36.1214338701092,153.4));
#4928=CARTESIAN_POINT('',(-43.5264223416014,36.1214338701092,168.));
#4929=CARTESIAN_POINT('',(-41.474301713538,41.7595889577104,153.4));
#4930=CARTESIAN_POINT('Origin',(41.9856061499164,4.99760082747333,168.));
#4931=CARTESIAN_POINT('',(41.9856061499164,4.99760082747333,168.));
#4932=CARTESIAN_POINT('',(24.2515935144207,11.4522535608945,168.));
#4933=CARTESIAN_POINT('',(41.9856061499164,4.99760082747333,153.4));
#4934=CARTESIAN_POINT('',(41.9856061499164,4.99760082747333,168.));
#4935=CARTESIAN_POINT('',(41.9856061499164,4.99760082747333,153.4));
#4936=CARTESIAN_POINT('Origin',(43.0116666391402,7.8166788526102,168.));
#4937=CARTESIAN_POINT('',(43.0116671414803,7.81667866977335,168.));
#4938=CARTESIAN_POINT('',(39.2398459550658,-2.54631330711607,168.));
#4939=CARTESIAN_POINT('',(43.0116671414803,7.81667866977335,153.4));
#4940=CARTESIAN_POINT('',(43.0116671414803,7.81667866977335,168.));
#4941=CARTESIAN_POINT('',(45.4058075831731,14.3945270353324,153.4));
#4942=CARTESIAN_POINT('Origin',(44.8910523830521,7.13263838312201,168.));
#4943=CARTESIAN_POINT('',(26.2173468756004,13.9293113512873,168.));
#4944=CARTESIAN_POINT('',(44.8910523830521,7.13263838312201,153.4));
#4945=CARTESIAN_POINT('',(44.8910523830521,7.13263838312201,168.));
#4946=CARTESIAN_POINT('',(43.0116671414803,7.81667866977335,153.4));
#4947=CARTESIAN_POINT('Origin',(46.2591329563548,10.8914088662656,168.));
#4948=CARTESIAN_POINT('',(46.2591329563548,10.8914088662656,153.4));
#4949=CARTESIAN_POINT('',(46.2591329563548,10.8914088662656,168.));
#4950=CARTESIAN_POINT('',(44.8910523830521,7.13263838312201,153.4));
#4951=CARTESIAN_POINT('Origin',(44.379747714783,11.575449152917,168.));
#4952=CARTESIAN_POINT('',(44.379747714783,11.575449152917,168.));
#4953=CARTESIAN_POINT('',(26.6457348281172,18.0301019777566,168.));
#4954=CARTESIAN_POINT('',(44.379747714783,11.575449152917,153.4));
#4955=CARTESIAN_POINT('',(44.379747714783,11.575449152917,168.));
#4956=CARTESIAN_POINT('',(46.2591329563548,10.8914088662656,153.4));
#4957=CARTESIAN_POINT('Origin',(45.4058075831731,14.3945270353324,168.));
#4958=CARTESIAN_POINT('',(45.4058075831731,14.3945270353324,168.));
#4959=CARTESIAN_POINT('',(40.4369164270822,0.742610784245034,168.));
#4960=CARTESIAN_POINT('',(45.4058075831731,14.3945270353324,153.4));
#4961=CARTESIAN_POINT('',(45.4058075831731,14.3945270353324,168.));
#4962=CARTESIAN_POINT('',(45.4058075831731,14.3945270353324,153.4));
#4963=CARTESIAN_POINT('Origin',(-40.1062215594615,45.5183603149554,168.));
#4964=CARTESIAN_POINT('',(-40.1062215594615,45.5183603149554,168.));
#4965=CARTESIAN_POINT('',(-15.0842196236399,36.4110964085651,168.));
#4966=CARTESIAN_POINT('',(-40.1062215594615,45.5183603149554,153.4));
#4967=CARTESIAN_POINT('',(-40.1062215594615,45.5183603149554,168.));
#4968=CARTESIAN_POINT('',(-41.9856061499164,46.2024003646196,153.4));
#4969=CARTESIAN_POINT('Origin',(-41.4743023646548,41.7595891946975,168.));
#4970=CARTESIAN_POINT('',(-41.474301713538,41.7595889577104,168.));
#4971=CARTESIAN_POINT('',(-45.759153118149,29.9870585037391,168.));
#4972=CARTESIAN_POINT('',(-41.474301713538,41.7595889577104,153.4));
#4973=CARTESIAN_POINT('',(-41.474301713538,41.7595889577104,168.));
#4974=CARTESIAN_POINT('',(-42.1583426614991,39.8802039251207,153.4));
#4975=CARTESIAN_POINT('Origin',(-43.3536867181226,42.4436298954785,168.));
#4976=CARTESIAN_POINT('',(-43.3536867181226,42.4436298954785,168.));
#4977=CARTESIAN_POINT('',(-17.3919916821836,32.99433548528,168.));
#4978=CARTESIAN_POINT('',(-43.3536867181226,42.4436298954785,153.4));
#4979=CARTESIAN_POINT('',(-43.3536867181226,42.4436298954785,168.));
#4980=CARTESIAN_POINT('',(-43.3536867181226,42.4436298954785,153.4));
#4981=CARTESIAN_POINT('Origin',(-44.0377276660837,40.5642448628887,168.));
#4982=CARTESIAN_POINT('',(-47.9805588689808,29.7314168416428,168.));
#4983=CARTESIAN_POINT('',(-44.0377276660837,40.5642448628887,153.4));
#4984=CARTESIAN_POINT('Origin',(1.11070264513556,25.2579805712144,153.4));
#4985=CARTESIAN_POINT('Origin',(-29.3,-3.00000035762786,168.));
#4986=CARTESIAN_POINT('',(-29.3,-3.00000035762786,168.));
#4987=CARTESIAN_POINT('',(29.3,-3.00000035762786,168.));
#4988=CARTESIAN_POINT('',(-14.65,-3.00000035762786,168.));
#4989=CARTESIAN_POINT('',(-29.3,-3.00000035762786,135.));
#4990=CARTESIAN_POINT('',(-29.3,-3.00000035762786,168.));
#4991=CARTESIAN_POINT('',(29.3,-3.00000035762786,135.));
#4992=CARTESIAN_POINT('',(29.3,-3.00000035762786,135.));
#4993=CARTESIAN_POINT('',(29.3,-3.00000035762786,168.));
#4994=CARTESIAN_POINT('Origin',(-29.3,-19.0000003576279,168.));
#4995=CARTESIAN_POINT('',(-29.3,-19.0000003576279,168.));
#4996=CARTESIAN_POINT('',(-29.3,-9.50000017881393,168.));
#4997=CARTESIAN_POINT('',(-29.3,-19.0000003576279,135.));
#4998=CARTESIAN_POINT('',(-29.3,-19.0000003576279,168.));
#4999=CARTESIAN_POINT('',(-29.3,-3.00000035762786,135.));
#5000=CARTESIAN_POINT('Origin',(29.3,-19.0000003576279,168.));
#5001=CARTESIAN_POINT('',(-27.,-19.0000003576279,168.));
#5002=CARTESIAN_POINT('',(-27.,-19.0000003576279,152.));
#5003=CARTESIAN_POINT('',(-27.,-19.0000003576279,168.));
#5004=CARTESIAN_POINT('',(27.,-19.0000003576279,152.));
#5005=CARTESIAN_POINT('',(-29.3,-19.0000003576279,152.));
#5006=CARTESIAN_POINT('',(27.,-19.0000003576279,168.));
#5007=CARTESIAN_POINT('',(27.,-19.0000003576279,168.));
#5008=CARTESIAN_POINT('',(29.3,-19.0000003576279,168.));
#5009=CARTESIAN_POINT('',(14.65,-19.0000003576279,168.));
#5010=CARTESIAN_POINT('',(29.3,-19.0000003576279,135.));
#5011=CARTESIAN_POINT('',(29.3,-19.0000003576279,168.));
#5012=CARTESIAN_POINT('',(-29.3,-19.0000003576279,135.));
#5013=CARTESIAN_POINT('',(14.65,-19.0000003576279,168.));
#5014=CARTESIAN_POINT('Origin',(29.3,-3.00000035762786,168.));
#5015=CARTESIAN_POINT('',(29.3,-1.50000017881393,168.));
#5016=CARTESIAN_POINT('',(29.3,-19.0000003576279,135.));
#5017=CARTESIAN_POINT('Origin',(0.,-11.0000003576279,135.));
#5018=CARTESIAN_POINT('Origin',(-27.,-31.000000461936,168.));
#5019=CARTESIAN_POINT('',(-27.,-27.7780482172233,168.));
#5020=CARTESIAN_POINT('',(-27.,-25.7147427998294,166.5));
#5021=CARTESIAN_POINT('Ctrl Pts',(-27.,-27.7780482172233,168.));
#5022=CARTESIAN_POINT('Ctrl Pts',(-27.,-26.4959943668463,166.905563978567));
#5023=CARTESIAN_POINT('Ctrl Pts',(-27.,-25.7147427998294,166.5));
#5024=CARTESIAN_POINT('',(-27.0000004023314,-31.000000461936,168.));
#5025=CARTESIAN_POINT('',(-27.,-15.500000230968,168.));
#5026=CARTESIAN_POINT('',(-27.0000004023314,-31.000000461936,152.));
#5027=CARTESIAN_POINT('',(-27.0000004023314,-31.000000461936,168.));
#5028=CARTESIAN_POINT('',(-27.,-27.0000003576279,152.));
#5029=CARTESIAN_POINT('',(-27.,-21.2219517827767,168.));
#5030=CARTESIAN_POINT('',(-27.,-15.500000230968,168.));
#5031=CARTESIAN_POINT('',(-27.,-23.2852572001706,166.5));
#5032=CARTESIAN_POINT('Ctrl Pts',(-27.,-23.2852572001706,166.5));
#5033=CARTESIAN_POINT('Ctrl Pts',(-27.,-22.5040056331537,166.905563978567));
#5034=CARTESIAN_POINT('Ctrl Pts',(-27.,-21.2219517827767,168.));
#5035=CARTESIAN_POINT('',(-27.,-27.750000230968,166.5));
#5036=CARTESIAN_POINT('Origin',(27.,-31.000000461936,168.));
#5037=CARTESIAN_POINT('',(27.,-31.000000461936,168.));
#5038=CARTESIAN_POINT('',(13.5,-31.000000461936,168.));
#5039=CARTESIAN_POINT('',(27.,-31.000000461936,152.));
#5040=CARTESIAN_POINT('',(27.,-31.000000461936,168.));
#5041=CARTESIAN_POINT('',(-27.0000004023314,-31.000000461936,152.));
#5042=CARTESIAN_POINT('Origin',(27.,-19.0000003576279,168.));
#5043=CARTESIAN_POINT('',(27.,-25.7147427998294,166.5));
#5044=CARTESIAN_POINT('',(27.,-27.7780482172233,168.));
#5045=CARTESIAN_POINT('Ctrl Pts',(27.,-25.7147427998294,166.5));
#5046=CARTESIAN_POINT('Ctrl Pts',(27.,-26.4959943668463,166.905563978567));
#5047=CARTESIAN_POINT('Ctrl Pts',(27.,-27.7780482172233,168.));
#5048=CARTESIAN_POINT('',(27.,-23.2852572001706,166.5));
#5049=CARTESIAN_POINT('',(27.,-21.7500001788139,166.5));
#5050=CARTESIAN_POINT('',(27.,-21.2219517827767,168.));
#5051=CARTESIAN_POINT('Ctrl Pts',(27.,-21.2219517827767,168.));
#5052=CARTESIAN_POINT('Ctrl Pts',(27.,-22.5040056331537,166.905563978567));
#5053=CARTESIAN_POINT('Ctrl Pts',(27.,-23.2852572001706,166.5));
#5054=CARTESIAN_POINT('',(27.,-9.50000017881393,168.));
#5055=CARTESIAN_POINT('',(27.,-31.000000461936,152.));
#5056=CARTESIAN_POINT('',(27.,-9.50000017881393,168.));
#5057=CARTESIAN_POINT('Origin',(-2.01165675228765E-7,-25.0000004097819,
152.));
#5058=CARTESIAN_POINT('Origin',(29.,-24.5,167.25));
#5059=CARTESIAN_POINT('Origin',(29.,-24.5,168.));
#5060=CARTESIAN_POINT('Origin',(29.,-24.5,166.5));
#5061=CARTESIAN_POINT('Origin',(-29.,-24.5,166.5));
#5062=CARTESIAN_POINT('Origin',(-29.,-24.5,166.5));
#5063=CARTESIAN_POINT('Origin',(-29.,-24.5,167.25));
#5064=CARTESIAN_POINT('Origin',(-29.,-24.5,168.));
#5065=CARTESIAN_POINT('Origin',(29.34,0.,151.));
#5066=CARTESIAN_POINT('',(29.34,6.,168.));
#5067=CARTESIAN_POINT('',(29.34,-6.,168.));
#5068=CARTESIAN_POINT('',(29.34,6.,168.));
#5069=CARTESIAN_POINT('',(29.34,-6.,134.));
#5070=CARTESIAN_POINT('',(29.34,-6.,145.5));
#5071=CARTESIAN_POINT('',(29.34,6.,134.));
#5072=CARTESIAN_POINT('',(29.34,-6.,134.));
#5073=CARTESIAN_POINT('',(29.34,6.,145.5));
#5074=CARTESIAN_POINT('Origin',(38.,-6.,140.));
#5075=CARTESIAN_POINT('',(38.,-6.,168.));
#5076=CARTESIAN_POINT('',(38.,-6.,168.));
#5077=CARTESIAN_POINT('',(38.,-6.,134.));
#5078=CARTESIAN_POINT('',(38.,-6.,164.));
#5079=CARTESIAN_POINT('',(38.,-6.,134.));
#5080=CARTESIAN_POINT('Ctrl Pts',(-20.5000000000805,54.4692490156354,139.));
#5081=CARTESIAN_POINT('Ctrl Pts',(-20.5000000000805,54.4692490156354,165.4));
#5082=CARTESIAN_POINT('Ctrl Pts',(-20.7707355385612,54.451629168973,139.));
#5083=CARTESIAN_POINT('Ctrl Pts',(-20.7707355385612,54.451629168973,165.4));
#5084=CARTESIAN_POINT('Ctrl Pts',(-21.0415128612326,54.4333698262185,139.));
#5085=CARTESIAN_POINT('Ctrl Pts',(-21.0415128612326,54.4333698262185,165.4));
#5086=CARTESIAN_POINT('Ctrl Pts',(-21.5747938930857,54.3960756659732,139.));
#5087=CARTESIAN_POINT('Ctrl Pts',(-21.5747938930857,54.3960756659732,165.4));
#5088=CARTESIAN_POINT('Ctrl Pts',(-21.8374610178079,54.3770689299991,139.));
#5089=CARTESIAN_POINT('Ctrl Pts',(-21.8374610178079,54.3770689299991,165.4));
#5090=CARTESIAN_POINT('Ctrl Pts',(-22.1,54.3573943972355,139.));
#5091=CARTESIAN_POINT('Ctrl Pts',(-22.1,54.3573943972355,165.4));
#5092=CARTESIAN_POINT('',(-20.5,54.4692490156407,163.));
#5093=CARTESIAN_POINT('',(-22.1,54.3573943972355,163.));
#5094=CARTESIAN_POINT('Ctrl Pts',(-20.5000000000805,54.4692490156354,163.));
#5095=CARTESIAN_POINT('Ctrl Pts',(-20.7707355385612,54.451629168973,163.));
#5096=CARTESIAN_POINT('Ctrl Pts',(-21.0415128612326,54.4333698262185,163.));
#5097=CARTESIAN_POINT('Ctrl Pts',(-21.5747938930857,54.3960756659732,163.));
#5098=CARTESIAN_POINT('Ctrl Pts',(-21.8374610178079,54.3770689299991,163.));
#5099=CARTESIAN_POINT('Ctrl Pts',(-22.1,54.3573943972355,163.));
#5100=CARTESIAN_POINT('',(-20.5,54.4692490156407,139.));
#5101=CARTESIAN_POINT('',(-20.5,54.4692490156407,139.));
#5102=CARTESIAN_POINT('',(-22.1,54.3573943972355,139.));
#5103=CARTESIAN_POINT('Ctrl Pts',(-20.5000000000805,54.4692490156354,139.));
#5104=CARTESIAN_POINT('Ctrl Pts',(-20.7707355385612,54.451629168973,139.));
#5105=CARTESIAN_POINT('Ctrl Pts',(-21.0415128612326,54.4333698262185,139.));
#5106=CARTESIAN_POINT('Ctrl Pts',(-21.5747938930857,54.3960756659732,139.));
#5107=CARTESIAN_POINT('Ctrl Pts',(-21.8374610178079,54.3770689299991,139.));
#5108=CARTESIAN_POINT('Ctrl Pts',(-22.1,54.3573943972355,139.));
#5109=CARTESIAN_POINT('',(-22.1,54.3573943972355,139.));
#5110=CARTESIAN_POINT('Ctrl Pts',(-3.33066907387547E-15,55.,139.));
#5111=CARTESIAN_POINT('Ctrl Pts',(-3.33066907387547E-15,55.,165.4));
#5112=CARTESIAN_POINT('Ctrl Pts',(-3.90717278593428,55.,139.));
#5113=CARTESIAN_POINT('Ctrl Pts',(-3.90717278593428,55.,165.4));
#5114=CARTESIAN_POINT('Ctrl Pts',(-7.97362107883662,54.9617641950058,139.));
#5115=CARTESIAN_POINT('Ctrl Pts',(-7.97362107883662,54.9617641950058,165.4));
#5116=CARTESIAN_POINT('Ctrl Pts',(-14.7324188953319,54.7742612911667,139.));
#5117=CARTESIAN_POINT('Ctrl Pts',(-14.7324188953319,54.7742612911667,165.4));
#5118=CARTESIAN_POINT('Ctrl Pts',(-17.6589236710215,54.6541502279206,139.));
#5119=CARTESIAN_POINT('Ctrl Pts',(-17.6589236710215,54.6541502279206,165.4));
#5120=CARTESIAN_POINT('Ctrl Pts',(-20.5,54.4692490156406,139.));
#5121=CARTESIAN_POINT('Ctrl Pts',(-20.5,54.4692490156406,165.4));
#5122=CARTESIAN_POINT('',(3.33066907387547E-15,55.,163.));
#5123=CARTESIAN_POINT('Ctrl Pts',(-3.33066907387547E-15,55.,163.));
#5124=CARTESIAN_POINT('Ctrl Pts',(-3.90717278593428,55.,163.));
#5125=CARTESIAN_POINT('Ctrl Pts',(-7.97362107883662,54.9617641950058,163.));
#5126=CARTESIAN_POINT('Ctrl Pts',(-14.7324188953319,54.7742612911667,163.));
#5127=CARTESIAN_POINT('Ctrl Pts',(-17.6589236710215,54.6541502279206,163.));
#5128=CARTESIAN_POINT('Ctrl Pts',(-20.5,54.4692490156406,163.));
#5129=CARTESIAN_POINT('',(3.33066907387547E-15,55.,139.));
#5130=CARTESIAN_POINT('',(3.33066907387547E-15,55.,139.));
#5131=CARTESIAN_POINT('Ctrl Pts',(-3.33066907387547E-15,55.,139.));
#5132=CARTESIAN_POINT('Ctrl Pts',(-3.90717278593428,55.,139.));
#5133=CARTESIAN_POINT('Ctrl Pts',(-7.97362107883662,54.9617641950058,139.));
#5134=CARTESIAN_POINT('Ctrl Pts',(-14.7324188953319,54.7742612911667,139.));
#5135=CARTESIAN_POINT('Ctrl Pts',(-17.6589236710215,54.6541502279206,139.));
#5136=CARTESIAN_POINT('Ctrl Pts',(-20.5,54.4692490156406,139.));
#5137=CARTESIAN_POINT('Ctrl Pts',(20.5,54.4692490156407,139.));
#5138=CARTESIAN_POINT('Ctrl Pts',(20.5,54.4692490156407,165.4));
#5139=CARTESIAN_POINT('Ctrl Pts',(17.6589236710218,54.6541502279206,139.));
#5140=CARTESIAN_POINT('Ctrl Pts',(17.6589236710218,54.6541502279206,165.4));
#5141=CARTESIAN_POINT('Ctrl Pts',(14.7324188953331,54.7742612911667,139.));
#5142=CARTESIAN_POINT('Ctrl Pts',(14.7324188953331,54.7742612911667,165.4));
#5143=CARTESIAN_POINT('Ctrl Pts',(7.97362107883671,54.9617641950058,139.));
#5144=CARTESIAN_POINT('Ctrl Pts',(7.97362107883671,54.9617641950058,165.4));
#5145=CARTESIAN_POINT('Ctrl Pts',(3.90717278593456,55.,139.));
#5146=CARTESIAN_POINT('Ctrl Pts',(3.90717278593456,55.,165.4));
#5147=CARTESIAN_POINT('Ctrl Pts',(-1.11022302462516E-15,55.,139.));
#5148=CARTESIAN_POINT('Ctrl Pts',(-1.11022302462516E-15,55.,165.4));
#5149=CARTESIAN_POINT('',(20.5,54.4692490156409,163.));
#5150=CARTESIAN_POINT('Ctrl Pts',(20.5,54.4692490156407,163.));
#5151=CARTESIAN_POINT('Ctrl Pts',(17.6589236710218,54.6541502279206,163.));
#5152=CARTESIAN_POINT('Ctrl Pts',(14.7324188953331,54.7742612911667,163.));
#5153=CARTESIAN_POINT('Ctrl Pts',(7.97362107883671,54.9617641950058,163.));
#5154=CARTESIAN_POINT('Ctrl Pts',(3.90717278593456,55.,163.));
#5155=CARTESIAN_POINT('Ctrl Pts',(-1.11022302462516E-15,55.,163.));
#5156=CARTESIAN_POINT('',(20.5,54.4692490156409,139.));
#5157=CARTESIAN_POINT('',(20.5,54.4692490156409,139.));
#5158=CARTESIAN_POINT('Ctrl Pts',(20.5,54.4692490156407,139.));
#5159=CARTESIAN_POINT('Ctrl Pts',(17.6589236710218,54.6541502279206,139.));
#5160=CARTESIAN_POINT('Ctrl Pts',(14.7324188953331,54.7742612911667,139.));
#5161=CARTESIAN_POINT('Ctrl Pts',(7.97362107883671,54.9617641950058,139.));
#5162=CARTESIAN_POINT('Ctrl Pts',(3.90717278593456,55.,139.));
#5163=CARTESIAN_POINT('Ctrl Pts',(-1.11022302462516E-15,55.,139.));
#5164=CARTESIAN_POINT('Ctrl Pts',(22.1,54.3573943972355,139.));
#5165=CARTESIAN_POINT('Ctrl Pts',(22.1,54.3573943972355,165.4));
#5166=CARTESIAN_POINT('Ctrl Pts',(21.8374610178091,54.377068929999,139.));
#5167=CARTESIAN_POINT('Ctrl Pts',(21.8374610178091,54.377068929999,165.4));
#5168=CARTESIAN_POINT('Ctrl Pts',(21.5747938930884,54.396075665973,139.));
#5169=CARTESIAN_POINT('Ctrl Pts',(21.5747938930884,54.396075665973,165.4));
#5170=CARTESIAN_POINT('Ctrl Pts',(21.0415128612361,54.4333698262183,139.));
#5171=CARTESIAN_POINT('Ctrl Pts',(21.0415128612361,54.4333698262183,165.4));
#5172=CARTESIAN_POINT('Ctrl Pts',(20.7707355385663,54.4516291689727,139.));
#5173=CARTESIAN_POINT('Ctrl Pts',(20.7707355385663,54.4516291689727,165.4));
#5174=CARTESIAN_POINT('Ctrl Pts',(20.5000000000805,54.4692490156354,139.));
#5175=CARTESIAN_POINT('Ctrl Pts',(20.5000000000805,54.4692490156354,165.4));
#5176=CARTESIAN_POINT('',(22.1,54.3573943972355,163.));
#5177=CARTESIAN_POINT('Ctrl Pts',(22.1,54.3573943972355,163.));
#5178=CARTESIAN_POINT('Ctrl Pts',(21.8374610178091,54.377068929999,163.));
#5179=CARTESIAN_POINT('Ctrl Pts',(21.5747938930884,54.396075665973,163.));
#5180=CARTESIAN_POINT('Ctrl Pts',(21.0415128612361,54.4333698262183,163.));
#5181=CARTESIAN_POINT('Ctrl Pts',(20.7707355385663,54.4516291689727,163.));
#5182=CARTESIAN_POINT('Ctrl Pts',(20.5000000000805,54.4692490156354,163.));
#5183=CARTESIAN_POINT('',(22.1,54.3573943972355,139.));
#5184=CARTESIAN_POINT('',(22.1,54.3573943972355,139.));
#5185=CARTESIAN_POINT('Ctrl Pts',(22.1,54.3573943972355,139.));
#5186=CARTESIAN_POINT('Ctrl Pts',(21.8374610178091,54.377068929999,139.));
#5187=CARTESIAN_POINT('Ctrl Pts',(21.5747938930884,54.396075665973,139.));
#5188=CARTESIAN_POINT('Ctrl Pts',(21.0415128612361,54.4333698262183,139.));
#5189=CARTESIAN_POINT('Ctrl Pts',(20.7707355385663,54.4516291689727,139.));
#5190=CARTESIAN_POINT('Ctrl Pts',(20.5000000000805,54.4692490156354,139.));
#5191=CARTESIAN_POINT('Ctrl Pts',(55.,6.66133814775094E-15,139.));
#5192=CARTESIAN_POINT('Ctrl Pts',(55.,6.66133814775094E-15,165.4));
#5193=CARTESIAN_POINT('Ctrl Pts',(55.,13.5376629200269,139.));
#5194=CARTESIAN_POINT('Ctrl Pts',(55.,13.5376629200269,165.4));
#5195=CARTESIAN_POINT('Ctrl Pts',(54.5410389304574,22.8998173335613,139.));
#5196=CARTESIAN_POINT('Ctrl Pts',(54.5410389304574,22.8998173335613,165.4));
#5197=CARTESIAN_POINT('Ctrl Pts',(52.8388274774399,34.5966062521538,139.));
#5198=CARTESIAN_POINT('Ctrl Pts',(52.8388274774399,34.5966062521538,165.4));
#5199=CARTESIAN_POINT('Ctrl Pts',(51.8391263867854,38.347609009116,139.));
#5200=CARTESIAN_POINT('Ctrl Pts',(51.8391263867854,38.347609009116,165.4));
#5201=CARTESIAN_POINT('Ctrl Pts',(49.4908780239107,43.4066309435952,139.));
#5202=CARTESIAN_POINT('Ctrl Pts',(49.4908780239107,43.4066309435952,165.4));
#5203=CARTESIAN_POINT('Ctrl Pts',(48.2513803668722,45.2890324209678,139.));
#5204=CARTESIAN_POINT('Ctrl Pts',(48.2513803668722,45.2890324209678,165.4));
#5205=CARTESIAN_POINT('Ctrl Pts',(44.8690844062366,48.5846979274668,139.));
#5206=CARTESIAN_POINT('Ctrl Pts',(44.8690844062366,48.5846979274668,165.4));
#5207=CARTESIAN_POINT('Ctrl Pts',(42.7510872518078,49.9183142876985,139.));
#5208=CARTESIAN_POINT('Ctrl Pts',(42.7510872518078,49.9183142876985,165.4));
#5209=CARTESIAN_POINT('Ctrl Pts',(35.5596714835421,52.8166099385512,139.));
#5210=CARTESIAN_POINT('Ctrl Pts',(35.5596714835421,52.8166099385512,165.4));
#5211=CARTESIAN_POINT('Ctrl Pts',(29.5625307378139,53.7981562822916,139.));
#5212=CARTESIAN_POINT('Ctrl Pts',(29.5625307378139,53.7981562822916,165.4));
#5213=CARTESIAN_POINT('Ctrl Pts',(22.1,54.3573943972355,139.));
#5214=CARTESIAN_POINT('Ctrl Pts',(22.1,54.3573943972355,165.4));
#5215=CARTESIAN_POINT('',(55.,-1.22124532708767E-14,163.));
#5216=CARTESIAN_POINT('Ctrl Pts',(55.,6.66133814775094E-15,163.));
#5217=CARTESIAN_POINT('Ctrl Pts',(55.,13.5376629200269,163.));
#5218=CARTESIAN_POINT('Ctrl Pts',(54.5410389304575,22.8998173335613,163.));
#5219=CARTESIAN_POINT('Ctrl Pts',(52.8388274774399,34.5966062521538,163.));
#5220=CARTESIAN_POINT('Ctrl Pts',(51.8391263867854,38.347609009116,163.));
#5221=CARTESIAN_POINT('Ctrl Pts',(49.4908780239107,43.4066309435952,163.));
#5222=CARTESIAN_POINT('Ctrl Pts',(48.2513803668722,45.2890324209678,163.));
#5223=CARTESIAN_POINT('Ctrl Pts',(44.8690844062366,48.5846979274668,163.));
#5224=CARTESIAN_POINT('Ctrl Pts',(42.7510872518078,49.9183142876985,163.));
#5225=CARTESIAN_POINT('Ctrl Pts',(35.5596714835421,52.8166099385512,163.));
#5226=CARTESIAN_POINT('Ctrl Pts',(29.5625307378139,53.7981562822916,163.));
#5227=CARTESIAN_POINT('Ctrl Pts',(22.1,54.3573943972355,163.));
#5228=CARTESIAN_POINT('',(55.,-1.22124532708767E-14,139.));
#5229=CARTESIAN_POINT('',(55.,-1.22124532708767E-14,139.));
#5230=CARTESIAN_POINT('Ctrl Pts',(55.,6.66133814775094E-15,139.));
#5231=CARTESIAN_POINT('Ctrl Pts',(55.,13.5376629200269,139.));
#5232=CARTESIAN_POINT('Ctrl Pts',(54.5410389304574,22.8998173335613,139.));
#5233=CARTESIAN_POINT('Ctrl Pts',(52.8388274774399,34.5966062521538,139.));
#5234=CARTESIAN_POINT('Ctrl Pts',(51.8391263867854,38.347609009116,139.));
#5235=CARTESIAN_POINT('Ctrl Pts',(49.4908780239107,43.4066309435952,139.));
#5236=CARTESIAN_POINT('Ctrl Pts',(48.2513803668722,45.2890324209678,139.));
#5237=CARTESIAN_POINT('Ctrl Pts',(44.8690844062366,48.5846979274668,139.));
#5238=CARTESIAN_POINT('Ctrl Pts',(42.7510872518078,49.9183142876985,139.));
#5239=CARTESIAN_POINT('Ctrl Pts',(35.5596714835421,52.8166099385512,139.));
#5240=CARTESIAN_POINT('Ctrl Pts',(29.5625307378139,53.7981562822916,139.));
#5241=CARTESIAN_POINT('Ctrl Pts',(22.1,54.3573943972355,139.));
#5242=CARTESIAN_POINT('Ctrl Pts',(-8.88178419700125E-15,-55.,139.));
#5243=CARTESIAN_POINT('Ctrl Pts',(-8.88178419700125E-15,-55.,165.4));
#5244=CARTESIAN_POINT('Ctrl Pts',(18.4985182512891,-55.,139.));
#5245=CARTESIAN_POINT('Ctrl Pts',(18.4985182512891,-55.,165.4));
#5246=CARTESIAN_POINT('Ctrl Pts',(29.4702244546802,-54.1429252877041,139.));
#5247=CARTESIAN_POINT('Ctrl Pts',(29.4702244546802,-54.1429252877041,165.4));
#5248=CARTESIAN_POINT('Ctrl Pts',(39.7364814788248,-51.2825226729332,139.));
#5249=CARTESIAN_POINT('Ctrl Pts',(39.7364814788248,-51.2825226729332,165.4));
#5250=CARTESIAN_POINT('Ctrl Pts',(42.2035401066384,-50.1991998204407,139.));
#5251=CARTESIAN_POINT('Ctrl Pts',(42.2035401066384,-50.1991998204407,165.4));
#5252=CARTESIAN_POINT('Ctrl Pts',(46.1634937697336,-47.5147404266171,139.));
#5253=CARTESIAN_POINT('Ctrl Pts',(46.1634937697336,-47.5147404266171,165.4));
#5254=CARTESIAN_POINT('Ctrl Pts',(47.7253591958859,-45.9193374181498,139.));
#5255=CARTESIAN_POINT('Ctrl Pts',(47.7253591958859,-45.9193374181498,165.4));
#5256=CARTESIAN_POINT('Ctrl Pts',(50.5903342326,-41.5327801330397,139.));
#5257=CARTESIAN_POINT('Ctrl Pts',(50.5903342326,-41.5327801330397,165.4));
#5258=CARTESIAN_POINT('Ctrl Pts',(51.7834201337899,-38.4775874486166,139.));
#5259=CARTESIAN_POINT('Ctrl Pts',(51.7834201337899,-38.4775874486166,165.4));
#5260=CARTESIAN_POINT('Ctrl Pts',(54.2905407535863,-27.3599285017665,139.));
#5261=CARTESIAN_POINT('Ctrl Pts',(54.2905407535863,-27.3599285017665,165.4));
#5262=CARTESIAN_POINT('Ctrl Pts',(55.,-16.8302862017669,139.));
#5263=CARTESIAN_POINT('Ctrl Pts',(55.,-16.8302862017669,165.4));
#5264=CARTESIAN_POINT('Ctrl Pts',(55.,-8.88178419700125E-15,139.));
#5265=CARTESIAN_POINT('Ctrl Pts',(55.,-8.88178419700125E-15,165.4));
#5266=CARTESIAN_POINT('',(-3.33066907387547E-15,-55.,163.));
#5267=CARTESIAN_POINT('Ctrl Pts',(-8.88178419700125E-15,-55.,163.));
#5268=CARTESIAN_POINT('Ctrl Pts',(18.4985182512891,-55.,163.));
#5269=CARTESIAN_POINT('Ctrl Pts',(29.4702244546802,-54.1429252877041,163.));
#5270=CARTESIAN_POINT('Ctrl Pts',(39.7364814788248,-51.2825226729332,163.));
#5271=CARTESIAN_POINT('Ctrl Pts',(42.2035401066384,-50.1991998204407,163.));
#5272=CARTESIAN_POINT('Ctrl Pts',(46.1634937697336,-47.5147404266171,163.));
#5273=CARTESIAN_POINT('Ctrl Pts',(47.7253591958859,-45.9193374181498,163.));
#5274=CARTESIAN_POINT('Ctrl Pts',(50.5903342326,-41.5327801330397,163.));
#5275=CARTESIAN_POINT('Ctrl Pts',(51.7834201337899,-38.4775874486166,163.));
#5276=CARTESIAN_POINT('Ctrl Pts',(54.2905407535863,-27.3599285017665,163.));
#5277=CARTESIAN_POINT('Ctrl Pts',(55.,-16.8302862017669,163.));
#5278=CARTESIAN_POINT('Ctrl Pts',(55.,-8.88178419700125E-15,163.));
#5279=CARTESIAN_POINT('',(-3.33066907387547E-15,-55.,139.));
#5280=CARTESIAN_POINT('',(-3.33066907387547E-15,-55.,139.));
#5281=CARTESIAN_POINT('Ctrl Pts',(-8.88178419700125E-15,-55.,139.));
#5282=CARTESIAN_POINT('Ctrl Pts',(18.4985182512891,-55.,139.));
#5283=CARTESIAN_POINT('Ctrl Pts',(29.4702244546802,-54.1429252877041,139.));
#5284=CARTESIAN_POINT('Ctrl Pts',(39.7364814788248,-51.2825226729332,139.));
#5285=CARTESIAN_POINT('Ctrl Pts',(42.2035401066384,-50.1991998204407,139.));
#5286=CARTESIAN_POINT('Ctrl Pts',(46.1634937697336,-47.5147404266171,139.));
#5287=CARTESIAN_POINT('Ctrl Pts',(47.7253591958859,-45.9193374181498,139.));
#5288=CARTESIAN_POINT('Ctrl Pts',(50.5903342326,-41.5327801330397,139.));
#5289=CARTESIAN_POINT('Ctrl Pts',(51.7834201337899,-38.4775874486166,139.));
#5290=CARTESIAN_POINT('Ctrl Pts',(54.2905407535863,-27.3599285017665,139.));
#5291=CARTESIAN_POINT('Ctrl Pts',(55.,-16.8302862017669,139.));
#5292=CARTESIAN_POINT('Ctrl Pts',(55.,-8.88178419700125E-15,139.));
#5293=CARTESIAN_POINT('Ctrl Pts',(-55.,4.44089209850063E-15,139.));
#5294=CARTESIAN_POINT('Ctrl Pts',(-55.,4.44089209850063E-15,165.4));
#5295=CARTESIAN_POINT('Ctrl Pts',(-55.,-18.4985182512886,139.));
#5296=CARTESIAN_POINT('Ctrl Pts',(-55.,-18.4985182512886,165.4));
#5297=CARTESIAN_POINT('Ctrl Pts',(-54.1429252877041,-29.47022445468,139.));
#5298=CARTESIAN_POINT('Ctrl Pts',(-54.1429252877041,-29.47022445468,165.4));
#5299=CARTESIAN_POINT('Ctrl Pts',(-51.2825226729337,-39.7364814788227,139.));
#5300=CARTESIAN_POINT('Ctrl Pts',(-51.2825226729337,-39.7364814788227,165.4));
#5301=CARTESIAN_POINT('Ctrl Pts',(-50.1991998204415,-42.2035401066371,139.));
#5302=CARTESIAN_POINT('Ctrl Pts',(-50.1991998204415,-42.2035401066371,165.4));
#5303=CARTESIAN_POINT('Ctrl Pts',(-47.5147404266171,-46.1634937697336,139.));
#5304=CARTESIAN_POINT('Ctrl Pts',(-47.5147404266171,-46.1634937697336,165.4));
#5305=CARTESIAN_POINT('Ctrl Pts',(-45.9193374181498,-47.7253591958858,139.));
#5306=CARTESIAN_POINT('Ctrl Pts',(-45.9193374181498,-47.7253591958858,165.4));
#5307=CARTESIAN_POINT('Ctrl Pts',(-41.5327801330402,-50.5903342325997,139.));
#5308=CARTESIAN_POINT('Ctrl Pts',(-41.5327801330402,-50.5903342325997,165.4));
#5309=CARTESIAN_POINT('Ctrl Pts',(-38.4775874486174,-51.7834201337897,139.));
#5310=CARTESIAN_POINT('Ctrl Pts',(-38.4775874486174,-51.7834201337897,165.4));
#5311=CARTESIAN_POINT('Ctrl Pts',(-27.3599285017665,-54.2905407535863,139.));
#5312=CARTESIAN_POINT('Ctrl Pts',(-27.3599285017665,-54.2905407535863,165.4));
#5313=CARTESIAN_POINT('Ctrl Pts',(-16.8302862017669,-55.,139.));
#5314=CARTESIAN_POINT('Ctrl Pts',(-16.8302862017669,-55.,165.4));
#5315=CARTESIAN_POINT('Ctrl Pts',(-4.44089209850063E-15,-55.,139.));
#5316=CARTESIAN_POINT('Ctrl Pts',(-4.44089209850063E-15,-55.,165.4));
#5317=CARTESIAN_POINT('',(-55.,-2.14622680169081E-15,163.));
#5318=CARTESIAN_POINT('Ctrl Pts',(-55.,4.44089209850063E-15,163.));
#5319=CARTESIAN_POINT('Ctrl Pts',(-55.,-18.4985182512886,163.));
#5320=CARTESIAN_POINT('Ctrl Pts',(-54.1429252877041,-29.47022445468,163.));
#5321=CARTESIAN_POINT('Ctrl Pts',(-51.2825226729337,-39.7364814788228,163.));
#5322=CARTESIAN_POINT('Ctrl Pts',(-50.1991998204415,-42.2035401066371,163.));
#5323=CARTESIAN_POINT('Ctrl Pts',(-47.5147404266172,-46.1634937697336,163.));
#5324=CARTESIAN_POINT('Ctrl Pts',(-45.9193374181498,-47.7253591958858,163.));
#5325=CARTESIAN_POINT('Ctrl Pts',(-41.5327801330402,-50.5903342325997,163.));
#5326=CARTESIAN_POINT('Ctrl Pts',(-38.4775874486174,-51.7834201337897,163.));
#5327=CARTESIAN_POINT('Ctrl Pts',(-27.3599285017665,-54.2905407535863,163.));
#5328=CARTESIAN_POINT('Ctrl Pts',(-16.8302862017669,-55.,163.));
#5329=CARTESIAN_POINT('Ctrl Pts',(-4.44089209850063E-15,-55.,163.));
#5330=CARTESIAN_POINT('',(-55.,-2.14622680169081E-15,139.));
#5331=CARTESIAN_POINT('',(-55.,-2.14622680169081E-15,139.));
#5332=CARTESIAN_POINT('Ctrl Pts',(-55.,4.44089209850063E-15,139.));
#5333=CARTESIAN_POINT('Ctrl Pts',(-55.,-18.4985182512886,139.));
#5334=CARTESIAN_POINT('Ctrl Pts',(-54.1429252877041,-29.47022445468,139.));
#5335=CARTESIAN_POINT('Ctrl Pts',(-51.2825226729337,-39.7364814788227,139.));
#5336=CARTESIAN_POINT('Ctrl Pts',(-50.1991998204415,-42.2035401066371,139.));
#5337=CARTESIAN_POINT('Ctrl Pts',(-47.5147404266171,-46.1634937697336,139.));
#5338=CARTESIAN_POINT('Ctrl Pts',(-45.9193374181498,-47.7253591958858,139.));
#5339=CARTESIAN_POINT('Ctrl Pts',(-41.5327801330402,-50.5903342325997,139.));
#5340=CARTESIAN_POINT('Ctrl Pts',(-38.4775874486174,-51.7834201337897,139.));
#5341=CARTESIAN_POINT('Ctrl Pts',(-27.3599285017665,-54.2905407535863,139.));
#5342=CARTESIAN_POINT('Ctrl Pts',(-16.8302862017669,-55.,139.));
#5343=CARTESIAN_POINT('Ctrl Pts',(-4.44089209850063E-15,-55.,139.));
#5344=CARTESIAN_POINT('Ctrl Pts',(-22.1000000004231,54.3573943972038,139.));
#5345=CARTESIAN_POINT('Ctrl Pts',(-22.1000000004231,54.3573943972038,165.4));
#5346=CARTESIAN_POINT('Ctrl Pts',(-27.1583133724428,53.9783270627492,139.));
#5347=CARTESIAN_POINT('Ctrl Pts',(-27.1583133724428,53.9783270627492,165.4));
#5348=CARTESIAN_POINT('Ctrl Pts',(-31.6480008782406,53.3971881382741,139.));
#5349=CARTESIAN_POINT('Ctrl Pts',(-31.6480008782406,53.3971881382741,165.4));
#5350=CARTESIAN_POINT('Ctrl Pts',(-38.6356844853728,51.6685927025371,139.));
#5351=CARTESIAN_POINT('Ctrl Pts',(-38.6356844853728,51.6685927025371,165.4));
#5352=CARTESIAN_POINT('Ctrl Pts',(-41.1888546118133,50.6760821855802,139.));
#5353=CARTESIAN_POINT('Ctrl Pts',(-41.1888546118133,50.6760821855802,165.4));
#5354=CARTESIAN_POINT('Ctrl Pts',(-45.2951007843422,48.2269874083795,139.));
#5355=CARTESIAN_POINT('Ctrl Pts',(-45.2951007843422,48.2269874083795,165.4));
#5356=CARTESIAN_POINT('Ctrl Pts',(-46.9694006464783,46.7518116639555,139.));
#5357=CARTESIAN_POINT('Ctrl Pts',(-46.9694006464783,46.7518116639555,165.4));
#5358=CARTESIAN_POINT('Ctrl Pts',(-49.9754407686641,42.7162905167762,139.));
#5359=CARTESIAN_POINT('Ctrl Pts',(-49.9754407686641,42.7162905167762,165.4));
#5360=CARTESIAN_POINT('Ctrl Pts',(-51.2139957379021,40.0165723112895,139.));
#5361=CARTESIAN_POINT('Ctrl Pts',(-51.2139957379021,40.0165723112895,165.4));
#5362=CARTESIAN_POINT('Ctrl Pts',(-54.1507757373365,29.3689323962364,139.));
#5363=CARTESIAN_POINT('Ctrl Pts',(-54.1507757373365,29.3689323962364,165.4));
#5364=CARTESIAN_POINT('Ctrl Pts',(-55.,18.4313794560214,139.));
#5365=CARTESIAN_POINT('Ctrl Pts',(-55.,18.4313794560214,165.4));
#5366=CARTESIAN_POINT('Ctrl Pts',(-55.,8.88178419700125E-15,139.));
#5367=CARTESIAN_POINT('Ctrl Pts',(-55.,8.88178419700125E-15,165.4));
#5368=CARTESIAN_POINT('Ctrl Pts',(-22.1000000004231,54.3573943972038,163.));
#5369=CARTESIAN_POINT('Ctrl Pts',(-27.1583133724428,53.9783270627492,163.));
#5370=CARTESIAN_POINT('Ctrl Pts',(-31.6480008782406,53.3971881382741,163.));
#5371=CARTESIAN_POINT('Ctrl Pts',(-38.6356844853728,51.6685927025371,163.));
#5372=CARTESIAN_POINT('Ctrl Pts',(-41.1888546118133,50.6760821855802,163.));
#5373=CARTESIAN_POINT('Ctrl Pts',(-45.2951007843422,48.2269874083795,163.));
#5374=CARTESIAN_POINT('Ctrl Pts',(-46.9694006464783,46.7518116639555,163.));
#5375=CARTESIAN_POINT('Ctrl Pts',(-49.9754407686641,42.7162905167762,163.));
#5376=CARTESIAN_POINT('Ctrl Pts',(-51.2139957379021,40.0165723112895,163.));
#5377=CARTESIAN_POINT('Ctrl Pts',(-54.1507757373365,29.3689323962364,163.));
#5378=CARTESIAN_POINT('Ctrl Pts',(-55.,18.4313794560214,163.));
#5379=CARTESIAN_POINT('Ctrl Pts',(-55.,8.88178419700125E-15,163.));
#5380=CARTESIAN_POINT('Ctrl Pts',(-22.1000000004231,54.3573943972038,139.));
#5381=CARTESIAN_POINT('Ctrl Pts',(-27.1583133724428,53.9783270627492,139.));
#5382=CARTESIAN_POINT('Ctrl Pts',(-31.6480008782406,53.3971881382741,139.));
#5383=CARTESIAN_POINT('Ctrl Pts',(-38.6356844853728,51.6685927025371,139.));
#5384=CARTESIAN_POINT('Ctrl Pts',(-41.1888546118133,50.6760821855802,139.));
#5385=CARTESIAN_POINT('Ctrl Pts',(-45.2951007843422,48.2269874083795,139.));
#5386=CARTESIAN_POINT('Ctrl Pts',(-46.9694006464783,46.7518116639555,139.));
#5387=CARTESIAN_POINT('Ctrl Pts',(-49.9754407686641,42.7162905167762,139.));
#5388=CARTESIAN_POINT('Ctrl Pts',(-51.2139957379021,40.0165723112895,139.));
#5389=CARTESIAN_POINT('Ctrl Pts',(-54.1507757373365,29.3689323962364,139.));
#5390=CARTESIAN_POINT('Ctrl Pts',(-55.,18.4313794560214,139.));
#5391=CARTESIAN_POINT('Ctrl Pts',(-55.,8.88178419700125E-15,139.));
#5392=CARTESIAN_POINT('Ctrl Pts',(-55.,-2.14622680169081E-15,158.));
#5393=CARTESIAN_POINT('Ctrl Pts',(-55.,-2.14622680169081E-15,170.));
#5394=CARTESIAN_POINT('Ctrl Pts',(-55.,-55.,158.));
#5395=CARTESIAN_POINT('Ctrl Pts',(-55.,-55.,170.));
#5396=CARTESIAN_POINT('Ctrl Pts',(-6.73555739531044E-15,-55.,158.));
#5397=CARTESIAN_POINT('Ctrl Pts',(-6.73555739531044E-15,-55.,170.));
#5398=CARTESIAN_POINT('',(0.,-55.,168.));
#5399=CARTESIAN_POINT('',(-3.33066907387547E-15,-55.,164.));
#5400=CARTESIAN_POINT('',(-55.,0.,168.));
#5401=CARTESIAN_POINT('Ctrl Pts',(-55.,-2.14622680169081E-15,168.));
#5402=CARTESIAN_POINT('Ctrl Pts',(-55.,-55.,168.));
#5403=CARTESIAN_POINT('Ctrl Pts',(-6.73555739531044E-15,-55.,168.));
#5404=CARTESIAN_POINT('',(-55.,-2.14622680169081E-15,164.));
#5405=CARTESIAN_POINT('Ctrl Pts',(-3.33066907387547E-15,-55.,158.));
#5406=CARTESIAN_POINT('Ctrl Pts',(-3.33066907387547E-15,-55.,170.));
#5407=CARTESIAN_POINT('Ctrl Pts',(55.,-55.,158.));
#5408=CARTESIAN_POINT('Ctrl Pts',(55.,-55.,170.));
#5409=CARTESIAN_POINT('Ctrl Pts',(55.,-1.22124532708767E-14,158.));
#5410=CARTESIAN_POINT('Ctrl Pts',(55.,-1.22124532708767E-14,170.));
#5411=CARTESIAN_POINT('',(55.,-1.33226762955019E-14,168.));
#5412=CARTESIAN_POINT('',(55.,-1.22124532708767E-14,164.));
#5413=CARTESIAN_POINT('Ctrl Pts',(-3.33066907387547E-15,-55.,168.));
#5414=CARTESIAN_POINT('Ctrl Pts',(55.,-55.,168.));
#5415=CARTESIAN_POINT('Ctrl Pts',(55.,-1.22124532708767E-14,168.));
#5416=CARTESIAN_POINT('Ctrl Pts',(55.,8.88178419700125E-15,158.));
#5417=CARTESIAN_POINT('Ctrl Pts',(55.,8.88178419700125E-15,170.));
#5418=CARTESIAN_POINT('Ctrl Pts',(55.,51.89188576108,158.));
#5419=CARTESIAN_POINT('Ctrl Pts',(55.,51.89188576108,170.));
#5420=CARTESIAN_POINT('Ctrl Pts',(22.1,54.3573943972355,158.));
#5421=CARTESIAN_POINT('Ctrl Pts',(22.1,54.3573943972355,170.));
#5422=CARTESIAN_POINT('',(22.1,54.3573943972355,168.));
#5423=CARTESIAN_POINT('',(22.1,54.3573943972355,164.));
#5424=CARTESIAN_POINT('Ctrl Pts',(55.,8.88178419700125E-15,168.));
#5425=CARTESIAN_POINT('Ctrl Pts',(55.,51.89188576108,168.));
#5426=CARTESIAN_POINT('Ctrl Pts',(22.1,54.3573943972355,168.));
#5427=CARTESIAN_POINT('Ctrl Pts',(22.1,54.3573943972355,158.));
#5428=CARTESIAN_POINT('Ctrl Pts',(22.1,54.3573943972355,170.));
#5429=CARTESIAN_POINT('Ctrl Pts',(21.3164409142056,54.4161139015809,158.));
#5430=CARTESIAN_POINT('Ctrl Pts',(21.3164409142056,54.4161139015809,170.));
#5431=CARTESIAN_POINT('Ctrl Pts',(20.5000000000805,54.4692490156354,158.));
#5432=CARTESIAN_POINT('Ctrl Pts',(20.5000000000805,54.4692490156354,170.));
#5433=CARTESIAN_POINT('',(20.5,54.4692490156409,168.));
#5434=CARTESIAN_POINT('',(20.5,54.4692490156409,164.));
#5435=CARTESIAN_POINT('Ctrl Pts',(22.1,54.3573943972355,168.));
#5436=CARTESIAN_POINT('Ctrl Pts',(21.3164409142055,54.4161139015809,168.));
#5437=CARTESIAN_POINT('Ctrl Pts',(20.5000000000805,54.4692490156354,168.));
#5438=CARTESIAN_POINT('Origin',(29.,24.5,167.25));
#5439=CARTESIAN_POINT('',(31.3400000149012,24.5,166.5));
#5440=CARTESIAN_POINT('Origin',(29.,24.5,166.5));
#5441=CARTESIAN_POINT('',(32.8400000149012,24.5,168.));
#5442=CARTESIAN_POINT('',(32.0900000149012,24.5,167.25));
#5443=CARTESIAN_POINT('Origin',(29.,24.5,168.));
#5444=CARTESIAN_POINT('Origin',(29.,24.5,166.5));
#5445=CARTESIAN_POINT('Origin',(29.,-24.5,166.5));
#5446=CARTESIAN_POINT('Origin',(-29.,24.5,167.25));
#5447=CARTESIAN_POINT('',(-26.6599999850988,24.5,166.5));
#5448=CARTESIAN_POINT('Origin',(-29.,24.5,166.5));
#5449=CARTESIAN_POINT('',(-25.1599999850988,24.5,168.));
#5450=CARTESIAN_POINT('',(-25.9099999850988,24.5,167.25));
#5451=CARTESIAN_POINT('Origin',(-29.,24.5,168.));
#5452=CARTESIAN_POINT('Origin',(-29.,24.5,166.5));
#5453=CARTESIAN_POINT('Ctrl Pts',(-49.5071067811865,1.1296956372081E-14,
166.707106781187));
#5454=CARTESIAN_POINT('Ctrl Pts',(-49.5071067811865,-1.30710678118634,166.707106781187));
#5455=CARTESIAN_POINT('Ctrl Pts',(-48.2000000000002,-1.30710678118634,166.707106781187));
#5456=CARTESIAN_POINT('Ctrl Pts',(-46.8928932188138,-1.30710678118634,166.707106781187));
#5457=CARTESIAN_POINT('Ctrl Pts',(-46.8928932188138,1.12969563720812E-14,
166.707106781187));
#5458=CARTESIAN_POINT('Ctrl Pts',(-46.8928932188138,1.30710678118636,166.707106781187));
#5459=CARTESIAN_POINT('Ctrl Pts',(-48.2000000000002,1.30710678118636,166.707106781187));
#5460=CARTESIAN_POINT('Ctrl Pts',(-49.5071067811865,1.30710678118636,166.707106781187));
#5461=CARTESIAN_POINT('Ctrl Pts',(-49.5071067811865,1.1296956372081E-14,
166.707106781187));
#5462=CARTESIAN_POINT('Ctrl Pts',(-49.8000000000003,9.08670748982768E-15,
167.));
#5463=CARTESIAN_POINT('Ctrl Pts',(-49.8000000000003,-1.60000000000018,167.));
#5464=CARTESIAN_POINT('Ctrl Pts',(-48.2000000000001,-1.60000000000018,167.));
#5465=CARTESIAN_POINT('Ctrl Pts',(-46.6,-1.60000000000018,167.));
#5466=CARTESIAN_POINT('Ctrl Pts',(-46.6,9.08670748982756E-15,167.));
#5467=CARTESIAN_POINT('Ctrl Pts',(-46.6,1.6000000000002,167.));
#5468=CARTESIAN_POINT('Ctrl Pts',(-48.2000000000001,1.6000000000002,167.));
#5469=CARTESIAN_POINT('Ctrl Pts',(-49.8000000000003,1.6000000000002,167.));
#5470=CARTESIAN_POINT('Ctrl Pts',(-49.8000000000003,9.08670748982768E-15,
167.));
#5471=CARTESIAN_POINT('Ctrl Pts',(-49.8,5.96094354432145E-15,167.414213562374));
#5472=CARTESIAN_POINT('Ctrl Pts',(-49.8,-1.59999999999996,167.414213562374));
#5473=CARTESIAN_POINT('Ctrl Pts',(-48.2000000000001,-1.59999999999996,167.414213562373));
#5474=CARTESIAN_POINT('Ctrl Pts',(-46.6000000000001,-1.59999999999996,167.414213562373));
#5475=CARTESIAN_POINT('Ctrl Pts',(-46.6000000000001,5.96094354432141E-15,
167.414213562373));
#5476=CARTESIAN_POINT('Ctrl Pts',(-46.6000000000001,1.59999999999997,167.414213562373));
#5477=CARTESIAN_POINT('Ctrl Pts',(-48.2000000000001,1.59999999999997,167.414213562373));
#5478=CARTESIAN_POINT('Ctrl Pts',(-49.8,1.59999999999997,167.414213562374));
#5479=CARTESIAN_POINT('Ctrl Pts',(-49.8,5.96094354432145E-15,167.414213562374));
#5480=CARTESIAN_POINT('',(-46.6,2.30637957383113E-16,167.414213562373));
#5481=CARTESIAN_POINT('',(-49.8,5.76500005646184E-15,167.414213562373));
#5482=CARTESIAN_POINT('Origin',(-48.2,3.46944695195361E-17,167.414213562373));
#5483=CARTESIAN_POINT('',(-49.5071067811866,1.11368819585091E-14,166.707106781187));
#5484=CARTESIAN_POINT('Origin',(-48.8000000000019,5.88746473637624E-15,
167.414213562373));
#5485=CARTESIAN_POINT('',(-46.8928932188134,3.46944695195356E-17,166.707106781187));
#5486=CARTESIAN_POINT('Origin',(-48.2,1.14731676305731E-16,166.707106781187));
#5487=CARTESIAN_POINT('Origin',(-48.2,1.14731676305731E-16,166.707106781187));
#5488=CARTESIAN_POINT('Origin',(-48.2,3.46944695195361E-17,167.414213562373));
#5489=CARTESIAN_POINT('Origin',(-48.2,3.46944695195361E-17,166.5));
#5490=CARTESIAN_POINT('',(-47.6,-3.87843384293057E-17,166.));
#5491=CARTESIAN_POINT('Origin',(-48.2,3.46944695195361E-17,166.));
#5492=CARTESIAN_POINT('',(-47.1,1.69405617425745E-16,166.5));
#5493=CARTESIAN_POINT('Origin',(-48.2,3.46944695195361E-17,168.));
#5494=CARTESIAN_POINT('',(-46.6,2.30637957383113E-16,168.));
#5495=CARTESIAN_POINT('Origin',(-48.2,3.46944695195361E-17,168.));
#5496=CARTESIAN_POINT('',(-46.6,-1.6124901834404E-16,168.));
#5497=CARTESIAN_POINT('Ctrl Pts',(46.8928932188135,2.1634069941256E-14,
166.707106781187));
#5498=CARTESIAN_POINT('Ctrl Pts',(46.8928932188135,-1.30710678118641,166.707106781187));
#5499=CARTESIAN_POINT('Ctrl Pts',(48.1999999999999,-1.30710678118641,166.707106781187));
#5500=CARTESIAN_POINT('Ctrl Pts',(49.5071067811863,-1.30710678118641,166.707106781187));
#5501=CARTESIAN_POINT('Ctrl Pts',(49.5071067811863,2.16340699412551E-14,
166.707106781187));
#5502=CARTESIAN_POINT('Ctrl Pts',(49.5071067811863,1.30710678118646,166.707106781187));
#5503=CARTESIAN_POINT('Ctrl Pts',(48.1999999999999,1.30710678118646,166.707106781187));
#5504=CARTESIAN_POINT('Ctrl Pts',(46.8928932188135,1.30710678118646,166.707106781187));
#5505=CARTESIAN_POINT('Ctrl Pts',(46.8928932188135,2.1634069941256E-14,
166.707106781187));
#5506=CARTESIAN_POINT('Ctrl Pts',(46.5999999999998,1.65575840245718E-14,
167.));
#5507=CARTESIAN_POINT('Ctrl Pts',(46.5999999999998,-1.60000000000007,167.));
#5508=CARTESIAN_POINT('Ctrl Pts',(48.1999999999999,-1.60000000000007,167.));
#5509=CARTESIAN_POINT('Ctrl Pts',(49.8,-1.60000000000007,167.));
#5510=CARTESIAN_POINT('Ctrl Pts',(49.8,1.65575840245712E-14,167.));
#5511=CARTESIAN_POINT('Ctrl Pts',(49.8,1.60000000000011,167.));
#5512=CARTESIAN_POINT('Ctrl Pts',(48.1999999999999,1.60000000000011,167.));
#5513=CARTESIAN_POINT('Ctrl Pts',(46.5999999999998,1.60000000000011,167.));
#5514=CARTESIAN_POINT('Ctrl Pts',(46.5999999999998,1.65575840245718E-14,
167.));
#5515=CARTESIAN_POINT('Ctrl Pts',(46.6,9.37834879199481E-15,167.414213562373));
#5516=CARTESIAN_POINT('Ctrl Pts',(46.6,-1.59999999999996,167.414213562373));
#5517=CARTESIAN_POINT('Ctrl Pts',(48.1999999999999,-1.59999999999996,167.414213562373));
#5518=CARTESIAN_POINT('Ctrl Pts',(49.7999999999999,-1.59999999999996,167.414213562373));
#5519=CARTESIAN_POINT('Ctrl Pts',(49.7999999999999,9.37834879199456E-15,
167.414213562373));
#5520=CARTESIAN_POINT('Ctrl Pts',(49.7999999999999,1.59999999999997,167.414213562373));
#5521=CARTESIAN_POINT('Ctrl Pts',(48.1999999999999,1.59999999999998,167.414213562373));
#5522=CARTESIAN_POINT('Ctrl Pts',(46.6,1.59999999999997,167.414213562373));
#5523=CARTESIAN_POINT('Ctrl Pts',(46.6,9.37834879199481E-15,167.414213562373));
#5524=CARTESIAN_POINT('',(49.8,2.30637957383113E-16,167.414213562373));
#5525=CARTESIAN_POINT('',(46.6,9.18240530413435E-15,167.414213562373));
#5526=CARTESIAN_POINT('Origin',(48.2,3.46944695195361E-17,167.414213562373));
#5527=CARTESIAN_POINT('',(46.8928932188135,2.14739955276829E-14,166.707106781187));
#5528=CARTESIAN_POINT('Origin',(47.5999999999982,9.30486998405056E-15,167.414213562373));
#5529=CARTESIAN_POINT('',(49.5071067811865,3.46944695195356E-17,166.707106781187));
#5530=CARTESIAN_POINT('Origin',(48.2,1.14731676305731E-16,166.707106781187));
#5531=CARTESIAN_POINT('Origin',(48.2,1.14731676305731E-16,166.707106781187));
#5532=CARTESIAN_POINT('Origin',(48.2,3.46944695195361E-17,167.414213562373));
#5533=CARTESIAN_POINT('Origin',(48.2,3.46944695195361E-17,166.5));
#5534=CARTESIAN_POINT('',(48.8,-3.87843384293057E-17,166.));
#5535=CARTESIAN_POINT('Origin',(48.2,3.46944695195361E-17,166.));
#5536=CARTESIAN_POINT('',(49.3,1.69405617425745E-16,166.5));
#5537=CARTESIAN_POINT('Origin',(48.2,3.46944695195361E-17,168.));
#5538=CARTESIAN_POINT('',(49.8,2.30637957383113E-16,168.));
#5539=CARTESIAN_POINT('Origin',(48.2,3.46944695195361E-17,168.));
#5540=CARTESIAN_POINT('',(49.8,-1.6124901834404E-16,168.));
#5541=CARTESIAN_POINT('Ctrl Pts',(32.7754400720051,-34.0825468531916,166.707106781187));
#5542=CARTESIAN_POINT('Ctrl Pts',(32.7754400720051,-35.389653634378,166.707106781187));
#5543=CARTESIAN_POINT('Ctrl Pts',(34.0825468531915,-35.389653634378,166.707106781187));
#5544=CARTESIAN_POINT('Ctrl Pts',(35.389653634378,-35.389653634378,166.707106781187));
#5545=CARTESIAN_POINT('Ctrl Pts',(35.389653634378,-34.0825468531916,166.707106781187));
#5546=CARTESIAN_POINT('Ctrl Pts',(35.389653634378,-32.7754400720052,166.707106781187));
#5547=CARTESIAN_POINT('Ctrl Pts',(34.0825468531915,-32.7754400720052,166.707106781187));
#5548=CARTESIAN_POINT('Ctrl Pts',(32.7754400720051,-32.7754400720052,166.707106781187));
#5549=CARTESIAN_POINT('Ctrl Pts',(32.7754400720051,-34.0825468531916,166.707106781187));
#5550=CARTESIAN_POINT('Ctrl Pts',(32.4825468531915,-34.0825468531916,167.));
#5551=CARTESIAN_POINT('Ctrl Pts',(32.4825468531915,-35.6825468531917,167.));
#5552=CARTESIAN_POINT('Ctrl Pts',(34.0825468531915,-35.6825468531917,167.));
#5553=CARTESIAN_POINT('Ctrl Pts',(35.6825468531916,-35.6825468531917,167.));
#5554=CARTESIAN_POINT('Ctrl Pts',(35.6825468531916,-34.0825468531916,167.));
#5555=CARTESIAN_POINT('Ctrl Pts',(35.6825468531916,-32.4825468531915,167.));
#5556=CARTESIAN_POINT('Ctrl Pts',(34.0825468531915,-32.4825468531915,167.));
#5557=CARTESIAN_POINT('Ctrl Pts',(32.4825468531915,-32.4825468531915,167.));
#5558=CARTESIAN_POINT('Ctrl Pts',(32.4825468531915,-34.0825468531916,167.));
#5559=CARTESIAN_POINT('Ctrl Pts',(32.4825468531916,-34.0825468531916,167.414213562373));
#5560=CARTESIAN_POINT('Ctrl Pts',(32.4825468531916,-35.6825468531916,167.414213562373));
#5561=CARTESIAN_POINT('Ctrl Pts',(34.0825468531916,-35.6825468531916,167.414213562373));
#5562=CARTESIAN_POINT('Ctrl Pts',(35.6825468531915,-35.6825468531916,167.414213562373));
#5563=CARTESIAN_POINT('Ctrl Pts',(35.6825468531915,-34.0825468531916,167.414213562373));
#5564=CARTESIAN_POINT('Ctrl Pts',(35.6825468531915,-32.4825468531916,167.414213562373));
#5565=CARTESIAN_POINT('Ctrl Pts',(34.0825468531916,-32.4825468531916,167.414213562373));
#5566=CARTESIAN_POINT('Ctrl Pts',(32.4825468531916,-32.4825468531916,167.414213562373));
#5567=CARTESIAN_POINT('Ctrl Pts',(32.4825468531916,-34.0825468531916,167.414213562373));
#5568=CARTESIAN_POINT('',(35.6825468531916,-34.0825468531916,167.414213562373));
#5569=CARTESIAN_POINT('',(32.4825468531916,-34.0825468531916,167.414213562373));
#5570=CARTESIAN_POINT('Origin',(34.0825468531916,-34.0825468531916,167.414213562373));
#5571=CARTESIAN_POINT('',(32.7754400720051,-34.0825468531916,166.707106781187));
#5572=CARTESIAN_POINT('Origin',(33.4825468531896,-34.0825468531916,167.414213562373));
#5573=CARTESIAN_POINT('',(35.3896536343781,-34.0825468531916,166.707106781187));
#5574=CARTESIAN_POINT('Origin',(34.0825468531916,-34.0825468531916,166.707106781187));
#5575=CARTESIAN_POINT('Origin',(34.0825468531916,-34.0825468531916,166.707106781187));
#5576=CARTESIAN_POINT('Origin',(34.0825468531916,-34.0825468531916,167.414213562373));
#5577=CARTESIAN_POINT('Origin',(34.0825468531916,-34.0825468531916,166.5));
#5578=CARTESIAN_POINT('',(34.6825468531916,-34.0825468531916,166.));
#5579=CARTESIAN_POINT('Origin',(34.0825468531916,-34.0825468531916,166.));
#5580=CARTESIAN_POINT('',(35.1825468531916,-34.0825468531916,166.5));
#5581=CARTESIAN_POINT('Origin',(34.0825468531916,-34.0825468531916,168.));
#5582=CARTESIAN_POINT('',(35.6825468531916,-34.0825468531916,168.));
#5583=CARTESIAN_POINT('Origin',(34.0825468531916,-34.0825468531916,168.));
#5584=CARTESIAN_POINT('',(35.6825468531916,-34.0825468531916,168.));
#5585=CARTESIAN_POINT('Ctrl Pts',(-35.3896536343781,-34.0825468531916,166.707106781187));
#5586=CARTESIAN_POINT('Ctrl Pts',(-35.3896536343781,-35.389653634378,166.707106781187));
#5587=CARTESIAN_POINT('Ctrl Pts',(-34.0825468531917,-35.389653634378,166.707106781187));
#5588=CARTESIAN_POINT('Ctrl Pts',(-32.7754400720053,-35.389653634378,166.707106781187));
#5589=CARTESIAN_POINT('Ctrl Pts',(-32.7754400720053,-34.0825468531916,166.707106781187));
#5590=CARTESIAN_POINT('Ctrl Pts',(-32.7754400720053,-32.7754400720052,166.707106781187));
#5591=CARTESIAN_POINT('Ctrl Pts',(-34.0825468531917,-32.7754400720052,166.707106781187));
#5592=CARTESIAN_POINT('Ctrl Pts',(-35.3896536343781,-32.7754400720052,166.707106781187));
#5593=CARTESIAN_POINT('Ctrl Pts',(-35.3896536343781,-34.0825468531916,166.707106781187));
#5594=CARTESIAN_POINT('Ctrl Pts',(-35.6825468531918,-34.0825468531916,167.));
#5595=CARTESIAN_POINT('Ctrl Pts',(-35.6825468531918,-35.6825468531917,167.));
#5596=CARTESIAN_POINT('Ctrl Pts',(-34.0825468531917,-35.6825468531917,167.));
#5597=CARTESIAN_POINT('Ctrl Pts',(-32.4825468531916,-35.6825468531917,167.));
#5598=CARTESIAN_POINT('Ctrl Pts',(-32.4825468531916,-34.0825468531916,167.));
#5599=CARTESIAN_POINT('Ctrl Pts',(-32.4825468531916,-32.4825468531915,167.));
#5600=CARTESIAN_POINT('Ctrl Pts',(-34.0825468531917,-32.4825468531915,167.));
#5601=CARTESIAN_POINT('Ctrl Pts',(-35.6825468531918,-32.4825468531915,167.));
#5602=CARTESIAN_POINT('Ctrl Pts',(-35.6825468531918,-34.0825468531916,167.));
#5603=CARTESIAN_POINT('Ctrl Pts',(-35.6825468531916,-34.0825468531916,167.414213562373));
#5604=CARTESIAN_POINT('Ctrl Pts',(-35.6825468531916,-35.6825468531916,167.414213562373));
#5605=CARTESIAN_POINT('Ctrl Pts',(-34.0825468531917,-35.6825468531916,167.414213562373));
#5606=CARTESIAN_POINT('Ctrl Pts',(-32.4825468531917,-35.6825468531916,167.414213562373));
#5607=CARTESIAN_POINT('Ctrl Pts',(-32.4825468531917,-34.0825468531916,167.414213562373));
#5608=CARTESIAN_POINT('Ctrl Pts',(-32.4825468531917,-32.4825468531916,167.414213562373));
#5609=CARTESIAN_POINT('Ctrl Pts',(-34.0825468531917,-32.4825468531916,167.414213562373));
#5610=CARTESIAN_POINT('Ctrl Pts',(-35.6825468531916,-32.4825468531916,167.414213562373));
#5611=CARTESIAN_POINT('Ctrl Pts',(-35.6825468531916,-34.0825468531916,167.414213562373));
#5612=CARTESIAN_POINT('',(-32.4825468531916,-34.0825468531916,167.414213562373));
#5613=CARTESIAN_POINT('',(-35.6825468531916,-34.0825468531916,167.414213562373));
#5614=CARTESIAN_POINT('Origin',(-34.0825468531916,-34.0825468531916,167.414213562373));
#5615=CARTESIAN_POINT('',(-35.3896536343782,-34.0825468531916,166.707106781187));
#5616=CARTESIAN_POINT('Origin',(-34.6825468531936,-34.0825468531916,167.414213562373));
#5617=CARTESIAN_POINT('',(-32.775440072005,-34.0825468531916,166.707106781187));
#5618=CARTESIAN_POINT('Origin',(-34.0825468531916,-34.0825468531916,166.707106781187));
#5619=CARTESIAN_POINT('Origin',(-34.0825468531916,-34.0825468531916,166.707106781187));
#5620=CARTESIAN_POINT('Origin',(-34.0825468531916,-34.0825468531916,167.414213562373));
#5621=CARTESIAN_POINT('Origin',(-34.0825468531916,-34.0825468531916,166.5));
#5622=CARTESIAN_POINT('',(-33.4825468531916,-34.0825468531916,166.));
#5623=CARTESIAN_POINT('Origin',(-34.0825468531916,-34.0825468531916,166.));
#5624=CARTESIAN_POINT('',(-32.9825468531916,-34.0825468531916,166.5));
#5625=CARTESIAN_POINT('Origin',(-34.0825468531916,-34.0825468531916,168.));
#5626=CARTESIAN_POINT('',(-32.4825468531916,-34.0825468531916,168.));
#5627=CARTESIAN_POINT('Origin',(-34.0825468531916,-34.0825468531916,168.));
#5628=CARTESIAN_POINT('',(-32.4825468531916,-34.0825468531916,168.));
#5629=CARTESIAN_POINT('Origin',(-48.2,0.,166.));
#5630=CARTESIAN_POINT('Origin',(-34.0825468531916,-34.0825468531916,166.));
#5631=CARTESIAN_POINT('Origin',(48.2,0.,166.));
#5632=CARTESIAN_POINT('Origin',(34.0825468531916,-34.0825468531916,166.));
#5633=CARTESIAN_POINT('Ctrl Pts',(20.5,54.4692490156407,139.9));
#5634=CARTESIAN_POINT('Ctrl Pts',(20.5,54.4692490156407,173.62));
#5635=CARTESIAN_POINT('Ctrl Pts',(12.3448124830991,55.,139.9));
#5636=CARTESIAN_POINT('Ctrl Pts',(12.3448124830991,55.,173.62));
#5637=CARTESIAN_POINT('Ctrl Pts',(0.,55.,139.9));
#5638=CARTESIAN_POINT('Ctrl Pts',(0.,55.,173.62));
#5639=CARTESIAN_POINT('',(0.,55.,168.));
#5640=CARTESIAN_POINT('',(3.33066907387547E-15,55.,164.));
#5641=CARTESIAN_POINT('Ctrl Pts',(20.5,54.4692490156407,168.));
#5642=CARTESIAN_POINT('Ctrl Pts',(12.3448124830991,55.,168.));
#5643=CARTESIAN_POINT('Ctrl Pts',(0.,55.,168.));
#5644=CARTESIAN_POINT('Ctrl Pts',(3.33066907387547E-15,55.,139.9));
#5645=CARTESIAN_POINT('Ctrl Pts',(3.33066907387547E-15,55.,173.62));
#5646=CARTESIAN_POINT('Ctrl Pts',(-12.3448124830991,55.,139.9));
#5647=CARTESIAN_POINT('Ctrl Pts',(-12.3448124830991,55.,173.62));
#5648=CARTESIAN_POINT('Ctrl Pts',(-20.5,54.4692490156406,139.9));
#5649=CARTESIAN_POINT('Ctrl Pts',(-20.5,54.4692490156406,173.62));
#5650=CARTESIAN_POINT('',(-20.5,54.4692490156407,168.));
#5651=CARTESIAN_POINT('',(-20.5,54.4692490156407,164.));
#5652=CARTESIAN_POINT('Ctrl Pts',(3.33066907387547E-15,55.,168.));
#5653=CARTESIAN_POINT('Ctrl Pts',(-12.3448124830991,55.,168.));
#5654=CARTESIAN_POINT('Ctrl Pts',(-20.5,54.4692490156406,168.));
#5655=CARTESIAN_POINT('Origin',(0.,0.,168.));
#5656=CARTESIAN_POINT('',(-22.1,54.3573943972355,168.));
#5657=CARTESIAN_POINT('Ctrl Pts',(-20.5000000000805,54.4692490156354,168.));
#5658=CARTESIAN_POINT('Ctrl Pts',(-21.3164409142055,54.4161139015809,168.));
#5659=CARTESIAN_POINT('Ctrl Pts',(-22.1,54.3573943972355,168.));
#5660=CARTESIAN_POINT('Ctrl Pts',(-22.1000000004231,54.3573943972038,168.));
#5661=CARTESIAN_POINT('Ctrl Pts',(-55.,51.8918857609887,168.));
#5662=CARTESIAN_POINT('Ctrl Pts',(-55.,1.22124532708767E-14,168.));
#5663=CARTESIAN_POINT('',(-48.3033624358945,31.5467039993075,168.));
#5664=CARTESIAN_POINT('Origin',(-45.0533624358945,31.5467039993075,168.));
#5665=CARTESIAN_POINT('',(41.8033624358945,-31.5467039993075,168.));
#5666=CARTESIAN_POINT('Origin',(45.0533624358945,-31.5467039993075,168.));
#5667=CARTESIAN_POINT('',(39.9692193816531,-24.,168.));
#5668=CARTESIAN_POINT('Origin',(41.5692193816531,-24.,168.));
#5669=CARTESIAN_POINT('',(22.4,41.5692193816531,168.));
#5670=CARTESIAN_POINT('Origin',(24.,41.5692193816531,168.));
#5671=CARTESIAN_POINT('',(-25.6,-41.5692193816531,168.));
#5672=CARTESIAN_POINT('Origin',(-24.,-41.5692193816531,168.));
#5673=CARTESIAN_POINT('',(-43.1692193816531,24.,168.));
#5674=CARTESIAN_POINT('Origin',(-41.5692193816531,24.,168.));
#5675=CARTESIAN_POINT('',(41.8033624358946,31.5467039993075,168.));
#5676=CARTESIAN_POINT('Origin',(45.0533624358946,31.5467039993075,168.));
#5677=CARTESIAN_POINT('',(38.,6.00000000000001,168.));
#5678=CARTESIAN_POINT('',(28.,6.,168.));
#5679=CARTESIAN_POINT('',(38.,6.,168.));
#5680=CARTESIAN_POINT('',(-48.3033624358945,-31.5467039993075,168.));
#5681=CARTESIAN_POINT('Origin',(-45.0533624358945,-31.5467039993075,168.));
#5682=CARTESIAN_POINT('Origin',(41.5692193816531,-24.,164.));
#5683=CARTESIAN_POINT('',(39.9692193816531,-24.,167.));
#5684=CARTESIAN_POINT('Origin',(41.5692193816531,-24.,167.));
#5685=CARTESIAN_POINT('',(39.9692193816531,-24.,164.));
#5686=CARTESIAN_POINT('Origin',(24.,41.5692193816531,164.));
#5687=CARTESIAN_POINT('',(22.4,41.5692193816531,167.));
#5688=CARTESIAN_POINT('Origin',(24.,41.5692193816531,167.));
#5689=CARTESIAN_POINT('',(22.4,41.5692193816531,164.));
#5690=CARTESIAN_POINT('Origin',(-24.,-41.5692193816531,164.));
#5691=CARTESIAN_POINT('',(-25.6,-41.5692193816531,167.));
#5692=CARTESIAN_POINT('Origin',(-24.,-41.5692193816531,167.));
#5693=CARTESIAN_POINT('',(-25.6,-41.5692193816531,164.));
#5694=CARTESIAN_POINT('Origin',(-41.5692193816531,24.,164.));
#5695=CARTESIAN_POINT('',(-43.1692193816531,24.,167.));
#5696=CARTESIAN_POINT('Origin',(-41.5692193816531,24.,167.));
#5697=CARTESIAN_POINT('',(-43.1692193816531,24.,164.));
#5698=CARTESIAN_POINT('Origin',(0.,0.,167.));
#5699=CARTESIAN_POINT('',(20.75,41.569219381653,167.));
#5700=CARTESIAN_POINT('Origin',(24.,41.569219381653,167.));
#5701=CARTESIAN_POINT('Origin',(0.,0.,167.));
#5702=CARTESIAN_POINT('',(38.319219381653,-24.,167.));
#5703=CARTESIAN_POINT('Origin',(41.569219381653,-24.,167.));
#5704=CARTESIAN_POINT('Origin',(0.,0.,167.));
#5705=CARTESIAN_POINT('',(-44.8192193816531,24.,167.));
#5706=CARTESIAN_POINT('Origin',(-41.569219381653,24.,167.));
#5707=CARTESIAN_POINT('Origin',(0.,0.,167.));
#5708=CARTESIAN_POINT('Ctrl Pts',(-22.1000000004231,54.3573943972038,158.));
#5709=CARTESIAN_POINT('Ctrl Pts',(-22.1000000004231,54.3573943972038,170.));
#5710=CARTESIAN_POINT('Ctrl Pts',(-55.,51.8918857609887,158.));
#5711=CARTESIAN_POINT('Ctrl Pts',(-55.,51.8918857609887,170.));
#5712=CARTESIAN_POINT('Ctrl Pts',(-55.,1.22124532708767E-14,158.));
#5713=CARTESIAN_POINT('Ctrl Pts',(-55.,1.22124532708767E-14,170.));
#5714=CARTESIAN_POINT('',(-22.1,54.3573943972355,164.));
#5715=CARTESIAN_POINT('Ctrl Pts',(-20.5000000000805,54.4692490156354,158.));
#5716=CARTESIAN_POINT('Ctrl Pts',(-20.5000000000805,54.4692490156354,170.));
#5717=CARTESIAN_POINT('Ctrl Pts',(-21.3164409142055,54.4161139015809,158.));
#5718=CARTESIAN_POINT('Ctrl Pts',(-21.3164409142055,54.4161139015809,170.));
#5719=CARTESIAN_POINT('Ctrl Pts',(-22.1,54.3573943972355,158.));
#5720=CARTESIAN_POINT('Ctrl Pts',(-22.1,54.3573943972355,170.));
#5721=CARTESIAN_POINT('Ctrl Pts',(-55.,-2.14622680169081E-15,134.));
#5722=CARTESIAN_POINT('Ctrl Pts',(-55.,-2.14622680169081E-15,146.));
#5723=CARTESIAN_POINT('Ctrl Pts',(-55.,-55.,134.));
#5724=CARTESIAN_POINT('Ctrl Pts',(-55.,-55.,146.));
#5725=CARTESIAN_POINT('Ctrl Pts',(-6.73555739531044E-15,-55.,134.));
#5726=CARTESIAN_POINT('Ctrl Pts',(-6.73555739531044E-15,-55.,146.));
#5727=CARTESIAN_POINT('',(-55.,0.,134.));
#5728=CARTESIAN_POINT('',(-55.,-2.14622680169081E-15,140.));
#5729=CARTESIAN_POINT('',(0.,-55.,134.));
#5730=CARTESIAN_POINT('Ctrl Pts',(-6.73555739531044E-15,-55.,134.));
#5731=CARTESIAN_POINT('Ctrl Pts',(-55.,-55.,134.));
#5732=CARTESIAN_POINT('Ctrl Pts',(-55.,-2.14622680169081E-15,134.));
#5733=CARTESIAN_POINT('',(-3.33066907387547E-15,-55.,140.));
#5734=CARTESIAN_POINT('Ctrl Pts',(-3.33066907387547E-15,-55.,134.));
#5735=CARTESIAN_POINT('Ctrl Pts',(-3.33066907387547E-15,-55.,146.));
#5736=CARTESIAN_POINT('Ctrl Pts',(55.,-55.,134.));
#5737=CARTESIAN_POINT('Ctrl Pts',(55.,-55.,146.));
#5738=CARTESIAN_POINT('Ctrl Pts',(55.,-1.22124532708767E-14,134.));
#5739=CARTESIAN_POINT('Ctrl Pts',(55.,-1.22124532708767E-14,146.));
#5740=CARTESIAN_POINT('',(55.,-1.33226762955019E-14,134.));
#5741=CARTESIAN_POINT('Ctrl Pts',(55.,-1.22124532708767E-14,134.));
#5742=CARTESIAN_POINT('Ctrl Pts',(55.,-55.,134.));
#5743=CARTESIAN_POINT('Ctrl Pts',(-3.33066907387547E-15,-55.,134.));
#5744=CARTESIAN_POINT('',(55.,-1.22124532708767E-14,140.));
#5745=CARTESIAN_POINT('Ctrl Pts',(55.,8.88178419700125E-15,134.));
#5746=CARTESIAN_POINT('Ctrl Pts',(55.,8.88178419700125E-15,146.));
#5747=CARTESIAN_POINT('Ctrl Pts',(55.,51.89188576108,134.));
#5748=CARTESIAN_POINT('Ctrl Pts',(55.,51.89188576108,146.));
#5749=CARTESIAN_POINT('Ctrl Pts',(22.1,54.3573943972355,134.));
#5750=CARTESIAN_POINT('Ctrl Pts',(22.1,54.3573943972355,146.));
#5751=CARTESIAN_POINT('',(22.1,54.3573943972355,134.));
#5752=CARTESIAN_POINT('Ctrl Pts',(22.1,54.3573943972355,134.));
#5753=CARTESIAN_POINT('Ctrl Pts',(55.,51.89188576108,134.));
#5754=CARTESIAN_POINT('Ctrl Pts',(55.,8.88178419700125E-15,134.));
#5755=CARTESIAN_POINT('',(22.1,54.3573943972355,140.));
#5756=CARTESIAN_POINT('Ctrl Pts',(22.1,54.3573943972355,134.));
#5757=CARTESIAN_POINT('Ctrl Pts',(22.1,54.3573943972355,146.));
#5758=CARTESIAN_POINT('Ctrl Pts',(21.3164409142056,54.4161139015809,134.));
#5759=CARTESIAN_POINT('Ctrl Pts',(21.3164409142056,54.4161139015809,146.));
#5760=CARTESIAN_POINT('Ctrl Pts',(20.5000000000805,54.4692490156354,134.));
#5761=CARTESIAN_POINT('Ctrl Pts',(20.5000000000805,54.4692490156354,146.));
#5762=CARTESIAN_POINT('',(20.5,54.4692490156409,134.));
#5763=CARTESIAN_POINT('Ctrl Pts',(20.5000000000805,54.4692490156354,134.));
#5764=CARTESIAN_POINT('Ctrl Pts',(21.3164409142055,54.4161139015809,134.));
#5765=CARTESIAN_POINT('Ctrl Pts',(22.1,54.3573943972355,134.));
#5766=CARTESIAN_POINT('',(20.5,54.4692490156409,140.));
#5767=CARTESIAN_POINT('Origin',(-45.0533624358945,31.5467039993075,140.));
#5768=CARTESIAN_POINT('',(-46.6533624358945,31.5467039993075,134.));
#5769=CARTESIAN_POINT('Origin',(-45.0533624358945,31.5467039993075,134.));
#5770=CARTESIAN_POINT('',(-46.6533624358945,31.5467039993075,135.));
#5771=CARTESIAN_POINT('',(-46.6533624358945,31.5467039993075,140.));
#5772=CARTESIAN_POINT('',(-45.0533624358945,29.9467039993075,135.));
#5773=CARTESIAN_POINT('Origin',(-45.0533624358945,31.5467039993075,135.));
#5774=CARTESIAN_POINT('',(-43.4533624358945,31.5467039993075,135.));
#5775=CARTESIAN_POINT('Origin',(-45.0533624358945,31.5467039993075,135.));
#5776=CARTESIAN_POINT('',(-45.0533624358945,33.1467039993076,135.));
#5777=CARTESIAN_POINT('Origin',(-45.0533624358945,31.5467039993075,135.));
#5778=CARTESIAN_POINT('Origin',(-45.0533624358945,31.5467039993075,135.));
#5779=CARTESIAN_POINT('Origin',(45.0533624358945,-31.5467039993075,140.));
#5780=CARTESIAN_POINT('',(43.4533624358945,-31.5467039993075,134.));
#5781=CARTESIAN_POINT('Origin',(45.0533624358945,-31.5467039993075,134.));
#5782=CARTESIAN_POINT('',(43.4533624358945,-31.5467039993075,135.));
#5783=CARTESIAN_POINT('',(43.4533624358945,-31.5467039993075,140.));
#5784=CARTESIAN_POINT('',(45.0533624358945,-33.1467039993075,135.));
#5785=CARTESIAN_POINT('Origin',(45.0533624358945,-31.5467039993075,135.));
#5786=CARTESIAN_POINT('',(46.6533624358945,-31.5467039993075,135.));
#5787=CARTESIAN_POINT('Origin',(45.0533624358945,-31.5467039993075,135.));
#5788=CARTESIAN_POINT('',(45.0533624358945,-29.9467039993075,135.));
#5789=CARTESIAN_POINT('Origin',(45.0533624358945,-31.5467039993075,135.));
#5790=CARTESIAN_POINT('Origin',(45.0533624358945,-31.5467039993075,135.));
#5791=CARTESIAN_POINT('Origin',(45.0533624358946,31.5467039993075,140.));
#5792=CARTESIAN_POINT('',(43.4533624358946,31.5467039993075,134.));
#5793=CARTESIAN_POINT('Origin',(45.0533624358946,31.5467039993075,134.));
#5794=CARTESIAN_POINT('',(43.4533624358946,31.5467039993075,135.));
#5795=CARTESIAN_POINT('',(43.4533624358946,31.5467039993075,140.));
#5796=CARTESIAN_POINT('',(45.0533624358946,29.9467039993075,135.));
#5797=CARTESIAN_POINT('Origin',(45.0533624358946,31.5467039993075,135.));
#5798=CARTESIAN_POINT('',(46.6533624358946,31.5467039993075,135.));
#5799=CARTESIAN_POINT('Origin',(45.0533624358946,31.5467039993075,135.));
#5800=CARTESIAN_POINT('',(45.0533624358946,33.1467039993075,135.));
#5801=CARTESIAN_POINT('Origin',(45.0533624358946,31.5467039993075,135.));
#5802=CARTESIAN_POINT('Origin',(45.0533624358946,31.5467039993075,135.));
#5803=CARTESIAN_POINT('Origin',(38.,6.,140.));
#5804=CARTESIAN_POINT('',(38.,6.00000000000001,134.));
#5805=CARTESIAN_POINT('',(38.,6.,140.));
#5806=CARTESIAN_POINT('',(38.,6.,134.));
#5807=CARTESIAN_POINT('Origin',(-45.0533624358945,-31.5467039993075,140.));
#5808=CARTESIAN_POINT('',(-46.6533624358945,-31.5467039993075,134.));
#5809=CARTESIAN_POINT('Origin',(-45.0533624358945,-31.5467039993075,134.));
#5810=CARTESIAN_POINT('',(-46.6533624358945,-31.5467039993075,135.));
#5811=CARTESIAN_POINT('',(-46.6533624358945,-31.5467039993075,140.));
#5812=CARTESIAN_POINT('',(-45.0533624358945,-33.1467039993075,135.));
#5813=CARTESIAN_POINT('Origin',(-45.0533624358945,-31.5467039993075,135.));
#5814=CARTESIAN_POINT('',(-43.4533624358945,-31.5467039993075,135.));
#5815=CARTESIAN_POINT('Origin',(-45.0533624358945,-31.5467039993075,135.));
#5816=CARTESIAN_POINT('',(-45.0533624358945,-29.9467039993075,135.));
#5817=CARTESIAN_POINT('Origin',(-45.0533624358945,-31.5467039993075,135.));
#5818=CARTESIAN_POINT('Origin',(-45.0533624358945,-31.5467039993075,135.));
#5819=CARTESIAN_POINT('Origin',(8.88178419700125E-15,4.44089209850063E-15,
135.4));
#5820=CARTESIAN_POINT('',(-46.6533624358945,-34.3755730312707,135.4));
#5821=CARTESIAN_POINT('',(-46.6533624358945,-28.7178349673444,135.4));
#5822=CARTESIAN_POINT('',(-46.6533624358945,-14.3589174836722,135.4));
#5823=CARTESIAN_POINT('',(-48.3033624358945,-31.5467039993075,135.4));
#5824=CARTESIAN_POINT('Origin',(-45.0533624358945,-31.5467039993075,135.4));
#5825=CARTESIAN_POINT('Origin',(-45.0533624358945,-31.5467039993075,135.4));
#5826=CARTESIAN_POINT('Origin',(8.88178419700125E-15,4.44089209850063E-15,
135.4));
#5827=CARTESIAN_POINT('',(43.4533624358945,-34.3755730312707,135.4));
#5828=CARTESIAN_POINT('',(43.4533624358945,-28.7178349673444,135.4));
#5829=CARTESIAN_POINT('',(43.4533624358945,-14.3589174836722,135.4));
#5830=CARTESIAN_POINT('',(41.8033624358945,-31.5467039993075,135.4));
#5831=CARTESIAN_POINT('Origin',(45.0533624358945,-31.5467039993075,135.4));
#5832=CARTESIAN_POINT('Origin',(45.0533624358945,-31.5467039993075,135.4));
#5833=CARTESIAN_POINT('Origin',(8.88178419700125E-15,4.44089209850063E-15,
135.4));
#5834=CARTESIAN_POINT('',(43.4533624358946,34.3755730312706,135.4));
#5835=CARTESIAN_POINT('',(41.8033624358946,31.5467039993075,135.4));
#5836=CARTESIAN_POINT('Origin',(45.0533624358946,31.5467039993075,135.4));
#5837=CARTESIAN_POINT('',(43.4533624358945,28.7178349673444,135.4));
#5838=CARTESIAN_POINT('Origin',(45.0533624358946,31.5467039993075,135.4));
#5839=CARTESIAN_POINT('',(43.4533624358945,17.1877865156353,135.4));
#5840=CARTESIAN_POINT('Origin',(8.88178419700125E-15,4.44089209850063E-15,
135.4));
#5841=CARTESIAN_POINT('',(-46.6533624358945,34.3755730312707,135.4));
#5842=CARTESIAN_POINT('',(-48.3033624358945,31.5467039993075,135.4));
#5843=CARTESIAN_POINT('Origin',(-45.0533624358945,31.5467039993075,135.4));
#5844=CARTESIAN_POINT('',(-46.6533624358945,28.7178349673444,135.4));
#5845=CARTESIAN_POINT('Origin',(-45.0533624358945,31.5467039993075,135.4));
#5846=CARTESIAN_POINT('',(-46.6533624358946,17.1877865156354,135.4));
#5847=CARTESIAN_POINT('Origin',(8.88178419700125E-15,4.44089209850063E-15,
135.4));
#5848=CARTESIAN_POINT('',(-43.4533624358945,-34.3755730312707,135.4));
#5849=CARTESIAN_POINT('',(-43.4533624358945,-28.7178349673444,135.4));
#5850=CARTESIAN_POINT('Origin',(-45.0533624358945,-31.5467039993075,135.4));
#5851=CARTESIAN_POINT('',(-43.4533624358945,-17.1877865156353,135.4));
#5852=CARTESIAN_POINT('Origin',(8.88178419700125E-15,4.44089209850063E-15,
135.4));
#5853=CARTESIAN_POINT('',(46.6533624358945,-34.3755730312707,135.4));
#5854=CARTESIAN_POINT('',(46.6533624358945,-28.7178349673444,135.4));
#5855=CARTESIAN_POINT('Origin',(45.0533624358945,-31.5467039993075,135.4));
#5856=CARTESIAN_POINT('',(46.6533624358945,-17.1877865156353,135.4));
#5857=CARTESIAN_POINT('Origin',(8.88178419700125E-15,4.44089209850063E-15,
135.4));
#5858=CARTESIAN_POINT('',(46.6533624358946,34.3755730312706,135.4));
#5859=CARTESIAN_POINT('',(46.6533624358946,28.7178349673444,135.4));
#5860=CARTESIAN_POINT('',(46.6533624358945,14.3589174836722,135.4));
#5861=CARTESIAN_POINT('Origin',(45.0533624358946,31.5467039993075,135.4));
#5862=CARTESIAN_POINT('Origin',(8.88178419700125E-15,4.44089209850063E-15,
135.4));
#5863=CARTESIAN_POINT('',(-43.4533624358945,34.3755730312707,135.4));
#5864=CARTESIAN_POINT('',(-43.4533624358945,28.7178349673444,135.4));
#5865=CARTESIAN_POINT('',(-43.4533624358946,14.3589174836722,135.4));
#5866=CARTESIAN_POINT('Origin',(-45.0533624358945,31.5467039993075,135.4));
#5867=CARTESIAN_POINT('Origin',(8.88178419700125E-15,6.66133814775094E-15,
135.2));
#5868=CARTESIAN_POINT('',(46.6533624358945,-34.3755730312707,135.2));
#5869=CARTESIAN_POINT('',(46.6533624358945,-33.1467039993075,135.2));
#5870=CARTESIAN_POINT('',(46.6533624358945,-16.5733519996538,135.2));
#5871=CARTESIAN_POINT('',(43.4533624358945,-33.1467039993075,135.2));
#5872=CARTESIAN_POINT('',(21.7266812179473,-33.1467039993075,135.2));
#5873=CARTESIAN_POINT('',(43.4533624358945,-34.3755730312707,135.2));
#5874=CARTESIAN_POINT('',(43.4533624358945,-17.1877865156353,135.2));
#5875=CARTESIAN_POINT('Origin',(45.0533624358945,-31.5467039993075,135.2));
#5876=CARTESIAN_POINT('Origin',(43.4533624358945,-33.1467039993075,135.2));
#5877=CARTESIAN_POINT('',(43.4533624358945,-34.3755730312707,135.4));
#5878=CARTESIAN_POINT('',(43.4533624358945,-33.1467039993075,135.));
#5879=CARTESIAN_POINT('',(43.4533624358945,-33.1467039993075,135.));
#5880=CARTESIAN_POINT('',(43.4533624358945,-16.5733519996538,135.));
#5881=CARTESIAN_POINT('',(43.4533624358945,-29.9467039993075,135.));
#5882=CARTESIAN_POINT('',(43.4533624358945,-15.7733519996538,135.));
#5883=CARTESIAN_POINT('',(43.4533624358945,-29.9467039993075,135.2));
#5884=CARTESIAN_POINT('',(43.4533624358945,-29.9467039993075,135.3));
#5885=CARTESIAN_POINT('',(43.4533624358945,-28.7178349673444,135.2));
#5886=CARTESIAN_POINT('',(43.4533624358945,-14.9733519996538,135.2));
#5887=CARTESIAN_POINT('',(43.4533624358945,-28.7178349673444,135.2));
#5888=CARTESIAN_POINT('Origin',(46.6533624358945,-34.3755730312707,135.2));
#5889=CARTESIAN_POINT('',(46.6533624358945,-28.7178349673444,135.2));
#5890=CARTESIAN_POINT('',(46.6533624358945,-28.7178349673444,135.4));
#5891=CARTESIAN_POINT('',(46.6533624358945,-29.9467039993075,135.2));
#5892=CARTESIAN_POINT('',(46.6533624358945,-14.3589174836722,135.2));
#5893=CARTESIAN_POINT('',(46.6533624358945,-29.9467039993075,135.));
#5894=CARTESIAN_POINT('',(46.6533624358945,-29.9467039993075,135.));
#5895=CARTESIAN_POINT('',(46.6533624358945,-14.9733519996538,135.));
#5896=CARTESIAN_POINT('',(46.6533624358945,-33.1467039993075,135.));
#5897=CARTESIAN_POINT('',(46.6533624358945,-15.7733519996538,135.));
#5898=CARTESIAN_POINT('',(46.6533624358945,-33.1467039993075,135.3));
#5899=CARTESIAN_POINT('',(46.6533624358945,-34.3755730312707,135.2));
#5900=CARTESIAN_POINT('Origin',(8.88178419700125E-15,6.66133814775094E-15,
135.2));
#5901=CARTESIAN_POINT('',(-43.4533624358945,33.1467039993076,135.2));
#5902=CARTESIAN_POINT('',(-43.4533624358945,34.3755730312707,135.2));
#5903=CARTESIAN_POINT('',(-43.4533624358945,17.1877865156354,135.2));
#5904=CARTESIAN_POINT('',(-46.6533624358945,34.3755730312707,135.2));
#5905=CARTESIAN_POINT('Origin',(-45.0533624358945,31.5467039993075,135.2));
#5906=CARTESIAN_POINT('',(-46.6533624358945,33.1467039993076,135.2));
#5907=CARTESIAN_POINT('',(-46.6533624358946,16.5733519996538,135.2));
#5908=CARTESIAN_POINT('',(-21.7266812179473,33.1467039993076,135.2));
#5909=CARTESIAN_POINT('Origin',(8.88178419700125E-15,6.66133814775094E-15,
135.2));
#5910=CARTESIAN_POINT('',(46.6533624358946,33.1467039993075,135.2));
#5911=CARTESIAN_POINT('',(46.6533624358946,34.3755730312706,135.2));
#5912=CARTESIAN_POINT('',(46.6533624358945,17.1877865156353,135.2));
#5913=CARTESIAN_POINT('',(43.4533624358946,34.3755730312706,135.2));
#5914=CARTESIAN_POINT('Origin',(45.0533624358946,31.5467039993075,135.2));
#5915=CARTESIAN_POINT('',(43.4533624358946,33.1467039993075,135.2));
#5916=CARTESIAN_POINT('',(43.4533624358945,16.5733519996537,135.2));
#5917=CARTESIAN_POINT('',(23.3266812179473,33.1467039993075,135.2));
#5918=CARTESIAN_POINT('Origin',(46.6533624358946,33.1467039993075,135.2));
#5919=CARTESIAN_POINT('',(46.6533624358946,34.3755730312706,135.4));
#5920=CARTESIAN_POINT('',(46.6533624358946,33.1467039993075,135.));
#5921=CARTESIAN_POINT('',(46.6533624358946,33.1467039993075,135.));
#5922=CARTESIAN_POINT('',(46.6533624358945,16.5733519996537,135.));
#5923=CARTESIAN_POINT('',(46.6533624358946,29.9467039993075,135.));
#5924=CARTESIAN_POINT('',(46.6533624358945,15.7733519996537,135.));
#5925=CARTESIAN_POINT('',(46.6533624358946,29.9467039993075,135.2));
#5926=CARTESIAN_POINT('',(46.6533624358946,29.9467039993075,135.3));
#5927=CARTESIAN_POINT('',(46.6533624358946,28.7178349673444,135.2));
#5928=CARTESIAN_POINT('',(46.6533624358945,14.9733519996537,135.2));
#5929=CARTESIAN_POINT('',(46.6533624358946,28.7178349673444,135.2));
#5930=CARTESIAN_POINT('Origin',(43.4533624358946,34.3755730312706,135.2));
#5931=CARTESIAN_POINT('',(43.4533624358945,28.7178349673444,135.2));
#5932=CARTESIAN_POINT('',(43.4533624358945,28.7178349673444,135.4));
#5933=CARTESIAN_POINT('',(43.4533624358945,29.9467039993075,135.2));
#5934=CARTESIAN_POINT('',(43.4533624358945,14.3589174836722,135.2));
#5935=CARTESIAN_POINT('',(43.4533624358945,29.9467039993075,135.));
#5936=CARTESIAN_POINT('',(43.4533624358945,29.9467039993075,135.));
#5937=CARTESIAN_POINT('',(43.4533624358945,14.9733519996537,135.));
#5938=CARTESIAN_POINT('',(43.4533624358946,33.1467039993075,135.));
#5939=CARTESIAN_POINT('',(43.4533624358945,15.7733519996537,135.));
#5940=CARTESIAN_POINT('',(43.4533624358946,33.1467039993075,135.3));
#5941=CARTESIAN_POINT('',(43.4533624358946,34.3755730312706,135.2));
#5942=CARTESIAN_POINT('Origin',(8.88178419700125E-15,6.66133814775094E-15,
135.2));
#5943=CARTESIAN_POINT('',(-46.6533624358945,-33.1467039993075,135.2));
#5944=CARTESIAN_POINT('',(-46.6533624358945,-34.3755730312707,135.2));
#5945=CARTESIAN_POINT('',(-46.6533624358945,-17.1877865156353,135.2));
#5946=CARTESIAN_POINT('',(-43.4533624358945,-34.3755730312707,135.2));
#5947=CARTESIAN_POINT('Origin',(-45.0533624358945,-31.5467039993075,135.2));
#5948=CARTESIAN_POINT('',(-43.4533624358945,-33.1467039993075,135.2));
#5949=CARTESIAN_POINT('',(-43.4533624358945,-16.5733519996538,135.2));
#5950=CARTESIAN_POINT('',(-23.3266812179473,-33.1467039993075,135.2));
#5951=CARTESIAN_POINT('Origin',(8.88178419700125E-15,6.66133814775094E-15,
135.2));
#5952=CARTESIAN_POINT('',(23.3266812179473,-29.9467039993075,135.2));
#5953=CARTESIAN_POINT('Origin',(45.0533624358945,-31.5467039993075,135.2));
#5954=CARTESIAN_POINT('Origin',(8.88178419700125E-15,6.66133814775094E-15,
135.2));
#5955=CARTESIAN_POINT('',(-43.4533624358945,28.7178349673444,135.2));
#5956=CARTESIAN_POINT('',(-43.4533624358945,29.9467039993075,135.2));
#5957=CARTESIAN_POINT('',(-43.4533624358946,14.9733519996538,135.2));
#5958=CARTESIAN_POINT('',(-46.6533624358945,29.9467039993075,135.2));
#5959=CARTESIAN_POINT('',(-23.3266812179473,29.9467039993075,135.2));
#5960=CARTESIAN_POINT('',(-46.6533624358945,28.7178349673444,135.2));
#5961=CARTESIAN_POINT('',(-46.6533624358946,14.3589174836723,135.2));
#5962=CARTESIAN_POINT('Origin',(-45.0533624358945,31.5467039993075,135.2));
#5963=CARTESIAN_POINT('Origin',(-46.6533624358945,29.9467039993075,135.2));
#5964=CARTESIAN_POINT('',(-46.6533624358945,28.7178349673444,135.4));
#5965=CARTESIAN_POINT('',(-46.6533624358945,29.9467039993075,135.));
#5966=CARTESIAN_POINT('',(-46.6533624358945,29.9467039993075,135.));
#5967=CARTESIAN_POINT('',(-46.6533624358946,14.9733519996538,135.));
#5968=CARTESIAN_POINT('',(-46.6533624358945,33.1467039993076,135.));
#5969=CARTESIAN_POINT('',(-46.6533624358946,15.7733519996538,135.));
#5970=CARTESIAN_POINT('',(-46.6533624358945,33.1467039993076,135.3));
#5971=CARTESIAN_POINT('',(-46.6533624358945,34.3755730312707,135.2));
#5972=CARTESIAN_POINT('Origin',(-43.4533624358945,28.7178349673444,135.2));
#5973=CARTESIAN_POINT('',(-43.4533624358945,34.3755730312707,135.4));
#5974=CARTESIAN_POINT('',(-43.4533624358945,33.1467039993076,135.));
#5975=CARTESIAN_POINT('',(-43.4533624358945,33.1467039993076,135.3));
#5976=CARTESIAN_POINT('',(-43.4533624358945,16.5733519996538,135.));
#5977=CARTESIAN_POINT('',(-43.4533624358945,29.9467039993075,135.));
#5978=CARTESIAN_POINT('',(-43.4533624358945,15.7733519996538,135.));
#5979=CARTESIAN_POINT('',(-43.4533624358945,29.9467039993075,135.3));
#5980=CARTESIAN_POINT('',(-43.4533624358945,28.7178349673444,135.2));
#5981=CARTESIAN_POINT('Origin',(8.88178419700125E-15,6.66133814775094E-15,
135.2));
#5982=CARTESIAN_POINT('',(21.7266812179473,29.9467039993075,135.2));
#5983=CARTESIAN_POINT('Origin',(45.0533624358946,31.5467039993075,135.2));
#5984=CARTESIAN_POINT('Origin',(8.88178419700125E-15,6.66133814775094E-15,
135.2));
#5985=CARTESIAN_POINT('',(-46.6533624358945,-29.9467039993075,135.2));
#5986=CARTESIAN_POINT('',(-43.4533624358945,-29.9467039993075,135.2));
#5987=CARTESIAN_POINT('',(-21.7266812179473,-29.9467039993075,135.2));
#5988=CARTESIAN_POINT('',(-43.4533624358945,-28.7178349673444,135.2));
#5989=CARTESIAN_POINT('',(-43.4533624358945,-14.3589174836722,135.2));
#5990=CARTESIAN_POINT('',(-46.6533624358945,-28.7178349673444,135.2));
#5991=CARTESIAN_POINT('Origin',(-45.0533624358945,-31.5467039993075,135.2));
#5992=CARTESIAN_POINT('',(-46.6533624358945,-14.9733519996538,135.2));
#5993=CARTESIAN_POINT('Origin',(-43.4533624358945,-29.9467039993075,135.2));
#5994=CARTESIAN_POINT('',(-43.4533624358945,-28.7178349673444,135.4));
#5995=CARTESIAN_POINT('',(-43.4533624358945,-29.9467039993075,135.));
#5996=CARTESIAN_POINT('',(-43.4533624358945,-29.9467039993075,135.));
#5997=CARTESIAN_POINT('',(-43.4533624358945,-14.9733519996538,135.));
#5998=CARTESIAN_POINT('',(-43.4533624358945,-33.1467039993075,135.));
#5999=CARTESIAN_POINT('',(-43.4533624358945,-15.7733519996538,135.));
#6000=CARTESIAN_POINT('',(-43.4533624358945,-33.1467039993075,135.3));
#6001=CARTESIAN_POINT('',(-43.4533624358945,-34.3755730312707,135.2));
#6002=CARTESIAN_POINT('Origin',(-46.6533624358945,-28.7178349673444,135.2));
#6003=CARTESIAN_POINT('',(-46.6533624358945,-34.3755730312707,135.4));
#6004=CARTESIAN_POINT('',(-46.6533624358945,-33.1467039993075,135.));
#6005=CARTESIAN_POINT('',(-46.6533624358945,-33.1467039993075,135.));
#6006=CARTESIAN_POINT('',(-46.6533624358945,-16.5733519996538,135.));
#6007=CARTESIAN_POINT('',(-46.6533624358945,-29.9467039993075,135.));
#6008=CARTESIAN_POINT('',(-46.6533624358945,-15.7733519996538,135.));
#6009=CARTESIAN_POINT('',(-46.6533624358945,-29.9467039993075,135.3));
#6010=CARTESIAN_POINT('',(-46.6533624358945,-28.7178349673444,135.2));
#6011=CARTESIAN_POINT('Origin',(8.88178419700125E-15,6.66133814775094E-15,
135.));
#6012=CARTESIAN_POINT('',(-22.5266812179473,33.1467039993076,135.));
#6013=CARTESIAN_POINT('Origin',(8.88178419700125E-15,6.66133814775094E-15,
135.));
#6014=CARTESIAN_POINT('',(-23.3266812179473,33.1467039993076,135.));
#6015=CARTESIAN_POINT('Origin',(8.88178419700125E-15,6.66133814775094E-15,
135.));
#6016=CARTESIAN_POINT('',(-21.7266812179473,29.9467039993075,135.));
#6017=CARTESIAN_POINT('Origin',(-45.0533624358945,29.9467039993075,135.));
#6018=CARTESIAN_POINT('',(-22.5266812179473,29.9467039993075,135.));
#6019=CARTESIAN_POINT('Origin',(8.88178419700125E-15,6.66133814775094E-15,
135.));
#6020=CARTESIAN_POINT('Origin',(-45.0533624358945,33.1467039993076,135.));
#6021=CARTESIAN_POINT('Origin',(8.88178419700125E-15,6.66133814775094E-15,
135.));
#6022=CARTESIAN_POINT('',(-21.7266812179473,-33.1467039993075,135.));
#6023=CARTESIAN_POINT('Origin',(-45.0533624358945,-33.1467039993075,135.));
#6024=CARTESIAN_POINT('',(-22.5266812179473,-33.1467039993075,135.));
#6025=CARTESIAN_POINT('Origin',(8.88178419700125E-15,6.66133814775094E-15,
135.));
#6026=CARTESIAN_POINT('Origin',(8.88178419700125E-15,6.66133814775094E-15,
135.));
#6027=CARTESIAN_POINT('',(-22.5266812179473,-29.9467039993075,135.));
#6028=CARTESIAN_POINT('Origin',(8.88178419700125E-15,6.66133814775094E-15,
135.));
#6029=CARTESIAN_POINT('',(-23.3266812179473,-29.9467039993075,135.));
#6030=CARTESIAN_POINT('Origin',(-45.0533624358945,-29.9467039993075,135.));
#6031=CARTESIAN_POINT('Origin',(8.88178419700125E-15,6.66133814775094E-15,
135.));
#6032=CARTESIAN_POINT('',(21.7266812179473,-29.9467039993075,135.));
#6033=CARTESIAN_POINT('Origin',(45.0533624358945,-29.9467039993075,135.));
#6034=CARTESIAN_POINT('',(22.5266812179473,-29.9467039993075,135.));
#6035=CARTESIAN_POINT('Origin',(8.88178419700125E-15,6.66133814775094E-15,
135.));
#6036=CARTESIAN_POINT('Origin',(8.88178419700125E-15,6.66133814775094E-15,
135.));
#6037=CARTESIAN_POINT('',(23.3266812179473,-33.1467039993075,135.));
#6038=CARTESIAN_POINT('Origin',(8.88178419700125E-15,6.66133814775094E-15,
135.));
#6039=CARTESIAN_POINT('',(22.5266812179473,-33.1467039993075,135.));
#6040=CARTESIAN_POINT('Origin',(45.0533624358945,-33.1467039993075,135.));
#6041=CARTESIAN_POINT('Origin',(8.88178419700125E-15,6.66133814775094E-15,
135.));
#6042=CARTESIAN_POINT('',(23.3266812179473,29.9467039993075,135.));
#6043=CARTESIAN_POINT('Origin',(45.0533624358946,29.9467039993075,135.));
#6044=CARTESIAN_POINT('',(22.5266812179473,29.9467039993075,135.));
#6045=CARTESIAN_POINT('Origin',(8.88178419700125E-15,6.66133814775094E-15,
135.));
#6046=CARTESIAN_POINT('',(21.7266812179473,33.1467039993075,135.));
#6047=CARTESIAN_POINT('Origin',(8.88178419700125E-15,6.66133814775094E-15,
135.));
#6048=CARTESIAN_POINT('',(22.5266812179473,33.1467039993075,135.));
#6049=CARTESIAN_POINT('Origin',(8.88178419700125E-15,6.66133814775094E-15,
135.));
#6050=CARTESIAN_POINT('Origin',(45.0533624358946,33.1467039993075,135.));
#6051=CARTESIAN_POINT('Origin',(0.,0.,134.));
#6052=CARTESIAN_POINT('',(-44.8175499288963,23.8958431190634,134.79));
#6053=CARTESIAN_POINT('',(-44.5489036242967,22.7023167512288,134.));
#6054=CARTESIAN_POINT('Ctrl Pts',(-44.8175499288962,23.8958431190634,134.79));
#6055=CARTESIAN_POINT('Ctrl Pts',(-44.8078557697224,23.5935123168052,134.639204215719));
#6056=CARTESIAN_POINT('Ctrl Pts',(-44.7553724326478,23.3063861840164,134.459835262905));
#6057=CARTESIAN_POINT('Ctrl Pts',(-44.6417786182698,22.933468875928,134.187890768262));
#6058=CARTESIAN_POINT('Ctrl Pts',(-44.5985259602785,22.8162574164476,134.095946754718));
#6059=CARTESIAN_POINT('Ctrl Pts',(-44.5489036242966,22.7023167512289,134.));
#6060=CARTESIAN_POINT('',(-37.5,-33.0718913883074,134.));
#6061=CARTESIAN_POINT('Origin',(0.,0.,134.));
#6062=CARTESIAN_POINT('',(-38.29,-33.3691474269272,134.79));
#6063=CARTESIAN_POINT('Origin',(-132.432790918697,469.274603781625,228.932791036869));
#6064=CARTESIAN_POINT('Origin',(0.,0.,134.79));
#6065=CARTESIAN_POINT('Origin',(-20.5,47.353035805532,134.));
#6066=CARTESIAN_POINT('',(-21.29,46.1344990218817,134.79));
#6067=CARTESIAN_POINT('',(-21.29,46.1124711981477,134.79));
#6068=CARTESIAN_POINT('',(-21.29,26.6536609537672,134.79));
#6069=CARTESIAN_POINT('',(-20.5,47.353035805532,134.));
#6070=CARTESIAN_POINT('Ctrl Pts',(-20.5000000000006,47.3530358055312,134.000000000001));
#6071=CARTESIAN_POINT('Ctrl Pts',(-20.9001485155797,46.7437674137064,134.40014851558));
#6072=CARTESIAN_POINT('Ctrl Pts',(-21.2900000000001,46.1344990218816,134.79));
#6073=CARTESIAN_POINT('',(-20.5,45.6042761152943,134.));
#6074=CARTESIAN_POINT('',(-20.5,23.676517902766,134.));
#6075=CARTESIAN_POINT('Origin',(-106.932264128208,-221.635118444979,220.432264202769));
#6076=CARTESIAN_POINT('Origin',(-37.5,-33.0718913883074,134.));
#6077=CARTESIAN_POINT('',(-38.29,-33.3995808356931,134.79));
#6078=CARTESIAN_POINT('',(-38.29,-13.5588026431525,134.79));
#6079=CARTESIAN_POINT('',(-37.5,-35.4444636015274,134.));
#6080=CARTESIAN_POINT('',(-37.5,-16.5359456941537,134.));
#6081=CARTESIAN_POINT('Ctrl Pts',(-37.4999999999996,-35.4444636015283,134.));
#6082=CARTESIAN_POINT('Ctrl Pts',(-37.9067327315562,-34.4220222186058,134.406732731556));
#6083=CARTESIAN_POINT('Ctrl Pts',(-38.2900000000037,-33.3995808356832,134.790000000004));
#6084=CARTESIAN_POINT('Origin',(0.,0.,134.));
#6085=CARTESIAN_POINT('',(-41.9352348434735,27.2293238737712,134.));
#6086=CARTESIAN_POINT('',(-43.1031821504046,26.8652152142699,134.79));
#6087=CARTESIAN_POINT('Ctrl Pts',(-41.9352348434735,27.2293238737712,134.));
#6088=CARTESIAN_POINT('Ctrl Pts',(-42.058721522068,27.2153277447172,134.095946754718));
#6089=CARTESIAN_POINT('Ctrl Pts',(-42.1818559525883,27.1941799155786,134.187890768262));
#6090=CARTESIAN_POINT('Ctrl Pts',(-42.5616087220928,27.1060963904986,134.459835262905));
#6091=CARTESIAN_POINT('Ctrl Pts',(-42.8365089157155,27.0079852272862,134.639204215719));
#6092=CARTESIAN_POINT('Ctrl Pts',(-43.1031821504046,26.8652152142699,134.79));
#6093=CARTESIAN_POINT('Origin',(0.,0.,134.79));
#6094=CARTESIAN_POINT('Origin',(0.,0.,134.));
#6095=CARTESIAN_POINT('Origin',(0.,5.95428610200232,134.79));
#6096=CARTESIAN_POINT('',(-44.8185963167833,23.936364055412,134.79));
#6097=CARTESIAN_POINT('Origin',(-41.569219381653,24.,134.79));
#6098=CARTESIAN_POINT('Origin',(0.,0.,134.79));
#6099=CARTESIAN_POINT('Origin',(0.,5.95428610200232,134.79));
#6100=CARTESIAN_POINT('',(-43.1387975046111,26.845860944588,134.79));
#6101=CARTESIAN_POINT('Origin',(-41.569219381653,24.,134.79));
#6102=CARTESIAN_POINT('Origin',(0.,0.,134.79));
#6103=CARTESIAN_POINT('Origin',(0.,0.,134.));
#6104=CARTESIAN_POINT('',(-44.819219381653,24.,134.759441132293));
#6105=CARTESIAN_POINT('Ctrl Pts',(-43.1387975046111,26.845860944588,134.79));
#6106=CARTESIAN_POINT('Ctrl Pts',(-43.2456400727468,26.7869340466082,134.730422818291));
#6107=CARTESIAN_POINT('Ctrl Pts',(-43.3510030230185,26.7209430118156,134.675498093957));
#6108=CARTESIAN_POINT('Ctrl Pts',(-43.6376118020426,26.5170185714223,134.537781629197));
#6109=CARTESIAN_POINT('Ctrl Pts',(-43.8124740902538,26.363218129446,134.467819635168));
#6110=CARTESIAN_POINT('Ctrl Pts',(-44.1271855915385,26.018365795562,134.373916998154));
#6111=CARTESIAN_POINT('Ctrl Pts',(-44.2670117964315,25.8272864693297,134.35));
#6112=CARTESIAN_POINT('Ctrl Pts',(-44.5005920914734,25.4227135306703,134.35));
#6113=CARTESIAN_POINT('Ctrl Pts',(-44.596158539682,25.2060808220021,134.373916998154));
#6114=CARTESIAN_POINT('Ctrl Pts',(-44.7374536707376,24.7611065000844,134.467819635168));
#6115=CARTESIAN_POINT('Ctrl Pts',(-44.7832176164967,24.5327710953415,134.537781629197));
#6116=CARTESIAN_POINT('Ctrl Pts',(-44.8144556231964,24.2042753382087,134.666972950716));
#6117=CARTESIAN_POINT('Ctrl Pts',(-44.819219381653,24.1014513752573,134.711549585458));
#6118=CARTESIAN_POINT('Ctrl Pts',(-44.819219381653,24.,134.759441132293));
#6119=CARTESIAN_POINT('Ctrl Pts',(-44.819219381653,24.,134.759441132293));
#6120=CARTESIAN_POINT('Ctrl Pts',(-44.819219381653,23.978725626466,134.769483999174));
#6121=CARTESIAN_POINT('Ctrl Pts',(-44.819010464435,23.9575112519565,134.779672337893));
#6122=CARTESIAN_POINT('Ctrl Pts',(-44.8185963167832,23.9363640554115,134.79));
#6123=CARTESIAN_POINT('Origin',(0.,0.,134.));
#6124=CARTESIAN_POINT('Origin',(0.,5.95428610200232,134.79));
#6125=CARTESIAN_POINT('',(23.8958431190634,44.8175499288963,134.79));
#6126=CARTESIAN_POINT('',(23.936364055412,44.8185963167833,134.79));
#6127=CARTESIAN_POINT('Origin',(24.,41.569219381653,134.79));
#6128=CARTESIAN_POINT('',(21.29,46.1124711981477,134.79));
#6129=CARTESIAN_POINT('Origin',(0.,0.,134.79));
#6130=CARTESIAN_POINT('',(21.29,46.1344990218817,134.79));
#6131=CARTESIAN_POINT('',(21.29,25.7792811086483,134.79));
#6132=CARTESIAN_POINT('Origin',(0.,0.,134.79));
#6133=CARTESIAN_POINT('Origin',(0.,0.,134.));
#6134=CARTESIAN_POINT('',(22.7023167512289,44.5489036242967,134.));
#6135=CARTESIAN_POINT('Ctrl Pts',(23.8958431190634,44.8175499288962,134.79));
#6136=CARTESIAN_POINT('Ctrl Pts',(23.5935123168052,44.8078557697224,134.639204215719));
#6137=CARTESIAN_POINT('Ctrl Pts',(23.3063861840164,44.7553724326478,134.459835262905));
#6138=CARTESIAN_POINT('Ctrl Pts',(22.933468875928,44.6417786182698,134.187890768262));
#6139=CARTESIAN_POINT('Ctrl Pts',(22.8162574164477,44.5985259602785,134.095946754718));
#6140=CARTESIAN_POINT('Ctrl Pts',(22.7023167512289,44.5489036242967,134.));
#6141=CARTESIAN_POINT('',(20.5,45.6042761152943,134.));
#6142=CARTESIAN_POINT('Origin',(0.,0.,134.));
#6143=CARTESIAN_POINT('Origin',(106.932264198068,-221.635118466056,220.432264146376));
#6144=CARTESIAN_POINT('Origin',(37.5,-35.4444636015274,134.));
#6145=CARTESIAN_POINT('',(38.29,-33.3995808356931,134.79));
#6146=CARTESIAN_POINT('',(38.29,-33.3691474269272,134.79));
#6147=CARTESIAN_POINT('',(38.29,-14.7450887497625,134.79));
#6148=CARTESIAN_POINT('',(37.5,-35.4444636015274,134.));
#6149=CARTESIAN_POINT('Ctrl Pts',(37.4999999999996,-35.4444636015283,134.));
#6150=CARTESIAN_POINT('Ctrl Pts',(37.9067327315561,-34.422022218606,134.406732731556));
#6151=CARTESIAN_POINT('Ctrl Pts',(38.2900000000037,-33.3995808356832,134.790000000004));
#6152=CARTESIAN_POINT('',(37.5,-33.0718913883074,134.));
#6153=CARTESIAN_POINT('',(37.5,-17.7222318007637,134.));
#6154=CARTESIAN_POINT('Origin',(132.432791062076,469.274603779502,228.932790892797));
#6155=CARTESIAN_POINT('Origin',(20.5,45.6042761152943,134.));
#6156=CARTESIAN_POINT('',(20.5,47.353035805532,134.));
#6157=CARTESIAN_POINT('',(20.5,22.8021380576471,134.));
#6158=CARTESIAN_POINT('Ctrl Pts',(20.5000000000006,47.3530358055312,134.000000000001));
#6159=CARTESIAN_POINT('Ctrl Pts',(20.9001485155797,46.7437674137064,134.40014851558));
#6160=CARTESIAN_POINT('Ctrl Pts',(21.29,46.1344990218816,134.79));
#6161=CARTESIAN_POINT('Origin',(0.,0.,134.));
#6162=CARTESIAN_POINT('',(27.2293238737712,41.9352348434735,134.));
#6163=CARTESIAN_POINT('',(26.8652152142699,43.1031821504046,134.79));
#6164=CARTESIAN_POINT('Ctrl Pts',(27.2293238737712,41.9352348434735,134.));
#6165=CARTESIAN_POINT('Ctrl Pts',(27.2153277447172,42.058721522068,134.095946754718));
#6166=CARTESIAN_POINT('Ctrl Pts',(27.1941799155786,42.1818559525883,134.187890768262));
#6167=CARTESIAN_POINT('Ctrl Pts',(27.1060963904986,42.5616087220928,134.459835262905));
#6168=CARTESIAN_POINT('Ctrl Pts',(27.0079852272862,42.8365089157155,134.639204215719));
#6169=CARTESIAN_POINT('Ctrl Pts',(26.8652152142699,43.1031821504046,134.79));
#6170=CARTESIAN_POINT('',(44.8175499288963,-23.8958431190634,134.79));
#6171=CARTESIAN_POINT('Origin',(0.,0.,134.79));
#6172=CARTESIAN_POINT('',(44.5489036242967,-22.7023167512288,134.));
#6173=CARTESIAN_POINT('Ctrl Pts',(44.8175499288962,-23.8958431190634,134.79));
#6174=CARTESIAN_POINT('Ctrl Pts',(44.8078557697224,-23.5935123168052,134.639204215719));
#6175=CARTESIAN_POINT('Ctrl Pts',(44.7553724326478,-23.3063861840164,134.459835262905));
#6176=CARTESIAN_POINT('Ctrl Pts',(44.6417786182698,-22.933468875928,134.187890768262));
#6177=CARTESIAN_POINT('Ctrl Pts',(44.5985259602785,-22.8162574164476,134.095946754718));
#6178=CARTESIAN_POINT('Ctrl Pts',(44.5489036242966,-22.7023167512289,134.));
#6179=CARTESIAN_POINT('Origin',(0.,0.,134.));
#6180=CARTESIAN_POINT('Origin',(0.,0.,134.));
#6181=CARTESIAN_POINT('',(41.9352348434735,-27.2293238737712,134.));
#6182=CARTESIAN_POINT('',(43.1031821504046,-26.8652152142699,134.79));
#6183=CARTESIAN_POINT('Ctrl Pts',(41.9352348434735,-27.2293238737712,134.));
#6184=CARTESIAN_POINT('Ctrl Pts',(42.058721522068,-27.2153277447172,134.095946754718));
#6185=CARTESIAN_POINT('Ctrl Pts',(42.1818559525883,-27.1941799155786,134.187890768262));
#6186=CARTESIAN_POINT('Ctrl Pts',(42.5616087220928,-27.1060963904986,134.459835262905));
#6187=CARTESIAN_POINT('Ctrl Pts',(42.8365089157155,-27.0079852272862,134.639204215719));
#6188=CARTESIAN_POINT('Ctrl Pts',(43.1031821504046,-26.8652152142699,134.79));
#6189=CARTESIAN_POINT('Origin',(0.,0.,134.79));
#6190=CARTESIAN_POINT('Origin',(0.,0.,134.));
#6191=CARTESIAN_POINT('Origin',(0.,5.95428610200232,134.79));
#6192=CARTESIAN_POINT('',(26.845860944588,43.1387975046111,134.79));
#6193=CARTESIAN_POINT('Origin',(24.,41.569219381653,134.79));
#6194=CARTESIAN_POINT('',(44.8185963167833,-23.936364055412,134.79));
#6195=CARTESIAN_POINT('Origin',(0.,0.,134.79));
#6196=CARTESIAN_POINT('Origin',(41.569219381653,-24.,134.79));
#6197=CARTESIAN_POINT('Origin',(0.,5.95428610200232,134.79));
#6198=CARTESIAN_POINT('',(43.1387975046111,-26.845860944588,134.79));
#6199=CARTESIAN_POINT('Origin',(41.569219381653,-24.,134.79));
#6200=CARTESIAN_POINT('Origin',(0.,0.,134.79));
#6201=CARTESIAN_POINT('Origin',(0.,0.,134.));
#6202=CARTESIAN_POINT('Ctrl Pts',(26.845860944588,43.1387975046111,134.79));
#6203=CARTESIAN_POINT('Ctrl Pts',(26.7869340466082,43.2456400727468,134.730422818291));
#6204=CARTESIAN_POINT('Ctrl Pts',(26.7209430118156,43.3510030230185,134.675498093957));
#6205=CARTESIAN_POINT('Ctrl Pts',(26.5170185714223,43.6376118020426,134.537781629197));
#6206=CARTESIAN_POINT('Ctrl Pts',(26.363218129446,43.8124740902539,134.467819635168));
#6207=CARTESIAN_POINT('Ctrl Pts',(26.018365795562,44.1271855915386,134.373916998154));
#6208=CARTESIAN_POINT('Ctrl Pts',(25.8272864693297,44.2670117964315,134.35));
#6209=CARTESIAN_POINT('Ctrl Pts',(25.4227135306703,44.5005920914734,134.35));
#6210=CARTESIAN_POINT('Ctrl Pts',(25.2060808220021,44.596158539682,134.373916998154));
#6211=CARTESIAN_POINT('Ctrl Pts',(24.7611065000844,44.7374536707376,134.467819635168));
#6212=CARTESIAN_POINT('Ctrl Pts',(24.5327710953415,44.7832176164967,134.537781629197));
#6213=CARTESIAN_POINT('Ctrl Pts',(24.1825983915623,44.8165169728178,134.675498093957));
#6214=CARTESIAN_POINT('Ctrl Pts',(24.058355882613,44.8209854102344,134.730422818291));
#6215=CARTESIAN_POINT('Ctrl Pts',(23.936364055412,44.8185963167832,134.79));
#6216=CARTESIAN_POINT('Origin',(0.,0.,134.));
#6217=CARTESIAN_POINT('Ctrl Pts',(43.1387975046111,-26.845860944588,134.79));
#6218=CARTESIAN_POINT('Ctrl Pts',(43.2456400727468,-26.7869340466082,134.730422818291));
#6219=CARTESIAN_POINT('Ctrl Pts',(43.3510030230185,-26.7209430118156,134.675498093957));
#6220=CARTESIAN_POINT('Ctrl Pts',(43.6376118020426,-26.5170185714223,134.537781629197));
#6221=CARTESIAN_POINT('Ctrl Pts',(43.8124740902539,-26.363218129446,134.467819635168));
#6222=CARTESIAN_POINT('Ctrl Pts',(44.1271855915386,-26.018365795562,134.373916998154));
#6223=CARTESIAN_POINT('Ctrl Pts',(44.2670117964315,-25.8272864693297,134.35));
#6224=CARTESIAN_POINT('Ctrl Pts',(44.5005920914734,-25.4227135306703,134.35));
#6225=CARTESIAN_POINT('Ctrl Pts',(44.596158539682,-25.2060808220021,134.373916998154));
#6226=CARTESIAN_POINT('Ctrl Pts',(44.7374536707376,-24.7611065000844,134.467819635168));
#6227=CARTESIAN_POINT('Ctrl Pts',(44.7832176164967,-24.5327710953415,134.537781629197));
#6228=CARTESIAN_POINT('Ctrl Pts',(44.8165169728178,-24.1825983915623,134.675498093957));
#6229=CARTESIAN_POINT('Ctrl Pts',(44.8209854102344,-24.058355882613,134.730422818291));
#6230=CARTESIAN_POINT('Ctrl Pts',(44.8185963167832,-23.936364055412,134.79));
#6231=CARTESIAN_POINT('Origin',(-22.1,49.7441639669387,134.));
#6232=CARTESIAN_POINT('',(-22.1,52.5524520180254,134.));
#6233=CARTESIAN_POINT('',(-22.1,49.7441639669387,134.));
#6234=CARTESIAN_POINT('',(-22.0999999999999,24.8720819834694,134.));
#6235=CARTESIAN_POINT('',(-22.1,52.5524520180254,115.9));
#6236=CARTESIAN_POINT('',(-22.1,52.5524520180254,134.));
#6237=CARTESIAN_POINT('',(-22.1,52.5524520180254,114.3));
#6238=CARTESIAN_POINT('',(-22.1,52.5524520180254,115.9));
#6239=CARTESIAN_POINT('',(-22.1,49.7441639669387,114.3));
#6240=CARTESIAN_POINT('',(-22.1,50.608122975204,114.3));
#6241=CARTESIAN_POINT('',(-22.1,49.7441639669387,115.9));
#6242=CARTESIAN_POINT('',(-22.1,49.7441639669387,115.9));
#6243=CARTESIAN_POINT('',(-22.1,49.7441639669387,134.));
#6244=CARTESIAN_POINT('Ctrl Pts',(-22.0999999999999,52.5524520180254,136.));
#6245=CARTESIAN_POINT('Ctrl Pts',(-22.0999999999999,52.5524520180254,111.88));
#6246=CARTESIAN_POINT('Ctrl Pts',(-21.5832452976922,52.5917330200264,136.));
#6247=CARTESIAN_POINT('Ctrl Pts',(-21.5832452976922,52.5917330200264,111.88));
#6248=CARTESIAN_POINT('Ctrl Pts',(-21.0505396663822,52.6295524659503,136.));
#6249=CARTESIAN_POINT('Ctrl Pts',(-21.0505396663822,52.6295524659503,111.88));
#6250=CARTESIAN_POINT('Ctrl Pts',(-20.5,52.6658301615899,136.));
#6251=CARTESIAN_POINT('Ctrl Pts',(-20.5,52.6658301615899,111.88));
#6252=CARTESIAN_POINT('',(-20.5,52.6658301615899,134.));
#6253=CARTESIAN_POINT('Ctrl Pts',(-20.5,52.6658301615899,134.));
#6254=CARTESIAN_POINT('Ctrl Pts',(-21.0505396663822,52.6295524659503,134.));
#6255=CARTESIAN_POINT('Ctrl Pts',(-21.5832452976922,52.5917330200264,134.));
#6256=CARTESIAN_POINT('Ctrl Pts',(-22.0999999999999,52.5524520180254,134.));
#6257=CARTESIAN_POINT('',(-20.5000019978388,52.6658300136605,115.9));
#6258=CARTESIAN_POINT('',(-20.5,52.6658301615899,134.));
#6259=CARTESIAN_POINT('Ctrl Pts',(-22.0999999999999,52.5524520180254,115.9));
#6260=CARTESIAN_POINT('Ctrl Pts',(-21.58324592327,52.5917329724732,115.9));
#6261=CARTESIAN_POINT('Ctrl Pts',(-21.0505409561579,52.6295523743827,115.9));
#6262=CARTESIAN_POINT('Ctrl Pts',(-20.5000019994325,52.6658300298377,115.9));
#6263=CARTESIAN_POINT('Origin',(-20.5,52.6658301615899,134.));
#6264=CARTESIAN_POINT('',(-20.5,54.4692490156407,134.));
#6265=CARTESIAN_POINT('',(-20.5,26.3329150807949,134.));
#6266=CARTESIAN_POINT('',(-20.5,54.4692490156407,115.9));
#6267=CARTESIAN_POINT('',(-20.5,54.4692490156407,134.));
#6268=CARTESIAN_POINT('',(-20.5,49.8595895441644,115.9));
#6269=CARTESIAN_POINT('Origin',(20.5,54.4692490156409,134.));
#6270=CARTESIAN_POINT('',(20.5,52.6664700687554,134.));
#6271=CARTESIAN_POINT('',(20.5,27.2346245078205,134.));
#6272=CARTESIAN_POINT('',(20.5000041463243,52.6664697624301,115.9));
#6273=CARTESIAN_POINT('',(20.5,52.6664700687554,134.));
#6274=CARTESIAN_POINT('',(20.5,54.4692490156409,115.9));
#6275=CARTESIAN_POINT('',(20.5,54.4692490156409,115.9));
#6276=CARTESIAN_POINT('',(20.5,54.4692490156409,134.));
#6277=CARTESIAN_POINT('Ctrl Pts',(-20.5000000000152,49.8595895441634,136.));
#6278=CARTESIAN_POINT('Ctrl Pts',(-20.5000000000152,49.8595895441634,111.88));
#6279=CARTESIAN_POINT('Ctrl Pts',(-21.0514267741674,49.822624619323,136.));
#6280=CARTESIAN_POINT('Ctrl Pts',(-21.0514267741674,49.822624619323,111.88));
#6281=CARTESIAN_POINT('Ctrl Pts',(-21.584067281701,49.7841166971432,136.));
#6282=CARTESIAN_POINT('Ctrl Pts',(-21.584067281701,49.7841166971432,111.88));
#6283=CARTESIAN_POINT('Ctrl Pts',(-22.1,49.7441639669387,136.));
#6284=CARTESIAN_POINT('Ctrl Pts',(-22.1,49.7441639669387,111.88));
#6285=CARTESIAN_POINT('',(-20.5,49.8595895441644,134.));
#6286=CARTESIAN_POINT('Ctrl Pts',(-22.1,49.7441639669387,134.));
#6287=CARTESIAN_POINT('Ctrl Pts',(-21.584067281701,49.7841166971432,134.));
#6288=CARTESIAN_POINT('Ctrl Pts',(-21.0514267741674,49.822624619323,134.));
#6289=CARTESIAN_POINT('Ctrl Pts',(-20.5000000000152,49.8595895441634,134.));
#6290=CARTESIAN_POINT('',(-20.5000000000051,49.8595895441641,115.9));
#6291=CARTESIAN_POINT('Ctrl Pts',(-20.5000000000152,49.8595895441634,115.9));
#6292=CARTESIAN_POINT('Ctrl Pts',(-21.0514267741674,49.822624619323,115.9));
#6293=CARTESIAN_POINT('Ctrl Pts',(-21.584067281701,49.7841166971432,115.9));
#6294=CARTESIAN_POINT('Ctrl Pts',(-22.1,49.7441639669387,115.9));
#6295=CARTESIAN_POINT('',(-20.5,49.8595895441644,134.));
#6296=CARTESIAN_POINT('Ctrl Pts',(2.19717132239407E-15,50.4,136.));
#6297=CARTESIAN_POINT('Ctrl Pts',(2.19717132239407E-15,50.4,111.88));
#6298=CARTESIAN_POINT('Ctrl Pts',(-4.92726516967074,50.4,136.));
#6299=CARTESIAN_POINT('Ctrl Pts',(-4.92726516967074,50.4,111.88));
#6300=CARTESIAN_POINT('Ctrl Pts',(-8.88079026479335,50.3401115739858,136.));
#6301=CARTESIAN_POINT('Ctrl Pts',(-8.88079026479335,50.3401115739858,111.88));
#6302=CARTESIAN_POINT('Ctrl Pts',(-12.2727491942812,50.2403039474541,136.));
#6303=CARTESIAN_POINT('Ctrl Pts',(-12.2727491942812,50.2403039474541,111.88));
#6304=CARTESIAN_POINT('Ctrl Pts',(-15.4628539334782,50.1464358349487,136.));
#6305=CARTESIAN_POINT('Ctrl Pts',(-15.4628539334782,50.1464358349487,111.88));
#6306=CARTESIAN_POINT('Ctrl Pts',(-18.1517671486098,50.017003465519,136.));
#6307=CARTESIAN_POINT('Ctrl Pts',(-18.1517671486098,50.017003465519,111.88));
#6308=CARTESIAN_POINT('Ctrl Pts',(-20.5,49.8595895441644,136.));
#6309=CARTESIAN_POINT('Ctrl Pts',(-20.5,49.8595895441644,111.88));
#6310=CARTESIAN_POINT('',(3.77832583827132E-16,50.4,134.));
#6311=CARTESIAN_POINT('Ctrl Pts',(-20.5,49.8595895441644,134.));
#6312=CARTESIAN_POINT('Ctrl Pts',(-18.1517671486098,50.017003465519,134.));
#6313=CARTESIAN_POINT('Ctrl Pts',(-15.4628539334782,50.1464358349487,134.));
#6314=CARTESIAN_POINT('Ctrl Pts',(-8.88079026479335,50.3401115739858,134.));
#6315=CARTESIAN_POINT('Ctrl Pts',(-4.92726516967074,50.4,134.));
#6316=CARTESIAN_POINT('Ctrl Pts',(2.19717132239407E-15,50.4,134.));
#6317=CARTESIAN_POINT('',(0.,50.4,115.9));
#6318=CARTESIAN_POINT('Ctrl Pts',(2.19717132239407E-15,50.4,115.9));
#6319=CARTESIAN_POINT('Ctrl Pts',(-4.92726516967074,50.4,115.9));
#6320=CARTESIAN_POINT('Ctrl Pts',(-8.88079026479335,50.3401115739858,115.9));
#6321=CARTESIAN_POINT('Ctrl Pts',(-15.4628539334782,50.1464358349487,115.9));
#6322=CARTESIAN_POINT('Ctrl Pts',(-18.1517671486098,50.017003465519,115.9));
#6323=CARTESIAN_POINT('Ctrl Pts',(-20.5,49.8595895441644,115.9));
#6324=CARTESIAN_POINT('',(3.77832583827132E-16,50.4,134.));
#6325=CARTESIAN_POINT('Ctrl Pts',(20.5,49.8602819139873,136.));
#6326=CARTESIAN_POINT('Ctrl Pts',(20.5,49.8602819139873,111.88));
#6327=CARTESIAN_POINT('Ctrl Pts',(18.5856113943168,49.9882089623896,136.));
#6328=CARTESIAN_POINT('Ctrl Pts',(18.5856113943168,49.9882089623896,111.88));
#6329=CARTESIAN_POINT('Ctrl Pts',(16.4411201325509,50.0973971466148,136.));
#6330=CARTESIAN_POINT('Ctrl Pts',(16.4411201325509,50.0973971466148,111.88));
#6331=CARTESIAN_POINT('Ctrl Pts',(13.9945924924635,50.184441164111,136.));
#6332=CARTESIAN_POINT('Ctrl Pts',(13.9945924924635,50.184441164111,111.88));
#6333=CARTESIAN_POINT('Ctrl Pts',(10.2409087330174,50.3179919605453,136.));
#6334=CARTESIAN_POINT('Ctrl Pts',(10.2409087330174,50.3179919605453,111.88));
#6335=CARTESIAN_POINT('Ctrl Pts',(5.78608588787028,50.4,136.));
#6336=CARTESIAN_POINT('Ctrl Pts',(5.78608588787028,50.4,111.88));
#6337=CARTESIAN_POINT('Ctrl Pts',(3.77832583827132E-16,50.4,136.));
#6338=CARTESIAN_POINT('Ctrl Pts',(3.77832583827132E-16,50.4,111.88));
#6339=CARTESIAN_POINT('',(20.5,49.8602819139873,134.));
#6340=CARTESIAN_POINT('Ctrl Pts',(0.,50.4,134.));
#6341=CARTESIAN_POINT('Ctrl Pts',(5.78608588787028,50.4,134.));
#6342=CARTESIAN_POINT('Ctrl Pts',(10.2409087330174,50.3179919605453,134.));
#6343=CARTESIAN_POINT('Ctrl Pts',(16.4411201325509,50.0973971466148,134.));
#6344=CARTESIAN_POINT('Ctrl Pts',(18.5856113943168,49.9882089623896,134.));
#6345=CARTESIAN_POINT('Ctrl Pts',(20.5,49.8602819139873,134.));
#6346=CARTESIAN_POINT('',(20.5000000000034,49.8602819139871,115.9));
#6347=CARTESIAN_POINT('Ctrl Pts',(20.5,49.8602819139873,115.9));
#6348=CARTESIAN_POINT('Ctrl Pts',(18.5856113943168,49.9882089623896,115.9));
#6349=CARTESIAN_POINT('Ctrl Pts',(16.4411201325509,50.0973971466148,115.9));
#6350=CARTESIAN_POINT('Ctrl Pts',(10.2409087330174,50.3179919605453,115.9));
#6351=CARTESIAN_POINT('Ctrl Pts',(5.78608588787028,50.4,115.9));
#6352=CARTESIAN_POINT('Ctrl Pts',(3.77832583827132E-16,50.4,115.9));
#6353=CARTESIAN_POINT('',(20.5,49.8602819139873,134.));
#6354=CARTESIAN_POINT('Ctrl Pts',(22.1,49.7450547741708,136.));
#6355=CARTESIAN_POINT('Ctrl Pts',(22.1,49.7450547741708,111.88));
#6356=CARTESIAN_POINT('Ctrl Pts',(21.5846406380783,49.7849667419014,136.));
#6357=CARTESIAN_POINT('Ctrl Pts',(21.5846406380783,49.7849667419014,111.88));
#6358=CARTESIAN_POINT('Ctrl Pts',(21.0518817638407,49.8234029830818,136.));
#6359=CARTESIAN_POINT('Ctrl Pts',(21.0518817638407,49.8234029830818,111.88));
#6360=CARTESIAN_POINT('Ctrl Pts',(20.5000000000103,49.8602819139866,136.));
#6361=CARTESIAN_POINT('Ctrl Pts',(20.5000000000103,49.8602819139866,111.88));
#6362=CARTESIAN_POINT('',(22.1,49.7450547741709,134.));
#6363=CARTESIAN_POINT('Ctrl Pts',(20.5000000000103,49.8602819139866,134.));
#6364=CARTESIAN_POINT('Ctrl Pts',(21.0518817638407,49.8234029830818,134.));
#6365=CARTESIAN_POINT('Ctrl Pts',(21.5846406380783,49.7849667419014,134.));
#6366=CARTESIAN_POINT('Ctrl Pts',(22.1,49.7450547741708,134.));
#6367=CARTESIAN_POINT('',(22.1,49.7450547741709,115.9));
#6368=CARTESIAN_POINT('Ctrl Pts',(22.1,49.7450547741708,115.9));
#6369=CARTESIAN_POINT('Ctrl Pts',(21.5846406380783,49.7849667419014,115.9));
#6370=CARTESIAN_POINT('Ctrl Pts',(21.0518817638407,49.8234029830818,115.9));
#6371=CARTESIAN_POINT('Ctrl Pts',(20.5000000000103,49.8602819139866,115.9));
#6372=CARTESIAN_POINT('',(22.1,49.7450547741709,134.));
#6373=CARTESIAN_POINT('Origin',(22.1,52.5533242898315,134.));
#6374=CARTESIAN_POINT('',(22.1,52.5533242898315,134.));
#6375=CARTESIAN_POINT('',(22.1000000000001,26.2766621449158,134.));
#6376=CARTESIAN_POINT('',(22.1,49.7450547741709,114.3));
#6377=CARTESIAN_POINT('',(22.1,49.7450547741709,115.9));
#6378=CARTESIAN_POINT('',(22.1,52.5533242898315,114.3));
#6379=CARTESIAN_POINT('',(22.1,52.0127031366505,114.3));
#6380=CARTESIAN_POINT('',(22.1,52.5533242898315,115.9));
#6381=CARTESIAN_POINT('',(22.1,52.5533242898315,115.9));
#6382=CARTESIAN_POINT('',(22.1,52.5533242898315,134.));
#6383=CARTESIAN_POINT('Ctrl Pts',(20.5000000000041,52.6664700687551,136.));
#6384=CARTESIAN_POINT('Ctrl Pts',(20.5000000000041,52.6664700687551,111.88));
#6385=CARTESIAN_POINT('Ctrl Pts',(21.0508490431384,52.6302843975141,136.));
#6386=CARTESIAN_POINT('Ctrl Pts',(21.0508490431384,52.6302843975141,111.88));
#6387=CARTESIAN_POINT('Ctrl Pts',(21.5836469889025,52.5925471639074,136.));
#6388=CARTESIAN_POINT('Ctrl Pts',(21.5836469889025,52.5925471639074,111.88));
#6389=CARTESIAN_POINT('Ctrl Pts',(22.1,52.5533242898315,136.));
#6390=CARTESIAN_POINT('Ctrl Pts',(22.1,52.5533242898315,111.88));
#6391=CARTESIAN_POINT('Ctrl Pts',(22.1,52.5533242898315,134.));
#6392=CARTESIAN_POINT('Ctrl Pts',(21.5836469889025,52.5925471639074,134.));
#6393=CARTESIAN_POINT('Ctrl Pts',(21.0508490431384,52.6302843975141,134.));
#6394=CARTESIAN_POINT('Ctrl Pts',(20.5000000000041,52.6664700687551,134.));
#6395=CARTESIAN_POINT('Ctrl Pts',(20.5000041496436,52.6664697961622,115.9));
#6396=CARTESIAN_POINT('Ctrl Pts',(21.0508517189102,52.6302842079934,115.9));
#6397=CARTESIAN_POINT('Ctrl Pts',(21.5836482854943,52.5925470654165,115.9));
#6398=CARTESIAN_POINT('Ctrl Pts',(22.1,52.5533242898315,115.9));
#6399=CARTESIAN_POINT('Origin',(1.33226762955019E-14,52.3720819834693,115.9));
#6400=CARTESIAN_POINT('',(1.47847532801921E-16,53.2,115.9));
#6401=CARTESIAN_POINT('Ctrl Pts',(20.4999916550505,52.6663428213045,115.9));
#6402=CARTESIAN_POINT('Ctrl Pts',(17.9982620899851,52.8304074579618,115.9));
#6403=CARTESIAN_POINT('Ctrl Pts',(15.4378074019142,52.9419517838095,115.9));
#6404=CARTESIAN_POINT('Ctrl Pts',(8.69838472778446,53.1563001102133,115.9));
#6405=CARTESIAN_POINT('Ctrl Pts',(4.23440050278722,53.2,115.9));
#6406=CARTESIAN_POINT('Ctrl Pts',(-1.11022302462516E-15,53.2,115.9));
#6407=CARTESIAN_POINT('Ctrl Pts',(2.22044604925031E-15,53.2,115.9));
#6408=CARTESIAN_POINT('Ctrl Pts',(-4.27641715124409,53.2,115.9));
#6409=CARTESIAN_POINT('Ctrl Pts',(-8.71472835910084,53.1551850586069,115.9));
#6410=CARTESIAN_POINT('Ctrl Pts',(-15.4735826823487,52.9410431474085,115.9));
#6411=CARTESIAN_POINT('Ctrl Pts',(-18.0044880645975,52.8300887065184,115.9));
#6412=CARTESIAN_POINT('Ctrl Pts',(-20.4999959438639,52.6657685615986,115.9));
#6413=CARTESIAN_POINT('',(4.44089209850063E-15,55.,115.9));
#6414=CARTESIAN_POINT('Ctrl Pts',(-20.5,54.4692490156406,115.9));
#6415=CARTESIAN_POINT('Ctrl Pts',(-12.3448124830991,55.,115.9));
#6416=CARTESIAN_POINT('Ctrl Pts',(3.33066907387547E-15,55.,115.9));
#6417=CARTESIAN_POINT('Ctrl Pts',(0.,55.,115.9));
#6418=CARTESIAN_POINT('Ctrl Pts',(12.3448124830991,55.,115.9));
#6419=CARTESIAN_POINT('Ctrl Pts',(20.5,54.4692490156407,115.9));
#6420=CARTESIAN_POINT('Origin',(1.11022302462516E-14,51.4720819834693,114.3));
#6421=CARTESIAN_POINT('',(0.,50.4,114.3));
#6422=CARTESIAN_POINT('Ctrl Pts',(-3.33066907387547E-15,50.4,114.3));
#6423=CARTESIAN_POINT('Ctrl Pts',(-4.31463326236084,50.4,114.3));
#6424=CARTESIAN_POINT('Ctrl Pts',(-8.7716085204328,50.3540782105466,114.3));
#6425=CARTESIAN_POINT('Ctrl Pts',(-16.039149135711,50.1202446173601,114.3));
#6426=CARTESIAN_POINT('Ctrl Pts',(-19.1127829335421,49.975487690528,114.3));
#6427=CARTESIAN_POINT('Ctrl Pts',(-22.1,49.7441639669387,114.3));
#6428=CARTESIAN_POINT('',(0.,53.2,114.3));
#6429=CARTESIAN_POINT('Ctrl Pts',(-22.0999999999999,52.5524520180254,114.3));
#6430=CARTESIAN_POINT('Ctrl Pts',(-19.0939857995977,52.7809535668139,114.3));
#6431=CARTESIAN_POINT('Ctrl Pts',(-15.9995894306013,52.9243775876869,114.3));
#6432=CARTESIAN_POINT('Ctrl Pts',(-8.71472835910084,53.1551850586069,114.3));
#6433=CARTESIAN_POINT('Ctrl Pts',(-4.27641715124409,53.2,114.3));
#6434=CARTESIAN_POINT('Ctrl Pts',(2.22044604925031E-15,53.2,114.3));
#6435=CARTESIAN_POINT('Ctrl Pts',(-1.11022302462516E-15,53.2,114.3));
#6436=CARTESIAN_POINT('Ctrl Pts',(4.23440050278722,53.2,114.3));
#6437=CARTESIAN_POINT('Ctrl Pts',(8.69838472778447,53.1563001102133,114.3));
#6438=CARTESIAN_POINT('Ctrl Pts',(15.9569973700537,52.9254388707401,114.3));
#6439=CARTESIAN_POINT('Ctrl Pts',(19.1033041171392,52.7809573678438,114.3));
#6440=CARTESIAN_POINT('Ctrl Pts',(22.1,52.5533242898315,114.3));
#6441=CARTESIAN_POINT('Ctrl Pts',(22.1,49.7450547741708,114.3));
#6442=CARTESIAN_POINT('Ctrl Pts',(19.1253250274069,49.9754282577773,114.3));
#6443=CARTESIAN_POINT('Ctrl Pts',(16.0012121679538,50.1210666946455,114.3));
#6444=CARTESIAN_POINT('Ctrl Pts',(8.73946433786243,50.3557798360181,114.3));
#6445=CARTESIAN_POINT('Ctrl Pts',(4.24880535339802,50.4,114.3));
#6446=CARTESIAN_POINT('Ctrl Pts',(0.,50.4,114.3));
#6447=CARTESIAN_POINT('Ctrl Pts',(-3.33066907387547E-15,50.4,115.9));
#6448=CARTESIAN_POINT('Ctrl Pts',(-3.33066907387547E-15,50.4,113.98));
#6449=CARTESIAN_POINT('Ctrl Pts',(-4.31463326236084,50.4,115.9));
#6450=CARTESIAN_POINT('Ctrl Pts',(-4.31463326236084,50.4,113.98));
#6451=CARTESIAN_POINT('Ctrl Pts',(-8.7716085204328,50.3540782105466,115.9));
#6452=CARTESIAN_POINT('Ctrl Pts',(-8.7716085204328,50.3540782105466,113.98));
#6453=CARTESIAN_POINT('Ctrl Pts',(-16.039149135711,50.1202446173601,115.9));
#6454=CARTESIAN_POINT('Ctrl Pts',(-16.039149135711,50.1202446173601,113.98));
#6455=CARTESIAN_POINT('Ctrl Pts',(-19.1127829335421,49.975487690528,115.9));
#6456=CARTESIAN_POINT('Ctrl Pts',(-19.1127829335421,49.975487690528,113.98));
#6457=CARTESIAN_POINT('Ctrl Pts',(-22.1,49.7441639669387,115.9));
#6458=CARTESIAN_POINT('Ctrl Pts',(-22.1,49.7441639669387,113.98));
#6459=CARTESIAN_POINT('',(3.77832583827132E-16,50.4,115.9));
#6460=CARTESIAN_POINT('Ctrl Pts',(-22.0999999999999,52.5524520180254,115.9));
#6461=CARTESIAN_POINT('Ctrl Pts',(-22.0999999999999,52.5524520180254,113.98));
#6462=CARTESIAN_POINT('Ctrl Pts',(-19.0939857995977,52.7809535668139,115.9));
#6463=CARTESIAN_POINT('Ctrl Pts',(-19.0939857995977,52.7809535668139,113.98));
#6464=CARTESIAN_POINT('Ctrl Pts',(-15.9995894306013,52.9243775876869,115.9));
#6465=CARTESIAN_POINT('Ctrl Pts',(-15.9995894306013,52.9243775876869,113.98));
#6466=CARTESIAN_POINT('Ctrl Pts',(-8.71472835910084,53.1551850586069,115.9));
#6467=CARTESIAN_POINT('Ctrl Pts',(-8.71472835910084,53.1551850586069,113.98));
#6468=CARTESIAN_POINT('Ctrl Pts',(-4.27641715124409,53.2,115.9));
#6469=CARTESIAN_POINT('Ctrl Pts',(-4.27641715124409,53.2,113.98));
#6470=CARTESIAN_POINT('Ctrl Pts',(4.9960036108132E-15,53.2,115.9));
#6471=CARTESIAN_POINT('Ctrl Pts',(4.9960036108132E-15,53.2,113.98));
#6472=CARTESIAN_POINT('',(1.47847532801921E-16,53.2,115.9));
#6473=CARTESIAN_POINT('Ctrl Pts',(-1.11022302462516E-15,53.2,115.9));
#6474=CARTESIAN_POINT('Ctrl Pts',(-1.11022302462516E-15,53.2,113.98));
#6475=CARTESIAN_POINT('Ctrl Pts',(4.23440050278722,53.2,115.9));
#6476=CARTESIAN_POINT('Ctrl Pts',(4.23440050278722,53.2,113.98));
#6477=CARTESIAN_POINT('Ctrl Pts',(8.69838472778447,53.1563001102133,115.9));
#6478=CARTESIAN_POINT('Ctrl Pts',(8.69838472778447,53.1563001102133,113.98));
#6479=CARTESIAN_POINT('Ctrl Pts',(15.9569973700537,52.9254388707401,115.9));
#6480=CARTESIAN_POINT('Ctrl Pts',(15.9569973700537,52.9254388707401,113.98));
#6481=CARTESIAN_POINT('Ctrl Pts',(19.1033041171392,52.7809573678438,115.9));
#6482=CARTESIAN_POINT('Ctrl Pts',(19.1033041171392,52.7809573678438,113.98));
#6483=CARTESIAN_POINT('Ctrl Pts',(22.1,52.5533242898315,115.9));
#6484=CARTESIAN_POINT('Ctrl Pts',(22.1,52.5533242898315,113.98));
#6485=CARTESIAN_POINT('Ctrl Pts',(22.1,49.7450547741708,115.9));
#6486=CARTESIAN_POINT('Ctrl Pts',(22.1,49.7450547741708,113.98));
#6487=CARTESIAN_POINT('Ctrl Pts',(19.1253250274069,49.9754282577773,115.9));
#6488=CARTESIAN_POINT('Ctrl Pts',(19.1253250274069,49.9754282577773,113.98));
#6489=CARTESIAN_POINT('Ctrl Pts',(16.0012121679538,50.1210666946455,115.9));
#6490=CARTESIAN_POINT('Ctrl Pts',(16.0012121679538,50.1210666946455,113.98));
#6491=CARTESIAN_POINT('Ctrl Pts',(8.73946433786243,50.3557798360181,115.9));
#6492=CARTESIAN_POINT('Ctrl Pts',(8.73946433786243,50.3557798360181,113.98));
#6493=CARTESIAN_POINT('Ctrl Pts',(4.24880535339802,50.4,115.9));
#6494=CARTESIAN_POINT('Ctrl Pts',(4.24880535339802,50.4,113.98));
#6495=CARTESIAN_POINT('Ctrl Pts',(0.,50.4,115.9));
#6496=CARTESIAN_POINT('Ctrl Pts',(0.,50.4,113.98));
#6497=CARTESIAN_POINT('Origin',(-37.3,-41.5,134.));
#6498=CARTESIAN_POINT('',(-37.3,-38.31,130.966479394838));
#6499=CARTESIAN_POINT('',(-37.3,-41.5,130.966479394838));
#6500=CARTESIAN_POINT('',(-37.3,-41.5,130.966479394838));
#6501=CARTESIAN_POINT('',(-37.3,-41.5,131.8));
#6502=CARTESIAN_POINT('',(-37.3,-41.5,134.));
#6503=CARTESIAN_POINT('',(-37.3,-41.5,134.));
#6504=CARTESIAN_POINT('',(-37.3,-41.5,134.));
#6505=CARTESIAN_POINT('',(-37.3,-38.31,134.));
#6506=CARTESIAN_POINT('',(-37.3000000000001,-20.7500000000001,134.));
#6507=CARTESIAN_POINT('',(-37.3,-38.31,134.));
#6508=CARTESIAN_POINT('Origin',(-37.3,-38.31,134.));
#6509=CARTESIAN_POINT('',(-29.0376074700454,-38.31,134.));
#6510=CARTESIAN_POINT('',(-29.0376074700454,-38.31,128.));
#6511=CARTESIAN_POINT('',(-29.0376074700454,-38.31,134.));
#6512=CARTESIAN_POINT('',(-35.3,-38.31,128.));
#6513=CARTESIAN_POINT('',(37.3,-38.31,128.));
#6514=CARTESIAN_POINT('Origin',(-38.5,-38.31,128.));
#6515=CARTESIAN_POINT('',(-18.65,-38.31,134.));
#6516=CARTESIAN_POINT('Origin',(37.3,-38.31,134.));
#6517=CARTESIAN_POINT('',(37.3,-41.5,130.966479394838));
#6518=CARTESIAN_POINT('',(37.3,-38.31,130.966479394838));
#6519=CARTESIAN_POINT('',(37.3,-41.5,130.966479394838));
#6520=CARTESIAN_POINT('',(37.3,-38.31,134.));
#6521=CARTESIAN_POINT('',(37.3,-38.31,134.));
#6522=CARTESIAN_POINT('',(37.3,-41.5,134.));
#6523=CARTESIAN_POINT('',(37.2999999999998,-19.1549999999999,134.));
#6524=CARTESIAN_POINT('',(37.3,-41.5,131.8));
#6525=CARTESIAN_POINT('',(37.3,-41.5,134.));
#6526=CARTESIAN_POINT('',(37.3,-41.5,134.));
#6527=CARTESIAN_POINT('Origin',(37.3,-41.5,134.));
#6528=CARTESIAN_POINT('',(18.65,-41.5,134.));
#6529=CARTESIAN_POINT('',(4.44089209850063E-15,-41.5,131.8));
#6530=CARTESIAN_POINT('Origin',(-37.3,-41.5,131.8));
#6531=CARTESIAN_POINT('',(-27.1667743348474,-42.3,131.));
#6532=CARTESIAN_POINT('Origin',(-24.,-41.569219381653,131.730780618347));
#6533=CARTESIAN_POINT('',(-36.5,-42.3,131.));
#6534=CARTESIAN_POINT('',(-37.0333333333333,-41.7666666666667,131.533333333333));
#6535=CARTESIAN_POINT('',(4.44089209850063E-15,-42.3,131.));
#6536=CARTESIAN_POINT('Origin',(-37.3,-41.5,130.2));
#6537=CARTESIAN_POINT('',(-36.7931923509286,-42.0068076490714,130.706807649071));
#6538=CARTESIAN_POINT('Origin',(-38.5,-40.3,128.));
#6539=CARTESIAN_POINT('',(-24.8666666666667,-53.9333333333334,142.633333333333));
#6540=CARTESIAN_POINT('Origin',(37.3,-41.5,131.8));
#6541=CARTESIAN_POINT('',(36.7931923509286,-42.0068076490714,130.706807649071));
#6542=CARTESIAN_POINT('Origin',(38.5,-40.3,128.));
#6543=CARTESIAN_POINT('',(36.5,-42.3,131.));
#6544=CARTESIAN_POINT('',(24.8666666666667,-53.9333333333334,119.366666666667));
#6545=CARTESIAN_POINT('',(37.0333333333333,-41.7666666666667,130.466666666667));
#6546=CARTESIAN_POINT('Origin',(37.3,-41.5,130.2));
#6547=CARTESIAN_POINT('Origin',(-24.,-41.569219381653,130.269219381653));
#6548=CARTESIAN_POINT('',(-36.1762099922756,-41.5,130.2));
#6549=CARTESIAN_POINT('Origin',(-38.5,-39.3,128.));
#6550=CARTESIAN_POINT('',(37.3,-41.5,130.2));
#6551=CARTESIAN_POINT('Origin',(37.3,-41.5,134.));
#6552=CARTESIAN_POINT('',(-35.3,-41.5,128.));
#6553=CARTESIAN_POINT('Origin',(-38.5,-41.5,128.));
#6554=CARTESIAN_POINT('',(-37.3,-41.5,128.));
#6555=CARTESIAN_POINT('Origin',(-8.88178419700125E-15,-39.905,128.));
#6556=CARTESIAN_POINT('',(-35.3,-41.5,128.));
#6557=CARTESIAN_POINT('',(-18.9623925299546,-38.31,128.));
#6558=CARTESIAN_POINT('Origin',(-24.,-41.569219381653,128.));
#6559=CARTESIAN_POINT('',(35.3,-38.31,128.));
#6560=CARTESIAN_POINT('',(37.3,-38.31,128.));
#6561=CARTESIAN_POINT('',(35.3,-41.5,128.));
#6562=CARTESIAN_POINT('',(35.3,-41.5,128.));
#6563=CARTESIAN_POINT('',(-37.3,-41.5,128.));
#6564=CARTESIAN_POINT('Origin',(38.5,-41.5,128.));
#6565=CARTESIAN_POINT('',(36.1762099922756,-41.5,130.2));
#6566=CARTESIAN_POINT('Origin',(38.5,-39.3,128.));
#6567=CARTESIAN_POINT('Origin',(38.5,-41.5,128.));
#6568=CARTESIAN_POINT('Origin',(38.5,-38.31,128.));
#6569=CARTESIAN_POINT('Origin',(-38.5,-41.5,128.));
#6570=CARTESIAN_POINT('Origin',(37.3,-41.5,134.));
#6571=CARTESIAN_POINT('',(37.3,-41.5,130.2));
#6572=CARTESIAN_POINT('Origin',(37.3,-41.5,130.2));
#6573=CARTESIAN_POINT('',(4.44089209850063E-15,-42.3,131.));
#6574=CARTESIAN_POINT('Origin',(-37.3,-41.5,131.8));
#6575=CARTESIAN_POINT('',(4.44089209850063E-15,-41.5,131.8));
#6576=CARTESIAN_POINT('Origin',(37.3,-41.5,134.));
#6577=CARTESIAN_POINT('',(18.65,-41.5,134.));
#6578=CARTESIAN_POINT('Origin',(0.,0.,134.));
#6579=CARTESIAN_POINT('',(-22.1,54.3573943972355,134.));
#6580=CARTESIAN_POINT('Ctrl Pts',(-55.,1.22124532708767E-14,134.));
#6581=CARTESIAN_POINT('Ctrl Pts',(-55.,51.8918857609887,134.));
#6582=CARTESIAN_POINT('Ctrl Pts',(-22.1000000004231,54.3573943972038,134.));
#6583=CARTESIAN_POINT('Ctrl Pts',(-22.1,54.3573943972355,134.));
#6584=CARTESIAN_POINT('Ctrl Pts',(-21.3164409142055,54.4161139015809,134.));
#6585=CARTESIAN_POINT('Ctrl Pts',(-20.5000000000805,54.4692490156354,134.));
#6586=CARTESIAN_POINT('',(28.,6.,134.));
#6587=CARTESIAN_POINT('Origin',(-41.569219381653,24.,134.));
#6588=CARTESIAN_POINT('',(20.75,41.569219381653,134.));
#6589=CARTESIAN_POINT('Origin',(24.,41.569219381653,134.));
#6590=CARTESIAN_POINT('Origin',(24.,41.569219381653,134.));
#6591=CARTESIAN_POINT('',(38.319219381653,-24.,134.));
#6592=CARTESIAN_POINT('Origin',(41.569219381653,-24.,134.));
#6593=CARTESIAN_POINT('Origin',(41.569219381653,-24.,134.));
#6594=CARTESIAN_POINT('',(-18.9623925299546,-38.31,134.));
#6595=CARTESIAN_POINT('Origin',(-24.,-41.569219381653,134.));
#6596=CARTESIAN_POINT('',(-18.65,-38.31,134.));
#6597=CARTESIAN_POINT('Origin',(-37.3,-38.31,134.));
#6598=CARTESIAN_POINT('',(-18.9623925299546,-38.31,134.));
#6599=CARTESIAN_POINT('Origin',(-24.,-41.569219381653,134.));
#6600=CARTESIAN_POINT('Origin',(45.0533624358945,-31.5467039993075,135.4));
#6601=CARTESIAN_POINT('',(41.8033624358945,-31.5467039993075,135.4));
#6602=CARTESIAN_POINT('Origin',(45.0533624358946,31.5467039993075,135.4));
#6603=CARTESIAN_POINT('',(41.8033624358946,31.5467039993075,135.4));
#6604=CARTESIAN_POINT('Origin',(-45.0533624358945,31.5467039993075,135.4));
#6605=CARTESIAN_POINT('',(-48.3033624358945,31.5467039993075,135.4));
#6606=CARTESIAN_POINT('Origin',(-45.0533624358945,-31.5467039993075,135.4));
#6607=CARTESIAN_POINT('',(-48.3033624358945,-31.5467039993075,135.4));
#6608=CARTESIAN_POINT('Origin',(-41.569219381653,24.,134.));
#6609=CARTESIAN_POINT('',(-44.819219381653,24.,134.));
#6610=CARTESIAN_POINT('Origin',(41.569219381653,-24.,134.));
#6611=CARTESIAN_POINT('',(38.319219381653,-24.,134.));
#6612=CARTESIAN_POINT('Origin',(24.,41.569219381653,134.));
#6613=CARTESIAN_POINT('',(20.75,41.569219381653,134.));
#6614=CARTESIAN_POINT('Origin',(-24.,-41.569219381653,134.));
#6615=CARTESIAN_POINT('Origin',(28.,6.,140.));
#6616=CARTESIAN_POINT('Ctrl Pts',(20.5,54.4692490156407,115.9));
#6617=CARTESIAN_POINT('Ctrl Pts',(20.5,54.4692490156407,149.62));
#6618=CARTESIAN_POINT('Ctrl Pts',(12.3448124830991,55.,115.9));
#6619=CARTESIAN_POINT('Ctrl Pts',(12.3448124830991,55.,149.62));
#6620=CARTESIAN_POINT('Ctrl Pts',(0.,55.,115.9));
#6621=CARTESIAN_POINT('Ctrl Pts',(0.,55.,149.62));
#6622=CARTESIAN_POINT('',(3.33066907387547E-15,55.,140.));
#6623=CARTESIAN_POINT('Ctrl Pts',(3.33066907387547E-15,55.,115.9));
#6624=CARTESIAN_POINT('Ctrl Pts',(3.33066907387547E-15,55.,149.62));
#6625=CARTESIAN_POINT('Ctrl Pts',(-12.3448124830991,55.,115.9));
#6626=CARTESIAN_POINT('Ctrl Pts',(-12.3448124830991,55.,149.62));
#6627=CARTESIAN_POINT('Ctrl Pts',(-20.5,54.4692490156406,115.9));
#6628=CARTESIAN_POINT('Ctrl Pts',(-20.5,54.4692490156406,149.62));
#6629=CARTESIAN_POINT('',(-20.5,54.4692490156407,140.));
#6630=CARTESIAN_POINT('Ctrl Pts',(-20.5000000000805,54.4692490156354,134.));
#6631=CARTESIAN_POINT('Ctrl Pts',(-20.5000000000805,54.4692490156354,146.));
#6632=CARTESIAN_POINT('Ctrl Pts',(-21.3164409142055,54.4161139015809,134.));
#6633=CARTESIAN_POINT('Ctrl Pts',(-21.3164409142055,54.4161139015809,146.));
#6634=CARTESIAN_POINT('Ctrl Pts',(-22.1,54.3573943972355,134.));
#6635=CARTESIAN_POINT('Ctrl Pts',(-22.1,54.3573943972355,146.));
#6636=CARTESIAN_POINT('',(-22.1,54.3573943972355,140.));
#6637=CARTESIAN_POINT('Ctrl Pts',(-22.1000000004231,54.3573943972038,134.));
#6638=CARTESIAN_POINT('Ctrl Pts',(-22.1000000004231,54.3573943972038,146.));
#6639=CARTESIAN_POINT('Ctrl Pts',(-55.,51.8918857609887,134.));
#6640=CARTESIAN_POINT('Ctrl Pts',(-55.,51.8918857609887,146.));
#6641=CARTESIAN_POINT('Ctrl Pts',(-55.,1.22124532708767E-14,134.));
#6642=CARTESIAN_POINT('Ctrl Pts',(-55.,1.22124532708767E-14,146.));
#6643=UNCERTAINTY_MEASURE_WITH_UNIT(LENGTH_MEASURE(0.01),#6647,
'DISTANCE_ACCURACY_VALUE',
'Maximum model space distance between geometric entities at asserted c
onnectivities');
#6644=UNCERTAINTY_MEASURE_WITH_UNIT(LENGTH_MEASURE(0.01),#6647,
'DISTANCE_ACCURACY_VALUE',
'Maximum model space distance between geometric entities at asserted c
onnectivities');
#6645=(
GEOMETRIC_REPRESENTATION_CONTEXT(3)
GLOBAL_UNCERTAINTY_ASSIGNED_CONTEXT((#6643))
GLOBAL_UNIT_ASSIGNED_CONTEXT((#6647,#6649,#6650))
REPRESENTATION_CONTEXT('','3D')
);
#6646=(
GEOMETRIC_REPRESENTATION_CONTEXT(3)
GLOBAL_UNCERTAINTY_ASSIGNED_CONTEXT((#6644))
GLOBAL_UNIT_ASSIGNED_CONTEXT((#6647,#6649,#6650))
REPRESENTATION_CONTEXT('','3D')
);
#6647=(
LENGTH_UNIT()
NAMED_UNIT(*)
SI_UNIT(.MILLI.,.METRE.)
);
#6648=(
LENGTH_UNIT()
NAMED_UNIT(*)
SI_UNIT($,.METRE.)
);
#6649=(
NAMED_UNIT(*)
PLANE_ANGLE_UNIT()
SI_UNIT($,.RADIAN.)
);
#6650=(
NAMED_UNIT(*)
SI_UNIT($,.STERADIAN.)
SOLID_ANGLE_UNIT()
);
#6651=SHAPE_DEFINITION_REPRESENTATION(#6652,#6653);
#6652=PRODUCT_DEFINITION_SHAPE('',$,#6655);
#6653=SHAPE_REPRESENTATION('',(#3603),#6645);
#6654=PRODUCT_DEFINITION_CONTEXT('part definition',#6659,'design');
#6655=PRODUCT_DEFINITION('2026-07-17-11-46-04-255','Mid Plate',#6656,#6654);
#6656=PRODUCT_DEFINITION_FORMATION('',$,#6661);
#6657=PRODUCT_RELATED_PRODUCT_CATEGORY('Mid Plate','Mid Plate',(#6661));
#6658=APPLICATION_PROTOCOL_DEFINITION('international standard',
'automotive_design',2009,#6659);
#6659=APPLICATION_CONTEXT(
'Core Data for Automotive Mechanical Design Process');
#6660=PRODUCT_CONTEXT('part definition',#6659,'mechanical');
#6661=PRODUCT('2026-07-17-11-46-04-255','Mid Plate',$,(#6660));
#6662=PRESENTATION_STYLE_ASSIGNMENT((#6664));
#6663=PRESENTATION_STYLE_ASSIGNMENT((#6665));
#6664=SURFACE_STYLE_USAGE(.BOTH.,#6666);
#6665=SURFACE_STYLE_USAGE(.BOTH.,#6667);
#6666=SURFACE_SIDE_STYLE('',(#6668));
#6667=SURFACE_SIDE_STYLE('',(#6669));
#6668=SURFACE_STYLE_FILL_AREA(#6670);
#6669=SURFACE_STYLE_FILL_AREA(#6671);
#6670=FILL_AREA_STYLE('Steel - Satin',(#6672));
#6671=FILL_AREA_STYLE('Opaque(160,160,160)',(#6673));
#6672=FILL_AREA_STYLE_COLOUR('Steel - Satin',#6674);
#6673=FILL_AREA_STYLE_COLOUR('Opaque(160,160,160)',#6675);
#6674=COLOUR_RGB('Steel - Satin',0.627450980392157,0.627450980392157,0.627450980392157);
#6675=COLOUR_RGB('Opaque(160,160,160)',0.627450980392157,0.627450980392157,
0.627450980392157);
ENDSEC;
END-ISO-10303-21;
