ISO-10303-21;
HEADER;
/* Generated by software containing ST-Developer
 * from STEP Tools, Inc. (www.steptools.com) 
 */

FILE_DESCRIPTION(
/* description */ (''),
/* implementation_level */ '2;1');

FILE_NAME(
/* name */ 'Mid-Plate Threads.step',
/* time_stamp */ '2026-07-17T22:23:53-04:00',
/* author */ (''),
/* organization */ (''),
/* preprocessor_version */ 'ST-DEVELOPER v20.1',
/* originating_system */ 'Autodesk Translation Framework v15.8.0.0',
/* authorisation */ '');

FILE_SCHEMA (('AUTOMOTIVE_DESIGN { 1 0 10303 214 3 1 1 }'));
ENDSEC;

DATA;
#10=MECHANICAL_DESIGN_GEOMETRIC_PRESENTATION_REPRESENTATION('',(#17),#3992);
#11=ITEM_DEFINED_TRANSFORMATION($,$,#2077,#2336);
#12=(
REPRESENTATION_RELATIONSHIP($,$,#4003,#4002)
REPRESENTATION_RELATIONSHIP_WITH_TRANSFORMATION(#11)
SHAPE_REPRESENTATION_RELATIONSHIP()
);
#13=CONTEXT_DEPENDENT_SHAPE_REPRESENTATION(#12,#4001);
#14=NEXT_ASSEMBLY_USAGE_OCCURRENCE('Threads:1','Threads:1','Threads:1',
#4005,#4006,'Threads:1');
#15=SHAPE_REPRESENTATION_RELATIONSHIP('SRR','None',#4003,#16);
#16=ADVANCED_BREP_SHAPE_REPRESENTATION('',(#18),#3991);
#17=STYLED_ITEM('',(#4017),#18);
#18=MANIFOLD_SOLID_BREP('Mid-Plate Threads',#2063);
#19=FACE_BOUND('',#646,.T.);
#20=FACE_BOUND('',#647,.T.);
#21=FACE_BOUND('',#648,.T.);
#22=FACE_BOUND('',#649,.T.);
#23=FACE_BOUND('',#650,.T.);
#24=FACE_BOUND('',#651,.T.);
#25=FACE_BOUND('',#652,.T.);
#26=FACE_BOUND('',#653,.T.);
#27=FACE_BOUND('',#654,.T.);
#28=B_SPLINE_SURFACE_WITH_KNOTS('',3,3,((#3864,#3865,#3866,#3867),(#3868,
#3869,#3870,#3871),(#3872,#3873,#3874,#3875),(#3876,#3877,#3878,#3879)),
 .UNSPECIFIED.,.F.,.F.,.F.,(4,4),(4,4),(0.,0.481909779972272),(-0.18,0.),
 .UNSPECIFIED.);
#29=B_SPLINE_SURFACE_WITH_KNOTS('',3,3,((#3887,#3888,#3889,#3890,#3891,
#3892,#3893),(#3894,#3895,#3896,#3897,#3898,#3899,#3900),(#3901,#3902,#3903,
#3904,#3905,#3906,#3907),(#3908,#3909,#3910,#3911,#3912,#3913,#3914)),
 .UNSPECIFIED.,.F.,.F.,.F.,(4,4),(4,3,4),(0.,0.481909779972272),(-0.18,
0.,0.0225003811420062),.UNSPECIFIED.);
#30=B_SPLINE_SURFACE_WITH_KNOTS('',3,3,((#3937,#3938,#3939,#3940),(#3941,
#3942,#3943,#3944),(#3945,#3946,#3947,#3948),(#3949,#3950,#3951,#3952)),
 .UNSPECIFIED.,.F.,.F.,.F.,(4,4),(4,4),(0.,0.481909779972272),(-0.18,0.),
 .UNSPECIFIED.);
#31=B_SPLINE_SURFACE_WITH_KNOTS('',3,3,((#3960,#3961,#3962,#3963),(#3964,
#3965,#3966,#3967),(#3968,#3969,#3970,#3971),(#3972,#3973,#3974,#3975)),
 .UNSPECIFIED.,.F.,.F.,.F.,(4,4),(4,4),(0.,0.481909779972272),(-0.18,0.),
 .UNSPECIFIED.);
#32=(
BOUNDED_SURFACE()
B_SPLINE_SURFACE(1,2,((#3297,#3298,#3299),(#3300,#3301,#3302)),
 .UNSPECIFIED.,.F.,.F.,.F.)
B_SPLINE_SURFACE_WITH_KNOTS((2,2),(3,3),(3.33001218880287,3.49371358721747),
(-0.177499215216944,0.0267061487583832),.UNSPECIFIED.)
GEOMETRIC_REPRESENTATION_ITEM()
RATIONAL_B_SPLINE_SURFACE(((1.,0.99479204791477,1.),(1.,0.99479204791477,
1.)))
REPRESENTATION_ITEM('')
SURFACE()
);
#33=(
BOUNDED_SURFACE()
B_SPLINE_SURFACE(2,2,((#3364,#3365,#3366,#3367,#3368,#3369,#3370,#3371,
#3372),(#3373,#3374,#3375,#3376,#3377,#3378,#3379,#3380,#3381),(#3382,#3383,
#3384,#3385,#3386,#3387,#3388,#3389,#3390)),.UNSPECIFIED.,.F.,.T.,.F.)
B_SPLINE_SURFACE_WITH_KNOTS((3,3),(3,2,2,2,3),(-9.10756256381476E-14,1.57079632679501),
(-3.14159265358979,-1.5707963267949,0.,1.5707963267949,3.14159265358979),
 .UNSPECIFIED.)
GEOMETRIC_REPRESENTATION_ITEM()
RATIONAL_B_SPLINE_SURFACE(((1.,0.707106781186548,1.,0.707106781186548,1.,
0.707106781186548,1.,0.707106781186548,1.),(0.70710678118646,0.499999999999938,
0.70710678118646,0.499999999999938,0.70710678118646,0.499999999999938,0.70710678118646,
0.499999999999938,0.70710678118646),(1.,0.707106781186548,1.,0.707106781186548,
1.,0.707106781186548,1.,0.707106781186548,1.)))
REPRESENTATION_ITEM('')
SURFACE()
);
#34=(
BOUNDED_SURFACE()
B_SPLINE_SURFACE(2,2,((#3397,#3398,#3399,#3400,#3401,#3402,#3403,#3404,
#3405),(#3406,#3407,#3408,#3409,#3410,#3411,#3412,#3413,#3414),(#3415,#3416,
#3417,#3418,#3419,#3420,#3421,#3422,#3423)),.UNSPECIFIED.,.F.,.T.,.F.)
B_SPLINE_SURFACE_WITH_KNOTS((3,3),(3,2,2,2,3),(1.77635683940013E-14,1.57079632679494),
(-3.14159265358979,-1.5707963267949,0.,1.5707963267949,3.14159265358979),
 .UNSPECIFIED.)
GEOMETRIC_REPRESENTATION_ITEM()
RATIONAL_B_SPLINE_SURFACE(((1.,0.707106781186548,1.,0.707106781186548,1.,
0.707106781186548,1.,0.707106781186548,1.),(0.707106781186581,0.500000000000024,
0.707106781186581,0.500000000000024,0.707106781186581,0.500000000000024,
0.707106781186581,0.500000000000024,0.707106781186581),(1.,0.707106781186548,
1.,0.707106781186548,1.,0.707106781186548,1.,0.707106781186548,1.)))
REPRESENTATION_ITEM('')
SURFACE()
);
#35=(
BOUNDED_SURFACE()
B_SPLINE_SURFACE(2,2,((#3430,#3431,#3432,#3433,#3434,#3435,#3436,#3437,
#3438),(#3439,#3440,#3441,#3442,#3443,#3444,#3445,#3446,#3447),(#3448,#3449,
#3450,#3451,#3452,#3453,#3454,#3455,#3456)),.UNSPECIFIED.,.F.,.T.,.F.)
B_SPLINE_SURFACE_WITH_KNOTS((3,3),(3,2,2,2,3),(-6.08042211337821E-14,1.57079632679499),
(-3.14159265358979,-1.5707963267949,0.,1.5707963267949,3.14159265358979),
 .UNSPECIFIED.)
GEOMETRIC_REPRESENTATION_ITEM()
RATIONAL_B_SPLINE_SURFACE(((1.,0.707106781186548,1.,0.707106781186548,1.,
0.707106781186548,1.,0.707106781186548,1.),(0.707106781186483,0.499999999999954,
0.707106781186483,0.499999999999954,0.707106781186483,0.499999999999954,
0.707106781186483,0.499999999999954,0.707106781186483),(1.,0.707106781186548,
1.,0.707106781186548,1.,0.707106781186548,1.,0.707106781186548,1.)))
REPRESENTATION_ITEM('')
SURFACE()
);
#36=(
BOUNDED_SURFACE()
B_SPLINE_SURFACE(2,2,((#3463,#3464,#3465,#3466,#3467,#3468,#3469,#3470,
#3471),(#3472,#3473,#3474,#3475,#3476,#3477,#3478,#3479,#3480),(#3481,#3482,
#3483,#3484,#3485,#3486,#3487,#3488,#3489)),.UNSPECIFIED.,.F.,.T.,.F.)
B_SPLINE_SURFACE_WITH_KNOTS((3,3),(3,2,2,2,3),(-9.10756256381469E-14,1.57079632679498),
(-3.14159265358979,-1.5707963267949,0.,1.5707963267949,3.14159265358979),
 .UNSPECIFIED.)
GEOMETRIC_REPRESENTATION_ITEM()
RATIONAL_B_SPLINE_SURFACE(((1.,0.707106781186548,1.,0.707106781186548,1.,
0.707106781186548,1.,0.707106781186548,1.),(0.707106781186496,0.499999999999964,
0.707106781186496,0.499999999999964,0.707106781186496,0.499999999999964,
0.707106781186496,0.499999999999964,0.707106781186496),(1.,0.707106781186548,
1.,0.707106781186548,1.,0.707106781186548,1.,0.707106781186548,1.)))
REPRESENTATION_ITEM('')
SURFACE()
);
#37=CONICAL_SURFACE('',#2093,50.1883297681717,0.00253139066962833);
#38=CONICAL_SURFACE('',#2097,49.9893554420535,0.785398163397504);
#39=CONICAL_SURFACE('',#2103,50.,0.785398163397448);
#40=CONICAL_SURFACE('',#2184,51.8,0.785398163397459);
#41=CONICAL_SURFACE('',#2187,51.8,0.785398163397459);
#42=CONICAL_SURFACE('',#2206,44.6,0.785398163397459);
#43=CONICAL_SURFACE('',#2208,44.6,0.785398163397459);
#44=CONICAL_SURFACE('',#2210,44.6,0.785398163397459);
#45=CONICAL_SURFACE('',#2211,44.6,0.785398163397459);
#46=CONICAL_SURFACE('',#2236,44.6,0.785398163397459);
#47=CONICAL_SURFACE('',#2243,44.6,0.78539816339747);
#48=CONICAL_SURFACE('',#2263,48.6,0.785398163397459);
#49=CONICAL_SURFACE('',#2269,51.8,0.785398163397459);
#50=CONICAL_SURFACE('',#2270,50.,0.785398163397459);
#51=CONICAL_SURFACE('',#2275,51.8,0.785398163397459);
#52=CONICAL_SURFACE('',#2276,48.6,0.785398163397459);
#53=CONICAL_SURFACE('',#2280,50.,0.785398163397459);
#54=CONICAL_SURFACE('',#2285,51.8,0.785398163397437);
#55=CONICAL_SURFACE('',#2287,50.,0.785398163397459);
#56=CONICAL_SURFACE('',#2295,48.6,0.785398163397459);
#57=PLANE('',#2091);
#58=PLANE('',#2092);
#59=PLANE('',#2152);
#60=PLANE('',#2156);
#61=PLANE('',#2160);
#62=PLANE('',#2164);
#63=PLANE('',#2166);
#64=PLANE('',#2167);
#65=PLANE('',#2169);
#66=PLANE('',#2171);
#67=PLANE('',#2176);
#68=PLANE('',#2179);
#69=PLANE('',#2180);
#70=PLANE('',#2181);
#71=PLANE('',#2182);
#72=PLANE('',#2189);
#73=PLANE('',#2204);
#74=PLANE('',#2212);
#75=PLANE('',#2216);
#76=PLANE('',#2217);
#77=PLANE('',#2221);
#78=PLANE('',#2222);
#79=PLANE('',#2226);
#80=PLANE('',#2227);
#81=PLANE('',#2238);
#82=PLANE('',#2249);
#83=PLANE('',#2252);
#84=PLANE('',#2253);
#85=PLANE('',#2256);
#86=PLANE('',#2259);
#87=PLANE('',#2260);
#88=PLANE('',#2267);
#89=PLANE('',#2273);
#90=PLANE('',#2283);
#91=PLANE('',#2286);
#92=PLANE('',#2293);
#93=PLANE('',#2294);
#94=PLANE('',#2302);
#95=PLANE('',#2306);
#96=PLANE('',#2310);
#97=PLANE('',#2314);
#98=PLANE('',#2318);
#99=PLANE('',#2319);
#100=PLANE('',#2320);
#101=PLANE('',#2321);
#102=PLANE('',#2322);
#103=PLANE('',#2323);
#104=PLANE('',#2327);
#105=PLANE('',#2328);
#106=PLANE('',#2329);
#107=PLANE('',#2330);
#108=PLANE('',#2331);
#109=PLANE('',#2332);
#110=PLANE('',#2333);
#111=PLANE('',#2334);
#112=PLANE('',#2335);
#113=ELLIPSE('',#2090,73.6027723662637,52.09);
#114=ELLIPSE('',#2104,3.1363784594627,2.04519403874953);
#115=ELLIPSE('',#2109,62.7910821693646,44.4);
#116=ELLIPSE('',#2111,62.7910821693679,44.4);
#117=ELLIPSE('',#2113,62.7910821693664,44.4);
#118=ELLIPSE('',#2115,62.7910821693672,44.4);
#119=ELLIPSE('',#2117,62.7910821693655,44.4);
#120=ELLIPSE('',#2122,62.7910821693656,44.4);
#121=ELLIPSE('',#2127,73.6663844640166,52.09);
#122=ELLIPSE('',#2129,73.6663844640157,52.09);
#123=ELLIPSE('',#2131,73.6663844640174,52.09);
#124=ELLIPSE('',#2133,73.6663844640136,52.09);
#125=ELLIPSE('',#2137,73.5391052434006,52.);
#126=ELLIPSE('',#2143,73.5391052434006,52.);
#127=ELLIPSE('',#2147,73.5391052434007,52.);
#128=ELLIPSE('',#2215,70.9935208311291,50.2);
#129=ELLIPSE('',#2220,70.993520831129,50.2);
#130=ELLIPSE('',#2225,70.9935208311291,50.2);
#131=ELLIPSE('',#2230,62.7910821693656,44.4);
#132=ELLIPSE('',#2231,68.447936418858,48.4);
#133=ELLIPSE('',#2234,62.7910821693655,44.4);
#134=ELLIPSE('',#2241,68.447936418858,48.4);
#135=ELLIPSE('',#2242,62.7910821693656,44.4);
#136=ELLIPSE('',#2248,62.7910821693655,44.4);
#137=ELLIPSE('',#2251,68.4479364188579,48.4);
#138=ELLIPSE('',#2255,68.4479364188579,48.4);
#139=ELLIPSE('',#2258,68.4479364188579,48.4);
#140=ELLIPSE('',#2262,68.4479364188579,48.4);
#141=LINE('',#3034,#266);
#142=LINE('',#3038,#267);
#143=LINE('',#3069,#268);
#144=LINE('',#3074,#269);
#145=LINE('',#3077,#270);
#146=LINE('',#3079,#271);
#147=LINE('',#3081,#272);
#148=LINE('',#3083,#273);
#149=LINE('',#3084,#274);
#150=LINE('',#3088,#275);
#151=LINE('',#3090,#276);
#152=LINE('',#3091,#277);
#153=LINE('',#3115,#278);
#154=LINE('',#3126,#279);
#155=LINE('',#3176,#280);
#156=LINE('',#3193,#281);
#157=LINE('',#3199,#282);
#158=LINE('',#3207,#283);
#159=LINE('',#3213,#284);
#160=LINE('',#3224,#285);
#161=LINE('',#3233,#286);
#162=LINE('',#3259,#287);
#163=LINE('',#3303,#288);
#164=LINE('',#3307,#289);
#165=LINE('',#3316,#290);
#166=LINE('',#3322,#291);
#167=LINE('',#3327,#292);
#168=LINE('',#3331,#293);
#169=LINE('',#3340,#294);
#170=LINE('',#3347,#295);
#171=LINE('',#3356,#296);
#172=LINE('',#3362,#297);
#173=LINE('',#3497,#298);
#174=LINE('',#3505,#299);
#175=LINE('',#3507,#300);
#176=LINE('',#3508,#301);
#177=LINE('',#3517,#302);
#178=LINE('',#3524,#303);
#179=LINE('',#3527,#304);
#180=LINE('',#3534,#305);
#181=LINE('',#3542,#306);
#182=LINE('',#3544,#307);
#183=LINE('',#3555,#308);
#184=LINE('',#3560,#309);
#185=LINE('',#3563,#310);
#186=LINE('',#3564,#311);
#187=LINE('',#3568,#312);
#188=LINE('',#3570,#313);
#189=LINE('',#3571,#314);
#190=LINE('',#3573,#315);
#191=LINE('',#3579,#316);
#192=LINE('',#3589,#317);
#193=LINE('',#3593,#318);
#194=LINE('',#3597,#319);
#195=LINE('',#3601,#320);
#196=LINE('',#3605,#321);
#197=LINE('',#3609,#322);
#198=LINE('',#3612,#323);
#199=LINE('',#3616,#324);
#200=LINE('',#3620,#325);
#201=LINE('',#3624,#326);
#202=LINE('',#3628,#327);
#203=LINE('',#3632,#328);
#204=LINE('',#3635,#329);
#205=LINE('',#3651,#330);
#206=LINE('',#3654,#331);
#207=LINE('',#3655,#332);
#208=LINE('',#3662,#333);
#209=LINE('',#3665,#334);
#210=LINE('',#3666,#335);
#211=LINE('',#3673,#336);
#212=LINE('',#3676,#337);
#213=LINE('',#3677,#338);
#214=LINE('',#3686,#339);
#215=LINE('',#3694,#340);
#216=LINE('',#3697,#341);
#217=LINE('',#3708,#342);
#218=LINE('',#3716,#343);
#219=LINE('',#3720,#344);
#220=LINE('',#3727,#345);
#221=LINE('',#3730,#346);
#222=LINE('',#3731,#347);
#223=LINE('',#3736,#348);
#224=LINE('',#3743,#349);
#225=LINE('',#3746,#350);
#226=LINE('',#3747,#351);
#227=LINE('',#3752,#352);
#228=LINE('',#3758,#353);
#229=LINE('',#3762,#354);
#230=LINE('',#3770,#355);
#231=LINE('',#3776,#356);
#232=LINE('',#3779,#357);
#233=LINE('',#3786,#358);
#234=LINE('',#3789,#359);
#235=LINE('',#3796,#360);
#236=LINE('',#3807,#361);
#237=LINE('',#3810,#362);
#238=LINE('',#3812,#363);
#239=LINE('',#3817,#364);
#240=LINE('',#3823,#365);
#241=LINE('',#3830,#366);
#242=LINE('',#3837,#367);
#243=LINE('',#3844,#368);
#244=LINE('',#3849,#369);
#245=LINE('',#3860,#370);
#246=LINE('',#3863,#371);
#247=LINE('',#3880,#372);
#248=LINE('',#3882,#373);
#249=LINE('',#3884,#374);
#250=LINE('',#3886,#375);
#251=LINE('',#3915,#376);
#252=LINE('',#3917,#377);
#253=LINE('',#3919,#378);
#254=LINE('',#3922,#379);
#255=LINE('',#3933,#380);
#256=LINE('',#3936,#381);
#257=LINE('',#3953,#382);
#258=LINE('',#3955,#383);
#259=LINE('',#3957,#384);
#260=LINE('',#3959,#385);
#261=LINE('',#3976,#386);
#262=LINE('',#3978,#387);
#263=LINE('',#3980,#388);
#264=LINE('',#3982,#389);
#265=LINE('',#3984,#390);
#266=VECTOR('',#2349,10.);
#267=VECTOR('',#2352,10.);
#268=VECTOR('',#2365,10.);
#269=VECTOR('',#2370,10.);
#270=VECTOR('',#2373,10.);
#271=VECTOR('',#2374,10.);
#272=VECTOR('',#2375,10.);
#273=VECTOR('',#2376,10.);
#274=VECTOR('',#2377,10.);
#275=VECTOR('',#2380,10.);
#276=VECTOR('',#2381,10.);
#277=VECTOR('',#2382,10.);
#278=VECTOR('',#2399,10.);
#279=VECTOR('',#2402,10.);
#280=VECTOR('',#2425,10.);
#281=VECTOR('',#2432,10.);
#282=VECTOR('',#2437,10.);
#283=VECTOR('',#2446,10.);
#284=VECTOR('',#2453,10.);
#285=VECTOR('',#2456,10.);
#286=VECTOR('',#2459,10.);
#287=VECTOR('',#2466,10.);
#288=VECTOR('',#2475,10.);
#289=VECTOR('',#2478,10.);
#290=VECTOR('',#2481,10.);
#291=VECTOR('',#2486,10.);
#292=VECTOR('',#2491,10.);
#293=VECTOR('',#2494,10.);
#294=VECTOR('',#2497,10.);
#295=VECTOR('',#2504,10.);
#296=VECTOR('',#2507,10.);
#297=VECTOR('',#2512,10.);
#298=VECTOR('',#2549,10.);
#299=VECTOR('',#2550,10.);
#300=VECTOR('',#2553,10.);
#301=VECTOR('',#2554,10.);
#302=VECTOR('',#2559,10.);
#303=VECTOR('',#2560,10.);
#304=VECTOR('',#2565,10.);
#305=VECTOR('',#2566,10.);
#306=VECTOR('',#2569,10.);
#307=VECTOR('',#2572,10.);
#308=VECTOR('',#2575,10.);
#309=VECTOR('',#2580,10.);
#310=VECTOR('',#2583,10.);
#311=VECTOR('',#2584,10.);
#312=VECTOR('',#2589,10.);
#313=VECTOR('',#2592,10.);
#314=VECTOR('',#2593,10.);
#315=VECTOR('',#2596,10.);
#316=VECTOR('',#2605,10.);
#317=VECTOR('',#2618,10.);
#318=VECTOR('',#2621,10.);
#319=VECTOR('',#2624,10.);
#320=VECTOR('',#2627,10.);
#321=VECTOR('',#2630,10.);
#322=VECTOR('',#2633,10.);
#323=VECTOR('',#2636,10.);
#324=VECTOR('',#2639,10.);
#325=VECTOR('',#2642,10.);
#326=VECTOR('',#2645,10.);
#327=VECTOR('',#2648,10.);
#328=VECTOR('',#2651,10.);
#329=VECTOR('',#2654,10.);
#330=VECTOR('',#2681,10.);
#331=VECTOR('',#2684,10.);
#332=VECTOR('',#2685,10.);
#333=VECTOR('',#2694,10.);
#334=VECTOR('',#2697,10.);
#335=VECTOR('',#2698,10.);
#336=VECTOR('',#2707,10.);
#337=VECTOR('',#2710,10.);
#338=VECTOR('',#2711,10.);
#339=VECTOR('',#2720,10.);
#340=VECTOR('',#2729,10.);
#341=VECTOR('',#2732,10.);
#342=VECTOR('',#2745,10.);
#343=VECTOR('',#2756,10.);
#344=VECTOR('',#2759,10.);
#345=VECTOR('',#2768,10.);
#346=VECTOR('',#2771,10.);
#347=VECTOR('',#2772,10.);
#348=VECTOR('',#2777,10.);
#349=VECTOR('',#2786,10.);
#350=VECTOR('',#2789,10.);
#351=VECTOR('',#2790,10.);
#352=VECTOR('',#2795,10.);
#353=VECTOR('',#2804,10.);
#354=VECTOR('',#2811,10.);
#355=VECTOR('',#2824,10.);
#356=VECTOR('',#2833,10.);
#357=VECTOR('',#2836,10.);
#358=VECTOR('',#2847,10.);
#359=VECTOR('',#2852,10.);
#360=VECTOR('',#2861,10.);
#361=VECTOR('',#2864,10.);
#362=VECTOR('',#2869,10.);
#363=VECTOR('',#2872,10.);
#364=VECTOR('',#2879,10.);
#365=VECTOR('',#2886,1.4);
#366=VECTOR('',#2895,1.4);
#367=VECTOR('',#2904,1.4);
#368=VECTOR('',#2913,1.4);
#369=VECTOR('',#2920,10.);
#370=VECTOR('',#2923,10.);
#371=VECTOR('',#2928,10.);
#372=VECTOR('',#2929,10.);
#373=VECTOR('',#2932,10.);
#374=VECTOR('',#2935,10.);
#375=VECTOR('',#2938,10.);
#376=VECTOR('',#2939,10.);
#377=VECTOR('',#2942,10.);
#378=VECTOR('',#2945,10.);
#379=VECTOR('',#2948,10.);
#380=VECTOR('',#2951,10.);
#381=VECTOR('',#2956,10.);
#382=VECTOR('',#2957,10.);
#383=VECTOR('',#2960,9.99999999999999);
#384=VECTOR('',#2963,10.);
#385=VECTOR('',#2966,10.);
#386=VECTOR('',#2967,10.);
#387=VECTOR('',#2970,10.);
#388=VECTOR('',#2973,10.);
#389=VECTOR('',#2976,10.);
#390=VECTOR('',#2979,10.);
#391=CYLINDRICAL_SURFACE('',#2081,44.399009367643);
#392=CYLINDRICAL_SURFACE('',#2088,52.0900000011038);
#393=CYLINDRICAL_SURFACE('',#2099,50.2);
#394=CYLINDRICAL_SURFACE('',#2107,44.4);
#395=CYLINDRICAL_SURFACE('',#2119,44.4);
#396=CYLINDRICAL_SURFACE('',#2123,52.09);
#397=CYLINDRICAL_SURFACE('',#2134,52.);
#398=CYLINDRICAL_SURFACE('',#2139,52.);
#399=CYLINDRICAL_SURFACE('',#2144,52.);
#400=CYLINDRICAL_SURFACE('',#2165,5.25);
#401=CYLINDRICAL_SURFACE('',#2168,5.25);
#402=CYLINDRICAL_SURFACE('',#2170,1.99999999999999);
#403=CYLINDRICAL_SURFACE('',#2172,1.99999999999967);
#404=CYLINDRICAL_SURFACE('',#2173,2.00000054172489);
#405=CYLINDRICAL_SURFACE('',#2177,2.00000000000031);
#406=CYLINDRICAL_SURFACE('',#2232,44.4);
#407=CYLINDRICAL_SURFACE('',#2246,44.4);
#408=CYLINDRICAL_SURFACE('',#2265,48.4);
#409=CYLINDRICAL_SURFACE('',#2278,48.4);
#410=CYLINDRICAL_SURFACE('',#2290,50.2);
#411=CYLINDRICAL_SURFACE('',#2297,48.4);
#412=CYLINDRICAL_SURFACE('',#2299,1.4);
#413=CYLINDRICAL_SURFACE('',#2303,1.4);
#414=CYLINDRICAL_SURFACE('',#2307,1.4);
#415=CYLINDRICAL_SURFACE('',#2311,1.4);
#416=CYLINDRICAL_SURFACE('',#2315,50.2);
#417=CYLINDRICAL_SURFACE('',#2324,50.2);
#418=FACE_OUTER_BOUND('',#532,.T.);
#419=FACE_OUTER_BOUND('',#533,.T.);
#420=FACE_OUTER_BOUND('',#534,.T.);
#421=FACE_OUTER_BOUND('',#535,.T.);
#422=FACE_OUTER_BOUND('',#536,.T.);
#423=FACE_OUTER_BOUND('',#537,.T.);
#424=FACE_OUTER_BOUND('',#538,.T.);
#425=FACE_OUTER_BOUND('',#539,.T.);
#426=FACE_OUTER_BOUND('',#540,.T.);
#427=FACE_OUTER_BOUND('',#541,.T.);
#428=FACE_OUTER_BOUND('',#542,.T.);
#429=FACE_OUTER_BOUND('',#543,.T.);
#430=FACE_OUTER_BOUND('',#544,.T.);
#431=FACE_OUTER_BOUND('',#545,.T.);
#432=FACE_OUTER_BOUND('',#546,.T.);
#433=FACE_OUTER_BOUND('',#547,.T.);
#434=FACE_OUTER_BOUND('',#548,.T.);
#435=FACE_OUTER_BOUND('',#549,.T.);
#436=FACE_OUTER_BOUND('',#550,.T.);
#437=FACE_OUTER_BOUND('',#551,.T.);
#438=FACE_OUTER_BOUND('',#552,.T.);
#439=FACE_OUTER_BOUND('',#553,.T.);
#440=FACE_OUTER_BOUND('',#554,.T.);
#441=FACE_OUTER_BOUND('',#555,.T.);
#442=FACE_OUTER_BOUND('',#556,.T.);
#443=FACE_OUTER_BOUND('',#557,.T.);
#444=FACE_OUTER_BOUND('',#558,.T.);
#445=FACE_OUTER_BOUND('',#559,.T.);
#446=FACE_OUTER_BOUND('',#560,.T.);
#447=FACE_OUTER_BOUND('',#561,.T.);
#448=FACE_OUTER_BOUND('',#562,.T.);
#449=FACE_OUTER_BOUND('',#563,.T.);
#450=FACE_OUTER_BOUND('',#564,.T.);
#451=FACE_OUTER_BOUND('',#565,.T.);
#452=FACE_OUTER_BOUND('',#566,.T.);
#453=FACE_OUTER_BOUND('',#567,.T.);
#454=FACE_OUTER_BOUND('',#568,.T.);
#455=FACE_OUTER_BOUND('',#569,.T.);
#456=FACE_OUTER_BOUND('',#570,.T.);
#457=FACE_OUTER_BOUND('',#571,.T.);
#458=FACE_OUTER_BOUND('',#572,.T.);
#459=FACE_OUTER_BOUND('',#573,.T.);
#460=FACE_OUTER_BOUND('',#574,.T.);
#461=FACE_OUTER_BOUND('',#575,.T.);
#462=FACE_OUTER_BOUND('',#576,.T.);
#463=FACE_OUTER_BOUND('',#577,.T.);
#464=FACE_OUTER_BOUND('',#578,.T.);
#465=FACE_OUTER_BOUND('',#579,.T.);
#466=FACE_OUTER_BOUND('',#580,.T.);
#467=FACE_OUTER_BOUND('',#581,.T.);
#468=FACE_OUTER_BOUND('',#582,.T.);
#469=FACE_OUTER_BOUND('',#583,.T.);
#470=FACE_OUTER_BOUND('',#584,.T.);
#471=FACE_OUTER_BOUND('',#585,.T.);
#472=FACE_OUTER_BOUND('',#586,.T.);
#473=FACE_OUTER_BOUND('',#587,.T.);
#474=FACE_OUTER_BOUND('',#588,.T.);
#475=FACE_OUTER_BOUND('',#589,.T.);
#476=FACE_OUTER_BOUND('',#590,.T.);
#477=FACE_OUTER_BOUND('',#591,.T.);
#478=FACE_OUTER_BOUND('',#592,.T.);
#479=FACE_OUTER_BOUND('',#593,.T.);
#480=FACE_OUTER_BOUND('',#594,.T.);
#481=FACE_OUTER_BOUND('',#595,.T.);
#482=FACE_OUTER_BOUND('',#596,.T.);
#483=FACE_OUTER_BOUND('',#597,.T.);
#484=FACE_OUTER_BOUND('',#598,.T.);
#485=FACE_OUTER_BOUND('',#599,.T.);
#486=FACE_OUTER_BOUND('',#600,.T.);
#487=FACE_OUTER_BOUND('',#601,.T.);
#488=FACE_OUTER_BOUND('',#602,.T.);
#489=FACE_OUTER_BOUND('',#603,.T.);
#490=FACE_OUTER_BOUND('',#604,.T.);
#491=FACE_OUTER_BOUND('',#605,.T.);
#492=FACE_OUTER_BOUND('',#606,.T.);
#493=FACE_OUTER_BOUND('',#607,.T.);
#494=FACE_OUTER_BOUND('',#608,.T.);
#495=FACE_OUTER_BOUND('',#609,.T.);
#496=FACE_OUTER_BOUND('',#610,.T.);
#497=FACE_OUTER_BOUND('',#611,.T.);
#498=FACE_OUTER_BOUND('',#612,.T.);
#499=FACE_OUTER_BOUND('',#613,.T.);
#500=FACE_OUTER_BOUND('',#614,.T.);
#501=FACE_OUTER_BOUND('',#615,.T.);
#502=FACE_OUTER_BOUND('',#616,.T.);
#503=FACE_OUTER_BOUND('',#617,.T.);
#504=FACE_OUTER_BOUND('',#618,.T.);
#505=FACE_OUTER_BOUND('',#619,.T.);
#506=FACE_OUTER_BOUND('',#620,.T.);
#507=FACE_OUTER_BOUND('',#621,.T.);
#508=FACE_OUTER_BOUND('',#622,.T.);
#509=FACE_OUTER_BOUND('',#623,.T.);
#510=FACE_OUTER_BOUND('',#624,.T.);
#511=FACE_OUTER_BOUND('',#625,.T.);
#512=FACE_OUTER_BOUND('',#626,.T.);
#513=FACE_OUTER_BOUND('',#627,.T.);
#514=FACE_OUTER_BOUND('',#628,.T.);
#515=FACE_OUTER_BOUND('',#629,.T.);
#516=FACE_OUTER_BOUND('',#630,.T.);
#517=FACE_OUTER_BOUND('',#631,.T.);
#518=FACE_OUTER_BOUND('',#632,.T.);
#519=FACE_OUTER_BOUND('',#633,.T.);
#520=FACE_OUTER_BOUND('',#634,.T.);
#521=FACE_OUTER_BOUND('',#635,.T.);
#522=FACE_OUTER_BOUND('',#636,.T.);
#523=FACE_OUTER_BOUND('',#637,.T.);
#524=FACE_OUTER_BOUND('',#638,.T.);
#525=FACE_OUTER_BOUND('',#639,.T.);
#526=FACE_OUTER_BOUND('',#640,.T.);
#527=FACE_OUTER_BOUND('',#641,.T.);
#528=FACE_OUTER_BOUND('',#642,.T.);
#529=FACE_OUTER_BOUND('',#643,.T.);
#530=FACE_OUTER_BOUND('',#644,.T.);
#531=FACE_OUTER_BOUND('',#645,.T.);
#532=EDGE_LOOP('',(#1327,#1328,#1329,#1330,#1331,#1332));
#533=EDGE_LOOP('',(#1333,#1334,#1335,#1336,#1337));
#534=EDGE_LOOP('',(#1338,#1339,#1340,#1341,#1342));
#535=EDGE_LOOP('',(#1343,#1344,#1345,#1346,#1347));
#536=EDGE_LOOP('',(#1348,#1349,#1350,#1351,#1352,#1353,#1354));
#537=EDGE_LOOP('',(#1355,#1356,#1357));
#538=EDGE_LOOP('',(#1358,#1359,#1360,#1361,#1362,#1363));
#539=EDGE_LOOP('',(#1364,#1365,#1366,#1367));
#540=EDGE_LOOP('',(#1368,#1369,#1370,#1371,#1372,#1373,#1374));
#541=EDGE_LOOP('',(#1375,#1376,#1377,#1378,#1379,#1380));
#542=EDGE_LOOP('',(#1381,#1382,#1383,#1384,#1385,#1386,#1387,#1388,#1389,
#1390,#1391,#1392,#1393,#1394,#1395,#1396,#1397,#1398,#1399));
#543=EDGE_LOOP('',(#1400,#1401,#1402,#1403,#1404,#1405));
#544=EDGE_LOOP('',(#1406,#1407,#1408,#1409,#1410,#1411,#1412,#1413,#1414,
#1415,#1416,#1417,#1418,#1419,#1420,#1421,#1422,#1423,#1424,#1425,#1426,
#1427,#1428,#1429,#1430,#1431));
#545=EDGE_LOOP('',(#1432,#1433,#1434,#1435));
#546=EDGE_LOOP('',(#1436,#1437,#1438,#1439,#1440,#1441,#1442,#1443));
#547=EDGE_LOOP('',(#1444,#1445,#1446,#1447,#1448,#1449,#1450,#1451));
#548=EDGE_LOOP('',(#1452,#1453,#1454,#1455,#1456,#1457,#1458,#1459));
#549=EDGE_LOOP('',(#1460,#1461,#1462,#1463));
#550=EDGE_LOOP('',(#1464));
#551=EDGE_LOOP('',(#1465,#1466,#1467,#1468));
#552=EDGE_LOOP('',(#1469));
#553=EDGE_LOOP('',(#1470,#1471,#1472,#1473));
#554=EDGE_LOOP('',(#1474));
#555=EDGE_LOOP('',(#1475,#1476,#1477,#1478));
#556=EDGE_LOOP('',(#1479));
#557=EDGE_LOOP('',(#1480,#1481,#1482,#1483,#1484,#1485));
#558=EDGE_LOOP('',(#1486,#1487,#1488,#1489));
#559=EDGE_LOOP('',(#1490,#1491,#1492,#1493));
#560=EDGE_LOOP('',(#1494,#1495,#1496,#1497,#1498,#1499));
#561=EDGE_LOOP('',(#1500,#1501,#1502,#1503));
#562=EDGE_LOOP('',(#1504,#1505,#1506,#1507,#1508,#1509));
#563=EDGE_LOOP('',(#1510,#1511,#1512,#1513));
#564=EDGE_LOOP('',(#1514,#1515,#1516,#1517));
#565=EDGE_LOOP('',(#1518,#1519,#1520,#1521,#1522,#1523));
#566=EDGE_LOOP('',(#1524,#1525,#1526,#1527));
#567=EDGE_LOOP('',(#1528,#1529,#1530,#1531));
#568=EDGE_LOOP('',(#1532,#1533,#1534,#1535,#1536));
#569=EDGE_LOOP('',(#1537,#1538,#1539,#1540));
#570=EDGE_LOOP('',(#1541,#1542,#1543,#1544));
#571=EDGE_LOOP('',(#1545,#1546,#1547,#1548,#1549,#1550));
#572=EDGE_LOOP('',(#1551,#1552,#1553,#1554,#1555));
#573=EDGE_LOOP('',(#1556,#1557,#1558,#1559));
#574=EDGE_LOOP('',(#1560,#1561,#1562,#1563,#1564,#1565,#1566,#1567,#1568,
#1569,#1570,#1571,#1572,#1573,#1574,#1575,#1576,#1577,#1578,#1579,#1580,
#1581,#1582,#1583,#1584,#1585,#1586,#1587,#1588,#1589,#1590,#1591,#1592,
#1593,#1594,#1595));
#575=EDGE_LOOP('',(#1596,#1597,#1598,#1599));
#576=EDGE_LOOP('',(#1600,#1601,#1602,#1603,#1604));
#577=EDGE_LOOP('',(#1605,#1606,#1607,#1608,#1609));
#578=EDGE_LOOP('',(#1610,#1611,#1612,#1613));
#579=EDGE_LOOP('',(#1614,#1615,#1616,#1617,#1618));
#580=EDGE_LOOP('',(#1619,#1620,#1621,#1622,#1623,#1624));
#581=EDGE_LOOP('',(#1625,#1626,#1627,#1628));
#582=EDGE_LOOP('',(#1629,#1630,#1631,#1632,#1633,#1634));
#583=EDGE_LOOP('',(#1635,#1636,#1637,#1638));
#584=EDGE_LOOP('',(#1639,#1640,#1641,#1642,#1643,#1644));
#585=EDGE_LOOP('',(#1645,#1646,#1647,#1648));
#586=EDGE_LOOP('',(#1649,#1650,#1651,#1652,#1653,#1654));
#587=EDGE_LOOP('',(#1655,#1656,#1657,#1658,#1659,#1660));
#588=EDGE_LOOP('',(#1661,#1662,#1663,#1664));
#589=EDGE_LOOP('',(#1665,#1666,#1667,#1668,#1669,#1670));
#590=EDGE_LOOP('',(#1671,#1672,#1673,#1674));
#591=EDGE_LOOP('',(#1675,#1676,#1677,#1678,#1679,#1680));
#592=EDGE_LOOP('',(#1681,#1682,#1683,#1684,#1685,#1686));
#593=EDGE_LOOP('',(#1687,#1688,#1689,#1690));
#594=EDGE_LOOP('',(#1691,#1692,#1693,#1694,#1695,#1696));
#595=EDGE_LOOP('',(#1697,#1698,#1699,#1700,#1701,#1702));
#596=EDGE_LOOP('',(#1703,#1704,#1705,#1706));
#597=EDGE_LOOP('',(#1707,#1708,#1709,#1710,#1711,#1712));
#598=EDGE_LOOP('',(#1713,#1714,#1715,#1716));
#599=EDGE_LOOP('',(#1717,#1718,#1719,#1720,#1721,#1722));
#600=EDGE_LOOP('',(#1723,#1724,#1725,#1726));
#601=EDGE_LOOP('',(#1727,#1728,#1729,#1730));
#602=EDGE_LOOP('',(#1731,#1732,#1733,#1734));
#603=EDGE_LOOP('',(#1735,#1736,#1737,#1738));
#604=EDGE_LOOP('',(#1739,#1740,#1741,#1742));
#605=EDGE_LOOP('',(#1743,#1744,#1745,#1746));
#606=EDGE_LOOP('',(#1747,#1748,#1749,#1750,#1751,#1752));
#607=EDGE_LOOP('',(#1753,#1754,#1755,#1756));
#608=EDGE_LOOP('',(#1757,#1758,#1759,#1760));
#609=EDGE_LOOP('',(#1761,#1762,#1763,#1764));
#610=EDGE_LOOP('',(#1765,#1766,#1767,#1768));
#611=EDGE_LOOP('',(#1769,#1770,#1771,#1772));
#612=EDGE_LOOP('',(#1773,#1774,#1775,#1776,#1777,#1778,#1779,#1780));
#613=EDGE_LOOP('',(#1781,#1782,#1783,#1784));
#614=EDGE_LOOP('',(#1785,#1786,#1787,#1788));
#615=EDGE_LOOP('',(#1789,#1790,#1791,#1792));
#616=EDGE_LOOP('',(#1793,#1794,#1795,#1796,#1797,#1798));
#617=EDGE_LOOP('',(#1799,#1800,#1801,#1802));
#618=EDGE_LOOP('',(#1803));
#619=EDGE_LOOP('',(#1804,#1805,#1806,#1807));
#620=EDGE_LOOP('',(#1808));
#621=EDGE_LOOP('',(#1809,#1810,#1811,#1812));
#622=EDGE_LOOP('',(#1813));
#623=EDGE_LOOP('',(#1814,#1815,#1816,#1817));
#624=EDGE_LOOP('',(#1818));
#625=EDGE_LOOP('',(#1819,#1820,#1821,#1822,#1823,#1824,#1825,#1826));
#626=EDGE_LOOP('',(#1827,#1828,#1829,#1830));
#627=EDGE_LOOP('',(#1831,#1832,#1833,#1834));
#628=EDGE_LOOP('',(#1835,#1836,#1837,#1838));
#629=EDGE_LOOP('',(#1839,#1840,#1841,#1842));
#630=EDGE_LOOP('',(#1843,#1844,#1845,#1846,#1847));
#631=EDGE_LOOP('',(#1848,#1849,#1850,#1851));
#632=EDGE_LOOP('',(#1852,#1853,#1854,#1855));
#633=EDGE_LOOP('',(#1856,#1857,#1858,#1859));
#634=EDGE_LOOP('',(#1860,#1861,#1862,#1863,#1864,#1865,#1866,#1867));
#635=EDGE_LOOP('',(#1868,#1869,#1870,#1871));
#636=EDGE_LOOP('',(#1872,#1873,#1874,#1875));
#637=EDGE_LOOP('',(#1876,#1877,#1878,#1879));
#638=EDGE_LOOP('',(#1880,#1881,#1882,#1883));
#639=EDGE_LOOP('',(#1884,#1885,#1886,#1887));
#640=EDGE_LOOP('',(#1888,#1889,#1890,#1891));
#641=EDGE_LOOP('',(#1892,#1893,#1894,#1895));
#642=EDGE_LOOP('',(#1896,#1897,#1898,#1899));
#643=EDGE_LOOP('',(#1900,#1901,#1902,#1903));
#644=EDGE_LOOP('',(#1904,#1905,#1906,#1907));
#645=EDGE_LOOP('',(#1908,#1909,#1910,#1911,#1912,#1913,#1914,#1915,#1916,
#1917,#1918,#1919,#1920,#1921,#1922,#1923,#1924));
#646=EDGE_LOOP('',(#1925,#1926,#1927,#1928,#1929,#1930,#1931,#1932,#1933,
#1934,#1935,#1936,#1937,#1938));
#647=EDGE_LOOP('',(#1939));
#648=EDGE_LOOP('',(#1940));
#649=EDGE_LOOP('',(#1941));
#650=EDGE_LOOP('',(#1942));
#651=EDGE_LOOP('',(#1943));
#652=EDGE_LOOP('',(#1944));
#653=EDGE_LOOP('',(#1945));
#654=EDGE_LOOP('',(#1946));
#655=CIRCLE('',#2079,44.799009367643);
#656=CIRCLE('',#2080,44.399009367643);
#657=CIRCLE('',#2082,44.399009367643);
#658=CIRCLE('',#2084,0.4);
#659=CIRCLE('',#2085,52.0900000011039);
#660=CIRCLE('',#2086,52.09);
#661=CIRCLE('',#2087,51.6900000011038);
#662=CIRCLE('',#2089,52.09);
#663=CIRCLE('',#2094,50.1766647422955);
#664=CIRCLE('',#2095,50.2);
#665=CIRCLE('',#2096,50.1766595363435);
#666=CIRCLE('',#2098,49.8020513477636);
#667=CIRCLE('',#2100,50.2);
#668=CIRCLE('',#2101,50.2);
#669=CIRCLE('',#2102,50.2);
#670=CIRCLE('',#2105,49.8);
#671=CIRCLE('',#2106,182.97638489606);
#672=CIRCLE('',#2108,44.4);
#673=CIRCLE('',#2110,44.4);
#674=CIRCLE('',#2112,44.4);
#675=CIRCLE('',#2114,44.4);
#676=CIRCLE('',#2116,44.4);
#677=CIRCLE('',#2118,44.4);
#678=CIRCLE('',#2120,44.4);
#679=CIRCLE('',#2121,44.4);
#680=CIRCLE('',#2124,52.09);
#681=CIRCLE('',#2125,52.09);
#682=CIRCLE('',#2126,52.09);
#683=CIRCLE('',#2128,52.09);
#684=CIRCLE('',#2130,52.09);
#685=CIRCLE('',#2132,52.09);
#686=CIRCLE('',#2135,52.);
#687=CIRCLE('',#2136,52.);
#688=CIRCLE('',#2138,52.);
#689=CIRCLE('',#2140,52.);
#690=CIRCLE('',#2141,52.);
#691=CIRCLE('',#2142,52.);
#692=CIRCLE('',#2145,52.);
#693=CIRCLE('',#2146,52.);
#694=CIRCLE('',#2148,52.);
#695=CIRCLE('',#2149,1.5);
#696=CIRCLE('',#2150,1.00000000000002);
#697=CIRCLE('',#2151,0.500000000000004);
#698=CIRCLE('',#2153,1.5);
#699=CIRCLE('',#2154,1.00000000000004);
#700=CIRCLE('',#2155,0.499999999999999);
#701=CIRCLE('',#2157,1.5);
#702=CIRCLE('',#2158,1.00000000000005);
#703=CIRCLE('',#2159,0.499999999999999);
#704=CIRCLE('',#2161,1.5);
#705=CIRCLE('',#2162,1.00000000000002);
#706=CIRCLE('',#2163,0.500000000000004);
#707=CIRCLE('',#2174,4.89042051656742);
#708=CIRCLE('',#2175,2.00000054172489);
#709=CIRCLE('',#2178,2.00000000000031);
#710=CIRCLE('',#2183,70.543105956958);
#711=CIRCLE('',#2185,189.590024919424);
#712=CIRCLE('',#2186,51.6);
#713=CIRCLE('',#2188,51.6);
#714=CIRCLE('',#2190,44.8);
#715=CIRCLE('',#2191,48.8);
#716=CIRCLE('',#2192,44.8);
#717=CIRCLE('',#2193,48.8);
#718=CIRCLE('',#2194,44.8);
#719=CIRCLE('',#2195,48.8);
#720=CIRCLE('',#2196,44.8);
#721=CIRCLE('',#2197,49.8);
#722=CIRCLE('',#2198,51.6);
#723=CIRCLE('',#2199,49.8);
#724=CIRCLE('',#2200,51.6);
#725=CIRCLE('',#2201,49.8);
#726=CIRCLE('',#2202,51.6);
#727=CIRCLE('',#2203,44.8);
#728=CIRCLE('',#2205,44.8);
#729=CIRCLE('',#2207,169.890828028087);
#730=CIRCLE('',#2209,169.890828007425);
#731=CIRCLE('',#2213,185.980152955152);
#732=CIRCLE('',#2214,179.368785851938);
#733=CIRCLE('',#2218,185.980152950455);
#734=CIRCLE('',#2219,179.368785846587);
#735=CIRCLE('',#2223,185.98015293312);
#736=CIRCLE('',#2224,179.368785862103);
#737=CIRCLE('',#2228,184.575829976903);
#738=CIRCLE('',#2229,169.89082796816);
#739=CIRCLE('',#2233,44.4);
#740=CIRCLE('',#2235,44.4);
#741=CIRCLE('',#2237,169.890827939081);
#742=CIRCLE('',#2239,169.890827966264);
#743=CIRCLE('',#2240,184.575829972893);
#744=CIRCLE('',#2244,44.4);
#745=CIRCLE('',#2245,169.890827986905);
#746=CIRCLE('',#2247,44.4);
#747=CIRCLE('',#2250,184.575829982724);
#748=CIRCLE('',#2254,184.575829982731);
#749=CIRCLE('',#2257,184.575829982724);
#750=CIRCLE('',#2261,184.575829982731);
#751=CIRCLE('',#2264,48.4);
#752=CIRCLE('',#2266,48.4);
#753=CIRCLE('',#2268,189.590024858515);
#754=CIRCLE('',#2271,50.2);
#755=CIRCLE('',#2272,182.97638493935);
#756=CIRCLE('',#2274,189.590024867839);
#757=CIRCLE('',#2277,48.4);
#758=CIRCLE('',#2279,48.4);
#759=CIRCLE('',#2281,50.2);
#760=CIRCLE('',#2282,182.976384940573);
#761=CIRCLE('',#2284,189.590024818153);
#762=CIRCLE('',#2288,182.975732133584);
#763=CIRCLE('',#2289,50.2);
#764=CIRCLE('',#2291,50.2);
#765=CIRCLE('',#2292,50.2);
#766=CIRCLE('',#2296,48.4);
#767=CIRCLE('',#2298,48.4);
#768=CIRCLE('',#2300,1.4);
#769=CIRCLE('',#2301,1.4);
#770=CIRCLE('',#2304,1.4);
#771=CIRCLE('',#2305,1.4);
#772=CIRCLE('',#2308,1.4);
#773=CIRCLE('',#2309,1.4);
#774=CIRCLE('',#2312,1.4);
#775=CIRCLE('',#2313,1.4);
#776=CIRCLE('',#2316,50.2);
#777=CIRCLE('',#2317,50.2);
#778=CIRCLE('',#2325,50.2);
#779=CIRCLE('',#2326,50.2);
#780=B_SPLINE_CURVE_WITH_KNOTS('',3,(#2989,#2990,#2991,#2992,#2993,#2994),
 .UNSPECIFIED.,.F.,.F.,(4,2,4),(-0.0740864462262331,-0.0583029110774078,
-0.0386526853487486),.UNSPECIFIED.);
#781=B_SPLINE_CURVE_WITH_KNOTS('',3,(#2996,#2997,#2998,#2999,#3000,#3001),
 .UNSPECIFIED.,.F.,.F.,(4,2,4),(-0.0386526853487486,-0.0164456813246881,
0.),.UNSPECIFIED.);
#782=B_SPLINE_CURVE_WITH_KNOTS('',3,(#3005,#3006,#3007,#3008,#3009,#3010,
#3011,#3012,#3013,#3014,#3015,#3016,#3017,#3018,#3019,#3020),
 .UNSPECIFIED.,.F.,.F.,(4,2,2,2,2,2,2,4),(-0.0427437868161641,-0.0424480899761329,
-0.0419626934605201,-0.0411628000378526,-0.0367888667847095,-0.0250639974628788,
-0.0153281578922602,-0.0109399553725051),.UNSPECIFIED.);
#783=B_SPLINE_CURVE_WITH_KNOTS('',3,(#3022,#3023,#3024,#3025,#3026,#3027,
#3028,#3029,#3030),.UNSPECIFIED.,.F.,.F.,(4,3,2,4),(-0.0109399553725051,
0.,0.01589411101739,0.0219807071090881),.UNSPECIFIED.);
#784=B_SPLINE_CURVE_WITH_KNOTS('',3,(#3039,#3040,#3041,#3042,#3043,#3044),
 .UNSPECIFIED.,.F.,.F.,(4,2,4),(0.,0.0314354303079128,0.043877934571465),
 .UNSPECIFIED.);
#785=B_SPLINE_CURVE_WITH_KNOTS('',3,(#3054,#3055,#3056,#3057,#3058,#3059,
#3060,#3061,#3062,#3063,#3064,#3065),.UNSPECIFIED.,.F.,.F.,(4,2,2,2,2,4),
(0.310135305949165,0.337040948631836,0.35876983305415,0.374782668831952,
0.387702848348183,0.389845887125099),.UNSPECIFIED.);
#786=B_SPLINE_CURVE_WITH_KNOTS('',3,(#3098,#3099,#3100,#3101),
 .UNSPECIFIED.,.F.,.F.,(4,4),(0.699768640209035,0.699975624649841),
 .UNSPECIFIED.);
#787=B_SPLINE_CURVE_WITH_KNOTS('',3,(#3104,#3105,#3106,#3107,#3108,#3109),
 .UNSPECIFIED.,.F.,.F.,(4,2,4),(0.787855242021797,0.800810241191364,0.839801946274184),
 .UNSPECIFIED.);
#788=B_SPLINE_CURVE_WITH_KNOTS('',3,(#3117,#3118,#3119,#3120,#3121,#3122),
 .UNSPECIFIED.,.F.,.F.,(4,2,4),(-2.46540864316486,-1.23270432158244,0.),
 .UNSPECIFIED.);
#789=B_SPLINE_CURVE_WITH_KNOTS('',3,(#3138,#3139,#3140,#3141,#3142,#3143,
#3144,#3145,#3146,#3147,#3148,#3149),.UNSPECIFIED.,.F.,.F.,(4,2,2,2,2,4),
(-1.93499136622209,-1.7816365411338,-1.58367574425585,-1.3857149473779,
-1.18775415049995,-1.18774970503446),.UNSPECIFIED.);
#790=B_SPLINE_CURVE_WITH_KNOTS('',3,(#3157,#3158,#3159,#3160,#3161,#3162,
#3163,#3164,#3165,#3166,#3167),.UNSPECIFIED.,.F.,.F.,(4,2,3,2,4),(-0.395914417312768,
-0.197959404095347,0.,0.197959404095347,0.351306728156367),
 .UNSPECIFIED.);
#791=B_SPLINE_CURVE_WITH_KNOTS('',3,(#3171,#3172,#3173,#3174),
 .UNSPECIFIED.,.F.,.F.,(4,4),(-0.669452018664652,-0.609663800936016),
 .UNSPECIFIED.);
#792=B_SPLINE_CURVE_WITH_KNOTS('',3,(#3178,#3179,#3180,#3181,#3182,#3183,
#3184,#3185),.UNSPECIFIED.,.F.,.F.,(4,2,2,4),(-0.609663800935917,-0.534432055623508,
-0.4592003103111,-0.45850679105706),.UNSPECIFIED.);
#793=B_SPLINE_CURVE_WITH_KNOTS('',3,(#3217,#3218,#3219,#3220,#3221,#3222),
 .UNSPECIFIED.,.F.,.F.,(4,2,4),(-2.55505466807019,-1.27701777957013,0.),
 .UNSPECIFIED.);
#794=B_SPLINE_CURVE_WITH_KNOTS('',3,(#3228,#3229,#3230,#3231),
 .UNSPECIFIED.,.F.,.F.,(4,4),(0.,0.0510815015347661),.UNSPECIFIED.);
#795=B_SPLINE_CURVE_WITH_KNOTS('',3,(#3235,#3236,#3237,#3238,#3239,#3240,
#3241,#3242),.UNSPECIFIED.,.F.,.F.,(4,2,2,4),(1.09091904542926,1.09371530342573,
1.16888749487177,1.24405968631781),.UNSPECIFIED.);
#796=B_SPLINE_CURVE_WITH_KNOTS('',3,(#3250,#3251,#3252,#3253,#3254,#3255,
#3256,#3257),.UNSPECIFIED.,.F.,.F.,(4,2,2,4),(0.607704324220953,0.682965442454749,
0.758226560688545,0.758726911166635),.UNSPECIFIED.);
#797=B_SPLINE_CURVE_WITH_KNOTS('',3,(#3261,#3262,#3263,#3264),
 .UNSPECIFIED.,.F.,.F.,(4,4),(0.556804396497992,0.60770432422105),
 .UNSPECIFIED.);
#798=B_SPLINE_CURVE_WITH_KNOTS('',3,(#3268,#3269,#3270,#3271,#3272,#3273,
#3274,#3275,#3276,#3277,#3278),.UNSPECIFIED.,.F.,.F.,(4,2,3,2,4),(2.77067064218916,
2.96857207989793,3.16647670396125,3.36438132802458,3.50635996282907),
 .UNSPECIFIED.);
#799=B_SPLINE_CURVE_WITH_KNOTS('',3,(#3285,#3286,#3287,#3288,#3289,#3290,
#3291,#3292,#3293,#3294,#3295,#3296),.UNSPECIFIED.,.F.,.F.,(4,2,2,2,2,4),
(1.23201317579616,1.38533273436888,1.58323835198063,1.78114396959237,1.97904958720412,
1.97905281304103),.UNSPECIFIED.);
#800=B_SPLINE_CURVE_WITH_KNOTS('',3,(#3311,#3312,#3313,#3314),
 .UNSPECIFIED.,.F.,.F.,(4,4),(0.,0.481909779972272),.UNSPECIFIED.);
#801=B_SPLINE_CURVE_WITH_KNOTS('',3,(#3335,#3336,#3337,#3338),
 .UNSPECIFIED.,.F.,.F.,(4,4),(0.,0.481909779972272),.UNSPECIFIED.);
#802=B_SPLINE_CURVE_WITH_KNOTS('',3,(#3351,#3352,#3353,#3354),
 .UNSPECIFIED.,.F.,.F.,(4,4),(0.,0.481909779972272),.UNSPECIFIED.);
#803=B_SPLINE_CURVE_WITH_KNOTS('',3,(#3499,#3500,#3501,#3502,#3503,#3504),
 .UNSPECIFIED.,.F.,.F.,(4,2,4),(-0.645144333349303,-0.590392873442648,-0.576144050322897),
 .UNSPECIFIED.);
#804=B_SPLINE_CURVE_WITH_KNOTS('',3,(#3512,#3513,#3514,#3515),
 .UNSPECIFIED.,.F.,.F.,(4,4),(3.39021138219409,3.46814639751387),
 .UNSPECIFIED.);
#805=B_SPLINE_CURVE_WITH_KNOTS('',3,(#3518,#3519,#3520,#3521,#3522,#3523),
 .UNSPECIFIED.,.F.,.F.,(4,2,4),(-1.57929896737043,-1.56400756543711,-1.51031220337847),
 .UNSPECIFIED.);
#806=B_SPLINE_CURVE_WITH_KNOTS('',3,(#3529,#3530,#3531,#3532),
 .UNSPECIFIED.,.F.,.F.,(4,4),(-0.0933383775652616,-0.0389147876089366),
 .UNSPECIFIED.);
#807=B_SPLINE_CURVE_WITH_KNOTS('',3,(#3535,#3536,#3537,#3538,#3539,#3540),
 .UNSPECIFIED.,.F.,.F.,(4,2,4),(0.868834041360352,0.869862188849302,0.938910947365953),
 .UNSPECIFIED.);
#808=B_SPLINE_CURVE_WITH_KNOTS('',3,(#3547,#3548,#3549,#3550,#3551,#3552,
#3553),.UNSPECIFIED.,.F.,.F.,(4,3,4),(1.49457624450134,1.52046321642418,
1.56244018971696),.UNSPECIFIED.);
#809=B_SPLINE_CURVE_WITH_KNOTS('',3,(#3798,#3799,#3800,#3801,#3802,#3803),
 .UNSPECIFIED.,.F.,.F.,(4,2,4),(-2.46540864316489,-1.23270432158247,0.),
 .UNSPECIFIED.);
#810=B_SPLINE_CURVE_WITH_KNOTS('',3,(#3851,#3852,#3853,#3854,#3855,#3856),
 .UNSPECIFIED.,.F.,.F.,(4,2,4),(-2.46540864316485,-1.23270432158243,0.),
 .UNSPECIFIED.);
#811=B_SPLINE_CURVE_WITH_KNOTS('',3,(#3924,#3925,#3926,#3927,#3928,#3929),
 .UNSPECIFIED.,.F.,.F.,(4,2,4),(-2.46540864316497,-1.23270432158247,0.),
 .UNSPECIFIED.);
#812=VERTEX_POINT('',#2987);
#813=VERTEX_POINT('',#2988);
#814=VERTEX_POINT('',#2995);
#815=VERTEX_POINT('',#3002);
#816=VERTEX_POINT('',#3004);
#817=VERTEX_POINT('',#3021);
#818=VERTEX_POINT('',#3033);
#819=VERTEX_POINT('',#3035);
#820=VERTEX_POINT('',#3037);
#821=VERTEX_POINT('',#3046);
#822=VERTEX_POINT('',#3047);
#823=VERTEX_POINT('',#3049);
#824=VERTEX_POINT('',#3051);
#825=VERTEX_POINT('',#3053);
#826=VERTEX_POINT('',#3068);
#827=VERTEX_POINT('',#3070);
#828=VERTEX_POINT('',#3072);
#829=VERTEX_POINT('',#3076);
#830=VERTEX_POINT('',#3078);
#831=VERTEX_POINT('',#3080);
#832=VERTEX_POINT('',#3082);
#833=VERTEX_POINT('',#3086);
#834=VERTEX_POINT('',#3087);
#835=VERTEX_POINT('',#3089);
#836=VERTEX_POINT('',#3093);
#837=VERTEX_POINT('',#3096);
#838=VERTEX_POINT('',#3103);
#839=VERTEX_POINT('',#3112);
#840=VERTEX_POINT('',#3114);
#841=VERTEX_POINT('',#3116);
#842=VERTEX_POINT('',#3123);
#843=VERTEX_POINT('',#3125);
#844=VERTEX_POINT('',#3129);
#845=VERTEX_POINT('',#3131);
#846=VERTEX_POINT('',#3135);
#847=VERTEX_POINT('',#3137);
#848=VERTEX_POINT('',#3150);
#849=VERTEX_POINT('',#3152);
#850=VERTEX_POINT('',#3154);
#851=VERTEX_POINT('',#3156);
#852=VERTEX_POINT('',#3168);
#853=VERTEX_POINT('',#3170);
#854=VERTEX_POINT('',#3175);
#855=VERTEX_POINT('',#3177);
#856=VERTEX_POINT('',#3186);
#857=VERTEX_POINT('',#3188);
#858=VERTEX_POINT('',#3190);
#859=VERTEX_POINT('',#3192);
#860=VERTEX_POINT('',#3194);
#861=VERTEX_POINT('',#3196);
#862=VERTEX_POINT('',#3198);
#863=VERTEX_POINT('',#3202);
#864=VERTEX_POINT('',#3204);
#865=VERTEX_POINT('',#3206);
#866=VERTEX_POINT('',#3210);
#867=VERTEX_POINT('',#3212);
#868=VERTEX_POINT('',#3214);
#869=VERTEX_POINT('',#3216);
#870=VERTEX_POINT('',#3223);
#871=VERTEX_POINT('',#3225);
#872=VERTEX_POINT('',#3227);
#873=VERTEX_POINT('',#3232);
#874=VERTEX_POINT('',#3234);
#875=VERTEX_POINT('',#3243);
#876=VERTEX_POINT('',#3245);
#877=VERTEX_POINT('',#3247);
#878=VERTEX_POINT('',#3249);
#879=VERTEX_POINT('',#3258);
#880=VERTEX_POINT('',#3260);
#881=VERTEX_POINT('',#3265);
#882=VERTEX_POINT('',#3267);
#883=VERTEX_POINT('',#3279);
#884=VERTEX_POINT('',#3281);
#885=VERTEX_POINT('',#3283);
#886=VERTEX_POINT('',#3305);
#887=VERTEX_POINT('',#3306);
#888=VERTEX_POINT('',#3308);
#889=VERTEX_POINT('',#3310);
#890=VERTEX_POINT('',#3315);
#891=VERTEX_POINT('',#3317);
#892=VERTEX_POINT('',#3319);
#893=VERTEX_POINT('',#3321);
#894=VERTEX_POINT('',#3325);
#895=VERTEX_POINT('',#3326);
#896=VERTEX_POINT('',#3328);
#897=VERTEX_POINT('',#3330);
#898=VERTEX_POINT('',#3332);
#899=VERTEX_POINT('',#3334);
#900=VERTEX_POINT('',#3339);
#901=VERTEX_POINT('',#3341);
#902=VERTEX_POINT('',#3345);
#903=VERTEX_POINT('',#3346);
#904=VERTEX_POINT('',#3348);
#905=VERTEX_POINT('',#3350);
#906=VERTEX_POINT('',#3355);
#907=VERTEX_POINT('',#3357);
#908=VERTEX_POINT('',#3359);
#909=VERTEX_POINT('',#3361);
#910=VERTEX_POINT('',#3391);
#911=VERTEX_POINT('',#3393);
#912=VERTEX_POINT('',#3424);
#913=VERTEX_POINT('',#3426);
#914=VERTEX_POINT('',#3457);
#915=VERTEX_POINT('',#3459);
#916=VERTEX_POINT('',#3490);
#917=VERTEX_POINT('',#3492);
#918=VERTEX_POINT('',#3498);
#919=VERTEX_POINT('',#3511);
#920=VERTEX_POINT('',#3516);
#921=VERTEX_POINT('',#3528);
#922=VERTEX_POINT('',#3533);
#923=VERTEX_POINT('',#3546);
#924=VERTEX_POINT('',#3554);
#925=VERTEX_POINT('',#3556);
#926=VERTEX_POINT('',#3558);
#927=VERTEX_POINT('',#3562);
#928=VERTEX_POINT('',#3566);
#929=VERTEX_POINT('',#3578);
#930=VERTEX_POINT('',#3580);
#931=VERTEX_POINT('',#3586);
#932=VERTEX_POINT('',#3588);
#933=VERTEX_POINT('',#3590);
#934=VERTEX_POINT('',#3592);
#935=VERTEX_POINT('',#3594);
#936=VERTEX_POINT('',#3596);
#937=VERTEX_POINT('',#3598);
#938=VERTEX_POINT('',#3600);
#939=VERTEX_POINT('',#3602);
#940=VERTEX_POINT('',#3604);
#941=VERTEX_POINT('',#3606);
#942=VERTEX_POINT('',#3608);
#943=VERTEX_POINT('',#3611);
#944=VERTEX_POINT('',#3613);
#945=VERTEX_POINT('',#3615);
#946=VERTEX_POINT('',#3617);
#947=VERTEX_POINT('',#3619);
#948=VERTEX_POINT('',#3621);
#949=VERTEX_POINT('',#3623);
#950=VERTEX_POINT('',#3625);
#951=VERTEX_POINT('',#3627);
#952=VERTEX_POINT('',#3629);
#953=VERTEX_POINT('',#3631);
#954=VERTEX_POINT('',#3633);
#955=VERTEX_POINT('',#3647);
#956=VERTEX_POINT('',#3649);
#957=VERTEX_POINT('',#3653);
#958=VERTEX_POINT('',#3658);
#959=VERTEX_POINT('',#3660);
#960=VERTEX_POINT('',#3664);
#961=VERTEX_POINT('',#3669);
#962=VERTEX_POINT('',#3671);
#963=VERTEX_POINT('',#3675);
#964=VERTEX_POINT('',#3679);
#965=VERTEX_POINT('',#3681);
#966=VERTEX_POINT('',#3683);
#967=VERTEX_POINT('',#3685);
#968=VERTEX_POINT('',#3689);
#969=VERTEX_POINT('',#3691);
#970=VERTEX_POINT('',#3693);
#971=VERTEX_POINT('',#3695);
#972=VERTEX_POINT('',#3701);
#973=VERTEX_POINT('',#3703);
#974=VERTEX_POINT('',#3705);
#975=VERTEX_POINT('',#3707);
#976=VERTEX_POINT('',#3711);
#977=VERTEX_POINT('',#3715);
#978=VERTEX_POINT('',#3717);
#979=VERTEX_POINT('',#3719);
#980=VERTEX_POINT('',#3723);
#981=VERTEX_POINT('',#3725);
#982=VERTEX_POINT('',#3729);
#983=VERTEX_POINT('',#3733);
#984=VERTEX_POINT('',#3735);
#985=VERTEX_POINT('',#3739);
#986=VERTEX_POINT('',#3741);
#987=VERTEX_POINT('',#3745);
#988=VERTEX_POINT('',#3749);
#989=VERTEX_POINT('',#3751);
#990=VERTEX_POINT('',#3757);
#991=VERTEX_POINT('',#3765);
#992=VERTEX_POINT('',#3775);
#993=VERTEX_POINT('',#3777);
#994=VERTEX_POINT('',#3781);
#995=VERTEX_POINT('',#3791);
#996=VERTEX_POINT('',#3795);
#997=VERTEX_POINT('',#3797);
#998=VERTEX_POINT('',#3804);
#999=VERTEX_POINT('',#3806);
#1000=VERTEX_POINT('',#3816);
#1001=VERTEX_POINT('',#3820);
#1002=VERTEX_POINT('',#3822);
#1003=VERTEX_POINT('',#3827);
#1004=VERTEX_POINT('',#3829);
#1005=VERTEX_POINT('',#3834);
#1006=VERTEX_POINT('',#3836);
#1007=VERTEX_POINT('',#3841);
#1008=VERTEX_POINT('',#3843);
#1009=VERTEX_POINT('',#3848);
#1010=VERTEX_POINT('',#3850);
#1011=VERTEX_POINT('',#3857);
#1012=VERTEX_POINT('',#3859);
#1013=VERTEX_POINT('',#3921);
#1014=VERTEX_POINT('',#3923);
#1015=VERTEX_POINT('',#3930);
#1016=VERTEX_POINT('',#3932);
#1017=EDGE_CURVE('',#812,#813,#780,.T.);
#1018=EDGE_CURVE('',#813,#814,#781,.T.);
#1019=EDGE_CURVE('',#814,#815,#655,.T.);
#1020=EDGE_CURVE('',#815,#816,#782,.T.);
#1021=EDGE_CURVE('',#816,#817,#783,.T.);
#1022=EDGE_CURVE('',#817,#812,#656,.T.);
#1023=EDGE_CURVE('',#818,#817,#141,.T.);
#1024=EDGE_CURVE('',#819,#818,#657,.T.);
#1025=EDGE_CURVE('',#820,#819,#142,.T.);
#1026=EDGE_CURVE('',#812,#820,#784,.T.);
#1027=EDGE_CURVE('',#821,#822,#658,.T.);
#1028=EDGE_CURVE('',#822,#823,#659,.T.);
#1029=EDGE_CURVE('',#823,#824,#660,.T.);
#1030=EDGE_CURVE('',#824,#825,#785,.T.);
#1031=EDGE_CURVE('',#825,#821,#661,.T.);
#1032=EDGE_CURVE('',#822,#826,#143,.F.);
#1033=EDGE_CURVE('',#827,#826,#662,.T.);
#1034=EDGE_CURVE('',#828,#827,#113,.T.);
#1035=EDGE_CURVE('',#823,#828,#144,.T.);
#1036=EDGE_CURVE('',#829,#821,#145,.T.);
#1037=EDGE_CURVE('',#829,#830,#146,.T.);
#1038=EDGE_CURVE('',#830,#831,#147,.T.);
#1039=EDGE_CURVE('',#832,#831,#148,.T.);
#1040=EDGE_CURVE('',#826,#832,#149,.T.);
#1041=EDGE_CURVE('',#833,#834,#150,.T.);
#1042=EDGE_CURVE('',#835,#833,#151,.T.);
#1043=EDGE_CURVE('',#834,#835,#152,.T.);
#1044=EDGE_CURVE('',#834,#836,#663,.T.);
#1045=EDGE_CURVE('',#831,#835,#664,.T.);
#1046=EDGE_CURVE('',#830,#837,#665,.T.);
#1047=EDGE_CURVE('',#836,#837,#786,.T.);
#1048=EDGE_CURVE('',#837,#838,#787,.T.);
#1049=EDGE_CURVE('',#838,#829,#666,.T.);
#1050=EDGE_CURVE('',#839,#833,#667,.T.);
#1051=EDGE_CURVE('',#840,#839,#153,.T.);
#1052=EDGE_CURVE('',#841,#840,#788,.T.);
#1053=EDGE_CURVE('',#842,#841,#668,.T.);
#1054=EDGE_CURVE('',#842,#843,#154,.T.);
#1055=EDGE_CURVE('',#835,#843,#669,.T.);
#1056=EDGE_CURVE('',#836,#844,#114,.T.);
#1057=EDGE_CURVE('',#844,#845,#670,.T.);
#1058=EDGE_CURVE('',#845,#839,#671,.T.);
#1059=EDGE_CURVE('',#846,#817,#672,.T.);
#1060=EDGE_CURVE('',#846,#847,#789,.T.);
#1061=EDGE_CURVE('',#847,#848,#115,.T.);
#1062=EDGE_CURVE('',#848,#849,#673,.T.);
#1063=EDGE_CURVE('',#849,#850,#116,.T.);
#1064=EDGE_CURVE('',#850,#851,#790,.T.);
#1065=EDGE_CURVE('',#852,#851,#674,.T.);
#1066=EDGE_CURVE('',#852,#853,#791,.T.);
#1067=EDGE_CURVE('',#853,#854,#155,.T.);
#1068=EDGE_CURVE('',#854,#855,#792,.T.);
#1069=EDGE_CURVE('',#855,#856,#117,.T.);
#1070=EDGE_CURVE('',#856,#857,#675,.T.);
#1071=EDGE_CURVE('',#857,#858,#118,.T.);
#1072=EDGE_CURVE('',#858,#859,#156,.T.);
#1073=EDGE_CURVE('',#860,#859,#676,.T.);
#1074=EDGE_CURVE('',#861,#860,#119,.T.);
#1075=EDGE_CURVE('',#861,#862,#157,.T.);
#1076=EDGE_CURVE('',#862,#818,#677,.T.);
#1077=EDGE_CURVE('',#812,#863,#678,.T.);
#1078=EDGE_CURVE('',#819,#864,#679,.T.);
#1079=EDGE_CURVE('',#864,#865,#158,.T.);
#1080=EDGE_CURVE('',#863,#865,#120,.T.);
#1081=EDGE_CURVE('',#832,#866,#680,.F.);
#1082=EDGE_CURVE('',#866,#867,#159,.T.);
#1083=EDGE_CURVE('',#867,#868,#681,.T.);
#1084=EDGE_CURVE('',#868,#869,#793,.T.);
#1085=EDGE_CURVE('',#869,#870,#160,.T.);
#1086=EDGE_CURVE('',#871,#870,#682,.F.);
#1087=EDGE_CURVE('',#871,#872,#794,.F.);
#1088=EDGE_CURVE('',#872,#873,#161,.F.);
#1089=EDGE_CURVE('',#873,#874,#795,.F.);
#1090=EDGE_CURVE('',#874,#875,#121,.F.);
#1091=EDGE_CURVE('',#875,#876,#683,.F.);
#1092=EDGE_CURVE('',#876,#877,#122,.F.);
#1093=EDGE_CURVE('',#877,#878,#796,.F.);
#1094=EDGE_CURVE('',#878,#879,#162,.F.);
#1095=EDGE_CURVE('',#879,#880,#797,.F.);
#1096=EDGE_CURVE('',#881,#880,#684,.F.);
#1097=EDGE_CURVE('',#881,#882,#798,.F.);
#1098=EDGE_CURVE('',#882,#883,#123,.F.);
#1099=EDGE_CURVE('',#883,#884,#685,.F.);
#1100=EDGE_CURVE('',#884,#885,#124,.F.);
#1101=EDGE_CURVE('',#885,#824,#799,.F.);
#1102=EDGE_CURVE('',#844,#838,#163,.T.);
#1103=EDGE_CURVE('',#886,#887,#164,.T.);
#1104=EDGE_CURVE('',#887,#888,#686,.T.);
#1105=EDGE_CURVE('',#888,#889,#800,.T.);
#1106=EDGE_CURVE('',#889,#890,#165,.T.);
#1107=EDGE_CURVE('',#891,#890,#687,.T.);
#1108=EDGE_CURVE('',#892,#891,#125,.T.);
#1109=EDGE_CURVE('',#892,#893,#166,.T.);
#1110=EDGE_CURVE('',#893,#886,#688,.T.);
#1111=EDGE_CURVE('',#894,#895,#167,.T.);
#1112=EDGE_CURVE('',#895,#896,#689,.T.);
#1113=EDGE_CURVE('',#896,#897,#168,.T.);
#1114=EDGE_CURVE('',#897,#898,#690,.T.);
#1115=EDGE_CURVE('',#898,#899,#801,.T.);
#1116=EDGE_CURVE('',#899,#900,#169,.T.);
#1117=EDGE_CURVE('',#901,#900,#691,.T.);
#1118=EDGE_CURVE('',#894,#901,#126,.T.);
#1119=EDGE_CURVE('',#902,#903,#170,.T.);
#1120=EDGE_CURVE('',#903,#904,#692,.T.);
#1121=EDGE_CURVE('',#904,#905,#802,.T.);
#1122=EDGE_CURVE('',#905,#906,#171,.T.);
#1123=EDGE_CURVE('',#907,#906,#693,.T.);
#1124=EDGE_CURVE('',#908,#907,#127,.T.);
#1125=EDGE_CURVE('',#908,#909,#172,.T.);
#1126=EDGE_CURVE('',#909,#902,#694,.T.);
#1127=EDGE_CURVE('',#910,#910,#695,.T.);
#1128=EDGE_CURVE('',#910,#911,#696,.T.);
#1129=EDGE_CURVE('',#911,#911,#697,.T.);
#1130=EDGE_CURVE('',#912,#912,#698,.T.);
#1131=EDGE_CURVE('',#912,#913,#699,.T.);
#1132=EDGE_CURVE('',#913,#913,#700,.T.);
#1133=EDGE_CURVE('',#914,#914,#701,.T.);
#1134=EDGE_CURVE('',#914,#915,#702,.T.);
#1135=EDGE_CURVE('',#915,#915,#703,.T.);
#1136=EDGE_CURVE('',#916,#916,#704,.T.);
#1137=EDGE_CURVE('',#916,#917,#705,.T.);
#1138=EDGE_CURVE('',#917,#917,#706,.T.);
#1139=EDGE_CURVE('',#847,#885,#173,.T.);
#1140=EDGE_CURVE('',#918,#846,#803,.T.);
#1141=EDGE_CURVE('',#825,#918,#174,.T.);
#1142=EDGE_CURVE('',#849,#883,#175,.T.);
#1143=EDGE_CURVE('',#848,#884,#176,.T.);
#1144=EDGE_CURVE('',#919,#881,#804,.T.);
#1145=EDGE_CURVE('',#920,#919,#177,.T.);
#1146=EDGE_CURVE('',#851,#920,#805,.T.);
#1147=EDGE_CURVE('',#850,#882,#178,.T.);
#1148=EDGE_CURVE('',#853,#879,#179,.T.);
#1149=EDGE_CURVE('',#921,#852,#806,.T.);
#1150=EDGE_CURVE('',#922,#921,#180,.T.);
#1151=EDGE_CURVE('',#880,#922,#807,.T.);
#1152=EDGE_CURVE('',#854,#878,#181,.T.);
#1153=EDGE_CURVE('',#855,#877,#182,.T.);
#1154=EDGE_CURVE('',#923,#871,#808,.F.);
#1155=EDGE_CURVE('',#924,#923,#183,.T.);
#1156=EDGE_CURVE('',#925,#924,#707,.T.);
#1157=EDGE_CURVE('',#926,#925,#708,.T.);
#1158=EDGE_CURVE('',#926,#872,#184,.T.);
#1159=EDGE_CURVE('',#927,#926,#185,.T.);
#1160=EDGE_CURVE('',#927,#873,#186,.T.);
#1161=EDGE_CURVE('',#928,#927,#709,.T.);
#1162=EDGE_CURVE('',#928,#874,#187,.T.);
#1163=EDGE_CURVE('',#928,#858,#188,.T.);
#1164=EDGE_CURVE('',#857,#875,#189,.T.);
#1165=EDGE_CURVE('',#856,#876,#190,.T.);
#1166=EDGE_CURVE('',#859,#925,#710,.T.);
#1167=EDGE_CURVE('',#929,#870,#191,.T.);
#1168=EDGE_CURVE('',#930,#929,#711,.T.);
#1169=EDGE_CURVE('',#930,#923,#712,.T.);
#1170=EDGE_CURVE('',#922,#919,#713,.T.);
#1171=EDGE_CURVE('',#931,#814,#714,.T.);
#1172=EDGE_CURVE('',#932,#931,#192,.T.);
#1173=EDGE_CURVE('',#933,#932,#715,.T.);
#1174=EDGE_CURVE('',#934,#933,#193,.T.);
#1175=EDGE_CURVE('',#935,#934,#716,.T.);
#1176=EDGE_CURVE('',#936,#935,#194,.T.);
#1177=EDGE_CURVE('',#937,#936,#717,.T.);
#1178=EDGE_CURVE('',#938,#937,#195,.T.);
#1179=EDGE_CURVE('',#939,#938,#718,.T.);
#1180=EDGE_CURVE('',#940,#939,#196,.T.);
#1181=EDGE_CURVE('',#941,#940,#719,.T.);
#1182=EDGE_CURVE('',#942,#941,#197,.T.);
#1183=EDGE_CURVE('',#924,#942,#720,.T.);
#1184=EDGE_CURVE('',#943,#930,#198,.T.);
#1185=EDGE_CURVE('',#944,#943,#721,.T.);
#1186=EDGE_CURVE('',#945,#944,#199,.T.);
#1187=EDGE_CURVE('',#946,#945,#722,.T.);
#1188=EDGE_CURVE('',#947,#946,#200,.T.);
#1189=EDGE_CURVE('',#948,#947,#723,.T.);
#1190=EDGE_CURVE('',#949,#948,#201,.T.);
#1191=EDGE_CURVE('',#950,#949,#724,.T.);
#1192=EDGE_CURVE('',#951,#950,#202,.T.);
#1193=EDGE_CURVE('',#952,#951,#725,.T.);
#1194=EDGE_CURVE('',#953,#952,#203,.T.);
#1195=EDGE_CURVE('',#954,#953,#726,.T.);
#1196=EDGE_CURVE('',#845,#954,#204,.T.);
#1197=EDGE_CURVE('',#815,#918,#727,.T.);
#1198=EDGE_CURVE('',#920,#921,#728,.T.);
#1199=EDGE_CURVE('',#860,#942,#729,.T.);
#1200=EDGE_CURVE('',#931,#863,#730,.T.);
#1201=EDGE_CURVE('',#891,#945,#731,.T.);
#1202=EDGE_CURVE('',#944,#955,#732,.F.);
#1203=EDGE_CURVE('',#955,#956,#128,.F.);
#1204=EDGE_CURVE('',#956,#892,#205,.T.);
#1205=EDGE_CURVE('',#956,#957,#206,.T.);
#1206=EDGE_CURVE('',#893,#957,#207,.T.);
#1207=EDGE_CURVE('',#901,#953,#733,.T.);
#1208=EDGE_CURVE('',#952,#958,#734,.F.);
#1209=EDGE_CURVE('',#958,#959,#129,.F.);
#1210=EDGE_CURVE('',#959,#894,#208,.T.);
#1211=EDGE_CURVE('',#959,#960,#209,.T.);
#1212=EDGE_CURVE('',#895,#960,#210,.T.);
#1213=EDGE_CURVE('',#907,#949,#735,.T.);
#1214=EDGE_CURVE('',#948,#961,#736,.F.);
#1215=EDGE_CURVE('',#961,#962,#130,.F.);
#1216=EDGE_CURVE('',#962,#908,#211,.T.);
#1217=EDGE_CURVE('',#962,#963,#212,.T.);
#1218=EDGE_CURVE('',#909,#963,#213,.T.);
#1219=EDGE_CURVE('',#936,#964,#737,.T.);
#1220=EDGE_CURVE('',#935,#965,#738,.T.);
#1221=EDGE_CURVE('',#965,#966,#131,.T.);
#1222=EDGE_CURVE('',#966,#967,#214,.T.);
#1223=EDGE_CURVE('',#964,#967,#132,.T.);
#1224=EDGE_CURVE('',#968,#965,#739,.T.);
#1225=EDGE_CURVE('',#969,#968,#133,.T.);
#1226=EDGE_CURVE('',#969,#970,#215,.T.);
#1227=EDGE_CURVE('',#970,#971,#740,.T.);
#1228=EDGE_CURVE('',#971,#966,#216,.T.);
#1229=EDGE_CURVE('',#968,#934,#741,.T.);
#1230=EDGE_CURVE('',#972,#938,#742,.T.);
#1231=EDGE_CURVE('',#937,#973,#743,.F.);
#1232=EDGE_CURVE('',#973,#974,#134,.F.);
#1233=EDGE_CURVE('',#974,#975,#217,.T.);
#1234=EDGE_CURVE('',#975,#972,#135,.T.);
#1235=EDGE_CURVE('',#972,#976,#744,.T.);
#1236=EDGE_CURVE('',#939,#976,#745,.T.);
#1237=EDGE_CURVE('',#975,#977,#218,.T.);
#1238=EDGE_CURVE('',#977,#978,#746,.T.);
#1239=EDGE_CURVE('',#978,#979,#219,.T.);
#1240=EDGE_CURVE('',#976,#979,#136,.T.);
#1241=EDGE_CURVE('',#933,#980,#747,.F.);
#1242=EDGE_CURVE('',#980,#981,#137,.F.);
#1243=EDGE_CURVE('',#981,#969,#220,.T.);
#1244=EDGE_CURVE('',#981,#982,#221,.T.);
#1245=EDGE_CURVE('',#970,#982,#222,.T.);
#1246=EDGE_CURVE('',#932,#983,#748,.T.);
#1247=EDGE_CURVE('',#865,#984,#223,.T.);
#1248=EDGE_CURVE('',#983,#984,#138,.T.);
#1249=EDGE_CURVE('',#941,#985,#749,.F.);
#1250=EDGE_CURVE('',#985,#986,#139,.F.);
#1251=EDGE_CURVE('',#986,#861,#224,.T.);
#1252=EDGE_CURVE('',#986,#987,#225,.T.);
#1253=EDGE_CURVE('',#862,#987,#226,.T.);
#1254=EDGE_CURVE('',#940,#988,#750,.T.);
#1255=EDGE_CURVE('',#979,#989,#227,.T.);
#1256=EDGE_CURVE('',#988,#989,#140,.T.);
#1257=EDGE_CURVE('',#983,#980,#751,.F.);
#1258=EDGE_CURVE('',#984,#990,#228,.T.);
#1259=EDGE_CURVE('',#982,#990,#752,.T.);
#1260=EDGE_CURVE('',#954,#900,#753,.T.);
#1261=EDGE_CURVE('',#900,#839,#229,.T.);
#1262=EDGE_CURVE('',#991,#958,#754,.T.);
#1263=EDGE_CURVE('',#951,#991,#755,.T.);
#1264=EDGE_CURVE('',#950,#906,#756,.T.);
#1265=EDGE_CURVE('',#906,#991,#230,.T.);
#1266=EDGE_CURVE('',#964,#973,#757,.F.);
#1267=EDGE_CURVE('',#967,#992,#231,.T.);
#1268=EDGE_CURVE('',#993,#992,#758,.T.);
#1269=EDGE_CURVE('',#974,#993,#232,.T.);
#1270=EDGE_CURVE('',#994,#961,#759,.T.);
#1271=EDGE_CURVE('',#947,#994,#760,.T.);
#1272=EDGE_CURVE('',#946,#890,#761,.T.);
#1273=EDGE_CURVE('',#890,#994,#233,.T.);
#1274=EDGE_CURVE('',#977,#993,#234,.T.);
#1275=EDGE_CURVE('',#943,#995,#762,.F.);
#1276=EDGE_CURVE('',#995,#955,#763,.T.);
#1277=EDGE_CURVE('',#996,#995,#235,.T.);
#1278=EDGE_CURVE('',#997,#996,#809,.T.);
#1279=EDGE_CURVE('',#998,#997,#764,.T.);
#1280=EDGE_CURVE('',#998,#999,#236,.T.);
#1281=EDGE_CURVE('',#957,#999,#765,.T.);
#1282=EDGE_CURVE('',#929,#995,#237,.T.);
#1283=EDGE_CURVE('',#990,#864,#238,.T.);
#1284=EDGE_CURVE('',#988,#985,#766,.F.);
#1285=EDGE_CURVE('',#989,#1000,#239,.T.);
#1286=EDGE_CURVE('',#987,#1000,#767,.T.);
#1287=EDGE_CURVE('',#1001,#1001,#768,.T.);
#1288=EDGE_CURVE('',#1001,#1002,#240,.T.);
#1289=EDGE_CURVE('',#1002,#1002,#769,.F.);
#1290=EDGE_CURVE('',#1003,#1003,#770,.T.);
#1291=EDGE_CURVE('',#1003,#1004,#241,.T.);
#1292=EDGE_CURVE('',#1004,#1004,#771,.F.);
#1293=EDGE_CURVE('',#1005,#1005,#772,.T.);
#1294=EDGE_CURVE('',#1005,#1006,#242,.T.);
#1295=EDGE_CURVE('',#1006,#1006,#773,.F.);
#1296=EDGE_CURVE('',#1007,#1007,#774,.T.);
#1297=EDGE_CURVE('',#1007,#1008,#243,.T.);
#1298=EDGE_CURVE('',#1008,#1008,#775,.F.);
#1299=EDGE_CURVE('',#1009,#994,#244,.T.);
#1300=EDGE_CURVE('',#1010,#1009,#810,.T.);
#1301=EDGE_CURVE('',#1011,#1010,#776,.T.);
#1302=EDGE_CURVE('',#1011,#1012,#245,.T.);
#1303=EDGE_CURVE('',#963,#1012,#777,.T.);
#1304=EDGE_CURVE('',#1009,#889,#246,.T.);
#1305=EDGE_CURVE('',#1010,#888,#247,.T.);
#1306=EDGE_CURVE('',#1011,#887,#248,.T.);
#1307=EDGE_CURVE('',#1012,#886,#249,.T.);
#1308=EDGE_CURVE('',#996,#869,#250,.T.);
#1309=EDGE_CURVE('',#997,#868,#251,.T.);
#1310=EDGE_CURVE('',#998,#867,#252,.T.);
#1311=EDGE_CURVE('',#999,#866,#253,.T.);
#1312=EDGE_CURVE('',#1013,#991,#254,.T.);
#1313=EDGE_CURVE('',#1014,#1013,#811,.T.);
#1314=EDGE_CURVE('',#1015,#1014,#778,.T.);
#1315=EDGE_CURVE('',#1015,#1016,#255,.T.);
#1316=EDGE_CURVE('',#960,#1016,#779,.T.);
#1317=EDGE_CURVE('',#1013,#905,#256,.T.);
#1318=EDGE_CURVE('',#1014,#904,#257,.T.);
#1319=EDGE_CURVE('',#1015,#903,#258,.T.);
#1320=EDGE_CURVE('',#1016,#902,#259,.T.);
#1321=EDGE_CURVE('',#840,#899,#260,.T.);
#1322=EDGE_CURVE('',#841,#898,#261,.T.);
#1323=EDGE_CURVE('',#842,#897,#262,.T.);
#1324=EDGE_CURVE('',#843,#896,#263,.T.);
#1325=EDGE_CURVE('',#1000,#978,#264,.T.);
#1326=EDGE_CURVE('',#992,#971,#265,.T.);
#1327=ORIENTED_EDGE('',*,*,#1017,.T.);
#1328=ORIENTED_EDGE('',*,*,#1018,.T.);
#1329=ORIENTED_EDGE('',*,*,#1019,.T.);
#1330=ORIENTED_EDGE('',*,*,#1020,.T.);
#1331=ORIENTED_EDGE('',*,*,#1021,.T.);
#1332=ORIENTED_EDGE('',*,*,#1022,.T.);
#1333=ORIENTED_EDGE('',*,*,#1022,.F.);
#1334=ORIENTED_EDGE('',*,*,#1023,.F.);
#1335=ORIENTED_EDGE('',*,*,#1024,.F.);
#1336=ORIENTED_EDGE('',*,*,#1025,.F.);
#1337=ORIENTED_EDGE('',*,*,#1026,.F.);
#1338=ORIENTED_EDGE('',*,*,#1027,.T.);
#1339=ORIENTED_EDGE('',*,*,#1028,.T.);
#1340=ORIENTED_EDGE('',*,*,#1029,.T.);
#1341=ORIENTED_EDGE('',*,*,#1030,.T.);
#1342=ORIENTED_EDGE('',*,*,#1031,.T.);
#1343=ORIENTED_EDGE('',*,*,#1028,.F.);
#1344=ORIENTED_EDGE('',*,*,#1032,.T.);
#1345=ORIENTED_EDGE('',*,*,#1033,.F.);
#1346=ORIENTED_EDGE('',*,*,#1034,.F.);
#1347=ORIENTED_EDGE('',*,*,#1035,.F.);
#1348=ORIENTED_EDGE('',*,*,#1027,.F.);
#1349=ORIENTED_EDGE('',*,*,#1036,.F.);
#1350=ORIENTED_EDGE('',*,*,#1037,.T.);
#1351=ORIENTED_EDGE('',*,*,#1038,.T.);
#1352=ORIENTED_EDGE('',*,*,#1039,.F.);
#1353=ORIENTED_EDGE('',*,*,#1040,.F.);
#1354=ORIENTED_EDGE('',*,*,#1032,.F.);
#1355=ORIENTED_EDGE('',*,*,#1041,.F.);
#1356=ORIENTED_EDGE('',*,*,#1042,.F.);
#1357=ORIENTED_EDGE('',*,*,#1043,.F.);
#1358=ORIENTED_EDGE('',*,*,#1044,.F.);
#1359=ORIENTED_EDGE('',*,*,#1043,.T.);
#1360=ORIENTED_EDGE('',*,*,#1045,.F.);
#1361=ORIENTED_EDGE('',*,*,#1038,.F.);
#1362=ORIENTED_EDGE('',*,*,#1046,.T.);
#1363=ORIENTED_EDGE('',*,*,#1047,.F.);
#1364=ORIENTED_EDGE('',*,*,#1048,.F.);
#1365=ORIENTED_EDGE('',*,*,#1046,.F.);
#1366=ORIENTED_EDGE('',*,*,#1037,.F.);
#1367=ORIENTED_EDGE('',*,*,#1049,.F.);
#1368=ORIENTED_EDGE('',*,*,#1042,.T.);
#1369=ORIENTED_EDGE('',*,*,#1050,.F.);
#1370=ORIENTED_EDGE('',*,*,#1051,.F.);
#1371=ORIENTED_EDGE('',*,*,#1052,.F.);
#1372=ORIENTED_EDGE('',*,*,#1053,.F.);
#1373=ORIENTED_EDGE('',*,*,#1054,.T.);
#1374=ORIENTED_EDGE('',*,*,#1055,.F.);
#1375=ORIENTED_EDGE('',*,*,#1041,.T.);
#1376=ORIENTED_EDGE('',*,*,#1044,.T.);
#1377=ORIENTED_EDGE('',*,*,#1056,.T.);
#1378=ORIENTED_EDGE('',*,*,#1057,.T.);
#1379=ORIENTED_EDGE('',*,*,#1058,.T.);
#1380=ORIENTED_EDGE('',*,*,#1050,.T.);
#1381=ORIENTED_EDGE('',*,*,#1023,.T.);
#1382=ORIENTED_EDGE('',*,*,#1059,.F.);
#1383=ORIENTED_EDGE('',*,*,#1060,.T.);
#1384=ORIENTED_EDGE('',*,*,#1061,.T.);
#1385=ORIENTED_EDGE('',*,*,#1062,.T.);
#1386=ORIENTED_EDGE('',*,*,#1063,.T.);
#1387=ORIENTED_EDGE('',*,*,#1064,.T.);
#1388=ORIENTED_EDGE('',*,*,#1065,.F.);
#1389=ORIENTED_EDGE('',*,*,#1066,.T.);
#1390=ORIENTED_EDGE('',*,*,#1067,.T.);
#1391=ORIENTED_EDGE('',*,*,#1068,.T.);
#1392=ORIENTED_EDGE('',*,*,#1069,.T.);
#1393=ORIENTED_EDGE('',*,*,#1070,.T.);
#1394=ORIENTED_EDGE('',*,*,#1071,.T.);
#1395=ORIENTED_EDGE('',*,*,#1072,.T.);
#1396=ORIENTED_EDGE('',*,*,#1073,.F.);
#1397=ORIENTED_EDGE('',*,*,#1074,.F.);
#1398=ORIENTED_EDGE('',*,*,#1075,.T.);
#1399=ORIENTED_EDGE('',*,*,#1076,.T.);
#1400=ORIENTED_EDGE('',*,*,#1077,.F.);
#1401=ORIENTED_EDGE('',*,*,#1026,.T.);
#1402=ORIENTED_EDGE('',*,*,#1025,.T.);
#1403=ORIENTED_EDGE('',*,*,#1078,.T.);
#1404=ORIENTED_EDGE('',*,*,#1079,.T.);
#1405=ORIENTED_EDGE('',*,*,#1080,.F.);
#1406=ORIENTED_EDGE('',*,*,#1029,.F.);
#1407=ORIENTED_EDGE('',*,*,#1035,.T.);
#1408=ORIENTED_EDGE('',*,*,#1034,.T.);
#1409=ORIENTED_EDGE('',*,*,#1033,.T.);
#1410=ORIENTED_EDGE('',*,*,#1040,.T.);
#1411=ORIENTED_EDGE('',*,*,#1081,.T.);
#1412=ORIENTED_EDGE('',*,*,#1082,.T.);
#1413=ORIENTED_EDGE('',*,*,#1083,.T.);
#1414=ORIENTED_EDGE('',*,*,#1084,.T.);
#1415=ORIENTED_EDGE('',*,*,#1085,.T.);
#1416=ORIENTED_EDGE('',*,*,#1086,.F.);
#1417=ORIENTED_EDGE('',*,*,#1087,.T.);
#1418=ORIENTED_EDGE('',*,*,#1088,.T.);
#1419=ORIENTED_EDGE('',*,*,#1089,.T.);
#1420=ORIENTED_EDGE('',*,*,#1090,.T.);
#1421=ORIENTED_EDGE('',*,*,#1091,.T.);
#1422=ORIENTED_EDGE('',*,*,#1092,.T.);
#1423=ORIENTED_EDGE('',*,*,#1093,.T.);
#1424=ORIENTED_EDGE('',*,*,#1094,.T.);
#1425=ORIENTED_EDGE('',*,*,#1095,.T.);
#1426=ORIENTED_EDGE('',*,*,#1096,.F.);
#1427=ORIENTED_EDGE('',*,*,#1097,.T.);
#1428=ORIENTED_EDGE('',*,*,#1098,.T.);
#1429=ORIENTED_EDGE('',*,*,#1099,.T.);
#1430=ORIENTED_EDGE('',*,*,#1100,.T.);
#1431=ORIENTED_EDGE('',*,*,#1101,.T.);
#1432=ORIENTED_EDGE('',*,*,#1048,.T.);
#1433=ORIENTED_EDGE('',*,*,#1102,.F.);
#1434=ORIENTED_EDGE('',*,*,#1056,.F.);
#1435=ORIENTED_EDGE('',*,*,#1047,.T.);
#1436=ORIENTED_EDGE('',*,*,#1103,.T.);
#1437=ORIENTED_EDGE('',*,*,#1104,.T.);
#1438=ORIENTED_EDGE('',*,*,#1105,.T.);
#1439=ORIENTED_EDGE('',*,*,#1106,.T.);
#1440=ORIENTED_EDGE('',*,*,#1107,.F.);
#1441=ORIENTED_EDGE('',*,*,#1108,.F.);
#1442=ORIENTED_EDGE('',*,*,#1109,.T.);
#1443=ORIENTED_EDGE('',*,*,#1110,.T.);
#1444=ORIENTED_EDGE('',*,*,#1111,.T.);
#1445=ORIENTED_EDGE('',*,*,#1112,.T.);
#1446=ORIENTED_EDGE('',*,*,#1113,.T.);
#1447=ORIENTED_EDGE('',*,*,#1114,.T.);
#1448=ORIENTED_EDGE('',*,*,#1115,.T.);
#1449=ORIENTED_EDGE('',*,*,#1116,.T.);
#1450=ORIENTED_EDGE('',*,*,#1117,.F.);
#1451=ORIENTED_EDGE('',*,*,#1118,.F.);
#1452=ORIENTED_EDGE('',*,*,#1119,.T.);
#1453=ORIENTED_EDGE('',*,*,#1120,.T.);
#1454=ORIENTED_EDGE('',*,*,#1121,.T.);
#1455=ORIENTED_EDGE('',*,*,#1122,.T.);
#1456=ORIENTED_EDGE('',*,*,#1123,.F.);
#1457=ORIENTED_EDGE('',*,*,#1124,.F.);
#1458=ORIENTED_EDGE('',*,*,#1125,.T.);
#1459=ORIENTED_EDGE('',*,*,#1126,.T.);
#1460=ORIENTED_EDGE('',*,*,#1127,.F.);
#1461=ORIENTED_EDGE('',*,*,#1128,.T.);
#1462=ORIENTED_EDGE('',*,*,#1129,.T.);
#1463=ORIENTED_EDGE('',*,*,#1128,.F.);
#1464=ORIENTED_EDGE('',*,*,#1129,.F.);
#1465=ORIENTED_EDGE('',*,*,#1130,.F.);
#1466=ORIENTED_EDGE('',*,*,#1131,.T.);
#1467=ORIENTED_EDGE('',*,*,#1132,.T.);
#1468=ORIENTED_EDGE('',*,*,#1131,.F.);
#1469=ORIENTED_EDGE('',*,*,#1132,.F.);
#1470=ORIENTED_EDGE('',*,*,#1133,.F.);
#1471=ORIENTED_EDGE('',*,*,#1134,.T.);
#1472=ORIENTED_EDGE('',*,*,#1135,.T.);
#1473=ORIENTED_EDGE('',*,*,#1134,.F.);
#1474=ORIENTED_EDGE('',*,*,#1135,.F.);
#1475=ORIENTED_EDGE('',*,*,#1136,.F.);
#1476=ORIENTED_EDGE('',*,*,#1137,.T.);
#1477=ORIENTED_EDGE('',*,*,#1138,.T.);
#1478=ORIENTED_EDGE('',*,*,#1137,.F.);
#1479=ORIENTED_EDGE('',*,*,#1138,.F.);
#1480=ORIENTED_EDGE('',*,*,#1030,.F.);
#1481=ORIENTED_EDGE('',*,*,#1101,.F.);
#1482=ORIENTED_EDGE('',*,*,#1139,.F.);
#1483=ORIENTED_EDGE('',*,*,#1060,.F.);
#1484=ORIENTED_EDGE('',*,*,#1140,.F.);
#1485=ORIENTED_EDGE('',*,*,#1141,.F.);
#1486=ORIENTED_EDGE('',*,*,#1099,.F.);
#1487=ORIENTED_EDGE('',*,*,#1142,.F.);
#1488=ORIENTED_EDGE('',*,*,#1062,.F.);
#1489=ORIENTED_EDGE('',*,*,#1143,.T.);
#1490=ORIENTED_EDGE('',*,*,#1100,.F.);
#1491=ORIENTED_EDGE('',*,*,#1143,.F.);
#1492=ORIENTED_EDGE('',*,*,#1061,.F.);
#1493=ORIENTED_EDGE('',*,*,#1139,.T.);
#1494=ORIENTED_EDGE('',*,*,#1097,.F.);
#1495=ORIENTED_EDGE('',*,*,#1144,.F.);
#1496=ORIENTED_EDGE('',*,*,#1145,.F.);
#1497=ORIENTED_EDGE('',*,*,#1146,.F.);
#1498=ORIENTED_EDGE('',*,*,#1064,.F.);
#1499=ORIENTED_EDGE('',*,*,#1147,.T.);
#1500=ORIENTED_EDGE('',*,*,#1098,.F.);
#1501=ORIENTED_EDGE('',*,*,#1147,.F.);
#1502=ORIENTED_EDGE('',*,*,#1063,.F.);
#1503=ORIENTED_EDGE('',*,*,#1142,.T.);
#1504=ORIENTED_EDGE('',*,*,#1095,.F.);
#1505=ORIENTED_EDGE('',*,*,#1148,.F.);
#1506=ORIENTED_EDGE('',*,*,#1066,.F.);
#1507=ORIENTED_EDGE('',*,*,#1149,.F.);
#1508=ORIENTED_EDGE('',*,*,#1150,.F.);
#1509=ORIENTED_EDGE('',*,*,#1151,.F.);
#1510=ORIENTED_EDGE('',*,*,#1094,.F.);
#1511=ORIENTED_EDGE('',*,*,#1152,.F.);
#1512=ORIENTED_EDGE('',*,*,#1067,.F.);
#1513=ORIENTED_EDGE('',*,*,#1148,.T.);
#1514=ORIENTED_EDGE('',*,*,#1093,.F.);
#1515=ORIENTED_EDGE('',*,*,#1153,.F.);
#1516=ORIENTED_EDGE('',*,*,#1068,.F.);
#1517=ORIENTED_EDGE('',*,*,#1152,.T.);
#1518=ORIENTED_EDGE('',*,*,#1087,.F.);
#1519=ORIENTED_EDGE('',*,*,#1154,.F.);
#1520=ORIENTED_EDGE('',*,*,#1155,.F.);
#1521=ORIENTED_EDGE('',*,*,#1156,.F.);
#1522=ORIENTED_EDGE('',*,*,#1157,.F.);
#1523=ORIENTED_EDGE('',*,*,#1158,.T.);
#1524=ORIENTED_EDGE('',*,*,#1088,.F.);
#1525=ORIENTED_EDGE('',*,*,#1158,.F.);
#1526=ORIENTED_EDGE('',*,*,#1159,.F.);
#1527=ORIENTED_EDGE('',*,*,#1160,.T.);
#1528=ORIENTED_EDGE('',*,*,#1089,.F.);
#1529=ORIENTED_EDGE('',*,*,#1160,.F.);
#1530=ORIENTED_EDGE('',*,*,#1161,.F.);
#1531=ORIENTED_EDGE('',*,*,#1162,.T.);
#1532=ORIENTED_EDGE('',*,*,#1090,.F.);
#1533=ORIENTED_EDGE('',*,*,#1162,.F.);
#1534=ORIENTED_EDGE('',*,*,#1163,.T.);
#1535=ORIENTED_EDGE('',*,*,#1071,.F.);
#1536=ORIENTED_EDGE('',*,*,#1164,.T.);
#1537=ORIENTED_EDGE('',*,*,#1091,.F.);
#1538=ORIENTED_EDGE('',*,*,#1164,.F.);
#1539=ORIENTED_EDGE('',*,*,#1070,.F.);
#1540=ORIENTED_EDGE('',*,*,#1165,.T.);
#1541=ORIENTED_EDGE('',*,*,#1092,.F.);
#1542=ORIENTED_EDGE('',*,*,#1165,.F.);
#1543=ORIENTED_EDGE('',*,*,#1069,.F.);
#1544=ORIENTED_EDGE('',*,*,#1153,.T.);
#1545=ORIENTED_EDGE('',*,*,#1166,.F.);
#1546=ORIENTED_EDGE('',*,*,#1072,.F.);
#1547=ORIENTED_EDGE('',*,*,#1163,.F.);
#1548=ORIENTED_EDGE('',*,*,#1161,.T.);
#1549=ORIENTED_EDGE('',*,*,#1159,.T.);
#1550=ORIENTED_EDGE('',*,*,#1157,.T.);
#1551=ORIENTED_EDGE('',*,*,#1154,.T.);
#1552=ORIENTED_EDGE('',*,*,#1086,.T.);
#1553=ORIENTED_EDGE('',*,*,#1167,.F.);
#1554=ORIENTED_EDGE('',*,*,#1168,.F.);
#1555=ORIENTED_EDGE('',*,*,#1169,.T.);
#1556=ORIENTED_EDGE('',*,*,#1144,.T.);
#1557=ORIENTED_EDGE('',*,*,#1096,.T.);
#1558=ORIENTED_EDGE('',*,*,#1151,.T.);
#1559=ORIENTED_EDGE('',*,*,#1170,.T.);
#1560=ORIENTED_EDGE('',*,*,#1019,.F.);
#1561=ORIENTED_EDGE('',*,*,#1171,.F.);
#1562=ORIENTED_EDGE('',*,*,#1172,.F.);
#1563=ORIENTED_EDGE('',*,*,#1173,.F.);
#1564=ORIENTED_EDGE('',*,*,#1174,.F.);
#1565=ORIENTED_EDGE('',*,*,#1175,.F.);
#1566=ORIENTED_EDGE('',*,*,#1176,.F.);
#1567=ORIENTED_EDGE('',*,*,#1177,.F.);
#1568=ORIENTED_EDGE('',*,*,#1178,.F.);
#1569=ORIENTED_EDGE('',*,*,#1179,.F.);
#1570=ORIENTED_EDGE('',*,*,#1180,.F.);
#1571=ORIENTED_EDGE('',*,*,#1181,.F.);
#1572=ORIENTED_EDGE('',*,*,#1182,.F.);
#1573=ORIENTED_EDGE('',*,*,#1183,.F.);
#1574=ORIENTED_EDGE('',*,*,#1155,.T.);
#1575=ORIENTED_EDGE('',*,*,#1169,.F.);
#1576=ORIENTED_EDGE('',*,*,#1184,.F.);
#1577=ORIENTED_EDGE('',*,*,#1185,.F.);
#1578=ORIENTED_EDGE('',*,*,#1186,.F.);
#1579=ORIENTED_EDGE('',*,*,#1187,.F.);
#1580=ORIENTED_EDGE('',*,*,#1188,.F.);
#1581=ORIENTED_EDGE('',*,*,#1189,.F.);
#1582=ORIENTED_EDGE('',*,*,#1190,.F.);
#1583=ORIENTED_EDGE('',*,*,#1191,.F.);
#1584=ORIENTED_EDGE('',*,*,#1192,.F.);
#1585=ORIENTED_EDGE('',*,*,#1193,.F.);
#1586=ORIENTED_EDGE('',*,*,#1194,.F.);
#1587=ORIENTED_EDGE('',*,*,#1195,.F.);
#1588=ORIENTED_EDGE('',*,*,#1196,.F.);
#1589=ORIENTED_EDGE('',*,*,#1057,.F.);
#1590=ORIENTED_EDGE('',*,*,#1102,.T.);
#1591=ORIENTED_EDGE('',*,*,#1049,.T.);
#1592=ORIENTED_EDGE('',*,*,#1036,.T.);
#1593=ORIENTED_EDGE('',*,*,#1031,.F.);
#1594=ORIENTED_EDGE('',*,*,#1141,.T.);
#1595=ORIENTED_EDGE('',*,*,#1197,.F.);
#1596=ORIENTED_EDGE('',*,*,#1145,.T.);
#1597=ORIENTED_EDGE('',*,*,#1170,.F.);
#1598=ORIENTED_EDGE('',*,*,#1150,.T.);
#1599=ORIENTED_EDGE('',*,*,#1198,.F.);
#1600=ORIENTED_EDGE('',*,*,#1156,.T.);
#1601=ORIENTED_EDGE('',*,*,#1183,.T.);
#1602=ORIENTED_EDGE('',*,*,#1199,.F.);
#1603=ORIENTED_EDGE('',*,*,#1073,.T.);
#1604=ORIENTED_EDGE('',*,*,#1166,.T.);
#1605=ORIENTED_EDGE('',*,*,#1017,.F.);
#1606=ORIENTED_EDGE('',*,*,#1077,.T.);
#1607=ORIENTED_EDGE('',*,*,#1200,.F.);
#1608=ORIENTED_EDGE('',*,*,#1171,.T.);
#1609=ORIENTED_EDGE('',*,*,#1018,.F.);
#1610=ORIENTED_EDGE('',*,*,#1146,.T.);
#1611=ORIENTED_EDGE('',*,*,#1198,.T.);
#1612=ORIENTED_EDGE('',*,*,#1149,.T.);
#1613=ORIENTED_EDGE('',*,*,#1065,.T.);
#1614=ORIENTED_EDGE('',*,*,#1140,.T.);
#1615=ORIENTED_EDGE('',*,*,#1059,.T.);
#1616=ORIENTED_EDGE('',*,*,#1021,.F.);
#1617=ORIENTED_EDGE('',*,*,#1020,.F.);
#1618=ORIENTED_EDGE('',*,*,#1197,.T.);
#1619=ORIENTED_EDGE('',*,*,#1201,.T.);
#1620=ORIENTED_EDGE('',*,*,#1186,.T.);
#1621=ORIENTED_EDGE('',*,*,#1202,.T.);
#1622=ORIENTED_EDGE('',*,*,#1203,.T.);
#1623=ORIENTED_EDGE('',*,*,#1204,.T.);
#1624=ORIENTED_EDGE('',*,*,#1108,.T.);
#1625=ORIENTED_EDGE('',*,*,#1204,.F.);
#1626=ORIENTED_EDGE('',*,*,#1205,.T.);
#1627=ORIENTED_EDGE('',*,*,#1206,.F.);
#1628=ORIENTED_EDGE('',*,*,#1109,.F.);
#1629=ORIENTED_EDGE('',*,*,#1207,.T.);
#1630=ORIENTED_EDGE('',*,*,#1194,.T.);
#1631=ORIENTED_EDGE('',*,*,#1208,.T.);
#1632=ORIENTED_EDGE('',*,*,#1209,.T.);
#1633=ORIENTED_EDGE('',*,*,#1210,.T.);
#1634=ORIENTED_EDGE('',*,*,#1118,.T.);
#1635=ORIENTED_EDGE('',*,*,#1210,.F.);
#1636=ORIENTED_EDGE('',*,*,#1211,.T.);
#1637=ORIENTED_EDGE('',*,*,#1212,.F.);
#1638=ORIENTED_EDGE('',*,*,#1111,.F.);
#1639=ORIENTED_EDGE('',*,*,#1213,.T.);
#1640=ORIENTED_EDGE('',*,*,#1190,.T.);
#1641=ORIENTED_EDGE('',*,*,#1214,.T.);
#1642=ORIENTED_EDGE('',*,*,#1215,.T.);
#1643=ORIENTED_EDGE('',*,*,#1216,.T.);
#1644=ORIENTED_EDGE('',*,*,#1124,.T.);
#1645=ORIENTED_EDGE('',*,*,#1216,.F.);
#1646=ORIENTED_EDGE('',*,*,#1217,.T.);
#1647=ORIENTED_EDGE('',*,*,#1218,.F.);
#1648=ORIENTED_EDGE('',*,*,#1125,.F.);
#1649=ORIENTED_EDGE('',*,*,#1219,.F.);
#1650=ORIENTED_EDGE('',*,*,#1176,.T.);
#1651=ORIENTED_EDGE('',*,*,#1220,.T.);
#1652=ORIENTED_EDGE('',*,*,#1221,.T.);
#1653=ORIENTED_EDGE('',*,*,#1222,.T.);
#1654=ORIENTED_EDGE('',*,*,#1223,.F.);
#1655=ORIENTED_EDGE('',*,*,#1221,.F.);
#1656=ORIENTED_EDGE('',*,*,#1224,.F.);
#1657=ORIENTED_EDGE('',*,*,#1225,.F.);
#1658=ORIENTED_EDGE('',*,*,#1226,.T.);
#1659=ORIENTED_EDGE('',*,*,#1227,.T.);
#1660=ORIENTED_EDGE('',*,*,#1228,.T.);
#1661=ORIENTED_EDGE('',*,*,#1220,.F.);
#1662=ORIENTED_EDGE('',*,*,#1175,.T.);
#1663=ORIENTED_EDGE('',*,*,#1229,.F.);
#1664=ORIENTED_EDGE('',*,*,#1224,.T.);
#1665=ORIENTED_EDGE('',*,*,#1230,.T.);
#1666=ORIENTED_EDGE('',*,*,#1178,.T.);
#1667=ORIENTED_EDGE('',*,*,#1231,.T.);
#1668=ORIENTED_EDGE('',*,*,#1232,.T.);
#1669=ORIENTED_EDGE('',*,*,#1233,.T.);
#1670=ORIENTED_EDGE('',*,*,#1234,.T.);
#1671=ORIENTED_EDGE('',*,*,#1230,.F.);
#1672=ORIENTED_EDGE('',*,*,#1235,.T.);
#1673=ORIENTED_EDGE('',*,*,#1236,.F.);
#1674=ORIENTED_EDGE('',*,*,#1179,.T.);
#1675=ORIENTED_EDGE('',*,*,#1234,.F.);
#1676=ORIENTED_EDGE('',*,*,#1237,.T.);
#1677=ORIENTED_EDGE('',*,*,#1238,.T.);
#1678=ORIENTED_EDGE('',*,*,#1239,.T.);
#1679=ORIENTED_EDGE('',*,*,#1240,.F.);
#1680=ORIENTED_EDGE('',*,*,#1235,.F.);
#1681=ORIENTED_EDGE('',*,*,#1229,.T.);
#1682=ORIENTED_EDGE('',*,*,#1174,.T.);
#1683=ORIENTED_EDGE('',*,*,#1241,.T.);
#1684=ORIENTED_EDGE('',*,*,#1242,.T.);
#1685=ORIENTED_EDGE('',*,*,#1243,.T.);
#1686=ORIENTED_EDGE('',*,*,#1225,.T.);
#1687=ORIENTED_EDGE('',*,*,#1243,.F.);
#1688=ORIENTED_EDGE('',*,*,#1244,.T.);
#1689=ORIENTED_EDGE('',*,*,#1245,.F.);
#1690=ORIENTED_EDGE('',*,*,#1226,.F.);
#1691=ORIENTED_EDGE('',*,*,#1246,.F.);
#1692=ORIENTED_EDGE('',*,*,#1172,.T.);
#1693=ORIENTED_EDGE('',*,*,#1200,.T.);
#1694=ORIENTED_EDGE('',*,*,#1080,.T.);
#1695=ORIENTED_EDGE('',*,*,#1247,.T.);
#1696=ORIENTED_EDGE('',*,*,#1248,.F.);
#1697=ORIENTED_EDGE('',*,*,#1199,.T.);
#1698=ORIENTED_EDGE('',*,*,#1182,.T.);
#1699=ORIENTED_EDGE('',*,*,#1249,.T.);
#1700=ORIENTED_EDGE('',*,*,#1250,.T.);
#1701=ORIENTED_EDGE('',*,*,#1251,.T.);
#1702=ORIENTED_EDGE('',*,*,#1074,.T.);
#1703=ORIENTED_EDGE('',*,*,#1251,.F.);
#1704=ORIENTED_EDGE('',*,*,#1252,.T.);
#1705=ORIENTED_EDGE('',*,*,#1253,.F.);
#1706=ORIENTED_EDGE('',*,*,#1075,.F.);
#1707=ORIENTED_EDGE('',*,*,#1254,.F.);
#1708=ORIENTED_EDGE('',*,*,#1180,.T.);
#1709=ORIENTED_EDGE('',*,*,#1236,.T.);
#1710=ORIENTED_EDGE('',*,*,#1240,.T.);
#1711=ORIENTED_EDGE('',*,*,#1255,.T.);
#1712=ORIENTED_EDGE('',*,*,#1256,.F.);
#1713=ORIENTED_EDGE('',*,*,#1257,.T.);
#1714=ORIENTED_EDGE('',*,*,#1241,.F.);
#1715=ORIENTED_EDGE('',*,*,#1173,.T.);
#1716=ORIENTED_EDGE('',*,*,#1246,.T.);
#1717=ORIENTED_EDGE('',*,*,#1257,.F.);
#1718=ORIENTED_EDGE('',*,*,#1248,.T.);
#1719=ORIENTED_EDGE('',*,*,#1258,.T.);
#1720=ORIENTED_EDGE('',*,*,#1259,.F.);
#1721=ORIENTED_EDGE('',*,*,#1244,.F.);
#1722=ORIENTED_EDGE('',*,*,#1242,.F.);
#1723=ORIENTED_EDGE('',*,*,#1196,.T.);
#1724=ORIENTED_EDGE('',*,*,#1260,.T.);
#1725=ORIENTED_EDGE('',*,*,#1261,.T.);
#1726=ORIENTED_EDGE('',*,*,#1058,.F.);
#1727=ORIENTED_EDGE('',*,*,#1207,.F.);
#1728=ORIENTED_EDGE('',*,*,#1117,.T.);
#1729=ORIENTED_EDGE('',*,*,#1260,.F.);
#1730=ORIENTED_EDGE('',*,*,#1195,.T.);
#1731=ORIENTED_EDGE('',*,*,#1262,.T.);
#1732=ORIENTED_EDGE('',*,*,#1208,.F.);
#1733=ORIENTED_EDGE('',*,*,#1193,.T.);
#1734=ORIENTED_EDGE('',*,*,#1263,.T.);
#1735=ORIENTED_EDGE('',*,*,#1192,.T.);
#1736=ORIENTED_EDGE('',*,*,#1264,.T.);
#1737=ORIENTED_EDGE('',*,*,#1265,.T.);
#1738=ORIENTED_EDGE('',*,*,#1263,.F.);
#1739=ORIENTED_EDGE('',*,*,#1213,.F.);
#1740=ORIENTED_EDGE('',*,*,#1123,.T.);
#1741=ORIENTED_EDGE('',*,*,#1264,.F.);
#1742=ORIENTED_EDGE('',*,*,#1191,.T.);
#1743=ORIENTED_EDGE('',*,*,#1266,.T.);
#1744=ORIENTED_EDGE('',*,*,#1231,.F.);
#1745=ORIENTED_EDGE('',*,*,#1177,.T.);
#1746=ORIENTED_EDGE('',*,*,#1219,.T.);
#1747=ORIENTED_EDGE('',*,*,#1266,.F.);
#1748=ORIENTED_EDGE('',*,*,#1223,.T.);
#1749=ORIENTED_EDGE('',*,*,#1267,.T.);
#1750=ORIENTED_EDGE('',*,*,#1268,.F.);
#1751=ORIENTED_EDGE('',*,*,#1269,.F.);
#1752=ORIENTED_EDGE('',*,*,#1232,.F.);
#1753=ORIENTED_EDGE('',*,*,#1270,.T.);
#1754=ORIENTED_EDGE('',*,*,#1214,.F.);
#1755=ORIENTED_EDGE('',*,*,#1189,.T.);
#1756=ORIENTED_EDGE('',*,*,#1271,.T.);
#1757=ORIENTED_EDGE('',*,*,#1188,.T.);
#1758=ORIENTED_EDGE('',*,*,#1272,.T.);
#1759=ORIENTED_EDGE('',*,*,#1273,.T.);
#1760=ORIENTED_EDGE('',*,*,#1271,.F.);
#1761=ORIENTED_EDGE('',*,*,#1201,.F.);
#1762=ORIENTED_EDGE('',*,*,#1107,.T.);
#1763=ORIENTED_EDGE('',*,*,#1272,.F.);
#1764=ORIENTED_EDGE('',*,*,#1187,.T.);
#1765=ORIENTED_EDGE('',*,*,#1233,.F.);
#1766=ORIENTED_EDGE('',*,*,#1269,.T.);
#1767=ORIENTED_EDGE('',*,*,#1274,.F.);
#1768=ORIENTED_EDGE('',*,*,#1237,.F.);
#1769=ORIENTED_EDGE('',*,*,#1275,.T.);
#1770=ORIENTED_EDGE('',*,*,#1276,.T.);
#1771=ORIENTED_EDGE('',*,*,#1202,.F.);
#1772=ORIENTED_EDGE('',*,*,#1185,.T.);
#1773=ORIENTED_EDGE('',*,*,#1276,.F.);
#1774=ORIENTED_EDGE('',*,*,#1277,.F.);
#1775=ORIENTED_EDGE('',*,*,#1278,.F.);
#1776=ORIENTED_EDGE('',*,*,#1279,.F.);
#1777=ORIENTED_EDGE('',*,*,#1280,.T.);
#1778=ORIENTED_EDGE('',*,*,#1281,.F.);
#1779=ORIENTED_EDGE('',*,*,#1205,.F.);
#1780=ORIENTED_EDGE('',*,*,#1203,.F.);
#1781=ORIENTED_EDGE('',*,*,#1282,.T.);
#1782=ORIENTED_EDGE('',*,*,#1275,.F.);
#1783=ORIENTED_EDGE('',*,*,#1184,.T.);
#1784=ORIENTED_EDGE('',*,*,#1168,.T.);
#1785=ORIENTED_EDGE('',*,*,#1247,.F.);
#1786=ORIENTED_EDGE('',*,*,#1079,.F.);
#1787=ORIENTED_EDGE('',*,*,#1283,.F.);
#1788=ORIENTED_EDGE('',*,*,#1258,.F.);
#1789=ORIENTED_EDGE('',*,*,#1284,.T.);
#1790=ORIENTED_EDGE('',*,*,#1249,.F.);
#1791=ORIENTED_EDGE('',*,*,#1181,.T.);
#1792=ORIENTED_EDGE('',*,*,#1254,.T.);
#1793=ORIENTED_EDGE('',*,*,#1284,.F.);
#1794=ORIENTED_EDGE('',*,*,#1256,.T.);
#1795=ORIENTED_EDGE('',*,*,#1285,.T.);
#1796=ORIENTED_EDGE('',*,*,#1286,.F.);
#1797=ORIENTED_EDGE('',*,*,#1252,.F.);
#1798=ORIENTED_EDGE('',*,*,#1250,.F.);
#1799=ORIENTED_EDGE('',*,*,#1287,.F.);
#1800=ORIENTED_EDGE('',*,*,#1288,.T.);
#1801=ORIENTED_EDGE('',*,*,#1289,.F.);
#1802=ORIENTED_EDGE('',*,*,#1288,.F.);
#1803=ORIENTED_EDGE('',*,*,#1289,.T.);
#1804=ORIENTED_EDGE('',*,*,#1290,.F.);
#1805=ORIENTED_EDGE('',*,*,#1291,.T.);
#1806=ORIENTED_EDGE('',*,*,#1292,.F.);
#1807=ORIENTED_EDGE('',*,*,#1291,.F.);
#1808=ORIENTED_EDGE('',*,*,#1292,.T.);
#1809=ORIENTED_EDGE('',*,*,#1293,.F.);
#1810=ORIENTED_EDGE('',*,*,#1294,.T.);
#1811=ORIENTED_EDGE('',*,*,#1295,.F.);
#1812=ORIENTED_EDGE('',*,*,#1294,.F.);
#1813=ORIENTED_EDGE('',*,*,#1295,.T.);
#1814=ORIENTED_EDGE('',*,*,#1296,.F.);
#1815=ORIENTED_EDGE('',*,*,#1297,.T.);
#1816=ORIENTED_EDGE('',*,*,#1298,.F.);
#1817=ORIENTED_EDGE('',*,*,#1297,.F.);
#1818=ORIENTED_EDGE('',*,*,#1298,.T.);
#1819=ORIENTED_EDGE('',*,*,#1270,.F.);
#1820=ORIENTED_EDGE('',*,*,#1299,.F.);
#1821=ORIENTED_EDGE('',*,*,#1300,.F.);
#1822=ORIENTED_EDGE('',*,*,#1301,.F.);
#1823=ORIENTED_EDGE('',*,*,#1302,.T.);
#1824=ORIENTED_EDGE('',*,*,#1303,.F.);
#1825=ORIENTED_EDGE('',*,*,#1217,.F.);
#1826=ORIENTED_EDGE('',*,*,#1215,.F.);
#1827=ORIENTED_EDGE('',*,*,#1273,.F.);
#1828=ORIENTED_EDGE('',*,*,#1106,.F.);
#1829=ORIENTED_EDGE('',*,*,#1304,.F.);
#1830=ORIENTED_EDGE('',*,*,#1299,.T.);
#1831=ORIENTED_EDGE('',*,*,#1300,.T.);
#1832=ORIENTED_EDGE('',*,*,#1304,.T.);
#1833=ORIENTED_EDGE('',*,*,#1105,.F.);
#1834=ORIENTED_EDGE('',*,*,#1305,.F.);
#1835=ORIENTED_EDGE('',*,*,#1301,.T.);
#1836=ORIENTED_EDGE('',*,*,#1305,.T.);
#1837=ORIENTED_EDGE('',*,*,#1104,.F.);
#1838=ORIENTED_EDGE('',*,*,#1306,.F.);
#1839=ORIENTED_EDGE('',*,*,#1302,.F.);
#1840=ORIENTED_EDGE('',*,*,#1306,.T.);
#1841=ORIENTED_EDGE('',*,*,#1103,.F.);
#1842=ORIENTED_EDGE('',*,*,#1307,.F.);
#1843=ORIENTED_EDGE('',*,*,#1282,.F.);
#1844=ORIENTED_EDGE('',*,*,#1167,.T.);
#1845=ORIENTED_EDGE('',*,*,#1085,.F.);
#1846=ORIENTED_EDGE('',*,*,#1308,.F.);
#1847=ORIENTED_EDGE('',*,*,#1277,.T.);
#1848=ORIENTED_EDGE('',*,*,#1278,.T.);
#1849=ORIENTED_EDGE('',*,*,#1308,.T.);
#1850=ORIENTED_EDGE('',*,*,#1084,.F.);
#1851=ORIENTED_EDGE('',*,*,#1309,.F.);
#1852=ORIENTED_EDGE('',*,*,#1279,.T.);
#1853=ORIENTED_EDGE('',*,*,#1309,.T.);
#1854=ORIENTED_EDGE('',*,*,#1083,.F.);
#1855=ORIENTED_EDGE('',*,*,#1310,.F.);
#1856=ORIENTED_EDGE('',*,*,#1280,.F.);
#1857=ORIENTED_EDGE('',*,*,#1310,.T.);
#1858=ORIENTED_EDGE('',*,*,#1082,.F.);
#1859=ORIENTED_EDGE('',*,*,#1311,.F.);
#1860=ORIENTED_EDGE('',*,*,#1262,.F.);
#1861=ORIENTED_EDGE('',*,*,#1312,.F.);
#1862=ORIENTED_EDGE('',*,*,#1313,.F.);
#1863=ORIENTED_EDGE('',*,*,#1314,.F.);
#1864=ORIENTED_EDGE('',*,*,#1315,.T.);
#1865=ORIENTED_EDGE('',*,*,#1316,.F.);
#1866=ORIENTED_EDGE('',*,*,#1211,.F.);
#1867=ORIENTED_EDGE('',*,*,#1209,.F.);
#1868=ORIENTED_EDGE('',*,*,#1265,.F.);
#1869=ORIENTED_EDGE('',*,*,#1122,.F.);
#1870=ORIENTED_EDGE('',*,*,#1317,.F.);
#1871=ORIENTED_EDGE('',*,*,#1312,.T.);
#1872=ORIENTED_EDGE('',*,*,#1313,.T.);
#1873=ORIENTED_EDGE('',*,*,#1317,.T.);
#1874=ORIENTED_EDGE('',*,*,#1121,.F.);
#1875=ORIENTED_EDGE('',*,*,#1318,.F.);
#1876=ORIENTED_EDGE('',*,*,#1314,.T.);
#1877=ORIENTED_EDGE('',*,*,#1318,.T.);
#1878=ORIENTED_EDGE('',*,*,#1120,.F.);
#1879=ORIENTED_EDGE('',*,*,#1319,.F.);
#1880=ORIENTED_EDGE('',*,*,#1315,.F.);
#1881=ORIENTED_EDGE('',*,*,#1319,.T.);
#1882=ORIENTED_EDGE('',*,*,#1119,.F.);
#1883=ORIENTED_EDGE('',*,*,#1320,.F.);
#1884=ORIENTED_EDGE('',*,*,#1261,.F.);
#1885=ORIENTED_EDGE('',*,*,#1116,.F.);
#1886=ORIENTED_EDGE('',*,*,#1321,.F.);
#1887=ORIENTED_EDGE('',*,*,#1051,.T.);
#1888=ORIENTED_EDGE('',*,*,#1052,.T.);
#1889=ORIENTED_EDGE('',*,*,#1321,.T.);
#1890=ORIENTED_EDGE('',*,*,#1115,.F.);
#1891=ORIENTED_EDGE('',*,*,#1322,.F.);
#1892=ORIENTED_EDGE('',*,*,#1053,.T.);
#1893=ORIENTED_EDGE('',*,*,#1322,.T.);
#1894=ORIENTED_EDGE('',*,*,#1114,.F.);
#1895=ORIENTED_EDGE('',*,*,#1323,.F.);
#1896=ORIENTED_EDGE('',*,*,#1054,.F.);
#1897=ORIENTED_EDGE('',*,*,#1323,.T.);
#1898=ORIENTED_EDGE('',*,*,#1113,.F.);
#1899=ORIENTED_EDGE('',*,*,#1324,.F.);
#1900=ORIENTED_EDGE('',*,*,#1255,.F.);
#1901=ORIENTED_EDGE('',*,*,#1239,.F.);
#1902=ORIENTED_EDGE('',*,*,#1325,.F.);
#1903=ORIENTED_EDGE('',*,*,#1285,.F.);
#1904=ORIENTED_EDGE('',*,*,#1222,.F.);
#1905=ORIENTED_EDGE('',*,*,#1228,.F.);
#1906=ORIENTED_EDGE('',*,*,#1326,.F.);
#1907=ORIENTED_EDGE('',*,*,#1267,.F.);
#1908=ORIENTED_EDGE('',*,*,#1081,.F.);
#1909=ORIENTED_EDGE('',*,*,#1039,.T.);
#1910=ORIENTED_EDGE('',*,*,#1045,.T.);
#1911=ORIENTED_EDGE('',*,*,#1055,.T.);
#1912=ORIENTED_EDGE('',*,*,#1324,.T.);
#1913=ORIENTED_EDGE('',*,*,#1112,.F.);
#1914=ORIENTED_EDGE('',*,*,#1212,.T.);
#1915=ORIENTED_EDGE('',*,*,#1316,.T.);
#1916=ORIENTED_EDGE('',*,*,#1320,.T.);
#1917=ORIENTED_EDGE('',*,*,#1126,.F.);
#1918=ORIENTED_EDGE('',*,*,#1218,.T.);
#1919=ORIENTED_EDGE('',*,*,#1303,.T.);
#1920=ORIENTED_EDGE('',*,*,#1307,.T.);
#1921=ORIENTED_EDGE('',*,*,#1110,.F.);
#1922=ORIENTED_EDGE('',*,*,#1206,.T.);
#1923=ORIENTED_EDGE('',*,*,#1281,.T.);
#1924=ORIENTED_EDGE('',*,*,#1311,.T.);
#1925=ORIENTED_EDGE('',*,*,#1024,.T.);
#1926=ORIENTED_EDGE('',*,*,#1076,.F.);
#1927=ORIENTED_EDGE('',*,*,#1253,.T.);
#1928=ORIENTED_EDGE('',*,*,#1286,.T.);
#1929=ORIENTED_EDGE('',*,*,#1325,.T.);
#1930=ORIENTED_EDGE('',*,*,#1238,.F.);
#1931=ORIENTED_EDGE('',*,*,#1274,.T.);
#1932=ORIENTED_EDGE('',*,*,#1268,.T.);
#1933=ORIENTED_EDGE('',*,*,#1326,.T.);
#1934=ORIENTED_EDGE('',*,*,#1227,.F.);
#1935=ORIENTED_EDGE('',*,*,#1245,.T.);
#1936=ORIENTED_EDGE('',*,*,#1259,.T.);
#1937=ORIENTED_EDGE('',*,*,#1283,.T.);
#1938=ORIENTED_EDGE('',*,*,#1078,.F.);
#1939=ORIENTED_EDGE('',*,*,#1296,.T.);
#1940=ORIENTED_EDGE('',*,*,#1293,.T.);
#1941=ORIENTED_EDGE('',*,*,#1290,.T.);
#1942=ORIENTED_EDGE('',*,*,#1287,.T.);
#1943=ORIENTED_EDGE('',*,*,#1130,.T.);
#1944=ORIENTED_EDGE('',*,*,#1133,.T.);
#1945=ORIENTED_EDGE('',*,*,#1127,.T.);
#1946=ORIENTED_EDGE('',*,*,#1136,.T.);
#1947=TOROIDAL_SURFACE('',#2078,44.799009367643,0.4);
#1948=TOROIDAL_SURFACE('',#2083,51.6900000011039,0.4);
#1949=ADVANCED_FACE('',(#418),#1947,.T.);
#1950=ADVANCED_FACE('',(#419),#391,.F.);
#1951=ADVANCED_FACE('',(#420),#1948,.T.);
#1952=ADVANCED_FACE('',(#421),#392,.T.);
#1953=ADVANCED_FACE('',(#422),#57,.T.);
#1954=ADVANCED_FACE('',(#423),#58,.F.);
#1955=ADVANCED_FACE('',(#424),#37,.T.);
#1956=ADVANCED_FACE('',(#425),#38,.T.);
#1957=ADVANCED_FACE('',(#426),#393,.T.);
#1958=ADVANCED_FACE('',(#427),#39,.T.);
#1959=ADVANCED_FACE('',(#428),#394,.F.);
#1960=ADVANCED_FACE('',(#429),#395,.F.);
#1961=ADVANCED_FACE('',(#430),#396,.T.);
#1962=ADVANCED_FACE('',(#431),#32,.F.);
#1963=ADVANCED_FACE('',(#432),#397,.T.);
#1964=ADVANCED_FACE('',(#433),#398,.T.);
#1965=ADVANCED_FACE('',(#434),#399,.T.);
#1966=ADVANCED_FACE('',(#435),#33,.F.);
#1967=ADVANCED_FACE('',(#436),#59,.T.);
#1968=ADVANCED_FACE('',(#437),#34,.F.);
#1969=ADVANCED_FACE('',(#438),#60,.T.);
#1970=ADVANCED_FACE('',(#439),#35,.F.);
#1971=ADVANCED_FACE('',(#440),#61,.T.);
#1972=ADVANCED_FACE('',(#441),#36,.F.);
#1973=ADVANCED_FACE('',(#442),#62,.T.);
#1974=ADVANCED_FACE('',(#443),#400,.F.);
#1975=ADVANCED_FACE('',(#444),#63,.F.);
#1976=ADVANCED_FACE('',(#445),#64,.F.);
#1977=ADVANCED_FACE('',(#446),#401,.F.);
#1978=ADVANCED_FACE('',(#447),#65,.F.);
#1979=ADVANCED_FACE('',(#448),#402,.F.);
#1980=ADVANCED_FACE('',(#449),#66,.F.);
#1981=ADVANCED_FACE('',(#450),#403,.F.);
#1982=ADVANCED_FACE('',(#451),#404,.F.);
#1983=ADVANCED_FACE('',(#452),#67,.F.);
#1984=ADVANCED_FACE('',(#453),#405,.F.);
#1985=ADVANCED_FACE('',(#454),#68,.F.);
#1986=ADVANCED_FACE('',(#455),#69,.F.);
#1987=ADVANCED_FACE('',(#456),#70,.F.);
#1988=ADVANCED_FACE('',(#457),#71,.T.);
#1989=ADVANCED_FACE('',(#458),#40,.T.);
#1990=ADVANCED_FACE('',(#459),#41,.T.);
#1991=ADVANCED_FACE('',(#460),#72,.F.);
#1992=ADVANCED_FACE('',(#461),#73,.F.);
#1993=ADVANCED_FACE('',(#462),#42,.F.);
#1994=ADVANCED_FACE('',(#463),#43,.F.);
#1995=ADVANCED_FACE('',(#464),#44,.F.);
#1996=ADVANCED_FACE('',(#465),#45,.F.);
#1997=ADVANCED_FACE('',(#466),#74,.T.);
#1998=ADVANCED_FACE('',(#467),#75,.T.);
#1999=ADVANCED_FACE('',(#468),#76,.T.);
#2000=ADVANCED_FACE('',(#469),#77,.T.);
#2001=ADVANCED_FACE('',(#470),#78,.T.);
#2002=ADVANCED_FACE('',(#471),#79,.T.);
#2003=ADVANCED_FACE('',(#472),#80,.T.);
#2004=ADVANCED_FACE('',(#473),#406,.F.);
#2005=ADVANCED_FACE('',(#474),#46,.F.);
#2006=ADVANCED_FACE('',(#475),#81,.T.);
#2007=ADVANCED_FACE('',(#476),#47,.F.);
#2008=ADVANCED_FACE('',(#477),#407,.F.);
#2009=ADVANCED_FACE('',(#478),#82,.T.);
#2010=ADVANCED_FACE('',(#479),#83,.F.);
#2011=ADVANCED_FACE('',(#480),#84,.T.);
#2012=ADVANCED_FACE('',(#481),#85,.T.);
#2013=ADVANCED_FACE('',(#482),#86,.F.);
#2014=ADVANCED_FACE('',(#483),#87,.T.);
#2015=ADVANCED_FACE('',(#484),#48,.F.);
#2016=ADVANCED_FACE('',(#485),#408,.F.);
#2017=ADVANCED_FACE('',(#486),#88,.T.);
#2018=ADVANCED_FACE('',(#487),#49,.T.);
#2019=ADVANCED_FACE('',(#488),#50,.T.);
#2020=ADVANCED_FACE('',(#489),#89,.T.);
#2021=ADVANCED_FACE('',(#490),#51,.T.);
#2022=ADVANCED_FACE('',(#491),#52,.F.);
#2023=ADVANCED_FACE('',(#492),#409,.F.);
#2024=ADVANCED_FACE('',(#493),#53,.T.);
#2025=ADVANCED_FACE('',(#494),#90,.T.);
#2026=ADVANCED_FACE('',(#495),#54,.T.);
#2027=ADVANCED_FACE('',(#496),#91,.F.);
#2028=ADVANCED_FACE('',(#497),#55,.T.);
#2029=ADVANCED_FACE('',(#498),#410,.T.);
#2030=ADVANCED_FACE('',(#499),#92,.T.);
#2031=ADVANCED_FACE('',(#500),#93,.F.);
#2032=ADVANCED_FACE('',(#501),#56,.F.);
#2033=ADVANCED_FACE('',(#502),#411,.F.);
#2034=ADVANCED_FACE('',(#503),#412,.F.);
#2035=ADVANCED_FACE('',(#504),#94,.F.);
#2036=ADVANCED_FACE('',(#505),#413,.F.);
#2037=ADVANCED_FACE('',(#506),#95,.F.);
#2038=ADVANCED_FACE('',(#507),#414,.F.);
#2039=ADVANCED_FACE('',(#508),#96,.F.);
#2040=ADVANCED_FACE('',(#509),#415,.F.);
#2041=ADVANCED_FACE('',(#510),#97,.F.);
#2042=ADVANCED_FACE('',(#511),#416,.T.);
#2043=ADVANCED_FACE('',(#512),#98,.T.);
#2044=ADVANCED_FACE('',(#513),#28,.T.);
#2045=ADVANCED_FACE('',(#514),#99,.T.);
#2046=ADVANCED_FACE('',(#515),#100,.T.);
#2047=ADVANCED_FACE('',(#516),#101,.T.);
#2048=ADVANCED_FACE('',(#517),#29,.T.);
#2049=ADVANCED_FACE('',(#518),#102,.T.);
#2050=ADVANCED_FACE('',(#519),#103,.T.);
#2051=ADVANCED_FACE('',(#520),#417,.T.);
#2052=ADVANCED_FACE('',(#521),#104,.T.);
#2053=ADVANCED_FACE('',(#522),#30,.T.);
#2054=ADVANCED_FACE('',(#523),#105,.T.);
#2055=ADVANCED_FACE('',(#524),#106,.T.);
#2056=ADVANCED_FACE('',(#525),#107,.T.);
#2057=ADVANCED_FACE('',(#526),#31,.T.);
#2058=ADVANCED_FACE('',(#527),#108,.T.);
#2059=ADVANCED_FACE('',(#528),#109,.T.);
#2060=ADVANCED_FACE('',(#529),#110,.F.);
#2061=ADVANCED_FACE('',(#530),#111,.F.);
#2062=ADVANCED_FACE('',(#531,#19,#20,#21,#22,#23,#24,#25,#26,#27),#112,
 .F.);
#2063=CLOSED_SHELL('',(#1949,#1950,#1951,#1952,#1953,#1954,#1955,#1956,
#1957,#1958,#1959,#1960,#1961,#1962,#1963,#1964,#1965,#1966,#1967,#1968,
#1969,#1970,#1971,#1972,#1973,#1974,#1975,#1976,#1977,#1978,#1979,#1980,
#1981,#1982,#1983,#1984,#1985,#1986,#1987,#1988,#1989,#1990,#1991,#1992,
#1993,#1994,#1995,#1996,#1997,#1998,#1999,#2000,#2001,#2002,#2003,#2004,
#2005,#2006,#2007,#2008,#2009,#2010,#2011,#2012,#2013,#2014,#2015,#2016,
#2017,#2018,#2019,#2020,#2021,#2022,#2023,#2024,#2025,#2026,#2027,#2028,
#2029,#2030,#2031,#2032,#2033,#2034,#2035,#2036,#2037,#2038,#2039,#2040,
#2041,#2042,#2043,#2044,#2045,#2046,#2047,#2048,#2049,#2050,#2051,#2052,
#2053,#2054,#2055,#2056,#2057,#2058,#2059,#2060,#2061,#2062));
#2064=DERIVED_UNIT_ELEMENT(#2066,1.);
#2065=DERIVED_UNIT_ELEMENT(#3994,-3.);
#2066=(
MASS_UNIT()
NAMED_UNIT(*)
SI_UNIT(.KILO.,.GRAM.)
);
#2067=DERIVED_UNIT((#2064,#2065));
#2068=MEASURE_REPRESENTATION_ITEM('density measure',
POSITIVE_RATIO_MEASURE(7850.),#2067);
#2069=PROPERTY_DEFINITION_REPRESENTATION(#2074,#2071);
#2070=PROPERTY_DEFINITION_REPRESENTATION(#2075,#2072);
#2071=REPRESENTATION('material name',(#2073),#3991);
#2072=REPRESENTATION('density',(#2068),#3991);
#2073=DESCRIPTIVE_REPRESENTATION_ITEM('Steel','Steel');
#2074=PROPERTY_DEFINITION('material property','material name',#4006);
#2075=PROPERTY_DEFINITION('material property','density of part',#4006);
#2076=AXIS2_PLACEMENT_3D('',#2984,#2337,#2338);
#2077=AXIS2_PLACEMENT_3D('',#2985,#2339,#2340);
#2078=AXIS2_PLACEMENT_3D('',#2986,#2341,#2342);
#2079=AXIS2_PLACEMENT_3D('',#3003,#2343,#2344);
#2080=AXIS2_PLACEMENT_3D('',#3031,#2345,#2346);
#2081=AXIS2_PLACEMENT_3D('',#3032,#2347,#2348);
#2082=AXIS2_PLACEMENT_3D('',#3036,#2350,#2351);
#2083=AXIS2_PLACEMENT_3D('',#3045,#2353,#2354);
#2084=AXIS2_PLACEMENT_3D('',#3048,#2355,#2356);
#2085=AXIS2_PLACEMENT_3D('',#3050,#2357,#2358);
#2086=AXIS2_PLACEMENT_3D('',#3052,#2359,#2360);
#2087=AXIS2_PLACEMENT_3D('',#3066,#2361,#2362);
#2088=AXIS2_PLACEMENT_3D('',#3067,#2363,#2364);
#2089=AXIS2_PLACEMENT_3D('',#3071,#2366,#2367);
#2090=AXIS2_PLACEMENT_3D('',#3073,#2368,#2369);
#2091=AXIS2_PLACEMENT_3D('',#3075,#2371,#2372);
#2092=AXIS2_PLACEMENT_3D('',#3085,#2378,#2379);
#2093=AXIS2_PLACEMENT_3D('',#3092,#2383,#2384);
#2094=AXIS2_PLACEMENT_3D('',#3094,#2385,#2386);
#2095=AXIS2_PLACEMENT_3D('',#3095,#2387,#2388);
#2096=AXIS2_PLACEMENT_3D('',#3097,#2389,#2390);
#2097=AXIS2_PLACEMENT_3D('',#3102,#2391,#2392);
#2098=AXIS2_PLACEMENT_3D('',#3110,#2393,#2394);
#2099=AXIS2_PLACEMENT_3D('',#3111,#2395,#2396);
#2100=AXIS2_PLACEMENT_3D('',#3113,#2397,#2398);
#2101=AXIS2_PLACEMENT_3D('',#3124,#2400,#2401);
#2102=AXIS2_PLACEMENT_3D('',#3127,#2403,#2404);
#2103=AXIS2_PLACEMENT_3D('',#3128,#2405,#2406);
#2104=AXIS2_PLACEMENT_3D('',#3130,#2407,#2408);
#2105=AXIS2_PLACEMENT_3D('',#3132,#2409,#2410);
#2106=AXIS2_PLACEMENT_3D('',#3133,#2411,#2412);
#2107=AXIS2_PLACEMENT_3D('',#3134,#2413,#2414);
#2108=AXIS2_PLACEMENT_3D('',#3136,#2415,#2416);
#2109=AXIS2_PLACEMENT_3D('',#3151,#2417,#2418);
#2110=AXIS2_PLACEMENT_3D('',#3153,#2419,#2420);
#2111=AXIS2_PLACEMENT_3D('',#3155,#2421,#2422);
#2112=AXIS2_PLACEMENT_3D('',#3169,#2423,#2424);
#2113=AXIS2_PLACEMENT_3D('',#3187,#2426,#2427);
#2114=AXIS2_PLACEMENT_3D('',#3189,#2428,#2429);
#2115=AXIS2_PLACEMENT_3D('',#3191,#2430,#2431);
#2116=AXIS2_PLACEMENT_3D('',#3195,#2433,#2434);
#2117=AXIS2_PLACEMENT_3D('',#3197,#2435,#2436);
#2118=AXIS2_PLACEMENT_3D('',#3200,#2438,#2439);
#2119=AXIS2_PLACEMENT_3D('',#3201,#2440,#2441);
#2120=AXIS2_PLACEMENT_3D('',#3203,#2442,#2443);
#2121=AXIS2_PLACEMENT_3D('',#3205,#2444,#2445);
#2122=AXIS2_PLACEMENT_3D('',#3208,#2447,#2448);
#2123=AXIS2_PLACEMENT_3D('',#3209,#2449,#2450);
#2124=AXIS2_PLACEMENT_3D('',#3211,#2451,#2452);
#2125=AXIS2_PLACEMENT_3D('',#3215,#2454,#2455);
#2126=AXIS2_PLACEMENT_3D('',#3226,#2457,#2458);
#2127=AXIS2_PLACEMENT_3D('',#3244,#2460,#2461);
#2128=AXIS2_PLACEMENT_3D('',#3246,#2462,#2463);
#2129=AXIS2_PLACEMENT_3D('',#3248,#2464,#2465);
#2130=AXIS2_PLACEMENT_3D('',#3266,#2467,#2468);
#2131=AXIS2_PLACEMENT_3D('',#3280,#2469,#2470);
#2132=AXIS2_PLACEMENT_3D('',#3282,#2471,#2472);
#2133=AXIS2_PLACEMENT_3D('',#3284,#2473,#2474);
#2134=AXIS2_PLACEMENT_3D('',#3304,#2476,#2477);
#2135=AXIS2_PLACEMENT_3D('',#3309,#2479,#2480);
#2136=AXIS2_PLACEMENT_3D('',#3318,#2482,#2483);
#2137=AXIS2_PLACEMENT_3D('',#3320,#2484,#2485);
#2138=AXIS2_PLACEMENT_3D('',#3323,#2487,#2488);
#2139=AXIS2_PLACEMENT_3D('',#3324,#2489,#2490);
#2140=AXIS2_PLACEMENT_3D('',#3329,#2492,#2493);
#2141=AXIS2_PLACEMENT_3D('',#3333,#2495,#2496);
#2142=AXIS2_PLACEMENT_3D('',#3342,#2498,#2499);
#2143=AXIS2_PLACEMENT_3D('',#3343,#2500,#2501);
#2144=AXIS2_PLACEMENT_3D('',#3344,#2502,#2503);
#2145=AXIS2_PLACEMENT_3D('',#3349,#2505,#2506);
#2146=AXIS2_PLACEMENT_3D('',#3358,#2508,#2509);
#2147=AXIS2_PLACEMENT_3D('',#3360,#2510,#2511);
#2148=AXIS2_PLACEMENT_3D('',#3363,#2513,#2514);
#2149=AXIS2_PLACEMENT_3D('',#3392,#2515,#2516);
#2150=AXIS2_PLACEMENT_3D('',#3394,#2517,#2518);
#2151=AXIS2_PLACEMENT_3D('',#3395,#2519,#2520);
#2152=AXIS2_PLACEMENT_3D('',#3396,#2521,#2522);
#2153=AXIS2_PLACEMENT_3D('',#3425,#2523,#2524);
#2154=AXIS2_PLACEMENT_3D('',#3427,#2525,#2526);
#2155=AXIS2_PLACEMENT_3D('',#3428,#2527,#2528);
#2156=AXIS2_PLACEMENT_3D('',#3429,#2529,#2530);
#2157=AXIS2_PLACEMENT_3D('',#3458,#2531,#2532);
#2158=AXIS2_PLACEMENT_3D('',#3460,#2533,#2534);
#2159=AXIS2_PLACEMENT_3D('',#3461,#2535,#2536);
#2160=AXIS2_PLACEMENT_3D('',#3462,#2537,#2538);
#2161=AXIS2_PLACEMENT_3D('',#3491,#2539,#2540);
#2162=AXIS2_PLACEMENT_3D('',#3493,#2541,#2542);
#2163=AXIS2_PLACEMENT_3D('',#3494,#2543,#2544);
#2164=AXIS2_PLACEMENT_3D('',#3495,#2545,#2546);
#2165=AXIS2_PLACEMENT_3D('',#3496,#2547,#2548);
#2166=AXIS2_PLACEMENT_3D('',#3506,#2551,#2552);
#2167=AXIS2_PLACEMENT_3D('',#3509,#2555,#2556);
#2168=AXIS2_PLACEMENT_3D('',#3510,#2557,#2558);
#2169=AXIS2_PLACEMENT_3D('',#3525,#2561,#2562);
#2170=AXIS2_PLACEMENT_3D('',#3526,#2563,#2564);
#2171=AXIS2_PLACEMENT_3D('',#3541,#2567,#2568);
#2172=AXIS2_PLACEMENT_3D('',#3543,#2570,#2571);
#2173=AXIS2_PLACEMENT_3D('',#3545,#2573,#2574);
#2174=AXIS2_PLACEMENT_3D('',#3557,#2576,#2577);
#2175=AXIS2_PLACEMENT_3D('',#3559,#2578,#2579);
#2176=AXIS2_PLACEMENT_3D('',#3561,#2581,#2582);
#2177=AXIS2_PLACEMENT_3D('',#3565,#2585,#2586);
#2178=AXIS2_PLACEMENT_3D('',#3567,#2587,#2588);
#2179=AXIS2_PLACEMENT_3D('',#3569,#2590,#2591);
#2180=AXIS2_PLACEMENT_3D('',#3572,#2594,#2595);
#2181=AXIS2_PLACEMENT_3D('',#3574,#2597,#2598);
#2182=AXIS2_PLACEMENT_3D('',#3575,#2599,#2600);
#2183=AXIS2_PLACEMENT_3D('',#3576,#2601,#2602);
#2184=AXIS2_PLACEMENT_3D('',#3577,#2603,#2604);
#2185=AXIS2_PLACEMENT_3D('',#3581,#2606,#2607);
#2186=AXIS2_PLACEMENT_3D('',#3582,#2608,#2609);
#2187=AXIS2_PLACEMENT_3D('',#3583,#2610,#2611);
#2188=AXIS2_PLACEMENT_3D('',#3584,#2612,#2613);
#2189=AXIS2_PLACEMENT_3D('',#3585,#2614,#2615);
#2190=AXIS2_PLACEMENT_3D('',#3587,#2616,#2617);
#2191=AXIS2_PLACEMENT_3D('',#3591,#2619,#2620);
#2192=AXIS2_PLACEMENT_3D('',#3595,#2622,#2623);
#2193=AXIS2_PLACEMENT_3D('',#3599,#2625,#2626);
#2194=AXIS2_PLACEMENT_3D('',#3603,#2628,#2629);
#2195=AXIS2_PLACEMENT_3D('',#3607,#2631,#2632);
#2196=AXIS2_PLACEMENT_3D('',#3610,#2634,#2635);
#2197=AXIS2_PLACEMENT_3D('',#3614,#2637,#2638);
#2198=AXIS2_PLACEMENT_3D('',#3618,#2640,#2641);
#2199=AXIS2_PLACEMENT_3D('',#3622,#2643,#2644);
#2200=AXIS2_PLACEMENT_3D('',#3626,#2646,#2647);
#2201=AXIS2_PLACEMENT_3D('',#3630,#2649,#2650);
#2202=AXIS2_PLACEMENT_3D('',#3634,#2652,#2653);
#2203=AXIS2_PLACEMENT_3D('',#3636,#2655,#2656);
#2204=AXIS2_PLACEMENT_3D('',#3637,#2657,#2658);
#2205=AXIS2_PLACEMENT_3D('',#3638,#2659,#2660);
#2206=AXIS2_PLACEMENT_3D('',#3639,#2661,#2662);
#2207=AXIS2_PLACEMENT_3D('',#3640,#2663,#2664);
#2208=AXIS2_PLACEMENT_3D('',#3641,#2665,#2666);
#2209=AXIS2_PLACEMENT_3D('',#3642,#2667,#2668);
#2210=AXIS2_PLACEMENT_3D('',#3643,#2669,#2670);
#2211=AXIS2_PLACEMENT_3D('',#3644,#2671,#2672);
#2212=AXIS2_PLACEMENT_3D('',#3645,#2673,#2674);
#2213=AXIS2_PLACEMENT_3D('',#3646,#2675,#2676);
#2214=AXIS2_PLACEMENT_3D('',#3648,#2677,#2678);
#2215=AXIS2_PLACEMENT_3D('',#3650,#2679,#2680);
#2216=AXIS2_PLACEMENT_3D('',#3652,#2682,#2683);
#2217=AXIS2_PLACEMENT_3D('',#3656,#2686,#2687);
#2218=AXIS2_PLACEMENT_3D('',#3657,#2688,#2689);
#2219=AXIS2_PLACEMENT_3D('',#3659,#2690,#2691);
#2220=AXIS2_PLACEMENT_3D('',#3661,#2692,#2693);
#2221=AXIS2_PLACEMENT_3D('',#3663,#2695,#2696);
#2222=AXIS2_PLACEMENT_3D('',#3667,#2699,#2700);
#2223=AXIS2_PLACEMENT_3D('',#3668,#2701,#2702);
#2224=AXIS2_PLACEMENT_3D('',#3670,#2703,#2704);
#2225=AXIS2_PLACEMENT_3D('',#3672,#2705,#2706);
#2226=AXIS2_PLACEMENT_3D('',#3674,#2708,#2709);
#2227=AXIS2_PLACEMENT_3D('',#3678,#2712,#2713);
#2228=AXIS2_PLACEMENT_3D('',#3680,#2714,#2715);
#2229=AXIS2_PLACEMENT_3D('',#3682,#2716,#2717);
#2230=AXIS2_PLACEMENT_3D('',#3684,#2718,#2719);
#2231=AXIS2_PLACEMENT_3D('',#3687,#2721,#2722);
#2232=AXIS2_PLACEMENT_3D('',#3688,#2723,#2724);
#2233=AXIS2_PLACEMENT_3D('',#3690,#2725,#2726);
#2234=AXIS2_PLACEMENT_3D('',#3692,#2727,#2728);
#2235=AXIS2_PLACEMENT_3D('',#3696,#2730,#2731);
#2236=AXIS2_PLACEMENT_3D('',#3698,#2733,#2734);
#2237=AXIS2_PLACEMENT_3D('',#3699,#2735,#2736);
#2238=AXIS2_PLACEMENT_3D('',#3700,#2737,#2738);
#2239=AXIS2_PLACEMENT_3D('',#3702,#2739,#2740);
#2240=AXIS2_PLACEMENT_3D('',#3704,#2741,#2742);
#2241=AXIS2_PLACEMENT_3D('',#3706,#2743,#2744);
#2242=AXIS2_PLACEMENT_3D('',#3709,#2746,#2747);
#2243=AXIS2_PLACEMENT_3D('',#3710,#2748,#2749);
#2244=AXIS2_PLACEMENT_3D('',#3712,#2750,#2751);
#2245=AXIS2_PLACEMENT_3D('',#3713,#2752,#2753);
#2246=AXIS2_PLACEMENT_3D('',#3714,#2754,#2755);
#2247=AXIS2_PLACEMENT_3D('',#3718,#2757,#2758);
#2248=AXIS2_PLACEMENT_3D('',#3721,#2760,#2761);
#2249=AXIS2_PLACEMENT_3D('',#3722,#2762,#2763);
#2250=AXIS2_PLACEMENT_3D('',#3724,#2764,#2765);
#2251=AXIS2_PLACEMENT_3D('',#3726,#2766,#2767);
#2252=AXIS2_PLACEMENT_3D('',#3728,#2769,#2770);
#2253=AXIS2_PLACEMENT_3D('',#3732,#2773,#2774);
#2254=AXIS2_PLACEMENT_3D('',#3734,#2775,#2776);
#2255=AXIS2_PLACEMENT_3D('',#3737,#2778,#2779);
#2256=AXIS2_PLACEMENT_3D('',#3738,#2780,#2781);
#2257=AXIS2_PLACEMENT_3D('',#3740,#2782,#2783);
#2258=AXIS2_PLACEMENT_3D('',#3742,#2784,#2785);
#2259=AXIS2_PLACEMENT_3D('',#3744,#2787,#2788);
#2260=AXIS2_PLACEMENT_3D('',#3748,#2791,#2792);
#2261=AXIS2_PLACEMENT_3D('',#3750,#2793,#2794);
#2262=AXIS2_PLACEMENT_3D('',#3753,#2796,#2797);
#2263=AXIS2_PLACEMENT_3D('',#3754,#2798,#2799);
#2264=AXIS2_PLACEMENT_3D('',#3755,#2800,#2801);
#2265=AXIS2_PLACEMENT_3D('',#3756,#2802,#2803);
#2266=AXIS2_PLACEMENT_3D('',#3759,#2805,#2806);
#2267=AXIS2_PLACEMENT_3D('',#3760,#2807,#2808);
#2268=AXIS2_PLACEMENT_3D('',#3761,#2809,#2810);
#2269=AXIS2_PLACEMENT_3D('',#3763,#2812,#2813);
#2270=AXIS2_PLACEMENT_3D('',#3764,#2814,#2815);
#2271=AXIS2_PLACEMENT_3D('',#3766,#2816,#2817);
#2272=AXIS2_PLACEMENT_3D('',#3767,#2818,#2819);
#2273=AXIS2_PLACEMENT_3D('',#3768,#2820,#2821);
#2274=AXIS2_PLACEMENT_3D('',#3769,#2822,#2823);
#2275=AXIS2_PLACEMENT_3D('',#3771,#2825,#2826);
#2276=AXIS2_PLACEMENT_3D('',#3772,#2827,#2828);
#2277=AXIS2_PLACEMENT_3D('',#3773,#2829,#2830);
#2278=AXIS2_PLACEMENT_3D('',#3774,#2831,#2832);
#2279=AXIS2_PLACEMENT_3D('',#3778,#2834,#2835);
#2280=AXIS2_PLACEMENT_3D('',#3780,#2837,#2838);
#2281=AXIS2_PLACEMENT_3D('',#3782,#2839,#2840);
#2282=AXIS2_PLACEMENT_3D('',#3783,#2841,#2842);
#2283=AXIS2_PLACEMENT_3D('',#3784,#2843,#2844);
#2284=AXIS2_PLACEMENT_3D('',#3785,#2845,#2846);
#2285=AXIS2_PLACEMENT_3D('',#3787,#2848,#2849);
#2286=AXIS2_PLACEMENT_3D('',#3788,#2850,#2851);
#2287=AXIS2_PLACEMENT_3D('',#3790,#2853,#2854);
#2288=AXIS2_PLACEMENT_3D('',#3792,#2855,#2856);
#2289=AXIS2_PLACEMENT_3D('',#3793,#2857,#2858);
#2290=AXIS2_PLACEMENT_3D('',#3794,#2859,#2860);
#2291=AXIS2_PLACEMENT_3D('',#3805,#2862,#2863);
#2292=AXIS2_PLACEMENT_3D('',#3808,#2865,#2866);
#2293=AXIS2_PLACEMENT_3D('',#3809,#2867,#2868);
#2294=AXIS2_PLACEMENT_3D('',#3811,#2870,#2871);
#2295=AXIS2_PLACEMENT_3D('',#3813,#2873,#2874);
#2296=AXIS2_PLACEMENT_3D('',#3814,#2875,#2876);
#2297=AXIS2_PLACEMENT_3D('',#3815,#2877,#2878);
#2298=AXIS2_PLACEMENT_3D('',#3818,#2880,#2881);
#2299=AXIS2_PLACEMENT_3D('',#3819,#2882,#2883);
#2300=AXIS2_PLACEMENT_3D('',#3821,#2884,#2885);
#2301=AXIS2_PLACEMENT_3D('',#3824,#2887,#2888);
#2302=AXIS2_PLACEMENT_3D('',#3825,#2889,#2890);
#2303=AXIS2_PLACEMENT_3D('',#3826,#2891,#2892);
#2304=AXIS2_PLACEMENT_3D('',#3828,#2893,#2894);
#2305=AXIS2_PLACEMENT_3D('',#3831,#2896,#2897);
#2306=AXIS2_PLACEMENT_3D('',#3832,#2898,#2899);
#2307=AXIS2_PLACEMENT_3D('',#3833,#2900,#2901);
#2308=AXIS2_PLACEMENT_3D('',#3835,#2902,#2903);
#2309=AXIS2_PLACEMENT_3D('',#3838,#2905,#2906);
#2310=AXIS2_PLACEMENT_3D('',#3839,#2907,#2908);
#2311=AXIS2_PLACEMENT_3D('',#3840,#2909,#2910);
#2312=AXIS2_PLACEMENT_3D('',#3842,#2911,#2912);
#2313=AXIS2_PLACEMENT_3D('',#3845,#2914,#2915);
#2314=AXIS2_PLACEMENT_3D('',#3846,#2916,#2917);
#2315=AXIS2_PLACEMENT_3D('',#3847,#2918,#2919);
#2316=AXIS2_PLACEMENT_3D('',#3858,#2921,#2922);
#2317=AXIS2_PLACEMENT_3D('',#3861,#2924,#2925);
#2318=AXIS2_PLACEMENT_3D('',#3862,#2926,#2927);
#2319=AXIS2_PLACEMENT_3D('',#3881,#2930,#2931);
#2320=AXIS2_PLACEMENT_3D('',#3883,#2933,#2934);
#2321=AXIS2_PLACEMENT_3D('',#3885,#2936,#2937);
#2322=AXIS2_PLACEMENT_3D('',#3916,#2940,#2941);
#2323=AXIS2_PLACEMENT_3D('',#3918,#2943,#2944);
#2324=AXIS2_PLACEMENT_3D('',#3920,#2946,#2947);
#2325=AXIS2_PLACEMENT_3D('',#3931,#2949,#2950);
#2326=AXIS2_PLACEMENT_3D('',#3934,#2952,#2953);
#2327=AXIS2_PLACEMENT_3D('',#3935,#2954,#2955);
#2328=AXIS2_PLACEMENT_3D('',#3954,#2958,#2959);
#2329=AXIS2_PLACEMENT_3D('',#3956,#2961,#2962);
#2330=AXIS2_PLACEMENT_3D('',#3958,#2964,#2965);
#2331=AXIS2_PLACEMENT_3D('',#3977,#2968,#2969);
#2332=AXIS2_PLACEMENT_3D('',#3979,#2971,#2972);
#2333=AXIS2_PLACEMENT_3D('',#3981,#2974,#2975);
#2334=AXIS2_PLACEMENT_3D('',#3983,#2977,#2978);
#2335=AXIS2_PLACEMENT_3D('',#3985,#2980,#2981);
#2336=AXIS2_PLACEMENT_3D('',#3986,#2982,#2983);
#2337=DIRECTION('axis',(0.,0.,1.));
#2338=DIRECTION('refdir',(1.,0.,0.));
#2339=DIRECTION('axis',(0.,0.,1.));
#2340=DIRECTION('refdir',(1.,0.,0.));
#2341=DIRECTION('center_axis',(0.,0.,-1.));
#2342=DIRECTION('ref_axis',(-1.,0.,0.));
#2343=DIRECTION('center_axis',(0.,0.,1.));
#2344=DIRECTION('ref_axis',(0.307089268577631,0.951680713855469,0.));
#2345=DIRECTION('center_axis',(0.,0.,-1.));
#2346=DIRECTION('ref_axis',(0.307089268577631,0.951680713855469,0.));
#2347=DIRECTION('center_axis',(0.,0.,-1.));
#2348=DIRECTION('ref_axis',(0.443506514162899,0.896271148645918,0.));
#2349=DIRECTION('',(0.,0.,1.));
#2350=DIRECTION('center_axis',(0.,0.,1.));
#2351=DIRECTION('ref_axis',(0.443506514162899,0.896271148645918,0.));
#2352=DIRECTION('',(0.,0.,-1.));
#2353=DIRECTION('center_axis',(0.,0.,1.));
#2354=DIRECTION('ref_axis',(1.,0.,0.));
#2355=DIRECTION('center_axis',(-0.972154970591922,0.234338885278177,-2.70951317785273E-16));
#2356=DIRECTION('ref_axis',(0.234338885278177,0.972154970591922,0.));
#2357=DIRECTION('center_axis',(0.,0.,1.));
#2358=DIRECTION('ref_axis',(0.193165879234527,0.981166113917288,0.));
#2359=DIRECTION('center_axis',(0.,0.,1.));
#2360=DIRECTION('ref_axis',(0.111199528704096,0.993798100630096,0.));
#2361=DIRECTION('center_axis',(0.,0.,-1.));
#2362=DIRECTION('ref_axis',(0.193165879234527,0.981166113917288,0.));
#2363=DIRECTION('center_axis',(0.,0.,-1.));
#2364=DIRECTION('ref_axis',(0.176376392276985,0.98432279677317,0.));
#2365=DIRECTION('',(0.,0.,1.));
#2366=DIRECTION('center_axis',(-9.96362074301924E-16,1.97411319119046E-29,
-1.));
#2367=DIRECTION('ref_axis',(1.,1.96693151408132E-44,-9.96362074301924E-16));
#2368=DIRECTION('center_axis',(-0.70649512685795,1.401005054825E-14,-0.707717906885201));
#2369=DIRECTION('ref_axis',(0.707717906885201,2.56068957527056E-14,-0.70649512685795));
#2370=DIRECTION('',(0.,0.,-1.));
#2371=DIRECTION('center_axis',(0.972154970591922,-0.234338885278177,2.70951317785273E-16));
#2372=DIRECTION('ref_axis',(2.78712063386661E-16,-1.60237371373018E-31,
-1.));
#2373=DIRECTION('',(0.234338885278138,0.972154970591932,0.));
#2374=DIRECTION('',(0.165702614875905,0.687417372069798,-0.707106781186506));
#2375=DIRECTION('',(0.000593202634189433,0.00246090139376959,-0.99999679603235));
#2376=DIRECTION('',(-0.234338885278177,-0.972154970591922,0.));
#2377=DIRECTION('',(0.,0.,-1.));
#2378=DIRECTION('center_axis',(0.916693231783224,-0.399591690107324,-2.66834958443812E-16));
#2379=DIRECTION('ref_axis',(0.399591690107324,0.916693231783224,1.05926146941298E-32));
#2380=DIRECTION('',(-0.282553993780682,-0.648200000461729,0.707106781186548));
#2381=DIRECTION('',(0.,0.,1.));
#2382=DIRECTION('',(0.00101152159570312,0.00232050621556862,-0.99999679603235));
#2383=DIRECTION('center_axis',(-2.63406670373385E-16,6.34944297744545E-17,
-1.));
#2384=DIRECTION('ref_axis',(0.234338885278179,0.972154970591922,0.));
#2385=DIRECTION('center_axis',(2.63406670373385E-16,-6.34944297744545E-17,
1.));
#2386=DIRECTION('ref_axis',(0.234338885278179,0.972154970591922,0.));
#2387=DIRECTION('center_axis',(0.,0.,-1.));
#2388=DIRECTION('ref_axis',(0.234338885278177,0.972154970591922,0.));
#2389=DIRECTION('center_axis',(0.,0.,-1.));
#2390=DIRECTION('ref_axis',(0.234338885278181,0.972154970591922,0.));
#2391=DIRECTION('center_axis',(-2.63406670373385E-16,6.34944297744545E-17,
-1.));
#2392=DIRECTION('ref_axis',(0.234338885278179,0.972154970591922,0.));
#2393=DIRECTION('center_axis',(0.,0.,1.));
#2394=DIRECTION('ref_axis',(0.234338885278179,0.972154970591922,0.));
#2395=DIRECTION('center_axis',(0.,0.,1.));
#2396=DIRECTION('ref_axis',(1.,0.,0.));
#2397=DIRECTION('center_axis',(0.,0.,1.));
#2398=DIRECTION('ref_axis',(1.,0.,0.));
#2399=DIRECTION('',(0.,0.,1.));
#2400=DIRECTION('center_axis',(0.,0.,1.));
#2401=DIRECTION('ref_axis',(0.916962387606929,0.398973657920169,0.));
#2402=DIRECTION('',(0.,0.,-1.));
#2403=DIRECTION('center_axis',(0.,0.,-1.));
#2404=DIRECTION('ref_axis',(0.234338885278177,0.972154970591922,0.));
#2405=DIRECTION('center_axis',(0.,0.,-1.));
#2406=DIRECTION('ref_axis',(1.,0.,0.));
#2407=DIRECTION('center_axis',(-0.275940033424263,-0.651044901755438,-0.70710510806532));
#2408=DIRECTION('ref_axis',(-0.251909771505583,0.758937354171308,-0.60046278774247));
#2409=DIRECTION('center_axis',(0.,0.,-1.));
#2410=DIRECTION('ref_axis',(1.,0.,0.));
#2411=DIRECTION('center_axis',(-0.622490041114861,0.335419362598431,0.707106781120703));
#2412=DIRECTION('ref_axis',(0.746702528338194,0.525139073536088,0.408245376727046));
#2413=DIRECTION('center_axis',(0.,0.,1.));
#2414=DIRECTION('ref_axis',(1.,0.,0.));
#2415=DIRECTION('center_axis',(0.,0.,-1.));
#2416=DIRECTION('ref_axis',(1.,0.,0.));
#2417=DIRECTION('center_axis',(-0.707106781186539,1.40100557851781E-14,
0.707106781186556));
#2418=DIRECTION('ref_axis',(0.707106781186556,0.,0.707106781186539));
#2419=DIRECTION('center_axis',(-1.33689954445749E-46,2.64882726277908E-60,
1.));
#2420=DIRECTION('ref_axis',(1.,3.54121596095593E-106,1.33689954445749E-46));
#2421=DIRECTION('center_axis',(0.707106781186575,-1.40100557851789E-14,
0.70710678118652));
#2422=DIRECTION('ref_axis',(0.70710678118652,0.,-0.707106781186575));
#2423=DIRECTION('center_axis',(0.,0.,-1.));
#2424=DIRECTION('ref_axis',(1.,0.,0.));
#2425=DIRECTION('',(0.,0.,-1.));
#2426=DIRECTION('center_axis',(-0.707106781186559,1.40100557851785E-14,
0.707106781186537));
#2427=DIRECTION('ref_axis',(0.707106781186537,-7.88860905221011E-31,0.707106781186559));
#2428=DIRECTION('center_axis',(-9.96362074301924E-16,1.97411319119046E-29,
1.));
#2429=DIRECTION('ref_axis',(1.,1.96693151408132E-44,9.96362074301924E-16));
#2430=DIRECTION('center_axis',(0.707106781186567,-1.40100557851787E-14,
0.707106781186528));
#2431=DIRECTION('ref_axis',(0.707106781186528,0.,-0.707106781186567));
#2432=DIRECTION('',(0.,0.,1.));
#2433=DIRECTION('center_axis',(0.,0.,-1.));
#2434=DIRECTION('ref_axis',(1.,0.,0.));
#2435=DIRECTION('center_axis',(0.541675220419703,0.454519477672045,-0.707106781186546));
#2436=DIRECTION('ref_axis',(0.541675220419701,0.454519477672043,0.707106781186549));
#2437=DIRECTION('',(0.,0.,-1.));
#2438=DIRECTION('center_axis',(0.,0.,-1.));
#2439=DIRECTION('ref_axis',(1.,0.,0.));
#2440=DIRECTION('center_axis',(0.,0.,1.));
#2441=DIRECTION('ref_axis',(1.,0.,0.));
#2442=DIRECTION('center_axis',(0.,0.,-1.));
#2443=DIRECTION('ref_axis',(1.,0.,0.));
#2444=DIRECTION('center_axis',(0.,0.,-1.));
#2445=DIRECTION('ref_axis',(1.,0.,0.));
#2446=DIRECTION('',(0.,0.,1.));
#2447=DIRECTION('center_axis',(-0.541675220419703,0.454519477672045,-0.707106781186546));
#2448=DIRECTION('ref_axis',(0.541675220419701,-0.454519477672043,-0.707106781186549));
#2449=DIRECTION('center_axis',(0.,0.,1.));
#2450=DIRECTION('ref_axis',(1.,0.,0.));
#2451=DIRECTION('center_axis',(0.,0.,-1.));
#2452=DIRECTION('ref_axis',(1.,0.,0.));
#2453=DIRECTION('',(0.,0.,1.));
#2454=DIRECTION('center_axis',(0.,0.,1.));
#2455=DIRECTION('ref_axis',(1.,0.,0.));
#2456=DIRECTION('',(0.,0.,1.));
#2457=DIRECTION('center_axis',(0.,0.,-1.));
#2458=DIRECTION('ref_axis',(1.,0.,0.));
#2459=DIRECTION('',(0.,0.,1.));
#2460=DIRECTION('center_axis',(0.707106781186567,-1.40100557851787E-14,
0.707106781186528));
#2461=DIRECTION('ref_axis',(0.707106781186528,0.,-0.707106781186567));
#2462=DIRECTION('center_axis',(-9.96362074301924E-16,1.97411319119046E-29,
1.));
#2463=DIRECTION('ref_axis',(1.,0.,0.));
#2464=DIRECTION('center_axis',(-0.707106781186559,1.40100557851785E-14,
0.707106781186537));
#2465=DIRECTION('ref_axis',(0.707106781186536,0.,0.707106781186559));
#2466=DIRECTION('',(0.,0.,-1.));
#2467=DIRECTION('center_axis',(0.,0.,-1.));
#2468=DIRECTION('ref_axis',(1.,0.,0.));
#2469=DIRECTION('center_axis',(0.707106781186575,-1.40100557851789E-14,
0.70710678118652));
#2470=DIRECTION('ref_axis',(0.70710678118652,0.,-0.707106781186575));
#2471=DIRECTION('center_axis',(-1.33689954445749E-46,2.64882726277908E-60,
1.));
#2472=DIRECTION('ref_axis',(1.,0.,0.));
#2473=DIRECTION('center_axis',(-0.707106781186539,1.40100557851781E-14,
0.707106781186556));
#2474=DIRECTION('ref_axis',(0.707106781186556,0.,0.707106781186539));
#2475=DIRECTION('',(0.,1.,0.));
#2476=DIRECTION('center_axis',(0.,0.,1.));
#2477=DIRECTION('ref_axis',(-0.913082345399449,-0.407775220580949,0.));
#2478=DIRECTION('',(0.,0.,1.));
#2479=DIRECTION('center_axis',(0.,0.,1.));
#2480=DIRECTION('ref_axis',(1.,0.,0.));
#2481=DIRECTION('',(0.,0.,1.));
#2482=DIRECTION('center_axis',(0.,0.,1.));
#2483=DIRECTION('ref_axis',(-1.,0.,0.));
#2484=DIRECTION('center_axis',(0.165701411807126,0.687417662069517,0.707106781186551));
#2485=DIRECTION('ref_axis',(0.165701411807128,0.687417662069523,-0.707106781186544));
#2486=DIRECTION('',(0.,0.,-1.));
#2487=DIRECTION('center_axis',(0.,0.,1.));
#2488=DIRECTION('ref_axis',(1.,0.,0.));
#2489=DIRECTION('center_axis',(0.,0.,1.));
#2490=DIRECTION('ref_axis',(1.,0.,0.));
#2491=DIRECTION('',(0.,0.,-1.));
#2492=DIRECTION('center_axis',(0.,0.,1.));
#2493=DIRECTION('ref_axis',(1.,0.,0.));
#2494=DIRECTION('',(0.,0.,1.));
#2495=DIRECTION('center_axis',(0.,0.,1.));
#2496=DIRECTION('ref_axis',(1.,0.,0.));
#2497=DIRECTION('',(0.,0.,1.));
#2498=DIRECTION('center_axis',(0.,0.,1.));
#2499=DIRECTION('ref_axis',(1.,0.,0.));
#2500=DIRECTION('center_axis',(-0.165703817944156,-0.687417082067885,0.707106781186551));
#2501=DIRECTION('ref_axis',(0.165703817944157,0.687417082067892,0.707106781186544));
#2502=DIRECTION('center_axis',(0.,0.,1.));
#2503=DIRECTION('ref_axis',(1.,0.,0.));
#2504=DIRECTION('',(0.,0.,1.));
#2505=DIRECTION('center_axis',(0.,0.,1.));
#2506=DIRECTION('ref_axis',(1.,0.,0.));
#2507=DIRECTION('',(0.,0.,1.));
#2508=DIRECTION('center_axis',(0.,0.,1.));
#2509=DIRECTION('ref_axis',(1.,0.,0.));
#2510=DIRECTION('center_axis',(-0.687417952067175,0.165700208737851,0.70710678118655));
#2511=DIRECTION('ref_axis',(0.68741795206718,-0.165700208737852,0.707106781186545));
#2512=DIRECTION('',(0.,0.,-1.));
#2513=DIRECTION('center_axis',(0.,0.,1.));
#2514=DIRECTION('ref_axis',(1.,0.,0.));
#2515=DIRECTION('center_axis',(0.,0.,1.));
#2516=DIRECTION('ref_axis',(1.,0.,0.));
#2517=DIRECTION('center_axis',(1.22464679913363E-16,1.,-3.85787922744013E-14));
#2518=DIRECTION('ref_axis',(1.,-1.22464679914734E-16,-3.55271367880043E-14));
#2519=DIRECTION('center_axis',(0.,0.,1.));
#2520=DIRECTION('ref_axis',(1.,0.,0.));
#2521=DIRECTION('center_axis',(0.,0.,-1.));
#2522=DIRECTION('ref_axis',(1.,0.,0.));
#2523=DIRECTION('center_axis',(0.,0.,1.));
#2524=DIRECTION('ref_axis',(1.,0.,0.));
#2525=DIRECTION('center_axis',(0.,1.,0.));
#2526=DIRECTION('ref_axis',(1.,0.,0.));
#2527=DIRECTION('center_axis',(0.,0.,1.));
#2528=DIRECTION('ref_axis',(1.,0.,0.));
#2529=DIRECTION('center_axis',(0.,0.,-1.));
#2530=DIRECTION('ref_axis',(1.,0.,0.));
#2531=DIRECTION('center_axis',(0.,0.,1.));
#2532=DIRECTION('ref_axis',(1.,0.,0.));
#2533=DIRECTION('center_axis',(-1.23152738254419E-27,1.,-2.07986484792099E-14));
#2534=DIRECTION('ref_axis',(1.,0.,-5.92118946466742E-14));
#2535=DIRECTION('center_axis',(0.,0.,1.));
#2536=DIRECTION('ref_axis',(1.,0.,0.));
#2537=DIRECTION('center_axis',(0.,0.,-1.));
#2538=DIRECTION('ref_axis',(1.,0.,0.));
#2539=DIRECTION('center_axis',(0.,0.,1.));
#2540=DIRECTION('ref_axis',(1.,0.,0.));
#2541=DIRECTION('center_axis',(1.22464679913364E-16,1.,-3.85787922744006E-14));
#2542=DIRECTION('ref_axis',(1.,-1.22464679914734E-16,-3.55271367880045E-14));
#2543=DIRECTION('center_axis',(0.,0.,1.));
#2544=DIRECTION('ref_axis',(1.,0.,0.));
#2545=DIRECTION('center_axis',(0.,0.,-1.));
#2546=DIRECTION('ref_axis',(1.,0.,0.));
#2547=DIRECTION('center_axis',(1.98132109010028E-14,1.,0.));
#2548=DIRECTION('ref_axis',(0.999957998508762,-1.98123787165987E-14,0.00916521785619954));
#2549=DIRECTION('',(1.98132109010028E-14,1.,0.));
#2550=DIRECTION('',(-1.98132109010028E-14,-1.,0.));
#2551=DIRECTION('center_axis',(1.33689954445749E-46,-2.64882726277908E-60,
-1.));
#2552=DIRECTION('ref_axis',(-1.,1.9817480989559E-14,-1.33689954445749E-46));
#2553=DIRECTION('',(1.98132109010028E-14,1.,0.));
#2554=DIRECTION('',(1.98132109010028E-14,1.,0.));
#2555=DIRECTION('center_axis',(0.707106781186539,-1.40100557851781E-14,
-0.707106781186556));
#2556=DIRECTION('ref_axis',(-0.707106781186556,1.3926479591908E-14,-0.707106781186539));
#2557=DIRECTION('center_axis',(1.98132109010028E-14,1.,0.));
#2558=DIRECTION('ref_axis',(-1.,1.98132109010028E-14,-1.33689954445749E-46));
#2559=DIRECTION('',(1.98132109010028E-14,1.,0.));
#2560=DIRECTION('',(1.98132109010028E-14,1.,0.));
#2561=DIRECTION('center_axis',(-0.707106781186575,1.40100557851789E-14,
-0.70710678118652));
#2562=DIRECTION('ref_axis',(-0.70710678118652,1.4099670795597E-14,0.707106781186575));
#2563=DIRECTION('center_axis',(1.98132109010028E-14,1.,0.));
#2564=DIRECTION('ref_axis',(5.2293500542552E-34,-1.03610215500129E-47,1.));
#2565=DIRECTION('',(1.98132109010028E-14,1.,0.));
#2566=DIRECTION('',(-1.98132109010028E-14,-1.,0.));
#2567=DIRECTION('center_axis',(1.,-1.98132109010028E-14,-2.22044604925034E-14));
#2568=DIRECTION('ref_axis',(-2.22044604925034E-14,-1.22464674570443E-16,
-1.));
#2569=DIRECTION('',(1.98132109010028E-14,1.,0.));
#2570=DIRECTION('center_axis',(1.98132109010028E-14,1.,0.));
#2571=DIRECTION('ref_axis',(1.,-1.98132109010028E-14,-2.13162820728065E-13));
#2572=DIRECTION('',(1.98132109010028E-14,1.,0.));
#2573=DIRECTION('center_axis',(1.98132109010028E-14,1.,0.));
#2574=DIRECTION('ref_axis',(-1.,1.98132109010028E-14,-1.33689954445749E-46));
#2575=DIRECTION('',(1.98132109010028E-14,1.,0.));
#2576=DIRECTION('center_axis',(-0.281588547623966,0.63526758000948,-0.719126547720166));
#2577=DIRECTION('ref_axis',(-0.903503118751364,0.0768142163196162,0.421641661340246));
#2578=DIRECTION('center_axis',(1.9817480989559E-14,1.,-1.22464674570883E-16));
#2579=DIRECTION('ref_axis',(-1.,1.9817480989559E-14,0.));
#2580=DIRECTION('',(1.98132109010028E-14,1.,0.));
#2581=DIRECTION('center_axis',(-1.,1.98132109010028E-14,5.22935005425343E-34));
#2582=DIRECTION('ref_axis',(2.426941360201E-30,1.22464674570883E-16,1.));
#2583=DIRECTION('',(2.42694136020101E-30,1.22464674570883E-16,1.));
#2584=DIRECTION('',(1.98132109010028E-14,1.,0.));
#2585=DIRECTION('center_axis',(1.98132109010028E-14,1.,0.));
#2586=DIRECTION('ref_axis',(-5.22935005425437E-34,1.03610215500112E-47,
-1.));
#2587=DIRECTION('center_axis',(1.9817480989559E-14,1.,-1.22464674570883E-16));
#2588=DIRECTION('ref_axis',(-2.42694136020101E-30,-1.22464674570883E-16,
-1.));
#2589=DIRECTION('',(1.98132109010028E-14,1.,0.));
#2590=DIRECTION('center_axis',(-0.707106781186567,1.40100557851787E-14,
-0.707106781186528));
#2591=DIRECTION('ref_axis',(-0.707106781186528,1.40996707955972E-14,0.707106781186567));
#2592=DIRECTION('',(0.707106781186528,-1.40996707955972E-14,-0.707106781186567));
#2593=DIRECTION('',(1.98132109010028E-14,1.,0.));
#2594=DIRECTION('center_axis',(9.96362074301924E-16,-1.97411319119046E-29,
-1.));
#2595=DIRECTION('ref_axis',(-1.,1.9817480989559E-14,-9.96362074301924E-16));
#2596=DIRECTION('',(1.98132109010028E-14,1.,0.));
#2597=DIRECTION('center_axis',(0.707106781186559,-1.40100557851785E-14,
-0.707106781186537));
#2598=DIRECTION('ref_axis',(-0.707106781186537,1.39264795919076E-14,-0.707106781186559));
#2599=DIRECTION('center_axis',(1.9817480989559E-14,1.,-1.22464674570883E-16));
#2600=DIRECTION('ref_axis',(-1.,1.9817480989559E-14,0.));
#2601=DIRECTION('center_axis',(0.,1.,0.));
#2602=DIRECTION('ref_axis',(-0.399923972138457,0.,-0.916548316516374));
#2603=DIRECTION('center_axis',(0.,0.,-1.));
#2604=DIRECTION('ref_axis',(-1.,0.,0.));
#2605=DIRECTION('',(-0.622490628020657,0.335418273244703,-0.70710678118654));
#2606=DIRECTION('center_axis',(-0.335418273550243,-0.622490627584667,0.707106781425423));
#2607=DIRECTION('ref_axis',(-0.525140110068703,0.746701690669206,0.408245575540972));
#2608=DIRECTION('center_axis',(0.,0.,-1.));
#2609=DIRECTION('ref_axis',(-1.,0.,0.));
#2610=DIRECTION('center_axis',(0.,0.,-1.));
#2611=DIRECTION('ref_axis',(-1.,0.,0.));
#2612=DIRECTION('center_axis',(0.,0.,-1.));
#2613=DIRECTION('ref_axis',(-1.,0.,0.));
#2614=DIRECTION('center_axis',(0.,0.,-1.));
#2615=DIRECTION('ref_axis',(-1.,0.,0.));
#2616=DIRECTION('center_axis',(0.,0.,1.));
#2617=DIRECTION('ref_axis',(1.,0.,0.));
#2618=DIRECTION('',(-0.642787609686539,-0.766044443118978,0.));
#2619=DIRECTION('center_axis',(0.,0.,1.));
#2620=DIRECTION('ref_axis',(1.,0.,0.));
#2621=DIRECTION('',(0.766044443118978,0.642787609686539,0.));
#2622=DIRECTION('center_axis',(0.,0.,1.));
#2623=DIRECTION('ref_axis',(1.,0.,0.));
#2624=DIRECTION('',(-0.17364817766693,0.984807753012208,0.));
#2625=DIRECTION('center_axis',(0.,0.,1.));
#2626=DIRECTION('ref_axis',(1.,0.,0.));
#2627=DIRECTION('',(-0.17364817766693,-0.984807753012208,0.));
#2628=DIRECTION('center_axis',(0.,0.,1.));
#2629=DIRECTION('ref_axis',(-1.,0.,0.));
#2630=DIRECTION('',(0.766044443118978,-0.642787609686539,0.));
#2631=DIRECTION('center_axis',(0.,0.,1.));
#2632=DIRECTION('ref_axis',(-1.,0.,0.));
#2633=DIRECTION('',(-0.642787609686539,0.766044443118978,0.));
#2634=DIRECTION('center_axis',(0.,0.,1.));
#2635=DIRECTION('ref_axis',(1.,0.,0.));
#2636=DIRECTION('',(-0.88033468859695,0.474353071090418,0.));
#2637=DIRECTION('center_axis',(0.,0.,-1.));
#2638=DIRECTION('ref_axis',(-1.,0.,0.));
#2639=DIRECTION('',(0.97215538071352,-0.234337183882009,0.));
#2640=DIRECTION('center_axis',(0.,0.,-1.));
#2641=DIRECTION('ref_axis',(-1.,0.,0.));
#2642=DIRECTION('',(-0.474351530391145,-0.880335518774279,0.));
#2643=DIRECTION('center_axis',(0.,0.,-1.));
#2644=DIRECTION('ref_axis',(-1.,0.,0.));
#2645=DIRECTION('',(0.234335482485123,0.972155790832141,0.));
#2646=DIRECTION('center_axis',(0.,0.,-1.));
#2647=DIRECTION('ref_axis',(1.,0.,0.));
#2648=DIRECTION('',(0.880333028234203,-0.474356152484605,0.));
#2649=DIRECTION('center_axis',(0.,0.,-1.));
#2650=DIRECTION('ref_axis',(1.,0.,0.));
#2651=DIRECTION('',(-0.972154560467347,0.234340586673628,0.));
#2652=DIRECTION('center_axis',(0.,0.,-1.));
#2653=DIRECTION('ref_axis',(1.,0.,0.));
#2654=DIRECTION('',(0.474354611788238,0.880333858416925,0.));
#2655=DIRECTION('center_axis',(0.,0.,1.));
#2656=DIRECTION('ref_axis',(1.,0.,0.));
#2657=DIRECTION('center_axis',(0.,0.,-1.));
#2658=DIRECTION('ref_axis',(-1.,0.,0.));
#2659=DIRECTION('center_axis',(0.,0.,1.));
#2660=DIRECTION('ref_axis',(1.,0.,0.));
#2661=DIRECTION('center_axis',(0.,0.,1.));
#2662=DIRECTION('ref_axis',(1.,0.,0.));
#2663=DIRECTION('center_axis',(0.541675220098132,0.454519477816759,-0.707106781339863));
#2664=DIRECTION('ref_axis',(-0.836082207085757,0.378303068171904,-0.397307603257645));
#2665=DIRECTION('center_axis',(0.,0.,1.));
#2666=DIRECTION('ref_axis',(1.,0.,0.));
#2667=DIRECTION('center_axis',(-0.541675220131725,0.454519477801625,-0.707106781323858));
#2668=DIRECTION('ref_axis',(0.836425748847372,0.37504960643586,-0.399662056464483));
#2669=DIRECTION('center_axis',(0.,0.,1.));
#2670=DIRECTION('ref_axis',(1.,0.,0.));
#2671=DIRECTION('center_axis',(0.,0.,1.));
#2672=DIRECTION('ref_axis',(1.,0.,0.));
#2673=DIRECTION('center_axis',(0.165701411807126,0.687417662069517,0.707106781186551));
#2674=DIRECTION('ref_axis',(0.973624489981732,4.02455846426619E-16,-0.228156421140874));
#2675=DIRECTION('center_axis',(0.165701411759945,0.687417662058116,0.707106781208691));
#2676=DIRECTION('ref_axis',(-0.883884396656794,-0.214475441506773,0.415630434806127));
#2677=DIRECTION('center_axis',(0.165701411545253,0.687417662006326,0.707106781309349));
#2678=DIRECTION('ref_axis',(-0.883680311868279,-0.214799039735974,0.415897197567962));
#2679=DIRECTION('center_axis',(0.165701411807126,0.687417662069517,0.707106781186551));
#2680=DIRECTION('ref_axis',(0.165701411807128,0.687417662069523,-0.707106781186544));
#2681=DIRECTION('',(-0.97215538071352,0.234337183882009,0.));
#2682=DIRECTION('center_axis',(0.234337183882009,0.97215538071352,0.));
#2683=DIRECTION('ref_axis',(0.,0.,1.));
#2684=DIRECTION('',(0.,0.,-1.));
#2685=DIRECTION('',(0.97215538071352,-0.234337183882009,0.));
#2686=DIRECTION('center_axis',(-0.165703817944156,-0.687417082067885,0.707106781186551));
#2687=DIRECTION('ref_axis',(0.973623754022615,-1.2490009027033E-16,0.228159561717038));
#2688=DIRECTION('center_axis',(-0.165703817999164,-0.6874170820812,0.707106781160716));
#2689=DIRECTION('ref_axis',(0.883885147350941,0.214472347604585,0.415630434888234));
#2690=DIRECTION('center_axis',(-0.165703817681294,-0.687417082004445,0.707106781309824));
#2691=DIRECTION('ref_axis',(0.883681063714844,0.214795946627664,0.415897197567052));
#2692=DIRECTION('center_axis',(-0.165703817944156,-0.687417082067885,0.707106781186551));
#2693=DIRECTION('ref_axis',(0.165703817944157,0.687417082067892,0.707106781186544));
#2694=DIRECTION('',(0.972154560467347,-0.234340586673628,0.));
#2695=DIRECTION('center_axis',(-0.234340586673628,-0.972154560467347,0.));
#2696=DIRECTION('ref_axis',(0.,0.,-1.));
#2697=DIRECTION('',(0.,0.,-1.));
#2698=DIRECTION('',(-0.972154560467347,0.234340586673628,0.));
#2699=DIRECTION('center_axis',(-0.687417952067175,0.165700208737851,0.70710678118655));
#2700=DIRECTION('ref_axis',(0.717018725224451,6.93889390390723E-17,0.697053905862024));
#2701=DIRECTION('center_axis',(-0.687417952061343,0.165700208713759,0.707106781197865));
#2702=DIRECTION('ref_axis',(0.21447698839981,-0.883884021291427,0.415630434824791));
#2703=DIRECTION('center_axis',(-0.687417951999871,0.165700208458781,0.707106781317377));
#2704=DIRECTION('ref_axis',(0.214800586302559,-0.883679935944413,0.415897197554101));
#2705=DIRECTION('center_axis',(-0.687417952067175,0.165700208737851,0.70710678118655));
#2706=DIRECTION('ref_axis',(0.68741795206718,-0.165700208737852,0.707106781186545));
#2707=DIRECTION('',(-0.234335482485123,-0.972155790832141,0.));
#2708=DIRECTION('center_axis',(-0.972155790832141,0.234335482485123,0.));
#2709=DIRECTION('ref_axis',(0.,0.,1.));
#2710=DIRECTION('',(0.,0.,-1.));
#2711=DIRECTION('',(0.234335482485123,0.972155790832141,0.));
#2712=DIRECTION('center_axis',(-0.696364240320021,-0.122787803968973,0.707106781186546));
#2713=DIRECTION('ref_axis',(0.712498293208668,-2.08166817117217E-17,0.701673843159865));
#2714=DIRECTION('center_axis',(0.696364240284314,0.122787803842814,-0.707106781243617));
#2715=DIRECTION('ref_axis',(-0.251158266498398,-0.881261450691504,-0.400372052839139));
#2716=DIRECTION('center_axis',(0.696364240368554,0.122787804141338,-0.707106781108819));
#2717=DIRECTION('ref_axis',(-0.250339440502645,-0.881816536954302,-0.399662056846463));
#2718=DIRECTION('center_axis',(0.696364240320021,0.122787803968973,-0.707106781186546));
#2719=DIRECTION('ref_axis',(0.696364240320017,0.122787803968972,0.707106781186549));
#2720=DIRECTION('',(0.17364817766693,-0.984807753012208,0.));
#2721=DIRECTION('center_axis',(0.696364240320021,0.122787803968973,-0.707106781186546));
#2722=DIRECTION('ref_axis',(0.696364240320017,0.122787803968972,0.707106781186549));
#2723=DIRECTION('center_axis',(0.,0.,1.));
#2724=DIRECTION('ref_axis',(1.,0.,0.));
#2725=DIRECTION('center_axis',(0.,0.,-1.));
#2726=DIRECTION('ref_axis',(1.,0.,0.));
#2727=DIRECTION('center_axis',(0.454519477672044,-0.541675220419703,-0.707106781186546));
#2728=DIRECTION('ref_axis',(0.454519477672042,-0.541675220419701,0.707106781186549));
#2729=DIRECTION('',(0.,0.,-1.));
#2730=DIRECTION('center_axis',(0.,0.,-1.));
#2731=DIRECTION('ref_axis',(1.,0.,0.));
#2732=DIRECTION('',(0.,0.,1.));
#2733=DIRECTION('center_axis',(0.,0.,1.));
#2734=DIRECTION('ref_axis',(1.,0.,0.));
#2735=DIRECTION('center_axis',(0.454519477505854,-0.541675220788366,-0.707106781010959));
#2736=DIRECTION('ref_axis',(0.378303068547854,0.836082206638638,-0.397307603840581));
#2737=DIRECTION('center_axis',(0.696364240320021,-0.122787803968973,0.707106781186546));
#2738=DIRECTION('ref_axis',(0.712498293208668,2.08166817117217E-17,-0.701673843159865));
#2739=DIRECTION('center_axis',(-0.696364240361779,0.122787804117463,-0.707106781119637));
#2740=DIRECTION('ref_axis',(0.24762631982065,-0.883644653588561,-0.397307603647896));
#2741=DIRECTION('center_axis',(-0.696364240303668,0.122787803911246,-0.707106781212674));
#2742=DIRECTION('ref_axis',(0.248659929512816,-0.882950213557562,-0.398204921909984));
#2743=DIRECTION('center_axis',(-0.696364240320021,0.122787803968973,-0.707106781186546));
#2744=DIRECTION('ref_axis',(0.696364240320017,-0.122787803968972,-0.707106781186549));
#2745=DIRECTION('',(0.17364817766693,0.984807753012208,0.));
#2746=DIRECTION('center_axis',(-0.696364240320021,0.122787803968973,-0.707106781186546));
#2747=DIRECTION('ref_axis',(0.696364240320017,-0.122787803968972,-0.707106781186549));
#2748=DIRECTION('center_axis',(0.,0.,1.));
#2749=DIRECTION('ref_axis',(-1.,0.,0.));
#2750=DIRECTION('center_axis',(0.,0.,-1.));
#2751=DIRECTION('ref_axis',(-1.,0.,0.));
#2752=DIRECTION('center_axis',(-0.454519477706455,-0.541675220342892,-0.707106781223268));
#2753=DIRECTION('ref_axis',(-0.375049606550097,0.836425748710731,-0.399662056643247));
#2754=DIRECTION('center_axis',(0.,0.,1.));
#2755=DIRECTION('ref_axis',(-0.939692620785909,-0.342020143325667,0.));
#2756=DIRECTION('',(0.,0.,-1.));
#2757=DIRECTION('center_axis',(0.,0.,-1.));
#2758=DIRECTION('ref_axis',(1.,0.,0.));
#2759=DIRECTION('',(0.,0.,1.));
#2760=DIRECTION('center_axis',(-0.454519477672044,-0.541675220419703,-0.707106781186546));
#2761=DIRECTION('ref_axis',(0.454519477672042,0.541675220419701,-0.707106781186549));
#2762=DIRECTION('center_axis',(-0.454519477672044,0.541675220419703,0.707106781186546));
#2763=DIRECTION('ref_axis',(0.841205080671392,2.77555756156289E-17,0.540716203060938));
#2764=DIRECTION('center_axis',(0.454519477702177,-0.541675220352603,-0.707106781218579));
#2765=DIRECTION('ref_axis',(0.377064900007936,0.836214626370929,-0.398204921899935));
#2766=DIRECTION('center_axis',(0.454519477672044,-0.541675220419703,-0.707106781186546));
#2767=DIRECTION('ref_axis',(0.454519477672043,-0.541675220419701,0.707106781186549));
#2768=DIRECTION('',(-0.766044443118978,-0.642787609686539,0.));
#2769=DIRECTION('center_axis',(0.642787609686539,-0.766044443118978,0.));
#2770=DIRECTION('ref_axis',(-0.766044443118978,-0.642787609686539,0.));
#2771=DIRECTION('',(0.,0.,-1.));
#2772=DIRECTION('',(0.766044443118978,0.642787609686539,0.));
#2773=DIRECTION('center_axis',(0.541675220419703,-0.454519477672045,0.707106781186546));
#2774=DIRECTION('ref_axis',(0.793844806099444,-2.4980018054066E-16,-0.608120402411345));
#2775=DIRECTION('center_axis',(-0.541675220352603,0.454519477702177,-0.707106781218579));
#2776=DIRECTION('ref_axis',(0.836526858978724,0.374065547032621,-0.400372052883785));
#2777=DIRECTION('',(0.642787609686539,0.766044443118978,0.));
#2778=DIRECTION('center_axis',(-0.541675220419703,0.454519477672045,-0.707106781186546));
#2779=DIRECTION('ref_axis',(0.541675220419701,-0.454519477672043,-0.707106781186549));
#2780=DIRECTION('center_axis',(-0.541675220419703,-0.454519477672045,0.707106781186546));
#2781=DIRECTION('ref_axis',(0.793844806099445,-2.77555756156289E-16,0.608120402411344));
#2782=DIRECTION('center_axis',(0.541675220352603,0.454519477702177,-0.707106781218579));
#2783=DIRECTION('ref_axis',(-0.836214626370929,0.377064900007936,-0.398204921899935));
#2784=DIRECTION('center_axis',(0.541675220419703,0.454519477672045,-0.707106781186546));
#2785=DIRECTION('ref_axis',(0.541675220419701,0.454519477672043,0.707106781186549));
#2786=DIRECTION('',(0.642787609686539,-0.766044443118978,0.));
#2787=DIRECTION('center_axis',(0.766044443118978,0.642787609686539,0.));
#2788=DIRECTION('ref_axis',(0.642787609686539,-0.766044443118978,0.));
#2789=DIRECTION('',(0.,0.,-1.));
#2790=DIRECTION('',(-0.642787609686539,0.766044443118978,0.));
#2791=DIRECTION('center_axis',(0.454519477672044,0.541675220419703,0.707106781186546));
#2792=DIRECTION('ref_axis',(0.841205080671392,-2.77555756156289E-17,-0.540716203060938));
#2793=DIRECTION('center_axis',(-0.454519477702177,-0.541675220352603,-0.707106781218579));
#2794=DIRECTION('ref_axis',(-0.374065547032621,0.836526858978724,-0.400372052883785));
#2795=DIRECTION('',(-0.766044443118978,0.642787609686539,0.));
#2796=DIRECTION('center_axis',(-0.454519477672044,-0.541675220419703,-0.707106781186546));
#2797=DIRECTION('ref_axis',(0.454519477672043,0.541675220419701,-0.707106781186549));
#2798=DIRECTION('center_axis',(0.,0.,1.));
#2799=DIRECTION('ref_axis',(1.,0.,0.));
#2800=DIRECTION('center_axis',(0.,0.,1.));
#2801=DIRECTION('ref_axis',(1.,0.,0.));
#2802=DIRECTION('center_axis',(0.,0.,-1.));
#2803=DIRECTION('ref_axis',(1.,0.,0.));
#2804=DIRECTION('',(0.,0.,-1.));
#2805=DIRECTION('center_axis',(0.,0.,1.));
#2806=DIRECTION('ref_axis',(1.,0.,0.));
#2807=DIRECTION('center_axis',(-0.622490040994703,0.335419362682563,0.707106781186574));
#2808=DIRECTION('ref_axis',(0.750589225197359,-1.38777878078145E-16,0.660769108704113));
#2809=DIRECTION('center_axis',(-0.62249004104803,0.335419362645197,0.707106781157353));
#2810=DIRECTION('ref_axis',(0.746702609322919,0.525138803463848,0.408245576004079));
#2811=DIRECTION('',(-0.474354611788238,-0.880333858416925,0.));
#2812=DIRECTION('center_axis',(0.,0.,-1.));
#2813=DIRECTION('ref_axis',(1.,0.,0.));
#2814=DIRECTION('center_axis',(0.,0.,-1.));
#2815=DIRECTION('ref_axis',(1.,0.,0.));
#2816=DIRECTION('center_axis',(0.,0.,1.));
#2817=DIRECTION('ref_axis',(1.,0.,0.));
#2818=DIRECTION('center_axis',(0.335420452223771,0.622489453817989,0.707106781268136));
#2819=DIRECTION('ref_axis',(0.525137766588783,-0.746703447622098,0.4082453764728));
#2820=DIRECTION('center_axis',(0.33542045211941,0.622489453966867,0.707106781186577));
#2821=DIRECTION('ref_axis',(0.903502828773873,-1.38777878078144E-16,-0.428582125616095));
#2822=DIRECTION('center_axis',(0.335420452075647,0.62248945402939,0.707106781152296));
#2823=DIRECTION('ref_axis',(0.525137496642279,-0.746703528374209,0.408245576012511));
#2824=DIRECTION('',(-0.880333028234203,0.474356152484605,0.));
#2825=DIRECTION('center_axis',(0.,0.,-1.));
#2826=DIRECTION('ref_axis',(1.,0.,0.));
#2827=DIRECTION('center_axis',(0.,0.,1.));
#2828=DIRECTION('ref_axis',(1.,0.,0.));
#2829=DIRECTION('center_axis',(0.,0.,1.));
#2830=DIRECTION('ref_axis',(1.,0.,0.));
#2831=DIRECTION('center_axis',(0.,0.,-1.));
#2832=DIRECTION('ref_axis',(1.,0.,0.));
#2833=DIRECTION('',(0.,0.,-1.));
#2834=DIRECTION('center_axis',(0.,0.,1.));
#2835=DIRECTION('ref_axis',(1.,0.,0.));
#2836=DIRECTION('',(0.,0.,-1.));
#2837=DIRECTION('center_axis',(0.,0.,-1.));
#2838=DIRECTION('ref_axis',(-1.,0.,0.));
#2839=DIRECTION('center_axis',(0.,0.,1.));
#2840=DIRECTION('ref_axis',(-1.,0.,0.));
#2841=DIRECTION('center_axis',(0.622491214988674,-0.335417183845024,0.707106781217235));
#2842=DIRECTION('ref_axis',(-0.746700690359234,-0.525141687103324,0.40824537656086));
#2843=DIRECTION('center_axis',(0.622491215044649,-0.335417183805784,0.707106781186571));
#2844=DIRECTION('ref_axis',(0.750588607101509,-1.66533453693774E-16,-0.660769810818727));
#2845=DIRECTION('center_axis',(0.622491215105248,-0.335417183763331,0.707106781153362));
#2846=DIRECTION('ref_axis',(-0.746700771191582,-0.525141417115253,0.408245576010421));
#2847=DIRECTION('',(0.474351530391145,0.880335518774279,0.));
#2848=DIRECTION('center_axis',(0.,0.,-1.));
#2849=DIRECTION('ref_axis',(-1.,0.,0.));
#2850=DIRECTION('center_axis',(-0.984807753012208,0.17364817766693,0.));
#2851=DIRECTION('ref_axis',(0.17364817766693,0.984807753012208,0.));
#2852=DIRECTION('',(-0.17364817766693,-0.984807753012208,0.));
#2853=DIRECTION('center_axis',(0.,0.,-1.));
#2854=DIRECTION('ref_axis',(-1.,0.,0.));
#2855=DIRECTION('center_axis',(0.335418273069448,0.622490628270682,-0.707106781049567));
#2856=DIRECTION('ref_axis',(-0.522171197867372,0.747584952165778,0.410431455194464));
#2857=DIRECTION('center_axis',(0.,0.,1.));
#2858=DIRECTION('ref_axis',(-1.,0.,0.));
#2859=DIRECTION('center_axis',(0.,0.,1.));
#2860=DIRECTION('ref_axis',(1.,0.,0.));
#2861=DIRECTION('',(0.,0.,1.));
#2862=DIRECTION('center_axis',(0.,0.,1.));
#2863=DIRECTION('ref_axis',(-0.398975262721273,0.916961689350483,0.));
#2864=DIRECTION('',(0.,0.,-1.));
#2865=DIRECTION('center_axis',(0.,0.,-1.));
#2866=DIRECTION('ref_axis',(-0.97215538071352,0.234337183882009,0.));
#2867=DIRECTION('center_axis',(-0.33541827324469,-0.622490628020633,0.707106781186567));
#2868=DIRECTION('ref_axis',(0.903503906825877,-1.38777878078145E-16,0.428579852945022));
#2869=DIRECTION('',(0.88033468859695,-0.474353071090418,0.));
#2870=DIRECTION('center_axis',(-0.766044443118978,0.642787609686539,0.));
#2871=DIRECTION('ref_axis',(0.642787609686539,0.766044443118978,0.));
#2872=DIRECTION('',(-0.642787609686539,-0.766044443118978,0.));
#2873=DIRECTION('center_axis',(0.,0.,1.));
#2874=DIRECTION('ref_axis',(-1.,0.,0.));
#2875=DIRECTION('center_axis',(0.,0.,1.));
#2876=DIRECTION('ref_axis',(1.,0.,0.));
#2877=DIRECTION('center_axis',(0.,0.,-1.));
#2878=DIRECTION('ref_axis',(1.,0.,0.));
#2879=DIRECTION('',(0.,0.,-1.));
#2880=DIRECTION('center_axis',(0.,0.,1.));
#2881=DIRECTION('ref_axis',(1.,0.,0.));
#2882=DIRECTION('center_axis',(0.,0.,1.));
#2883=DIRECTION('ref_axis',(1.,0.,0.));
#2884=DIRECTION('center_axis',(0.,0.,1.));
#2885=DIRECTION('ref_axis',(1.,0.,0.));
#2886=DIRECTION('',(0.,0.,1.));
#2887=DIRECTION('center_axis',(0.,0.,1.));
#2888=DIRECTION('ref_axis',(1.,0.,0.));
#2889=DIRECTION('center_axis',(0.,0.,1.));
#2890=DIRECTION('ref_axis',(1.,0.,0.));
#2891=DIRECTION('center_axis',(0.,0.,1.));
#2892=DIRECTION('ref_axis',(1.,0.,0.));
#2893=DIRECTION('center_axis',(0.,0.,1.));
#2894=DIRECTION('ref_axis',(1.,0.,0.));
#2895=DIRECTION('',(0.,0.,1.));
#2896=DIRECTION('center_axis',(0.,0.,1.));
#2897=DIRECTION('ref_axis',(1.,0.,0.));
#2898=DIRECTION('center_axis',(0.,0.,1.));
#2899=DIRECTION('ref_axis',(1.,0.,0.));
#2900=DIRECTION('center_axis',(0.,0.,1.));
#2901=DIRECTION('ref_axis',(1.,0.,0.));
#2902=DIRECTION('center_axis',(0.,0.,1.));
#2903=DIRECTION('ref_axis',(1.,0.,0.));
#2904=DIRECTION('',(0.,0.,1.));
#2905=DIRECTION('center_axis',(0.,0.,1.));
#2906=DIRECTION('ref_axis',(1.,0.,0.));
#2907=DIRECTION('center_axis',(0.,0.,1.));
#2908=DIRECTION('ref_axis',(1.,0.,0.));
#2909=DIRECTION('center_axis',(0.,0.,1.));
#2910=DIRECTION('ref_axis',(1.,0.,0.));
#2911=DIRECTION('center_axis',(0.,0.,1.));
#2912=DIRECTION('ref_axis',(1.,0.,0.));
#2913=DIRECTION('',(0.,0.,1.));
#2914=DIRECTION('center_axis',(0.,0.,1.));
#2915=DIRECTION('ref_axis',(1.,0.,0.));
#2916=DIRECTION('center_axis',(0.,0.,1.));
#2917=DIRECTION('ref_axis',(1.,0.,0.));
#2918=DIRECTION('center_axis',(0.,0.,1.));
#2919=DIRECTION('ref_axis',(1.,0.,0.));
#2920=DIRECTION('',(0.,0.,1.));
#2921=DIRECTION('center_axis',(0.,0.,1.));
#2922=DIRECTION('ref_axis',(-0.916960991091228,-0.398976867521155,0.));
#2923=DIRECTION('',(0.,0.,-1.));
#2924=DIRECTION('center_axis',(0.,0.,-1.));
#2925=DIRECTION('ref_axis',(-0.234335482485123,-0.972155790832141,0.));
#2926=DIRECTION('center_axis',(0.880335518774279,-0.474351530391145,0.));
#2927=DIRECTION('ref_axis',(0.,0.,-1.));
#2928=DIRECTION('',(-0.474351530391145,-0.880335518774279,0.));
#2929=DIRECTION('',(-0.828339428514286,-0.560226553430508,0.));
#2930=DIRECTION('center_axis',(0.,0.,-1.));
#2931=DIRECTION('ref_axis',(-1.,0.,0.));
#2932=DIRECTION('',(-0.916960991091228,-0.398976867521155,0.));
#2933=DIRECTION('center_axis',(0.398976867521155,-0.916960991091228,0.));
#2934=DIRECTION('ref_axis',(0.,0.,-1.));
#2935=DIRECTION('',(-0.916960991091228,-0.398976867521155,0.));
#2936=DIRECTION('center_axis',(-0.474353071090418,-0.88033468859695,0.));
#2937=DIRECTION('ref_axis',(0.,0.,-1.));
#2938=DIRECTION('',(-0.88033468859695,0.474353071090418,0.));
#2939=DIRECTION('',(-0.560225103729473,0.828340408981296,0.));
#2940=DIRECTION('center_axis',(0.,0.,-1.));
#2941=DIRECTION('ref_axis',(-1.,0.,0.));
#2942=DIRECTION('',(-0.398975262721273,0.916961689350483,0.));
#2943=DIRECTION('center_axis',(-0.916961689350483,-0.398975262721273,1.48029736616687E-15));
#2944=DIRECTION('ref_axis',(1.61435028677743E-15,2.9582283945788E-31,1.));
#2945=DIRECTION('',(-0.398975262721273,0.916961689350483,0.));
#2946=DIRECTION('center_axis',(0.,0.,1.));
#2947=DIRECTION('ref_axis',(1.,0.,0.));
#2948=DIRECTION('',(0.,0.,1.));
#2949=DIRECTION('center_axis',(0.,0.,1.));
#2950=DIRECTION('ref_axis',(0.398972053117843,-0.916963085860567,0.));
#2951=DIRECTION('',(0.,0.,-1.));
#2952=DIRECTION('center_axis',(0.,0.,-1.));
#2953=DIRECTION('ref_axis',(0.972154560467347,-0.234340586673628,0.));
#2954=DIRECTION('center_axis',(0.474356152484605,0.880333028234203,0.));
#2955=DIRECTION('ref_axis',(0.,0.,1.));
#2956=DIRECTION('',(0.880333028234203,-0.474356152484605,0.));
#2957=DIRECTION('',(0.560222204322256,-0.828342369907705,0.));
#2958=DIRECTION('center_axis',(0.,0.,-1.));
#2959=DIRECTION('ref_axis',(-1.,0.,0.));
#2960=DIRECTION('',(0.398972053117843,-0.916963085860567,0.));
#2961=DIRECTION('center_axis',(0.916963085860567,0.398972053117843,0.));
#2962=DIRECTION('ref_axis',(0.,0.,-1.));
#2963=DIRECTION('',(0.398972053117843,-0.916963085860567,0.));
#2964=DIRECTION('center_axis',(-0.880333858416925,0.474354611788238,0.));
#2965=DIRECTION('ref_axis',(0.,0.,1.));
#2966=DIRECTION('',(0.474354611788238,0.880333858416925,0.));
#2967=DIRECTION('',(0.828341389445769,0.560223654026723,0.));
#2968=DIRECTION('center_axis',(0.,0.,-1.));
#2969=DIRECTION('ref_axis',(-1.,0.,0.));
#2970=DIRECTION('',(0.916962387606929,0.39897365792017,0.));
#2971=DIRECTION('center_axis',(-0.39897365792017,0.916962387606929,0.));
#2972=DIRECTION('ref_axis',(0.,0.,1.));
#2973=DIRECTION('',(0.916962387606929,0.39897365792017,0.));
#2974=DIRECTION('center_axis',(-0.642787609686539,-0.766044443118978,0.));
#2975=DIRECTION('ref_axis',(-0.766044443118978,0.642787609686539,0.));
#2976=DIRECTION('',(0.766044443118978,-0.642787609686539,0.));
#2977=DIRECTION('center_axis',(0.984807753012208,0.17364817766693,0.));
#2978=DIRECTION('ref_axis',(0.17364817766693,-0.984807753012208,0.));
#2979=DIRECTION('',(-0.17364817766693,0.984807753012208,0.));
#2980=DIRECTION('center_axis',(0.,0.,1.));
#2981=DIRECTION('ref_axis',(1.,0.,0.));
#2982=DIRECTION('',(0.,0.,1.));
#2983=DIRECTION('',(1.,0.,0.));
#2984=CARTESIAN_POINT('',(0.,0.,0.));
#2985=CARTESIAN_POINT('',(0.,0.,0.));
#2986=CARTESIAN_POINT('Origin',(0.000308716000052556,0.00095251817711528,
150.795));
#2987=CARTESIAN_POINT('',(19.6047041170705,39.837364251346,150.794999987708));
#2988=CARTESIAN_POINT('',(19.4928726324441,40.0154907841114,151.071341454082));
#2989=CARTESIAN_POINT('Ctrl Pts',(19.6047040940428,39.8373644385475,150.79499995083));
#2990=CARTESIAN_POINT('Ctrl Pts',(19.5888676314928,39.8451579116131,150.844451124239));
#2991=CARTESIAN_POINT('Ctrl Pts',(19.5717129475049,39.8637519160164,150.891251293833));
#2992=CARTESIAN_POINT('Ctrl Pts',(19.5332058177987,39.9219090614507,150.98662875455));
#2993=CARTESIAN_POINT('Ctrl Pts',(19.5117933502148,39.9655953518529,151.033069954384));
#2994=CARTESIAN_POINT('Ctrl Pts',(19.4928726324441,40.0154907841114,151.071341454082));
#2995=CARTESIAN_POINT('',(19.4262382008188,40.3690638415612,151.194999999999));
#2996=CARTESIAN_POINT('Ctrl Pts',(19.4928726324441,40.0154907841114,151.071341454082));
#2997=CARTESIAN_POINT('Ctrl Pts',(19.4714900559041,40.0718783330509,151.11459262888));
#2998=CARTESIAN_POINT('Ctrl Pts',(19.4526983311163,40.1378195521548,151.148662342481));
#2999=CARTESIAN_POINT('Ctrl Pts',(19.4316289029808,40.2595507558161,151.185893879699));
#3000=CARTESIAN_POINT('Ctrl Pts',(19.4262380892844,40.3142444404034,151.19499980947));
#3001=CARTESIAN_POINT('Ctrl Pts',(19.4262379778184,40.3690633781519,151.194999999997));
#3002=CARTESIAN_POINT('',(7.57376085808654,44.1551600912082,151.195));
#3003=CARTESIAN_POINT('Origin',(0.000308716000052556,0.00095251817711528,
151.195));
#3004=CARTESIAN_POINT('',(7.51035563383768,43.879063462455,151.077846431027));
#3005=CARTESIAN_POINT('Ctrl Pts',(7.57376083746589,44.1551600912082,151.195));
#3006=CARTESIAN_POINT('Ctrl Pts',(7.57376083719836,44.1541753096906,151.194999999543));
#3007=CARTESIAN_POINT('Ctrl Pts',(7.57375876992687,44.1531905593889,151.194996466296));
#3008=CARTESIAN_POINT('Ctrl Pts',(7.57374783854565,44.1505894374671,151.194977782693));
#3009=CARTESIAN_POINT('Ctrl Pts',(7.57373546500443,44.148973197885,151.194956634105));
#3010=CARTESIAN_POINT('Ctrl Pts',(7.57368788230735,44.1446942185025,151.194875300264));
#3011=CARTESIAN_POINT('Ctrl Pts',(7.57364307387967,44.1420321346096,151.194798704777));
#3012=CARTESIAN_POINT('Ctrl Pts',(7.57325458273762,44.1248216110994,151.194134447895));
#3013=CARTESIAN_POINT('Ctrl Pts',(7.57247025573939,44.1103418184091,151.192793982289));
#3014=CARTESIAN_POINT('Ctrl Pts',(7.56790657775003,44.0575148493954,151.18494885954));
#3015=CARTESIAN_POINT('Ctrl Pts',(7.56135522940644,44.020712311841,151.173672300297));
#3016=CARTESIAN_POINT('Ctrl Pts',(7.544547201715,43.9582092378811,151.143453559668));
#3017=CARTESIAN_POINT('Ctrl Pts',(7.53525118857106,43.9321697406502,151.126365397058));
#3018=CARTESIAN_POINT('Ctrl Pts',(7.52022436420312,43.8983110425148,151.097416065833));
#3019=CARTESIAN_POINT('Ctrl Pts',(7.51535950251733,43.8883830140956,151.087876311524));
#3020=CARTESIAN_POINT('Ctrl Pts',(7.51035563383768,43.879063462455,151.077846431027));
#3021=CARTESIAN_POINT('',(7.39529482135671,43.7797854552111,150.795));
#3022=CARTESIAN_POINT('Ctrl Pts',(7.51035563383768,43.879063462455,151.077846431027));
#3023=CARTESIAN_POINT('Ctrl Pts',(7.49788079936983,43.8558294666263,151.052841558408));
#3024=CARTESIAN_POINT('Ctrl Pts',(7.48455135122121,43.8363765065252,151.024786505446));
#3025=CARTESIAN_POINT('Ctrl Pts',(7.4711665865607,43.8210022686745,150.994549312887));
#3026=CARTESIAN_POINT('Ctrl Pts',(7.4517205350722,43.7986658116337,150.950619216372));
#3027=CARTESIAN_POINT('Ctrl Pts',(7.43235956064287,43.785096120002,150.902437211791));
#3028=CARTESIAN_POINT('Ctrl Pts',(7.40795354386404,43.7790573091526,150.833515165938));
#3029=CARTESIAN_POINT('Ctrl Pts',(7.40146499174219,43.7787432089757,150.814266150819));
#3030=CARTESIAN_POINT('Ctrl Pts',(7.39529482164182,43.7797854551733,150.795));
#3031=CARTESIAN_POINT('Origin',(0.000308716000052556,0.00095251817711528,
150.795));
#3032=CARTESIAN_POINT('Origin',(0.000308716000052556,0.00095251817711528,
151.195));
#3033=CARTESIAN_POINT('',(7.39529482164168,43.7797854551733,141.6));
#3034=CARTESIAN_POINT('',(7.39529482050167,43.7797854553248,151.194999999134));
#3035=CARTESIAN_POINT('',(19.6915585929293,39.7945036428554,141.6));
#3036=CARTESIAN_POINT('Origin',(0.000308716000052556,0.00095251817711528,
141.6));
#3037=CARTESIAN_POINT('',(19.6915585929293,39.7945036428554,150.368554574739));
#3038=CARTESIAN_POINT('',(19.6915585933474,39.7945036426034,151.194999999134));
#3039=CARTESIAN_POINT('Ctrl Pts',(19.6047040782965,39.8373640945586,150.795));
#3040=CARTESIAN_POINT('Ctrl Pts',(19.6363094185935,39.8218105217282,150.696313443786));
#3041=CARTESIAN_POINT('Ctrl Pts',(19.6603265093921,39.8099470099167,150.594919212116));
#3042=CARTESIAN_POINT('Ctrl Pts',(19.6826883978813,39.7988922894775,150.450809592376));
#3043=CARTESIAN_POINT('Ctrl Pts',(19.6877617337908,39.796382446895,150.409750219168));
#3044=CARTESIAN_POINT('Ctrl Pts',(19.6915585929293,39.7945036428554,150.368554574739));
#3045=CARTESIAN_POINT('Origin',(-1.80624404322316E-10,-1.08896003325754E-9,
150.795));
#3046=CARTESIAN_POINT('',(12.1129769800296,50.2506904298993,151.195));
#3047=CARTESIAN_POINT('',(12.2067125341409,50.639552418136,150.795));
#3048=CARTESIAN_POINT('Origin',(12.112976980107,50.2506904298806,150.795));
#3049=CARTESIAN_POINT('',(7.89943443649151,51.4875425281066,150.795));
#3050=CARTESIAN_POINT('Origin',(-1.80624404322316E-10,-1.08896003325754E-9,
150.795));
#3051=CARTESIAN_POINT('',(4.04949732065179,51.9323566906994,150.794999986505));
#3052=CARTESIAN_POINT('Origin',(0.,0.,150.795));
#3053=CARTESIAN_POINT('',(3.6756882081539,51.5591448357752,151.195));
#3054=CARTESIAN_POINT('Ctrl Pts',(4.04949729794604,51.93235669247,150.795));
#3055=CARTESIAN_POINT('Ctrl Pts',(3.99183411223851,51.9368530590819,150.863543593694));
#3056=CARTESIAN_POINT('Ctrl Pts',(3.93230554643492,51.9237271708758,150.93052104242));
#3057=CARTESIAN_POINT('Ctrl Pts',(3.83289063975267,51.8714012705512,151.037468826675));
#3058=CARTESIAN_POINT('Ctrl Pts',(3.79214488547018,51.838069479687,151.07947164532));
#3059=CARTESIAN_POINT('Ctrl Pts',(3.73438391136875,51.765772775016,151.137687546019));
#3060=CARTESIAN_POINT('Ctrl Pts',(3.71294071937944,51.7293296743017,151.158790458061));
#3061=CARTESIAN_POINT('Ctrl Pts',(3.68569463243512,51.6533309896768,151.185366552924));
#3062=CARTESIAN_POINT('Ctrl Pts',(3.67807399922993,51.6167550614309,151.192699590062));
#3063=CARTESIAN_POINT('Ctrl Pts',(3.67584545342705,51.5718989313797,151.194848435772));
#3064=CARTESIAN_POINT('Ctrl Pts',(3.67568820815392,51.5655187030387,151.195));
#3065=CARTESIAN_POINT('Ctrl Pts',(3.67568820815392,51.5591448357752,151.195));
#3066=CARTESIAN_POINT('Origin',(-1.80624404322316E-10,-1.08896003325754E-9,
151.195));
#3067=CARTESIAN_POINT('Origin',(-1.80624404322316E-10,-1.08896003325754E-9,
151.195));
#3068=CARTESIAN_POINT('',(12.2067125341402,50.6395524181332,143.985));
#3069=CARTESIAN_POINT('',(12.2067125341409,50.639552418136,151.195));
#3070=CARTESIAN_POINT('',(9.18744627372254,51.2733744839119,143.985));
#3071=CARTESIAN_POINT('Origin',(0.,0.,143.985));
#3072=CARTESIAN_POINT('',(7.89342698697889,51.4884634987646,145.301095988359));
#3073=CARTESIAN_POINT('Origin',(0.,0.,153.156572398417));
#3074=CARTESIAN_POINT('',(7.89943443649151,51.4875425281066,151.195));
#3075=CARTESIAN_POINT('Origin',(12.1856220344652,50.55205847078,147.0975));
#3076=CARTESIAN_POINT('',(11.6705571974014,48.4153117634025,151.195));
#3077=CARTESIAN_POINT('',(5.88190602048328,24.401089761857,151.195));
#3078=CARTESIAN_POINT('',(11.7583424627293,48.7794889759549,150.82039181142));
#3079=CARTESIAN_POINT('',(11.6705571974014,48.4153117634025,151.195));
#3080=CARTESIAN_POINT('',(11.7638120409645,48.8021795237145,141.6));
#3081=CARTESIAN_POINT('',(11.7583424627293,48.7794889759549,150.82039181142));
#3082=CARTESIAN_POINT('',(12.2067125341403,50.6395524181332,141.6));
#3083=CARTESIAN_POINT('',(5.88190602048225,24.4010897618572,141.6));
#3084=CARTESIAN_POINT('',(12.2067125341402,50.6395524181332,141.6));
#3085=CARTESIAN_POINT('Origin',(19.979994356126,45.8356018174667,146.3975));
#3086=CARTESIAN_POINT('',(20.0595028433876,46.0180002355179,150.795));
#3087=CARTESIAN_POINT('',(20.0501782683223,45.9966089627182,150.818335257705));
#3088=CARTESIAN_POINT('',(19.9795845053661,45.8346615891612,150.995));
#3089=CARTESIAN_POINT('',(20.0595028433876,46.0180002355179,141.6));
#3090=CARTESIAN_POINT('',(20.0595028433876,46.0180002355179,141.6));
#3091=CARTESIAN_POINT('',(20.0501761880672,45.9966041904573,150.82039181142));
#3092=CARTESIAN_POINT('Origin',(-9.71871320147691E-14,2.34270511067358E-14,
146.21019590571));
#3093=CARTESIAN_POINT('',(19.5970726051246,46.1914757266378,150.818335909679));
#3094=CARTESIAN_POINT('Origin',(-9.59733173714437E-14,2.31344599262597E-14,
150.818335257705));
#3095=CARTESIAN_POINT('Origin',(0.,0.,141.6));
#3096=CARTESIAN_POINT('',(19.5963850301769,46.1917617760482,150.82039181142));
#3097=CARTESIAN_POINT('Origin',(-1.90958360235527E-13,1.77635683940025E-14,
150.82039181142));
#3098=CARTESIAN_POINT('Ctrl Pts',(19.5970726051246,46.1914757266378,150.818335909679));
#3099=CARTESIAN_POINT('Ctrl Pts',(19.5968438118665,46.1915709093017,150.819021253953));
#3100=CARTESIAN_POINT('Ctrl Pts',(19.5966145666505,46.1916662813968,150.819706714705));
#3101=CARTESIAN_POINT('Ctrl Pts',(19.5963850301769,46.1917617760482,150.82039181142));
#3102=CARTESIAN_POINT('Origin',(-9.59234385136528E-14,2.31224365798929E-14,
151.00769590571));
#3103=CARTESIAN_POINT('',(19.4262379778166,45.8570125114416,151.195));
#3104=CARTESIAN_POINT('Ctrl Pts',(19.5963850301769,46.1917617760482,150.82039181142));
#3105=CARTESIAN_POINT('Ctrl Pts',(19.5860128920823,46.1625336900714,150.851349495942));
#3106=CARTESIAN_POINT('Ctrl Pts',(19.5748603738328,46.1338416647901,150.882118389543));
#3107=CARTESIAN_POINT('Ctrl Pts',(19.5270355624665,46.0211286117678,151.004557945667));
#3108=CARTESIAN_POINT('Ctrl Pts',(19.4818488360733,45.9366863410529,151.099945410081));
#3109=CARTESIAN_POINT('Ctrl Pts',(19.4262379778167,45.8570125114416,151.195));
#3110=CARTESIAN_POINT('Origin',(-9.58741013658286E-14,2.31105438132315E-14,
151.195));
#3111=CARTESIAN_POINT('Origin',(0.,0.,141.6));
#3112=CARTESIAN_POINT('',(23.8126015117696,44.1927596925296,150.795));
#3113=CARTESIAN_POINT('Origin',(0.,0.,150.795));
#3114=CARTESIAN_POINT('',(23.8126015117696,44.1927596925296,150.595));
#3115=CARTESIAN_POINT('',(23.8126015117696,44.1927596925296,150.595));
#3116=CARTESIAN_POINT('',(41.5827377501776,28.1232274321415,146.));
#3117=CARTESIAN_POINT('Ctrl Pts',(41.5827377501776,28.1232274321415,146.));
#3118=CARTESIAN_POINT('Ctrl Pts',(39.3212040715012,31.4671097123849,146.766756870751));
#3119=CARTESIAN_POINT('Ctrl Pts',(36.6645506644065,34.5260327707845,147.530825813074));
#3120=CARTESIAN_POINT('Ctrl Pts',(30.676226450598,39.9412737035732,149.064174186926));
#3121=CARTESIAN_POINT('Ctrl Pts',(27.366369109726,42.277865663183,149.828243129249));
#3122=CARTESIAN_POINT('Ctrl Pts',(23.8126015117696,44.1927596925296,150.595));
#3123=CARTESIAN_POINT('',(46.0315118578678,20.0284776275925,146.));
#3124=CARTESIAN_POINT('Origin',(0.,0.,146.));
#3125=CARTESIAN_POINT('',(46.0315118578678,20.0284776275925,141.6));
#3126=CARTESIAN_POINT('',(46.0315118578678,20.0284776275925,143.));
#3127=CARTESIAN_POINT('Origin',(0.,0.,141.6));
#3128=CARTESIAN_POINT('Origin',(0.,0.,150.995));
#3129=CARTESIAN_POINT('',(19.4262379778166,45.8547846797827,151.195));
#3130=CARTESIAN_POINT('Origin',(17.6450433459534,47.7284317950625,150.164989768801));
#3131=CARTESIAN_POINT('',(23.9742311826896,43.6494700907004,151.195));
#3132=CARTESIAN_POINT('Origin',(0.,0.,151.195));
#3133=CARTESIAN_POINT('Origin',(-112.816327716301,-51.8952895507701,76.095736815955));
#3134=CARTESIAN_POINT('Origin',(0.,0.,141.6));
#3135=CARTESIAN_POINT('',(4.04949729794587,44.2149473779392,150.795));
#3136=CARTESIAN_POINT('Origin',(0.,0.,150.795));
#3137=CARTESIAN_POINT('',(3.74435729807201,44.2418330138386,143.702957062077));
#3138=CARTESIAN_POINT('Ctrl Pts',(4.04949729794587,44.2149473779392,150.795));
#3139=CARTESIAN_POINT('Ctrl Pts',(4.38666552444427,44.1840672818828,150.394211843047));
#3140=CARTESIAN_POINT('Ctrl Pts',(4.67446283755236,44.1537430097492,149.926146093424));
#3141=CARTESIAN_POINT('Ctrl Pts',(5.15004456376732,44.1011307664495,148.778559477042));
#3142=CARTESIAN_POINT('Ctrl Pts',(5.28204669684263,44.0846910241228,148.075136986233));
#3143=CARTESIAN_POINT('Ctrl Pts',(5.28204669684263,44.0846910241228,146.75539834038));
#3144=CARTESIAN_POINT('Ctrl Pts',(5.15004456376731,44.1011307664495,146.05197584957));
#3145=CARTESIAN_POINT('Ctrl Pts',(4.61407900109073,44.16042310051,144.758682031356));
#3146=CARTESIAN_POINT('Ctrl Pts',(4.21014950201612,44.2024108868782,144.168757139987));
#3147=CARTESIAN_POINT('Ctrl Pts',(3.74437821677432,44.2418312434042,143.702977980867));
#3148=CARTESIAN_POINT('Ctrl Pts',(3.74436775745323,44.2418321286207,143.702967521458));
#3149=CARTESIAN_POINT('Ctrl Pts',(3.74435729807219,44.2418330138385,143.702957062077));
#3150=CARTESIAN_POINT('',(2.20666789930134,44.3451306997983,142.165267663306));
#3151=CARTESIAN_POINT('Origin',(0.,0.,139.958599764006));
#3152=CARTESIAN_POINT('',(-2.14257450561624,44.3482736359363,142.165267663306));
#3153=CARTESIAN_POINT('Origin',(0.,0.,142.165267663306));
#3154=CARTESIAN_POINT('',(-3.68026390438675,44.2472107323622,143.702957062077));
#3155=CARTESIAN_POINT('Origin',(0.,0.,140.022693157689));
#3156=CARTESIAN_POINT('',(-3.98540390426061,44.220770636884,150.795));
#3157=CARTESIAN_POINT('Ctrl Pts',(-3.68026390438692,44.2472107323622,143.702957062077));
#3158=CARTESIAN_POINT('Ctrl Pts',(-4.14604484661212,44.2084693798419,144.168738004302));
#3159=CARTESIAN_POINT('Ctrl Pts',(-4.54997928503897,44.1670732493621,144.758671417434));
#3160=CARTESIAN_POINT('Ctrl Pts',(-5.08595323248058,44.1085678104334,146.051976184106));
#3161=CARTESIAN_POINT('Ctrl Pts',(-5.21795330315737,44.0923231790532,146.755402982988));
#3162=CARTESIAN_POINT('Ctrl Pts',(-5.21795330315737,44.0923231790532,147.415267663306));
#3163=CARTESIAN_POINT('Ctrl Pts',(-5.21795330315737,44.0923231790532,148.075132343624));
#3164=CARTESIAN_POINT('Ctrl Pts',(-5.08595323248058,44.1085678104334,148.778559142506));
#3165=CARTESIAN_POINT('Ctrl Pts',(-4.61036748561444,44.1604814398205,149.926147222709));
#3166=CARTESIAN_POINT('Ctrl Pts',(-4.32257441165373,44.1903830919088,150.394209131772));
#3167=CARTESIAN_POINT('Ctrl Pts',(-3.98540390426062,44.220770636884,150.795));
#3168=CARTESIAN_POINT('',(-7.39529529847866,43.7797853746258,150.795));
#3169=CARTESIAN_POINT('Origin',(0.,0.,150.795));
#3170=CARTESIAN_POINT('',(-7.30000000000066,43.7957760520349,150.185));
#3171=CARTESIAN_POINT('Ctrl Pts',(-7.39529529847866,43.7797853746258,150.795));
#3172=CARTESIAN_POINT('Ctrl Pts',(-7.3309896682564,43.7906479021777,150.594207809478));
#3173=CARTESIAN_POINT('Ctrl Pts',(-7.30000000000066,43.7957760520349,150.384294059095));
#3174=CARTESIAN_POINT('Ctrl Pts',(-7.30000000000066,43.7957760520349,150.185));
#3175=CARTESIAN_POINT('',(-7.30000000000087,43.7957760520348,146.685));
#3176=CARTESIAN_POINT('',(-7.30000000000085,43.7957760520348,141.6));
#3177=CARTESIAN_POINT('',(-7.88578643762755,43.6940999708214,145.270786437627));
#3178=CARTESIAN_POINT('Ctrl Pts',(-7.30000000000087,43.7957760520348,146.685));
#3179=CARTESIAN_POINT('Ctrl Pts',(-7.30000000000087,43.7957760520348,146.434227515625));
#3180=CARTESIAN_POINT('Ctrl Pts',(-7.35007554183023,43.787520731821,146.166969375971));
#3181=CARTESIAN_POINT('Ctrl Pts',(-7.55289833702557,43.7529920012339,145.675942591345));
#3182=CARTESIAN_POINT('Ctrl Pts',(-7.70562594684272,43.7265944137466,145.452174572551));
#3183=CARTESIAN_POINT('Ctrl Pts',(-7.88254333234952,43.6946851837847,145.274035133507));
#3184=CARTESIAN_POINT('Ctrl Pts',(-7.88416303942696,43.6943929570946,145.272409835828));
#3185=CARTESIAN_POINT('Ctrl Pts',(-7.88578643762768,43.6940999708213,145.270786437627));
#3186=CARTESIAN_POINT('',(-9.17157287525445,43.4424015334546,143.985));
#3187=CARTESIAN_POINT('Origin',(0.,0.,153.156572875256));
#3188=CARTESIAN_POINT('',(-17.8284271247471,40.6633395856462,143.985));
#3189=CARTESIAN_POINT('Origin',(0.,0.,143.985));
#3190=CARTESIAN_POINT('',(-18.8499336868969,40.1999999999949,145.00650656215));
#3191=CARTESIAN_POINT('Origin',(0.,0.,126.156572875251));
#3192=CARTESIAN_POINT('',(-18.8499336868969,40.1999999999949,150.795));
#3193=CARTESIAN_POINT('',(-18.8499336868969,40.1999999999949,141.6));
#3194=CARTESIAN_POINT('',(-27.4531164670392,34.8953635351056,150.795));
#3195=CARTESIAN_POINT('Origin',(0.,0.,150.795));
#3196=CARTESIAN_POINT('',(-28.2321938934606,34.2681080300919,149.795));
#3197=CARTESIAN_POINT('Origin',(0.,0.,149.395));
#3198=CARTESIAN_POINT('',(-28.2321938934606,34.2681080300919,141.6));
#3199=CARTESIAN_POINT('',(-28.2321938934606,34.2681080300919,141.6));
#3200=CARTESIAN_POINT('Origin',(0.,0.,141.6));
#3201=CARTESIAN_POINT('Origin',(0.,0.,141.6));
#3202=CARTESIAN_POINT('',(27.4531164670392,34.8953635351056,150.795));
#3203=CARTESIAN_POINT('Origin',(0.,0.,150.795));
#3204=CARTESIAN_POINT('',(28.2321938934606,34.2681080300919,141.6));
#3205=CARTESIAN_POINT('Origin',(0.,0.,141.6));
#3206=CARTESIAN_POINT('',(28.2321938934606,34.2681080300919,149.795));
#3207=CARTESIAN_POINT('',(28.2321938934606,34.2681080300919,141.6));
#3208=CARTESIAN_POINT('Origin',(0.,0.,149.395));
#3209=CARTESIAN_POINT('Origin',(0.,0.,141.6));
#3210=CARTESIAN_POINT('',(-20.7826214351511,47.7645343982666,141.6));
#3211=CARTESIAN_POINT('Origin',(0.,0.,141.6));
#3212=CARTESIAN_POINT('',(-20.7826214351511,47.7645343982666,146.));
#3213=CARTESIAN_POINT('',(-20.7826214351511,47.7645343982666,141.6));
#3214=CARTESIAN_POINT('',(-29.1821256532683,43.1482519038357,146.));
#3215=CARTESIAN_POINT('Origin',(0.,0.,146.));
#3216=CARTESIAN_POINT('',(-45.8566339290151,24.7090514730998,150.595));
#3217=CARTESIAN_POINT('Ctrl Pts',(-29.1821256532683,43.1482519038357,146.));
#3218=CARTESIAN_POINT('Ctrl Pts',(-32.6532834161081,40.8006304469279,146.767062534712));
#3219=CARTESIAN_POINT('Ctrl Pts',(-35.8285111716155,38.0426902678184,147.531434060541));
#3220=CARTESIAN_POINT('Ctrl Pts',(-41.4470252848594,31.8283615099371,149.064782499225));
#3221=CARTESIAN_POINT('Ctrl Pts',(-43.8704439983462,28.3951494466841,149.828549122408));
#3222=CARTESIAN_POINT('Ctrl Pts',(-45.8566339290151,24.7090514730999,150.595));
#3223=CARTESIAN_POINT('',(-45.8566339290151,24.7090514730998,150.705));
#3224=CARTESIAN_POINT('',(-45.8566339290151,24.7090514730998,141.6));
#3225=CARTESIAN_POINT('',(-19.6312145196797,48.2491815110093,150.704995681533));
#3226=CARTESIAN_POINT('Origin',(0.,0.,150.705));
#3227=CARTESIAN_POINT('',(-19.7000000000003,48.2211374813992,150.184999458275));
#3228=CARTESIAN_POINT('Ctrl Pts',(-19.7000000000003,48.221137481399,150.184999458275));
#3229=CARTESIAN_POINT('Ctrl Pts',(-19.7000000000003,48.221137481399,150.355271130058));
#3230=CARTESIAN_POINT('Ctrl Pts',(-19.6775916647123,48.230311970816,150.532769481031));
#3231=CARTESIAN_POINT('Ctrl Pts',(-19.6312179768132,48.2491801044002,150.704996766496));
#3232=CARTESIAN_POINT('',(-19.7000000000007,48.221137481399,146.685));
#3233=CARTESIAN_POINT('',(-19.7000000000003,48.221137481399,141.6));
#3234=CARTESIAN_POINT('',(-19.1142135623737,48.4563199169312,145.270786437627));
#3235=CARTESIAN_POINT('Ctrl Pts',(-19.1142135623738,48.456319916931,145.270786437627));
#3236=CARTESIAN_POINT('Ctrl Pts',(-19.1205900235352,48.4538046404796,145.277162898788));
#3237=CARTESIAN_POINT('Ctrl Pts',(-19.1269124950661,48.4513092064444,145.2835716276));
#3238=CARTESIAN_POINT('Ctrl Pts',(-19.3016788563436,48.3822913162331,145.463122659967));
#3239=CARTESIAN_POINT('Ctrl Pts',(-19.4507200876922,48.3223461539687,145.683073825018));
#3240=CARTESIAN_POINT('Ctrl Pts',(-19.6499469829809,48.241675275487,146.16868270569));
#3241=CARTESIAN_POINT('Ctrl Pts',(-19.7000000000007,48.2211374813989,146.434426028513));
#3242=CARTESIAN_POINT('Ctrl Pts',(-19.7000000000007,48.2211374813989,146.685));
#3243=CARTESIAN_POINT('',(-17.8284271247469,48.944001534995,143.985));
#3244=CARTESIAN_POINT('Origin',(0.,0.,126.156572875251));
#3245=CARTESIAN_POINT('',(-9.1715728752543,51.2762162312499,143.985));
#3246=CARTESIAN_POINT('Origin',(0.,0.,143.985));
#3247=CARTESIAN_POINT('',(-7.8857864376274,51.4896346098915,145.270786437627));
#3248=CARTESIAN_POINT('Origin',(0.,0.,153.156572875256));
#3249=CARTESIAN_POINT('',(-7.30000000000071,51.5759449743773,146.685));
#3250=CARTESIAN_POINT('Ctrl Pts',(-7.30000000000071,51.5759449743773,146.685));
#3251=CARTESIAN_POINT('Ctrl Pts',(-7.30000000000071,51.5759449743773,146.434129605887));
#3252=CARTESIAN_POINT('Ctrl Pts',(-7.35010674505325,51.5689302474902,146.166703128029));
#3253=CARTESIAN_POINT('Ctrl Pts',(-7.55328580902494,51.539562566531,145.675195634898));
#3254=CARTESIAN_POINT('Ctrl Pts',(-7.70634419019812,51.5171042960855,145.451115156467));
#3255=CARTESIAN_POINT('Ctrl Pts',(-7.88344140145501,51.4899937179045,145.273134395028));
#3256=CARTESIAN_POINT('Ctrl Pts',(-7.88461294846961,51.4898143331495,145.271959926785));
#3257=CARTESIAN_POINT('Ctrl Pts',(-7.88578643762752,51.4896346098914,145.270786437627));
#3258=CARTESIAN_POINT('',(-7.30000000000051,51.5759449743773,150.185));
#3259=CARTESIAN_POINT('',(-7.3000000000007,51.5759449743773,141.6));
#3260=CARTESIAN_POINT('',(-7.36878276726877,51.5661627477632,150.705));
#3261=CARTESIAN_POINT('Ctrl Pts',(-7.36878276726877,51.5661627477632,150.705));
#3262=CARTESIAN_POINT('Ctrl Pts',(-7.32222607745247,51.5728156789751,150.532094073707));
#3263=CARTESIAN_POINT('Ctrl Pts',(-7.30000000000051,51.5759449743773,150.354666425744));
#3264=CARTESIAN_POINT('Ctrl Pts',(-7.30000000000051,51.5759449743773,150.185));
#3265=CARTESIAN_POINT('',(-4.05942750604667,51.9315814155813,150.705));
#3266=CARTESIAN_POINT('Origin',(0.,0.,150.705));
#3267=CARTESIAN_POINT('',(-3.6802639043866,51.9598283060488,143.702957062077));
#3268=CARTESIAN_POINT('Ctrl Pts',(-3.68026390438677,51.9598283060488,143.702957062077));
#3269=CARTESIAN_POINT('Ctrl Pts',(-4.14613914116677,51.9268308179168,144.168832298857));
#3270=CARTESIAN_POINT('Ctrl Pts',(-4.55010287499515,51.8915897332957,144.758880382365));
#3271=CARTESIAN_POINT('Ctrl Pts',(-5.08602431892219,51.8418063004922,146.052237007286));
#3272=CARTESIAN_POINT('Ctrl Pts',(-5.21795330315722,51.8279949769048,146.755585583095));
#3273=CARTESIAN_POINT('Ctrl Pts',(-5.21795330315722,51.8279949769048,147.415267663306));
#3274=CARTESIAN_POINT('Ctrl Pts',(-5.21795330315722,51.8279949769048,148.074949743517));
#3275=CARTESIAN_POINT('Ctrl Pts',(-5.08602431892219,51.8418063004922,148.778298319326));
#3276=CARTESIAN_POINT('Ctrl Pts',(-4.62582235525456,51.8845559120144,149.888918663513));
#3277=CARTESIAN_POINT('Ctrl Pts',(-4.36505174170433,51.9076911469832,150.324891970534));
#3278=CARTESIAN_POINT('Ctrl Pts',(-4.05942750604667,51.9315814155813,150.705));
#3279=CARTESIAN_POINT('',(-2.14257450561609,52.0459169819102,142.165267663306));
#3280=CARTESIAN_POINT('Origin',(0.,0.,140.022693157689));
#3281=CARTESIAN_POINT('',(2.20666789930149,52.043238915177,142.165267663306));
#3282=CARTESIAN_POINT('Origin',(0.,0.,142.165267663306));
#3283=CARTESIAN_POINT('',(3.74435729807216,51.9552489015727,143.702957062077));
#3284=CARTESIAN_POINT('Origin',(0.,0.,139.958599764006));
#3285=CARTESIAN_POINT('Ctrl Pts',(4.04949731402055,51.9323566912165,150.794999980892));
#3286=CARTESIAN_POINT('Ctrl Pts',(4.38674182341782,51.9060595843262,150.394121143427));
#3287=CARTESIAN_POINT('Ctrl Pts',(4.67456892977404,51.8802465352319,149.925958264308));
#3288=CARTESIAN_POINT('Ctrl Pts',(5.15011623341131,51.8354785893381,148.778298502373));
#3289=CARTESIAN_POINT('Ctrl Pts',(5.28204669684278,51.8215021269393,148.074953055345));
#3290=CARTESIAN_POINT('Ctrl Pts',(5.28204669684278,51.8215021269393,146.755582271267));
#3291=CARTESIAN_POINT('Ctrl Pts',(5.15011623341131,51.8354785893381,146.052236824239));
#3292=CARTESIAN_POINT('Ctrl Pts',(4.61420087647512,51.8859295739605,144.758888115804));
#3293=CARTESIAN_POINT('Ctrl Pts',(4.21024071115659,51.9216729941786,144.168846192839));
#3294=CARTESIAN_POINT('Ctrl Pts',(3.74437248510761,51.9552478070582,143.702972249159));
#3295=CARTESIAN_POINT('Ctrl Pts',(3.74436489160576,51.9552483543152,143.70296465561));
#3296=CARTESIAN_POINT('Ctrl Pts',(3.74435729807233,51.9552489015727,143.702957062077));
#3297=CARTESIAN_POINT('Ctrl Pts',(19.4262379778167,45.8547846797827,151.195));
#3298=CARTESIAN_POINT('Ctrl Pts',(19.5312506872246,45.8547846797827,151.015503758763));
#3299=CARTESIAN_POINT('Ctrl Pts',(19.5970726051246,45.8547846797827,150.818335909679));
#3300=CARTESIAN_POINT('Ctrl Pts',(19.4262379778167,46.1917617760482,151.195));
#3301=CARTESIAN_POINT('Ctrl Pts',(19.5312506872246,46.1917617760482,151.015503758763));
#3302=CARTESIAN_POINT('Ctrl Pts',(19.5970726051246,46.1917617760482,150.818335909679));
#3303=CARTESIAN_POINT('',(19.4262379778167,39.,151.195));
#3304=CARTESIAN_POINT('Origin',(0.,0.,141.6));
#3305=CARTESIAN_POINT('',(-47.6819715367439,-20.7467971111001,141.6));
#3306=CARTESIAN_POINT('',(-47.6819715367438,-20.7467971111001,146.));
#3307=CARTESIAN_POINT('',(-47.6819715367439,-20.7467971111001,141.6));
#3308=CARTESIAN_POINT('',(-43.0736502827429,-29.1317807783864,146.));
#3309=CARTESIAN_POINT('Origin',(0.,0.,146.));
#3310=CARTESIAN_POINT('',(-24.6662795803395,-45.7774469762625,150.595));
#3311=CARTESIAN_POINT('Ctrl Pts',(-43.0736502827429,-29.1317807783864,146.));
#3312=CARTESIAN_POINT('Ctrl Pts',(-38.3940202610387,-36.0509852218395,147.531666666667));
#3313=CARTESIAN_POINT('Ctrl Pts',(-32.0198127136806,-41.8151398544971,149.063333333333));
#3314=CARTESIAN_POINT('Ctrl Pts',(-24.6662795803396,-45.7774469762625,150.595));
#3315=CARTESIAN_POINT('',(-24.6662795803395,-45.7774469762625,150.795));
#3316=CARTESIAN_POINT('',(-24.6662795803395,-45.7774469762625,141.6));
#3317=CARTESIAN_POINT('',(-50.7770684686912,11.2111247306348,150.795));
#3318=CARTESIAN_POINT('Origin',(0.,0.,150.795));
#3319=CARTESIAN_POINT('',(-50.5520797971031,12.1855335618644,149.795));
#3320=CARTESIAN_POINT('Origin',(0.,0.,149.795));
#3321=CARTESIAN_POINT('',(-50.5520797971031,12.1855335618644,141.6));
#3322=CARTESIAN_POINT('',(-50.5520797971031,12.1855335618644,141.6));
#3323=CARTESIAN_POINT('Origin',(0.,0.,141.6));
#3324=CARTESIAN_POINT('Origin',(0.,0.,141.6));
#3325=CARTESIAN_POINT('',(50.552037144302,-12.1857105070287,149.795));
#3326=CARTESIAN_POINT('',(50.552037144302,-12.1857105070287,141.6));
#3327=CARTESIAN_POINT('',(50.552037144302,-12.1857105070287,141.6));
#3328=CARTESIAN_POINT('',(47.6820441555603,20.7466302118488,141.6));
#3329=CARTESIAN_POINT('Origin',(0.,0.,141.6));
#3330=CARTESIAN_POINT('',(47.6820441555603,20.7466302118488,146.));
#3331=CARTESIAN_POINT('',(47.6820441555603,20.7466302118488,141.6));
#3332=CARTESIAN_POINT('',(43.07375225118,29.1316300093896,146.));
#3333=CARTESIAN_POINT('Origin',(0.,0.,146.));
#3334=CARTESIAN_POINT('',(24.6664398129884,45.7773606376801,150.595));
#3335=CARTESIAN_POINT('Ctrl Pts',(43.07375225118,29.1316300093896,146.));
#3336=CARTESIAN_POINT('Ctrl Pts',(38.3941464484938,36.050850832705,147.531666666667));
#3337=CARTESIAN_POINT('Ctrl Pts',(32.0199590771936,41.8150277766879,149.063333333333));
#3338=CARTESIAN_POINT('Ctrl Pts',(24.6664398129884,45.7773606376801,150.595));
#3339=CARTESIAN_POINT('',(24.6664398129884,45.7773606376801,150.795));
#3340=CARTESIAN_POINT('',(24.6664398129884,45.7773606376801,141.6));
#3341=CARTESIAN_POINT('',(50.7770292265695,-11.211302463323,150.795));
#3342=CARTESIAN_POINT('Origin',(0.,0.,150.795));
#3343=CARTESIAN_POINT('Origin',(0.,0.,149.795));
#3344=CARTESIAN_POINT('Origin',(0.,0.,141.6));
#3345=CARTESIAN_POINT('',(20.7465467621279,-47.6820804647495,141.6));
#3346=CARTESIAN_POINT('',(20.7465467621279,-47.6820804647495,146.));
#3347=CARTESIAN_POINT('',(20.7465467621279,-47.6820804647495,141.6));
#3348=CARTESIAN_POINT('',(29.1315546247573,-43.0738032352006,146.));
#3349=CARTESIAN_POINT('Origin',(0.,0.,146.));
#3350=CARTESIAN_POINT('',(45.7773174681786,-24.6665199291995,150.595));
#3351=CARTESIAN_POINT('Ctrl Pts',(29.1315546247573,-43.0738032352006,146.));
#3352=CARTESIAN_POINT('Ctrl Pts',(36.0507836379721,-38.394209542045,147.531666666667));
#3353=CARTESIAN_POINT('Ctrl Pts',(41.8149717375911,-32.0200322588031,149.063333333333));
#3354=CARTESIAN_POINT('Ctrl Pts',(45.7773174681785,-24.6665199291995,150.595));
#3355=CARTESIAN_POINT('',(45.7773174681786,-24.6665199291995,150.795));
#3356=CARTESIAN_POINT('',(45.7773174681786,-24.6665199291995,141.6));
#3357=CARTESIAN_POINT('',(-11.2110358642392,-50.7770880895187,150.795));
#3358=CARTESIAN_POINT('Origin',(0.,0.,150.795));
#3359=CARTESIAN_POINT('',(-12.1854450892264,-50.5521011232713,149.795));
#3360=CARTESIAN_POINT('Origin',(0.,0.,149.795));
#3361=CARTESIAN_POINT('',(-12.1854450892264,-50.5521011232713,141.6));
#3362=CARTESIAN_POINT('',(-12.1854450892264,-50.5521011232713,141.6));
#3363=CARTESIAN_POINT('Origin',(0.,0.,141.6));
#3364=CARTESIAN_POINT('Ctrl Pts',(49.7,-4.47135817954719E-14,141.6));
#3365=CARTESIAN_POINT('Ctrl Pts',(49.7,-1.50000000000007,141.6));
#3366=CARTESIAN_POINT('Ctrl Pts',(48.2,-1.50000000000007,141.6));
#3367=CARTESIAN_POINT('Ctrl Pts',(46.6999999999999,-1.50000000000007,141.6));
#3368=CARTESIAN_POINT('Ctrl Pts',(46.6999999999999,-4.47135817954712E-14,
141.6));
#3369=CARTESIAN_POINT('Ctrl Pts',(46.6999999999999,1.49999999999998,141.6));
#3370=CARTESIAN_POINT('Ctrl Pts',(48.2,1.49999999999998,141.6));
#3371=CARTESIAN_POINT('Ctrl Pts',(49.7,1.49999999999998,141.6));
#3372=CARTESIAN_POINT('Ctrl Pts',(49.7,-4.47135817954719E-14,141.6));
#3373=CARTESIAN_POINT('Ctrl Pts',(49.7,-8.3292374069882E-14,140.6));
#3374=CARTESIAN_POINT('Ctrl Pts',(49.7,-1.50000000000018,140.6));
#3375=CARTESIAN_POINT('Ctrl Pts',(48.1999999999999,-1.50000000000018,140.6));
#3376=CARTESIAN_POINT('Ctrl Pts',(46.6999999999998,-1.50000000000018,140.6));
#3377=CARTESIAN_POINT('Ctrl Pts',(46.6999999999998,-8.32923740698812E-14,
140.6));
#3378=CARTESIAN_POINT('Ctrl Pts',(46.6999999999998,1.50000000000002,140.6));
#3379=CARTESIAN_POINT('Ctrl Pts',(48.1999999999999,1.50000000000002,140.6));
#3380=CARTESIAN_POINT('Ctrl Pts',(49.7,1.50000000000002,140.6));
#3381=CARTESIAN_POINT('Ctrl Pts',(49.7,-8.3292374069882E-14,140.6));
#3382=CARTESIAN_POINT('Ctrl Pts',(48.6999999999998,-8.32923740698777E-14,
140.6));
#3383=CARTESIAN_POINT('Ctrl Pts',(48.6999999999998,-0.499999999999966,140.6));
#3384=CARTESIAN_POINT('Ctrl Pts',(48.1999999999999,-0.499999999999966,140.6));
#3385=CARTESIAN_POINT('Ctrl Pts',(47.7,-0.499999999999966,140.6));
#3386=CARTESIAN_POINT('Ctrl Pts',(47.7,-8.32923740698769E-14,140.6));
#3387=CARTESIAN_POINT('Ctrl Pts',(47.7,0.499999999999799,140.6));
#3388=CARTESIAN_POINT('Ctrl Pts',(48.1999999999999,0.499999999999799,140.6));
#3389=CARTESIAN_POINT('Ctrl Pts',(48.6999999999998,0.499999999999799,140.6));
#3390=CARTESIAN_POINT('Ctrl Pts',(48.6999999999998,-8.32923740698777E-14,
140.6));
#3391=CARTESIAN_POINT('',(49.7,-2.89302155004557E-14,141.6));
#3392=CARTESIAN_POINT('Origin',(48.2,-2.87465184805836E-14,141.6));
#3393=CARTESIAN_POINT('',(48.7,-2.88077508205409E-14,140.6));
#3394=CARTESIAN_POINT('Origin',(48.7,-4.47748141354321E-14,141.6));
#3395=CARTESIAN_POINT('Origin',(48.2,-2.87465184805836E-14,140.6));
#3396=CARTESIAN_POINT('Origin',(48.2,-2.88657986402541E-14,140.6));
#3397=CARTESIAN_POINT('Ctrl Pts',(35.5825468531916,-34.0825468531916,141.6));
#3398=CARTESIAN_POINT('Ctrl Pts',(35.5825468531916,-35.5825468531916,141.6));
#3399=CARTESIAN_POINT('Ctrl Pts',(34.0825468531916,-35.5825468531916,141.6));
#3400=CARTESIAN_POINT('Ctrl Pts',(32.5825468531915,-35.5825468531916,141.6));
#3401=CARTESIAN_POINT('Ctrl Pts',(32.5825468531915,-34.0825468531916,141.6));
#3402=CARTESIAN_POINT('Ctrl Pts',(32.5825468531915,-32.5825468531916,141.6));
#3403=CARTESIAN_POINT('Ctrl Pts',(34.0825468531916,-32.5825468531916,141.6));
#3404=CARTESIAN_POINT('Ctrl Pts',(35.5825468531916,-32.5825468531916,141.6));
#3405=CARTESIAN_POINT('Ctrl Pts',(35.5825468531916,-34.0825468531916,141.6));
#3406=CARTESIAN_POINT('Ctrl Pts',(35.5825468531916,-34.0825468531916,140.6));
#3407=CARTESIAN_POINT('Ctrl Pts',(35.5825468531916,-35.5825468531916,140.6));
#3408=CARTESIAN_POINT('Ctrl Pts',(34.0825468531916,-35.5825468531916,140.6));
#3409=CARTESIAN_POINT('Ctrl Pts',(32.5825468531916,-35.5825468531916,140.6));
#3410=CARTESIAN_POINT('Ctrl Pts',(32.5825468531916,-34.0825468531916,140.6));
#3411=CARTESIAN_POINT('Ctrl Pts',(32.5825468531916,-32.5825468531916,140.6));
#3412=CARTESIAN_POINT('Ctrl Pts',(34.0825468531916,-32.5825468531916,140.6));
#3413=CARTESIAN_POINT('Ctrl Pts',(35.5825468531916,-32.5825468531916,140.6));
#3414=CARTESIAN_POINT('Ctrl Pts',(35.5825468531916,-34.0825468531916,140.6));
#3415=CARTESIAN_POINT('Ctrl Pts',(34.5825468531915,-34.0825468531916,140.6));
#3416=CARTESIAN_POINT('Ctrl Pts',(34.5825468531915,-34.5825468531916,140.6));
#3417=CARTESIAN_POINT('Ctrl Pts',(34.0825468531916,-34.5825468531916,140.6));
#3418=CARTESIAN_POINT('Ctrl Pts',(33.5825468531916,-34.5825468531916,140.6));
#3419=CARTESIAN_POINT('Ctrl Pts',(33.5825468531916,-34.0825468531916,140.6));
#3420=CARTESIAN_POINT('Ctrl Pts',(33.5825468531916,-33.5825468531917,140.6));
#3421=CARTESIAN_POINT('Ctrl Pts',(34.0825468531916,-33.5825468531917,140.6));
#3422=CARTESIAN_POINT('Ctrl Pts',(34.5825468531915,-33.5825468531917,140.6));
#3423=CARTESIAN_POINT('Ctrl Pts',(34.5825468531915,-34.0825468531916,140.6));
#3424=CARTESIAN_POINT('',(35.5825468531916,-34.0825468531916,141.6));
#3425=CARTESIAN_POINT('Origin',(34.0825468531916,-34.0825468531916,141.6));
#3426=CARTESIAN_POINT('',(34.5825468531916,-34.0825468531916,140.6));
#3427=CARTESIAN_POINT('Origin',(34.5825468531916,-34.0825468531916,141.6));
#3428=CARTESIAN_POINT('Origin',(34.0825468531916,-34.0825468531916,140.6));
#3429=CARTESIAN_POINT('Origin',(34.0825468531916,-34.0825468531916,140.6));
#3430=CARTESIAN_POINT('Ctrl Pts',(-32.5825468531916,-34.0825468531916,141.6));
#3431=CARTESIAN_POINT('Ctrl Pts',(-32.5825468531916,-35.5825468531916,141.6));
#3432=CARTESIAN_POINT('Ctrl Pts',(-34.0825468531916,-35.5825468531916,141.6));
#3433=CARTESIAN_POINT('Ctrl Pts',(-35.5825468531917,-35.5825468531916,141.6));
#3434=CARTESIAN_POINT('Ctrl Pts',(-35.5825468531917,-34.0825468531916,141.6));
#3435=CARTESIAN_POINT('Ctrl Pts',(-35.5825468531917,-32.5825468531916,141.6));
#3436=CARTESIAN_POINT('Ctrl Pts',(-34.0825468531916,-32.5825468531916,141.6));
#3437=CARTESIAN_POINT('Ctrl Pts',(-32.5825468531916,-32.5825468531916,141.6));
#3438=CARTESIAN_POINT('Ctrl Pts',(-32.5825468531916,-34.0825468531916,141.6));
#3439=CARTESIAN_POINT('Ctrl Pts',(-32.5825468531916,-34.0825468531916,140.6));
#3440=CARTESIAN_POINT('Ctrl Pts',(-32.5825468531916,-35.5825468531917,140.6));
#3441=CARTESIAN_POINT('Ctrl Pts',(-34.0825468531917,-35.5825468531917,140.6));
#3442=CARTESIAN_POINT('Ctrl Pts',(-35.5825468531918,-35.5825468531917,140.6));
#3443=CARTESIAN_POINT('Ctrl Pts',(-35.5825468531918,-34.0825468531916,140.6));
#3444=CARTESIAN_POINT('Ctrl Pts',(-35.5825468531918,-32.5825468531916,140.6));
#3445=CARTESIAN_POINT('Ctrl Pts',(-34.0825468531917,-32.5825468531916,140.6));
#3446=CARTESIAN_POINT('Ctrl Pts',(-32.5825468531916,-32.5825468531916,140.6));
#3447=CARTESIAN_POINT('Ctrl Pts',(-32.5825468531916,-34.0825468531916,140.6));
#3448=CARTESIAN_POINT('Ctrl Pts',(-33.5825468531918,-34.0825468531916,140.6));
#3449=CARTESIAN_POINT('Ctrl Pts',(-33.5825468531918,-34.5825468531915,140.6));
#3450=CARTESIAN_POINT('Ctrl Pts',(-34.0825468531917,-34.5825468531915,140.6));
#3451=CARTESIAN_POINT('Ctrl Pts',(-34.5825468531916,-34.5825468531915,140.6));
#3452=CARTESIAN_POINT('Ctrl Pts',(-34.5825468531916,-34.0825468531916,140.6));
#3453=CARTESIAN_POINT('Ctrl Pts',(-34.5825468531916,-33.5825468531918,140.6));
#3454=CARTESIAN_POINT('Ctrl Pts',(-34.0825468531917,-33.5825468531918,140.6));
#3455=CARTESIAN_POINT('Ctrl Pts',(-33.5825468531918,-33.5825468531918,140.6));
#3456=CARTESIAN_POINT('Ctrl Pts',(-33.5825468531918,-34.0825468531916,140.6));
#3457=CARTESIAN_POINT('',(-32.5825468531916,-34.0825468531916,141.6));
#3458=CARTESIAN_POINT('Origin',(-34.0825468531916,-34.0825468531916,141.6));
#3459=CARTESIAN_POINT('',(-33.5825468531916,-34.0825468531916,140.6));
#3460=CARTESIAN_POINT('Origin',(-33.5825468531917,-34.0825468531916,141.6));
#3461=CARTESIAN_POINT('Origin',(-34.0825468531916,-34.0825468531916,140.6));
#3462=CARTESIAN_POINT('Origin',(-34.0825468531916,-34.0825468531916,140.6));
#3463=CARTESIAN_POINT('Ctrl Pts',(-46.7,-1.17484147410502E-14,141.6));
#3464=CARTESIAN_POINT('Ctrl Pts',(-46.7,-1.50000000000002,141.6));
#3465=CARTESIAN_POINT('Ctrl Pts',(-48.2,-1.50000000000002,141.6));
#3466=CARTESIAN_POINT('Ctrl Pts',(-49.7,-1.50000000000002,141.6));
#3467=CARTESIAN_POINT('Ctrl Pts',(-49.7,-1.17484147410494E-14,141.6));
#3468=CARTESIAN_POINT('Ctrl Pts',(-49.7,1.5,141.6));
#3469=CARTESIAN_POINT('Ctrl Pts',(-48.2,1.5,141.6));
#3470=CARTESIAN_POINT('Ctrl Pts',(-46.7,1.5,141.6));
#3471=CARTESIAN_POINT('Ctrl Pts',(-46.7,-1.17484147410502E-14,141.6));
#3472=CARTESIAN_POINT('Ctrl Pts',(-46.7,-5.03272070154581E-14,140.6));
#3473=CARTESIAN_POINT('Ctrl Pts',(-46.7,-1.50000000000014,140.6));
#3474=CARTESIAN_POINT('Ctrl Pts',(-48.2000000000001,-1.50000000000014,140.6));
#3475=CARTESIAN_POINT('Ctrl Pts',(-49.7000000000002,-1.50000000000014,140.6));
#3476=CARTESIAN_POINT('Ctrl Pts',(-49.7000000000002,-5.03272070154574E-14,
140.6));
#3477=CARTESIAN_POINT('Ctrl Pts',(-49.7000000000002,1.50000000000004,140.6));
#3478=CARTESIAN_POINT('Ctrl Pts',(-48.2000000000001,1.50000000000004,140.6));
#3479=CARTESIAN_POINT('Ctrl Pts',(-46.7,1.50000000000004,140.6));
#3480=CARTESIAN_POINT('Ctrl Pts',(-46.7,-5.03272070154581E-14,140.6));
#3481=CARTESIAN_POINT('Ctrl Pts',(-47.7000000000002,-5.03272070154541E-14,
140.6));
#3482=CARTESIAN_POINT('Ctrl Pts',(-47.7000000000002,-0.499999999999951,
140.6));
#3483=CARTESIAN_POINT('Ctrl Pts',(-48.2000000000001,-0.499999999999951,
140.6));
#3484=CARTESIAN_POINT('Ctrl Pts',(-48.7,-0.499999999999951,140.6));
#3485=CARTESIAN_POINT('Ctrl Pts',(-48.7,-5.03272070154542E-14,140.6));
#3486=CARTESIAN_POINT('Ctrl Pts',(-48.7,0.49999999999985,140.6));
#3487=CARTESIAN_POINT('Ctrl Pts',(-48.2000000000001,0.49999999999985,140.6));
#3488=CARTESIAN_POINT('Ctrl Pts',(-47.7000000000002,0.49999999999985,140.6));
#3489=CARTESIAN_POINT('Ctrl Pts',(-47.7000000000002,-5.03272070154541E-14,
140.6));
#3490=CARTESIAN_POINT('',(-46.7,-1.83697019872103E-16,141.6));
#3491=CARTESIAN_POINT('Origin',(-48.2,0.,141.6));
#3492=CARTESIAN_POINT('',(-47.7,-6.12323399573676E-17,140.6));
#3493=CARTESIAN_POINT('Origin',(-47.7,-1.18096470810103E-14,141.6));
#3494=CARTESIAN_POINT('Origin',(-48.2,0.,140.6));
#3495=CARTESIAN_POINT('Origin',(-48.2,0.,140.6));
#3496=CARTESIAN_POINT('Origin',(0.0320466968425483,40.1999999999945,147.415267663306));
#3497=CARTESIAN_POINT('',(3.74435729807193,40.1999999999944,143.702957062077));
#3498=CARTESIAN_POINT('',(3.67568820815376,44.648956496165,151.195));
#3499=CARTESIAN_POINT('Ctrl Pts',(3.67568820815381,44.648956496165,151.195));
#3500=CARTESIAN_POINT('Ctrl Pts',(3.78346898124539,44.5358319670014,151.091099918202));
#3501=CARTESIAN_POINT('Ctrl Pts',(3.88408641237031,44.42082145708,150.985187623902));
#3502=CARTESIAN_POINT('Ctrl Pts',(4.00177880479176,44.2756494243472,150.851120418169));
#3503=CARTESIAN_POINT('Ctrl Pts',(4.0257882724762,44.245419417465,150.823182657423));
#3504=CARTESIAN_POINT('Ctrl Pts',(4.04949729794587,44.2149473779392,150.795));
#3505=CARTESIAN_POINT('',(3.67568820815368,40.1999999999944,151.195));
#3506=CARTESIAN_POINT('Origin',(2.20666789930126,40.1999999999945,142.165267663306));
#3507=CARTESIAN_POINT('',(-2.14257450561632,40.1999999999946,142.165267663306));
#3508=CARTESIAN_POINT('',(2.20666789930126,40.1999999999945,142.165267663306));
#3509=CARTESIAN_POINT('Origin',(3.74435729807193,40.1999999999944,143.702957062077));
#3510=CARTESIAN_POINT('Origin',(0.0320466968425483,40.1999999999945,147.415267663306));
#3511=CARTESIAN_POINT('',(-3.61159481446836,51.4734531860463,151.195));
#3512=CARTESIAN_POINT('Ctrl Pts',(-3.61159481446835,51.4734531860463,151.195));
#3513=CARTESIAN_POINT('Ctrl Pts',(-3.77211829407939,51.6173143818261,151.040256234635));
#3514=CARTESIAN_POINT('Ctrl Pts',(-3.92179565325567,51.7706435945099,150.876174161773));
#3515=CARTESIAN_POINT('Ctrl Pts',(-4.05942750604668,51.9315814155813,150.705));
#3516=CARTESIAN_POINT('',(-3.61159481446849,44.6541866222654,151.195));
#3517=CARTESIAN_POINT('',(-3.61159481446858,40.1999999999946,151.195));
#3518=CARTESIAN_POINT('Ctrl Pts',(-3.98540390426063,44.220770636884,150.795));
#3519=CARTESIAN_POINT('Ctrl Pts',(-3.95993575102121,44.2534623725493,150.825273713226));
#3520=CARTESIAN_POINT('Ctrl Pts',(-3.93412031899928,44.2858752154413,150.855265546513));
#3521=CARTESIAN_POINT('Ctrl Pts',(-3.81612107087338,44.4307942319182,150.989259437565));
#3522=CARTESIAN_POINT('Ctrl Pts',(-3.71730994241205,44.5433948843008,151.093091188942));
#3523=CARTESIAN_POINT('Ctrl Pts',(-3.61159481446851,44.6541866222654,151.195));
#3524=CARTESIAN_POINT('',(-3.68026390438683,40.1999999999946,143.702957062077));
#3525=CARTESIAN_POINT('Origin',(-2.14257450561632,40.1999999999946,142.165267663306));
#3526=CARTESIAN_POINT('Origin',(-9.30000000000072,40.1999999999947,150.185));
#3527=CARTESIAN_POINT('',(-7.30000000000073,40.1999999999946,150.185));
#3528=CARTESIAN_POINT('',(-7.57376131430274,44.1551598293333,151.195));
#3529=CARTESIAN_POINT('Ctrl Pts',(-7.57376131430273,44.1551598293333,151.195));
#3530=CARTESIAN_POINT('Ctrl Pts',(-7.49727707455155,44.0356469747652,151.064277174748));
#3531=CARTESIAN_POINT('Ctrl Pts',(-7.43816222391515,43.9082910473012,150.928850548227));
#3532=CARTESIAN_POINT('Ctrl Pts',(-7.39529529847867,43.7797853746258,150.795));
#3533=CARTESIAN_POINT('',(-7.57376131430261,51.0411416364679,151.195));
#3534=CARTESIAN_POINT('',(-7.57376131430283,40.1999999999946,151.195));
#3535=CARTESIAN_POINT('Ctrl Pts',(-7.36878276726877,51.5661627477632,150.705));
#3536=CARTESIAN_POINT('Ctrl Pts',(-7.36945781461613,51.5635337714919,150.707507044366));
#3537=CARTESIAN_POINT('Ctrl Pts',(-7.37013781630128,51.5609051108738,150.710013044243));
#3538=CARTESIAN_POINT('Ctrl Pts',(-7.41682312082234,51.3817630636473,150.880745041011));
#3539=CARTESIAN_POINT('Ctrl Pts',(-7.48550028315957,51.206741077177,151.044148904556));
#3540=CARTESIAN_POINT('Ctrl Pts',(-7.57376131430261,51.0411416364679,151.195));
#3541=CARTESIAN_POINT('Origin',(-7.30000000000073,40.1999999999946,150.185));
#3542=CARTESIAN_POINT('',(-7.30000000000094,40.1999999999946,146.685));
#3543=CARTESIAN_POINT('Origin',(-9.30000000000061,40.1999999999947,146.685));
#3544=CARTESIAN_POINT('',(-7.88578643762762,40.1999999999947,145.270786437627));
#3545=CARTESIAN_POINT('Origin',(-17.6999994582756,40.1999999999949,150.184999458275));
#3546=CARTESIAN_POINT('',(-19.4262384546531,47.8035695267933,151.195));
#3547=CARTESIAN_POINT('Ctrl Pts',(-19.6312177270416,48.2491826954602,150.704997694122));
#3548=CARTESIAN_POINT('Ctrl Pts',(-19.6143578877789,48.1884423840242,150.767613348076));
#3549=CARTESIAN_POINT('Ctrl Pts',(-19.5943911352314,48.1296232597577,150.829619225039));
#3550=CARTESIAN_POINT('Ctrl Pts',(-19.5713839939598,48.0731109122168,150.890635403009));
#3551=CARTESIAN_POINT('Ctrl Pts',(-19.534076804939,47.9814734155444,150.989576077906));
#3552=CARTESIAN_POINT('Ctrl Pts',(-19.4861572568693,47.8897630892466,151.09258998265));
#3553=CARTESIAN_POINT('Ctrl Pts',(-19.4262384546532,47.8035695267933,151.195));
#3554=CARTESIAN_POINT('',(-19.4262384546533,40.3690631486904,151.195));
#3555=CARTESIAN_POINT('',(-19.4262384546533,40.1999999999949,151.195));
#3556=CARTESIAN_POINT('',(-19.4927073738238,40.1999999999949,151.07167893612));
#3557=CARTESIAN_POINT('Origin',(-15.007728265929,39.9934093292369,149.132994968742));
#3558=CARTESIAN_POINT('',(-19.7000000000005,40.1999999999949,150.184999458275));
#3559=CARTESIAN_POINT('Origin',(-17.6999994582756,40.1999999999949,150.184999458275));
#3560=CARTESIAN_POINT('',(-19.7000000000005,40.1999999999949,150.184999458275));
#3561=CARTESIAN_POINT('Origin',(-19.7000000000005,40.1999999999949,146.685));
#3562=CARTESIAN_POINT('',(-19.7000000000009,40.1999999999949,146.685));
#3563=CARTESIAN_POINT('',(-19.7000000000005,40.1999999999949,146.685));
#3564=CARTESIAN_POINT('',(-19.7000000000009,40.1999999999949,146.685));
#3565=CARTESIAN_POINT('Origin',(-17.7000000000006,40.1999999999949,146.685));
#3566=CARTESIAN_POINT('',(-19.1142135623739,40.1999999999949,145.270786437627));
#3567=CARTESIAN_POINT('Origin',(-17.7000000000006,40.1999999999949,146.685));
#3568=CARTESIAN_POINT('',(-19.1142135623739,40.1999999999949,145.270786437627));
#3569=CARTESIAN_POINT('Origin',(-17.8284271247471,40.1999999999949,143.985));
#3570=CARTESIAN_POINT('',(-19.1142135623739,40.1999999999949,145.270786437627));
#3571=CARTESIAN_POINT('',(-17.8284271247471,40.1999999999949,143.985));
#3572=CARTESIAN_POINT('Origin',(-9.17157287525452,40.1999999999947,143.985));
#3573=CARTESIAN_POINT('',(-9.17157287525452,40.1999999999947,143.985));
#3574=CARTESIAN_POINT('Origin',(-7.88578643762762,40.1999999999947,145.270786437627));
#3575=CARTESIAN_POINT('Origin',(-13.5000000000008,40.1999999999948,148.085));
#3576=CARTESIAN_POINT('Origin',(8.71917176746688,40.1999999999949,215.727843942806));
#3577=CARTESIAN_POINT('Origin',(0.,0.,150.995));
#3578=CARTESIAN_POINT('',(-45.7774038070414,24.6663596967017,150.795));
#3579=CARTESIAN_POINT('',(-45.601336869322,24.5714890824836,150.995));
#3580=CARTESIAN_POINT('',(-45.234163822679,24.8280169015376,151.195));
#3581=CARTESIAN_POINT('Origin',(53.7839227470733,-116.900832444649,73.3957111599423));
#3582=CARTESIAN_POINT('Origin',(0.,0.,151.195));
#3583=CARTESIAN_POINT('Origin',(0.,0.,150.995));
#3584=CARTESIAN_POINT('Origin',(0.,0.,151.195));
#3585=CARTESIAN_POINT('Origin',(0.,0.,151.195));
#3586=CARTESIAN_POINT('',(27.3947518690013,35.4480968464578,151.195));
#3587=CARTESIAN_POINT('Origin',(0.,0.,151.195));
#3588=CARTESIAN_POINT('',(29.9678096511551,38.5145477022921,151.195));
#3589=CARTESIAN_POINT('',(12.89042583774,18.1625141905444,151.195));
#3590=CARTESIAN_POINT('',(38.5145477022921,29.9678096511551,151.195));
#3591=CARTESIAN_POINT('Origin',(5.55111512312578E-16,-1.77635683940025E-14,
151.195));
#3592=CARTESIAN_POINT('',(35.4480968464578,27.3947518690013,151.195));
#3593=CARTESIAN_POINT('',(19.6946601155232,14.1760489182995,151.195));
#3594=CARTESIAN_POINT('',(9.54581053654131,-43.7711948797432,151.195));
#3595=CARTESIAN_POINT('Origin',(0.,0.,151.195));
#3596=CARTESIAN_POINT('',(10.2409185133746,-47.7133481114292,151.195));
#3597=CARTESIAN_POINT('',(5.62748705665379,-21.5492781648758,151.195));
#3598=CARTESIAN_POINT('',(-10.2409185133746,-47.7133481114292,151.195));
#3599=CARTESIAN_POINT('Origin',(5.55111512312578E-16,-1.77635683940025E-14,
151.195));
#3600=CARTESIAN_POINT('',(-9.54581053654132,-43.7711948797432,151.195));
#3601=CARTESIAN_POINT('',(-5.97479634162051,-23.5189669984921,151.195));
#3602=CARTESIAN_POINT('',(-35.4480968464578,27.3947518690013,151.195));
#3603=CARTESIAN_POINT('Origin',(0.,0.,151.195));
#3604=CARTESIAN_POINT('',(-38.5145477022921,29.9678096511551,151.195));
#3605=CARTESIAN_POINT('',(-18.1625141905444,12.89042583774,151.195));
#3606=CARTESIAN_POINT('',(-29.9678096511551,38.5145477022921,151.195));
#3607=CARTESIAN_POINT('Origin',(5.55111512312578E-16,-1.77635683940025E-14,
151.195));
#3608=CARTESIAN_POINT('',(-27.3947518690013,35.4480968464578,151.195));
#3609=CARTESIAN_POINT('',(-14.1760489182995,19.6946601155232,151.195));
#3610=CARTESIAN_POINT('Origin',(0.,0.,151.195));
#3611=CARTESIAN_POINT('',(-43.6495120486112,23.9741547904852,151.195));
#3612=CARTESIAN_POINT('',(-22.6989606750845,12.6853137237897,151.195));
#3613=CARTESIAN_POINT('',(-48.722275467129,10.3043618582228,151.195));
#3614=CARTESIAN_POINT('Origin',(0.,0.,151.195));
#3615=CARTESIAN_POINT('',(-50.4728228869705,10.7263297460274,151.195));
#3616=CARTESIAN_POINT('',(-25.6041119559863,4.73174924793329,151.195));
#3617=CARTESIAN_POINT('',(-24.8279377359147,-45.2342072748218,151.195));
#3618=CARTESIAN_POINT('Origin',(0.,0.,151.195));
#3619=CARTESIAN_POINT('',(-23.9740783982075,-43.6495540063882,151.195));
#3620=CARTESIAN_POINT('',(-12.6852739976795,-22.6989828759748,151.195));
#3621=CARTESIAN_POINT('',(-10.3042765879798,-48.7222935010085,151.195));
#3622=CARTESIAN_POINT('Origin',(0.,0.,151.195));
#3623=CARTESIAN_POINT('',(-10.7262414121013,-50.4728416593451,151.195));
#3624=CARTESIAN_POINT('',(-4.73170443744819,-25.6041202371148,151.195));
#3625=CARTESIAN_POINT('',(45.2340769179779,-24.8281752325551,151.195));
#3626=CARTESIAN_POINT('Origin',(0.,0.,151.195));
#3627=CARTESIAN_POINT('',(43.649428132656,-23.9743075748206,151.195));
#3628=CARTESIAN_POINT('',(22.6989162730954,-12.6853931758934,151.195));
#3629=CARTESIAN_POINT('',(48.7222393989224,-10.3045323986143,151.195));
#3630=CARTESIAN_POINT('Origin',(0.,0.,151.195));
#3631=CARTESIAN_POINT('',(50.4727853417573,-10.7265064137811,151.195));
#3632=CARTESIAN_POINT('',(25.6040953934941,-4.73183886886005,151.195));
#3633=CARTESIAN_POINT('',(24.8280960670844,45.2341203703977,151.195));
#3634=CARTESIAN_POINT('Origin',(0.,0.,151.195));
#3635=CARTESIAN_POINT('',(12.685353449861,22.6989384741247,151.195));
#3636=CARTESIAN_POINT('Origin',(0.,0.,151.195));
#3637=CARTESIAN_POINT('Origin',(0.,0.,151.195));
#3638=CARTESIAN_POINT('Origin',(0.,0.,151.195));
#3639=CARTESIAN_POINT('Origin',(0.,0.,150.995));
#3640=CARTESIAN_POINT('Origin',(114.647946592349,-28.8221246508329,218.693917699296));
#3641=CARTESIAN_POINT('Origin',(0.,0.,150.995));
#3642=CARTESIAN_POINT('Origin',(-114.64794657137,-28.8221246461625,218.693917695887));
#3643=CARTESIAN_POINT('Origin',(0.,0.,150.995));
#3644=CARTESIAN_POINT('Origin',(0.,0.,150.995));
#3645=CARTESIAN_POINT('Origin',(-25.4400759272689,5.41225801443276,150.495));
#3646=CARTESIAN_POINT('Origin',(113.912132397932,50.6145051625809,73.89598816194));
#3647=CARTESIAN_POINT('',(-49.0268535124108,10.7892369828738,150.795));
#3648=CARTESIAN_POINT('Origin',(109.782389153946,48.8326048178266,76.5960246330112));
#3649=CARTESIAN_POINT('',(-48.8022001118187,11.7637266308768,149.795));
#3650=CARTESIAN_POINT('Origin',(0.,0.,149.795));
#3651=CARTESIAN_POINT('',(-25.2760398985515,6.09276678093222,149.795));
#3652=CARTESIAN_POINT('Origin',(-50.5520797971031,12.1855335618644,147.0975));
#3653=CARTESIAN_POINT('',(-48.8022001118187,11.7637266308768,141.6));
#3654=CARTESIAN_POINT('',(-48.8022001118187,11.7637266308768,151.195));
#3655=CARTESIAN_POINT('',(-24.4011000559094,5.88186331543842,141.6));
#3656=CARTESIAN_POINT('Origin',(25.4400569828226,-5.41234706118719,150.495));
#3657=CARTESIAN_POINT('Origin',(-113.912309553206,-50.614106424925,73.895988148622));
#3658=CARTESIAN_POINT('',(49.0268157470151,-10.7894085893636,150.795));
#3659=CARTESIAN_POINT('Origin',(-109.78256007523,-48.8322205499868,76.5960246353997));
#3660=CARTESIAN_POINT('',(48.8021589354608,-11.7638974510161,149.795));
#3661=CARTESIAN_POINT('Origin',(0.,0.,149.795));
#3662=CARTESIAN_POINT('',(25.276018572151,-6.09285525351434,149.795));
#3663=CARTESIAN_POINT('Origin',(50.552037144302,-12.1857105070287,147.0975));
#3664=CARTESIAN_POINT('',(48.8021589354608,-11.7638974510161,141.6));
#3665=CARTESIAN_POINT('',(48.8021589354608,-11.7638974510161,151.195));
#3666=CARTESIAN_POINT('',(24.4010794677304,-5.88194872550807,141.6));
#3667=CARTESIAN_POINT('Origin',(-5.41221349103069,-25.4400853993752,150.495));
#3668=CARTESIAN_POINT('Origin',(-50.614704515333,113.912043795575,73.8959881676264));
#3669=CARTESIAN_POINT('',(-10.7891511795794,-49.0268723948834,150.795));
#3670=CARTESIAN_POINT('Origin',(-48.8327969555378,109.782303700042,76.5960246312695));
#3671=CARTESIAN_POINT('',(-11.7636412207531,-48.8022206997735,149.795));
#3672=CARTESIAN_POINT('Origin',(0.,0.,149.795));
#3673=CARTESIAN_POINT('',(-6.09272254461318,-25.2760505616357,149.795));
#3674=CARTESIAN_POINT('Origin',(-12.1854450892264,-50.5521011232713,147.0975));
#3675=CARTESIAN_POINT('',(-11.7636412207531,-48.8022206997735,141.6));
#3676=CARTESIAN_POINT('',(-11.7636412207531,-48.8022206997735,151.195));
#3677=CARTESIAN_POINT('',(-5.88182061037657,-24.4011103498867,141.6));
#3678=CARTESIAN_POINT('Origin',(4.93812162954524,-21.6708318892427,150.495));
#3679=CARTESIAN_POINT('',(9.77978590071286,-47.4016433020652,150.795));
#3680=CARTESIAN_POINT('Origin',(56.1375313952147,115.257920385968,224.69400395234));
#3681=CARTESIAN_POINT('',(9.08487621439015,-43.4606146317469,150.795));
#3682=CARTESIAN_POINT('Origin',(51.6152510344529,106.351926947447,218.693917745088));
#3683=CARTESIAN_POINT('',(8.10358930366847,-43.6542304982859,149.795));
#3684=CARTESIAN_POINT('Origin',(0.,0.,149.395));
#3685=CARTESIAN_POINT('',(8.79820787360192,-47.5936081655183,149.795));
#3686=CARTESIAN_POINT('',(4.2487562024367,-21.7923856136095,149.795));
#3687=CARTESIAN_POINT('Origin',(5.55111512312578E-16,-1.77635683940025E-14,
149.395));
#3688=CARTESIAN_POINT('Origin',(0.,0.,141.6));
#3689=CARTESIAN_POINT('',(34.8953635351056,27.4531164670392,150.795));
#3690=CARTESIAN_POINT('Origin',(0.,0.,150.795));
#3691=CARTESIAN_POINT('',(34.2681080300919,28.2321938934606,149.795));
#3692=CARTESIAN_POINT('Origin',(0.,0.,149.395));
#3693=CARTESIAN_POINT('',(34.2681080300919,28.2321938934606,141.6));
#3694=CARTESIAN_POINT('',(34.2681080300919,28.2321938934606,141.6));
#3695=CARTESIAN_POINT('',(8.10358930366847,-43.6542304982859,141.6));
#3696=CARTESIAN_POINT('Origin',(0.,0.,141.6));
#3697=CARTESIAN_POINT('',(8.10358930366847,-43.6542304982859,141.6));
#3698=CARTESIAN_POINT('Origin',(0.,0.,150.995));
#3699=CARTESIAN_POINT('Origin',(-28.8221246810321,-114.647946441971,218.693917762969));
#3700=CARTESIAN_POINT('Origin',(-5.28543091451197,-23.6405207228589,150.495));
#3701=CARTESIAN_POINT('',(-9.08487621439015,-43.4606146317469,150.795));
#3702=CARTESIAN_POINT('Origin',(-51.6152510371105,106.35192694638,218.693917741033));
#3703=CARTESIAN_POINT('',(-9.77978590071286,-47.4016433020652,150.795));
#3704=CARTESIAN_POINT('Origin',(-56.1375313842036,115.257920380701,224.694003960826));
#3705=CARTESIAN_POINT('',(-8.79820787360192,-47.5936081655183,149.795));
#3706=CARTESIAN_POINT('Origin',(5.55111512312578E-16,-1.77635683940025E-14,
149.395));
#3707=CARTESIAN_POINT('',(-8.10358930366847,-43.6542304982859,149.795));
#3708=CARTESIAN_POINT('',(-4.59606548740342,-23.7620744472258,149.795));
#3709=CARTESIAN_POINT('Origin',(0.,0.,149.395));
#3710=CARTESIAN_POINT('Origin',(0.,0.,150.995));
#3711=CARTESIAN_POINT('',(-34.8953635351056,27.4531164670392,150.795));
#3712=CARTESIAN_POINT('Origin',(0.,0.,150.795));
#3713=CARTESIAN_POINT('Origin',(28.8221246578742,-114.647946530992,218.693917718056));
#3714=CARTESIAN_POINT('Origin',(0.,0.,141.6));
#3715=CARTESIAN_POINT('',(-8.10358930366847,-43.6542304982859,141.6));
#3716=CARTESIAN_POINT('',(-8.10358930366847,-43.6542304982859,141.6));
#3717=CARTESIAN_POINT('',(-34.2681080300919,28.2321938934606,141.6));
#3718=CARTESIAN_POINT('Origin',(0.,0.,141.6));
#3719=CARTESIAN_POINT('',(-34.2681080300919,28.2321938934606,149.795));
#3720=CARTESIAN_POINT('',(-34.2681080300919,28.2321938934606,141.6));
#3721=CARTESIAN_POINT('Origin',(0.,0.,149.395));
#3722=CARTESIAN_POINT('Origin',(19.2447087887426,14.7122800284828,150.495));
#3723=CARTESIAN_POINT('',(37.9609396374827,30.0254402438897,150.795));
#3724=CARTESIAN_POINT('Origin',(-31.0825191740256,-124.377199054953,224.694003962886));
#3725=CARTESIAN_POINT('',(37.3323998800495,30.8034400545796,149.795));
#3726=CARTESIAN_POINT('Origin',(5.55111512312578E-16,-1.77635683940025E-14,
149.395));
#3727=CARTESIAN_POINT('',(18.794757461962,15.248511138666,149.795));
#3728=CARTESIAN_POINT('Origin',(37.3323998800495,30.8034400545796,151.395));
#3729=CARTESIAN_POINT('',(37.3323998800495,30.8034400545796,141.6));
#3730=CARTESIAN_POINT('',(37.3323998800495,30.8034400545796,151.395));
#3731=CARTESIAN_POINT('',(18.794757461962,15.248511138666,141.6));
#3732=CARTESIAN_POINT('Origin',(13.4266569479233,17.7125628637638,150.495));
#3733=CARTESIAN_POINT('',(30.0254402438897,37.9609396374827,150.795));
#3734=CARTESIAN_POINT('Origin',(-124.377199054955,-31.0825191740076,224.694003962914));
#3735=CARTESIAN_POINT('',(30.8034400545796,37.3323998800495,149.795));
#3736=CARTESIAN_POINT('',(13.9628880581065,17.2626115369832,149.795));
#3737=CARTESIAN_POINT('Origin',(5.55111512312578E-16,-1.77635683940025E-14,
149.395));
#3738=CARTESIAN_POINT('Origin',(-14.7122800284828,19.2447087887426,150.495));
#3739=CARTESIAN_POINT('',(-30.0254402438897,37.9609396374827,150.795));
#3740=CARTESIAN_POINT('Origin',(124.377199054953,-31.0825191740256,224.694003962886));
#3741=CARTESIAN_POINT('',(-30.8034400545796,37.3323998800495,149.795));
#3742=CARTESIAN_POINT('Origin',(5.55111512312578E-16,-1.77635683940025E-14,
149.395));
#3743=CARTESIAN_POINT('',(-15.248511138666,18.794757461962,149.795));
#3744=CARTESIAN_POINT('Origin',(-30.8034400545796,37.3323998800495,151.395));
#3745=CARTESIAN_POINT('',(-30.8034400545796,37.3323998800495,141.6));
#3746=CARTESIAN_POINT('',(-30.8034400545796,37.3323998800495,151.395));
#3747=CARTESIAN_POINT('',(-15.248511138666,18.794757461962,141.6));
#3748=CARTESIAN_POINT('Origin',(-17.7125628637638,13.4266569479233,150.495));
#3749=CARTESIAN_POINT('',(-37.9609396374827,30.0254402438897,150.795));
#3750=CARTESIAN_POINT('Origin',(31.0825191740076,-124.377199054955,224.694003962914));
#3751=CARTESIAN_POINT('',(-37.3323998800496,30.8034400545795,149.795));
#3752=CARTESIAN_POINT('',(-17.2626115369832,13.9628880581065,149.795));
#3753=CARTESIAN_POINT('Origin',(5.55111512312578E-16,-1.77635683940025E-14,
149.395));
#3754=CARTESIAN_POINT('Origin',(5.55111512312578E-16,-1.77635683940025E-14,
150.995));
#3755=CARTESIAN_POINT('Origin',(5.55111512312578E-16,-1.77635683940025E-14,
150.795));
#3756=CARTESIAN_POINT('Origin',(5.55111512312578E-16,-1.77635683940025E-14,
151.395));
#3757=CARTESIAN_POINT('',(30.8034400545796,37.3323998800495,141.6));
#3758=CARTESIAN_POINT('',(30.8034400545796,37.3323998800495,151.395));
#3759=CARTESIAN_POINT('Origin',(5.55111512312578E-16,-1.77635683940025E-14,
141.6));
#3760=CARTESIAN_POINT('Origin',(12.5092866781776,22.7938093964824,150.995));
#3761=CARTESIAN_POINT('Origin',(-116.900926450462,-53.7837181652018,73.3957110970077));
#3762=CARTESIAN_POINT('',(12.3332199064942,22.88868031884,150.795));
#3763=CARTESIAN_POINT('Origin',(0.,0.,150.995));
#3764=CARTESIAN_POINT('Origin',(0.,0.,150.995));
#3765=CARTESIAN_POINT('',(44.192718017357,-23.8126788547272,150.795));
#3766=CARTESIAN_POINT('Origin',(0.,0.,150.795));
#3767=CARTESIAN_POINT('Origin',(-51.8950921081828,112.816418612914,76.095736844803));
#3768=CARTESIAN_POINT('Origin',(22.7937875035924,-12.5093265702466,150.995));
#3769=CARTESIAN_POINT('Origin',(-53.7835135792656,116.90102058417,73.3957110916029));
#3770=CARTESIAN_POINT('',(22.8886587340893,-12.3332599645997,150.795));
#3771=CARTESIAN_POINT('Origin',(0.,0.,150.995));
#3772=CARTESIAN_POINT('Origin',(5.55111512312578E-16,-1.77635683940025E-14,
150.995));
#3773=CARTESIAN_POINT('Origin',(5.55111512312578E-16,-1.77635683940025E-14,
150.795));
#3774=CARTESIAN_POINT('Origin',(5.55111512312578E-16,-1.77635683940025E-14,
151.395));
#3775=CARTESIAN_POINT('',(8.79820787360192,-47.5936081655183,141.6));
#3776=CARTESIAN_POINT('',(8.79820787360192,-47.5936081655183,151.395));
#3777=CARTESIAN_POINT('',(-8.79820787360192,-47.5936081655183,141.6));
#3778=CARTESIAN_POINT('Origin',(5.55111512312578E-16,-1.77635683940025E-14,
141.6));
#3779=CARTESIAN_POINT('',(-8.79820787360192,-47.5936081655183,151.395));
#3780=CARTESIAN_POINT('Origin',(0.,0.,150.995));
#3781=CARTESIAN_POINT('',(-23.8124468256355,-44.1928430424688,150.795));
#3782=CARTESIAN_POINT('Origin',(0.,0.,150.795));
#3783=CARTESIAN_POINT('Origin',(112.816146128927,51.8956844452909,76.0957368281911));
#3784=CARTESIAN_POINT('Origin',(-12.5092068939246,-22.793853182053,150.995));
#3785=CARTESIAN_POINT('Origin',(116.900738161607,53.7841273276585,73.395711112283));
#3786=CARTESIAN_POINT('',(-12.3331397901698,-22.8887234881312,150.795));
#3787=CARTESIAN_POINT('Origin',(0.,0.,150.995));
#3788=CARTESIAN_POINT('Origin',(-8.79820787360192,-47.5936081655183,151.395));
#3789=CARTESIAN_POINT('',(-4.59606548740342,-23.7620744472258,141.6));
#3790=CARTESIAN_POINT('Origin',(0.,0.,150.995));
#3791=CARTESIAN_POINT('',(-44.1928013675669,23.812524168739,150.795));
#3792=CARTESIAN_POINT('Origin',(51.8951451802415,-112.815749164098,76.0960039951409));
#3793=CARTESIAN_POINT('Origin',(0.,0.,150.795));
#3794=CARTESIAN_POINT('Origin',(0.,0.,141.6));
#3795=CARTESIAN_POINT('',(-44.1928013675669,23.812524168739,150.595));
#3796=CARTESIAN_POINT('',(-44.1928013675669,23.812524168739,150.595));
#3797=CARTESIAN_POINT('',(-28.1233002072196,41.5826885308611,146.));
#3798=CARTESIAN_POINT('Ctrl Pts',(-28.1233002072196,41.5826885308611,146.));
#3799=CARTESIAN_POINT('Ctrl Pts',(-31.4671785294843,39.3211489999654,146.766756870751));
#3800=CARTESIAN_POINT('Ctrl Pts',(-34.526096938395,36.6644902393673,147.530825813074));
#3801=CARTESIAN_POINT('Ctrl Pts',(-39.9413273908404,30.6761565482024,149.064174186926));
#3802=CARTESIAN_POINT('Ctrl Pts',(-42.277913557772,27.3662951180001,149.828243129249));
#3803=CARTESIAN_POINT('Ctrl Pts',(-44.1928013675669,23.812524168739,150.595));
#3804=CARTESIAN_POINT('',(-20.0285581886079,46.0314768053942,146.));
#3805=CARTESIAN_POINT('Origin',(0.,0.,146.));
#3806=CARTESIAN_POINT('',(-20.0285581886079,46.0314768053942,141.6));
#3807=CARTESIAN_POINT('',(-20.0285581886079,46.0314768053942,143.));
#3808=CARTESIAN_POINT('Origin',(0.,0.,141.6));
#3809=CARTESIAN_POINT('Origin',(-22.7938312893026,12.5092467860703,150.995));
#3810=CARTESIAN_POINT('',(-22.8887019035207,12.3331798483509,150.795));
#3811=CARTESIAN_POINT('Origin',(28.2321938934606,34.2681080300919,151.395));
#3812=CARTESIAN_POINT('',(13.9628880581065,17.2626115369832,141.6));
#3813=CARTESIAN_POINT('Origin',(5.55111512312578E-16,-1.77635683940025E-14,
150.995));
#3814=CARTESIAN_POINT('Origin',(5.55111512312578E-16,-1.77635683940025E-14,
150.795));
#3815=CARTESIAN_POINT('Origin',(5.55111512312578E-16,-1.77635683940025E-14,
151.395));
#3816=CARTESIAN_POINT('',(-37.3323998800496,30.8034400545795,141.6));
#3817=CARTESIAN_POINT('',(-37.3323998800496,30.8034400545795,151.395));
#3818=CARTESIAN_POINT('Origin',(5.55111512312578E-16,-1.77635683940025E-14,
141.6));
#3819=CARTESIAN_POINT('Origin',(-41.5692193816531,24.,141.6));
#3820=CARTESIAN_POINT('',(-42.9692193816531,24.,141.6));
#3821=CARTESIAN_POINT('Origin',(-41.5692193816531,24.,141.6));
#3822=CARTESIAN_POINT('',(-42.9692193816531,24.,150.595));
#3823=CARTESIAN_POINT('',(-42.9692193816531,24.,141.6));
#3824=CARTESIAN_POINT('Origin',(-41.5692193816531,24.,150.595));
#3825=CARTESIAN_POINT('Origin',(0.,0.,150.595));
#3826=CARTESIAN_POINT('Origin',(24.,41.5692193816531,141.6));
#3827=CARTESIAN_POINT('',(22.6,41.5692193816531,141.6));
#3828=CARTESIAN_POINT('Origin',(24.,41.5692193816531,141.6));
#3829=CARTESIAN_POINT('',(22.6,41.5692193816531,150.595));
#3830=CARTESIAN_POINT('',(22.6,41.5692193816531,141.6));
#3831=CARTESIAN_POINT('Origin',(24.,41.5692193816531,150.595));
#3832=CARTESIAN_POINT('Origin',(0.,0.,150.595));
#3833=CARTESIAN_POINT('Origin',(-24.,-41.5692193816531,141.6));
#3834=CARTESIAN_POINT('',(-25.4,-41.5692193816531,141.6));
#3835=CARTESIAN_POINT('Origin',(-24.,-41.5692193816531,141.6));
#3836=CARTESIAN_POINT('',(-25.4,-41.5692193816531,150.595));
#3837=CARTESIAN_POINT('',(-25.4,-41.5692193816531,141.6));
#3838=CARTESIAN_POINT('Origin',(-24.,-41.5692193816531,150.595));
#3839=CARTESIAN_POINT('Origin',(0.,0.,150.595));
#3840=CARTESIAN_POINT('Origin',(41.5692193816531,-24.,141.6));
#3841=CARTESIAN_POINT('',(40.1692193816531,-24.,141.6));
#3842=CARTESIAN_POINT('Origin',(41.5692193816531,-24.,141.6));
#3843=CARTESIAN_POINT('',(40.1692193816531,-24.,150.595));
#3844=CARTESIAN_POINT('',(40.1692193816531,-24.,141.6));
#3845=CARTESIAN_POINT('Origin',(41.5692193816531,-24.,150.595));
#3846=CARTESIAN_POINT('Origin',(0.,0.,150.595));
#3847=CARTESIAN_POINT('Origin',(0.,0.,141.6));
#3848=CARTESIAN_POINT('',(-23.8124468256355,-44.1928430424688,150.595));
#3849=CARTESIAN_POINT('',(-23.8124468256355,-44.1928430424688,150.595));
#3850=CARTESIAN_POINT('',(-41.5826393114172,-28.1233729822115,146.));
#3851=CARTESIAN_POINT('Ctrl Pts',(-41.5826393114172,-28.1233729822115,146.));
#3852=CARTESIAN_POINT('Ctrl Pts',(-39.3210939283094,-31.4672473464868,146.766756870751));
#3853=CARTESIAN_POINT('Ctrl Pts',(-36.6644298142161,-34.5261611058996,147.530825813074));
#3854=CARTESIAN_POINT('Ctrl Pts',(-30.6760866457127,-39.9413810779853,149.064174186926));
#3855=CARTESIAN_POINT('Ctrl Pts',(-27.3662211261902,-42.2779614522315,149.828243129249));
#3856=CARTESIAN_POINT('Ctrl Pts',(-23.8124468256355,-44.1928430424688,150.595));
#3857=CARTESIAN_POINT('',(-46.0314417527796,-20.028638749562,146.));
#3858=CARTESIAN_POINT('Origin',(0.,0.,146.));
#3859=CARTESIAN_POINT('',(-46.0314417527796,-20.028638749562,141.6));
#3860=CARTESIAN_POINT('',(-46.0314417527796,-20.028638749562,143.));
#3861=CARTESIAN_POINT('Origin',(0.,0.,141.6));
#3862=CARTESIAN_POINT('Origin',(-24.6662795803395,-45.7774469762625,150.895));
#3863=CARTESIAN_POINT('',(-24.6662795803395,-45.7774469762625,150.595));
#3864=CARTESIAN_POINT('Ctrl Pts',(-41.5826393114172,-28.1233729822115,146.));
#3865=CARTESIAN_POINT('Ctrl Pts',(-42.0796429685257,-28.4595089142698,146.));
#3866=CARTESIAN_POINT('Ctrl Pts',(-42.5766466256343,-28.7956448463281,146.));
#3867=CARTESIAN_POINT('Ctrl Pts',(-43.0736502827429,-29.1317807783864,146.));
#3868=CARTESIAN_POINT('Ctrl Pts',(-37.064996482772,-34.8030665026219,147.531666666667));
#3869=CARTESIAN_POINT('Ctrl Pts',(-37.5080724478539,-35.2191089302237,147.531666666667));
#3870=CARTESIAN_POINT('Ctrl Pts',(-37.9509442959567,-35.6349427942377,147.531666666667));
#3871=CARTESIAN_POINT('Ctrl Pts',(-38.3940202610387,-36.0509852218395,147.531666666667));
#3872=CARTESIAN_POINT('Ctrl Pts',(-30.9114345812839,-40.3676927056876,149.063333333333));
#3873=CARTESIAN_POINT('Ctrl Pts',(-31.2809563078131,-40.8502497551865,149.063333333333));
#3874=CARTESIAN_POINT('Ctrl Pts',(-31.6502909871514,-41.3325828049983,149.063333333333));
#3875=CARTESIAN_POINT('Ctrl Pts',(-32.0198127136806,-41.8151398544971,149.063333333333));
#3876=CARTESIAN_POINT('Ctrl Pts',(-23.8124468256355,-44.1928430424688,150.595));
#3877=CARTESIAN_POINT('Ctrl Pts',(-24.0970577438702,-44.7210443537333,150.595));
#3878=CARTESIAN_POINT('Ctrl Pts',(-24.3816686621049,-45.2492456649979,150.595));
#3879=CARTESIAN_POINT('Ctrl Pts',(-24.6662795803396,-45.7774469762625,150.595));
#3880=CARTESIAN_POINT('',(-43.0736502827429,-29.1317807783864,146.));
#3881=CARTESIAN_POINT('Origin',(-45.5710731795466,-25.0455043723302,146.));
#3882=CARTESIAN_POINT('',(-47.6819715367438,-20.7467971111001,146.));
#3883=CARTESIAN_POINT('Origin',(-47.6819715367439,-20.7467971111001,144.5));
#3884=CARTESIAN_POINT('',(-23.8409857683719,-10.37339855555,141.6));
#3885=CARTESIAN_POINT('Origin',(-45.7774038070414,24.6663596967017,150.895));
#3886=CARTESIAN_POINT('',(-45.7774038070414,24.6663596967017,150.595));
#3887=CARTESIAN_POINT('Ctrl Pts',(-28.1233002072196,41.5826885308611,146.));
#3888=CARTESIAN_POINT('Ctrl Pts',(-28.4594352694572,42.0796927762498,146.));
#3889=CARTESIAN_POINT('Ctrl Pts',(-28.7955703316949,42.5766970216386,146.));
#3890=CARTESIAN_POINT('Ctrl Pts',(-29.1317053939326,43.0737012670274,146.));
#3891=CARTESIAN_POINT('Ctrl Pts',(-29.1737229884634,43.1358278500854,146.));
#3892=CARTESIAN_POINT('Ctrl Pts',(-29.2157405829942,43.1979544331434,146.));
#3893=CARTESIAN_POINT('Ctrl Pts',(-29.2577581775249,43.2600810162015,146.));
#3894=CARTESIAN_POINT('Ctrl Pts',(-34.8030016340738,37.0650573925426,147.531666666667));
#3895=CARTESIAN_POINT('Ctrl Pts',(-35.2190432862352,37.5081340857515,147.531666666667));
#3896=CARTESIAN_POINT('Ctrl Pts',(-35.634876375166,37.9510066616162,147.531666666667));
#3897=CARTESIAN_POINT('Ctrl Pts',(-36.0509180273274,38.394083354825,147.531666666667));
#3898=CARTESIAN_POINT('Ctrl Pts',(-36.1029241147973,38.4494688796713,147.531666666667));
#3899=CARTESIAN_POINT('Ctrl Pts',(-36.1549302022672,38.5048544045176,147.531666666667));
#3900=CARTESIAN_POINT('Ctrl Pts',(-36.2069362897371,38.560239929364,147.531666666667));
#3901=CARTESIAN_POINT('Ctrl Pts',(-40.3676386066531,30.9115052298732,149.063333333333));
#3902=CARTESIAN_POINT('Ctrl Pts',(-40.8501950094408,31.2810278009384,149.063333333333));
#3903=CARTESIAN_POINT('Ctrl Pts',(-41.3325274128689,31.6503633244209,149.063333333333));
#3904=CARTESIAN_POINT('Ctrl Pts',(-41.8150838156566,32.0198858954861,149.063333333333));
#3905=CARTESIAN_POINT('Ctrl Pts',(-41.8754043877968,32.0660769993169,149.063333333333));
#3906=CARTESIAN_POINT('Ctrl Pts',(-41.935724959937,32.1122681031477,149.063333333333));
#3907=CARTESIAN_POINT('Ctrl Pts',(-41.9960455320772,32.1584592069784,149.063333333333));
#3908=CARTESIAN_POINT('Ctrl Pts',(-44.1928013675669,23.812524168739,150.595));
#3909=CARTESIAN_POINT('Ctrl Pts',(-44.7210021807251,24.0971360113933,150.595));
#3910=CARTESIAN_POINT('Ctrl Pts',(-45.2492029938832,24.3817478540475,150.595));
#3911=CARTESIAN_POINT('Ctrl Pts',(-45.7774038070414,24.6663596967018,150.595));
#3912=CARTESIAN_POINT('Ctrl Pts',(-45.843430027128,24.7019367796865,150.595));
#3913=CARTESIAN_POINT('Ctrl Pts',(-45.9094562472145,24.7375138626713,150.595));
#3914=CARTESIAN_POINT('Ctrl Pts',(-45.975482467301,24.773090945656,150.595));
#3915=CARTESIAN_POINT('',(-29.1317053939326,43.0737012670274,146.));
#3916=CARTESIAN_POINT('Origin',(-25.0454246170725,45.5711170123198,146.));
#3917=CARTESIAN_POINT('',(-20.7467136615062,47.6820078462251,146.));
#3918=CARTESIAN_POINT('Origin',(-20.7467136615062,47.6820078462251,144.5));
#3919=CARTESIAN_POINT('',(-10.3733568307531,23.8410039231125,141.6));
#3920=CARTESIAN_POINT('Origin',(0.,0.,141.6));
#3921=CARTESIAN_POINT('',(44.192718017357,-23.8126788547272,150.595));
#3922=CARTESIAN_POINT('',(44.192718017357,-23.8126788547272,150.595));
#3923=CARTESIAN_POINT('',(28.1231546569772,-41.5827869693668,146.));
#3924=CARTESIAN_POINT('Ctrl Pts',(28.1231546569772,-41.5827869693668,146.));
#3925=CARTESIAN_POINT('Ctrl Pts',(31.4670408951892,-39.3212591429166,146.766756870751));
#3926=CARTESIAN_POINT('Ctrl Pts',(34.5259686030682,-36.6646110893333,147.530825813074));
#3927=CARTESIAN_POINT('Ctrl Pts',(39.9412200161836,-30.6762963528997,149.064174186926));
#3928=CARTESIAN_POINT('Ctrl Pts',(42.2778177684644,-27.3664431013683,149.828243129249));
#3929=CARTESIAN_POINT('Ctrl Pts',(44.192718017357,-23.8126788547272,150.595));
#3930=CARTESIAN_POINT('',(20.0283970665157,-46.0315469102004,146.));
#3931=CARTESIAN_POINT('Origin',(0.,0.,146.));
#3932=CARTESIAN_POINT('',(20.0283970665157,-46.0315469102004,141.6));
#3933=CARTESIAN_POINT('',(20.0283970665157,-46.0315469102004,143.));
#3934=CARTESIAN_POINT('Origin',(0.,0.,141.6));
#3935=CARTESIAN_POINT('Origin',(45.7773174681786,-24.6665199291995,150.895));
#3936=CARTESIAN_POINT('',(45.7773174681786,-24.6665199291995,150.595));
#3937=CARTESIAN_POINT('Ctrl Pts',(28.1231546569772,-41.5827869693668,146.));
#3938=CARTESIAN_POINT('Ctrl Pts',(28.4592879795706,-42.0797923913114,146.));
#3939=CARTESIAN_POINT('Ctrl Pts',(28.7954213021639,-42.576797813256,146.));
#3940=CARTESIAN_POINT('Ctrl Pts',(29.1315546247573,-43.0738032352006,146.));
#3941=CARTESIAN_POINT('Ctrl Pts',(34.8028718966577,-37.0651792117434,147.531666666667));
#3942=CARTESIAN_POINT('Ctrl Pts',(35.2189119979346,-37.508257361202,147.531666666667));
#3943=CARTESIAN_POINT('Ctrl Pts',(35.6347435366953,-37.9511313925864,147.531666666667));
#3944=CARTESIAN_POINT('Ctrl Pts',(36.0507836379721,-38.394209542045,147.531666666667));
#3945=CARTESIAN_POINT('Ctrl Pts',(40.367530408213,-30.9116465267676,149.063333333333));
#3946=CARTESIAN_POINT('Ctrl Pts',(40.850085517574,-31.2811707869017,149.063333333333));
#3947=CARTESIAN_POINT('Ctrl Pts',(41.3324166282301,-31.650507998669,149.063333333333));
#3948=CARTESIAN_POINT('Ctrl Pts',(41.8149717375911,-32.0200322588031,149.063333333333));
#3949=CARTESIAN_POINT('Ctrl Pts',(44.192718017357,-23.8126788547272,150.595));
#3950=CARTESIAN_POINT('Ctrl Pts',(44.7209178342975,-24.097292546218,150.595));
#3951=CARTESIAN_POINT('Ctrl Pts',(45.249117651238,-24.3819062377087,150.595));
#3952=CARTESIAN_POINT('Ctrl Pts',(45.7773174681785,-24.6665199291995,150.595));
#3953=CARTESIAN_POINT('',(29.1315546247573,-43.0738032352006,146.));
#3954=CARTESIAN_POINT('Origin',(25.0452651063269,-45.5712046774474,146.));
#3955=CARTESIAN_POINT('',(20.7465467621279,-47.6820804647495,146.));
#3956=CARTESIAN_POINT('Origin',(20.7465467621279,-47.6820804647495,144.5));
#3957=CARTESIAN_POINT('',(10.3732733810639,-23.8410402323747,141.6));
#3958=CARTESIAN_POINT('Origin',(24.6664398129884,45.7773606376801,150.895));
#3959=CARTESIAN_POINT('',(24.6664398129884,45.7773606376801,150.595));
#3960=CARTESIAN_POINT('Ctrl Pts',(41.5827377501776,28.1232274321415,146.));
#3961=CARTESIAN_POINT('Ctrl Pts',(42.0797425838451,28.4593616245575,146.));
#3962=CARTESIAN_POINT('Ctrl Pts',(42.5767474175125,28.7954958169735,146.));
#3963=CARTESIAN_POINT('Ctrl Pts',(43.07375225118,29.1316300093896,146.));
#3964=CARTESIAN_POINT('Ctrl Pts',(37.0651183021998,34.8029367654191,147.531666666667));
#3965=CARTESIAN_POINT('Ctrl Pts',(37.5081957235342,35.2189776421388,147.531666666667));
#3966=CARTESIAN_POINT('Ctrl Pts',(37.9510690271594,35.6348099559852,147.531666666667));
#3967=CARTESIAN_POINT('Ctrl Pts',(38.3941464484938,36.050850832705,147.531666666667));
#3968=CARTESIAN_POINT('Ctrl Pts',(30.9115758783677,40.3675845074949,149.063333333333));
#3969=CARTESIAN_POINT('Ctrl Pts',(31.281099293968,40.85014026357,149.063333333333));
#3970=CARTESIAN_POINT('Ctrl Pts',(31.6504356615934,41.3324720206128,149.063333333333));
#3971=CARTESIAN_POINT('Ctrl Pts',(32.0199590771936,41.8150277766879,149.063333333333));
#3972=CARTESIAN_POINT('Ctrl Pts',(23.8126015117696,44.1927596925296,150.595));
#3973=CARTESIAN_POINT('Ctrl Pts',(24.0972142788425,44.7209600075798,150.595));
#3974=CARTESIAN_POINT('Ctrl Pts',(24.3818270459155,45.2491603226299,150.595));
#3975=CARTESIAN_POINT('Ctrl Pts',(24.6664398129884,45.7773606376801,150.595));
#3976=CARTESIAN_POINT('',(43.07375225118,29.1316300093896,146.));
#3977=CARTESIAN_POINT('Origin',(45.5711608449534,25.045344861738,146.));
#3978=CARTESIAN_POINT('',(47.6820441555603,20.7466302118488,146.));
#3979=CARTESIAN_POINT('Origin',(47.6820441555603,20.7466302118488,144.5));
#3980=CARTESIAN_POINT('',(23.8410220777802,10.3733151059244,141.6));
#3981=CARTESIAN_POINT('Origin',(-34.2681080300919,28.2321938934606,151.395));
#3982=CARTESIAN_POINT('',(-17.2626115369832,13.9628880581065,141.6));
#3983=CARTESIAN_POINT('Origin',(8.10358930366847,-43.6542304982859,151.395));
#3984=CARTESIAN_POINT('',(4.2487562024367,-21.7923856136095,141.6));
#3985=CARTESIAN_POINT('Origin',(0.,0.,141.6));
#3986=CARTESIAN_POINT('',(0.,0.,0.));
#3987=UNCERTAINTY_MEASURE_WITH_UNIT(LENGTH_MEASURE(0.01),#3993,
'DISTANCE_ACCURACY_VALUE',
'Maximum model space distance between geometric entities at asserted c
onnectivities');
#3988=UNCERTAINTY_MEASURE_WITH_UNIT(LENGTH_MEASURE(0.01),#3993,
'DISTANCE_ACCURACY_VALUE',
'Maximum model space distance between geometric entities at asserted c
onnectivities');
#3989=UNCERTAINTY_MEASURE_WITH_UNIT(LENGTH_MEASURE(0.01),#3993,
'DISTANCE_ACCURACY_VALUE',
'Maximum model space distance between geometric entities at asserted c
onnectivities');
#3990=(
GEOMETRIC_REPRESENTATION_CONTEXT(3)
GLOBAL_UNCERTAINTY_ASSIGNED_CONTEXT((#3987))
GLOBAL_UNIT_ASSIGNED_CONTEXT((#3993,#3995,#3996))
REPRESENTATION_CONTEXT('','3D')
);
#3991=(
GEOMETRIC_REPRESENTATION_CONTEXT(3)
GLOBAL_UNCERTAINTY_ASSIGNED_CONTEXT((#3988))
GLOBAL_UNIT_ASSIGNED_CONTEXT((#3993,#3995,#3996))
REPRESENTATION_CONTEXT('','3D')
);
#3992=(
GEOMETRIC_REPRESENTATION_CONTEXT(3)
GLOBAL_UNCERTAINTY_ASSIGNED_CONTEXT((#3989))
GLOBAL_UNIT_ASSIGNED_CONTEXT((#3993,#3995,#3996))
REPRESENTATION_CONTEXT('','3D')
);
#3993=(
LENGTH_UNIT()
NAMED_UNIT(*)
SI_UNIT(.MILLI.,.METRE.)
);
#3994=(
LENGTH_UNIT()
NAMED_UNIT(*)
SI_UNIT($,.METRE.)
);
#3995=(
NAMED_UNIT(*)
PLANE_ANGLE_UNIT()
SI_UNIT($,.RADIAN.)
);
#3996=(
NAMED_UNIT(*)
SI_UNIT($,.STERADIAN.)
SOLID_ANGLE_UNIT()
);
#3997=SHAPE_DEFINITION_REPRESENTATION(#3999,#4002);
#3998=SHAPE_DEFINITION_REPRESENTATION(#4000,#4003);
#3999=PRODUCT_DEFINITION_SHAPE('',$,#4005);
#4000=PRODUCT_DEFINITION_SHAPE('',$,#4006);
#4001=PRODUCT_DEFINITION_SHAPE($,$,#14);
#4002=SHAPE_REPRESENTATION('',(#2076,#2336),#3990);
#4003=SHAPE_REPRESENTATION('',(#2077),#3991);
#4004=PRODUCT_DEFINITION_CONTEXT('part definition',#4012,'design');
#4005=PRODUCT_DEFINITION('2026-07-17-22-23-53-392','UFO Template v56',#4007,
#4004);
#4006=PRODUCT_DEFINITION('2026-07-17-22-23-53-392_1','Threads',#4008,#4004);
#4007=PRODUCT_DEFINITION_FORMATION('',$,#4014);
#4008=PRODUCT_DEFINITION_FORMATION('',$,#4015);
#4009=PRODUCT_RELATED_PRODUCT_CATEGORY('UFO Template v56',
'UFO Template v56',(#4014));
#4010=PRODUCT_RELATED_PRODUCT_CATEGORY('Threads','Threads',(#4015));
#4011=APPLICATION_PROTOCOL_DEFINITION('international standard',
'automotive_design',2009,#4012);
#4012=APPLICATION_CONTEXT(
'Core Data for Automotive Mechanical Design Process');
#4013=PRODUCT_CONTEXT('part definition',#4012,'mechanical');
#4014=PRODUCT('2026-07-17-22-23-53-392','UFO Template v56',$,(#4013));
#4015=PRODUCT('2026-07-17-22-23-53-392_1','Threads',$,(#4013));
#4016=PRESENTATION_STYLE_ASSIGNMENT((#4018));
#4017=PRESENTATION_STYLE_ASSIGNMENT((#4019));
#4018=SURFACE_STYLE_USAGE(.BOTH.,#4020);
#4019=SURFACE_STYLE_USAGE(.BOTH.,#4021);
#4020=SURFACE_SIDE_STYLE('',(#4022));
#4021=SURFACE_SIDE_STYLE('',(#4023));
#4022=SURFACE_STYLE_FILL_AREA(#4024);
#4023=SURFACE_STYLE_FILL_AREA(#4025);
#4024=FILL_AREA_STYLE('Steel - Satin',(#4026));
#4025=FILL_AREA_STYLE('Opaque(160,160,160)',(#4027));
#4026=FILL_AREA_STYLE_COLOUR('Steel - Satin',#4028);
#4027=FILL_AREA_STYLE_COLOUR('Opaque(160,160,160)',#4029);
#4028=COLOUR_RGB('Steel - Satin',0.627450980392157,0.627450980392157,0.627450980392157);
#4029=COLOUR_RGB('Opaque(160,160,160)',0.627450980392157,0.627450980392157,
0.627450980392157);
ENDSEC;
END-ISO-10303-21;
