ISO-10303-21;
HEADER;
/* Generated by software containing ST-Developer
 * from STEP Tools, Inc. (www.steptools.com) 
 */

FILE_DESCRIPTION(
/* description */ (''),
/* implementation_level */ '2;1');

FILE_NAME(
/* name */ 'Mid Plate for CM4 with antenna slot.step',
/* time_stamp */ '2026-07-17T16:48:54-04:00',
/* author */ (''),
/* organization */ (''),
/* preprocessor_version */ 'ST-DEVELOPER v20.1',
/* originating_system */ 'Autodesk Translation Framework v15.8.0.0',
/* authorisation */ '');

FILE_SCHEMA (('AUTOMOTIVE_DESIGN { 1 0 10303 214 3 1 1 }'));
ENDSEC;

DATA;
#10=MECHANICAL_DESIGN_GEOMETRIC_PRESENTATION_REPRESENTATION('',(#13),#6704);
#11=SHAPE_REPRESENTATION_RELATIONSHIP('SRR','None',#6711,#12);
#12=ADVANCED_BREP_SHAPE_REPRESENTATION('',(#14),#6703);
#13=STYLED_ITEM('',(#6721),#14);
#14=MANIFOLD_SOLID_BREP('Mid Plate',#3609);
#15=FACE_BOUND('',#549,.T.);
#16=FACE_BOUND('',#550,.T.);
#17=FACE_BOUND('',#551,.T.);
#18=FACE_BOUND('',#552,.T.);
#19=FACE_BOUND('',#553,.T.);
#20=FACE_BOUND('',#554,.T.);
#21=FACE_BOUND('',#555,.T.);
#22=FACE_BOUND('',#556,.T.);
#23=FACE_BOUND('',#557,.T.);
#24=FACE_BOUND('',#558,.T.);
#25=FACE_BOUND('',#559,.T.);
#26=FACE_BOUND('',#560,.T.);
#27=FACE_BOUND('',#561,.T.);
#28=FACE_BOUND('',#562,.T.);
#29=FACE_BOUND('',#563,.T.);
#30=FACE_BOUND('',#564,.T.);
#31=FACE_BOUND('',#570,.T.);
#32=FACE_BOUND('',#572,.T.);
#33=FACE_BOUND('',#574,.T.);
#34=FACE_BOUND('',#576,.T.);
#35=FACE_BOUND('',#586,.T.);
#36=FACE_BOUND('',#587,.T.);
#37=FACE_BOUND('',#588,.T.);
#38=FACE_BOUND('',#589,.T.);
#39=FACE_BOUND('',#590,.T.);
#40=FACE_BOUND('',#591,.T.);
#41=FACE_BOUND('',#592,.T.);
#42=FACE_BOUND('',#593,.T.);
#43=B_SPLINE_SURFACE_WITH_KNOTS('',3,1,((#5144,#5145),(#5146,#5147),(#5148,
#5149),(#5150,#5151),(#5152,#5153),(#5154,#5155)),.UNSPECIFIED.,.F.,.F.,
 .F.,(4,2,4),(2,2),(-0.160375535963718,-0.0789825448874343,0.),(-1.9,0.499999999999996),
 .UNSPECIFIED.);
#44=B_SPLINE_SURFACE_WITH_KNOTS('',3,1,((#5174,#5175),(#5176,#5177),(#5178,
#5179),(#5180,#5181),(#5182,#5183),(#5184,#5185)),.UNSPECIFIED.,.F.,.F.,
 .F.,(4,2,4),(2,2),(-2.03370729827799,-0.854126035714047,0.),(-1.90000755203637,
0.499999999999996),.UNSPECIFIED.);
#45=B_SPLINE_SURFACE_WITH_KNOTS('',3,1,((#5201,#5202),(#5203,#5204),(#5205,
#5206),(#5207,#5208),(#5209,#5210),(#5211,#5212)),.UNSPECIFIED.,.F.,.F.,
 .F.,(4,2,4),(2,2),(-2.02089827871244,-1.17215183578037,0.),(-1.90000755203637,
0.499999999999996),.UNSPECIFIED.);
#46=B_SPLINE_SURFACE_WITH_KNOTS('',3,1,((#5228,#5229),(#5230,#5231),(#5232,
#5233),(#5234,#5235),(#5236,#5237),(#5238,#5239)),.UNSPECIFIED.,.F.,.F.,
 .F.,(4,2,4),(2,2),(-0.160374545543962,-0.0813924884224805,0.),(-1.9,0.499999999999996),
 .UNSPECIFIED.);
#47=B_SPLINE_SURFACE_WITH_KNOTS('',3,1,((#5255,#5256),(#5257,#5258),(#5259,
#5260),(#5261,#5262),(#5263,#5264),(#5265,#5266),(#5267,#5268),(#5269,#5270),
(#5271,#5272),(#5273,#5274),(#5275,#5276),(#5277,#5278)),.UNSPECIFIED.,
 .F.,.F.,.F.,(4,2,2,2,2,4),(2,2),(-9.06047301406634,-6.55991814486549,-4.78801054860587,
-3.54349552552451,-2.24503677149889,0.),(-1.90047354462275,0.499999999999996),
 .UNSPECIFIED.);
#48=B_SPLINE_SURFACE_WITH_KNOTS('',3,1,((#5306,#5307),(#5308,#5309),(#5310,
#5311),(#5312,#5313),(#5314,#5315),(#5316,#5317),(#5318,#5319),(#5320,#5321),
(#5322,#5323),(#5324,#5325),(#5326,#5327),(#5328,#5329)),.UNSPECIFIED.,
 .F.,.F.,.F.,(4,2,2,2,2,4),(2,2),(-17.9338123365007,-12.4106987671396,-10.0662287389779,
-7.83057682227606,-5.04908586053006,0.),(-1.90018035062786,0.499999999999998),
 .UNSPECIFIED.);
#49=B_SPLINE_SURFACE_WITH_KNOTS('',3,1,((#5357,#5358),(#5359,#5360),(#5361,
#5362),(#5363,#5364),(#5365,#5366),(#5367,#5368),(#5369,#5370),(#5371,#5372),
(#5373,#5374),(#5375,#5376),(#5377,#5378),(#5379,#5380)),.UNSPECIFIED.,
 .F.,.F.,.F.,(4,2,2,2,2,4),(2,2),(-17.9338123365153,-12.4106987671439,-10.0662287389796,
-7.83057682227669,-5.04908586053008,0.),(-1.90018035062786,0.499999999999996),
 .UNSPECIFIED.);
#50=B_SPLINE_SURFACE_WITH_KNOTS('',3,1,((#5408,#5409),(#5410,#5411),(#5412,
#5413),(#5414,#5415),(#5416,#5417),(#5418,#5419),(#5420,#5421),(#5422,#5423),
(#5424,#5425),(#5426,#5427),(#5428,#5429),(#5430,#5431)),.UNSPECIFIED.,
 .F.,.F.,.F.,(4,2,2,2,2,4),(2,2),(-15.7619917614073,-12.8411489928175,-10.4409646484821,
-8.1677594254834,-5.52941383680642,0.),(-1.9002707360131,0.499999999999998),
 .UNSPECIFIED.);
#51=B_SPLINE_SURFACE_WITH_KNOTS('',3,1,((#5998,#5999),(#6000,#6001),(#6002,
#6003),(#6004,#6005),(#6006,#6007),(#6008,#6009)),.UNSPECIFIED.,.F.,.F.,
 .F.,(4,2,4),(2,2),(-2.13349464770202,-1.27464160601941,0.),(0.,0.192000000000002),
 .UNSPECIFIED.);
#52=B_SPLINE_SURFACE_WITH_KNOTS('',3,1,((#6033,#6034),(#6035,#6036),(#6037,
#6038),(#6039,#6040),(#6041,#6042),(#6043,#6044)),.UNSPECIFIED.,.F.,.F.,
 .F.,(4,2,4),(2,2),(-2.22648081959376,-0.901598731659714,0.),(0.,0.192000000000002),
 .UNSPECIFIED.);
#53=B_SPLINE_SURFACE_WITH_KNOTS('',3,1,((#6068,#6069),(#6070,#6071),(#6072,
#6073),(#6074,#6075),(#6076,#6077),(#6078,#6079)),.UNSPECIFIED.,.F.,.F.,
 .F.,(4,2,4),(2,2),(-2.17001413483732,-1.28292514537323,0.),(0.,0.192000000000002),
 .UNSPECIFIED.);
#54=B_SPLINE_SURFACE_WITH_KNOTS('',3,1,((#6100,#6101),(#6102,#6103),(#6104,
#6105),(#6106,#6107),(#6108,#6109),(#6110,#6111)),.UNSPECIFIED.,.F.,.F.,
 .F.,(4,2,4),(2,2),(-2.20953810524637,-0.898848086191944,0.),(0.,0.192000000000002),
 .UNSPECIFIED.);
#55=B_SPLINE_SURFACE_WITH_KNOTS('',3,1,((#6138,#6139),(#6140,#6141),(#6142,
#6143),(#6144,#6145)),.UNSPECIFIED.,.F.,.F.,.F.,(4,4),(2,2),(1.05539023883336,
1.17383991254775),(0.,2.412),.UNSPECIFIED.);
#56=B_SPLINE_SURFACE_WITH_KNOTS('',3,1,((#6150,#6151),(#6152,#6153),(#6154,
#6155),(#6156,#6157)),.UNSPECIFIED.,.F.,.F.,.F.,(4,4),(2,2),(-1.19040157831123,
-1.0688209131201),(0.,2.412),.UNSPECIFIED.);
#57=B_SPLINE_SURFACE_WITH_KNOTS('',3,1,((#6159,#6160),(#6161,#6162),(#6163,
#6164),(#6165,#6166),(#6167,#6168),(#6169,#6170),(#6171,#6172)),
 .UNSPECIFIED.,.F.,.F.,.F.,(4,3,4),(2,2),(-1.06882091311935,-0.647077243791118,
0.),(0.,2.412),.UNSPECIFIED.);
#58=B_SPLINE_SURFACE_WITH_KNOTS('',3,1,((#6174,#6175),(#6176,#6177),(#6178,
#6179),(#6180,#6181),(#6182,#6183),(#6184,#6185),(#6186,#6187)),
 .UNSPECIFIED.,.F.,.F.,.F.,(4,3,4),(2,2),(-9.49447207589764,-8.94343961160215,
-8.42519888040737),(0.,2.412),.UNSPECIFIED.);
#59=B_SPLINE_SURFACE_WITH_KNOTS('',3,1,((#6189,#6190),(#6191,#6192),(#6193,
#6194),(#6195,#6196)),.UNSPECIFIED.,.F.,.F.,.F.,(4,4),(2,2),(-8.42519888040625,
-8.30350233976377),(0.,2.412),.UNSPECIFIED.);
#60=B_SPLINE_SURFACE_WITH_KNOTS('',3,1,((#6201,#6202),(#6203,#6204),(#6205,
#6206),(#6207,#6208)),.UNSPECIFIED.,.F.,.F.,.F.,(4,4),(2,2),(8.32011016328019,
8.43869157397722),(0.,2.412),.UNSPECIFIED.);
#61=(
BOUNDED_SURFACE()
B_SPLINE_SURFACE(2,2,((#5117,#5118,#5119,#5120,#5121,#5122,#5123,#5124,
#5125),(#5126,#5127,#5128,#5129,#5130,#5131,#5132,#5133,#5134),(#5135,#5136,
#5137,#5138,#5139,#5140,#5141,#5142,#5143)),.UNSPECIFIED.,.F.,.F.,.F.)
B_SPLINE_SURFACE_WITH_KNOTS((3,3),(3,2,2,2,3),(-0.78539816339908,2.52497475581099E-13),
(-3.10856223549199,-1.55428111774599,-4.44089209850063E-16,1.55428111774599,
3.10856223549199),.UNSPECIFIED.)
GEOMETRIC_REPRESENTATION_ITEM()
RATIONAL_B_SPLINE_SURFACE(((1.,0.712921615010865,1.,0.712921615010865,1.,
0.712921615010865,1.,0.712921615010865,1.),(0.923879532511078,0.65865368839328,
0.923879532511078,0.65865368839328,0.923879532511078,0.65865368839328,0.923879532511078,
0.65865368839328,0.923879532511078),(1.,0.712921615010865,1.,0.712921615010865,
1.,0.712921615010865,1.,0.712921615010865,1.)))
REPRESENTATION_ITEM('')
SURFACE()
);
#62=(
BOUNDED_SURFACE()
B_SPLINE_SURFACE(2,1,((#5456,#5457),(#5458,#5459),(#5460,#5461)),
 .UNSPECIFIED.,.F.,.F.,.F.)
B_SPLINE_SURFACE_WITH_KNOTS((3,3),(2,2),(-9.49447207589764,0.),(0.,1.2),
 .UNSPECIFIED.)
GEOMETRIC_REPRESENTATION_ITEM()
RATIONAL_B_SPLINE_SURFACE(((1.,1.),(2.33333333333333,2.33333333333333),
(1.,1.)))
REPRESENTATION_ITEM('')
SURFACE()
);
#63=(
BOUNDED_SURFACE()
B_SPLINE_SURFACE(2,1,((#5469,#5470),(#5471,#5472),(#5473,#5474)),
 .UNSPECIFIED.,.F.,.F.,.F.)
B_SPLINE_SURFACE_WITH_KNOTS((3,3),(2,2),(-9.49447207589764,0.),(0.,1.2),
 .UNSPECIFIED.)
GEOMETRIC_REPRESENTATION_ITEM()
RATIONAL_B_SPLINE_SURFACE(((1.,1.),(2.33333333333333,2.33333333333333),
(1.,1.)))
REPRESENTATION_ITEM('')
SURFACE()
);
#64=(
BOUNDED_SURFACE()
B_SPLINE_SURFACE(2,1,((#5480,#5481),(#5482,#5483),(#5484,#5485)),
 .UNSPECIFIED.,.F.,.F.,.F.)
B_SPLINE_SURFACE_WITH_KNOTS((3,3),(2,2),(-9.49447207589764,-1.16421386760418),
(0.,1.2),.UNSPECIFIED.)
GEOMETRIC_REPRESENTATION_ITEM()
RATIONAL_B_SPLINE_SURFACE(((1.,1.),(2.16983976103181,2.16983976103181),
(1.28689192232718,1.28689192232718)))
REPRESENTATION_ITEM('')
SURFACE()
);
#65=(
BOUNDED_SURFACE()
B_SPLINE_SURFACE(2,1,((#5491,#5492),(#5493,#5494),(#5495,#5496)),
 .UNSPECIFIED.,.F.,.F.,.F.)
B_SPLINE_SURFACE_WITH_KNOTS((3,3),(2,2),(-1.16421386760418,-1.04767786896375),
(0.,1.2),.UNSPECIFIED.)
GEOMETRIC_REPRESENTATION_ITEM()
RATIONAL_B_SPLINE_SURFACE(((1.28689192232718,1.28689192232718),(1.27453993928439,
1.27453993928439),(1.26178621418961,1.26178621418961)))
REPRESENTATION_ITEM('')
SURFACE()
);
#66=(
BOUNDED_SURFACE()
B_SPLINE_SURFACE(2,2,((#5517,#5518,#5519,#5520,#5521,#5522,#5523,#5524,
#5525),(#5526,#5527,#5528,#5529,#5530,#5531,#5532,#5533,#5534),(#5535,#5536,
#5537,#5538,#5539,#5540,#5541,#5542,#5543)),.UNSPECIFIED.,.F.,.T.,.F.)
B_SPLINE_SURFACE_WITH_KNOTS((3,3),(3,2,2,2,3),(-0.785398163398451,4.80900757229145E-13),
(-3.14159265358979,-1.5707963267949,0.,1.5707963267949,3.14159265358979),
 .UNSPECIFIED.)
GEOMETRIC_REPRESENTATION_ITEM()
RATIONAL_B_SPLINE_SURFACE(((1.,0.707106781186548,1.,0.707106781186548,1.,
0.707106781186548,1.,0.707106781186548,1.),(0.92387953251115,0.653281482438091,
0.92387953251115,0.653281482438091,0.92387953251115,0.653281482438091,0.92387953251115,
0.653281482438091,0.92387953251115),(1.,0.707106781186548,1.,0.707106781186548,
1.,0.707106781186548,1.,0.707106781186548,1.)))
REPRESENTATION_ITEM('')
SURFACE()
);
#67=(
BOUNDED_SURFACE()
B_SPLINE_SURFACE(2,2,((#5561,#5562,#5563,#5564,#5565,#5566,#5567,#5568,
#5569),(#5570,#5571,#5572,#5573,#5574,#5575,#5576,#5577,#5578),(#5579,#5580,
#5581,#5582,#5583,#5584,#5585,#5586,#5587)),.UNSPECIFIED.,.F.,.T.,.F.)
B_SPLINE_SURFACE_WITH_KNOTS((3,3),(3,2,2,2,3),(-0.785398163398332,2.56003459729974E-13),
(-3.14159265358979,-1.5707963267949,0.,1.5707963267949,3.14159265358979),
 .UNSPECIFIED.)
GEOMETRIC_REPRESENTATION_ITEM()
RATIONAL_B_SPLINE_SURFACE(((1.,0.707106781186548,1.,0.707106781186548,1.,
0.707106781186548,1.,0.707106781186548,1.),(0.923879532510987,0.653281482437976,
0.923879532510987,0.653281482437976,0.923879532510987,0.653281482437976,
0.923879532510987,0.653281482437976,0.923879532510987),(1.,0.707106781186548,
1.,0.707106781186548,1.,0.707106781186548,1.,0.707106781186548,1.)))
REPRESENTATION_ITEM('')
SURFACE()
);
#68=(
BOUNDED_SURFACE()
B_SPLINE_SURFACE(2,2,((#5605,#5606,#5607,#5608,#5609,#5610,#5611,#5612,
#5613),(#5614,#5615,#5616,#5617,#5618,#5619,#5620,#5621,#5622),(#5623,#5624,
#5625,#5626,#5627,#5628,#5629,#5630,#5631)),.UNSPECIFIED.,.F.,.T.,.F.)
B_SPLINE_SURFACE_WITH_KNOTS((3,3),(3,2,2,2,3),(-0.785398163398359,2.66881662773935E-13),
(-3.14159265358979,-1.5707963267949,0.,1.5707963267949,3.14159265358979),
 .UNSPECIFIED.)
GEOMETRIC_REPRESENTATION_ITEM()
RATIONAL_B_SPLINE_SURFACE(((1.,0.707106781186548,1.,0.707106781186548,1.,
0.707106781186548,1.,0.707106781186548,1.),(0.923879532510945,0.653281482437946,
0.923879532510945,0.653281482437946,0.923879532510945,0.653281482437946,
0.923879532510945,0.653281482437946,0.923879532510945),(1.,0.707106781186548,
1.,0.707106781186548,1.,0.707106781186548,1.,0.707106781186548,1.)))
REPRESENTATION_ITEM('')
SURFACE()
);
#69=(
BOUNDED_SURFACE()
B_SPLINE_SURFACE(2,1,((#5653,#5654),(#5655,#5656),(#5657,#5658)),
 .UNSPECIFIED.,.F.,.F.,.F.)
B_SPLINE_SURFACE_WITH_KNOTS((3,3),(2,2),(-1.04767786895806,0.),(0.,3.372),
 .UNSPECIFIED.)
GEOMETRIC_REPRESENTATION_ITEM()
RATIONAL_B_SPLINE_SURFACE(((1.26178621418836,1.26178621418836),(1.14712811982707,
1.14712811982707),(1.,1.)))
REPRESENTATION_ITEM('')
SURFACE()
);
#70=(
BOUNDED_SURFACE()
B_SPLINE_SURFACE(2,1,((#5664,#5665),(#5666,#5667),(#5668,#5669)),
 .UNSPECIFIED.,.F.,.F.,.F.)
B_SPLINE_SURFACE_WITH_KNOTS((3,3),(2,2),(-9.49447207589764,-8.44679420693958),
(0.,3.372),.UNSPECIFIED.)
GEOMETRIC_REPRESENTATION_ITEM()
RATIONAL_B_SPLINE_SURFACE(((1.,1.),(1.14712811982707,1.14712811982707),
(1.26178621418836,1.26178621418836)))
REPRESENTATION_ITEM('')
SURFACE()
);
#71=(
BOUNDED_SURFACE()
B_SPLINE_SURFACE(2,1,((#5743,#5744),(#5745,#5746),(#5747,#5748)),
 .UNSPECIFIED.,.F.,.F.,.F.)
B_SPLINE_SURFACE_WITH_KNOTS((3,3),(2,2),(-8.33025820826169,0.),(0.,1.2),
 .UNSPECIFIED.)
GEOMETRIC_REPRESENTATION_ITEM()
RATIONAL_B_SPLINE_SURFACE(((1.28689192233391,1.28689192233391),(2.16983976102735,
2.16983976102735),(1.,1.)))
REPRESENTATION_ITEM('')
SURFACE()
);
#72=(
BOUNDED_SURFACE()
B_SPLINE_SURFACE(2,1,((#5750,#5751),(#5752,#5753),(#5754,#5755)),
 .UNSPECIFIED.,.F.,.F.,.F.)
B_SPLINE_SURFACE_WITH_KNOTS((3,3),(2,2),(-8.44679420693389,-8.33025820829346),
(0.,1.2),.UNSPECIFIED.)
GEOMETRIC_REPRESENTATION_ITEM()
RATIONAL_B_SPLINE_SURFACE(((1.26178621418961,1.26178621418961),(1.27453993928439,
1.27453993928439),(1.28689192232718,1.28689192232718)))
REPRESENTATION_ITEM('')
SURFACE()
);
#73=(
BOUNDED_SURFACE()
B_SPLINE_SURFACE(2,1,((#5756,#5757),(#5758,#5759),(#5760,#5761)),
 .UNSPECIFIED.,.F.,.F.,.F.)
B_SPLINE_SURFACE_WITH_KNOTS((3,3),(2,2),(-8.33025820826169,0.),(0.,1.2),
 .UNSPECIFIED.)
GEOMETRIC_REPRESENTATION_ITEM()
RATIONAL_B_SPLINE_SURFACE(((1.28689192233391,1.28689192233391),(2.16983976102735,
2.16983976102735),(1.,1.)))
REPRESENTATION_ITEM('')
SURFACE()
);
#74=(
BOUNDED_SURFACE()
B_SPLINE_SURFACE(2,1,((#5769,#5770),(#5771,#5772),(#5773,#5774)),
 .UNSPECIFIED.,.F.,.F.,.F.)
B_SPLINE_SURFACE_WITH_KNOTS((3,3),(2,2),(-8.44679420693389,-8.33025820829346),
(0.,1.2),.UNSPECIFIED.)
GEOMETRIC_REPRESENTATION_ITEM()
RATIONAL_B_SPLINE_SURFACE(((1.26178621418961,1.26178621418961),(1.27453993928439,
1.27453993928439),(1.28689192232718,1.28689192232718)))
REPRESENTATION_ITEM('')
SURFACE()
);
#75=(
BOUNDED_SURFACE()
B_SPLINE_SURFACE(2,1,((#5780,#5781),(#5782,#5783),(#5784,#5785)),
 .UNSPECIFIED.,.F.,.F.,.F.)
B_SPLINE_SURFACE_WITH_KNOTS((3,3),(2,2),(-9.49447207589764,-8.44679420693958),
(0.,3.372),.UNSPECIFIED.)
GEOMETRIC_REPRESENTATION_ITEM()
RATIONAL_B_SPLINE_SURFACE(((1.,1.),(1.14712811982707,1.14712811982707),
(1.26178621418836,1.26178621418836)))
REPRESENTATION_ITEM('')
SURFACE()
);
#76=(
BOUNDED_SURFACE()
B_SPLINE_SURFACE(2,1,((#5793,#5794),(#5795,#5796),(#5797,#5798)),
 .UNSPECIFIED.,.F.,.F.,.F.)
B_SPLINE_SURFACE_WITH_KNOTS((3,3),(2,2),(-1.04767786895806,0.),(0.,3.372),
 .UNSPECIFIED.)
GEOMETRIC_REPRESENTATION_ITEM()
RATIONAL_B_SPLINE_SURFACE(((1.26178621418836,1.26178621418836),(1.14712811982707,
1.14712811982707),(1.,1.)))
REPRESENTATION_ITEM('')
SURFACE()
);
#77=(
BOUNDED_SURFACE()
B_SPLINE_SURFACE(2,1,((#6641,#6642),(#6643,#6644),(#6645,#6646)),
 .UNSPECIFIED.,.F.,.F.,.F.)
B_SPLINE_SURFACE_WITH_KNOTS((3,3),(2,2),(-1.16421386760418,-1.04767786896375),
(0.,1.2),.UNSPECIFIED.)
GEOMETRIC_REPRESENTATION_ITEM()
RATIONAL_B_SPLINE_SURFACE(((1.28689192232718,1.28689192232718),(1.27453993928439,
1.27453993928439),(1.26178621418961,1.26178621418961)))
REPRESENTATION_ITEM('')
SURFACE()
);
#78=(
BOUNDED_SURFACE()
B_SPLINE_SURFACE(2,1,((#6648,#6649),(#6650,#6651),(#6652,#6653)),
 .UNSPECIFIED.,.F.,.F.,.F.)
B_SPLINE_SURFACE_WITH_KNOTS((3,3),(2,2),(-9.49447207589764,-1.16421386760418),
(0.,1.2),.UNSPECIFIED.)
GEOMETRIC_REPRESENTATION_ITEM()
RATIONAL_B_SPLINE_SURFACE(((1.,1.),(2.16983976103181,2.16983976103181),
(1.28689192232718,1.28689192232718)))
REPRESENTATION_ITEM('')
SURFACE()
);
#79=(
BOUNDED_SURFACE()
B_SPLINE_SURFACE(2,1,((#6655,#6656),(#6657,#6658),(#6659,#6660)),
 .UNSPECIFIED.,.F.,.F.,.F.)
B_SPLINE_SURFACE_WITH_KNOTS((3,3),(2,2),(-9.49447207589764,0.),(0.,1.2),
 .UNSPECIFIED.)
GEOMETRIC_REPRESENTATION_ITEM()
RATIONAL_B_SPLINE_SURFACE(((1.,1.),(2.33333333333333,2.33333333333333),
(1.,1.)))
REPRESENTATION_ITEM('')
SURFACE()
);
#80=(
BOUNDED_SURFACE()
B_SPLINE_SURFACE(2,1,((#6662,#6663),(#6664,#6665),(#6666,#6667)),
 .UNSPECIFIED.,.F.,.F.,.F.)
B_SPLINE_SURFACE_WITH_KNOTS((3,3),(2,2),(-9.49447207589764,0.),(0.,1.2),
 .UNSPECIFIED.)
GEOMETRIC_REPRESENTATION_ITEM()
RATIONAL_B_SPLINE_SURFACE(((1.,1.),(2.33333333333333,2.33333333333333),
(1.,1.)))
REPRESENTATION_ITEM('')
SURFACE()
);
#81=B_SPLINE_CURVE_WITH_KNOTS('',3,(#5046,#5047,#5048,#5049,#5050,#5051,
#5052,#5053,#5054,#5055,#5056,#5057,#5058,#5059),.UNSPECIFIED.,.F.,.F.,
(4,2,2,2,2,2,4),(-0.127655781488393,-0.122282824145253,-0.114301668597353,
-0.0777204605442514,-0.0471718943819718,-0.0220888330255156,0.),
 .UNSPECIFIED.);
#82=B_SPLINE_CURVE_WITH_KNOTS('',3,(#5061,#5062,#5063,#5064,#5065,#5066),
 .UNSPECIFIED.,.F.,.F.,(4,2,4),(1.48427654843018,1.48859215353812,1.49290775864606),
 .UNSPECIFIED.);
#83=B_SPLINE_CURVE_WITH_KNOTS('',3,(#5067,#5068,#5069,#5070,#5071,#5072,
#5073,#5074,#5075,#5076,#5077,#5078,#5079,#5080,#5081,#5082),
 .UNSPECIFIED.,.F.,.F.,(4,2,2,2,2,2,2,4),(-0.128685585940205,-0.112202246215849,
-0.0947097438625264,-0.066010377881588,-0.032986085360747,-0.0128920730031974,
-0.00595948306690096,0.),.UNSPECIFIED.);
#84=B_SPLINE_CURVE_WITH_KNOTS('',3,(#5158,#5159,#5160,#5161,#5162,#5163),
 .UNSPECIFIED.,.F.,.F.,(4,2,4),(-0.160375535963718,-0.0789825448874343,
0.),.UNSPECIFIED.);
#85=B_SPLINE_CURVE_WITH_KNOTS('',3,(#5167,#5168,#5169,#5170,#5171,#5172),
 .UNSPECIFIED.,.F.,.F.,(4,2,4),(-0.160375535963718,-0.0789825448874343,
0.),.UNSPECIFIED.);
#86=B_SPLINE_CURVE_WITH_KNOTS('',3,(#5187,#5188,#5189,#5190,#5191,#5192),
 .UNSPECIFIED.,.F.,.F.,(4,2,4),(-2.03370729827799,-0.854126035714047,0.),
 .UNSPECIFIED.);
#87=B_SPLINE_CURVE_WITH_KNOTS('',3,(#5195,#5196,#5197,#5198,#5199,#5200),
 .UNSPECIFIED.,.F.,.F.,(4,2,4),(-2.03370729827799,-0.854126035714047,0.),
 .UNSPECIFIED.);
#88=B_SPLINE_CURVE_WITH_KNOTS('',3,(#5214,#5215,#5216,#5217,#5218,#5219),
 .UNSPECIFIED.,.F.,.F.,(4,2,4),(-2.02089827871244,-1.17215183578037,0.),
 .UNSPECIFIED.);
#89=B_SPLINE_CURVE_WITH_KNOTS('',3,(#5222,#5223,#5224,#5225,#5226,#5227),
 .UNSPECIFIED.,.F.,.F.,(4,2,4),(-2.02089827871244,-1.17215183578037,0.),
 .UNSPECIFIED.);
#90=B_SPLINE_CURVE_WITH_KNOTS('',3,(#5241,#5242,#5243,#5244,#5245,#5246),
 .UNSPECIFIED.,.F.,.F.,(4,2,4),(-0.160374545543962,-0.0813924884224805,
0.),.UNSPECIFIED.);
#91=B_SPLINE_CURVE_WITH_KNOTS('',3,(#5249,#5250,#5251,#5252,#5253,#5254),
 .UNSPECIFIED.,.F.,.F.,(4,2,4),(-0.160374545543962,-0.0813924884224805,
0.),.UNSPECIFIED.);
#92=B_SPLINE_CURVE_WITH_KNOTS('',3,(#5280,#5281,#5282,#5283,#5284,#5285,
#5286,#5287,#5288,#5289,#5290,#5291),.UNSPECIFIED.,.F.,.F.,(4,2,2,2,2,4),
(-9.06047301406634,-6.55991814486549,-4.78801054860587,-3.54349552552451,
-2.24503677149889,0.),.UNSPECIFIED.);
#93=B_SPLINE_CURVE_WITH_KNOTS('',3,(#5294,#5295,#5296,#5297,#5298,#5299,
#5300,#5301,#5302,#5303,#5304,#5305),.UNSPECIFIED.,.F.,.F.,(4,2,2,2,2,4),
(-9.06047301406634,-6.55991814486549,-4.78801054860587,-3.54349552552451,
-2.24503677149889,0.),.UNSPECIFIED.);
#94=B_SPLINE_CURVE_WITH_KNOTS('',3,(#5331,#5332,#5333,#5334,#5335,#5336,
#5337,#5338,#5339,#5340,#5341,#5342),.UNSPECIFIED.,.F.,.F.,(4,2,2,2,2,4),
(-17.9338123365007,-12.4106987671396,-10.0662287389779,-7.83057682227606,
-5.04908586053006,0.),.UNSPECIFIED.);
#95=B_SPLINE_CURVE_WITH_KNOTS('',3,(#5345,#5346,#5347,#5348,#5349,#5350,
#5351,#5352,#5353,#5354,#5355,#5356),.UNSPECIFIED.,.F.,.F.,(4,2,2,2,2,4),
(-17.9338123365007,-12.4106987671396,-10.0662287389779,-7.83057682227606,
-5.04908586053006,0.),.UNSPECIFIED.);
#96=B_SPLINE_CURVE_WITH_KNOTS('',3,(#5382,#5383,#5384,#5385,#5386,#5387,
#5388,#5389,#5390,#5391,#5392,#5393),.UNSPECIFIED.,.F.,.F.,(4,2,2,2,2,4),
(-17.9338123365153,-12.4106987671439,-10.0662287389796,-7.83057682227669,
-5.04908586053008,0.),.UNSPECIFIED.);
#97=B_SPLINE_CURVE_WITH_KNOTS('',3,(#5396,#5397,#5398,#5399,#5400,#5401,
#5402,#5403,#5404,#5405,#5406,#5407),.UNSPECIFIED.,.F.,.F.,(4,2,2,2,2,4),
(-17.9338123365153,-12.4106987671439,-10.0662287389796,-7.83057682227669,
-5.04908586053008,0.),.UNSPECIFIED.);
#98=B_SPLINE_CURVE_WITH_KNOTS('',3,(#5432,#5433,#5434,#5435,#5436,#5437,
#5438,#5439,#5440,#5441,#5442,#5443),.UNSPECIFIED.,.F.,.F.,(4,2,2,2,2,4),
(-15.7619917614073,-12.8411489928175,-10.4409646484821,-8.1677594254834,
-5.52941383680642,0.),.UNSPECIFIED.);
#99=B_SPLINE_CURVE_WITH_KNOTS('',3,(#5444,#5445,#5446,#5447,#5448,#5449,
#5450,#5451,#5452,#5453,#5454,#5455),.UNSPECIFIED.,.F.,.F.,(4,2,2,2,2,4),
(-15.7619917614073,-12.8411489928175,-10.4409646484821,-8.1677594254834,
-5.52941383680642,0.),.UNSPECIFIED.);
#100=B_SPLINE_CURVE_WITH_KNOTS('',3,(#5844,#5845,#5846,#5847),
 .UNSPECIFIED.,.F.,.F.,(4,4),(0.,0.160398659822342),.UNSPECIFIED.);
#101=B_SPLINE_CURVE_WITH_KNOTS('',3,(#5851,#5852,#5853,#5854),
 .UNSPECIFIED.,.F.,.F.,(4,4),(0.,0.16042020631877),.UNSPECIFIED.);
#102=B_SPLINE_CURVE_WITH_KNOTS('',3,(#5856,#5857,#5858,#5859,#5860,#5861),
 .UNSPECIFIED.,.F.,.F.,(4,2,4),(0.,0.995551178065301,2.05409595457655),
 .UNSPECIFIED.);
#103=B_SPLINE_CURVE_WITH_KNOTS('',3,(#5863,#5864,#5865,#5866,#5867,#5868),
 .UNSPECIFIED.,.F.,.F.,(4,2,4),(0.,1.20417314283833,1.98901359989369),
 .UNSPECIFIED.);
#104=B_SPLINE_CURVE_WITH_KNOTS('',3,(#5870,#5871,#5872,#5873),
 .UNSPECIFIED.,.F.,.F.,(4,4),(0.,0.160401742540867),.UNSPECIFIED.);
#105=B_SPLINE_CURVE_WITH_KNOTS('',3,(#5876,#5877,#5878,#5879),
 .UNSPECIFIED.,.F.,.F.,(4,4),(0.,0.16039189982616),.UNSPECIFIED.);
#106=B_SPLINE_CURVE_WITH_KNOTS('',3,(#6012,#6013,#6014,#6015,#6016,#6017),
 .UNSPECIFIED.,.F.,.F.,(4,2,4),(-1.06882091311935,-0.647077243791118,0.),
 .UNSPECIFIED.);
#107=B_SPLINE_CURVE_WITH_KNOTS('',3,(#6021,#6022,#6023,#6024,#6025,#6026),
 .UNSPECIFIED.,.F.,.F.,(4,2,4),(-2.13349464770202,-1.27464160601941,0.),
 .UNSPECIFIED.);
#108=B_SPLINE_CURVE_WITH_KNOTS('',3,(#6029,#6030,#6031,#6032),
 .UNSPECIFIED.,.F.,.F.,(4,4),(-1.19040157831123,-1.0688209131201),
 .UNSPECIFIED.);
#109=B_SPLINE_CURVE_WITH_KNOTS('',3,(#6047,#6048,#6049,#6050),
 .UNSPECIFIED.,.F.,.F.,(4,4),(1.05539053626723,1.17383991254775),
 .UNSPECIFIED.);
#110=B_SPLINE_CURVE_WITH_KNOTS('',3,(#6054,#6055,#6056,#6057,#6058,#6059),
 .UNSPECIFIED.,.F.,.F.,(4,2,4),(-2.22648081959376,-0.901598731659714,0.),
 .UNSPECIFIED.);
#111=B_SPLINE_CURVE_WITH_KNOTS('',3,(#6062,#6063,#6064,#6065,#6066,#6067),
 .UNSPECIFIED.,.F.,.F.,(4,2,4),(0.15925446951892,0.901598731659714,2.22648081959376),
 .UNSPECIFIED.);
#112=B_SPLINE_CURVE_WITH_KNOTS('',3,(#6081,#6082,#6083,#6084,#6085,#6086),
 .UNSPECIFIED.,.F.,.F.,(4,2,4),(0.,1.28292514537323,2.01332726496777),
 .UNSPECIFIED.);
#113=B_SPLINE_CURVE_WITH_KNOTS('',3,(#6088,#6089,#6090,#6091,#6092,#6093),
 .UNSPECIFIED.,.F.,.F.,(4,2,4),(-2.17001413483732,-1.28292514537323,0.),
 .UNSPECIFIED.);
#114=B_SPLINE_CURVE_WITH_KNOTS('',3,(#6096,#6097,#6098,#6099),
 .UNSPECIFIED.,.F.,.F.,(4,4),(8.32011016328019,8.43869143042381),
 .UNSPECIFIED.);
#115=B_SPLINE_CURVE_WITH_KNOTS('',3,(#6114,#6115,#6116,#6117),
 .UNSPECIFIED.,.F.,.F.,(4,4),(-8.42519888040625,-8.30350233976377),
 .UNSPECIFIED.);
#116=B_SPLINE_CURVE_WITH_KNOTS('',3,(#6120,#6121,#6122,#6123,#6124,#6125),
 .UNSPECIFIED.,.F.,.F.,(4,2,4),(-2.20953810524637,-0.898848086191944,0.),
 .UNSPECIFIED.);
#117=B_SPLINE_CURVE_WITH_KNOTS('',3,(#6126,#6127,#6128,#6129,#6130,#6131),
 .UNSPECIFIED.,.F.,.F.,(4,2,4),(-9.49447207589764,-8.94343961160215,-8.42519888040737),
 .UNSPECIFIED.);
#118=B_SPLINE_CURVE_WITH_KNOTS('',3,(#6214,#6215,#6216,#6217,#6218,#6219,
#6220,#6221,#6222,#6223,#6224,#6225,#6226,#6227),.UNSPECIFIED.,.F.,.F.,
(4,2,2,2,2,2,4),(-1.94182887905862,-1.90289480839724,-1.83282071988468,
-1.76274663137211,-1.69267254285955,-1.62259845434698,-1.5836643836856),
 .UNSPECIFIED.);
#119=B_SPLINE_CURVE_WITH_KNOTS('',2,(#6234,#6235,#6236),.UNSPECIFIED.,.F.,
 .F.,(3,3),(0.0225662275858878,0.255580515193841),.UNSPECIFIED.);
#120=B_SPLINE_CURVE_WITH_KNOTS('',3,(#6240,#6241,#6242,#6243,#6244,#6245,
#6246,#6247,#6248,#6249,#6250,#6251,#6252,#6253),.UNSPECIFIED.,.F.,.F.,
(4,2,2,2,2,2,4),(-1.94182887905863,-1.90289480839724,-1.83282071988468,
-1.76274663137211,-1.69267254285955,-1.62259845434699,-1.5836643836856),
 .UNSPECIFIED.);
#121=B_SPLINE_CURVE_WITH_KNOTS('',3,(#6268,#6269,#6270,#6271,#6272,#6273),
 .UNSPECIFIED.,.F.,.F.,(4,2,4),(0.295372527063787,0.341071777769707,0.437967131924297),
 .UNSPECIFIED.);
#122=B_SPLINE_CURVE_WITH_KNOTS('',3,(#6276,#6277,#6278,#6279,#6280,#6281),
 .UNSPECIFIED.,.F.,.F.,(4,2,4),(0.295372527063785,0.341071777769707,0.437967131924297),
 .UNSPECIFIED.);
#123=B_SPLINE_CURVE_WITH_KNOTS('',3,(#6282,#6283,#6284,#6285,#6286,#6287),
 .UNSPECIFIED.,.F.,.F.,(4,2,4),(0.804769131715641,0.901664485870226,0.94736373657615),
 .UNSPECIFIED.);
#124=B_SPLINE_CURVE_WITH_KNOTS('',3,(#6295,#6296,#6297,#6298,#6299,#6300),
 .UNSPECIFIED.,.F.,.F.,(4,2,4),(0.804769131715641,0.901664485870226,0.947363736576143),
 .UNSPECIFIED.);
#125=B_SPLINE_CURVE_WITH_KNOTS('',3,(#6307,#6308,#6309,#6310,#6311,#6312,
#6313,#6314,#6315,#6316,#6317,#6318,#6319,#6320),.UNSPECIFIED.,.F.,.F.,
(4,2,2,2,2,2,4),(-1.94182887905862,-1.90289480839724,-1.83282071988468,
-1.76274663137211,-1.69267254285955,-1.62259845434698,-1.59041237981705),
 .UNSPECIFIED.);
#126=B_SPLINE_CURVE_WITH_KNOTS('',3,(#6322,#6323,#6324,#6325),
 .UNSPECIFIED.,.F.,.F.,(4,4),(-1.59041237981705,-1.58366295359777),
 .UNSPECIFIED.);
#127=B_SPLINE_CURVE_WITH_KNOTS('',2,(#6328,#6329,#6330),.UNSPECIFIED.,.F.,
 .F.,(3,3),(0.0225662275858811,0.255580515193834),.UNSPECIFIED.);
#128=B_SPLINE_CURVE_WITH_KNOTS('',3,(#6349,#6350,#6351,#6352,#6353,#6354),
 .UNSPECIFIED.,.F.,.F.,(4,2,4),(0.295372527063787,0.341071777769707,0.437967131924297),
 .UNSPECIFIED.);
#129=B_SPLINE_CURVE_WITH_KNOTS('',3,(#6360,#6361,#6362,#6363,#6364,#6365),
 .UNSPECIFIED.,.F.,.F.,(4,2,4),(0.804769131715641,0.901664485870226,0.947363736576151),
 .UNSPECIFIED.);
#130=CONICAL_SURFACE('',#3641,3.09000001490116,0.785398163397447);
#131=CONICAL_SURFACE('',#3646,3.09000001490116,0.785398163397447);
#132=CONICAL_SURFACE('',#3672,1.1,0.785398163397448);
#133=CONICAL_SURFACE('',#3676,3.09000001490116,0.785398163397447);
#134=CONICAL_SURFACE('',#3681,3.09000001490116,0.785398163397447);
#135=CONICAL_SURFACE('',#3690,1.1,0.785398163397448);
#136=CONICAL_SURFACE('',#3699,1.1,0.785398163397451);
#137=CONICAL_SURFACE('',#3708,1.1,0.785398163397451);
#138=CONICAL_SURFACE('',#3793,51.6,0.785398163397448);
#139=CONICAL_SURFACE('',#3804,50.,0.785398163397448);
#140=CONICAL_SURFACE('',#3806,50.,0.785398163397448);
#141=CONICAL_SURFACE('',#3810,50.,0.785398163397448);
#142=CONICAL_SURFACE('',#3814,51.6,0.785398163397448);
#143=CONICAL_SURFACE('',#3823,50.,0.785398163397448);
#144=CONICAL_SURFACE('',#3828,50.,0.785398163397448);
#145=(
BOUNDED_CURVE()
B_SPLINE_CURVE(2,(#4932,#4933,#4934),.UNSPECIFIED.,.F.,.F.)
B_SPLINE_CURVE_WITH_KNOTS((3,3),(0.,0.255460725588839),.UNSPECIFIED.)
CURVE()
GEOMETRIC_REPRESENTATION_ITEM()
RATIONAL_B_SPLINE_CURVE((1.,1.06087314408484,1.))
REPRESENTATION_ITEM('')
);
#146=(
BOUNDED_CURVE()
B_SPLINE_CURVE(2,(#4943,#4944,#4945),.UNSPECIFIED.,.F.,.F.)
B_SPLINE_CURVE_WITH_KNOTS((3,3),(0.,0.255460725588839),.UNSPECIFIED.)
CURVE()
GEOMETRIC_REPRESENTATION_ITEM()
RATIONAL_B_SPLINE_CURVE((1.,1.06087314408484,1.))
REPRESENTATION_ITEM('')
);
#147=(
BOUNDED_CURVE()
B_SPLINE_CURVE(2,(#4950,#4951,#4952),.UNSPECIFIED.,.F.,.F.)
B_SPLINE_CURVE_WITH_KNOTS((3,3),(0.,0.255460725588839),.UNSPECIFIED.)
CURVE()
GEOMETRIC_REPRESENTATION_ITEM()
RATIONAL_B_SPLINE_CURVE((1.,1.06087314408484,1.))
REPRESENTATION_ITEM('')
);
#148=(
BOUNDED_CURVE()
B_SPLINE_CURVE(2,(#4956,#4957,#4958),.UNSPECIFIED.,.F.,.F.)
B_SPLINE_CURVE_WITH_KNOTS((3,3),(0.,0.255460725588839),.UNSPECIFIED.)
CURVE()
GEOMETRIC_REPRESENTATION_ITEM()
RATIONAL_B_SPLINE_CURVE((1.,1.06087314408484,1.))
REPRESENTATION_ITEM('')
);
#149=(
BOUNDED_CURVE()
B_SPLINE_CURVE(2,(#5465,#5466,#5467),.UNSPECIFIED.,.F.,.F.)
B_SPLINE_CURVE_WITH_KNOTS((3,3),(-9.49447207589764,0.),.UNSPECIFIED.)
CURVE()
GEOMETRIC_REPRESENTATION_ITEM()
RATIONAL_B_SPLINE_CURVE((1.,2.33333333333333,1.))
REPRESENTATION_ITEM('')
);
#150=(
BOUNDED_CURVE()
B_SPLINE_CURVE(2,(#5477,#5478,#5479),.UNSPECIFIED.,.F.,.F.)
B_SPLINE_CURVE_WITH_KNOTS((3,3),(-9.49447207589764,0.),.UNSPECIFIED.)
CURVE()
GEOMETRIC_REPRESENTATION_ITEM()
RATIONAL_B_SPLINE_CURVE((1.,2.33333333333333,1.))
REPRESENTATION_ITEM('')
);
#151=(
BOUNDED_CURVE()
B_SPLINE_CURVE(2,(#5488,#5489,#5490),.UNSPECIFIED.,.F.,.F.)
B_SPLINE_CURVE_WITH_KNOTS((3,3),(-9.49447207589764,-1.16421386760418),
 .UNSPECIFIED.)
CURVE()
GEOMETRIC_REPRESENTATION_ITEM()
RATIONAL_B_SPLINE_CURVE((1.,2.16983976103181,1.28689192232718))
REPRESENTATION_ITEM('')
);
#152=(
BOUNDED_CURVE()
B_SPLINE_CURVE(2,(#5499,#5500,#5501),.UNSPECIFIED.,.F.,.F.)
B_SPLINE_CURVE_WITH_KNOTS((3,3),(-1.16421386760418,-1.04767786896375),
 .UNSPECIFIED.)
CURVE()
GEOMETRIC_REPRESENTATION_ITEM()
RATIONAL_B_SPLINE_CURVE((1.28689192232718,1.27453993928439,1.26178621418961))
REPRESENTATION_ITEM('')
);
#153=(
BOUNDED_CURVE()
B_SPLINE_CURVE(2,(#5661,#5662,#5663),.UNSPECIFIED.,.F.,.F.)
B_SPLINE_CURVE_WITH_KNOTS((3,3),(-1.04767786895806,0.),.UNSPECIFIED.)
CURVE()
GEOMETRIC_REPRESENTATION_ITEM()
RATIONAL_B_SPLINE_CURVE((1.26178621418836,1.14712811982707,1.))
REPRESENTATION_ITEM('')
);
#154=(
BOUNDED_CURVE()
B_SPLINE_CURVE(2,(#5672,#5673,#5674),.UNSPECIFIED.,.F.,.F.)
B_SPLINE_CURVE_WITH_KNOTS((3,3),(-9.49447207589764,-8.44679420693958),
 .UNSPECIFIED.)
CURVE()
GEOMETRIC_REPRESENTATION_ITEM()
RATIONAL_B_SPLINE_CURVE((1.,1.14712811982707,1.26178621418836))
REPRESENTATION_ITEM('')
);
#155=(
BOUNDED_CURVE()
B_SPLINE_CURVE(2,(#5677,#5678,#5679),.UNSPECIFIED.,.F.,.F.)
B_SPLINE_CURVE_WITH_KNOTS((3,3),(-8.44679420693389,-8.33025820829346),
 .UNSPECIFIED.)
CURVE()
GEOMETRIC_REPRESENTATION_ITEM()
RATIONAL_B_SPLINE_CURVE((1.26178621418961,1.27453993928439,1.28689192232718))
REPRESENTATION_ITEM('')
);
#156=(
BOUNDED_CURVE()
B_SPLINE_CURVE(2,(#5680,#5681,#5682),.UNSPECIFIED.,.F.,.F.)
B_SPLINE_CURVE_WITH_KNOTS((3,3),(-8.33025820826169,0.),.UNSPECIFIED.)
CURVE()
GEOMETRIC_REPRESENTATION_ITEM()
RATIONAL_B_SPLINE_CURVE((1.28689192233391,2.16983976102735,1.))
REPRESENTATION_ITEM('')
);
#157=(
BOUNDED_CURVE()
B_SPLINE_CURVE(2,(#5765,#5766,#5767),.UNSPECIFIED.,.F.,.F.)
B_SPLINE_CURVE_WITH_KNOTS((3,3),(0.,8.33025820826169),.UNSPECIFIED.)
CURVE()
GEOMETRIC_REPRESENTATION_ITEM()
RATIONAL_B_SPLINE_CURVE((1.,2.16983976102735,1.28689192233391))
REPRESENTATION_ITEM('')
);
#158=(
BOUNDED_CURVE()
B_SPLINE_CURVE(2,(#5777,#5778,#5779),.UNSPECIFIED.,.F.,.F.)
B_SPLINE_CURVE_WITH_KNOTS((3,3),(8.33025820829346,8.44679420693389),
 .UNSPECIFIED.)
CURVE()
GEOMETRIC_REPRESENTATION_ITEM()
RATIONAL_B_SPLINE_CURVE((1.28689192232718,1.27453993928439,1.26178621418961))
REPRESENTATION_ITEM('')
);
#159=(
BOUNDED_CURVE()
B_SPLINE_CURVE(2,(#5789,#5790,#5791),.UNSPECIFIED.,.F.,.F.)
B_SPLINE_CURVE_WITH_KNOTS((3,3),(8.44679420693958,9.49447207589764),
 .UNSPECIFIED.)
CURVE()
GEOMETRIC_REPRESENTATION_ITEM()
RATIONAL_B_SPLINE_CURVE((1.26178621418836,1.14712811982707,1.))
REPRESENTATION_ITEM('')
);
#160=(
BOUNDED_CURVE()
B_SPLINE_CURVE(2,(#5803,#5804,#5805),.UNSPECIFIED.,.F.,.F.)
B_SPLINE_CURVE_WITH_KNOTS((3,3),(0.,1.04767786895806),.UNSPECIFIED.)
CURVE()
GEOMETRIC_REPRESENTATION_ITEM()
RATIONAL_B_SPLINE_CURVE((1.,1.14712811982707,1.26178621418836))
REPRESENTATION_ITEM('')
);
#161=(
BOUNDED_CURVE()
B_SPLINE_CURVE(2,(#5827,#5828,#5829),.UNSPECIFIED.,.F.,.F.)
B_SPLINE_CURVE_WITH_KNOTS((3,3),(1.04767786896375,1.16421386760418),
 .UNSPECIFIED.)
CURVE()
GEOMETRIC_REPRESENTATION_ITEM()
RATIONAL_B_SPLINE_CURVE((1.26178621418961,1.27453993928439,1.28689192232718))
REPRESENTATION_ITEM('')
);
#162=(
BOUNDED_CURVE()
B_SPLINE_CURVE(2,(#5831,#5832,#5833),.UNSPECIFIED.,.F.,.F.)
B_SPLINE_CURVE_WITH_KNOTS((3,3),(1.16421386760418,9.49447207589764),
 .UNSPECIFIED.)
CURVE()
GEOMETRIC_REPRESENTATION_ITEM()
RATIONAL_B_SPLINE_CURVE((1.28689192232718,2.16983976103181,1.))
REPRESENTATION_ITEM('')
);
#163=(
BOUNDED_CURVE()
B_SPLINE_CURVE(2,(#5835,#5836,#5837),.UNSPECIFIED.,.F.,.F.)
B_SPLINE_CURVE_WITH_KNOTS((3,3),(0.,9.49447207589764),.UNSPECIFIED.)
CURVE()
GEOMETRIC_REPRESENTATION_ITEM()
RATIONAL_B_SPLINE_CURVE((1.,2.33333333333333,1.))
REPRESENTATION_ITEM('')
);
#164=(
BOUNDED_CURVE()
B_SPLINE_CURVE(2,(#5838,#5839,#5840),.UNSPECIFIED.,.F.,.F.)
B_SPLINE_CURVE_WITH_KNOTS((3,3),(0.,9.49447207589764),.UNSPECIFIED.)
CURVE()
GEOMETRIC_REPRESENTATION_ITEM()
RATIONAL_B_SPLINE_CURVE((1.,2.33333333333333,1.))
REPRESENTATION_ITEM('')
);
#165=(
BOUNDED_CURVE()
B_SPLINE_CURVE(2,(#6230,#6231,#6232),.UNSPECIFIED.,.F.,.F.)
B_SPLINE_CURVE_WITH_KNOTS((3,3),(0.203272586624187,0.36852569499182),
 .UNSPECIFIED.)
CURVE()
GEOMETRIC_REPRESENTATION_ITEM()
RATIONAL_B_SPLINE_CURVE((1.,1.,1.))
REPRESENTATION_ITEM('')
);
#166=(
BOUNDED_CURVE()
B_SPLINE_CURVE(2,(#6332,#6333,#6334),.UNSPECIFIED.,.F.,.F.)
B_SPLINE_CURVE_WITH_KNOTS((3,3),(-0.381400711865729,-0.216147603498095),
 .UNSPECIFIED.)
CURVE()
GEOMETRIC_REPRESENTATION_ITEM()
RATIONAL_B_SPLINE_CURVE((1.,1.,1.))
REPRESENTATION_ITEM('')
);
#167=PLANE('',#3632);
#168=PLANE('',#3633);
#169=PLANE('',#3634);
#170=PLANE('',#3635);
#171=PLANE('',#3636);
#172=PLANE('',#3637);
#173=PLANE('',#3638);
#174=PLANE('',#3639);
#175=PLANE('',#3640);
#176=PLANE('',#3644);
#177=PLANE('',#3648);
#178=PLANE('',#3649);
#179=PLANE('',#3650);
#180=PLANE('',#3651);
#181=PLANE('',#3652);
#182=PLANE('',#3653);
#183=PLANE('',#3654);
#184=PLANE('',#3668);
#185=PLANE('',#3679);
#186=PLANE('',#3680);
#187=PLANE('',#3684);
#188=PLANE('',#3712);
#189=PLANE('',#3713);
#190=PLANE('',#3714);
#191=PLANE('',#3715);
#192=PLANE('',#3716);
#193=PLANE('',#3733);
#194=PLANE('',#3735);
#195=PLANE('',#3737);
#196=PLANE('',#3739);
#197=PLANE('',#3743);
#198=PLANE('',#3745);
#199=PLANE('',#3762);
#200=PLANE('',#3763);
#201=PLANE('',#3764);
#202=PLANE('',#3766);
#203=PLANE('',#3775);
#204=PLANE('',#3776);
#205=PLANE('',#3777);
#206=PLANE('',#3779);
#207=PLANE('',#3780);
#208=PLANE('',#3781);
#209=PLANE('',#3783);
#210=PLANE('',#3784);
#211=PLANE('',#3785);
#212=PLANE('',#3786);
#213=PLANE('',#3787);
#214=PLANE('',#3788);
#215=PLANE('',#3789);
#216=PLANE('',#3790);
#217=PLANE('',#3791);
#218=PLANE('',#3792);
#219=PLANE('',#3797);
#220=PLANE('',#3800);
#221=PLANE('',#3807);
#222=PLANE('',#3809);
#223=PLANE('',#3812);
#224=PLANE('',#3817);
#225=PLANE('',#3820);
#226=PLANE('',#3825);
#227=PLANE('',#3827);
#228=PLANE('',#3829);
#229=PLANE('',#3830);
#230=PLANE('',#3832);
#231=PLANE('',#3834);
#232=PLANE('',#3836);
#233=PLANE('',#3837);
#234=PLANE('',#3839);
#235=PLANE('',#3840);
#236=PLANE('',#3842);
#237=PLANE('',#3844);
#238=PLANE('',#3846);
#239=PLANE('',#3847);
#240=PLANE('',#3849);
#241=PLANE('',#3850);
#242=PLANE('',#3852);
#243=PLANE('',#3854);
#244=PLANE('',#3856);
#245=PLANE('',#3857);
#246=PLANE('',#3859);
#247=PLANE('',#3860);
#248=PLANE('',#3862);
#249=PLANE('',#3863);
#250=PLANE('',#3865);
#251=PLANE('',#3867);
#252=PLANE('',#3869);
#253=PLANE('',#3870);
#254=PLANE('',#3871);
#255=PLANE('',#3873);
#256=PLANE('',#3875);
#257=PLANE('',#3876);
#258=PLANE('',#3877);
#259=PLANE('',#3879);
#260=PLANE('',#3881);
#261=PLANE('',#3883);
#262=PLANE('',#3884);
#263=PLANE('',#3885);
#264=PLANE('',#3887);
#265=PLANE('',#3889);
#266=PLANE('',#3890);
#267=PLANE('',#3891);
#268=PLANE('',#3893);
#269=PLANE('',#3895);
#270=PLANE('',#3897);
#271=PLANE('',#3899);
#272=PLANE('',#3901);
#273=PLANE('',#3904);
#274=PLANE('',#3907);
#275=PLANE('',#3910);
#276=PLANE('',#3914);
#277=PLANE('',#3918);
#278=PLANE('',#3919);
#279=PLANE('',#3920);
#280=PLANE('',#3929);
#281=PLANE('',#3930);
#282=PLANE('',#3931);
#283=PLANE('',#3932);
#284=PLANE('',#3933);
#285=PLANE('',#3934);
#286=PLANE('',#3935);
#287=FACE_OUTER_BOUND('',#488,.T.);
#288=FACE_OUTER_BOUND('',#489,.T.);
#289=FACE_OUTER_BOUND('',#490,.T.);
#290=FACE_OUTER_BOUND('',#491,.T.);
#291=FACE_OUTER_BOUND('',#492,.T.);
#292=FACE_OUTER_BOUND('',#493,.T.);
#293=FACE_OUTER_BOUND('',#494,.T.);
#294=FACE_OUTER_BOUND('',#495,.T.);
#295=FACE_OUTER_BOUND('',#496,.T.);
#296=FACE_OUTER_BOUND('',#497,.T.);
#297=FACE_OUTER_BOUND('',#498,.T.);
#298=FACE_OUTER_BOUND('',#499,.T.);
#299=FACE_OUTER_BOUND('',#500,.T.);
#300=FACE_OUTER_BOUND('',#501,.T.);
#301=FACE_OUTER_BOUND('',#502,.T.);
#302=FACE_OUTER_BOUND('',#503,.T.);
#303=FACE_OUTER_BOUND('',#504,.T.);
#304=FACE_OUTER_BOUND('',#505,.T.);
#305=FACE_OUTER_BOUND('',#506,.T.);
#306=FACE_OUTER_BOUND('',#507,.T.);
#307=FACE_OUTER_BOUND('',#508,.T.);
#308=FACE_OUTER_BOUND('',#509,.T.);
#309=FACE_OUTER_BOUND('',#510,.T.);
#310=FACE_OUTER_BOUND('',#511,.T.);
#311=FACE_OUTER_BOUND('',#512,.T.);
#312=FACE_OUTER_BOUND('',#513,.T.);
#313=FACE_OUTER_BOUND('',#514,.T.);
#314=FACE_OUTER_BOUND('',#515,.T.);
#315=FACE_OUTER_BOUND('',#516,.T.);
#316=FACE_OUTER_BOUND('',#517,.T.);
#317=FACE_OUTER_BOUND('',#518,.T.);
#318=FACE_OUTER_BOUND('',#519,.T.);
#319=FACE_OUTER_BOUND('',#520,.T.);
#320=FACE_OUTER_BOUND('',#521,.T.);
#321=FACE_OUTER_BOUND('',#522,.T.);
#322=FACE_OUTER_BOUND('',#523,.T.);
#323=FACE_OUTER_BOUND('',#524,.T.);
#324=FACE_OUTER_BOUND('',#525,.T.);
#325=FACE_OUTER_BOUND('',#526,.T.);
#326=FACE_OUTER_BOUND('',#527,.T.);
#327=FACE_OUTER_BOUND('',#528,.T.);
#328=FACE_OUTER_BOUND('',#529,.T.);
#329=FACE_OUTER_BOUND('',#530,.T.);
#330=FACE_OUTER_BOUND('',#531,.T.);
#331=FACE_OUTER_BOUND('',#532,.T.);
#332=FACE_OUTER_BOUND('',#533,.T.);
#333=FACE_OUTER_BOUND('',#534,.T.);
#334=FACE_OUTER_BOUND('',#535,.T.);
#335=FACE_OUTER_BOUND('',#536,.T.);
#336=FACE_OUTER_BOUND('',#537,.T.);
#337=FACE_OUTER_BOUND('',#538,.T.);
#338=FACE_OUTER_BOUND('',#539,.T.);
#339=FACE_OUTER_BOUND('',#540,.T.);
#340=FACE_OUTER_BOUND('',#541,.T.);
#341=FACE_OUTER_BOUND('',#542,.T.);
#342=FACE_OUTER_BOUND('',#543,.T.);
#343=FACE_OUTER_BOUND('',#544,.T.);
#344=FACE_OUTER_BOUND('',#545,.T.);
#345=FACE_OUTER_BOUND('',#546,.T.);
#346=FACE_OUTER_BOUND('',#547,.T.);
#347=FACE_OUTER_BOUND('',#548,.T.);
#348=FACE_OUTER_BOUND('',#565,.T.);
#349=FACE_OUTER_BOUND('',#566,.T.);
#350=FACE_OUTER_BOUND('',#567,.T.);
#351=FACE_OUTER_BOUND('',#568,.T.);
#352=FACE_OUTER_BOUND('',#569,.T.);
#353=FACE_OUTER_BOUND('',#571,.T.);
#354=FACE_OUTER_BOUND('',#573,.T.);
#355=FACE_OUTER_BOUND('',#575,.T.);
#356=FACE_OUTER_BOUND('',#577,.T.);
#357=FACE_OUTER_BOUND('',#578,.T.);
#358=FACE_OUTER_BOUND('',#579,.T.);
#359=FACE_OUTER_BOUND('',#580,.T.);
#360=FACE_OUTER_BOUND('',#581,.T.);
#361=FACE_OUTER_BOUND('',#582,.T.);
#362=FACE_OUTER_BOUND('',#583,.T.);
#363=FACE_OUTER_BOUND('',#584,.T.);
#364=FACE_OUTER_BOUND('',#585,.T.);
#365=FACE_OUTER_BOUND('',#594,.T.);
#366=FACE_OUTER_BOUND('',#595,.T.);
#367=FACE_OUTER_BOUND('',#596,.T.);
#368=FACE_OUTER_BOUND('',#597,.T.);
#369=FACE_OUTER_BOUND('',#598,.T.);
#370=FACE_OUTER_BOUND('',#599,.T.);
#371=FACE_OUTER_BOUND('',#600,.T.);
#372=FACE_OUTER_BOUND('',#601,.T.);
#373=FACE_OUTER_BOUND('',#602,.T.);
#374=FACE_OUTER_BOUND('',#603,.T.);
#375=FACE_OUTER_BOUND('',#604,.T.);
#376=FACE_OUTER_BOUND('',#605,.T.);
#377=FACE_OUTER_BOUND('',#606,.T.);
#378=FACE_OUTER_BOUND('',#607,.T.);
#379=FACE_OUTER_BOUND('',#608,.T.);
#380=FACE_OUTER_BOUND('',#609,.T.);
#381=FACE_OUTER_BOUND('',#610,.T.);
#382=FACE_OUTER_BOUND('',#611,.T.);
#383=FACE_OUTER_BOUND('',#612,.T.);
#384=FACE_OUTER_BOUND('',#613,.T.);
#385=FACE_OUTER_BOUND('',#614,.T.);
#386=FACE_OUTER_BOUND('',#615,.T.);
#387=FACE_OUTER_BOUND('',#616,.T.);
#388=FACE_OUTER_BOUND('',#617,.T.);
#389=FACE_OUTER_BOUND('',#618,.T.);
#390=FACE_OUTER_BOUND('',#619,.T.);
#391=FACE_OUTER_BOUND('',#620,.T.);
#392=FACE_OUTER_BOUND('',#621,.T.);
#393=FACE_OUTER_BOUND('',#622,.T.);
#394=FACE_OUTER_BOUND('',#623,.T.);
#395=FACE_OUTER_BOUND('',#624,.T.);
#396=FACE_OUTER_BOUND('',#625,.T.);
#397=FACE_OUTER_BOUND('',#626,.T.);
#398=FACE_OUTER_BOUND('',#627,.T.);
#399=FACE_OUTER_BOUND('',#628,.T.);
#400=FACE_OUTER_BOUND('',#629,.T.);
#401=FACE_OUTER_BOUND('',#630,.T.);
#402=FACE_OUTER_BOUND('',#631,.T.);
#403=FACE_OUTER_BOUND('',#632,.T.);
#404=FACE_OUTER_BOUND('',#633,.T.);
#405=FACE_OUTER_BOUND('',#634,.T.);
#406=FACE_OUTER_BOUND('',#635,.T.);
#407=FACE_OUTER_BOUND('',#636,.T.);
#408=FACE_OUTER_BOUND('',#637,.T.);
#409=FACE_OUTER_BOUND('',#638,.T.);
#410=FACE_OUTER_BOUND('',#639,.T.);
#411=FACE_OUTER_BOUND('',#640,.T.);
#412=FACE_OUTER_BOUND('',#641,.T.);
#413=FACE_OUTER_BOUND('',#642,.T.);
#414=FACE_OUTER_BOUND('',#643,.T.);
#415=FACE_OUTER_BOUND('',#644,.T.);
#416=FACE_OUTER_BOUND('',#645,.T.);
#417=FACE_OUTER_BOUND('',#646,.T.);
#418=FACE_OUTER_BOUND('',#647,.T.);
#419=FACE_OUTER_BOUND('',#648,.T.);
#420=FACE_OUTER_BOUND('',#649,.T.);
#421=FACE_OUTER_BOUND('',#650,.T.);
#422=FACE_OUTER_BOUND('',#651,.T.);
#423=FACE_OUTER_BOUND('',#652,.T.);
#424=FACE_OUTER_BOUND('',#653,.T.);
#425=FACE_OUTER_BOUND('',#654,.T.);
#426=FACE_OUTER_BOUND('',#655,.T.);
#427=FACE_OUTER_BOUND('',#656,.T.);
#428=FACE_OUTER_BOUND('',#657,.T.);
#429=FACE_OUTER_BOUND('',#658,.T.);
#430=FACE_OUTER_BOUND('',#659,.T.);
#431=FACE_OUTER_BOUND('',#660,.T.);
#432=FACE_OUTER_BOUND('',#661,.T.);
#433=FACE_OUTER_BOUND('',#662,.T.);
#434=FACE_OUTER_BOUND('',#663,.T.);
#435=FACE_OUTER_BOUND('',#664,.T.);
#436=FACE_OUTER_BOUND('',#665,.T.);
#437=FACE_OUTER_BOUND('',#666,.T.);
#438=FACE_OUTER_BOUND('',#667,.T.);
#439=FACE_OUTER_BOUND('',#668,.T.);
#440=FACE_OUTER_BOUND('',#669,.T.);
#441=FACE_OUTER_BOUND('',#670,.T.);
#442=FACE_OUTER_BOUND('',#671,.T.);
#443=FACE_OUTER_BOUND('',#672,.T.);
#444=FACE_OUTER_BOUND('',#673,.T.);
#445=FACE_OUTER_BOUND('',#674,.T.);
#446=FACE_OUTER_BOUND('',#675,.T.);
#447=FACE_OUTER_BOUND('',#676,.T.);
#448=FACE_OUTER_BOUND('',#677,.T.);
#449=FACE_OUTER_BOUND('',#678,.T.);
#450=FACE_OUTER_BOUND('',#679,.T.);
#451=FACE_OUTER_BOUND('',#680,.T.);
#452=FACE_OUTER_BOUND('',#681,.T.);
#453=FACE_OUTER_BOUND('',#682,.T.);
#454=FACE_OUTER_BOUND('',#683,.T.);
#455=FACE_OUTER_BOUND('',#684,.T.);
#456=FACE_OUTER_BOUND('',#685,.T.);
#457=FACE_OUTER_BOUND('',#686,.T.);
#458=FACE_OUTER_BOUND('',#687,.T.);
#459=FACE_OUTER_BOUND('',#688,.T.);
#460=FACE_OUTER_BOUND('',#689,.T.);
#461=FACE_OUTER_BOUND('',#690,.T.);
#462=FACE_OUTER_BOUND('',#691,.T.);
#463=FACE_OUTER_BOUND('',#692,.T.);
#464=FACE_OUTER_BOUND('',#693,.T.);
#465=FACE_OUTER_BOUND('',#694,.T.);
#466=FACE_OUTER_BOUND('',#695,.T.);
#467=FACE_OUTER_BOUND('',#696,.T.);
#468=FACE_OUTER_BOUND('',#697,.T.);
#469=FACE_OUTER_BOUND('',#698,.T.);
#470=FACE_OUTER_BOUND('',#699,.T.);
#471=FACE_OUTER_BOUND('',#700,.T.);
#472=FACE_OUTER_BOUND('',#701,.T.);
#473=FACE_OUTER_BOUND('',#702,.T.);
#474=FACE_OUTER_BOUND('',#703,.T.);
#475=FACE_OUTER_BOUND('',#704,.T.);
#476=FACE_OUTER_BOUND('',#705,.T.);
#477=FACE_OUTER_BOUND('',#706,.T.);
#478=FACE_OUTER_BOUND('',#707,.T.);
#479=FACE_OUTER_BOUND('',#708,.T.);
#480=FACE_OUTER_BOUND('',#709,.T.);
#481=FACE_OUTER_BOUND('',#710,.T.);
#482=FACE_OUTER_BOUND('',#711,.T.);
#483=FACE_OUTER_BOUND('',#712,.T.);
#484=FACE_OUTER_BOUND('',#713,.T.);
#485=FACE_OUTER_BOUND('',#714,.T.);
#486=FACE_OUTER_BOUND('',#715,.T.);
#487=FACE_OUTER_BOUND('',#716,.T.);
#488=EDGE_LOOP('',(#2332,#2333,#2334,#2335,#2336,#2337,#2338,#2339,#2340,
#2341,#2342,#2343,#2344,#2345,#2346));
#489=EDGE_LOOP('',(#2347,#2348,#2349,#2350,#2351,#2352,#2353,#2354));
#490=EDGE_LOOP('',(#2355,#2356,#2357,#2358));
#491=EDGE_LOOP('',(#2359,#2360,#2361,#2362));
#492=EDGE_LOOP('',(#2363,#2364,#2365,#2366));
#493=EDGE_LOOP('',(#2367,#2368,#2369,#2370));
#494=EDGE_LOOP('',(#2371,#2372,#2373,#2374,#2375,#2376,#2377,#2378));
#495=EDGE_LOOP('',(#2379,#2380,#2381,#2382,#2383,#2384,#2385,#2386));
#496=EDGE_LOOP('',(#2387,#2388,#2389,#2390));
#497=EDGE_LOOP('',(#2391,#2392,#2393,#2394));
#498=EDGE_LOOP('',(#2395,#2396,#2397,#2398));
#499=EDGE_LOOP('',(#2399,#2400));
#500=EDGE_LOOP('',(#2401,#2402,#2403,#2404));
#501=EDGE_LOOP('',(#2405,#2406,#2407,#2408,#2409,#2410,#2411,#2412,#2413,
#2414,#2415,#2416,#2417));
#502=EDGE_LOOP('',(#2418,#2419,#2420,#2421));
#503=EDGE_LOOP('',(#2422,#2423,#2424,#2425));
#504=EDGE_LOOP('',(#2426,#2427,#2428,#2429));
#505=EDGE_LOOP('',(#2430,#2431,#2432,#2433));
#506=EDGE_LOOP('',(#2434,#2435,#2436,#2437));
#507=EDGE_LOOP('',(#2438,#2439,#2440,#2441));
#508=EDGE_LOOP('',(#2442,#2443,#2444,#2445,#2446,#2447,#2448,#2449,#2450,
#2451));
#509=EDGE_LOOP('',(#2452,#2453,#2454,#2455));
#510=EDGE_LOOP('',(#2456,#2457,#2458,#2459));
#511=EDGE_LOOP('',(#2460,#2461,#2462,#2463));
#512=EDGE_LOOP('',(#2464,#2465,#2466,#2467,#2468,#2469,#2470));
#513=EDGE_LOOP('',(#2471,#2472,#2473,#2474));
#514=EDGE_LOOP('',(#2475,#2476,#2477,#2478,#2479,#2480));
#515=EDGE_LOOP('',(#2481,#2482,#2483,#2484,#2485));
#516=EDGE_LOOP('',(#2486,#2487,#2488,#2489));
#517=EDGE_LOOP('',(#2490,#2491,#2492,#2493));
#518=EDGE_LOOP('',(#2494,#2495,#2496,#2497));
#519=EDGE_LOOP('',(#2498,#2499,#2500,#2501));
#520=EDGE_LOOP('',(#2502,#2503,#2504,#2505));
#521=EDGE_LOOP('',(#2506,#2507,#2508,#2509));
#522=EDGE_LOOP('',(#2510,#2511,#2512,#2513));
#523=EDGE_LOOP('',(#2514,#2515,#2516,#2517));
#524=EDGE_LOOP('',(#2518,#2519,#2520,#2521));
#525=EDGE_LOOP('',(#2522,#2523,#2524,#2525));
#526=EDGE_LOOP('',(#2526,#2527,#2528,#2529));
#527=EDGE_LOOP('',(#2530,#2531,#2532,#2533));
#528=EDGE_LOOP('',(#2534,#2535,#2536,#2537));
#529=EDGE_LOOP('',(#2538));
#530=EDGE_LOOP('',(#2539,#2540));
#531=EDGE_LOOP('',(#2541,#2542,#2543,#2544));
#532=EDGE_LOOP('',(#2545));
#533=EDGE_LOOP('',(#2546,#2547,#2548,#2549,#2550,#2551));
#534=EDGE_LOOP('',(#2552,#2553,#2554,#2555,#2556));
#535=EDGE_LOOP('',(#2557,#2558,#2559,#2560,#2561));
#536=EDGE_LOOP('',(#2562,#2563,#2564,#2565,#2566,#2567));
#537=EDGE_LOOP('',(#2568,#2569,#2570,#2571,#2572));
#538=EDGE_LOOP('',(#2573,#2574,#2575,#2576,#2577));
#539=EDGE_LOOP('',(#2578,#2579,#2580,#2581,#2582,#2583));
#540=EDGE_LOOP('',(#2584,#2585,#2586,#2587,#2588));
#541=EDGE_LOOP('',(#2589,#2590,#2591,#2592,#2593));
#542=EDGE_LOOP('',(#2594));
#543=EDGE_LOOP('',(#2595));
#544=EDGE_LOOP('',(#2596));
#545=EDGE_LOOP('',(#2597));
#546=EDGE_LOOP('',(#2598,#2599,#2600,#2601));
#547=EDGE_LOOP('',(#2602,#2603,#2604,#2605));
#548=EDGE_LOOP('',(#2606,#2607,#2608,#2609,#2610,#2611,#2612,#2613));
#549=EDGE_LOOP('',(#2614));
#550=EDGE_LOOP('',(#2615));
#551=EDGE_LOOP('',(#2616));
#552=EDGE_LOOP('',(#2617));
#553=EDGE_LOOP('',(#2618,#2619,#2620,#2621,#2622,#2623,#2624,#2625,#2626,
#2627,#2628,#2629,#2630,#2631,#2632,#2633,#2634,#2635));
#554=EDGE_LOOP('',(#2636));
#555=EDGE_LOOP('',(#2637));
#556=EDGE_LOOP('',(#2638));
#557=EDGE_LOOP('',(#2639));
#558=EDGE_LOOP('',(#2640));
#559=EDGE_LOOP('',(#2641));
#560=EDGE_LOOP('',(#2642));
#561=EDGE_LOOP('',(#2643));
#562=EDGE_LOOP('',(#2644,#2645,#2646,#2647));
#563=EDGE_LOOP('',(#2648));
#564=EDGE_LOOP('',(#2649,#2650,#2651,#2652,#2653,#2654,#2655,#2656,#2657,
#2658,#2659,#2660));
#565=EDGE_LOOP('',(#2661,#2662,#2663,#2664));
#566=EDGE_LOOP('',(#2665,#2666,#2667,#2668));
#567=EDGE_LOOP('',(#2669,#2670,#2671,#2672));
#568=EDGE_LOOP('',(#2673,#2674,#2675,#2676));
#569=EDGE_LOOP('',(#2677));
#570=EDGE_LOOP('',(#2678));
#571=EDGE_LOOP('',(#2679));
#572=EDGE_LOOP('',(#2680));
#573=EDGE_LOOP('',(#2681));
#574=EDGE_LOOP('',(#2682));
#575=EDGE_LOOP('',(#2683));
#576=EDGE_LOOP('',(#2684));
#577=EDGE_LOOP('',(#2685,#2686,#2687,#2688));
#578=EDGE_LOOP('',(#2689,#2690,#2691,#2692));
#579=EDGE_LOOP('',(#2693,#2694,#2695,#2696));
#580=EDGE_LOOP('',(#2697,#2698,#2699,#2700));
#581=EDGE_LOOP('',(#2701,#2702,#2703,#2704,#2705));
#582=EDGE_LOOP('',(#2706,#2707,#2708,#2709,#2710));
#583=EDGE_LOOP('',(#2711,#2712,#2713,#2714));
#584=EDGE_LOOP('',(#2715,#2716,#2717,#2718,#2719));
#585=EDGE_LOOP('',(#2720,#2721,#2722,#2723,#2724,#2725,#2726,#2727,#2728,
#2729,#2730,#2731,#2732,#2733,#2734,#2735));
#586=EDGE_LOOP('',(#2736));
#587=EDGE_LOOP('',(#2737,#2738,#2739,#2740));
#588=EDGE_LOOP('',(#2741));
#589=EDGE_LOOP('',(#2742));
#590=EDGE_LOOP('',(#2743));
#591=EDGE_LOOP('',(#2744,#2745,#2746,#2747,#2748,#2749));
#592=EDGE_LOOP('',(#2750,#2751,#2752,#2753,#2754,#2755,#2756,#2757,#2758,
#2759));
#593=EDGE_LOOP('',(#2760,#2761,#2762,#2763,#2764,#2765,#2766,#2767,#2768));
#594=EDGE_LOOP('',(#2769,#2770,#2771,#2772));
#595=EDGE_LOOP('',(#2773,#2774,#2775,#2776));
#596=EDGE_LOOP('',(#2777,#2778,#2779,#2780,#2781));
#597=EDGE_LOOP('',(#2782,#2783,#2784,#2785));
#598=EDGE_LOOP('',(#2786,#2787,#2788,#2789,#2790,#2791));
#599=EDGE_LOOP('',(#2792,#2793,#2794,#2795,#2796,#2797));
#600=EDGE_LOOP('',(#2798,#2799,#2800,#2801,#2802,#2803,#2804,#2805));
#601=EDGE_LOOP('',(#2806,#2807,#2808,#2809));
#602=EDGE_LOOP('',(#2810,#2811,#2812,#2813,#2814,#2815));
#603=EDGE_LOOP('',(#2816,#2817,#2818,#2819));
#604=EDGE_LOOP('',(#2820,#2821,#2822,#2823));
#605=EDGE_LOOP('',(#2824,#2825,#2826,#2827,#2828));
#606=EDGE_LOOP('',(#2829,#2830,#2831,#2832));
#607=EDGE_LOOP('',(#2833,#2834,#2835,#2836,#2837));
#608=EDGE_LOOP('',(#2838,#2839,#2840,#2841,#2842));
#609=EDGE_LOOP('',(#2843,#2844,#2845,#2846,#2847));
#610=EDGE_LOOP('',(#2848,#2849,#2850,#2851,#2852));
#611=EDGE_LOOP('',(#2853,#2854,#2855,#2856,#2857));
#612=EDGE_LOOP('',(#2858,#2859,#2860,#2861,#2862));
#613=EDGE_LOOP('',(#2863,#2864,#2865,#2866,#2867));
#614=EDGE_LOOP('',(#2868,#2869,#2870,#2871,#2872,#2873));
#615=EDGE_LOOP('',(#2874,#2875,#2876,#2877,#2878,#2879));
#616=EDGE_LOOP('',(#2880,#2881,#2882,#2883));
#617=EDGE_LOOP('',(#2884,#2885,#2886,#2887,#2888,#2889));
#618=EDGE_LOOP('',(#2890,#2891,#2892,#2893));
#619=EDGE_LOOP('',(#2894,#2895,#2896,#2897));
#620=EDGE_LOOP('',(#2898,#2899,#2900,#2901));
#621=EDGE_LOOP('',(#2902,#2903,#2904,#2905));
#622=EDGE_LOOP('',(#2906,#2907,#2908,#2909));
#623=EDGE_LOOP('',(#2910,#2911,#2912,#2913));
#624=EDGE_LOOP('',(#2914,#2915,#2916,#2917));
#625=EDGE_LOOP('',(#2918,#2919,#2920,#2921,#2922,#2923));
#626=EDGE_LOOP('',(#2924,#2925,#2926,#2927,#2928,#2929,#2930,#2931));
#627=EDGE_LOOP('',(#2932,#2933,#2934,#2935));
#628=EDGE_LOOP('',(#2936,#2937,#2938,#2939));
#629=EDGE_LOOP('',(#2940,#2941,#2942,#2943));
#630=EDGE_LOOP('',(#2944,#2945,#2946,#2947));
#631=EDGE_LOOP('',(#2948,#2949,#2950,#2951));
#632=EDGE_LOOP('',(#2952,#2953,#2954,#2955));
#633=EDGE_LOOP('',(#2956,#2957,#2958,#2959));
#634=EDGE_LOOP('',(#2960,#2961,#2962,#2963));
#635=EDGE_LOOP('',(#2964,#2965,#2966,#2967,#2968,#2969,#2970));
#636=EDGE_LOOP('',(#2971,#2972,#2973,#2974));
#637=EDGE_LOOP('',(#2975,#2976,#2977,#2978));
#638=EDGE_LOOP('',(#2979,#2980,#2981,#2982));
#639=EDGE_LOOP('',(#2983,#2984,#2985,#2986));
#640=EDGE_LOOP('',(#2987,#2988,#2989,#2990));
#641=EDGE_LOOP('',(#2991,#2992,#2993,#2994));
#642=EDGE_LOOP('',(#2995,#2996,#2997,#2998,#2999));
#643=EDGE_LOOP('',(#3000,#3001,#3002));
#644=EDGE_LOOP('',(#3003,#3004,#3005));
#645=EDGE_LOOP('',(#3006,#3007,#3008));
#646=EDGE_LOOP('',(#3009,#3010,#3011,#3012,#3013));
#647=EDGE_LOOP('',(#3014,#3015,#3016));
#648=EDGE_LOOP('',(#3017,#3018,#3019,#3020,#3021));
#649=EDGE_LOOP('',(#3022,#3023,#3024));
#650=EDGE_LOOP('',(#3025,#3026,#3027));
#651=EDGE_LOOP('',(#3028,#3029,#3030));
#652=EDGE_LOOP('',(#3031,#3032,#3033,#3034,#3035));
#653=EDGE_LOOP('',(#3036,#3037,#3038));
#654=EDGE_LOOP('',(#3039,#3040,#3041,#3042,#3043));
#655=EDGE_LOOP('',(#3044,#3045,#3046));
#656=EDGE_LOOP('',(#3047,#3048,#3049));
#657=EDGE_LOOP('',(#3050,#3051,#3052));
#658=EDGE_LOOP('',(#3053,#3054,#3055,#3056,#3057));
#659=EDGE_LOOP('',(#3058,#3059,#3060));
#660=EDGE_LOOP('',(#3061,#3062,#3063,#3064,#3065));
#661=EDGE_LOOP('',(#3066,#3067,#3068));
#662=EDGE_LOOP('',(#3069,#3070,#3071,#3072,#3073));
#663=EDGE_LOOP('',(#3074,#3075,#3076));
#664=EDGE_LOOP('',(#3077,#3078,#3079));
#665=EDGE_LOOP('',(#3080,#3081,#3082));
#666=EDGE_LOOP('',(#3083,#3084,#3085,#3086,#3087,#3088,#3089,#3090,#3091));
#667=EDGE_LOOP('',(#3092,#3093,#3094,#3095,#3096,#3097,#3098,#3099,#3100));
#668=EDGE_LOOP('',(#3101,#3102,#3103,#3104));
#669=EDGE_LOOP('',(#3105,#3106,#3107,#3108));
#670=EDGE_LOOP('',(#3109,#3110,#3111,#3112,#3113,#3114,#3115,#3116,#3117));
#671=EDGE_LOOP('',(#3118,#3119,#3120,#3121,#3122,#3123,#3124,#3125,#3126));
#672=EDGE_LOOP('',(#3127,#3128,#3129,#3130));
#673=EDGE_LOOP('',(#3131,#3132,#3133,#3134));
#674=EDGE_LOOP('',(#3135,#3136,#3137,#3138));
#675=EDGE_LOOP('',(#3139,#3140,#3141,#3142,#3143,#3144,#3145,#3146,#3147));
#676=EDGE_LOOP('',(#3148,#3149,#3150,#3151,#3152,#3153,#3154,#3155,#3156));
#677=EDGE_LOOP('',(#3157,#3158,#3159,#3160));
#678=EDGE_LOOP('',(#3161,#3162,#3163,#3164));
#679=EDGE_LOOP('',(#3165,#3166,#3167,#3168,#3169,#3170,#3171,#3172,#3173));
#680=EDGE_LOOP('',(#3174,#3175,#3176,#3177,#3178,#3179,#3180,#3181,#3182));
#681=EDGE_LOOP('',(#3183,#3184,#3185,#3186));
#682=EDGE_LOOP('',(#3187,#3188));
#683=EDGE_LOOP('',(#3189,#3190));
#684=EDGE_LOOP('',(#3191,#3192));
#685=EDGE_LOOP('',(#3193,#3194));
#686=EDGE_LOOP('',(#3195,#3196,#3197));
#687=EDGE_LOOP('',(#3198,#3199,#3200));
#688=EDGE_LOOP('',(#3201,#3202,#3203));
#689=EDGE_LOOP('',(#3204,#3205,#3206));
#690=EDGE_LOOP('',(#3207,#3208,#3209,#3210,#3211,#3212,#3213));
#691=EDGE_LOOP('',(#3214,#3215,#3216,#3217));
#692=EDGE_LOOP('',(#3218,#3219,#3220,#3221,#3222,#3223,#3224));
#693=EDGE_LOOP('',(#3225,#3226,#3227,#3228,#3229,#3230,#3231));
#694=EDGE_LOOP('',(#3232,#3233,#3234,#3235,#3236,#3237,#3238));
#695=EDGE_LOOP('',(#3239,#3240,#3241,#3242));
#696=EDGE_LOOP('',(#3243,#3244,#3245,#3246));
#697=EDGE_LOOP('',(#3247,#3248,#3249,#3250));
#698=EDGE_LOOP('',(#3251,#3252,#3253,#3254));
#699=EDGE_LOOP('',(#3255,#3256,#3257,#3258));
#700=EDGE_LOOP('',(#3259,#3260,#3261,#3262));
#701=EDGE_LOOP('',(#3263,#3264,#3265,#3266));
#702=EDGE_LOOP('',(#3267,#3268,#3269));
#703=EDGE_LOOP('',(#3270,#3271,#3272,#3273,#3274,#3275,#3276,#3277,#3278,
#3279));
#704=EDGE_LOOP('',(#3280,#3281,#3282,#3283,#3284,#3285,#3286,#3287,#3288,
#3289));
#705=EDGE_LOOP('',(#3290,#3291,#3292,#3293,#3294,#3295,#3296,#3297,#3298,
#3299));
#706=EDGE_LOOP('',(#3300,#3301,#3302,#3303,#3304,#3305,#3306,#3307,#3308,
#3309,#3310,#3311));
#707=EDGE_LOOP('',(#3312,#3313,#3314,#3315,#3316,#3317,#3318,#3319,#3320,
#3321,#3322,#3323));
#708=EDGE_LOOP('',(#3324,#3325,#3326,#3327,#3328,#3329,#3330,#3331,#3332,
#3333,#3334,#3335));
#709=EDGE_LOOP('',(#3336,#3337,#3338,#3339,#3340,#3341,#3342,#3343,#3344,
#3345,#3346,#3347));
#710=EDGE_LOOP('',(#3348,#3349,#3350,#3351));
#711=EDGE_LOOP('',(#3352,#3353,#3354,#3355));
#712=EDGE_LOOP('',(#3356,#3357,#3358,#3359,#3360,#3361));
#713=EDGE_LOOP('',(#3362,#3363,#3364,#3365));
#714=EDGE_LOOP('',(#3366,#3367,#3368,#3369,#3370,#3371));
#715=EDGE_LOOP('',(#3372,#3373,#3374,#3375));
#716=EDGE_LOOP('',(#3376,#3377,#3378,#3379));
#717=CIRCLE('',#3625,3.25);
#718=CIRCLE('',#3628,3.25);
#719=CIRCLE('',#3629,3.25);
#720=CIRCLE('',#3630,3.25);
#721=CIRCLE('',#3642,3.84000001490116);
#722=CIRCLE('',#3643,2.34000001490116);
#723=CIRCLE('',#3645,2.34000001490116);
#724=CIRCLE('',#3647,3.84000001490116);
#725=CIRCLE('',#3656,16.8171369979437);
#726=CIRCLE('',#3657,16.8171369979437);
#727=CIRCLE('',#3658,16.8171369979437);
#728=CIRCLE('',#3660,18.8171369979433);
#729=CIRCLE('',#3661,18.8171369979433);
#730=CIRCLE('',#3663,16.55714925315);
#731=CIRCLE('',#3664,16.55714925315);
#732=CIRCLE('',#3666,0.999999999999523);
#733=CIRCLE('',#3667,0.999999999999523);
#734=CIRCLE('',#3670,1.6);
#735=CIRCLE('',#3671,1.6);
#736=CIRCLE('',#3673,0.600000000000005);
#737=CIRCLE('',#3674,1.30710678118655);
#738=CIRCLE('',#3675,1.30710678118655);
#739=CIRCLE('',#3677,2.34000001490116);
#740=CIRCLE('',#3678,3.84000001490116);
#741=CIRCLE('',#3682,2.34000001490116);
#742=CIRCLE('',#3683,3.84000001490116);
#743=CIRCLE('',#3685,1.6);
#744=CIRCLE('',#3686,0.999999999998143);
#745=CIRCLE('',#3687,1.30710678118655);
#746=CIRCLE('',#3688,1.30710678118655);
#747=CIRCLE('',#3689,1.6);
#748=CIRCLE('',#3691,0.600000000000005);
#749=CIRCLE('',#3693,1.6);
#750=CIRCLE('',#3694,1.6);
#751=CIRCLE('',#3695,0.999999999998062);
#752=CIRCLE('',#3696,1.30710678118655);
#753=CIRCLE('',#3697,1.30710678118655);
#754=CIRCLE('',#3698,1.6);
#755=CIRCLE('',#3700,0.599999999999996);
#756=CIRCLE('',#3702,1.6);
#757=CIRCLE('',#3703,1.6);
#758=CIRCLE('',#3704,0.999999999998049);
#759=CIRCLE('',#3705,1.30710678118655);
#760=CIRCLE('',#3706,1.30710678118655);
#761=CIRCLE('',#3707,1.6);
#762=CIRCLE('',#3709,0.599999999999996);
#763=CIRCLE('',#3711,1.6);
#764=CIRCLE('',#3717,3.24999999999999);
#765=CIRCLE('',#3718,3.24999999999999);
#766=CIRCLE('',#3719,1.6);
#767=CIRCLE('',#3720,1.6);
#768=CIRCLE('',#3721,1.6);
#769=CIRCLE('',#3722,1.6);
#770=CIRCLE('',#3723,3.24999999999999);
#771=CIRCLE('',#3724,3.24999999999999);
#772=CIRCLE('',#3726,1.6);
#773=CIRCLE('',#3728,1.6);
#774=CIRCLE('',#3730,1.6);
#775=CIRCLE('',#3732,1.6);
#776=CIRCLE('',#3734,3.25);
#777=CIRCLE('',#3736,3.25);
#778=CIRCLE('',#3738,3.25);
#779=CIRCLE('',#3741,6.);
#780=CIRCLE('',#3742,6.);
#781=CIRCLE('',#3744,3.2);
#782=CIRCLE('',#3746,1.6);
#783=CIRCLE('',#3747,1.6);
#784=CIRCLE('',#3748,1.6);
#785=CIRCLE('',#3749,1.6);
#786=CIRCLE('',#3750,50.);
#787=CIRCLE('',#3751,3.25);
#788=CIRCLE('',#3752,50.);
#789=CIRCLE('',#3753,51.6);
#790=CIRCLE('',#3754,50.);
#791=CIRCLE('',#3755,3.25);
#792=CIRCLE('',#3756,3.25);
#793=CIRCLE('',#3757,50.);
#794=CIRCLE('',#3758,3.25);
#795=CIRCLE('',#3759,3.25);
#796=CIRCLE('',#3760,50.);
#797=CIRCLE('',#3761,51.6);
#798=CIRCLE('',#3767,3.2);
#799=CIRCLE('',#3769,3.2);
#800=CIRCLE('',#3770,3.2);
#801=CIRCLE('',#3794,50.81);
#802=CIRCLE('',#3795,50.81);
#803=CIRCLE('',#3796,50.81);
#804=CIRCLE('',#3798,3.25);
#805=CIRCLE('',#3799,50.79);
#806=CIRCLE('',#3801,3.25);
#807=CIRCLE('',#3802,3.25);
#808=CIRCLE('',#3803,50.79);
#809=CIRCLE('',#3805,519.977375289458);
#810=CIRCLE('',#3808,293.867260163632);
#811=CIRCLE('',#3811,50.79);
#812=CIRCLE('',#3813,3.25);
#813=CIRCLE('',#3815,50.81);
#814=CIRCLE('',#3816,50.81);
#815=CIRCLE('',#3818,3.25);
#816=CIRCLE('',#3819,50.79);
#817=CIRCLE('',#3821,3.25);
#818=CIRCLE('',#3822,50.79);
#819=CIRCLE('',#3824,293.867260140504);
#820=CIRCLE('',#3826,519.977375291635);
#821=CIRCLE('',#3831,1.6);
#822=CIRCLE('',#3833,1.6);
#823=CIRCLE('',#3835,1.6);
#824=CIRCLE('',#3838,1.6);
#825=CIRCLE('',#3841,1.6);
#826=CIRCLE('',#3843,1.6);
#827=CIRCLE('',#3845,1.6);
#828=CIRCLE('',#3848,1.6);
#829=CIRCLE('',#3851,1.6);
#830=CIRCLE('',#3853,1.6);
#831=CIRCLE('',#3855,1.6);
#832=CIRCLE('',#3858,1.6);
#833=CIRCLE('',#3861,1.6);
#834=CIRCLE('',#3864,1.6);
#835=CIRCLE('',#3866,1.6);
#836=CIRCLE('',#3868,1.6);
#837=CIRCLE('',#3872,3.24999999999999);
#838=CIRCLE('',#3874,3.24999999999999);
#839=CIRCLE('',#3878,3.24999999999999);
#840=CIRCLE('',#3880,3.24999999999999);
#841=CIRCLE('',#3882,3.24999999999999);
#842=CIRCLE('',#3886,3.24999999999999);
#843=CIRCLE('',#3888,3.24999999999999);
#844=CIRCLE('',#3892,3.24999999999999);
#845=CIRCLE('',#3894,3.24999999999999);
#846=CIRCLE('',#3896,3.24999999999999);
#847=CIRCLE('',#3898,3.24999999999999);
#848=CIRCLE('',#3900,3.24999999999999);
#849=CIRCLE('',#3902,3.24999999999999);
#850=CIRCLE('',#3903,3.24999999999999);
#851=CIRCLE('',#3905,3.24999999999999);
#852=CIRCLE('',#3906,3.24999999999999);
#853=CIRCLE('',#3908,3.24999999999999);
#854=CIRCLE('',#3909,3.24999999999999);
#855=CIRCLE('',#3911,3.24999999999999);
#856=CIRCLE('',#3912,3.24999999999999);
#857=ELLIPSE('',#3624,4.59619407771256,3.25);
#858=ELLIPSE('',#3626,4.59619407771256,3.25);
#859=ELLIPSE('',#3627,4.59619407771256,3.25);
#860=ELLIPSE('',#3631,4.59619407771256,3.25);
#861=ELLIPSE('',#3765,4.52548339959391,3.2);
#862=ELLIPSE('',#3771,4.52548339959391,3.2);
#863=ELLIPSE('',#3772,4.52548339959391,3.2);
#864=ELLIPSE('',#3774,4.52548339959391,3.2);
#865=ELLIPSE('',#3778,4.59619407771256,3.25);
#866=ELLIPSE('',#3782,4.59619407771256,3.25);
#867=LINE('',#4871,#1170);
#868=LINE('',#4875,#1171);
#869=LINE('',#4879,#1172);
#870=LINE('',#4885,#1173);
#871=LINE('',#4889,#1174);
#872=LINE('',#4894,#1175);
#873=LINE('',#4899,#1176);
#874=LINE('',#4901,#1177);
#875=LINE('',#4903,#1178);
#876=LINE('',#4905,#1179);
#877=LINE('',#4907,#1180);
#878=LINE('',#4909,#1181);
#879=LINE('',#4911,#1182);
#880=LINE('',#4912,#1183);
#881=LINE('',#4915,#1184);
#882=LINE('',#4917,#1185);
#883=LINE('',#4918,#1186);
#884=LINE('',#4921,#1187);
#885=LINE('',#4923,#1188);
#886=LINE('',#4924,#1189);
#887=LINE('',#4926,#1190);
#888=LINE('',#4927,#1191);
#889=LINE('',#4935,#1192);
#890=LINE('',#4937,#1193);
#891=LINE('',#4939,#1194);
#892=LINE('',#4941,#1195);
#893=LINE('',#4946,#1196);
#894=LINE('',#4954,#1197);
#895=LINE('',#4960,#1198);
#896=LINE('',#4962,#1199);
#897=LINE('',#4963,#1200);
#898=LINE('',#4964,#1201);
#899=LINE('',#4966,#1202);
#900=LINE('',#4967,#1203);
#901=LINE('',#4979,#1204);
#902=LINE('',#4981,#1205);
#903=LINE('',#4983,#1206);
#904=LINE('',#4985,#1207);
#905=LINE('',#4987,#1208);
#906=LINE('',#4989,#1209);
#907=LINE('',#4991,#1210);
#908=LINE('',#4993,#1211);
#909=LINE('',#4995,#1212);
#910=LINE('',#4997,#1213);
#911=LINE('',#4999,#1214);
#912=LINE('',#5001,#1215);
#913=LINE('',#5002,#1216);
#914=LINE('',#5005,#1217);
#915=LINE('',#5007,#1218);
#916=LINE('',#5008,#1219);
#917=LINE('',#5011,#1220);
#918=LINE('',#5012,#1221);
#919=LINE('',#5015,#1222);
#920=LINE('',#5016,#1223);
#921=LINE('',#5019,#1224);
#922=LINE('',#5020,#1225);
#923=LINE('',#5023,#1226);
#924=LINE('',#5024,#1227);
#925=LINE('',#5027,#1228);
#926=LINE('',#5028,#1229);
#927=LINE('',#5032,#1230);
#928=LINE('',#5036,#1231);
#929=LINE('',#5040,#1232);
#930=LINE('',#5044,#1233);
#931=LINE('',#5088,#1234);
#932=LINE('',#5091,#1235);
#933=LINE('',#5096,#1236);
#934=LINE('',#5103,#1237);
#935=LINE('',#5105,#1238);
#936=LINE('',#5106,#1239);
#937=LINE('',#5114,#1240);
#938=LINE('',#5165,#1241);
#939=LINE('',#5173,#1242);
#940=LINE('',#5194,#1243);
#941=LINE('',#5221,#1244);
#942=LINE('',#5248,#1245);
#943=LINE('',#5293,#1246);
#944=LINE('',#5344,#1247);
#945=LINE('',#5395,#1248);
#946=LINE('',#5463,#1249);
#947=LINE('',#5468,#1250);
#948=LINE('',#5476,#1251);
#949=LINE('',#5487,#1252);
#950=LINE('',#5498,#1253);
#951=LINE('',#5506,#1254);
#952=LINE('',#5514,#1255);
#953=LINE('',#5556,#1256);
#954=LINE('',#5560,#1257);
#955=LINE('',#5600,#1258);
#956=LINE('',#5604,#1259);
#957=LINE('',#5644,#1260);
#958=LINE('',#5648,#1261);
#959=LINE('',#5660,#1262);
#960=LINE('',#5671,#1263);
#961=LINE('',#5683,#1264);
#962=LINE('',#5685,#1265);
#963=LINE('',#5687,#1266);
#964=LINE('',#5689,#1267);
#965=LINE('',#5691,#1268);
#966=LINE('',#5692,#1269);
#967=LINE('',#5709,#1270);
#968=LINE('',#5711,#1271);
#969=LINE('',#5713,#1272);
#970=LINE('',#5714,#1273);
#971=LINE('',#5720,#1274);
#972=LINE('',#5724,#1275);
#973=LINE('',#5728,#1276);
#974=LINE('',#5732,#1277);
#975=LINE('',#5749,#1278);
#976=LINE('',#5763,#1279);
#977=LINE('',#5768,#1280);
#978=LINE('',#5776,#1281);
#979=LINE('',#5787,#1282);
#980=LINE('',#5792,#1283);
#981=LINE('',#5800,#1284);
#982=LINE('',#5802,#1285);
#983=LINE('',#5811,#1286);
#984=LINE('',#5814,#1287);
#985=LINE('',#5817,#1288);
#986=LINE('',#5819,#1289);
#987=LINE('',#5822,#1290);
#988=LINE('',#5825,#1291);
#989=LINE('',#5842,#1292);
#990=LINE('',#5849,#1293);
#991=LINE('',#5875,#1294);
#992=LINE('',#5884,#1295);
#993=LINE('',#5886,#1296);
#994=LINE('',#5888,#1297);
#995=LINE('',#5889,#1298);
#996=LINE('',#5904,#1299);
#997=LINE('',#5907,#1300);
#998=LINE('',#5924,#1301);
#999=LINE('',#5927,#1302);
#1000=LINE('',#5929,#1303);
#1001=LINE('',#5931,#1304);
#1002=LINE('',#5932,#1305);
#1003=LINE('',#5934,#1306);
#1004=LINE('',#5935,#1307);
#1005=LINE('',#5938,#1308);
#1006=LINE('',#5939,#1309);
#1007=LINE('',#5942,#1310);
#1008=LINE('',#5943,#1311);
#1009=LINE('',#5946,#1312);
#1010=LINE('',#5949,#1313);
#1011=LINE('',#5952,#1314);
#1012=LINE('',#5959,#1315);
#1013=LINE('',#5966,#1316);
#1014=LINE('',#5970,#1317);
#1015=LINE('',#5971,#1318);
#1016=LINE('',#5973,#1319);
#1017=LINE('',#5974,#1320);
#1018=LINE('',#5976,#1321);
#1019=LINE('',#5981,#1322);
#1020=LINE('',#5982,#1323);
#1021=LINE('',#5984,#1324);
#1022=LINE('',#5987,#1325);
#1023=LINE('',#5988,#1326);
#1024=LINE('',#5991,#1327);
#1025=LINE('',#5993,#1328);
#1026=LINE('',#5996,#1329);
#1027=LINE('',#6019,#1330);
#1028=LINE('',#6028,#1331);
#1029=LINE('',#6052,#1332);
#1030=LINE('',#6061,#1333);
#1031=LINE('',#6095,#1334);
#1032=LINE('',#6119,#1335);
#1033=LINE('',#6133,#1336);
#1034=LINE('',#6134,#1337);
#1035=LINE('',#6136,#1338);
#1036=LINE('',#6137,#1339);
#1037=LINE('',#6146,#1340);
#1038=LINE('',#6147,#1341);
#1039=LINE('',#6149,#1342);
#1040=LINE('',#6158,#1343);
#1041=LINE('',#6173,#1344);
#1042=LINE('',#6188,#1345);
#1043=LINE('',#6197,#1346);
#1044=LINE('',#6200,#1347);
#1045=LINE('',#6209,#1348);
#1046=LINE('',#6259,#1349);
#1047=LINE('',#6290,#1350);
#1048=LINE('',#6340,#1351);
#1049=LINE('',#6347,#1352);
#1050=LINE('',#6369,#1353);
#1051=LINE('',#6371,#1354);
#1052=LINE('',#6373,#1355);
#1053=LINE('',#6375,#1356);
#1054=LINE('',#6376,#1357);
#1055=LINE('',#6382,#1358);
#1056=LINE('',#6383,#1359);
#1057=LINE('',#6387,#1360);
#1058=LINE('',#6390,#1361);
#1059=LINE('',#6394,#1362);
#1060=LINE('',#6396,#1363);
#1061=LINE('',#6397,#1364);
#1062=LINE('',#6398,#1365);
#1063=LINE('',#6400,#1366);
#1064=LINE('',#6405,#1367);
#1065=LINE('',#6407,#1368);
#1066=LINE('',#6409,#1369);
#1067=LINE('',#6411,#1370);
#1068=LINE('',#6412,#1371);
#1069=LINE('',#6416,#1372);
#1070=LINE('',#6419,#1373);
#1071=LINE('',#6424,#1374);
#1072=LINE('',#6426,#1375);
#1073=LINE('',#6430,#1376);
#1074=LINE('',#6432,#1377);
#1075=LINE('',#6433,#1378);
#1076=LINE('',#6434,#1379);
#1077=LINE('',#6437,#1380);
#1078=LINE('',#6441,#1381);
#1079=LINE('',#6443,#1382);
#1080=LINE('',#6445,#1383);
#1081=LINE('',#6447,#1384);
#1082=LINE('',#6448,#1385);
#1083=LINE('',#6451,#1386);
#1084=LINE('',#6456,#1387);
#1085=LINE('',#6460,#1388);
#1086=LINE('',#6462,#1389);
#1087=LINE('',#6466,#1390);
#1088=LINE('',#6468,#1391);
#1089=LINE('',#6469,#1392);
#1090=LINE('',#6470,#1393);
#1091=LINE('',#6472,#1394);
#1092=LINE('',#6477,#1395);
#1093=LINE('',#6479,#1396);
#1094=LINE('',#6481,#1397);
#1095=LINE('',#6483,#1398);
#1096=LINE('',#6484,#1399);
#1097=LINE('',#6488,#1400);
#1098=LINE('',#6491,#1401);
#1099=LINE('',#6495,#1402);
#1100=LINE('',#6497,#1403);
#1101=LINE('',#6498,#1404);
#1102=LINE('',#6499,#1405);
#1103=LINE('',#6503,#1406);
#1104=LINE('',#6505,#1407);
#1105=LINE('',#6509,#1408);
#1106=LINE('',#6513,#1409);
#1107=LINE('',#6515,#1410);
#1108=LINE('',#6516,#1411);
#1109=LINE('',#6518,#1412);
#1110=LINE('',#6519,#1413);
#1111=LINE('',#6523,#1414);
#1112=LINE('',#6525,#1415);
#1113=LINE('',#6526,#1416);
#1114=LINE('',#6528,#1417);
#1115=LINE('',#6529,#1418);
#1116=LINE('',#6534,#1419);
#1117=LINE('',#6537,#1420);
#1118=LINE('',#6541,#1421);
#1119=LINE('',#6543,#1422);
#1120=LINE('',#6544,#1423);
#1121=LINE('',#6546,#1424);
#1122=LINE('',#6547,#1425);
#1123=LINE('',#6551,#1426);
#1124=LINE('',#6553,#1427);
#1125=LINE('',#6554,#1428);
#1126=LINE('',#6556,#1429);
#1127=LINE('',#6557,#1430);
#1128=LINE('',#6562,#1431);
#1129=LINE('',#6564,#1432);
#1130=LINE('',#6571,#1433);
#1131=LINE('',#6572,#1434);
#1132=LINE('',#6574,#1435);
#1133=LINE('',#6575,#1436);
#1134=LINE('',#6579,#1437);
#1135=LINE('',#6581,#1438);
#1136=LINE('',#6582,#1439);
#1137=LINE('',#6583,#1440);
#1138=LINE('',#6591,#1441);
#1139=LINE('',#6592,#1442);
#1140=LINE('',#6594,#1443);
#1141=LINE('',#6595,#1444);
#1142=LINE('',#6599,#1445);
#1143=LINE('',#6601,#1446);
#1144=LINE('',#6602,#1447);
#1145=LINE('',#6603,#1448);
#1146=LINE('',#6631,#1449);
#1147=LINE('',#6633,#1450);
#1148=LINE('',#6634,#1451);
#1149=LINE('',#6636,#1452);
#1150=LINE('',#6638,#1453);
#1151=LINE('',#6640,#1454);
#1152=LINE('',#6647,#1455);
#1153=LINE('',#6654,#1456);
#1154=LINE('',#6661,#1457);
#1155=LINE('',#6669,#1458);
#1156=LINE('',#6671,#1459);
#1157=LINE('',#6672,#1460);
#1158=LINE('',#6676,#1461);
#1159=LINE('',#6678,#1462);
#1160=LINE('',#6680,#1463);
#1161=LINE('',#6682,#1464);
#1162=LINE('',#6684,#1465);
#1163=LINE('',#6686,#1466);
#1164=LINE('',#6688,#1467);
#1165=LINE('',#6690,#1468);
#1166=LINE('',#6693,#1469);
#1167=LINE('',#6695,#1470);
#1168=LINE('',#6697,#1471);
#1169=LINE('',#6699,#1472);
#1170=VECTOR('',#3940,3.25);
#1171=VECTOR('',#3943,10.);
#1172=VECTOR('',#3946,10.);
#1173=VECTOR('',#3951,10.);
#1174=VECTOR('',#3954,3.25);
#1175=VECTOR('',#3959,10.);
#1176=VECTOR('',#3964,10.);
#1177=VECTOR('',#3965,10.);
#1178=VECTOR('',#3966,10.);
#1179=VECTOR('',#3967,10.);
#1180=VECTOR('',#3968,10.);
#1181=VECTOR('',#3969,10.);
#1182=VECTOR('',#3970,10.);
#1183=VECTOR('',#3971,10.);
#1184=VECTOR('',#3974,10.);
#1185=VECTOR('',#3975,10.);
#1186=VECTOR('',#3976,10.);
#1187=VECTOR('',#3979,10.);
#1188=VECTOR('',#3980,10.);
#1189=VECTOR('',#3981,10.);
#1190=VECTOR('',#3984,10.);
#1191=VECTOR('',#3985,10.);
#1192=VECTOR('',#3990,10.);
#1193=VECTOR('',#3991,10.);
#1194=VECTOR('',#3992,10.);
#1195=VECTOR('',#3993,10.);
#1196=VECTOR('',#3994,10.);
#1197=VECTOR('',#3997,10.);
#1198=VECTOR('',#3998,10.);
#1199=VECTOR('',#3999,10.);
#1200=VECTOR('',#4000,10.);
#1201=VECTOR('',#4001,10.);
#1202=VECTOR('',#4004,10.);
#1203=VECTOR('',#4005,10.);
#1204=VECTOR('',#4024,10.);
#1205=VECTOR('',#4025,10.);
#1206=VECTOR('',#4026,10.);
#1207=VECTOR('',#4027,10.);
#1208=VECTOR('',#4028,10.);
#1209=VECTOR('',#4029,10.);
#1210=VECTOR('',#4030,10.);
#1211=VECTOR('',#4031,10.);
#1212=VECTOR('',#4032,10.);
#1213=VECTOR('',#4033,10.);
#1214=VECTOR('',#4034,10.);
#1215=VECTOR('',#4035,10.);
#1216=VECTOR('',#4036,10.);
#1217=VECTOR('',#4039,10.);
#1218=VECTOR('',#4040,10.);
#1219=VECTOR('',#4041,10.);
#1220=VECTOR('',#4044,10.);
#1221=VECTOR('',#4045,10.);
#1222=VECTOR('',#4048,10.);
#1223=VECTOR('',#4049,10.);
#1224=VECTOR('',#4052,10.);
#1225=VECTOR('',#4053,10.);
#1226=VECTOR('',#4056,10.);
#1227=VECTOR('',#4057,10.);
#1228=VECTOR('',#4060,10.);
#1229=VECTOR('',#4061,10.);
#1230=VECTOR('',#4064,10.);
#1231=VECTOR('',#4067,10.);
#1232=VECTOR('',#4070,10.);
#1233=VECTOR('',#4073,10.);
#1234=VECTOR('',#4078,10.);
#1235=VECTOR('',#4081,10.);
#1236=VECTOR('',#4086,10.);
#1237=VECTOR('',#4097,10.);
#1238=VECTOR('',#4098,10.);
#1239=VECTOR('',#4099,10.);
#1240=VECTOR('',#4110,1.1);
#1241=VECTOR('',#4115,10.);
#1242=VECTOR('',#4116,10.);
#1243=VECTOR('',#4117,10.);
#1244=VECTOR('',#4118,10.);
#1245=VECTOR('',#4119,10.);
#1246=VECTOR('',#4120,10.);
#1247=VECTOR('',#4121,10.);
#1248=VECTOR('',#4122,10.);
#1249=VECTOR('',#4123,10.);
#1250=VECTOR('',#4124,10.);
#1251=VECTOR('',#4125,10.);
#1252=VECTOR('',#4126,10.);
#1253=VECTOR('',#4127,10.);
#1254=VECTOR('',#4132,3.09000001490116);
#1255=VECTOR('',#4143,3.09000001490116);
#1256=VECTOR('',#4162,1.1);
#1257=VECTOR('',#4167,1.6);
#1258=VECTOR('',#4182,1.1);
#1259=VECTOR('',#4187,1.6);
#1260=VECTOR('',#4202,1.1);
#1261=VECTOR('',#4207,1.6);
#1262=VECTOR('',#4216,10.);
#1263=VECTOR('',#4217,10.);
#1264=VECTOR('',#4220,10.);
#1265=VECTOR('',#4221,10.);
#1266=VECTOR('',#4222,10.);
#1267=VECTOR('',#4223,10.);
#1268=VECTOR('',#4224,10.);
#1269=VECTOR('',#4225,10.);
#1270=VECTOR('',#4240,10.);
#1271=VECTOR('',#4241,10.);
#1272=VECTOR('',#4242,10.);
#1273=VECTOR('',#4243,10.);
#1274=VECTOR('',#4250,1.6);
#1275=VECTOR('',#4255,1.6);
#1276=VECTOR('',#4260,1.6);
#1277=VECTOR('',#4265,1.6);
#1278=VECTOR('',#4280,10.);
#1279=VECTOR('',#4281,10.);
#1280=VECTOR('',#4282,10.);
#1281=VECTOR('',#4283,10.);
#1282=VECTOR('',#4284,10.);
#1283=VECTOR('',#4285,10.);
#1284=VECTOR('',#4286,10.);
#1285=VECTOR('',#4287,10.);
#1286=VECTOR('',#4292,10.);
#1287=VECTOR('',#4295,10.);
#1288=VECTOR('',#4298,10.);
#1289=VECTOR('',#4299,10.);
#1290=VECTOR('',#4302,10.);
#1291=VECTOR('',#4305,10.);
#1292=VECTOR('',#4306,10.);
#1293=VECTOR('',#4307,10.);
#1294=VECTOR('',#4308,10.);
#1295=VECTOR('',#4311,10.);
#1296=VECTOR('',#4312,10.);
#1297=VECTOR('',#4313,10.);
#1298=VECTOR('',#4314,10.);
#1299=VECTOR('',#4327,10.);
#1300=VECTOR('',#4330,10.);
#1301=VECTOR('',#4345,10.);
#1302=VECTOR('',#4348,10.);
#1303=VECTOR('',#4349,10.);
#1304=VECTOR('',#4350,10.);
#1305=VECTOR('',#4351,10.);
#1306=VECTOR('',#4352,10.);
#1307=VECTOR('',#4353,10.);
#1308=VECTOR('',#4356,10.);
#1309=VECTOR('',#4357,10.);
#1310=VECTOR('',#4360,10.);
#1311=VECTOR('',#4361,10.);
#1312=VECTOR('',#4364,10.);
#1313=VECTOR('',#4367,10.);
#1314=VECTOR('',#4370,10.);
#1315=VECTOR('',#4377,10.);
#1316=VECTOR('',#4384,10.);
#1317=VECTOR('',#4389,10.);
#1318=VECTOR('',#4390,10.);
#1319=VECTOR('',#4393,10.);
#1320=VECTOR('',#4394,10.);
#1321=VECTOR('',#4397,10.);
#1322=VECTOR('',#4402,10.);
#1323=VECTOR('',#4403,10.);
#1324=VECTOR('',#4406,10.);
#1325=VECTOR('',#4409,10.);
#1326=VECTOR('',#4410,10.);
#1327=VECTOR('',#4415,10.);
#1328=VECTOR('',#4418,10.);
#1329=VECTOR('',#4423,10.);
#1330=VECTOR('',#4426,10.);
#1331=VECTOR('',#4427,10.);
#1332=VECTOR('',#4428,10.);
#1333=VECTOR('',#4429,10.);
#1334=VECTOR('',#4430,10.);
#1335=VECTOR('',#4431,10.);
#1336=VECTOR('',#4434,10.);
#1337=VECTOR('',#4435,10.);
#1338=VECTOR('',#4438,10.);
#1339=VECTOR('',#4439,10.);
#1340=VECTOR('',#4440,10.);
#1341=VECTOR('',#4441,10.);
#1342=VECTOR('',#4444,10.);
#1343=VECTOR('',#4445,10.);
#1344=VECTOR('',#4446,10.);
#1345=VECTOR('',#4447,10.);
#1346=VECTOR('',#4448,10.);
#1347=VECTOR('',#4453,10.);
#1348=VECTOR('',#4454,10.);
#1349=VECTOR('',#4469,10.);
#1350=VECTOR('',#4488,10.);
#1351=VECTOR('',#4511,10.);
#1352=VECTOR('',#4520,10.);
#1353=VECTOR('',#4535,10.);
#1354=VECTOR('',#4536,10.);
#1355=VECTOR('',#4537,10.);
#1356=VECTOR('',#4538,10.);
#1357=VECTOR('',#4539,10.);
#1358=VECTOR('',#4544,10.);
#1359=VECTOR('',#4545,10.);
#1360=VECTOR('',#4550,10.);
#1361=VECTOR('',#4555,10.);
#1362=VECTOR('',#4558,10.);
#1363=VECTOR('',#4559,10.);
#1364=VECTOR('',#4560,10.);
#1365=VECTOR('',#4561,10.);
#1366=VECTOR('',#4564,10.);
#1367=VECTOR('',#4569,10.);
#1368=VECTOR('',#4570,10.);
#1369=VECTOR('',#4571,10.);
#1370=VECTOR('',#4572,10.);
#1371=VECTOR('',#4573,10.);
#1372=VECTOR('',#4578,10.);
#1373=VECTOR('',#4581,10.);
#1374=VECTOR('',#4586,10.);
#1375=VECTOR('',#4589,10.);
#1376=VECTOR('',#4592,10.);
#1377=VECTOR('',#4593,10.);
#1378=VECTOR('',#4594,10.);
#1379=VECTOR('',#4595,10.);
#1380=VECTOR('',#4600,10.);
#1381=VECTOR('',#4603,10.);
#1382=VECTOR('',#4604,10.);
#1383=VECTOR('',#4605,10.);
#1384=VECTOR('',#4606,10.);
#1385=VECTOR('',#4607,10.);
#1386=VECTOR('',#4610,10.);
#1387=VECTOR('',#4617,10.);
#1388=VECTOR('',#4620,10.);
#1389=VECTOR('',#4623,10.);
#1390=VECTOR('',#4626,10.);
#1391=VECTOR('',#4627,10.);
#1392=VECTOR('',#4628,10.);
#1393=VECTOR('',#4629,10.);
#1394=VECTOR('',#4632,10.);
#1395=VECTOR('',#4637,10.);
#1396=VECTOR('',#4638,10.);
#1397=VECTOR('',#4639,10.);
#1398=VECTOR('',#4640,10.);
#1399=VECTOR('',#4641,10.);
#1400=VECTOR('',#4644,10.);
#1401=VECTOR('',#4647,10.);
#1402=VECTOR('',#4650,10.);
#1403=VECTOR('',#4651,10.);
#1404=VECTOR('',#4652,10.);
#1405=VECTOR('',#4653,10.);
#1406=VECTOR('',#4658,10.);
#1407=VECTOR('',#4661,10.);
#1408=VECTOR('',#4668,10.);
#1409=VECTOR('',#4671,10.);
#1410=VECTOR('',#4672,10.);
#1411=VECTOR('',#4673,10.);
#1412=VECTOR('',#4674,10.);
#1413=VECTOR('',#4675,10.);
#1414=VECTOR('',#4678,10.);
#1415=VECTOR('',#4679,10.);
#1416=VECTOR('',#4680,10.);
#1417=VECTOR('',#4681,10.);
#1418=VECTOR('',#4682,10.);
#1419=VECTOR('',#4689,10.);
#1420=VECTOR('',#4692,10.);
#1421=VECTOR('',#4695,10.);
#1422=VECTOR('',#4696,10.);
#1423=VECTOR('',#4697,10.);
#1424=VECTOR('',#4698,10.);
#1425=VECTOR('',#4699,10.);
#1426=VECTOR('',#4702,10.);
#1427=VECTOR('',#4703,10.);
#1428=VECTOR('',#4704,10.);
#1429=VECTOR('',#4705,10.);
#1430=VECTOR('',#4706,10.);
#1431=VECTOR('',#4713,10.);
#1432=VECTOR('',#4714,10.);
#1433=VECTOR('',#4723,10.);
#1434=VECTOR('',#4724,10.);
#1435=VECTOR('',#4725,10.);
#1436=VECTOR('',#4726,10.);
#1437=VECTOR('',#4729,10.);
#1438=VECTOR('',#4730,10.);
#1439=VECTOR('',#4731,10.);
#1440=VECTOR('',#4732,10.);
#1441=VECTOR('',#4743,10.);
#1442=VECTOR('',#4744,10.);
#1443=VECTOR('',#4745,10.);
#1444=VECTOR('',#4746,10.);
#1445=VECTOR('',#4749,10.);
#1446=VECTOR('',#4750,10.);
#1447=VECTOR('',#4751,10.);
#1448=VECTOR('',#4752,10.);
#1449=VECTOR('',#4799,1.6);
#1450=VECTOR('',#4802,10.);
#1451=VECTOR('',#4803,10.);
#1452=VECTOR('',#4806,1.6);
#1453=VECTOR('',#4809,1.6);
#1454=VECTOR('',#4812,1.6);
#1455=VECTOR('',#4813,10.);
#1456=VECTOR('',#4814,10.);
#1457=VECTOR('',#4815,10.);
#1458=VECTOR('',#4818,10.);
#1459=VECTOR('',#4821,10.);
#1460=VECTOR('',#4822,10.);
#1461=VECTOR('',#4829,3.25);
#1462=VECTOR('',#4832,3.25);
#1463=VECTOR('',#4835,3.25);
#1464=VECTOR('',#4838,3.24999999999999);
#1465=VECTOR('',#4841,3.24999999999999);
#1466=VECTOR('',#4844,3.24999999999999);
#1467=VECTOR('',#4847,3.24999999999999);
#1468=VECTOR('',#4850,10.);
#1469=VECTOR('',#4855,10.);
#1470=VECTOR('',#4858,10.);
#1471=VECTOR('',#4861,10.);
#1472=VECTOR('',#4864,10.);
#1473=VERTEX_POINT('',#4869);
#1474=VERTEX_POINT('',#4870);
#1475=VERTEX_POINT('',#4872);
#1476=VERTEX_POINT('',#4874);
#1477=VERTEX_POINT('',#4876);
#1478=VERTEX_POINT('',#4878);
#1479=VERTEX_POINT('',#4880);
#1480=VERTEX_POINT('',#4882);
#1481=VERTEX_POINT('',#4884);
#1482=VERTEX_POINT('',#4886);
#1483=VERTEX_POINT('',#4888);
#1484=VERTEX_POINT('',#4891);
#1485=VERTEX_POINT('',#4893);
#1486=VERTEX_POINT('',#4897);
#1487=VERTEX_POINT('',#4898);
#1488=VERTEX_POINT('',#4900);
#1489=VERTEX_POINT('',#4902);
#1490=VERTEX_POINT('',#4904);
#1491=VERTEX_POINT('',#4906);
#1492=VERTEX_POINT('',#4908);
#1493=VERTEX_POINT('',#4910);
#1494=VERTEX_POINT('',#4914);
#1495=VERTEX_POINT('',#4916);
#1496=VERTEX_POINT('',#4920);
#1497=VERTEX_POINT('',#4922);
#1498=VERTEX_POINT('',#4930);
#1499=VERTEX_POINT('',#4931);
#1500=VERTEX_POINT('',#4936);
#1501=VERTEX_POINT('',#4938);
#1502=VERTEX_POINT('',#4940);
#1503=VERTEX_POINT('',#4942);
#1504=VERTEX_POINT('',#4948);
#1505=VERTEX_POINT('',#4949);
#1506=VERTEX_POINT('',#4953);
#1507=VERTEX_POINT('',#4955);
#1508=VERTEX_POINT('',#4959);
#1509=VERTEX_POINT('',#4961);
#1510=VERTEX_POINT('',#4977);
#1511=VERTEX_POINT('',#4978);
#1512=VERTEX_POINT('',#4980);
#1513=VERTEX_POINT('',#4982);
#1514=VERTEX_POINT('',#4984);
#1515=VERTEX_POINT('',#4986);
#1516=VERTEX_POINT('',#4988);
#1517=VERTEX_POINT('',#4990);
#1518=VERTEX_POINT('',#4992);
#1519=VERTEX_POINT('',#4994);
#1520=VERTEX_POINT('',#4996);
#1521=VERTEX_POINT('',#4998);
#1522=VERTEX_POINT('',#5000);
#1523=VERTEX_POINT('',#5004);
#1524=VERTEX_POINT('',#5006);
#1525=VERTEX_POINT('',#5010);
#1526=VERTEX_POINT('',#5014);
#1527=VERTEX_POINT('',#5018);
#1528=VERTEX_POINT('',#5022);
#1529=VERTEX_POINT('',#5026);
#1530=VERTEX_POINT('',#5030);
#1531=VERTEX_POINT('',#5031);
#1532=VERTEX_POINT('',#5033);
#1533=VERTEX_POINT('',#5035);
#1534=VERTEX_POINT('',#5037);
#1535=VERTEX_POINT('',#5039);
#1536=VERTEX_POINT('',#5041);
#1537=VERTEX_POINT('',#5043);
#1538=VERTEX_POINT('',#5045);
#1539=VERTEX_POINT('',#5060);
#1540=VERTEX_POINT('',#5084);
#1541=VERTEX_POINT('',#5085);
#1542=VERTEX_POINT('',#5087);
#1543=VERTEX_POINT('',#5089);
#1544=VERTEX_POINT('',#5093);
#1545=VERTEX_POINT('',#5095);
#1546=VERTEX_POINT('',#5102);
#1547=VERTEX_POINT('',#5104);
#1548=VERTEX_POINT('',#5111);
#1549=VERTEX_POINT('',#5113);
#1550=VERTEX_POINT('',#5156);
#1551=VERTEX_POINT('',#5157);
#1552=VERTEX_POINT('',#5164);
#1553=VERTEX_POINT('',#5166);
#1554=VERTEX_POINT('',#5186);
#1555=VERTEX_POINT('',#5193);
#1556=VERTEX_POINT('',#5213);
#1557=VERTEX_POINT('',#5220);
#1558=VERTEX_POINT('',#5240);
#1559=VERTEX_POINT('',#5247);
#1560=VERTEX_POINT('',#5279);
#1561=VERTEX_POINT('',#5292);
#1562=VERTEX_POINT('',#5330);
#1563=VERTEX_POINT('',#5343);
#1564=VERTEX_POINT('',#5381);
#1565=VERTEX_POINT('',#5394);
#1566=VERTEX_POINT('',#5462);
#1567=VERTEX_POINT('',#5464);
#1568=VERTEX_POINT('',#5475);
#1569=VERTEX_POINT('',#5486);
#1570=VERTEX_POINT('',#5497);
#1571=VERTEX_POINT('',#5503);
#1572=VERTEX_POINT('',#5505);
#1573=VERTEX_POINT('',#5511);
#1574=VERTEX_POINT('',#5513);
#1575=VERTEX_POINT('',#5544);
#1576=VERTEX_POINT('',#5545);
#1577=VERTEX_POINT('',#5547);
#1578=VERTEX_POINT('',#5549);
#1579=VERTEX_POINT('',#5554);
#1580=VERTEX_POINT('',#5558);
#1581=VERTEX_POINT('',#5588);
#1582=VERTEX_POINT('',#5589);
#1583=VERTEX_POINT('',#5591);
#1584=VERTEX_POINT('',#5593);
#1585=VERTEX_POINT('',#5598);
#1586=VERTEX_POINT('',#5602);
#1587=VERTEX_POINT('',#5632);
#1588=VERTEX_POINT('',#5633);
#1589=VERTEX_POINT('',#5635);
#1590=VERTEX_POINT('',#5637);
#1591=VERTEX_POINT('',#5642);
#1592=VERTEX_POINT('',#5646);
#1593=VERTEX_POINT('',#5659);
#1594=VERTEX_POINT('',#5670);
#1595=VERTEX_POINT('',#5676);
#1596=VERTEX_POINT('',#5684);
#1597=VERTEX_POINT('',#5686);
#1598=VERTEX_POINT('',#5688);
#1599=VERTEX_POINT('',#5690);
#1600=VERTEX_POINT('',#5693);
#1601=VERTEX_POINT('',#5695);
#1602=VERTEX_POINT('',#5697);
#1603=VERTEX_POINT('',#5699);
#1604=VERTEX_POINT('',#5701);
#1605=VERTEX_POINT('',#5703);
#1606=VERTEX_POINT('',#5705);
#1607=VERTEX_POINT('',#5707);
#1608=VERTEX_POINT('',#5708);
#1609=VERTEX_POINT('',#5710);
#1610=VERTEX_POINT('',#5712);
#1611=VERTEX_POINT('',#5715);
#1612=VERTEX_POINT('',#5718);
#1613=VERTEX_POINT('',#5722);
#1614=VERTEX_POINT('',#5726);
#1615=VERTEX_POINT('',#5730);
#1616=VERTEX_POINT('',#5734);
#1617=VERTEX_POINT('',#5737);
#1618=VERTEX_POINT('',#5740);
#1619=VERTEX_POINT('',#5762);
#1620=VERTEX_POINT('',#5764);
#1621=VERTEX_POINT('',#5775);
#1622=VERTEX_POINT('',#5786);
#1623=VERTEX_POINT('',#5788);
#1624=VERTEX_POINT('',#5799);
#1625=VERTEX_POINT('',#5801);
#1626=VERTEX_POINT('',#5807);
#1627=VERTEX_POINT('',#5808);
#1628=VERTEX_POINT('',#5810);
#1629=VERTEX_POINT('',#5812);
#1630=VERTEX_POINT('',#5816);
#1631=VERTEX_POINT('',#5818);
#1632=VERTEX_POINT('',#5820);
#1633=VERTEX_POINT('',#5824);
#1634=VERTEX_POINT('',#5826);
#1635=VERTEX_POINT('',#5830);
#1636=VERTEX_POINT('',#5834);
#1637=VERTEX_POINT('',#5841);
#1638=VERTEX_POINT('',#5843);
#1639=VERTEX_POINT('',#5848);
#1640=VERTEX_POINT('',#5850);
#1641=VERTEX_POINT('',#5855);
#1642=VERTEX_POINT('',#5862);
#1643=VERTEX_POINT('',#5869);
#1644=VERTEX_POINT('',#5874);
#1645=VERTEX_POINT('',#5880);
#1646=VERTEX_POINT('',#5882);
#1647=VERTEX_POINT('',#5883);
#1648=VERTEX_POINT('',#5885);
#1649=VERTEX_POINT('',#5887);
#1650=VERTEX_POINT('',#5890);
#1651=VERTEX_POINT('',#5892);
#1652=VERTEX_POINT('',#5894);
#1653=VERTEX_POINT('',#5896);
#1654=VERTEX_POINT('',#5897);
#1655=VERTEX_POINT('',#5899);
#1656=VERTEX_POINT('',#5901);
#1657=VERTEX_POINT('',#5903);
#1658=VERTEX_POINT('',#5905);
#1659=VERTEX_POINT('',#5908);
#1660=VERTEX_POINT('',#5909);
#1661=VERTEX_POINT('',#5911);
#1662=VERTEX_POINT('',#5913);
#1663=VERTEX_POINT('',#5915);
#1664=VERTEX_POINT('',#5917);
#1665=VERTEX_POINT('',#5919);
#1666=VERTEX_POINT('',#5921);
#1667=VERTEX_POINT('',#5923);
#1668=VERTEX_POINT('',#5925);
#1669=VERTEX_POINT('',#5928);
#1670=VERTEX_POINT('',#5930);
#1671=VERTEX_POINT('',#5933);
#1672=VERTEX_POINT('',#5937);
#1673=VERTEX_POINT('',#5941);
#1674=VERTEX_POINT('',#5945);
#1675=VERTEX_POINT('',#5947);
#1676=VERTEX_POINT('',#5951);
#1677=VERTEX_POINT('',#5955);
#1678=VERTEX_POINT('',#5956);
#1679=VERTEX_POINT('',#5958);
#1680=VERTEX_POINT('',#5960);
#1681=VERTEX_POINT('',#5962);
#1682=VERTEX_POINT('',#5964);
#1683=VERTEX_POINT('',#5968);
#1684=VERTEX_POINT('',#5978);
#1685=VERTEX_POINT('',#5980);
#1686=VERTEX_POINT('',#5986);
#1687=VERTEX_POINT('',#6010);
#1688=VERTEX_POINT('',#6011);
#1689=VERTEX_POINT('',#6018);
#1690=VERTEX_POINT('',#6020);
#1691=VERTEX_POINT('',#6027);
#1692=VERTEX_POINT('',#6045);
#1693=VERTEX_POINT('',#6046);
#1694=VERTEX_POINT('',#6051);
#1695=VERTEX_POINT('',#6053);
#1696=VERTEX_POINT('',#6060);
#1697=VERTEX_POINT('',#6080);
#1698=VERTEX_POINT('',#6087);
#1699=VERTEX_POINT('',#6094);
#1700=VERTEX_POINT('',#6112);
#1701=VERTEX_POINT('',#6113);
#1702=VERTEX_POINT('',#6118);
#1703=VERTEX_POINT('',#6212);
#1704=VERTEX_POINT('',#6213);
#1705=VERTEX_POINT('',#6228);
#1706=VERTEX_POINT('',#6233);
#1707=VERTEX_POINT('',#6237);
#1708=VERTEX_POINT('',#6239);
#1709=VERTEX_POINT('',#6256);
#1710=VERTEX_POINT('',#6258);
#1711=VERTEX_POINT('',#6262);
#1712=VERTEX_POINT('',#6264);
#1713=VERTEX_POINT('',#6289);
#1714=VERTEX_POINT('',#6294);
#1715=VERTEX_POINT('',#6305);
#1716=VERTEX_POINT('',#6306);
#1717=VERTEX_POINT('',#6321);
#1718=VERTEX_POINT('',#6326);
#1719=VERTEX_POINT('',#6331);
#1720=VERTEX_POINT('',#6337);
#1721=VERTEX_POINT('',#6339);
#1722=VERTEX_POINT('',#6343);
#1723=VERTEX_POINT('',#6345);
#1724=VERTEX_POINT('',#6367);
#1725=VERTEX_POINT('',#6368);
#1726=VERTEX_POINT('',#6370);
#1727=VERTEX_POINT('',#6372);
#1728=VERTEX_POINT('',#6374);
#1729=VERTEX_POINT('',#6378);
#1730=VERTEX_POINT('',#6379);
#1731=VERTEX_POINT('',#6381);
#1732=VERTEX_POINT('',#6385);
#1733=VERTEX_POINT('',#6392);
#1734=VERTEX_POINT('',#6393);
#1735=VERTEX_POINT('',#6395);
#1736=VERTEX_POINT('',#6403);
#1737=VERTEX_POINT('',#6404);
#1738=VERTEX_POINT('',#6406);
#1739=VERTEX_POINT('',#6408);
#1740=VERTEX_POINT('',#6410);
#1741=VERTEX_POINT('',#6414);
#1742=VERTEX_POINT('',#6418);
#1743=VERTEX_POINT('',#6422);
#1744=VERTEX_POINT('',#6423);
#1745=VERTEX_POINT('',#6428);
#1746=VERTEX_POINT('',#6429);
#1747=VERTEX_POINT('',#6431);
#1748=VERTEX_POINT('',#6439);
#1749=VERTEX_POINT('',#6440);
#1750=VERTEX_POINT('',#6442);
#1751=VERTEX_POINT('',#6444);
#1752=VERTEX_POINT('',#6446);
#1753=VERTEX_POINT('',#6450);
#1754=VERTEX_POINT('',#6454);
#1755=VERTEX_POINT('',#6458);
#1756=VERTEX_POINT('',#6459);
#1757=VERTEX_POINT('',#6464);
#1758=VERTEX_POINT('',#6465);
#1759=VERTEX_POINT('',#6467);
#1760=VERTEX_POINT('',#6475);
#1761=VERTEX_POINT('',#6476);
#1762=VERTEX_POINT('',#6478);
#1763=VERTEX_POINT('',#6480);
#1764=VERTEX_POINT('',#6482);
#1765=VERTEX_POINT('',#6486);
#1766=VERTEX_POINT('',#6487);
#1767=VERTEX_POINT('',#6489);
#1768=VERTEX_POINT('',#6493);
#1769=VERTEX_POINT('',#6494);
#1770=VERTEX_POINT('',#6496);
#1771=VERTEX_POINT('',#6501);
#1772=VERTEX_POINT('',#6511);
#1773=VERTEX_POINT('',#6512);
#1774=VERTEX_POINT('',#6514);
#1775=VERTEX_POINT('',#6517);
#1776=VERTEX_POINT('',#6521);
#1777=VERTEX_POINT('',#6522);
#1778=VERTEX_POINT('',#6524);
#1779=VERTEX_POINT('',#6527);
#1780=VERTEX_POINT('',#6533);
#1781=VERTEX_POINT('',#6535);
#1782=VERTEX_POINT('',#6539);
#1783=VERTEX_POINT('',#6540);
#1784=VERTEX_POINT('',#6542);
#1785=VERTEX_POINT('',#6545);
#1786=VERTEX_POINT('',#6549);
#1787=VERTEX_POINT('',#6550);
#1788=VERTEX_POINT('',#6552);
#1789=VERTEX_POINT('',#6555);
#1790=VERTEX_POINT('',#6561);
#1791=VERTEX_POINT('',#6563);
#1792=VERTEX_POINT('',#6569);
#1793=VERTEX_POINT('',#6570);
#1794=VERTEX_POINT('',#6573);
#1795=VERTEX_POINT('',#6577);
#1796=VERTEX_POINT('',#6578);
#1797=VERTEX_POINT('',#6580);
#1798=VERTEX_POINT('',#6589);
#1799=VERTEX_POINT('',#6590);
#1800=VERTEX_POINT('',#6593);
#1801=VERTEX_POINT('',#6597);
#1802=VERTEX_POINT('',#6598);
#1803=VERTEX_POINT('',#6600);
#1804=VERTEX_POINT('',#6615);
#1805=VERTEX_POINT('',#6619);
#1806=VERTEX_POINT('',#6623);
#1807=VERTEX_POINT('',#6627);
#1808=EDGE_CURVE('',#1473,#1474,#867,.T.);
#1809=EDGE_CURVE('',#1475,#1473,#857,.T.);
#1810=EDGE_CURVE('',#1476,#1475,#868,.T.);
#1811=EDGE_CURVE('',#1477,#1476,#717,.T.);
#1812=EDGE_CURVE('',#1478,#1477,#869,.T.);
#1813=EDGE_CURVE('',#1479,#1478,#858,.T.);
#1814=EDGE_CURVE('',#1480,#1479,#859,.T.);
#1815=EDGE_CURVE('',#1481,#1480,#870,.T.);
#1816=EDGE_CURVE('',#1482,#1481,#718,.T.);
#1817=EDGE_CURVE('',#1482,#1483,#871,.T.);
#1818=EDGE_CURVE('',#1483,#1483,#719,.F.);
#1819=EDGE_CURVE('',#1484,#1482,#720,.T.);
#1820=EDGE_CURVE('',#1485,#1484,#872,.T.);
#1821=EDGE_CURVE('',#1474,#1485,#860,.T.);
#1822=EDGE_CURVE('',#1486,#1487,#873,.T.);
#1823=EDGE_CURVE('',#1488,#1486,#874,.T.);
#1824=EDGE_CURVE('',#1488,#1489,#875,.T.);
#1825=EDGE_CURVE('',#1489,#1490,#876,.T.);
#1826=EDGE_CURVE('',#1491,#1490,#877,.T.);
#1827=EDGE_CURVE('',#1492,#1491,#878,.T.);
#1828=EDGE_CURVE('',#1492,#1493,#879,.T.);
#1829=EDGE_CURVE('',#1493,#1487,#880,.T.);
#1830=EDGE_CURVE('',#1494,#1488,#881,.T.);
#1831=EDGE_CURVE('',#1494,#1495,#882,.T.);
#1832=EDGE_CURVE('',#1495,#1489,#883,.T.);
#1833=EDGE_CURVE('',#1496,#1494,#884,.T.);
#1834=EDGE_CURVE('',#1496,#1497,#885,.T.);
#1835=EDGE_CURVE('',#1497,#1495,#886,.T.);
#1836=EDGE_CURVE('',#1491,#1496,#887,.T.);
#1837=EDGE_CURVE('',#1490,#1497,#888,.T.);
#1838=EDGE_CURVE('',#1498,#1499,#145,.T.);
#1839=EDGE_CURVE('',#1486,#1498,#889,.T.);
#1840=EDGE_CURVE('',#1487,#1500,#890,.T.);
#1841=EDGE_CURVE('',#1501,#1500,#891,.T.);
#1842=EDGE_CURVE('',#1502,#1501,#892,.T.);
#1843=EDGE_CURVE('',#1503,#1502,#146,.T.);
#1844=EDGE_CURVE('',#1499,#1503,#893,.T.);
#1845=EDGE_CURVE('',#1504,#1505,#147,.T.);
#1846=EDGE_CURVE('',#1506,#1504,#894,.T.);
#1847=EDGE_CURVE('',#1507,#1506,#148,.T.);
#1848=EDGE_CURVE('',#1508,#1507,#895,.T.);
#1849=EDGE_CURVE('',#1508,#1509,#896,.T.);
#1850=EDGE_CURVE('',#1509,#1493,#897,.T.);
#1851=EDGE_CURVE('',#1505,#1492,#898,.T.);
#1852=EDGE_CURVE('',#1501,#1508,#899,.T.);
#1853=EDGE_CURVE('',#1500,#1509,#900,.T.);
#1854=EDGE_CURVE('',#1507,#1505,#721,.T.);
#1855=EDGE_CURVE('',#1506,#1504,#722,.T.);
#1856=EDGE_CURVE('',#1499,#1503,#723,.T.);
#1857=EDGE_CURVE('',#1498,#1502,#724,.T.);
#1858=EDGE_CURVE('',#1510,#1511,#901,.T.);
#1859=EDGE_CURVE('',#1512,#1510,#902,.T.);
#1860=EDGE_CURVE('',#1513,#1512,#903,.T.);
#1861=EDGE_CURVE('',#1514,#1513,#904,.T.);
#1862=EDGE_CURVE('',#1515,#1514,#905,.T.);
#1863=EDGE_CURVE('',#1516,#1515,#906,.T.);
#1864=EDGE_CURVE('',#1517,#1516,#907,.T.);
#1865=EDGE_CURVE('',#1518,#1517,#908,.T.);
#1866=EDGE_CURVE('',#1519,#1518,#909,.T.);
#1867=EDGE_CURVE('',#1520,#1519,#910,.T.);
#1868=EDGE_CURVE('',#1521,#1520,#911,.T.);
#1869=EDGE_CURVE('',#1522,#1521,#912,.T.);
#1870=EDGE_CURVE('',#1511,#1522,#913,.T.);
#1871=EDGE_CURVE('',#1523,#1515,#914,.T.);
#1872=EDGE_CURVE('',#1524,#1523,#915,.T.);
#1873=EDGE_CURVE('',#1524,#1516,#916,.T.);
#1874=EDGE_CURVE('',#1525,#1514,#917,.T.);
#1875=EDGE_CURVE('',#1523,#1525,#918,.T.);
#1876=EDGE_CURVE('',#1526,#1513,#919,.T.);
#1877=EDGE_CURVE('',#1525,#1526,#920,.T.);
#1878=EDGE_CURVE('',#1527,#1512,#921,.T.);
#1879=EDGE_CURVE('',#1526,#1527,#922,.T.);
#1880=EDGE_CURVE('',#1528,#1510,#923,.T.);
#1881=EDGE_CURVE('',#1527,#1528,#924,.T.);
#1882=EDGE_CURVE('',#1529,#1511,#925,.T.);
#1883=EDGE_CURVE('',#1528,#1529,#926,.T.);
#1884=EDGE_CURVE('',#1530,#1531,#927,.T.);
#1885=EDGE_CURVE('',#1532,#1530,#725,.T.);
#1886=EDGE_CURVE('',#1532,#1533,#928,.T.);
#1887=EDGE_CURVE('',#1533,#1534,#726,.T.);
#1888=EDGE_CURVE('',#1535,#1534,#929,.T.);
#1889=EDGE_CURVE('',#1536,#1535,#727,.T.);
#1890=EDGE_CURVE('',#1537,#1536,#930,.T.);
#1891=EDGE_CURVE('',#1538,#1537,#81,.T.);
#1892=EDGE_CURVE('',#1539,#1538,#82,.T.);
#1893=EDGE_CURVE('',#1531,#1539,#83,.T.);
#1894=EDGE_CURVE('',#1540,#1541,#728,.T.);
#1895=EDGE_CURVE('',#1540,#1542,#931,.T.);
#1896=EDGE_CURVE('',#1542,#1543,#729,.T.);
#1897=EDGE_CURVE('',#1541,#1543,#932,.T.);
#1898=EDGE_CURVE('',#1544,#1540,#730,.T.);
#1899=EDGE_CURVE('',#1544,#1545,#933,.T.);
#1900=EDGE_CURVE('',#1545,#1542,#731,.T.);
#1901=EDGE_CURVE('',#1541,#1532,#732,.T.);
#1902=EDGE_CURVE('',#1543,#1533,#733,.T.);
#1903=EDGE_CURVE('',#1546,#1545,#934,.T.);
#1904=EDGE_CURVE('',#1547,#1546,#935,.T.);
#1905=EDGE_CURVE('',#1534,#1547,#936,.T.);
#1906=EDGE_CURVE('',#1537,#1531,#734,.T.);
#1907=EDGE_CURVE('',#1530,#1536,#735,.T.);
#1908=EDGE_CURVE('',#1548,#1548,#736,.T.);
#1909=EDGE_CURVE('',#1548,#1549,#937,.T.);
#1910=EDGE_CURVE('',#1539,#1549,#737,.T.);
#1911=EDGE_CURVE('',#1549,#1538,#738,.T.);
#1912=EDGE_CURVE('',#1550,#1551,#84,.T.);
#1913=EDGE_CURVE('',#1552,#1550,#938,.T.);
#1914=EDGE_CURVE('',#1552,#1553,#85,.T.);
#1915=EDGE_CURVE('',#1553,#1551,#939,.T.);
#1916=EDGE_CURVE('',#1554,#1550,#86,.T.);
#1917=EDGE_CURVE('',#1555,#1554,#940,.T.);
#1918=EDGE_CURVE('',#1555,#1552,#87,.T.);
#1919=EDGE_CURVE('',#1556,#1554,#88,.T.);
#1920=EDGE_CURVE('',#1557,#1556,#941,.T.);
#1921=EDGE_CURVE('',#1557,#1555,#89,.T.);
#1922=EDGE_CURVE('',#1558,#1556,#90,.T.);
#1923=EDGE_CURVE('',#1559,#1558,#942,.T.);
#1924=EDGE_CURVE('',#1559,#1557,#91,.T.);
#1925=EDGE_CURVE('',#1560,#1558,#92,.T.);
#1926=EDGE_CURVE('',#1561,#1560,#943,.T.);
#1927=EDGE_CURVE('',#1561,#1559,#93,.T.);
#1928=EDGE_CURVE('',#1562,#1560,#94,.T.);
#1929=EDGE_CURVE('',#1563,#1562,#944,.T.);
#1930=EDGE_CURVE('',#1563,#1561,#95,.T.);
#1931=EDGE_CURVE('',#1564,#1562,#96,.T.);
#1932=EDGE_CURVE('',#1565,#1564,#945,.T.);
#1933=EDGE_CURVE('',#1565,#1563,#97,.T.);
#1934=EDGE_CURVE('',#1551,#1564,#98,.T.);
#1935=EDGE_CURVE('',#1553,#1565,#99,.T.);
#1936=EDGE_CURVE('',#1562,#1566,#946,.T.);
#1937=EDGE_CURVE('',#1567,#1566,#149,.T.);
#1938=EDGE_CURVE('',#1564,#1567,#947,.T.);
#1939=EDGE_CURVE('',#1568,#1560,#948,.T.);
#1940=EDGE_CURVE('',#1566,#1568,#150,.T.);
#1941=EDGE_CURVE('',#1558,#1569,#949,.T.);
#1942=EDGE_CURVE('',#1568,#1569,#151,.T.);
#1943=EDGE_CURVE('',#1570,#1556,#950,.T.);
#1944=EDGE_CURVE('',#1569,#1570,#152,.T.);
#1945=EDGE_CURVE('',#1571,#1571,#739,.T.);
#1946=EDGE_CURVE('',#1571,#1572,#951,.T.);
#1947=EDGE_CURVE('',#1572,#1572,#740,.T.);
#1948=EDGE_CURVE('',#1573,#1573,#741,.T.);
#1949=EDGE_CURVE('',#1573,#1574,#952,.T.);
#1950=EDGE_CURVE('',#1574,#1574,#742,.T.);
#1951=EDGE_CURVE('',#1575,#1576,#743,.T.);
#1952=EDGE_CURVE('',#1576,#1577,#744,.T.);
#1953=EDGE_CURVE('',#1577,#1578,#745,.T.);
#1954=EDGE_CURVE('',#1578,#1577,#746,.T.);
#1955=EDGE_CURVE('',#1576,#1575,#747,.T.);
#1956=EDGE_CURVE('',#1579,#1579,#748,.T.);
#1957=EDGE_CURVE('',#1579,#1578,#953,.T.);
#1958=EDGE_CURVE('',#1580,#1580,#749,.T.);
#1959=EDGE_CURVE('',#1580,#1575,#954,.T.);
#1960=EDGE_CURVE('',#1581,#1582,#750,.T.);
#1961=EDGE_CURVE('',#1582,#1583,#751,.T.);
#1962=EDGE_CURVE('',#1583,#1584,#752,.T.);
#1963=EDGE_CURVE('',#1584,#1583,#753,.T.);
#1964=EDGE_CURVE('',#1582,#1581,#754,.T.);
#1965=EDGE_CURVE('',#1585,#1585,#755,.T.);
#1966=EDGE_CURVE('',#1585,#1584,#955,.T.);
#1967=EDGE_CURVE('',#1586,#1586,#756,.T.);
#1968=EDGE_CURVE('',#1586,#1581,#956,.T.);
#1969=EDGE_CURVE('',#1587,#1588,#757,.T.);
#1970=EDGE_CURVE('',#1588,#1589,#758,.T.);
#1971=EDGE_CURVE('',#1589,#1590,#759,.T.);
#1972=EDGE_CURVE('',#1590,#1589,#760,.T.);
#1973=EDGE_CURVE('',#1588,#1587,#761,.T.);
#1974=EDGE_CURVE('',#1591,#1591,#762,.T.);
#1975=EDGE_CURVE('',#1591,#1590,#957,.T.);
#1976=EDGE_CURVE('',#1592,#1592,#763,.T.);
#1977=EDGE_CURVE('',#1592,#1587,#958,.T.);
#1978=EDGE_CURVE('',#1554,#1593,#959,.T.);
#1979=EDGE_CURVE('',#1570,#1593,#153,.T.);
#1980=EDGE_CURVE('',#1550,#1594,#960,.T.);
#1981=EDGE_CURVE('',#1593,#1594,#154,.T.);
#1982=EDGE_CURVE('',#1594,#1595,#155,.T.);
#1983=EDGE_CURVE('',#1595,#1567,#156,.T.);
#1984=EDGE_CURVE('',#1529,#1544,#961,.T.);
#1985=EDGE_CURVE('',#1535,#1596,#962,.T.);
#1986=EDGE_CURVE('',#1596,#1597,#963,.T.);
#1987=EDGE_CURVE('',#1597,#1598,#964,.T.);
#1988=EDGE_CURVE('',#1598,#1599,#965,.T.);
#1989=EDGE_CURVE('',#1599,#1524,#966,.T.);
#1990=EDGE_CURVE('',#1600,#1600,#764,.T.);
#1991=EDGE_CURVE('',#1601,#1601,#765,.T.);
#1992=EDGE_CURVE('',#1602,#1602,#766,.T.);
#1993=EDGE_CURVE('',#1603,#1603,#767,.T.);
#1994=EDGE_CURVE('',#1604,#1604,#768,.T.);
#1995=EDGE_CURVE('',#1605,#1605,#769,.T.);
#1996=EDGE_CURVE('',#1606,#1606,#770,.T.);
#1997=EDGE_CURVE('',#1607,#1608,#967,.T.);
#1998=EDGE_CURVE('',#1608,#1609,#968,.T.);
#1999=EDGE_CURVE('',#1609,#1610,#969,.T.);
#2000=EDGE_CURVE('',#1607,#1610,#970,.T.);
#2001=EDGE_CURVE('',#1611,#1611,#771,.T.);
#2002=EDGE_CURVE('',#1612,#1612,#772,.T.);
#2003=EDGE_CURVE('',#1612,#1602,#971,.T.);
#2004=EDGE_CURVE('',#1613,#1613,#773,.T.);
#2005=EDGE_CURVE('',#1613,#1603,#972,.T.);
#2006=EDGE_CURVE('',#1614,#1614,#774,.T.);
#2007=EDGE_CURVE('',#1614,#1604,#973,.T.);
#2008=EDGE_CURVE('',#1615,#1615,#775,.T.);
#2009=EDGE_CURVE('',#1615,#1605,#974,.T.);
#2010=EDGE_CURVE('',#1616,#1616,#776,.F.);
#2011=EDGE_CURVE('',#1617,#1617,#777,.F.);
#2012=EDGE_CURVE('',#1618,#1618,#778,.F.);
#2013=EDGE_CURVE('',#1595,#1551,#975,.T.);
#2014=EDGE_CURVE('',#1553,#1619,#976,.T.);
#2015=EDGE_CURVE('',#1620,#1619,#157,.T.);
#2016=EDGE_CURVE('',#1620,#1565,#977,.T.);
#2017=EDGE_CURVE('',#1621,#1552,#978,.T.);
#2018=EDGE_CURVE('',#1619,#1621,#158,.T.);
#2019=EDGE_CURVE('',#1622,#1555,#979,.T.);
#2020=EDGE_CURVE('',#1623,#1622,#159,.T.);
#2021=EDGE_CURVE('',#1623,#1621,#980,.T.);
#2022=EDGE_CURVE('',#1557,#1624,#981,.T.);
#2023=EDGE_CURVE('',#1625,#1624,#982,.T.);
#2024=EDGE_CURVE('',#1622,#1625,#160,.T.);
#2025=EDGE_CURVE('',#1626,#1627,#779,.T.);
#2026=EDGE_CURVE('',#1628,#1627,#983,.T.);
#2027=EDGE_CURVE('',#1629,#1628,#780,.T.);
#2028=EDGE_CURVE('',#1626,#1629,#984,.T.);
#2029=EDGE_CURVE('',#1630,#1629,#985,.T.);
#2030=EDGE_CURVE('',#1630,#1631,#986,.T.);
#2031=EDGE_CURVE('',#1631,#1632,#781,.T.);
#2032=EDGE_CURVE('',#1626,#1632,#987,.T.);
#2033=EDGE_CURVE('',#1633,#1624,#988,.T.);
#2034=EDGE_CURVE('',#1624,#1634,#161,.T.);
#2035=EDGE_CURVE('',#1634,#1635,#162,.T.);
#2036=EDGE_CURVE('',#1635,#1636,#163,.T.);
#2037=EDGE_CURVE('',#1636,#1620,#164,.T.);
#2038=EDGE_CURVE('',#1621,#1637,#989,.T.);
#2039=EDGE_CURVE('',#1637,#1638,#100,.T.);
#2040=EDGE_CURVE('',#1638,#1639,#990,.T.);
#2041=EDGE_CURVE('',#1639,#1640,#101,.T.);
#2042=EDGE_CURVE('',#1640,#1641,#102,.T.);
#2043=EDGE_CURVE('',#1641,#1642,#103,.T.);
#2044=EDGE_CURVE('',#1642,#1643,#104,.T.);
#2045=EDGE_CURVE('',#1643,#1644,#991,.T.);
#2046=EDGE_CURVE('',#1644,#1633,#105,.T.);
#2047=EDGE_CURVE('',#1645,#1645,#782,.T.);
#2048=EDGE_CURVE('',#1646,#1647,#992,.T.);
#2049=EDGE_CURVE('',#1648,#1647,#993,.T.);
#2050=EDGE_CURVE('',#1648,#1649,#994,.T.);
#2051=EDGE_CURVE('',#1649,#1646,#995,.T.);
#2052=EDGE_CURVE('',#1650,#1650,#783,.T.);
#2053=EDGE_CURVE('',#1651,#1651,#784,.T.);
#2054=EDGE_CURVE('',#1652,#1652,#785,.T.);
#2055=EDGE_CURVE('',#1653,#1654,#786,.T.);
#2056=EDGE_CURVE('',#1654,#1655,#787,.T.);
#2057=EDGE_CURVE('',#1655,#1656,#788,.T.);
#2058=EDGE_CURVE('',#1656,#1657,#996,.T.);
#2059=EDGE_CURVE('',#1657,#1658,#789,.T.);
#2060=EDGE_CURVE('',#1658,#1653,#997,.T.);
#2061=EDGE_CURVE('',#1659,#1660,#790,.T.);
#2062=EDGE_CURVE('',#1660,#1661,#791,.T.);
#2063=EDGE_CURVE('',#1661,#1662,#792,.T.);
#2064=EDGE_CURVE('',#1662,#1663,#793,.T.);
#2065=EDGE_CURVE('',#1663,#1664,#794,.T.);
#2066=EDGE_CURVE('',#1664,#1665,#795,.T.);
#2067=EDGE_CURVE('',#1665,#1666,#796,.T.);
#2068=EDGE_CURVE('',#1666,#1667,#998,.T.);
#2069=EDGE_CURVE('',#1667,#1668,#797,.T.);
#2070=EDGE_CURVE('',#1668,#1659,#999,.T.);
#2071=EDGE_CURVE('',#1628,#1669,#1000,.T.);
#2072=EDGE_CURVE('',#1669,#1670,#1001,.T.);
#2073=EDGE_CURVE('',#1670,#1484,#1002,.T.);
#2074=EDGE_CURVE('',#1481,#1671,#1003,.T.);
#2075=EDGE_CURVE('',#1671,#1630,#1004,.T.);
#2076=EDGE_CURVE('',#1480,#1672,#1005,.T.);
#2077=EDGE_CURVE('',#1671,#1672,#1006,.T.);
#2078=EDGE_CURVE('',#1673,#1479,#1007,.F.);
#2079=EDGE_CURVE('',#1672,#1673,#1008,.T.);
#2080=EDGE_CURVE('',#1674,#1478,#1009,.T.);
#2081=EDGE_CURVE('',#1674,#1675,#861,.T.);
#2082=EDGE_CURVE('',#1675,#1673,#1010,.T.);
#2083=EDGE_CURVE('',#1676,#1477,#1011,.T.);
#2084=EDGE_CURVE('',#1676,#1674,#798,.T.);
#2085=EDGE_CURVE('',#1677,#1678,#799,.T.);
#2086=EDGE_CURVE('',#1679,#1677,#1012,.T.);
#2087=EDGE_CURVE('',#1680,#1679,#800,.T.);
#2088=EDGE_CURVE('',#1681,#1680,#862,.T.);
#2089=EDGE_CURVE('',#1682,#1681,#863,.T.);
#2090=EDGE_CURVE('',#1678,#1682,#1013,.T.);
#2091=EDGE_CURVE('',#1675,#1683,#864,.T.);
#2092=EDGE_CURVE('',#1632,#1676,#1014,.T.);
#2093=EDGE_CURVE('',#1683,#1631,#1015,.T.);
#2094=EDGE_CURVE('',#1476,#1679,#1016,.T.);
#2095=EDGE_CURVE('',#1677,#1627,#1017,.T.);
#2096=EDGE_CURVE('',#1475,#1680,#1018,.T.);
#2097=EDGE_CURVE('',#1473,#1684,#865,.T.);
#2098=EDGE_CURVE('',#1684,#1685,#1019,.F.);
#2099=EDGE_CURVE('',#1681,#1685,#1020,.T.);
#2100=EDGE_CURVE('',#1672,#1683,#1021,.T.);
#2101=EDGE_CURVE('',#1686,#1685,#1022,.T.);
#2102=EDGE_CURVE('',#1686,#1682,#1023,.T.);
#2103=EDGE_CURVE('',#1684,#1474,#866,.T.);
#2104=EDGE_CURVE('',#1686,#1485,#1024,.T.);
#2105=EDGE_CURVE('',#1670,#1686,#1025,.T.);
#2106=EDGE_CURVE('',#1669,#1678,#1026,.T.);
#2107=EDGE_CURVE('',#1687,#1688,#106,.T.);
#2108=EDGE_CURVE('',#1688,#1689,#1027,.T.);
#2109=EDGE_CURVE('',#1690,#1689,#107,.T.);
#2110=EDGE_CURVE('',#1691,#1690,#1028,.T.);
#2111=EDGE_CURVE('',#1691,#1687,#108,.T.);
#2112=EDGE_CURVE('',#1692,#1693,#109,.T.);
#2113=EDGE_CURVE('',#1693,#1694,#1029,.T.);
#2114=EDGE_CURVE('',#1695,#1694,#110,.T.);
#2115=EDGE_CURVE('',#1696,#1695,#1030,.T.);
#2116=EDGE_CURVE('',#1692,#1696,#111,.T.);
#2117=EDGE_CURVE('',#1696,#1697,#112,.T.);
#2118=EDGE_CURVE('',#1698,#1695,#113,.T.);
#2119=EDGE_CURVE('',#1699,#1698,#1031,.T.);
#2120=EDGE_CURVE('',#1699,#1697,#114,.T.);
#2121=EDGE_CURVE('',#1700,#1701,#115,.T.);
#2122=EDGE_CURVE('',#1701,#1702,#1032,.T.);
#2123=EDGE_CURVE('',#1689,#1702,#116,.T.);
#2124=EDGE_CURVE('',#1688,#1700,#117,.T.);
#2125=EDGE_CURVE('',#1702,#1698,#1033,.T.);
#2126=EDGE_CURVE('',#1694,#1690,#1034,.T.);
#2127=EDGE_CURVE('',#1697,#1623,#1035,.T.);
#2128=EDGE_CURVE('',#1625,#1692,#1036,.T.);
#2129=EDGE_CURVE('',#1693,#1644,#1037,.T.);
#2130=EDGE_CURVE('',#1692,#1633,#1038,.T.);
#2131=EDGE_CURVE('',#1691,#1643,#1039,.T.);
#2132=EDGE_CURVE('',#1687,#1642,#1040,.T.);
#2133=EDGE_CURVE('',#1688,#1641,#1041,.T.);
#2134=EDGE_CURVE('',#1700,#1640,#1042,.T.);
#2135=EDGE_CURVE('',#1701,#1639,#1043,.T.);
#2136=EDGE_CURVE('',#1697,#1637,#1044,.T.);
#2137=EDGE_CURVE('',#1638,#1699,#1045,.T.);
#2138=EDGE_CURVE('',#1703,#1704,#118,.T.);
#2139=EDGE_CURVE('',#1705,#1704,#801,.T.);
#2140=EDGE_CURVE('',#1668,#1705,#165,.T.);
#2141=EDGE_CURVE('',#1667,#1706,#119,.T.);
#2142=EDGE_CURVE('',#1707,#1706,#802,.T.);
#2143=EDGE_CURVE('',#1707,#1708,#120,.T.);
#2144=EDGE_CURVE('',#1703,#1708,#803,.T.);
#2145=EDGE_CURVE('',#1707,#1709,#804,.T.);
#2146=EDGE_CURVE('',#1706,#1710,#1046,.T.);
#2147=EDGE_CURVE('',#1710,#1709,#805,.T.);
#2148=EDGE_CURVE('',#1703,#1711,#806,.T.);
#2149=EDGE_CURVE('',#1712,#1708,#807,.T.);
#2150=EDGE_CURVE('',#1712,#1711,#808,.T.);
#2151=EDGE_CURVE('',#1665,#1709,#121,.T.);
#2152=EDGE_CURVE('',#1666,#1710,#809,.T.);
#2153=EDGE_CURVE('',#1662,#1711,#122,.T.);
#2154=EDGE_CURVE('',#1712,#1663,#123,.T.);
#2155=EDGE_CURVE('',#1713,#1705,#1047,.T.);
#2156=EDGE_CURVE('',#1659,#1713,#810,.T.);
#2157=EDGE_CURVE('',#1714,#1660,#124,.T.);
#2158=EDGE_CURVE('',#1714,#1713,#811,.T.);
#2159=EDGE_CURVE('',#1714,#1704,#812,.T.);
#2160=EDGE_CURVE('',#1715,#1716,#125,.T.);
#2161=EDGE_CURVE('',#1716,#1717,#126,.T.);
#2162=EDGE_CURVE('',#1718,#1717,#813,.T.);
#2163=EDGE_CURVE('',#1658,#1718,#127,.T.);
#2164=EDGE_CURVE('',#1657,#1719,#166,.T.);
#2165=EDGE_CURVE('',#1715,#1719,#814,.T.);
#2166=EDGE_CURVE('',#1715,#1720,#815,.T.);
#2167=EDGE_CURVE('',#1719,#1721,#1048,.T.);
#2168=EDGE_CURVE('',#1721,#1720,#816,.T.);
#2169=EDGE_CURVE('',#1722,#1717,#817,.T.);
#2170=EDGE_CURVE('',#1722,#1723,#818,.T.);
#2171=EDGE_CURVE('',#1723,#1718,#1049,.T.);
#2172=EDGE_CURVE('',#1655,#1720,#128,.T.);
#2173=EDGE_CURVE('',#1656,#1721,#819,.T.);
#2174=EDGE_CURVE('',#1653,#1723,#820,.T.);
#2175=EDGE_CURVE('',#1722,#1654,#129,.T.);
#2176=EDGE_CURVE('',#1724,#1725,#1050,.T.);
#2177=EDGE_CURVE('',#1724,#1726,#1051,.T.);
#2178=EDGE_CURVE('',#1727,#1726,#1052,.T.);
#2179=EDGE_CURVE('',#1728,#1727,#1053,.T.);
#2180=EDGE_CURVE('',#1728,#1725,#1054,.T.);
#2181=EDGE_CURVE('',#1729,#1730,#821,.T.);
#2182=EDGE_CURVE('',#1729,#1731,#1055,.T.);
#2183=EDGE_CURVE('',#1731,#1730,#1056,.T.);
#2184=EDGE_CURVE('',#1732,#1727,#822,.T.);
#2185=EDGE_CURVE('',#1732,#1728,#1057,.T.);
#2186=EDGE_CURVE('',#1727,#1729,#823,.T.);
#2187=EDGE_CURVE('',#1726,#1729,#1058,.T.);
#2188=EDGE_CURVE('',#1733,#1734,#1059,.T.);
#2189=EDGE_CURVE('',#1733,#1735,#1060,.T.);
#2190=EDGE_CURVE('',#1730,#1735,#1061,.T.);
#2191=EDGE_CURVE('',#1731,#1734,#1062,.T.);
#2192=EDGE_CURVE('',#1735,#1732,#1063,.T.);
#2193=EDGE_CURVE('',#1730,#1732,#824,.T.);
#2194=EDGE_CURVE('',#1736,#1737,#1064,.T.);
#2195=EDGE_CURVE('',#1736,#1738,#1065,.T.);
#2196=EDGE_CURVE('',#1739,#1738,#1066,.T.);
#2197=EDGE_CURVE('',#1740,#1739,#1067,.T.);
#2198=EDGE_CURVE('',#1740,#1737,#1068,.T.);
#2199=EDGE_CURVE('',#1741,#1739,#825,.T.);
#2200=EDGE_CURVE('',#1741,#1740,#1069,.T.);
#2201=EDGE_CURVE('',#1738,#1742,#1070,.T.);
#2202=EDGE_CURVE('',#1739,#1742,#826,.T.);
#2203=EDGE_CURVE('',#1743,#1744,#1071,.T.);
#2204=EDGE_CURVE('',#1742,#1744,#827,.T.);
#2205=EDGE_CURVE('',#1742,#1743,#1072,.T.);
#2206=EDGE_CURVE('',#1745,#1746,#1073,.T.);
#2207=EDGE_CURVE('',#1745,#1747,#1074,.T.);
#2208=EDGE_CURVE('',#1744,#1747,#1075,.T.);
#2209=EDGE_CURVE('',#1743,#1746,#1076,.T.);
#2210=EDGE_CURVE('',#1744,#1741,#828,.T.);
#2211=EDGE_CURVE('',#1747,#1741,#1077,.T.);
#2212=EDGE_CURVE('',#1748,#1749,#1078,.T.);
#2213=EDGE_CURVE('',#1748,#1750,#1079,.T.);
#2214=EDGE_CURVE('',#1751,#1750,#1080,.T.);
#2215=EDGE_CURVE('',#1752,#1751,#1081,.T.);
#2216=EDGE_CURVE('',#1752,#1749,#1082,.T.);
#2217=EDGE_CURVE('',#1750,#1753,#1083,.T.);
#2218=EDGE_CURVE('',#1751,#1753,#829,.T.);
#2219=EDGE_CURVE('',#1754,#1751,#830,.T.);
#2220=EDGE_CURVE('',#1754,#1752,#1084,.T.);
#2221=EDGE_CURVE('',#1755,#1756,#1085,.T.);
#2222=EDGE_CURVE('',#1753,#1756,#831,.T.);
#2223=EDGE_CURVE('',#1753,#1755,#1086,.T.);
#2224=EDGE_CURVE('',#1757,#1758,#1087,.T.);
#2225=EDGE_CURVE('',#1757,#1759,#1088,.T.);
#2226=EDGE_CURVE('',#1756,#1759,#1089,.T.);
#2227=EDGE_CURVE('',#1755,#1758,#1090,.T.);
#2228=EDGE_CURVE('',#1759,#1754,#1091,.T.);
#2229=EDGE_CURVE('',#1756,#1754,#832,.T.);
#2230=EDGE_CURVE('',#1760,#1761,#1092,.T.);
#2231=EDGE_CURVE('',#1760,#1762,#1093,.T.);
#2232=EDGE_CURVE('',#1763,#1762,#1094,.T.);
#2233=EDGE_CURVE('',#1764,#1763,#1095,.T.);
#2234=EDGE_CURVE('',#1764,#1761,#1096,.T.);
#2235=EDGE_CURVE('',#1765,#1766,#1097,.T.);
#2236=EDGE_CURVE('',#1767,#1766,#833,.T.);
#2237=EDGE_CURVE('',#1767,#1765,#1098,.T.);
#2238=EDGE_CURVE('',#1768,#1769,#1099,.T.);
#2239=EDGE_CURVE('',#1768,#1770,#1100,.T.);
#2240=EDGE_CURVE('',#1766,#1770,#1101,.T.);
#2241=EDGE_CURVE('',#1765,#1769,#1102,.T.);
#2242=EDGE_CURVE('',#1766,#1771,#834,.T.);
#2243=EDGE_CURVE('',#1770,#1771,#1103,.T.);
#2244=EDGE_CURVE('',#1762,#1767,#1104,.T.);
#2245=EDGE_CURVE('',#1763,#1767,#835,.T.);
#2246=EDGE_CURVE('',#1771,#1763,#836,.T.);
#2247=EDGE_CURVE('',#1771,#1764,#1105,.T.);
#2248=EDGE_CURVE('',#1772,#1773,#1106,.T.);
#2249=EDGE_CURVE('',#1774,#1772,#1107,.T.);
#2250=EDGE_CURVE('',#1758,#1774,#1108,.T.);
#2251=EDGE_CURVE('',#1775,#1748,#1109,.T.);
#2252=EDGE_CURVE('',#1775,#1773,#1110,.T.);
#2253=EDGE_CURVE('',#1776,#1777,#1111,.T.);
#2254=EDGE_CURVE('',#1778,#1776,#1112,.T.);
#2255=EDGE_CURVE('',#1749,#1778,#1113,.T.);
#2256=EDGE_CURVE('',#1779,#1757,#1114,.T.);
#2257=EDGE_CURVE('',#1779,#1777,#1115,.T.);
#2258=EDGE_CURVE('',#1778,#1775,#837,.T.);
#2259=EDGE_CURVE('',#1734,#1780,#1116,.T.);
#2260=EDGE_CURVE('',#1780,#1781,#838,.T.);
#2261=EDGE_CURVE('',#1781,#1733,#1117,.T.);
#2262=EDGE_CURVE('',#1782,#1783,#1118,.T.);
#2263=EDGE_CURVE('',#1784,#1782,#1119,.T.);
#2264=EDGE_CURVE('',#1761,#1784,#1120,.T.);
#2265=EDGE_CURVE('',#1785,#1768,#1121,.T.);
#2266=EDGE_CURVE('',#1785,#1783,#1122,.T.);
#2267=EDGE_CURVE('',#1786,#1787,#1123,.T.);
#2268=EDGE_CURVE('',#1788,#1786,#1124,.T.);
#2269=EDGE_CURVE('',#1769,#1788,#1125,.T.);
#2270=EDGE_CURVE('',#1789,#1760,#1126,.T.);
#2271=EDGE_CURVE('',#1789,#1787,#1127,.T.);
#2272=EDGE_CURVE('',#1788,#1785,#839,.T.);
#2273=EDGE_CURVE('',#1790,#1745,#1128,.T.);
#2274=EDGE_CURVE('',#1746,#1791,#1129,.T.);
#2275=EDGE_CURVE('',#1791,#1790,#840,.T.);
#2276=EDGE_CURVE('',#1774,#1779,#841,.T.);
#2277=EDGE_CURVE('',#1792,#1793,#1130,.T.);
#2278=EDGE_CURVE('',#1780,#1792,#1131,.T.);
#2279=EDGE_CURVE('',#1794,#1724,#1132,.T.);
#2280=EDGE_CURVE('',#1794,#1793,#1133,.T.);
#2281=EDGE_CURVE('',#1795,#1796,#1134,.T.);
#2282=EDGE_CURVE('',#1797,#1795,#1135,.T.);
#2283=EDGE_CURVE('',#1725,#1797,#1136,.T.);
#2284=EDGE_CURVE('',#1781,#1796,#1137,.T.);
#2285=EDGE_CURVE('',#1797,#1794,#842,.T.);
#2286=EDGE_CURVE('',#1784,#1789,#843,.T.);
#2287=EDGE_CURVE('',#1798,#1799,#1138,.T.);
#2288=EDGE_CURVE('',#1791,#1798,#1139,.T.);
#2289=EDGE_CURVE('',#1800,#1736,#1140,.T.);
#2290=EDGE_CURVE('',#1800,#1799,#1141,.T.);
#2291=EDGE_CURVE('',#1801,#1802,#1142,.T.);
#2292=EDGE_CURVE('',#1803,#1801,#1143,.T.);
#2293=EDGE_CURVE('',#1737,#1803,#1144,.T.);
#2294=EDGE_CURVE('',#1790,#1802,#1145,.T.);
#2295=EDGE_CURVE('',#1803,#1800,#844,.T.);
#2296=EDGE_CURVE('',#1783,#1782,#845,.T.);
#2297=EDGE_CURVE('',#1796,#1795,#846,.T.);
#2298=EDGE_CURVE('',#1799,#1798,#847,.T.);
#2299=EDGE_CURVE('',#1777,#1776,#848,.T.);
#2300=EDGE_CURVE('',#1787,#1804,#849,.T.);
#2301=EDGE_CURVE('',#1804,#1786,#850,.T.);
#2302=EDGE_CURVE('',#1793,#1805,#851,.T.);
#2303=EDGE_CURVE('',#1805,#1792,#852,.T.);
#2304=EDGE_CURVE('',#1802,#1806,#853,.T.);
#2305=EDGE_CURVE('',#1806,#1801,#854,.T.);
#2306=EDGE_CURVE('',#1773,#1807,#855,.T.);
#2307=EDGE_CURVE('',#1807,#1772,#856,.T.);
#2308=EDGE_CURVE('',#1645,#1753,#1146,.T.);
#2309=EDGE_CURVE('',#1646,#1608,#1147,.T.);
#2310=EDGE_CURVE('',#1649,#1609,#1148,.T.);
#2311=EDGE_CURVE('',#1650,#1729,#1149,.T.);
#2312=EDGE_CURVE('',#1651,#1741,#1150,.T.);
#2313=EDGE_CURVE('',#1652,#1767,#1151,.T.);
#2314=EDGE_CURVE('',#1634,#1559,#1152,.T.);
#2315=EDGE_CURVE('',#1561,#1635,#1153,.T.);
#2316=EDGE_CURVE('',#1636,#1563,#1154,.T.);
#2317=EDGE_CURVE('',#1648,#1610,#1155,.T.);
#2318=EDGE_CURVE('',#1599,#1517,#1156,.T.);
#2319=EDGE_CURVE('',#1598,#1518,#1157,.T.);
#2320=EDGE_CURVE('',#1661,#1616,#1158,.T.);
#2321=EDGE_CURVE('',#1664,#1617,#1159,.T.);
#2322=EDGE_CURVE('',#1716,#1618,#1160,.T.);
#2323=EDGE_CURVE('',#1807,#1611,#1161,.T.);
#2324=EDGE_CURVE('',#1804,#1600,#1162,.T.);
#2325=EDGE_CURVE('',#1805,#1606,#1163,.T.);
#2326=EDGE_CURVE('',#1806,#1601,#1164,.T.);
#2327=EDGE_CURVE('',#1607,#1647,#1165,.T.);
#2328=EDGE_CURVE('',#1546,#1522,#1166,.T.);
#2329=EDGE_CURVE('',#1547,#1521,#1167,.T.);
#2330=EDGE_CURVE('',#1596,#1520,#1168,.T.);
#2331=EDGE_CURVE('',#1597,#1519,#1169,.T.);
#2332=ORIENTED_EDGE('',*,*,#1808,.F.);
#2333=ORIENTED_EDGE('',*,*,#1809,.F.);
#2334=ORIENTED_EDGE('',*,*,#1810,.F.);
#2335=ORIENTED_EDGE('',*,*,#1811,.F.);
#2336=ORIENTED_EDGE('',*,*,#1812,.F.);
#2337=ORIENTED_EDGE('',*,*,#1813,.F.);
#2338=ORIENTED_EDGE('',*,*,#1814,.F.);
#2339=ORIENTED_EDGE('',*,*,#1815,.F.);
#2340=ORIENTED_EDGE('',*,*,#1816,.F.);
#2341=ORIENTED_EDGE('',*,*,#1817,.T.);
#2342=ORIENTED_EDGE('',*,*,#1818,.F.);
#2343=ORIENTED_EDGE('',*,*,#1817,.F.);
#2344=ORIENTED_EDGE('',*,*,#1819,.F.);
#2345=ORIENTED_EDGE('',*,*,#1820,.F.);
#2346=ORIENTED_EDGE('',*,*,#1821,.F.);
#2347=ORIENTED_EDGE('',*,*,#1822,.F.);
#2348=ORIENTED_EDGE('',*,*,#1823,.F.);
#2349=ORIENTED_EDGE('',*,*,#1824,.T.);
#2350=ORIENTED_EDGE('',*,*,#1825,.T.);
#2351=ORIENTED_EDGE('',*,*,#1826,.F.);
#2352=ORIENTED_EDGE('',*,*,#1827,.F.);
#2353=ORIENTED_EDGE('',*,*,#1828,.T.);
#2354=ORIENTED_EDGE('',*,*,#1829,.T.);
#2355=ORIENTED_EDGE('',*,*,#1830,.F.);
#2356=ORIENTED_EDGE('',*,*,#1831,.T.);
#2357=ORIENTED_EDGE('',*,*,#1832,.T.);
#2358=ORIENTED_EDGE('',*,*,#1824,.F.);
#2359=ORIENTED_EDGE('',*,*,#1833,.F.);
#2360=ORIENTED_EDGE('',*,*,#1834,.T.);
#2361=ORIENTED_EDGE('',*,*,#1835,.T.);
#2362=ORIENTED_EDGE('',*,*,#1831,.F.);
#2363=ORIENTED_EDGE('',*,*,#1836,.F.);
#2364=ORIENTED_EDGE('',*,*,#1826,.T.);
#2365=ORIENTED_EDGE('',*,*,#1837,.T.);
#2366=ORIENTED_EDGE('',*,*,#1834,.F.);
#2367=ORIENTED_EDGE('',*,*,#1825,.F.);
#2368=ORIENTED_EDGE('',*,*,#1832,.F.);
#2369=ORIENTED_EDGE('',*,*,#1835,.F.);
#2370=ORIENTED_EDGE('',*,*,#1837,.F.);
#2371=ORIENTED_EDGE('',*,*,#1838,.F.);
#2372=ORIENTED_EDGE('',*,*,#1839,.F.);
#2373=ORIENTED_EDGE('',*,*,#1822,.T.);
#2374=ORIENTED_EDGE('',*,*,#1840,.T.);
#2375=ORIENTED_EDGE('',*,*,#1841,.F.);
#2376=ORIENTED_EDGE('',*,*,#1842,.F.);
#2377=ORIENTED_EDGE('',*,*,#1843,.F.);
#2378=ORIENTED_EDGE('',*,*,#1844,.F.);
#2379=ORIENTED_EDGE('',*,*,#1845,.F.);
#2380=ORIENTED_EDGE('',*,*,#1846,.F.);
#2381=ORIENTED_EDGE('',*,*,#1847,.F.);
#2382=ORIENTED_EDGE('',*,*,#1848,.F.);
#2383=ORIENTED_EDGE('',*,*,#1849,.T.);
#2384=ORIENTED_EDGE('',*,*,#1850,.T.);
#2385=ORIENTED_EDGE('',*,*,#1828,.F.);
#2386=ORIENTED_EDGE('',*,*,#1851,.F.);
#2387=ORIENTED_EDGE('',*,*,#1852,.F.);
#2388=ORIENTED_EDGE('',*,*,#1841,.T.);
#2389=ORIENTED_EDGE('',*,*,#1853,.T.);
#2390=ORIENTED_EDGE('',*,*,#1849,.F.);
#2391=ORIENTED_EDGE('',*,*,#1829,.F.);
#2392=ORIENTED_EDGE('',*,*,#1850,.F.);
#2393=ORIENTED_EDGE('',*,*,#1853,.F.);
#2394=ORIENTED_EDGE('',*,*,#1840,.F.);
#2395=ORIENTED_EDGE('',*,*,#1845,.T.);
#2396=ORIENTED_EDGE('',*,*,#1854,.F.);
#2397=ORIENTED_EDGE('',*,*,#1847,.T.);
#2398=ORIENTED_EDGE('',*,*,#1855,.T.);
#2399=ORIENTED_EDGE('',*,*,#1844,.T.);
#2400=ORIENTED_EDGE('',*,*,#1856,.F.);
#2401=ORIENTED_EDGE('',*,*,#1838,.T.);
#2402=ORIENTED_EDGE('',*,*,#1856,.T.);
#2403=ORIENTED_EDGE('',*,*,#1843,.T.);
#2404=ORIENTED_EDGE('',*,*,#1857,.F.);
#2405=ORIENTED_EDGE('',*,*,#1858,.F.);
#2406=ORIENTED_EDGE('',*,*,#1859,.F.);
#2407=ORIENTED_EDGE('',*,*,#1860,.F.);
#2408=ORIENTED_EDGE('',*,*,#1861,.F.);
#2409=ORIENTED_EDGE('',*,*,#1862,.F.);
#2410=ORIENTED_EDGE('',*,*,#1863,.F.);
#2411=ORIENTED_EDGE('',*,*,#1864,.F.);
#2412=ORIENTED_EDGE('',*,*,#1865,.F.);
#2413=ORIENTED_EDGE('',*,*,#1866,.F.);
#2414=ORIENTED_EDGE('',*,*,#1867,.F.);
#2415=ORIENTED_EDGE('',*,*,#1868,.F.);
#2416=ORIENTED_EDGE('',*,*,#1869,.F.);
#2417=ORIENTED_EDGE('',*,*,#1870,.F.);
#2418=ORIENTED_EDGE('',*,*,#1863,.T.);
#2419=ORIENTED_EDGE('',*,*,#1871,.F.);
#2420=ORIENTED_EDGE('',*,*,#1872,.F.);
#2421=ORIENTED_EDGE('',*,*,#1873,.T.);
#2422=ORIENTED_EDGE('',*,*,#1862,.T.);
#2423=ORIENTED_EDGE('',*,*,#1874,.F.);
#2424=ORIENTED_EDGE('',*,*,#1875,.F.);
#2425=ORIENTED_EDGE('',*,*,#1871,.T.);
#2426=ORIENTED_EDGE('',*,*,#1861,.T.);
#2427=ORIENTED_EDGE('',*,*,#1876,.F.);
#2428=ORIENTED_EDGE('',*,*,#1877,.F.);
#2429=ORIENTED_EDGE('',*,*,#1874,.T.);
#2430=ORIENTED_EDGE('',*,*,#1860,.T.);
#2431=ORIENTED_EDGE('',*,*,#1878,.F.);
#2432=ORIENTED_EDGE('',*,*,#1879,.F.);
#2433=ORIENTED_EDGE('',*,*,#1876,.T.);
#2434=ORIENTED_EDGE('',*,*,#1859,.T.);
#2435=ORIENTED_EDGE('',*,*,#1880,.F.);
#2436=ORIENTED_EDGE('',*,*,#1881,.F.);
#2437=ORIENTED_EDGE('',*,*,#1878,.T.);
#2438=ORIENTED_EDGE('',*,*,#1858,.T.);
#2439=ORIENTED_EDGE('',*,*,#1882,.F.);
#2440=ORIENTED_EDGE('',*,*,#1883,.F.);
#2441=ORIENTED_EDGE('',*,*,#1880,.T.);
#2442=ORIENTED_EDGE('',*,*,#1884,.F.);
#2443=ORIENTED_EDGE('',*,*,#1885,.F.);
#2444=ORIENTED_EDGE('',*,*,#1886,.T.);
#2445=ORIENTED_EDGE('',*,*,#1887,.T.);
#2446=ORIENTED_EDGE('',*,*,#1888,.F.);
#2447=ORIENTED_EDGE('',*,*,#1889,.F.);
#2448=ORIENTED_EDGE('',*,*,#1890,.F.);
#2449=ORIENTED_EDGE('',*,*,#1891,.F.);
#2450=ORIENTED_EDGE('',*,*,#1892,.F.);
#2451=ORIENTED_EDGE('',*,*,#1893,.F.);
#2452=ORIENTED_EDGE('',*,*,#1894,.F.);
#2453=ORIENTED_EDGE('',*,*,#1895,.T.);
#2454=ORIENTED_EDGE('',*,*,#1896,.T.);
#2455=ORIENTED_EDGE('',*,*,#1897,.F.);
#2456=ORIENTED_EDGE('',*,*,#1898,.F.);
#2457=ORIENTED_EDGE('',*,*,#1899,.T.);
#2458=ORIENTED_EDGE('',*,*,#1900,.T.);
#2459=ORIENTED_EDGE('',*,*,#1895,.F.);
#2460=ORIENTED_EDGE('',*,*,#1901,.F.);
#2461=ORIENTED_EDGE('',*,*,#1897,.T.);
#2462=ORIENTED_EDGE('',*,*,#1902,.T.);
#2463=ORIENTED_EDGE('',*,*,#1886,.F.);
#2464=ORIENTED_EDGE('',*,*,#1902,.F.);
#2465=ORIENTED_EDGE('',*,*,#1896,.F.);
#2466=ORIENTED_EDGE('',*,*,#1900,.F.);
#2467=ORIENTED_EDGE('',*,*,#1903,.F.);
#2468=ORIENTED_EDGE('',*,*,#1904,.F.);
#2469=ORIENTED_EDGE('',*,*,#1905,.F.);
#2470=ORIENTED_EDGE('',*,*,#1887,.F.);
#2471=ORIENTED_EDGE('',*,*,#1884,.T.);
#2472=ORIENTED_EDGE('',*,*,#1906,.F.);
#2473=ORIENTED_EDGE('',*,*,#1890,.T.);
#2474=ORIENTED_EDGE('',*,*,#1907,.F.);
#2475=ORIENTED_EDGE('',*,*,#1908,.T.);
#2476=ORIENTED_EDGE('',*,*,#1909,.T.);
#2477=ORIENTED_EDGE('',*,*,#1910,.F.);
#2478=ORIENTED_EDGE('',*,*,#1892,.T.);
#2479=ORIENTED_EDGE('',*,*,#1911,.F.);
#2480=ORIENTED_EDGE('',*,*,#1909,.F.);
#2481=ORIENTED_EDGE('',*,*,#1893,.T.);
#2482=ORIENTED_EDGE('',*,*,#1910,.T.);
#2483=ORIENTED_EDGE('',*,*,#1911,.T.);
#2484=ORIENTED_EDGE('',*,*,#1891,.T.);
#2485=ORIENTED_EDGE('',*,*,#1906,.T.);
#2486=ORIENTED_EDGE('',*,*,#1912,.F.);
#2487=ORIENTED_EDGE('',*,*,#1913,.F.);
#2488=ORIENTED_EDGE('',*,*,#1914,.T.);
#2489=ORIENTED_EDGE('',*,*,#1915,.T.);
#2490=ORIENTED_EDGE('',*,*,#1916,.F.);
#2491=ORIENTED_EDGE('',*,*,#1917,.F.);
#2492=ORIENTED_EDGE('',*,*,#1918,.T.);
#2493=ORIENTED_EDGE('',*,*,#1913,.T.);
#2494=ORIENTED_EDGE('',*,*,#1919,.F.);
#2495=ORIENTED_EDGE('',*,*,#1920,.F.);
#2496=ORIENTED_EDGE('',*,*,#1921,.T.);
#2497=ORIENTED_EDGE('',*,*,#1917,.T.);
#2498=ORIENTED_EDGE('',*,*,#1922,.F.);
#2499=ORIENTED_EDGE('',*,*,#1923,.F.);
#2500=ORIENTED_EDGE('',*,*,#1924,.T.);
#2501=ORIENTED_EDGE('',*,*,#1920,.T.);
#2502=ORIENTED_EDGE('',*,*,#1925,.F.);
#2503=ORIENTED_EDGE('',*,*,#1926,.F.);
#2504=ORIENTED_EDGE('',*,*,#1927,.T.);
#2505=ORIENTED_EDGE('',*,*,#1923,.T.);
#2506=ORIENTED_EDGE('',*,*,#1928,.F.);
#2507=ORIENTED_EDGE('',*,*,#1929,.F.);
#2508=ORIENTED_EDGE('',*,*,#1930,.T.);
#2509=ORIENTED_EDGE('',*,*,#1926,.T.);
#2510=ORIENTED_EDGE('',*,*,#1931,.F.);
#2511=ORIENTED_EDGE('',*,*,#1932,.F.);
#2512=ORIENTED_EDGE('',*,*,#1933,.T.);
#2513=ORIENTED_EDGE('',*,*,#1929,.T.);
#2514=ORIENTED_EDGE('',*,*,#1934,.F.);
#2515=ORIENTED_EDGE('',*,*,#1915,.F.);
#2516=ORIENTED_EDGE('',*,*,#1935,.T.);
#2517=ORIENTED_EDGE('',*,*,#1932,.T.);
#2518=ORIENTED_EDGE('',*,*,#1931,.T.);
#2519=ORIENTED_EDGE('',*,*,#1936,.T.);
#2520=ORIENTED_EDGE('',*,*,#1937,.F.);
#2521=ORIENTED_EDGE('',*,*,#1938,.F.);
#2522=ORIENTED_EDGE('',*,*,#1928,.T.);
#2523=ORIENTED_EDGE('',*,*,#1939,.F.);
#2524=ORIENTED_EDGE('',*,*,#1940,.F.);
#2525=ORIENTED_EDGE('',*,*,#1936,.F.);
#2526=ORIENTED_EDGE('',*,*,#1925,.T.);
#2527=ORIENTED_EDGE('',*,*,#1941,.T.);
#2528=ORIENTED_EDGE('',*,*,#1942,.F.);
#2529=ORIENTED_EDGE('',*,*,#1939,.T.);
#2530=ORIENTED_EDGE('',*,*,#1922,.T.);
#2531=ORIENTED_EDGE('',*,*,#1943,.F.);
#2532=ORIENTED_EDGE('',*,*,#1944,.F.);
#2533=ORIENTED_EDGE('',*,*,#1941,.F.);
#2534=ORIENTED_EDGE('',*,*,#1945,.T.);
#2535=ORIENTED_EDGE('',*,*,#1946,.T.);
#2536=ORIENTED_EDGE('',*,*,#1947,.F.);
#2537=ORIENTED_EDGE('',*,*,#1946,.F.);
#2538=ORIENTED_EDGE('',*,*,#1945,.F.);
#2539=ORIENTED_EDGE('',*,*,#1846,.T.);
#2540=ORIENTED_EDGE('',*,*,#1855,.F.);
#2541=ORIENTED_EDGE('',*,*,#1948,.T.);
#2542=ORIENTED_EDGE('',*,*,#1949,.T.);
#2543=ORIENTED_EDGE('',*,*,#1950,.F.);
#2544=ORIENTED_EDGE('',*,*,#1949,.F.);
#2545=ORIENTED_EDGE('',*,*,#1948,.F.);
#2546=ORIENTED_EDGE('',*,*,#1951,.T.);
#2547=ORIENTED_EDGE('',*,*,#1952,.T.);
#2548=ORIENTED_EDGE('',*,*,#1953,.T.);
#2549=ORIENTED_EDGE('',*,*,#1954,.T.);
#2550=ORIENTED_EDGE('',*,*,#1952,.F.);
#2551=ORIENTED_EDGE('',*,*,#1955,.T.);
#2552=ORIENTED_EDGE('',*,*,#1956,.T.);
#2553=ORIENTED_EDGE('',*,*,#1957,.T.);
#2554=ORIENTED_EDGE('',*,*,#1953,.F.);
#2555=ORIENTED_EDGE('',*,*,#1954,.F.);
#2556=ORIENTED_EDGE('',*,*,#1957,.F.);
#2557=ORIENTED_EDGE('',*,*,#1958,.F.);
#2558=ORIENTED_EDGE('',*,*,#1959,.T.);
#2559=ORIENTED_EDGE('',*,*,#1955,.F.);
#2560=ORIENTED_EDGE('',*,*,#1951,.F.);
#2561=ORIENTED_EDGE('',*,*,#1959,.F.);
#2562=ORIENTED_EDGE('',*,*,#1960,.T.);
#2563=ORIENTED_EDGE('',*,*,#1961,.T.);
#2564=ORIENTED_EDGE('',*,*,#1962,.T.);
#2565=ORIENTED_EDGE('',*,*,#1963,.T.);
#2566=ORIENTED_EDGE('',*,*,#1961,.F.);
#2567=ORIENTED_EDGE('',*,*,#1964,.T.);
#2568=ORIENTED_EDGE('',*,*,#1965,.T.);
#2569=ORIENTED_EDGE('',*,*,#1966,.T.);
#2570=ORIENTED_EDGE('',*,*,#1962,.F.);
#2571=ORIENTED_EDGE('',*,*,#1963,.F.);
#2572=ORIENTED_EDGE('',*,*,#1966,.F.);
#2573=ORIENTED_EDGE('',*,*,#1967,.F.);
#2574=ORIENTED_EDGE('',*,*,#1968,.T.);
#2575=ORIENTED_EDGE('',*,*,#1964,.F.);
#2576=ORIENTED_EDGE('',*,*,#1960,.F.);
#2577=ORIENTED_EDGE('',*,*,#1968,.F.);
#2578=ORIENTED_EDGE('',*,*,#1969,.T.);
#2579=ORIENTED_EDGE('',*,*,#1970,.T.);
#2580=ORIENTED_EDGE('',*,*,#1971,.T.);
#2581=ORIENTED_EDGE('',*,*,#1972,.T.);
#2582=ORIENTED_EDGE('',*,*,#1970,.F.);
#2583=ORIENTED_EDGE('',*,*,#1973,.T.);
#2584=ORIENTED_EDGE('',*,*,#1974,.T.);
#2585=ORIENTED_EDGE('',*,*,#1975,.T.);
#2586=ORIENTED_EDGE('',*,*,#1971,.F.);
#2587=ORIENTED_EDGE('',*,*,#1972,.F.);
#2588=ORIENTED_EDGE('',*,*,#1975,.F.);
#2589=ORIENTED_EDGE('',*,*,#1976,.F.);
#2590=ORIENTED_EDGE('',*,*,#1977,.T.);
#2591=ORIENTED_EDGE('',*,*,#1973,.F.);
#2592=ORIENTED_EDGE('',*,*,#1969,.F.);
#2593=ORIENTED_EDGE('',*,*,#1977,.F.);
#2594=ORIENTED_EDGE('',*,*,#1956,.F.);
#2595=ORIENTED_EDGE('',*,*,#1974,.F.);
#2596=ORIENTED_EDGE('',*,*,#1908,.F.);
#2597=ORIENTED_EDGE('',*,*,#1965,.F.);
#2598=ORIENTED_EDGE('',*,*,#1919,.T.);
#2599=ORIENTED_EDGE('',*,*,#1978,.T.);
#2600=ORIENTED_EDGE('',*,*,#1979,.F.);
#2601=ORIENTED_EDGE('',*,*,#1943,.T.);
#2602=ORIENTED_EDGE('',*,*,#1916,.T.);
#2603=ORIENTED_EDGE('',*,*,#1980,.T.);
#2604=ORIENTED_EDGE('',*,*,#1981,.F.);
#2605=ORIENTED_EDGE('',*,*,#1978,.F.);
#2606=ORIENTED_EDGE('',*,*,#1982,.T.);
#2607=ORIENTED_EDGE('',*,*,#1983,.T.);
#2608=ORIENTED_EDGE('',*,*,#1937,.T.);
#2609=ORIENTED_EDGE('',*,*,#1940,.T.);
#2610=ORIENTED_EDGE('',*,*,#1942,.T.);
#2611=ORIENTED_EDGE('',*,*,#1944,.T.);
#2612=ORIENTED_EDGE('',*,*,#1979,.T.);
#2613=ORIENTED_EDGE('',*,*,#1981,.T.);
#2614=ORIENTED_EDGE('',*,*,#1947,.T.);
#2615=ORIENTED_EDGE('',*,*,#1950,.T.);
#2616=ORIENTED_EDGE('',*,*,#1967,.T.);
#2617=ORIENTED_EDGE('',*,*,#1976,.T.);
#2618=ORIENTED_EDGE('',*,*,#1984,.T.);
#2619=ORIENTED_EDGE('',*,*,#1898,.T.);
#2620=ORIENTED_EDGE('',*,*,#1894,.T.);
#2621=ORIENTED_EDGE('',*,*,#1901,.T.);
#2622=ORIENTED_EDGE('',*,*,#1885,.T.);
#2623=ORIENTED_EDGE('',*,*,#1907,.T.);
#2624=ORIENTED_EDGE('',*,*,#1889,.T.);
#2625=ORIENTED_EDGE('',*,*,#1985,.T.);
#2626=ORIENTED_EDGE('',*,*,#1986,.T.);
#2627=ORIENTED_EDGE('',*,*,#1987,.T.);
#2628=ORIENTED_EDGE('',*,*,#1988,.T.);
#2629=ORIENTED_EDGE('',*,*,#1989,.T.);
#2630=ORIENTED_EDGE('',*,*,#1872,.T.);
#2631=ORIENTED_EDGE('',*,*,#1875,.T.);
#2632=ORIENTED_EDGE('',*,*,#1877,.T.);
#2633=ORIENTED_EDGE('',*,*,#1879,.T.);
#2634=ORIENTED_EDGE('',*,*,#1881,.T.);
#2635=ORIENTED_EDGE('',*,*,#1883,.T.);
#2636=ORIENTED_EDGE('',*,*,#1958,.T.);
#2637=ORIENTED_EDGE('',*,*,#1990,.T.);
#2638=ORIENTED_EDGE('',*,*,#1991,.T.);
#2639=ORIENTED_EDGE('',*,*,#1992,.T.);
#2640=ORIENTED_EDGE('',*,*,#1993,.T.);
#2641=ORIENTED_EDGE('',*,*,#1994,.T.);
#2642=ORIENTED_EDGE('',*,*,#1995,.T.);
#2643=ORIENTED_EDGE('',*,*,#1996,.T.);
#2644=ORIENTED_EDGE('',*,*,#1997,.T.);
#2645=ORIENTED_EDGE('',*,*,#1998,.T.);
#2646=ORIENTED_EDGE('',*,*,#1999,.T.);
#2647=ORIENTED_EDGE('',*,*,#2000,.F.);
#2648=ORIENTED_EDGE('',*,*,#2001,.T.);
#2649=ORIENTED_EDGE('',*,*,#1823,.T.);
#2650=ORIENTED_EDGE('',*,*,#1839,.T.);
#2651=ORIENTED_EDGE('',*,*,#1857,.T.);
#2652=ORIENTED_EDGE('',*,*,#1842,.T.);
#2653=ORIENTED_EDGE('',*,*,#1852,.T.);
#2654=ORIENTED_EDGE('',*,*,#1848,.T.);
#2655=ORIENTED_EDGE('',*,*,#1854,.T.);
#2656=ORIENTED_EDGE('',*,*,#1851,.T.);
#2657=ORIENTED_EDGE('',*,*,#1827,.T.);
#2658=ORIENTED_EDGE('',*,*,#1836,.T.);
#2659=ORIENTED_EDGE('',*,*,#1833,.T.);
#2660=ORIENTED_EDGE('',*,*,#1830,.T.);
#2661=ORIENTED_EDGE('',*,*,#2002,.F.);
#2662=ORIENTED_EDGE('',*,*,#2003,.T.);
#2663=ORIENTED_EDGE('',*,*,#1992,.F.);
#2664=ORIENTED_EDGE('',*,*,#2003,.F.);
#2665=ORIENTED_EDGE('',*,*,#2004,.F.);
#2666=ORIENTED_EDGE('',*,*,#2005,.T.);
#2667=ORIENTED_EDGE('',*,*,#1993,.F.);
#2668=ORIENTED_EDGE('',*,*,#2005,.F.);
#2669=ORIENTED_EDGE('',*,*,#2006,.F.);
#2670=ORIENTED_EDGE('',*,*,#2007,.T.);
#2671=ORIENTED_EDGE('',*,*,#1994,.F.);
#2672=ORIENTED_EDGE('',*,*,#2007,.F.);
#2673=ORIENTED_EDGE('',*,*,#2008,.F.);
#2674=ORIENTED_EDGE('',*,*,#2009,.T.);
#2675=ORIENTED_EDGE('',*,*,#1995,.F.);
#2676=ORIENTED_EDGE('',*,*,#2009,.F.);
#2677=ORIENTED_EDGE('',*,*,#2010,.T.);
#2678=ORIENTED_EDGE('',*,*,#2004,.T.);
#2679=ORIENTED_EDGE('',*,*,#2011,.T.);
#2680=ORIENTED_EDGE('',*,*,#2002,.T.);
#2681=ORIENTED_EDGE('',*,*,#2012,.T.);
#2682=ORIENTED_EDGE('',*,*,#2008,.T.);
#2683=ORIENTED_EDGE('',*,*,#1818,.T.);
#2684=ORIENTED_EDGE('',*,*,#2006,.T.);
#2685=ORIENTED_EDGE('',*,*,#1934,.T.);
#2686=ORIENTED_EDGE('',*,*,#1938,.T.);
#2687=ORIENTED_EDGE('',*,*,#1983,.F.);
#2688=ORIENTED_EDGE('',*,*,#2013,.T.);
#2689=ORIENTED_EDGE('',*,*,#1912,.T.);
#2690=ORIENTED_EDGE('',*,*,#2013,.F.);
#2691=ORIENTED_EDGE('',*,*,#1982,.F.);
#2692=ORIENTED_EDGE('',*,*,#1980,.F.);
#2693=ORIENTED_EDGE('',*,*,#1935,.F.);
#2694=ORIENTED_EDGE('',*,*,#2014,.T.);
#2695=ORIENTED_EDGE('',*,*,#2015,.F.);
#2696=ORIENTED_EDGE('',*,*,#2016,.T.);
#2697=ORIENTED_EDGE('',*,*,#1914,.F.);
#2698=ORIENTED_EDGE('',*,*,#2017,.F.);
#2699=ORIENTED_EDGE('',*,*,#2018,.F.);
#2700=ORIENTED_EDGE('',*,*,#2014,.F.);
#2701=ORIENTED_EDGE('',*,*,#1918,.F.);
#2702=ORIENTED_EDGE('',*,*,#2019,.F.);
#2703=ORIENTED_EDGE('',*,*,#2020,.F.);
#2704=ORIENTED_EDGE('',*,*,#2021,.T.);
#2705=ORIENTED_EDGE('',*,*,#2017,.T.);
#2706=ORIENTED_EDGE('',*,*,#1921,.F.);
#2707=ORIENTED_EDGE('',*,*,#2022,.T.);
#2708=ORIENTED_EDGE('',*,*,#2023,.F.);
#2709=ORIENTED_EDGE('',*,*,#2024,.F.);
#2710=ORIENTED_EDGE('',*,*,#2019,.T.);
#2711=ORIENTED_EDGE('',*,*,#2025,.T.);
#2712=ORIENTED_EDGE('',*,*,#2026,.F.);
#2713=ORIENTED_EDGE('',*,*,#2027,.F.);
#2714=ORIENTED_EDGE('',*,*,#2028,.F.);
#2715=ORIENTED_EDGE('',*,*,#2028,.T.);
#2716=ORIENTED_EDGE('',*,*,#2029,.F.);
#2717=ORIENTED_EDGE('',*,*,#2030,.T.);
#2718=ORIENTED_EDGE('',*,*,#2031,.T.);
#2719=ORIENTED_EDGE('',*,*,#2032,.F.);
#2720=ORIENTED_EDGE('',*,*,#2033,.T.);
#2721=ORIENTED_EDGE('',*,*,#2034,.T.);
#2722=ORIENTED_EDGE('',*,*,#2035,.T.);
#2723=ORIENTED_EDGE('',*,*,#2036,.T.);
#2724=ORIENTED_EDGE('',*,*,#2037,.T.);
#2725=ORIENTED_EDGE('',*,*,#2015,.T.);
#2726=ORIENTED_EDGE('',*,*,#2018,.T.);
#2727=ORIENTED_EDGE('',*,*,#2038,.T.);
#2728=ORIENTED_EDGE('',*,*,#2039,.T.);
#2729=ORIENTED_EDGE('',*,*,#2040,.T.);
#2730=ORIENTED_EDGE('',*,*,#2041,.T.);
#2731=ORIENTED_EDGE('',*,*,#2042,.T.);
#2732=ORIENTED_EDGE('',*,*,#2043,.T.);
#2733=ORIENTED_EDGE('',*,*,#2044,.T.);
#2734=ORIENTED_EDGE('',*,*,#2045,.T.);
#2735=ORIENTED_EDGE('',*,*,#2046,.T.);
#2736=ORIENTED_EDGE('',*,*,#2047,.T.);
#2737=ORIENTED_EDGE('',*,*,#2048,.T.);
#2738=ORIENTED_EDGE('',*,*,#2049,.F.);
#2739=ORIENTED_EDGE('',*,*,#2050,.T.);
#2740=ORIENTED_EDGE('',*,*,#2051,.T.);
#2741=ORIENTED_EDGE('',*,*,#2052,.T.);
#2742=ORIENTED_EDGE('',*,*,#2053,.T.);
#2743=ORIENTED_EDGE('',*,*,#2054,.T.);
#2744=ORIENTED_EDGE('',*,*,#2055,.T.);
#2745=ORIENTED_EDGE('',*,*,#2056,.T.);
#2746=ORIENTED_EDGE('',*,*,#2057,.T.);
#2747=ORIENTED_EDGE('',*,*,#2058,.T.);
#2748=ORIENTED_EDGE('',*,*,#2059,.T.);
#2749=ORIENTED_EDGE('',*,*,#2060,.T.);
#2750=ORIENTED_EDGE('',*,*,#2061,.T.);
#2751=ORIENTED_EDGE('',*,*,#2062,.T.);
#2752=ORIENTED_EDGE('',*,*,#2063,.T.);
#2753=ORIENTED_EDGE('',*,*,#2064,.T.);
#2754=ORIENTED_EDGE('',*,*,#2065,.T.);
#2755=ORIENTED_EDGE('',*,*,#2066,.T.);
#2756=ORIENTED_EDGE('',*,*,#2067,.T.);
#2757=ORIENTED_EDGE('',*,*,#2068,.T.);
#2758=ORIENTED_EDGE('',*,*,#2069,.T.);
#2759=ORIENTED_EDGE('',*,*,#2070,.T.);
#2760=ORIENTED_EDGE('',*,*,#2027,.T.);
#2761=ORIENTED_EDGE('',*,*,#2071,.T.);
#2762=ORIENTED_EDGE('',*,*,#2072,.T.);
#2763=ORIENTED_EDGE('',*,*,#2073,.T.);
#2764=ORIENTED_EDGE('',*,*,#1819,.T.);
#2765=ORIENTED_EDGE('',*,*,#1816,.T.);
#2766=ORIENTED_EDGE('',*,*,#2074,.T.);
#2767=ORIENTED_EDGE('',*,*,#2075,.T.);
#2768=ORIENTED_EDGE('',*,*,#2029,.T.);
#2769=ORIENTED_EDGE('',*,*,#1815,.T.);
#2770=ORIENTED_EDGE('',*,*,#2076,.T.);
#2771=ORIENTED_EDGE('',*,*,#2077,.F.);
#2772=ORIENTED_EDGE('',*,*,#2074,.F.);
#2773=ORIENTED_EDGE('',*,*,#1814,.T.);
#2774=ORIENTED_EDGE('',*,*,#2078,.F.);
#2775=ORIENTED_EDGE('',*,*,#2079,.F.);
#2776=ORIENTED_EDGE('',*,*,#2076,.F.);
#2777=ORIENTED_EDGE('',*,*,#1813,.T.);
#2778=ORIENTED_EDGE('',*,*,#2080,.F.);
#2779=ORIENTED_EDGE('',*,*,#2081,.T.);
#2780=ORIENTED_EDGE('',*,*,#2082,.T.);
#2781=ORIENTED_EDGE('',*,*,#2078,.T.);
#2782=ORIENTED_EDGE('',*,*,#1812,.T.);
#2783=ORIENTED_EDGE('',*,*,#2083,.F.);
#2784=ORIENTED_EDGE('',*,*,#2084,.T.);
#2785=ORIENTED_EDGE('',*,*,#2080,.T.);
#2786=ORIENTED_EDGE('',*,*,#2085,.F.);
#2787=ORIENTED_EDGE('',*,*,#2086,.F.);
#2788=ORIENTED_EDGE('',*,*,#2087,.F.);
#2789=ORIENTED_EDGE('',*,*,#2088,.F.);
#2790=ORIENTED_EDGE('',*,*,#2089,.F.);
#2791=ORIENTED_EDGE('',*,*,#2090,.F.);
#2792=ORIENTED_EDGE('',*,*,#2091,.F.);
#2793=ORIENTED_EDGE('',*,*,#2081,.F.);
#2794=ORIENTED_EDGE('',*,*,#2084,.F.);
#2795=ORIENTED_EDGE('',*,*,#2092,.F.);
#2796=ORIENTED_EDGE('',*,*,#2031,.F.);
#2797=ORIENTED_EDGE('',*,*,#2093,.F.);
#2798=ORIENTED_EDGE('',*,*,#1811,.T.);
#2799=ORIENTED_EDGE('',*,*,#2094,.T.);
#2800=ORIENTED_EDGE('',*,*,#2086,.T.);
#2801=ORIENTED_EDGE('',*,*,#2095,.T.);
#2802=ORIENTED_EDGE('',*,*,#2025,.F.);
#2803=ORIENTED_EDGE('',*,*,#2032,.T.);
#2804=ORIENTED_EDGE('',*,*,#2092,.T.);
#2805=ORIENTED_EDGE('',*,*,#2083,.T.);
#2806=ORIENTED_EDGE('',*,*,#1810,.T.);
#2807=ORIENTED_EDGE('',*,*,#2096,.T.);
#2808=ORIENTED_EDGE('',*,*,#2087,.T.);
#2809=ORIENTED_EDGE('',*,*,#2094,.F.);
#2810=ORIENTED_EDGE('',*,*,#1809,.T.);
#2811=ORIENTED_EDGE('',*,*,#2097,.T.);
#2812=ORIENTED_EDGE('',*,*,#2098,.T.);
#2813=ORIENTED_EDGE('',*,*,#2099,.F.);
#2814=ORIENTED_EDGE('',*,*,#2088,.T.);
#2815=ORIENTED_EDGE('',*,*,#2096,.F.);
#2816=ORIENTED_EDGE('',*,*,#2091,.T.);
#2817=ORIENTED_EDGE('',*,*,#2100,.F.);
#2818=ORIENTED_EDGE('',*,*,#2079,.T.);
#2819=ORIENTED_EDGE('',*,*,#2082,.F.);
#2820=ORIENTED_EDGE('',*,*,#2089,.T.);
#2821=ORIENTED_EDGE('',*,*,#2099,.T.);
#2822=ORIENTED_EDGE('',*,*,#2101,.F.);
#2823=ORIENTED_EDGE('',*,*,#2102,.T.);
#2824=ORIENTED_EDGE('',*,*,#2103,.T.);
#2825=ORIENTED_EDGE('',*,*,#1821,.T.);
#2826=ORIENTED_EDGE('',*,*,#2104,.F.);
#2827=ORIENTED_EDGE('',*,*,#2101,.T.);
#2828=ORIENTED_EDGE('',*,*,#2098,.F.);
#2829=ORIENTED_EDGE('',*,*,#1820,.T.);
#2830=ORIENTED_EDGE('',*,*,#2073,.F.);
#2831=ORIENTED_EDGE('',*,*,#2105,.T.);
#2832=ORIENTED_EDGE('',*,*,#2104,.T.);
#2833=ORIENTED_EDGE('',*,*,#2093,.T.);
#2834=ORIENTED_EDGE('',*,*,#2030,.F.);
#2835=ORIENTED_EDGE('',*,*,#2075,.F.);
#2836=ORIENTED_EDGE('',*,*,#2077,.T.);
#2837=ORIENTED_EDGE('',*,*,#2100,.T.);
#2838=ORIENTED_EDGE('',*,*,#2026,.T.);
#2839=ORIENTED_EDGE('',*,*,#2095,.F.);
#2840=ORIENTED_EDGE('',*,*,#2085,.T.);
#2841=ORIENTED_EDGE('',*,*,#2106,.F.);
#2842=ORIENTED_EDGE('',*,*,#2071,.F.);
#2843=ORIENTED_EDGE('',*,*,#2090,.T.);
#2844=ORIENTED_EDGE('',*,*,#2102,.F.);
#2845=ORIENTED_EDGE('',*,*,#2105,.F.);
#2846=ORIENTED_EDGE('',*,*,#2072,.F.);
#2847=ORIENTED_EDGE('',*,*,#2106,.T.);
#2848=ORIENTED_EDGE('',*,*,#2107,.T.);
#2849=ORIENTED_EDGE('',*,*,#2108,.T.);
#2850=ORIENTED_EDGE('',*,*,#2109,.F.);
#2851=ORIENTED_EDGE('',*,*,#2110,.F.);
#2852=ORIENTED_EDGE('',*,*,#2111,.T.);
#2853=ORIENTED_EDGE('',*,*,#2112,.T.);
#2854=ORIENTED_EDGE('',*,*,#2113,.T.);
#2855=ORIENTED_EDGE('',*,*,#2114,.F.);
#2856=ORIENTED_EDGE('',*,*,#2115,.F.);
#2857=ORIENTED_EDGE('',*,*,#2116,.F.);
#2858=ORIENTED_EDGE('',*,*,#2117,.F.);
#2859=ORIENTED_EDGE('',*,*,#2115,.T.);
#2860=ORIENTED_EDGE('',*,*,#2118,.F.);
#2861=ORIENTED_EDGE('',*,*,#2119,.F.);
#2862=ORIENTED_EDGE('',*,*,#2120,.T.);
#2863=ORIENTED_EDGE('',*,*,#2121,.T.);
#2864=ORIENTED_EDGE('',*,*,#2122,.T.);
#2865=ORIENTED_EDGE('',*,*,#2123,.F.);
#2866=ORIENTED_EDGE('',*,*,#2108,.F.);
#2867=ORIENTED_EDGE('',*,*,#2124,.T.);
#2868=ORIENTED_EDGE('',*,*,#2123,.T.);
#2869=ORIENTED_EDGE('',*,*,#2125,.T.);
#2870=ORIENTED_EDGE('',*,*,#2118,.T.);
#2871=ORIENTED_EDGE('',*,*,#2114,.T.);
#2872=ORIENTED_EDGE('',*,*,#2126,.T.);
#2873=ORIENTED_EDGE('',*,*,#2109,.T.);
#2874=ORIENTED_EDGE('',*,*,#2116,.T.);
#2875=ORIENTED_EDGE('',*,*,#2117,.T.);
#2876=ORIENTED_EDGE('',*,*,#2127,.T.);
#2877=ORIENTED_EDGE('',*,*,#2020,.T.);
#2878=ORIENTED_EDGE('',*,*,#2024,.T.);
#2879=ORIENTED_EDGE('',*,*,#2128,.T.);
#2880=ORIENTED_EDGE('',*,*,#2046,.F.);
#2881=ORIENTED_EDGE('',*,*,#2129,.F.);
#2882=ORIENTED_EDGE('',*,*,#2112,.F.);
#2883=ORIENTED_EDGE('',*,*,#2130,.T.);
#2884=ORIENTED_EDGE('',*,*,#2045,.F.);
#2885=ORIENTED_EDGE('',*,*,#2131,.F.);
#2886=ORIENTED_EDGE('',*,*,#2110,.T.);
#2887=ORIENTED_EDGE('',*,*,#2126,.F.);
#2888=ORIENTED_EDGE('',*,*,#2113,.F.);
#2889=ORIENTED_EDGE('',*,*,#2129,.T.);
#2890=ORIENTED_EDGE('',*,*,#2044,.F.);
#2891=ORIENTED_EDGE('',*,*,#2132,.F.);
#2892=ORIENTED_EDGE('',*,*,#2111,.F.);
#2893=ORIENTED_EDGE('',*,*,#2131,.T.);
#2894=ORIENTED_EDGE('',*,*,#2043,.F.);
#2895=ORIENTED_EDGE('',*,*,#2133,.F.);
#2896=ORIENTED_EDGE('',*,*,#2107,.F.);
#2897=ORIENTED_EDGE('',*,*,#2132,.T.);
#2898=ORIENTED_EDGE('',*,*,#2042,.F.);
#2899=ORIENTED_EDGE('',*,*,#2134,.F.);
#2900=ORIENTED_EDGE('',*,*,#2124,.F.);
#2901=ORIENTED_EDGE('',*,*,#2133,.T.);
#2902=ORIENTED_EDGE('',*,*,#2041,.F.);
#2903=ORIENTED_EDGE('',*,*,#2135,.F.);
#2904=ORIENTED_EDGE('',*,*,#2121,.F.);
#2905=ORIENTED_EDGE('',*,*,#2134,.T.);
#2906=ORIENTED_EDGE('',*,*,#2033,.F.);
#2907=ORIENTED_EDGE('',*,*,#2130,.F.);
#2908=ORIENTED_EDGE('',*,*,#2128,.F.);
#2909=ORIENTED_EDGE('',*,*,#2023,.T.);
#2910=ORIENTED_EDGE('',*,*,#2038,.F.);
#2911=ORIENTED_EDGE('',*,*,#2021,.F.);
#2912=ORIENTED_EDGE('',*,*,#2127,.F.);
#2913=ORIENTED_EDGE('',*,*,#2136,.T.);
#2914=ORIENTED_EDGE('',*,*,#2039,.F.);
#2915=ORIENTED_EDGE('',*,*,#2136,.F.);
#2916=ORIENTED_EDGE('',*,*,#2120,.F.);
#2917=ORIENTED_EDGE('',*,*,#2137,.F.);
#2918=ORIENTED_EDGE('',*,*,#2040,.F.);
#2919=ORIENTED_EDGE('',*,*,#2137,.T.);
#2920=ORIENTED_EDGE('',*,*,#2119,.T.);
#2921=ORIENTED_EDGE('',*,*,#2125,.F.);
#2922=ORIENTED_EDGE('',*,*,#2122,.F.);
#2923=ORIENTED_EDGE('',*,*,#2135,.T.);
#2924=ORIENTED_EDGE('',*,*,#2138,.T.);
#2925=ORIENTED_EDGE('',*,*,#2139,.F.);
#2926=ORIENTED_EDGE('',*,*,#2140,.F.);
#2927=ORIENTED_EDGE('',*,*,#2069,.F.);
#2928=ORIENTED_EDGE('',*,*,#2141,.T.);
#2929=ORIENTED_EDGE('',*,*,#2142,.F.);
#2930=ORIENTED_EDGE('',*,*,#2143,.T.);
#2931=ORIENTED_EDGE('',*,*,#2144,.F.);
#2932=ORIENTED_EDGE('',*,*,#2145,.F.);
#2933=ORIENTED_EDGE('',*,*,#2142,.T.);
#2934=ORIENTED_EDGE('',*,*,#2146,.T.);
#2935=ORIENTED_EDGE('',*,*,#2147,.T.);
#2936=ORIENTED_EDGE('',*,*,#2148,.F.);
#2937=ORIENTED_EDGE('',*,*,#2144,.T.);
#2938=ORIENTED_EDGE('',*,*,#2149,.F.);
#2939=ORIENTED_EDGE('',*,*,#2150,.T.);
#2940=ORIENTED_EDGE('',*,*,#2151,.T.);
#2941=ORIENTED_EDGE('',*,*,#2147,.F.);
#2942=ORIENTED_EDGE('',*,*,#2152,.F.);
#2943=ORIENTED_EDGE('',*,*,#2067,.F.);
#2944=ORIENTED_EDGE('',*,*,#2153,.T.);
#2945=ORIENTED_EDGE('',*,*,#2150,.F.);
#2946=ORIENTED_EDGE('',*,*,#2154,.T.);
#2947=ORIENTED_EDGE('',*,*,#2064,.F.);
#2948=ORIENTED_EDGE('',*,*,#2155,.F.);
#2949=ORIENTED_EDGE('',*,*,#2156,.F.);
#2950=ORIENTED_EDGE('',*,*,#2070,.F.);
#2951=ORIENTED_EDGE('',*,*,#2140,.T.);
#2952=ORIENTED_EDGE('',*,*,#2146,.F.);
#2953=ORIENTED_EDGE('',*,*,#2141,.F.);
#2954=ORIENTED_EDGE('',*,*,#2068,.F.);
#2955=ORIENTED_EDGE('',*,*,#2152,.T.);
#2956=ORIENTED_EDGE('',*,*,#2157,.T.);
#2957=ORIENTED_EDGE('',*,*,#2061,.F.);
#2958=ORIENTED_EDGE('',*,*,#2156,.T.);
#2959=ORIENTED_EDGE('',*,*,#2158,.F.);
#2960=ORIENTED_EDGE('',*,*,#2159,.F.);
#2961=ORIENTED_EDGE('',*,*,#2158,.T.);
#2962=ORIENTED_EDGE('',*,*,#2155,.T.);
#2963=ORIENTED_EDGE('',*,*,#2139,.T.);
#2964=ORIENTED_EDGE('',*,*,#2160,.T.);
#2965=ORIENTED_EDGE('',*,*,#2161,.T.);
#2966=ORIENTED_EDGE('',*,*,#2162,.F.);
#2967=ORIENTED_EDGE('',*,*,#2163,.F.);
#2968=ORIENTED_EDGE('',*,*,#2059,.F.);
#2969=ORIENTED_EDGE('',*,*,#2164,.T.);
#2970=ORIENTED_EDGE('',*,*,#2165,.F.);
#2971=ORIENTED_EDGE('',*,*,#2166,.F.);
#2972=ORIENTED_EDGE('',*,*,#2165,.T.);
#2973=ORIENTED_EDGE('',*,*,#2167,.T.);
#2974=ORIENTED_EDGE('',*,*,#2168,.T.);
#2975=ORIENTED_EDGE('',*,*,#2169,.F.);
#2976=ORIENTED_EDGE('',*,*,#2170,.T.);
#2977=ORIENTED_EDGE('',*,*,#2171,.T.);
#2978=ORIENTED_EDGE('',*,*,#2162,.T.);
#2979=ORIENTED_EDGE('',*,*,#2172,.T.);
#2980=ORIENTED_EDGE('',*,*,#2168,.F.);
#2981=ORIENTED_EDGE('',*,*,#2173,.F.);
#2982=ORIENTED_EDGE('',*,*,#2057,.F.);
#2983=ORIENTED_EDGE('',*,*,#2171,.F.);
#2984=ORIENTED_EDGE('',*,*,#2174,.F.);
#2985=ORIENTED_EDGE('',*,*,#2060,.F.);
#2986=ORIENTED_EDGE('',*,*,#2163,.T.);
#2987=ORIENTED_EDGE('',*,*,#2167,.F.);
#2988=ORIENTED_EDGE('',*,*,#2164,.F.);
#2989=ORIENTED_EDGE('',*,*,#2058,.F.);
#2990=ORIENTED_EDGE('',*,*,#2173,.T.);
#2991=ORIENTED_EDGE('',*,*,#2175,.T.);
#2992=ORIENTED_EDGE('',*,*,#2055,.F.);
#2993=ORIENTED_EDGE('',*,*,#2174,.T.);
#2994=ORIENTED_EDGE('',*,*,#2170,.F.);
#2995=ORIENTED_EDGE('',*,*,#2176,.F.);
#2996=ORIENTED_EDGE('',*,*,#2177,.T.);
#2997=ORIENTED_EDGE('',*,*,#2178,.F.);
#2998=ORIENTED_EDGE('',*,*,#2179,.F.);
#2999=ORIENTED_EDGE('',*,*,#2180,.T.);
#3000=ORIENTED_EDGE('',*,*,#2181,.F.);
#3001=ORIENTED_EDGE('',*,*,#2182,.T.);
#3002=ORIENTED_EDGE('',*,*,#2183,.T.);
#3003=ORIENTED_EDGE('',*,*,#2179,.T.);
#3004=ORIENTED_EDGE('',*,*,#2184,.F.);
#3005=ORIENTED_EDGE('',*,*,#2185,.T.);
#3006=ORIENTED_EDGE('',*,*,#2186,.F.);
#3007=ORIENTED_EDGE('',*,*,#2178,.T.);
#3008=ORIENTED_EDGE('',*,*,#2187,.T.);
#3009=ORIENTED_EDGE('',*,*,#2188,.F.);
#3010=ORIENTED_EDGE('',*,*,#2189,.T.);
#3011=ORIENTED_EDGE('',*,*,#2190,.F.);
#3012=ORIENTED_EDGE('',*,*,#2183,.F.);
#3013=ORIENTED_EDGE('',*,*,#2191,.T.);
#3014=ORIENTED_EDGE('',*,*,#2192,.T.);
#3015=ORIENTED_EDGE('',*,*,#2193,.F.);
#3016=ORIENTED_EDGE('',*,*,#2190,.T.);
#3017=ORIENTED_EDGE('',*,*,#2194,.F.);
#3018=ORIENTED_EDGE('',*,*,#2195,.T.);
#3019=ORIENTED_EDGE('',*,*,#2196,.F.);
#3020=ORIENTED_EDGE('',*,*,#2197,.F.);
#3021=ORIENTED_EDGE('',*,*,#2198,.T.);
#3022=ORIENTED_EDGE('',*,*,#2197,.T.);
#3023=ORIENTED_EDGE('',*,*,#2199,.F.);
#3024=ORIENTED_EDGE('',*,*,#2200,.T.);
#3025=ORIENTED_EDGE('',*,*,#2201,.T.);
#3026=ORIENTED_EDGE('',*,*,#2202,.F.);
#3027=ORIENTED_EDGE('',*,*,#2196,.T.);
#3028=ORIENTED_EDGE('',*,*,#2203,.T.);
#3029=ORIENTED_EDGE('',*,*,#2204,.F.);
#3030=ORIENTED_EDGE('',*,*,#2205,.T.);
#3031=ORIENTED_EDGE('',*,*,#2206,.F.);
#3032=ORIENTED_EDGE('',*,*,#2207,.T.);
#3033=ORIENTED_EDGE('',*,*,#2208,.F.);
#3034=ORIENTED_EDGE('',*,*,#2203,.F.);
#3035=ORIENTED_EDGE('',*,*,#2209,.T.);
#3036=ORIENTED_EDGE('',*,*,#2210,.F.);
#3037=ORIENTED_EDGE('',*,*,#2208,.T.);
#3038=ORIENTED_EDGE('',*,*,#2211,.T.);
#3039=ORIENTED_EDGE('',*,*,#2212,.F.);
#3040=ORIENTED_EDGE('',*,*,#2213,.T.);
#3041=ORIENTED_EDGE('',*,*,#2214,.F.);
#3042=ORIENTED_EDGE('',*,*,#2215,.F.);
#3043=ORIENTED_EDGE('',*,*,#2216,.T.);
#3044=ORIENTED_EDGE('',*,*,#2217,.T.);
#3045=ORIENTED_EDGE('',*,*,#2218,.F.);
#3046=ORIENTED_EDGE('',*,*,#2214,.T.);
#3047=ORIENTED_EDGE('',*,*,#2215,.T.);
#3048=ORIENTED_EDGE('',*,*,#2219,.F.);
#3049=ORIENTED_EDGE('',*,*,#2220,.T.);
#3050=ORIENTED_EDGE('',*,*,#2221,.T.);
#3051=ORIENTED_EDGE('',*,*,#2222,.F.);
#3052=ORIENTED_EDGE('',*,*,#2223,.T.);
#3053=ORIENTED_EDGE('',*,*,#2224,.F.);
#3054=ORIENTED_EDGE('',*,*,#2225,.T.);
#3055=ORIENTED_EDGE('',*,*,#2226,.F.);
#3056=ORIENTED_EDGE('',*,*,#2221,.F.);
#3057=ORIENTED_EDGE('',*,*,#2227,.T.);
#3058=ORIENTED_EDGE('',*,*,#2228,.T.);
#3059=ORIENTED_EDGE('',*,*,#2229,.F.);
#3060=ORIENTED_EDGE('',*,*,#2226,.T.);
#3061=ORIENTED_EDGE('',*,*,#2230,.F.);
#3062=ORIENTED_EDGE('',*,*,#2231,.T.);
#3063=ORIENTED_EDGE('',*,*,#2232,.F.);
#3064=ORIENTED_EDGE('',*,*,#2233,.F.);
#3065=ORIENTED_EDGE('',*,*,#2234,.T.);
#3066=ORIENTED_EDGE('',*,*,#2235,.T.);
#3067=ORIENTED_EDGE('',*,*,#2236,.F.);
#3068=ORIENTED_EDGE('',*,*,#2237,.T.);
#3069=ORIENTED_EDGE('',*,*,#2238,.F.);
#3070=ORIENTED_EDGE('',*,*,#2239,.T.);
#3071=ORIENTED_EDGE('',*,*,#2240,.F.);
#3072=ORIENTED_EDGE('',*,*,#2235,.F.);
#3073=ORIENTED_EDGE('',*,*,#2241,.T.);
#3074=ORIENTED_EDGE('',*,*,#2242,.F.);
#3075=ORIENTED_EDGE('',*,*,#2240,.T.);
#3076=ORIENTED_EDGE('',*,*,#2243,.T.);
#3077=ORIENTED_EDGE('',*,*,#2244,.T.);
#3078=ORIENTED_EDGE('',*,*,#2245,.F.);
#3079=ORIENTED_EDGE('',*,*,#2232,.T.);
#3080=ORIENTED_EDGE('',*,*,#2246,.F.);
#3081=ORIENTED_EDGE('',*,*,#2247,.T.);
#3082=ORIENTED_EDGE('',*,*,#2233,.T.);
#3083=ORIENTED_EDGE('',*,*,#2248,.F.);
#3084=ORIENTED_EDGE('',*,*,#2249,.F.);
#3085=ORIENTED_EDGE('',*,*,#2250,.F.);
#3086=ORIENTED_EDGE('',*,*,#2227,.F.);
#3087=ORIENTED_EDGE('',*,*,#2223,.F.);
#3088=ORIENTED_EDGE('',*,*,#2217,.F.);
#3089=ORIENTED_EDGE('',*,*,#2213,.F.);
#3090=ORIENTED_EDGE('',*,*,#2251,.F.);
#3091=ORIENTED_EDGE('',*,*,#2252,.T.);
#3092=ORIENTED_EDGE('',*,*,#2253,.F.);
#3093=ORIENTED_EDGE('',*,*,#2254,.F.);
#3094=ORIENTED_EDGE('',*,*,#2255,.F.);
#3095=ORIENTED_EDGE('',*,*,#2216,.F.);
#3096=ORIENTED_EDGE('',*,*,#2220,.F.);
#3097=ORIENTED_EDGE('',*,*,#2228,.F.);
#3098=ORIENTED_EDGE('',*,*,#2225,.F.);
#3099=ORIENTED_EDGE('',*,*,#2256,.F.);
#3100=ORIENTED_EDGE('',*,*,#2257,.T.);
#3101=ORIENTED_EDGE('',*,*,#2212,.T.);
#3102=ORIENTED_EDGE('',*,*,#2255,.T.);
#3103=ORIENTED_EDGE('',*,*,#2258,.T.);
#3104=ORIENTED_EDGE('',*,*,#2251,.T.);
#3105=ORIENTED_EDGE('',*,*,#2188,.T.);
#3106=ORIENTED_EDGE('',*,*,#2259,.T.);
#3107=ORIENTED_EDGE('',*,*,#2260,.T.);
#3108=ORIENTED_EDGE('',*,*,#2261,.T.);
#3109=ORIENTED_EDGE('',*,*,#2262,.F.);
#3110=ORIENTED_EDGE('',*,*,#2263,.F.);
#3111=ORIENTED_EDGE('',*,*,#2264,.F.);
#3112=ORIENTED_EDGE('',*,*,#2234,.F.);
#3113=ORIENTED_EDGE('',*,*,#2247,.F.);
#3114=ORIENTED_EDGE('',*,*,#2243,.F.);
#3115=ORIENTED_EDGE('',*,*,#2239,.F.);
#3116=ORIENTED_EDGE('',*,*,#2265,.F.);
#3117=ORIENTED_EDGE('',*,*,#2266,.T.);
#3118=ORIENTED_EDGE('',*,*,#2267,.F.);
#3119=ORIENTED_EDGE('',*,*,#2268,.F.);
#3120=ORIENTED_EDGE('',*,*,#2269,.F.);
#3121=ORIENTED_EDGE('',*,*,#2241,.F.);
#3122=ORIENTED_EDGE('',*,*,#2237,.F.);
#3123=ORIENTED_EDGE('',*,*,#2244,.F.);
#3124=ORIENTED_EDGE('',*,*,#2231,.F.);
#3125=ORIENTED_EDGE('',*,*,#2270,.F.);
#3126=ORIENTED_EDGE('',*,*,#2271,.T.);
#3127=ORIENTED_EDGE('',*,*,#2265,.T.);
#3128=ORIENTED_EDGE('',*,*,#2238,.T.);
#3129=ORIENTED_EDGE('',*,*,#2269,.T.);
#3130=ORIENTED_EDGE('',*,*,#2272,.T.);
#3131=ORIENTED_EDGE('',*,*,#2273,.T.);
#3132=ORIENTED_EDGE('',*,*,#2206,.T.);
#3133=ORIENTED_EDGE('',*,*,#2274,.T.);
#3134=ORIENTED_EDGE('',*,*,#2275,.T.);
#3135=ORIENTED_EDGE('',*,*,#2250,.T.);
#3136=ORIENTED_EDGE('',*,*,#2276,.T.);
#3137=ORIENTED_EDGE('',*,*,#2256,.T.);
#3138=ORIENTED_EDGE('',*,*,#2224,.T.);
#3139=ORIENTED_EDGE('',*,*,#2277,.F.);
#3140=ORIENTED_EDGE('',*,*,#2278,.F.);
#3141=ORIENTED_EDGE('',*,*,#2259,.F.);
#3142=ORIENTED_EDGE('',*,*,#2191,.F.);
#3143=ORIENTED_EDGE('',*,*,#2182,.F.);
#3144=ORIENTED_EDGE('',*,*,#2187,.F.);
#3145=ORIENTED_EDGE('',*,*,#2177,.F.);
#3146=ORIENTED_EDGE('',*,*,#2279,.F.);
#3147=ORIENTED_EDGE('',*,*,#2280,.T.);
#3148=ORIENTED_EDGE('',*,*,#2281,.F.);
#3149=ORIENTED_EDGE('',*,*,#2282,.F.);
#3150=ORIENTED_EDGE('',*,*,#2283,.F.);
#3151=ORIENTED_EDGE('',*,*,#2180,.F.);
#3152=ORIENTED_EDGE('',*,*,#2185,.F.);
#3153=ORIENTED_EDGE('',*,*,#2192,.F.);
#3154=ORIENTED_EDGE('',*,*,#2189,.F.);
#3155=ORIENTED_EDGE('',*,*,#2261,.F.);
#3156=ORIENTED_EDGE('',*,*,#2284,.T.);
#3157=ORIENTED_EDGE('',*,*,#2283,.T.);
#3158=ORIENTED_EDGE('',*,*,#2285,.T.);
#3159=ORIENTED_EDGE('',*,*,#2279,.T.);
#3160=ORIENTED_EDGE('',*,*,#2176,.T.);
#3161=ORIENTED_EDGE('',*,*,#2264,.T.);
#3162=ORIENTED_EDGE('',*,*,#2286,.T.);
#3163=ORIENTED_EDGE('',*,*,#2270,.T.);
#3164=ORIENTED_EDGE('',*,*,#2230,.T.);
#3165=ORIENTED_EDGE('',*,*,#2287,.F.);
#3166=ORIENTED_EDGE('',*,*,#2288,.F.);
#3167=ORIENTED_EDGE('',*,*,#2274,.F.);
#3168=ORIENTED_EDGE('',*,*,#2209,.F.);
#3169=ORIENTED_EDGE('',*,*,#2205,.F.);
#3170=ORIENTED_EDGE('',*,*,#2201,.F.);
#3171=ORIENTED_EDGE('',*,*,#2195,.F.);
#3172=ORIENTED_EDGE('',*,*,#2289,.F.);
#3173=ORIENTED_EDGE('',*,*,#2290,.T.);
#3174=ORIENTED_EDGE('',*,*,#2291,.F.);
#3175=ORIENTED_EDGE('',*,*,#2292,.F.);
#3176=ORIENTED_EDGE('',*,*,#2293,.F.);
#3177=ORIENTED_EDGE('',*,*,#2198,.F.);
#3178=ORIENTED_EDGE('',*,*,#2200,.F.);
#3179=ORIENTED_EDGE('',*,*,#2211,.F.);
#3180=ORIENTED_EDGE('',*,*,#2207,.F.);
#3181=ORIENTED_EDGE('',*,*,#2273,.F.);
#3182=ORIENTED_EDGE('',*,*,#2294,.T.);
#3183=ORIENTED_EDGE('',*,*,#2289,.T.);
#3184=ORIENTED_EDGE('',*,*,#2194,.T.);
#3185=ORIENTED_EDGE('',*,*,#2293,.T.);
#3186=ORIENTED_EDGE('',*,*,#2295,.T.);
#3187=ORIENTED_EDGE('',*,*,#2262,.T.);
#3188=ORIENTED_EDGE('',*,*,#2296,.T.);
#3189=ORIENTED_EDGE('',*,*,#2281,.T.);
#3190=ORIENTED_EDGE('',*,*,#2297,.T.);
#3191=ORIENTED_EDGE('',*,*,#2298,.T.);
#3192=ORIENTED_EDGE('',*,*,#2287,.T.);
#3193=ORIENTED_EDGE('',*,*,#2299,.T.);
#3194=ORIENTED_EDGE('',*,*,#2253,.T.);
#3195=ORIENTED_EDGE('',*,*,#2300,.T.);
#3196=ORIENTED_EDGE('',*,*,#2301,.T.);
#3197=ORIENTED_EDGE('',*,*,#2267,.T.);
#3198=ORIENTED_EDGE('',*,*,#2302,.T.);
#3199=ORIENTED_EDGE('',*,*,#2303,.T.);
#3200=ORIENTED_EDGE('',*,*,#2277,.T.);
#3201=ORIENTED_EDGE('',*,*,#2291,.T.);
#3202=ORIENTED_EDGE('',*,*,#2304,.T.);
#3203=ORIENTED_EDGE('',*,*,#2305,.T.);
#3204=ORIENTED_EDGE('',*,*,#2248,.T.);
#3205=ORIENTED_EDGE('',*,*,#2306,.T.);
#3206=ORIENTED_EDGE('',*,*,#2307,.T.);
#3207=ORIENTED_EDGE('',*,*,#2047,.F.);
#3208=ORIENTED_EDGE('',*,*,#2308,.T.);
#3209=ORIENTED_EDGE('',*,*,#2222,.T.);
#3210=ORIENTED_EDGE('',*,*,#2229,.T.);
#3211=ORIENTED_EDGE('',*,*,#2219,.T.);
#3212=ORIENTED_EDGE('',*,*,#2218,.T.);
#3213=ORIENTED_EDGE('',*,*,#2308,.F.);
#3214=ORIENTED_EDGE('',*,*,#2309,.F.);
#3215=ORIENTED_EDGE('',*,*,#2051,.F.);
#3216=ORIENTED_EDGE('',*,*,#2310,.T.);
#3217=ORIENTED_EDGE('',*,*,#1998,.F.);
#3218=ORIENTED_EDGE('',*,*,#2052,.F.);
#3219=ORIENTED_EDGE('',*,*,#2311,.T.);
#3220=ORIENTED_EDGE('',*,*,#2181,.T.);
#3221=ORIENTED_EDGE('',*,*,#2193,.T.);
#3222=ORIENTED_EDGE('',*,*,#2184,.T.);
#3223=ORIENTED_EDGE('',*,*,#2186,.T.);
#3224=ORIENTED_EDGE('',*,*,#2311,.F.);
#3225=ORIENTED_EDGE('',*,*,#2053,.F.);
#3226=ORIENTED_EDGE('',*,*,#2312,.T.);
#3227=ORIENTED_EDGE('',*,*,#2199,.T.);
#3228=ORIENTED_EDGE('',*,*,#2202,.T.);
#3229=ORIENTED_EDGE('',*,*,#2204,.T.);
#3230=ORIENTED_EDGE('',*,*,#2210,.T.);
#3231=ORIENTED_EDGE('',*,*,#2312,.F.);
#3232=ORIENTED_EDGE('',*,*,#2054,.F.);
#3233=ORIENTED_EDGE('',*,*,#2313,.T.);
#3234=ORIENTED_EDGE('',*,*,#2236,.T.);
#3235=ORIENTED_EDGE('',*,*,#2242,.T.);
#3236=ORIENTED_EDGE('',*,*,#2246,.T.);
#3237=ORIENTED_EDGE('',*,*,#2245,.T.);
#3238=ORIENTED_EDGE('',*,*,#2313,.F.);
#3239=ORIENTED_EDGE('',*,*,#1924,.F.);
#3240=ORIENTED_EDGE('',*,*,#2314,.F.);
#3241=ORIENTED_EDGE('',*,*,#2034,.F.);
#3242=ORIENTED_EDGE('',*,*,#2022,.F.);
#3243=ORIENTED_EDGE('',*,*,#1927,.F.);
#3244=ORIENTED_EDGE('',*,*,#2315,.T.);
#3245=ORIENTED_EDGE('',*,*,#2035,.F.);
#3246=ORIENTED_EDGE('',*,*,#2314,.T.);
#3247=ORIENTED_EDGE('',*,*,#1930,.F.);
#3248=ORIENTED_EDGE('',*,*,#2316,.F.);
#3249=ORIENTED_EDGE('',*,*,#2036,.F.);
#3250=ORIENTED_EDGE('',*,*,#2315,.F.);
#3251=ORIENTED_EDGE('',*,*,#1933,.F.);
#3252=ORIENTED_EDGE('',*,*,#2016,.F.);
#3253=ORIENTED_EDGE('',*,*,#2037,.F.);
#3254=ORIENTED_EDGE('',*,*,#2316,.T.);
#3255=ORIENTED_EDGE('',*,*,#2310,.F.);
#3256=ORIENTED_EDGE('',*,*,#2050,.F.);
#3257=ORIENTED_EDGE('',*,*,#2317,.T.);
#3258=ORIENTED_EDGE('',*,*,#1999,.F.);
#3259=ORIENTED_EDGE('',*,*,#1865,.T.);
#3260=ORIENTED_EDGE('',*,*,#2318,.F.);
#3261=ORIENTED_EDGE('',*,*,#1988,.F.);
#3262=ORIENTED_EDGE('',*,*,#2319,.T.);
#3263=ORIENTED_EDGE('',*,*,#1864,.T.);
#3264=ORIENTED_EDGE('',*,*,#1873,.F.);
#3265=ORIENTED_EDGE('',*,*,#1989,.F.);
#3266=ORIENTED_EDGE('',*,*,#2318,.T.);
#3267=ORIENTED_EDGE('',*,*,#1808,.T.);
#3268=ORIENTED_EDGE('',*,*,#2103,.F.);
#3269=ORIENTED_EDGE('',*,*,#2097,.F.);
#3270=ORIENTED_EDGE('',*,*,#2062,.F.);
#3271=ORIENTED_EDGE('',*,*,#2157,.F.);
#3272=ORIENTED_EDGE('',*,*,#2159,.T.);
#3273=ORIENTED_EDGE('',*,*,#2138,.F.);
#3274=ORIENTED_EDGE('',*,*,#2148,.T.);
#3275=ORIENTED_EDGE('',*,*,#2153,.F.);
#3276=ORIENTED_EDGE('',*,*,#2063,.F.);
#3277=ORIENTED_EDGE('',*,*,#2320,.T.);
#3278=ORIENTED_EDGE('',*,*,#2010,.F.);
#3279=ORIENTED_EDGE('',*,*,#2320,.F.);
#3280=ORIENTED_EDGE('',*,*,#2065,.F.);
#3281=ORIENTED_EDGE('',*,*,#2154,.F.);
#3282=ORIENTED_EDGE('',*,*,#2149,.T.);
#3283=ORIENTED_EDGE('',*,*,#2143,.F.);
#3284=ORIENTED_EDGE('',*,*,#2145,.T.);
#3285=ORIENTED_EDGE('',*,*,#2151,.F.);
#3286=ORIENTED_EDGE('',*,*,#2066,.F.);
#3287=ORIENTED_EDGE('',*,*,#2321,.T.);
#3288=ORIENTED_EDGE('',*,*,#2011,.F.);
#3289=ORIENTED_EDGE('',*,*,#2321,.F.);
#3290=ORIENTED_EDGE('',*,*,#2160,.F.);
#3291=ORIENTED_EDGE('',*,*,#2166,.T.);
#3292=ORIENTED_EDGE('',*,*,#2172,.F.);
#3293=ORIENTED_EDGE('',*,*,#2056,.F.);
#3294=ORIENTED_EDGE('',*,*,#2175,.F.);
#3295=ORIENTED_EDGE('',*,*,#2169,.T.);
#3296=ORIENTED_EDGE('',*,*,#2161,.F.);
#3297=ORIENTED_EDGE('',*,*,#2322,.T.);
#3298=ORIENTED_EDGE('',*,*,#2012,.F.);
#3299=ORIENTED_EDGE('',*,*,#2322,.F.);
#3300=ORIENTED_EDGE('',*,*,#2306,.F.);
#3301=ORIENTED_EDGE('',*,*,#2252,.F.);
#3302=ORIENTED_EDGE('',*,*,#2258,.F.);
#3303=ORIENTED_EDGE('',*,*,#2254,.T.);
#3304=ORIENTED_EDGE('',*,*,#2299,.F.);
#3305=ORIENTED_EDGE('',*,*,#2257,.F.);
#3306=ORIENTED_EDGE('',*,*,#2276,.F.);
#3307=ORIENTED_EDGE('',*,*,#2249,.T.);
#3308=ORIENTED_EDGE('',*,*,#2307,.F.);
#3309=ORIENTED_EDGE('',*,*,#2323,.T.);
#3310=ORIENTED_EDGE('',*,*,#2001,.F.);
#3311=ORIENTED_EDGE('',*,*,#2323,.F.);
#3312=ORIENTED_EDGE('',*,*,#2300,.F.);
#3313=ORIENTED_EDGE('',*,*,#2271,.F.);
#3314=ORIENTED_EDGE('',*,*,#2286,.F.);
#3315=ORIENTED_EDGE('',*,*,#2263,.T.);
#3316=ORIENTED_EDGE('',*,*,#2296,.F.);
#3317=ORIENTED_EDGE('',*,*,#2266,.F.);
#3318=ORIENTED_EDGE('',*,*,#2272,.F.);
#3319=ORIENTED_EDGE('',*,*,#2268,.T.);
#3320=ORIENTED_EDGE('',*,*,#2301,.F.);
#3321=ORIENTED_EDGE('',*,*,#2324,.T.);
#3322=ORIENTED_EDGE('',*,*,#1990,.F.);
#3323=ORIENTED_EDGE('',*,*,#2324,.F.);
#3324=ORIENTED_EDGE('',*,*,#2302,.F.);
#3325=ORIENTED_EDGE('',*,*,#2280,.F.);
#3326=ORIENTED_EDGE('',*,*,#2285,.F.);
#3327=ORIENTED_EDGE('',*,*,#2282,.T.);
#3328=ORIENTED_EDGE('',*,*,#2297,.F.);
#3329=ORIENTED_EDGE('',*,*,#2284,.F.);
#3330=ORIENTED_EDGE('',*,*,#2260,.F.);
#3331=ORIENTED_EDGE('',*,*,#2278,.T.);
#3332=ORIENTED_EDGE('',*,*,#2303,.F.);
#3333=ORIENTED_EDGE('',*,*,#2325,.T.);
#3334=ORIENTED_EDGE('',*,*,#1996,.F.);
#3335=ORIENTED_EDGE('',*,*,#2325,.F.);
#3336=ORIENTED_EDGE('',*,*,#2304,.F.);
#3337=ORIENTED_EDGE('',*,*,#2294,.F.);
#3338=ORIENTED_EDGE('',*,*,#2275,.F.);
#3339=ORIENTED_EDGE('',*,*,#2288,.T.);
#3340=ORIENTED_EDGE('',*,*,#2298,.F.);
#3341=ORIENTED_EDGE('',*,*,#2290,.F.);
#3342=ORIENTED_EDGE('',*,*,#2295,.F.);
#3343=ORIENTED_EDGE('',*,*,#2292,.T.);
#3344=ORIENTED_EDGE('',*,*,#2305,.F.);
#3345=ORIENTED_EDGE('',*,*,#2326,.T.);
#3346=ORIENTED_EDGE('',*,*,#1991,.F.);
#3347=ORIENTED_EDGE('',*,*,#2326,.F.);
#3348=ORIENTED_EDGE('',*,*,#2317,.F.);
#3349=ORIENTED_EDGE('',*,*,#2049,.T.);
#3350=ORIENTED_EDGE('',*,*,#2327,.F.);
#3351=ORIENTED_EDGE('',*,*,#2000,.T.);
#3352=ORIENTED_EDGE('',*,*,#2327,.T.);
#3353=ORIENTED_EDGE('',*,*,#2048,.F.);
#3354=ORIENTED_EDGE('',*,*,#2309,.T.);
#3355=ORIENTED_EDGE('',*,*,#1997,.F.);
#3356=ORIENTED_EDGE('',*,*,#1870,.T.);
#3357=ORIENTED_EDGE('',*,*,#2328,.F.);
#3358=ORIENTED_EDGE('',*,*,#1903,.T.);
#3359=ORIENTED_EDGE('',*,*,#1899,.F.);
#3360=ORIENTED_EDGE('',*,*,#1984,.F.);
#3361=ORIENTED_EDGE('',*,*,#1882,.T.);
#3362=ORIENTED_EDGE('',*,*,#1869,.T.);
#3363=ORIENTED_EDGE('',*,*,#2329,.F.);
#3364=ORIENTED_EDGE('',*,*,#1904,.T.);
#3365=ORIENTED_EDGE('',*,*,#2328,.T.);
#3366=ORIENTED_EDGE('',*,*,#1868,.T.);
#3367=ORIENTED_EDGE('',*,*,#2330,.F.);
#3368=ORIENTED_EDGE('',*,*,#1985,.F.);
#3369=ORIENTED_EDGE('',*,*,#1888,.T.);
#3370=ORIENTED_EDGE('',*,*,#1905,.T.);
#3371=ORIENTED_EDGE('',*,*,#2329,.T.);
#3372=ORIENTED_EDGE('',*,*,#1867,.T.);
#3373=ORIENTED_EDGE('',*,*,#2331,.F.);
#3374=ORIENTED_EDGE('',*,*,#1986,.F.);
#3375=ORIENTED_EDGE('',*,*,#2330,.T.);
#3376=ORIENTED_EDGE('',*,*,#1866,.T.);
#3377=ORIENTED_EDGE('',*,*,#2319,.F.);
#3378=ORIENTED_EDGE('',*,*,#1987,.F.);
#3379=ORIENTED_EDGE('',*,*,#2331,.T.);
#3380=CYLINDRICAL_SURFACE('',#3623,3.25);
#3381=CYLINDRICAL_SURFACE('',#3655,16.8171369979437);
#3382=CYLINDRICAL_SURFACE('',#3659,18.8171369979433);
#3383=CYLINDRICAL_SURFACE('',#3662,16.55714925315);
#3384=CYLINDRICAL_SURFACE('',#3665,0.999999999999523);
#3385=CYLINDRICAL_SURFACE('',#3669,1.6);
#3386=CYLINDRICAL_SURFACE('',#3692,1.6);
#3387=CYLINDRICAL_SURFACE('',#3701,1.6);
#3388=CYLINDRICAL_SURFACE('',#3710,1.6);
#3389=CYLINDRICAL_SURFACE('',#3725,1.6);
#3390=CYLINDRICAL_SURFACE('',#3727,1.6);
#3391=CYLINDRICAL_SURFACE('',#3729,1.6);
#3392=CYLINDRICAL_SURFACE('',#3731,1.6);
#3393=CYLINDRICAL_SURFACE('',#3740,6.);
#3394=CYLINDRICAL_SURFACE('',#3768,3.2);
#3395=CYLINDRICAL_SURFACE('',#3773,3.2);
#3396=CYLINDRICAL_SURFACE('',#3913,1.6);
#3397=CYLINDRICAL_SURFACE('',#3915,1.6);
#3398=CYLINDRICAL_SURFACE('',#3916,1.6);
#3399=CYLINDRICAL_SURFACE('',#3917,1.6);
#3400=CYLINDRICAL_SURFACE('',#3921,3.25);
#3401=CYLINDRICAL_SURFACE('',#3922,3.25);
#3402=CYLINDRICAL_SURFACE('',#3923,3.25);
#3403=CYLINDRICAL_SURFACE('',#3924,3.25);
#3404=CYLINDRICAL_SURFACE('',#3925,3.24999999999999);
#3405=CYLINDRICAL_SURFACE('',#3926,3.24999999999999);
#3406=CYLINDRICAL_SURFACE('',#3927,3.24999999999999);
#3407=CYLINDRICAL_SURFACE('',#3928,3.24999999999999);
#3408=ADVANCED_FACE('',(#287),#3380,.F.);
#3409=ADVANCED_FACE('',(#288),#167,.F.);
#3410=ADVANCED_FACE('',(#289),#168,.F.);
#3411=ADVANCED_FACE('',(#290),#169,.F.);
#3412=ADVANCED_FACE('',(#291),#170,.F.);
#3413=ADVANCED_FACE('',(#292),#171,.F.);
#3414=ADVANCED_FACE('',(#293),#172,.F.);
#3415=ADVANCED_FACE('',(#294),#173,.F.);
#3416=ADVANCED_FACE('',(#295),#174,.F.);
#3417=ADVANCED_FACE('',(#296),#175,.F.);
#3418=ADVANCED_FACE('',(#297),#130,.F.);
#3419=ADVANCED_FACE('',(#298),#176,.T.);
#3420=ADVANCED_FACE('',(#299),#131,.F.);
#3421=ADVANCED_FACE('',(#300),#177,.T.);
#3422=ADVANCED_FACE('',(#301),#178,.F.);
#3423=ADVANCED_FACE('',(#302),#179,.F.);
#3424=ADVANCED_FACE('',(#303),#180,.F.);
#3425=ADVANCED_FACE('',(#304),#181,.F.);
#3426=ADVANCED_FACE('',(#305),#182,.F.);
#3427=ADVANCED_FACE('',(#306),#183,.F.);
#3428=ADVANCED_FACE('',(#307),#3381,.T.);
#3429=ADVANCED_FACE('',(#308),#3382,.F.);
#3430=ADVANCED_FACE('',(#309),#3383,.F.);
#3431=ADVANCED_FACE('',(#310),#3384,.F.);
#3432=ADVANCED_FACE('',(#311),#184,.T.);
#3433=ADVANCED_FACE('',(#312),#3385,.F.);
#3434=ADVANCED_FACE('',(#313),#132,.F.);
#3435=ADVANCED_FACE('',(#314),#61,.T.);
#3436=ADVANCED_FACE('',(#315),#43,.T.);
#3437=ADVANCED_FACE('',(#316),#44,.T.);
#3438=ADVANCED_FACE('',(#317),#45,.T.);
#3439=ADVANCED_FACE('',(#318),#46,.T.);
#3440=ADVANCED_FACE('',(#319),#47,.T.);
#3441=ADVANCED_FACE('',(#320),#48,.T.);
#3442=ADVANCED_FACE('',(#321),#49,.T.);
#3443=ADVANCED_FACE('',(#322),#50,.T.);
#3444=ADVANCED_FACE('',(#323),#62,.T.);
#3445=ADVANCED_FACE('',(#324),#63,.T.);
#3446=ADVANCED_FACE('',(#325),#64,.T.);
#3447=ADVANCED_FACE('',(#326),#65,.T.);
#3448=ADVANCED_FACE('',(#327),#133,.F.);
#3449=ADVANCED_FACE('',(#328),#185,.T.);
#3450=ADVANCED_FACE('',(#329),#186,.T.);
#3451=ADVANCED_FACE('',(#330),#134,.F.);
#3452=ADVANCED_FACE('',(#331),#187,.T.);
#3453=ADVANCED_FACE('',(#332),#66,.T.);
#3454=ADVANCED_FACE('',(#333),#135,.F.);
#3455=ADVANCED_FACE('',(#334),#3386,.F.);
#3456=ADVANCED_FACE('',(#335),#67,.T.);
#3457=ADVANCED_FACE('',(#336),#136,.F.);
#3458=ADVANCED_FACE('',(#337),#3387,.F.);
#3459=ADVANCED_FACE('',(#338),#68,.T.);
#3460=ADVANCED_FACE('',(#339),#137,.F.);
#3461=ADVANCED_FACE('',(#340),#3388,.F.);
#3462=ADVANCED_FACE('',(#341),#188,.T.);
#3463=ADVANCED_FACE('',(#342),#189,.T.);
#3464=ADVANCED_FACE('',(#343),#190,.T.);
#3465=ADVANCED_FACE('',(#344),#191,.T.);
#3466=ADVANCED_FACE('',(#345),#69,.T.);
#3467=ADVANCED_FACE('',(#346),#70,.T.);
#3468=ADVANCED_FACE('',(#347,#15,#16,#17,#18,#19,#20,#21,#22,#23,#24,#25,
#26,#27,#28,#29,#30),#192,.T.);
#3469=ADVANCED_FACE('',(#348),#3389,.F.);
#3470=ADVANCED_FACE('',(#349),#3390,.F.);
#3471=ADVANCED_FACE('',(#350),#3391,.F.);
#3472=ADVANCED_FACE('',(#351),#3392,.F.);
#3473=ADVANCED_FACE('',(#352,#31),#193,.F.);
#3474=ADVANCED_FACE('',(#353,#32),#194,.F.);
#3475=ADVANCED_FACE('',(#354,#33),#195,.F.);
#3476=ADVANCED_FACE('',(#355,#34),#196,.F.);
#3477=ADVANCED_FACE('',(#356),#71,.T.);
#3478=ADVANCED_FACE('',(#357),#72,.T.);
#3479=ADVANCED_FACE('',(#358),#73,.T.);
#3480=ADVANCED_FACE('',(#359),#74,.T.);
#3481=ADVANCED_FACE('',(#360),#75,.T.);
#3482=ADVANCED_FACE('',(#361),#76,.T.);
#3483=ADVANCED_FACE('',(#362),#3393,.T.);
#3484=ADVANCED_FACE('',(#363),#197,.T.);
#3485=ADVANCED_FACE('',(#364,#35,#36,#37,#38,#39,#40,#41,#42),#198,.F.);
#3486=ADVANCED_FACE('',(#365),#199,.T.);
#3487=ADVANCED_FACE('',(#366),#200,.T.);
#3488=ADVANCED_FACE('',(#367),#201,.T.);
#3489=ADVANCED_FACE('',(#368),#202,.T.);
#3490=ADVANCED_FACE('',(#369),#3394,.F.);
#3491=ADVANCED_FACE('',(#370),#3395,.F.);
#3492=ADVANCED_FACE('',(#371),#203,.T.);
#3493=ADVANCED_FACE('',(#372),#204,.T.);
#3494=ADVANCED_FACE('',(#373),#205,.T.);
#3495=ADVANCED_FACE('',(#374),#206,.T.);
#3496=ADVANCED_FACE('',(#375),#207,.T.);
#3497=ADVANCED_FACE('',(#376),#208,.T.);
#3498=ADVANCED_FACE('',(#377),#209,.T.);
#3499=ADVANCED_FACE('',(#378),#210,.T.);
#3500=ADVANCED_FACE('',(#379),#211,.T.);
#3501=ADVANCED_FACE('',(#380),#212,.T.);
#3502=ADVANCED_FACE('',(#381),#51,.T.);
#3503=ADVANCED_FACE('',(#382),#52,.T.);
#3504=ADVANCED_FACE('',(#383),#53,.T.);
#3505=ADVANCED_FACE('',(#384),#54,.T.);
#3506=ADVANCED_FACE('',(#385),#213,.T.);
#3507=ADVANCED_FACE('',(#386),#214,.F.);
#3508=ADVANCED_FACE('',(#387),#55,.T.);
#3509=ADVANCED_FACE('',(#388),#215,.T.);
#3510=ADVANCED_FACE('',(#389),#56,.T.);
#3511=ADVANCED_FACE('',(#390),#57,.T.);
#3512=ADVANCED_FACE('',(#391),#58,.T.);
#3513=ADVANCED_FACE('',(#392),#59,.T.);
#3514=ADVANCED_FACE('',(#393),#216,.T.);
#3515=ADVANCED_FACE('',(#394),#217,.T.);
#3516=ADVANCED_FACE('',(#395),#60,.T.);
#3517=ADVANCED_FACE('',(#396),#218,.T.);
#3518=ADVANCED_FACE('',(#397),#138,.F.);
#3519=ADVANCED_FACE('',(#398),#219,.T.);
#3520=ADVANCED_FACE('',(#399),#220,.T.);
#3521=ADVANCED_FACE('',(#400),#139,.T.);
#3522=ADVANCED_FACE('',(#401),#140,.T.);
#3523=ADVANCED_FACE('',(#402),#221,.F.);
#3524=ADVANCED_FACE('',(#403),#222,.F.);
#3525=ADVANCED_FACE('',(#404),#141,.T.);
#3526=ADVANCED_FACE('',(#405),#223,.T.);
#3527=ADVANCED_FACE('',(#406),#142,.F.);
#3528=ADVANCED_FACE('',(#407),#224,.T.);
#3529=ADVANCED_FACE('',(#408),#225,.T.);
#3530=ADVANCED_FACE('',(#409),#143,.T.);
#3531=ADVANCED_FACE('',(#410),#226,.F.);
#3532=ADVANCED_FACE('',(#411),#227,.F.);
#3533=ADVANCED_FACE('',(#412),#144,.T.);
#3534=ADVANCED_FACE('',(#413),#228,.F.);
#3535=ADVANCED_FACE('',(#414),#229,.F.);
#3536=ADVANCED_FACE('',(#415),#230,.F.);
#3537=ADVANCED_FACE('',(#416),#231,.F.);
#3538=ADVANCED_FACE('',(#417),#232,.F.);
#3539=ADVANCED_FACE('',(#418),#233,.F.);
#3540=ADVANCED_FACE('',(#419),#234,.F.);
#3541=ADVANCED_FACE('',(#420),#235,.F.);
#3542=ADVANCED_FACE('',(#421),#236,.F.);
#3543=ADVANCED_FACE('',(#422),#237,.F.);
#3544=ADVANCED_FACE('',(#423),#238,.F.);
#3545=ADVANCED_FACE('',(#424),#239,.F.);
#3546=ADVANCED_FACE('',(#425),#240,.F.);
#3547=ADVANCED_FACE('',(#426),#241,.F.);
#3548=ADVANCED_FACE('',(#427),#242,.F.);
#3549=ADVANCED_FACE('',(#428),#243,.F.);
#3550=ADVANCED_FACE('',(#429),#244,.F.);
#3551=ADVANCED_FACE('',(#430),#245,.F.);
#3552=ADVANCED_FACE('',(#431),#246,.F.);
#3553=ADVANCED_FACE('',(#432),#247,.F.);
#3554=ADVANCED_FACE('',(#433),#248,.F.);
#3555=ADVANCED_FACE('',(#434),#249,.F.);
#3556=ADVANCED_FACE('',(#435),#250,.F.);
#3557=ADVANCED_FACE('',(#436),#251,.F.);
#3558=ADVANCED_FACE('',(#437),#252,.F.);
#3559=ADVANCED_FACE('',(#438),#253,.F.);
#3560=ADVANCED_FACE('',(#439),#254,.F.);
#3561=ADVANCED_FACE('',(#440),#255,.F.);
#3562=ADVANCED_FACE('',(#441),#256,.F.);
#3563=ADVANCED_FACE('',(#442),#257,.F.);
#3564=ADVANCED_FACE('',(#443),#258,.F.);
#3565=ADVANCED_FACE('',(#444),#259,.F.);
#3566=ADVANCED_FACE('',(#445),#260,.F.);
#3567=ADVANCED_FACE('',(#446),#261,.F.);
#3568=ADVANCED_FACE('',(#447),#262,.F.);
#3569=ADVANCED_FACE('',(#448),#263,.F.);
#3570=ADVANCED_FACE('',(#449),#264,.F.);
#3571=ADVANCED_FACE('',(#450),#265,.F.);
#3572=ADVANCED_FACE('',(#451),#266,.F.);
#3573=ADVANCED_FACE('',(#452),#267,.F.);
#3574=ADVANCED_FACE('',(#453),#268,.F.);
#3575=ADVANCED_FACE('',(#454),#269,.F.);
#3576=ADVANCED_FACE('',(#455),#270,.F.);
#3577=ADVANCED_FACE('',(#456),#271,.F.);
#3578=ADVANCED_FACE('',(#457),#272,.F.);
#3579=ADVANCED_FACE('',(#458),#273,.F.);
#3580=ADVANCED_FACE('',(#459),#274,.F.);
#3581=ADVANCED_FACE('',(#460),#275,.F.);
#3582=ADVANCED_FACE('',(#461),#3396,.F.);
#3583=ADVANCED_FACE('',(#462),#276,.T.);
#3584=ADVANCED_FACE('',(#463),#3397,.F.);
#3585=ADVANCED_FACE('',(#464),#3398,.F.);
#3586=ADVANCED_FACE('',(#465),#3399,.F.);
#3587=ADVANCED_FACE('',(#466),#77,.T.);
#3588=ADVANCED_FACE('',(#467),#78,.T.);
#3589=ADVANCED_FACE('',(#468),#79,.T.);
#3590=ADVANCED_FACE('',(#469),#80,.T.);
#3591=ADVANCED_FACE('',(#470),#277,.T.);
#3592=ADVANCED_FACE('',(#471),#278,.F.);
#3593=ADVANCED_FACE('',(#472),#279,.F.);
#3594=ADVANCED_FACE('',(#473),#3400,.F.);
#3595=ADVANCED_FACE('',(#474),#3401,.F.);
#3596=ADVANCED_FACE('',(#475),#3402,.F.);
#3597=ADVANCED_FACE('',(#476),#3403,.F.);
#3598=ADVANCED_FACE('',(#477),#3404,.F.);
#3599=ADVANCED_FACE('',(#478),#3405,.F.);
#3600=ADVANCED_FACE('',(#479),#3406,.F.);
#3601=ADVANCED_FACE('',(#480),#3407,.F.);
#3602=ADVANCED_FACE('',(#481),#280,.T.);
#3603=ADVANCED_FACE('',(#482),#281,.T.);
#3604=ADVANCED_FACE('',(#483),#282,.F.);
#3605=ADVANCED_FACE('',(#484),#283,.F.);
#3606=ADVANCED_FACE('',(#485),#284,.F.);
#3607=ADVANCED_FACE('',(#486),#285,.F.);
#3608=ADVANCED_FACE('',(#487),#286,.F.);
#3609=CLOSED_SHELL('',(#3408,#3409,#3410,#3411,#3412,#3413,#3414,#3415,
#3416,#3417,#3418,#3419,#3420,#3421,#3422,#3423,#3424,#3425,#3426,#3427,
#3428,#3429,#3430,#3431,#3432,#3433,#3434,#3435,#3436,#3437,#3438,#3439,
#3440,#3441,#3442,#3443,#3444,#3445,#3446,#3447,#3448,#3449,#3450,#3451,
#3452,#3453,#3454,#3455,#3456,#3457,#3458,#3459,#3460,#3461,#3462,#3463,
#3464,#3465,#3466,#3467,#3468,#3469,#3470,#3471,#3472,#3473,#3474,#3475,
#3476,#3477,#3478,#3479,#3480,#3481,#3482,#3483,#3484,#3485,#3486,#3487,
#3488,#3489,#3490,#3491,#3492,#3493,#3494,#3495,#3496,#3497,#3498,#3499,
#3500,#3501,#3502,#3503,#3504,#3505,#3506,#3507,#3508,#3509,#3510,#3511,
#3512,#3513,#3514,#3515,#3516,#3517,#3518,#3519,#3520,#3521,#3522,#3523,
#3524,#3525,#3526,#3527,#3528,#3529,#3530,#3531,#3532,#3533,#3534,#3535,
#3536,#3537,#3538,#3539,#3540,#3541,#3542,#3543,#3544,#3545,#3546,#3547,
#3548,#3549,#3550,#3551,#3552,#3553,#3554,#3555,#3556,#3557,#3558,#3559,
#3560,#3561,#3562,#3563,#3564,#3565,#3566,#3567,#3568,#3569,#3570,#3571,
#3572,#3573,#3574,#3575,#3576,#3577,#3578,#3579,#3580,#3581,#3582,#3583,
#3584,#3585,#3586,#3587,#3588,#3589,#3590,#3591,#3592,#3593,#3594,#3595,
#3596,#3597,#3598,#3599,#3600,#3601,#3602,#3603,#3604,#3605,#3606,#3607,
#3608));
#3610=DERIVED_UNIT_ELEMENT(#3612,1.);
#3611=DERIVED_UNIT_ELEMENT(#6706,-3.);
#3612=(
MASS_UNIT()
NAMED_UNIT(*)
SI_UNIT(.KILO.,.GRAM.)
);
#3613=DERIVED_UNIT((#3610,#3611));
#3614=MEASURE_REPRESENTATION_ITEM('density measure',
POSITIVE_RATIO_MEASURE(7850.),#3613);
#3615=PROPERTY_DEFINITION_REPRESENTATION(#3620,#3617);
#3616=PROPERTY_DEFINITION_REPRESENTATION(#3621,#3618);
#3617=REPRESENTATION('material name',(#3619),#6703);
#3618=REPRESENTATION('density',(#3614),#6703);
#3619=DESCRIPTIVE_REPRESENTATION_ITEM('Steel','Steel');
#3620=PROPERTY_DEFINITION('material property','material name',#6713);
#3621=PROPERTY_DEFINITION('material property','density of part',#6713);
#3622=AXIS2_PLACEMENT_3D('',#4867,#3936,#3937);
#3623=AXIS2_PLACEMENT_3D('',#4868,#3938,#3939);
#3624=AXIS2_PLACEMENT_3D('',#4873,#3941,#3942);
#3625=AXIS2_PLACEMENT_3D('',#4877,#3944,#3945);
#3626=AXIS2_PLACEMENT_3D('',#4881,#3947,#3948);
#3627=AXIS2_PLACEMENT_3D('',#4883,#3949,#3950);
#3628=AXIS2_PLACEMENT_3D('',#4887,#3952,#3953);
#3629=AXIS2_PLACEMENT_3D('',#4890,#3955,#3956);
#3630=AXIS2_PLACEMENT_3D('',#4892,#3957,#3958);
#3631=AXIS2_PLACEMENT_3D('',#4895,#3960,#3961);
#3632=AXIS2_PLACEMENT_3D('',#4896,#3962,#3963);
#3633=AXIS2_PLACEMENT_3D('',#4913,#3972,#3973);
#3634=AXIS2_PLACEMENT_3D('',#4919,#3977,#3978);
#3635=AXIS2_PLACEMENT_3D('',#4925,#3982,#3983);
#3636=AXIS2_PLACEMENT_3D('',#4928,#3986,#3987);
#3637=AXIS2_PLACEMENT_3D('',#4929,#3988,#3989);
#3638=AXIS2_PLACEMENT_3D('',#4947,#3995,#3996);
#3639=AXIS2_PLACEMENT_3D('',#4965,#4002,#4003);
#3640=AXIS2_PLACEMENT_3D('',#4968,#4006,#4007);
#3641=AXIS2_PLACEMENT_3D('',#4969,#4008,#4009);
#3642=AXIS2_PLACEMENT_3D('',#4970,#4010,#4011);
#3643=AXIS2_PLACEMENT_3D('',#4971,#4012,#4013);
#3644=AXIS2_PLACEMENT_3D('',#4972,#4014,#4015);
#3645=AXIS2_PLACEMENT_3D('',#4973,#4016,#4017);
#3646=AXIS2_PLACEMENT_3D('',#4974,#4018,#4019);
#3647=AXIS2_PLACEMENT_3D('',#4975,#4020,#4021);
#3648=AXIS2_PLACEMENT_3D('',#4976,#4022,#4023);
#3649=AXIS2_PLACEMENT_3D('',#5003,#4037,#4038);
#3650=AXIS2_PLACEMENT_3D('',#5009,#4042,#4043);
#3651=AXIS2_PLACEMENT_3D('',#5013,#4046,#4047);
#3652=AXIS2_PLACEMENT_3D('',#5017,#4050,#4051);
#3653=AXIS2_PLACEMENT_3D('',#5021,#4054,#4055);
#3654=AXIS2_PLACEMENT_3D('',#5025,#4058,#4059);
#3655=AXIS2_PLACEMENT_3D('',#5029,#4062,#4063);
#3656=AXIS2_PLACEMENT_3D('',#5034,#4065,#4066);
#3657=AXIS2_PLACEMENT_3D('',#5038,#4068,#4069);
#3658=AXIS2_PLACEMENT_3D('',#5042,#4071,#4072);
#3659=AXIS2_PLACEMENT_3D('',#5083,#4074,#4075);
#3660=AXIS2_PLACEMENT_3D('',#5086,#4076,#4077);
#3661=AXIS2_PLACEMENT_3D('',#5090,#4079,#4080);
#3662=AXIS2_PLACEMENT_3D('',#5092,#4082,#4083);
#3663=AXIS2_PLACEMENT_3D('',#5094,#4084,#4085);
#3664=AXIS2_PLACEMENT_3D('',#5097,#4087,#4088);
#3665=AXIS2_PLACEMENT_3D('',#5098,#4089,#4090);
#3666=AXIS2_PLACEMENT_3D('',#5099,#4091,#4092);
#3667=AXIS2_PLACEMENT_3D('',#5100,#4093,#4094);
#3668=AXIS2_PLACEMENT_3D('',#5101,#4095,#4096);
#3669=AXIS2_PLACEMENT_3D('',#5107,#4100,#4101);
#3670=AXIS2_PLACEMENT_3D('',#5108,#4102,#4103);
#3671=AXIS2_PLACEMENT_3D('',#5109,#4104,#4105);
#3672=AXIS2_PLACEMENT_3D('',#5110,#4106,#4107);
#3673=AXIS2_PLACEMENT_3D('',#5112,#4108,#4109);
#3674=AXIS2_PLACEMENT_3D('',#5115,#4111,#4112);
#3675=AXIS2_PLACEMENT_3D('',#5116,#4113,#4114);
#3676=AXIS2_PLACEMENT_3D('',#5502,#4128,#4129);
#3677=AXIS2_PLACEMENT_3D('',#5504,#4130,#4131);
#3678=AXIS2_PLACEMENT_3D('',#5507,#4133,#4134);
#3679=AXIS2_PLACEMENT_3D('',#5508,#4135,#4136);
#3680=AXIS2_PLACEMENT_3D('',#5509,#4137,#4138);
#3681=AXIS2_PLACEMENT_3D('',#5510,#4139,#4140);
#3682=AXIS2_PLACEMENT_3D('',#5512,#4141,#4142);
#3683=AXIS2_PLACEMENT_3D('',#5515,#4144,#4145);
#3684=AXIS2_PLACEMENT_3D('',#5516,#4146,#4147);
#3685=AXIS2_PLACEMENT_3D('',#5546,#4148,#4149);
#3686=AXIS2_PLACEMENT_3D('',#5548,#4150,#4151);
#3687=AXIS2_PLACEMENT_3D('',#5550,#4152,#4153);
#3688=AXIS2_PLACEMENT_3D('',#5551,#4154,#4155);
#3689=AXIS2_PLACEMENT_3D('',#5552,#4156,#4157);
#3690=AXIS2_PLACEMENT_3D('',#5553,#4158,#4159);
#3691=AXIS2_PLACEMENT_3D('',#5555,#4160,#4161);
#3692=AXIS2_PLACEMENT_3D('',#5557,#4163,#4164);
#3693=AXIS2_PLACEMENT_3D('',#5559,#4165,#4166);
#3694=AXIS2_PLACEMENT_3D('',#5590,#4168,#4169);
#3695=AXIS2_PLACEMENT_3D('',#5592,#4170,#4171);
#3696=AXIS2_PLACEMENT_3D('',#5594,#4172,#4173);
#3697=AXIS2_PLACEMENT_3D('',#5595,#4174,#4175);
#3698=AXIS2_PLACEMENT_3D('',#5596,#4176,#4177);
#3699=AXIS2_PLACEMENT_3D('',#5597,#4178,#4179);
#3700=AXIS2_PLACEMENT_3D('',#5599,#4180,#4181);
#3701=AXIS2_PLACEMENT_3D('',#5601,#4183,#4184);
#3702=AXIS2_PLACEMENT_3D('',#5603,#4185,#4186);
#3703=AXIS2_PLACEMENT_3D('',#5634,#4188,#4189);
#3704=AXIS2_PLACEMENT_3D('',#5636,#4190,#4191);
#3705=AXIS2_PLACEMENT_3D('',#5638,#4192,#4193);
#3706=AXIS2_PLACEMENT_3D('',#5639,#4194,#4195);
#3707=AXIS2_PLACEMENT_3D('',#5640,#4196,#4197);
#3708=AXIS2_PLACEMENT_3D('',#5641,#4198,#4199);
#3709=AXIS2_PLACEMENT_3D('',#5643,#4200,#4201);
#3710=AXIS2_PLACEMENT_3D('',#5645,#4203,#4204);
#3711=AXIS2_PLACEMENT_3D('',#5647,#4205,#4206);
#3712=AXIS2_PLACEMENT_3D('',#5649,#4208,#4209);
#3713=AXIS2_PLACEMENT_3D('',#5650,#4210,#4211);
#3714=AXIS2_PLACEMENT_3D('',#5651,#4212,#4213);
#3715=AXIS2_PLACEMENT_3D('',#5652,#4214,#4215);
#3716=AXIS2_PLACEMENT_3D('',#5675,#4218,#4219);
#3717=AXIS2_PLACEMENT_3D('',#5694,#4226,#4227);
#3718=AXIS2_PLACEMENT_3D('',#5696,#4228,#4229);
#3719=AXIS2_PLACEMENT_3D('',#5698,#4230,#4231);
#3720=AXIS2_PLACEMENT_3D('',#5700,#4232,#4233);
#3721=AXIS2_PLACEMENT_3D('',#5702,#4234,#4235);
#3722=AXIS2_PLACEMENT_3D('',#5704,#4236,#4237);
#3723=AXIS2_PLACEMENT_3D('',#5706,#4238,#4239);
#3724=AXIS2_PLACEMENT_3D('',#5716,#4244,#4245);
#3725=AXIS2_PLACEMENT_3D('',#5717,#4246,#4247);
#3726=AXIS2_PLACEMENT_3D('',#5719,#4248,#4249);
#3727=AXIS2_PLACEMENT_3D('',#5721,#4251,#4252);
#3728=AXIS2_PLACEMENT_3D('',#5723,#4253,#4254);
#3729=AXIS2_PLACEMENT_3D('',#5725,#4256,#4257);
#3730=AXIS2_PLACEMENT_3D('',#5727,#4258,#4259);
#3731=AXIS2_PLACEMENT_3D('',#5729,#4261,#4262);
#3732=AXIS2_PLACEMENT_3D('',#5731,#4263,#4264);
#3733=AXIS2_PLACEMENT_3D('',#5733,#4266,#4267);
#3734=AXIS2_PLACEMENT_3D('',#5735,#4268,#4269);
#3735=AXIS2_PLACEMENT_3D('',#5736,#4270,#4271);
#3736=AXIS2_PLACEMENT_3D('',#5738,#4272,#4273);
#3737=AXIS2_PLACEMENT_3D('',#5739,#4274,#4275);
#3738=AXIS2_PLACEMENT_3D('',#5741,#4276,#4277);
#3739=AXIS2_PLACEMENT_3D('',#5742,#4278,#4279);
#3740=AXIS2_PLACEMENT_3D('',#5806,#4288,#4289);
#3741=AXIS2_PLACEMENT_3D('',#5809,#4290,#4291);
#3742=AXIS2_PLACEMENT_3D('',#5813,#4293,#4294);
#3743=AXIS2_PLACEMENT_3D('',#5815,#4296,#4297);
#3744=AXIS2_PLACEMENT_3D('',#5821,#4300,#4301);
#3745=AXIS2_PLACEMENT_3D('',#5823,#4303,#4304);
#3746=AXIS2_PLACEMENT_3D('',#5881,#4309,#4310);
#3747=AXIS2_PLACEMENT_3D('',#5891,#4315,#4316);
#3748=AXIS2_PLACEMENT_3D('',#5893,#4317,#4318);
#3749=AXIS2_PLACEMENT_3D('',#5895,#4319,#4320);
#3750=AXIS2_PLACEMENT_3D('',#5898,#4321,#4322);
#3751=AXIS2_PLACEMENT_3D('',#5900,#4323,#4324);
#3752=AXIS2_PLACEMENT_3D('',#5902,#4325,#4326);
#3753=AXIS2_PLACEMENT_3D('',#5906,#4328,#4329);
#3754=AXIS2_PLACEMENT_3D('',#5910,#4331,#4332);
#3755=AXIS2_PLACEMENT_3D('',#5912,#4333,#4334);
#3756=AXIS2_PLACEMENT_3D('',#5914,#4335,#4336);
#3757=AXIS2_PLACEMENT_3D('',#5916,#4337,#4338);
#3758=AXIS2_PLACEMENT_3D('',#5918,#4339,#4340);
#3759=AXIS2_PLACEMENT_3D('',#5920,#4341,#4342);
#3760=AXIS2_PLACEMENT_3D('',#5922,#4343,#4344);
#3761=AXIS2_PLACEMENT_3D('',#5926,#4346,#4347);
#3762=AXIS2_PLACEMENT_3D('',#5936,#4354,#4355);
#3763=AXIS2_PLACEMENT_3D('',#5940,#4358,#4359);
#3764=AXIS2_PLACEMENT_3D('',#5944,#4362,#4363);
#3765=AXIS2_PLACEMENT_3D('',#5948,#4365,#4366);
#3766=AXIS2_PLACEMENT_3D('',#5950,#4368,#4369);
#3767=AXIS2_PLACEMENT_3D('',#5953,#4371,#4372);
#3768=AXIS2_PLACEMENT_3D('',#5954,#4373,#4374);
#3769=AXIS2_PLACEMENT_3D('',#5957,#4375,#4376);
#3770=AXIS2_PLACEMENT_3D('',#5961,#4378,#4379);
#3771=AXIS2_PLACEMENT_3D('',#5963,#4380,#4381);
#3772=AXIS2_PLACEMENT_3D('',#5965,#4382,#4383);
#3773=AXIS2_PLACEMENT_3D('',#5967,#4385,#4386);
#3774=AXIS2_PLACEMENT_3D('',#5969,#4387,#4388);
#3775=AXIS2_PLACEMENT_3D('',#5972,#4391,#4392);
#3776=AXIS2_PLACEMENT_3D('',#5975,#4395,#4396);
#3777=AXIS2_PLACEMENT_3D('',#5977,#4398,#4399);
#3778=AXIS2_PLACEMENT_3D('',#5979,#4400,#4401);
#3779=AXIS2_PLACEMENT_3D('',#5983,#4404,#4405);
#3780=AXIS2_PLACEMENT_3D('',#5985,#4407,#4408);
#3781=AXIS2_PLACEMENT_3D('',#5989,#4411,#4412);
#3782=AXIS2_PLACEMENT_3D('',#5990,#4413,#4414);
#3783=AXIS2_PLACEMENT_3D('',#5992,#4416,#4417);
#3784=AXIS2_PLACEMENT_3D('',#5994,#4419,#4420);
#3785=AXIS2_PLACEMENT_3D('',#5995,#4421,#4422);
#3786=AXIS2_PLACEMENT_3D('',#5997,#4424,#4425);
#3787=AXIS2_PLACEMENT_3D('',#6132,#4432,#4433);
#3788=AXIS2_PLACEMENT_3D('',#6135,#4436,#4437);
#3789=AXIS2_PLACEMENT_3D('',#6148,#4442,#4443);
#3790=AXIS2_PLACEMENT_3D('',#6198,#4449,#4450);
#3791=AXIS2_PLACEMENT_3D('',#6199,#4451,#4452);
#3792=AXIS2_PLACEMENT_3D('',#6210,#4455,#4456);
#3793=AXIS2_PLACEMENT_3D('',#6211,#4457,#4458);
#3794=AXIS2_PLACEMENT_3D('',#6229,#4459,#4460);
#3795=AXIS2_PLACEMENT_3D('',#6238,#4461,#4462);
#3796=AXIS2_PLACEMENT_3D('',#6254,#4463,#4464);
#3797=AXIS2_PLACEMENT_3D('',#6255,#4465,#4466);
#3798=AXIS2_PLACEMENT_3D('',#6257,#4467,#4468);
#3799=AXIS2_PLACEMENT_3D('',#6260,#4470,#4471);
#3800=AXIS2_PLACEMENT_3D('',#6261,#4472,#4473);
#3801=AXIS2_PLACEMENT_3D('',#6263,#4474,#4475);
#3802=AXIS2_PLACEMENT_3D('',#6265,#4476,#4477);
#3803=AXIS2_PLACEMENT_3D('',#6266,#4478,#4479);
#3804=AXIS2_PLACEMENT_3D('',#6267,#4480,#4481);
#3805=AXIS2_PLACEMENT_3D('',#6274,#4482,#4483);
#3806=AXIS2_PLACEMENT_3D('',#6275,#4484,#4485);
#3807=AXIS2_PLACEMENT_3D('',#6288,#4486,#4487);
#3808=AXIS2_PLACEMENT_3D('',#6291,#4489,#4490);
#3809=AXIS2_PLACEMENT_3D('',#6292,#4491,#4492);
#3810=AXIS2_PLACEMENT_3D('',#6293,#4493,#4494);
#3811=AXIS2_PLACEMENT_3D('',#6301,#4495,#4496);
#3812=AXIS2_PLACEMENT_3D('',#6302,#4497,#4498);
#3813=AXIS2_PLACEMENT_3D('',#6303,#4499,#4500);
#3814=AXIS2_PLACEMENT_3D('',#6304,#4501,#4502);
#3815=AXIS2_PLACEMENT_3D('',#6327,#4503,#4504);
#3816=AXIS2_PLACEMENT_3D('',#6335,#4505,#4506);
#3817=AXIS2_PLACEMENT_3D('',#6336,#4507,#4508);
#3818=AXIS2_PLACEMENT_3D('',#6338,#4509,#4510);
#3819=AXIS2_PLACEMENT_3D('',#6341,#4512,#4513);
#3820=AXIS2_PLACEMENT_3D('',#6342,#4514,#4515);
#3821=AXIS2_PLACEMENT_3D('',#6344,#4516,#4517);
#3822=AXIS2_PLACEMENT_3D('',#6346,#4518,#4519);
#3823=AXIS2_PLACEMENT_3D('',#6348,#4521,#4522);
#3824=AXIS2_PLACEMENT_3D('',#6355,#4523,#4524);
#3825=AXIS2_PLACEMENT_3D('',#6356,#4525,#4526);
#3826=AXIS2_PLACEMENT_3D('',#6357,#4527,#4528);
#3827=AXIS2_PLACEMENT_3D('',#6358,#4529,#4530);
#3828=AXIS2_PLACEMENT_3D('',#6359,#4531,#4532);
#3829=AXIS2_PLACEMENT_3D('',#6366,#4533,#4534);
#3830=AXIS2_PLACEMENT_3D('',#6377,#4540,#4541);
#3831=AXIS2_PLACEMENT_3D('',#6380,#4542,#4543);
#3832=AXIS2_PLACEMENT_3D('',#6384,#4546,#4547);
#3833=AXIS2_PLACEMENT_3D('',#6386,#4548,#4549);
#3834=AXIS2_PLACEMENT_3D('',#6388,#4551,#4552);
#3835=AXIS2_PLACEMENT_3D('',#6389,#4553,#4554);
#3836=AXIS2_PLACEMENT_3D('',#6391,#4556,#4557);
#3837=AXIS2_PLACEMENT_3D('',#6399,#4562,#4563);
#3838=AXIS2_PLACEMENT_3D('',#6401,#4565,#4566);
#3839=AXIS2_PLACEMENT_3D('',#6402,#4567,#4568);
#3840=AXIS2_PLACEMENT_3D('',#6413,#4574,#4575);
#3841=AXIS2_PLACEMENT_3D('',#6415,#4576,#4577);
#3842=AXIS2_PLACEMENT_3D('',#6417,#4579,#4580);
#3843=AXIS2_PLACEMENT_3D('',#6420,#4582,#4583);
#3844=AXIS2_PLACEMENT_3D('',#6421,#4584,#4585);
#3845=AXIS2_PLACEMENT_3D('',#6425,#4587,#4588);
#3846=AXIS2_PLACEMENT_3D('',#6427,#4590,#4591);
#3847=AXIS2_PLACEMENT_3D('',#6435,#4596,#4597);
#3848=AXIS2_PLACEMENT_3D('',#6436,#4598,#4599);
#3849=AXIS2_PLACEMENT_3D('',#6438,#4601,#4602);
#3850=AXIS2_PLACEMENT_3D('',#6449,#4608,#4609);
#3851=AXIS2_PLACEMENT_3D('',#6452,#4611,#4612);
#3852=AXIS2_PLACEMENT_3D('',#6453,#4613,#4614);
#3853=AXIS2_PLACEMENT_3D('',#6455,#4615,#4616);
#3854=AXIS2_PLACEMENT_3D('',#6457,#4618,#4619);
#3855=AXIS2_PLACEMENT_3D('',#6461,#4621,#4622);
#3856=AXIS2_PLACEMENT_3D('',#6463,#4624,#4625);
#3857=AXIS2_PLACEMENT_3D('',#6471,#4630,#4631);
#3858=AXIS2_PLACEMENT_3D('',#6473,#4633,#4634);
#3859=AXIS2_PLACEMENT_3D('',#6474,#4635,#4636);
#3860=AXIS2_PLACEMENT_3D('',#6485,#4642,#4643);
#3861=AXIS2_PLACEMENT_3D('',#6490,#4645,#4646);
#3862=AXIS2_PLACEMENT_3D('',#6492,#4648,#4649);
#3863=AXIS2_PLACEMENT_3D('',#6500,#4654,#4655);
#3864=AXIS2_PLACEMENT_3D('',#6502,#4656,#4657);
#3865=AXIS2_PLACEMENT_3D('',#6504,#4659,#4660);
#3866=AXIS2_PLACEMENT_3D('',#6506,#4662,#4663);
#3867=AXIS2_PLACEMENT_3D('',#6507,#4664,#4665);
#3868=AXIS2_PLACEMENT_3D('',#6508,#4666,#4667);
#3869=AXIS2_PLACEMENT_3D('',#6510,#4669,#4670);
#3870=AXIS2_PLACEMENT_3D('',#6520,#4676,#4677);
#3871=AXIS2_PLACEMENT_3D('',#6530,#4683,#4684);
#3872=AXIS2_PLACEMENT_3D('',#6531,#4685,#4686);
#3873=AXIS2_PLACEMENT_3D('',#6532,#4687,#4688);
#3874=AXIS2_PLACEMENT_3D('',#6536,#4690,#4691);
#3875=AXIS2_PLACEMENT_3D('',#6538,#4693,#4694);
#3876=AXIS2_PLACEMENT_3D('',#6548,#4700,#4701);
#3877=AXIS2_PLACEMENT_3D('',#6558,#4707,#4708);
#3878=AXIS2_PLACEMENT_3D('',#6559,#4709,#4710);
#3879=AXIS2_PLACEMENT_3D('',#6560,#4711,#4712);
#3880=AXIS2_PLACEMENT_3D('',#6565,#4715,#4716);
#3881=AXIS2_PLACEMENT_3D('',#6566,#4717,#4718);
#3882=AXIS2_PLACEMENT_3D('',#6567,#4719,#4720);
#3883=AXIS2_PLACEMENT_3D('',#6568,#4721,#4722);
#3884=AXIS2_PLACEMENT_3D('',#6576,#4727,#4728);
#3885=AXIS2_PLACEMENT_3D('',#6584,#4733,#4734);
#3886=AXIS2_PLACEMENT_3D('',#6585,#4735,#4736);
#3887=AXIS2_PLACEMENT_3D('',#6586,#4737,#4738);
#3888=AXIS2_PLACEMENT_3D('',#6587,#4739,#4740);
#3889=AXIS2_PLACEMENT_3D('',#6588,#4741,#4742);
#3890=AXIS2_PLACEMENT_3D('',#6596,#4747,#4748);
#3891=AXIS2_PLACEMENT_3D('',#6604,#4753,#4754);
#3892=AXIS2_PLACEMENT_3D('',#6605,#4755,#4756);
#3893=AXIS2_PLACEMENT_3D('',#6606,#4757,#4758);
#3894=AXIS2_PLACEMENT_3D('',#6607,#4759,#4760);
#3895=AXIS2_PLACEMENT_3D('',#6608,#4761,#4762);
#3896=AXIS2_PLACEMENT_3D('',#6609,#4763,#4764);
#3897=AXIS2_PLACEMENT_3D('',#6610,#4765,#4766);
#3898=AXIS2_PLACEMENT_3D('',#6611,#4767,#4768);
#3899=AXIS2_PLACEMENT_3D('',#6612,#4769,#4770);
#3900=AXIS2_PLACEMENT_3D('',#6613,#4771,#4772);
#3901=AXIS2_PLACEMENT_3D('',#6614,#4773,#4774);
#3902=AXIS2_PLACEMENT_3D('',#6616,#4775,#4776);
#3903=AXIS2_PLACEMENT_3D('',#6617,#4777,#4778);
#3904=AXIS2_PLACEMENT_3D('',#6618,#4779,#4780);
#3905=AXIS2_PLACEMENT_3D('',#6620,#4781,#4782);
#3906=AXIS2_PLACEMENT_3D('',#6621,#4783,#4784);
#3907=AXIS2_PLACEMENT_3D('',#6622,#4785,#4786);
#3908=AXIS2_PLACEMENT_3D('',#6624,#4787,#4788);
#3909=AXIS2_PLACEMENT_3D('',#6625,#4789,#4790);
#3910=AXIS2_PLACEMENT_3D('',#6626,#4791,#4792);
#3911=AXIS2_PLACEMENT_3D('',#6628,#4793,#4794);
#3912=AXIS2_PLACEMENT_3D('',#6629,#4795,#4796);
#3913=AXIS2_PLACEMENT_3D('',#6630,#4797,#4798);
#3914=AXIS2_PLACEMENT_3D('',#6632,#4800,#4801);
#3915=AXIS2_PLACEMENT_3D('',#6635,#4804,#4805);
#3916=AXIS2_PLACEMENT_3D('',#6637,#4807,#4808);
#3917=AXIS2_PLACEMENT_3D('',#6639,#4810,#4811);
#3918=AXIS2_PLACEMENT_3D('',#6668,#4816,#4817);
#3919=AXIS2_PLACEMENT_3D('',#6670,#4819,#4820);
#3920=AXIS2_PLACEMENT_3D('',#6673,#4823,#4824);
#3921=AXIS2_PLACEMENT_3D('',#6674,#4825,#4826);
#3922=AXIS2_PLACEMENT_3D('',#6675,#4827,#4828);
#3923=AXIS2_PLACEMENT_3D('',#6677,#4830,#4831);
#3924=AXIS2_PLACEMENT_3D('',#6679,#4833,#4834);
#3925=AXIS2_PLACEMENT_3D('',#6681,#4836,#4837);
#3926=AXIS2_PLACEMENT_3D('',#6683,#4839,#4840);
#3927=AXIS2_PLACEMENT_3D('',#6685,#4842,#4843);
#3928=AXIS2_PLACEMENT_3D('',#6687,#4845,#4846);
#3929=AXIS2_PLACEMENT_3D('',#6689,#4848,#4849);
#3930=AXIS2_PLACEMENT_3D('',#6691,#4851,#4852);
#3931=AXIS2_PLACEMENT_3D('',#6692,#4853,#4854);
#3932=AXIS2_PLACEMENT_3D('',#6694,#4856,#4857);
#3933=AXIS2_PLACEMENT_3D('',#6696,#4859,#4860);
#3934=AXIS2_PLACEMENT_3D('',#6698,#4862,#4863);
#3935=AXIS2_PLACEMENT_3D('',#6700,#4865,#4866);
#3936=DIRECTION('axis',(0.,0.,1.));
#3937=DIRECTION('refdir',(1.,0.,0.));
#3938=DIRECTION('center_axis',(0.,0.,1.));
#3939=DIRECTION('ref_axis',(1.,0.,0.));
#3940=DIRECTION('',(0.,0.,1.));
#3941=DIRECTION('center_axis',(0.,0.707106781186548,0.707106781186548));
#3942=DIRECTION('ref_axis',(0.,-0.707106781186548,0.707106781186548));
#3943=DIRECTION('',(0.,0.,1.));
#3944=DIRECTION('center_axis',(0.,0.,1.));
#3945=DIRECTION('ref_axis',(1.,0.,0.));
#3946=DIRECTION('',(0.,0.,-1.));
#3947=DIRECTION('center_axis',(0.,0.707106781186548,0.707106781186548));
#3948=DIRECTION('ref_axis',(0.,-0.707106781186548,0.707106781186548));
#3949=DIRECTION('center_axis',(0.,0.707106781186548,-0.707106781186548));
#3950=DIRECTION('ref_axis',(0.,-0.707106781186548,-0.707106781186548));
#3951=DIRECTION('',(0.,0.,-1.));
#3952=DIRECTION('center_axis',(0.,0.,1.));
#3953=DIRECTION('ref_axis',(1.,0.,0.));
#3954=DIRECTION('',(0.,0.,1.));
#3955=DIRECTION('center_axis',(0.,0.,1.));
#3956=DIRECTION('ref_axis',(1.,0.,0.));
#3957=DIRECTION('center_axis',(0.,0.,1.));
#3958=DIRECTION('ref_axis',(1.,0.,0.));
#3959=DIRECTION('',(0.,0.,1.));
#3960=DIRECTION('center_axis',(0.,0.707106781186548,-0.707106781186548));
#3961=DIRECTION('ref_axis',(0.,-0.707106781186548,-0.707106781186548));
#3962=DIRECTION('center_axis',(0.,-1.,0.));
#3963=DIRECTION('ref_axis',(-1.,0.,0.));
#3964=DIRECTION('',(0.,0.,-1.));
#3965=DIRECTION('',(-1.,0.,0.));
#3966=DIRECTION('',(0.,0.,-1.));
#3967=DIRECTION('',(-1.,0.,0.));
#3968=DIRECTION('',(0.,0.,-1.));
#3969=DIRECTION('',(-1.,0.,0.));
#3970=DIRECTION('',(0.,0.,-1.));
#3971=DIRECTION('',(1.,0.,0.));
#3972=DIRECTION('center_axis',(1.,0.,0.));
#3973=DIRECTION('ref_axis',(0.,-1.,0.));
#3974=DIRECTION('',(0.,-1.,0.));
#3975=DIRECTION('',(0.,0.,-1.));
#3976=DIRECTION('',(0.,-1.,0.));
#3977=DIRECTION('center_axis',(0.,1.,0.));
#3978=DIRECTION('ref_axis',(1.,0.,0.));
#3979=DIRECTION('',(1.,0.,0.));
#3980=DIRECTION('',(0.,0.,-1.));
#3981=DIRECTION('',(1.,0.,0.));
#3982=DIRECTION('center_axis',(-1.,0.,0.));
#3983=DIRECTION('ref_axis',(0.,1.,0.));
#3984=DIRECTION('',(0.,1.,0.));
#3985=DIRECTION('',(0.,1.,0.));
#3986=DIRECTION('center_axis',(0.,0.,-1.));
#3987=DIRECTION('ref_axis',(-1.,0.,0.));
#3988=DIRECTION('center_axis',(1.,0.,0.));
#3989=DIRECTION('ref_axis',(0.,-1.,0.));
#3990=DIRECTION('',(0.,-1.,0.));
#3991=DIRECTION('',(0.,-1.,0.));
#3992=DIRECTION('',(0.,0.,-1.));
#3993=DIRECTION('',(0.,-1.,0.));
#3994=DIRECTION('',(0.,-1.,0.));
#3995=DIRECTION('center_axis',(-1.,0.,0.));
#3996=DIRECTION('ref_axis',(0.,1.,0.));
#3997=DIRECTION('',(0.,1.,0.));
#3998=DIRECTION('',(0.,1.,0.));
#3999=DIRECTION('',(0.,0.,-1.));
#4000=DIRECTION('',(0.,1.,0.));
#4001=DIRECTION('',(0.,1.,0.));
#4002=DIRECTION('center_axis',(0.,-1.,0.));
#4003=DIRECTION('ref_axis',(-1.,0.,0.));
#4004=DIRECTION('',(-1.,0.,0.));
#4005=DIRECTION('',(-1.,0.,0.));
#4006=DIRECTION('center_axis',(0.,0.,-1.));
#4007=DIRECTION('ref_axis',(-1.,0.,0.));
#4008=DIRECTION('center_axis',(0.,0.,1.));
#4009=DIRECTION('ref_axis',(-1.,0.,0.));
#4010=DIRECTION('center_axis',(0.,0.,-1.));
#4011=DIRECTION('ref_axis',(-1.,0.,0.));
#4012=DIRECTION('center_axis',(0.,0.,-1.));
#4013=DIRECTION('ref_axis',(-1.,0.,0.));
#4014=DIRECTION('center_axis',(0.,0.,1.));
#4015=DIRECTION('ref_axis',(-1.,0.,0.));
#4016=DIRECTION('center_axis',(0.,0.,-1.));
#4017=DIRECTION('ref_axis',(-1.,0.,0.));
#4018=DIRECTION('center_axis',(0.,0.,1.));
#4019=DIRECTION('ref_axis',(1.,1.22464679914735E-16,0.));
#4020=DIRECTION('center_axis',(0.,0.,-1.));
#4021=DIRECTION('ref_axis',(-1.,0.,0.));
#4022=DIRECTION('center_axis',(0.,0.,1.));
#4023=DIRECTION('ref_axis',(1.,0.,0.));
#4024=DIRECTION('',(0.939692620785909,-0.342020143325668,0.));
#4025=DIRECTION('',(-0.342020143325669,-0.939692620785908,0.));
#4026=DIRECTION('',(0.939692620785909,-0.342020143325668,0.));
#4027=DIRECTION('',(0.342020143325669,0.939692620785908,0.));
#4028=DIRECTION('',(0.939692502292293,-0.342020468884026,0.));
#4029=DIRECTION('',(0.342020468883939,0.939692502292324,0.));
#4030=DIRECTION('',(-0.939692620785909,0.342020143325667,0.));
#4031=DIRECTION('',(0.34202014332567,0.939692620785908,0.));
#4032=DIRECTION('',(-0.939692620785909,0.342020143325669,0.));
#4033=DIRECTION('',(-0.342020143325669,-0.939692620785908,0.));
#4034=DIRECTION('',(-0.939692620785909,0.342020143325668,0.));
#4035=DIRECTION('',(-0.342020143325668,-0.939692620785909,0.));
#4036=DIRECTION('',(0.925104441599783,-0.379712749499347,0.));
#4037=DIRECTION('center_axis',(-0.939692502292325,0.342020468883939,0.));
#4038=DIRECTION('ref_axis',(0.342020468883939,0.939692502292324,0.));
#4039=DIRECTION('',(0.,0.,-1.));
#4040=DIRECTION('',(0.342020468883939,0.939692502292324,0.));
#4041=DIRECTION('',(0.,0.,-1.));
#4042=DIRECTION('center_axis',(0.342020468884026,0.939692502292293,0.));
#4043=DIRECTION('ref_axis',(0.939692502292293,-0.342020468884026,0.));
#4044=DIRECTION('',(0.,0.,-1.));
#4045=DIRECTION('',(0.939692502292293,-0.342020468884026,0.));
#4046=DIRECTION('center_axis',(-0.939692620785908,0.342020143325669,0.));
#4047=DIRECTION('ref_axis',(0.342020143325669,0.939692620785908,0.));
#4048=DIRECTION('',(0.,0.,-1.));
#4049=DIRECTION('',(0.342020143325669,0.939692620785908,0.));
#4050=DIRECTION('center_axis',(0.342020143325668,0.939692620785909,0.));
#4051=DIRECTION('ref_axis',(0.939692620785909,-0.342020143325668,0.));
#4052=DIRECTION('',(0.,0.,-1.));
#4053=DIRECTION('',(0.939692620785909,-0.342020143325668,0.));
#4054=DIRECTION('center_axis',(0.939692620785908,-0.342020143325669,0.));
#4055=DIRECTION('ref_axis',(-0.342020143325669,-0.939692620785908,0.));
#4056=DIRECTION('',(0.,0.,-1.));
#4057=DIRECTION('',(-0.342020143325669,-0.939692620785908,0.));
#4058=DIRECTION('center_axis',(0.342020143325668,0.939692620785909,0.));
#4059=DIRECTION('ref_axis',(0.939692620785909,-0.342020143325668,0.));
#4060=DIRECTION('',(0.,0.,-1.));
#4061=DIRECTION('',(0.939692620785909,-0.342020143325668,0.));
#4062=DIRECTION('center_axis',(0.,0.,-1.));
#4063=DIRECTION('ref_axis',(0.0130818869784312,-0.999914428455297,0.));
#4064=DIRECTION('',(0.,0.,-1.));
#4065=DIRECTION('center_axis',(0.,0.,1.));
#4066=DIRECTION('ref_axis',(0.0130818869784312,-0.999914428455297,0.));
#4067=DIRECTION('',(0.,0.,-1.));
#4068=DIRECTION('center_axis',(0.,0.,1.));
#4069=DIRECTION('ref_axis',(0.0130818869784312,-0.999914428455297,0.));
#4070=DIRECTION('',(0.,0.,-1.));
#4071=DIRECTION('center_axis',(0.,0.,1.));
#4072=DIRECTION('ref_axis',(0.0130818869784312,-0.999914428455297,0.));
#4073=DIRECTION('',(0.,0.,1.));
#4074=DIRECTION('center_axis',(0.,0.,-1.));
#4075=DIRECTION('ref_axis',(0.0130818869784314,-0.999914428455297,0.));
#4076=DIRECTION('center_axis',(0.,0.,-1.));
#4077=DIRECTION('ref_axis',(0.0130818869784314,-0.999914428455297,0.));
#4078=DIRECTION('',(0.,0.,-1.));
#4079=DIRECTION('center_axis',(0.,0.,-1.));
#4080=DIRECTION('ref_axis',(0.0130818869784314,-0.999914428455297,0.));
#4081=DIRECTION('',(0.,0.,-1.));
#4082=DIRECTION('center_axis',(0.,0.,-1.));
#4083=DIRECTION('ref_axis',(0.987129864262059,-0.159920702480854,0.));
#4084=DIRECTION('center_axis',(0.,0.,-1.));
#4085=DIRECTION('ref_axis',(0.987129864262059,-0.159920702480854,0.));
#4086=DIRECTION('',(0.,0.,-1.));
#4087=DIRECTION('center_axis',(0.,0.,-1.));
#4088=DIRECTION('ref_axis',(0.987129864262059,-0.159920702480854,0.));
#4089=DIRECTION('center_axis',(0.,0.,-1.));
#4090=DIRECTION('ref_axis',(-0.0130818869784362,0.999914428455297,0.));
#4091=DIRECTION('center_axis',(0.,0.,-1.));
#4092=DIRECTION('ref_axis',(-0.0130818869784362,0.999914428455297,0.));
#4093=DIRECTION('center_axis',(0.,0.,-1.));
#4094=DIRECTION('ref_axis',(-0.0130818869784362,0.999914428455297,0.));
#4095=DIRECTION('center_axis',(0.,0.,1.));
#4096=DIRECTION('ref_axis',(-1.,0.,0.));
#4097=DIRECTION('',(0.925104441599783,-0.379712749499347,0.));
#4098=DIRECTION('',(0.342020143325668,0.939692620785909,0.));
#4099=DIRECTION('',(-0.939692620785908,0.342020143325669,0.));
#4100=DIRECTION('center_axis',(0.,0.,-1.));
#4101=DIRECTION('ref_axis',(-1.,0.,0.));
#4102=DIRECTION('center_axis',(0.,0.,1.));
#4103=DIRECTION('ref_axis',(-1.,0.,0.));
#4104=DIRECTION('center_axis',(0.,0.,-1.));
#4105=DIRECTION('ref_axis',(-1.,0.,0.));
#4106=DIRECTION('center_axis',(0.,0.,1.));
#4107=DIRECTION('ref_axis',(-1.,0.,0.));
#4108=DIRECTION('center_axis',(0.,0.,-1.));
#4109=DIRECTION('ref_axis',(-1.,0.,0.));
#4110=DIRECTION('',(0.707106781186547,8.65956056235493E-17,0.707106781186548));
#4111=DIRECTION('center_axis',(0.,0.,-1.));
#4112=DIRECTION('ref_axis',(-1.,-6.12323399573674E-17,0.));
#4113=DIRECTION('center_axis',(0.,0.,-1.));
#4114=DIRECTION('ref_axis',(-1.,-6.12323399573674E-17,0.));
#4115=DIRECTION('',(0.,0.,1.));
#4116=DIRECTION('',(0.,0.,1.));
#4117=DIRECTION('',(0.,0.,1.));
#4118=DIRECTION('',(0.,0.,1.));
#4119=DIRECTION('',(0.,0.,1.));
#4120=DIRECTION('',(0.,0.,1.));
#4121=DIRECTION('',(0.,0.,1.));
#4122=DIRECTION('',(0.,0.,1.));
#4123=DIRECTION('',(0.,0.,1.));
#4124=DIRECTION('',(0.,0.,1.));
#4125=DIRECTION('',(0.,0.,-1.));
#4126=DIRECTION('',(0.,0.,1.));
#4127=DIRECTION('',(0.,0.,-1.));
#4128=DIRECTION('center_axis',(0.,0.,1.));
#4129=DIRECTION('ref_axis',(-1.,0.,0.));
#4130=DIRECTION('center_axis',(0.,0.,-1.));
#4131=DIRECTION('ref_axis',(-1.,0.,0.));
#4132=DIRECTION('',(0.707106781186547,8.65956056235492E-17,0.707106781186548));
#4133=DIRECTION('center_axis',(0.,0.,-1.));
#4134=DIRECTION('ref_axis',(-1.,0.,0.));
#4135=DIRECTION('center_axis',(0.,0.,1.));
#4136=DIRECTION('ref_axis',(-1.,0.,0.));
#4137=DIRECTION('center_axis',(0.,0.,1.));
#4138=DIRECTION('ref_axis',(-1.,0.,0.));
#4139=DIRECTION('center_axis',(0.,0.,1.));
#4140=DIRECTION('ref_axis',(-1.,0.,0.));
#4141=DIRECTION('center_axis',(0.,0.,-1.));
#4142=DIRECTION('ref_axis',(-1.,0.,0.));
#4143=DIRECTION('',(0.707106781186547,8.65956056235492E-17,0.707106781186548));
#4144=DIRECTION('center_axis',(0.,0.,-1.));
#4145=DIRECTION('ref_axis',(-1.,0.,0.));
#4146=DIRECTION('center_axis',(0.,0.,1.));
#4147=DIRECTION('ref_axis',(-1.,0.,0.));
#4148=DIRECTION('center_axis',(0.,0.,1.));
#4149=DIRECTION('ref_axis',(-1.,0.,0.));
#4150=DIRECTION('center_axis',(1.22464679913562E-16,-1.,-7.54626171001562E-15));
#4151=DIRECTION('ref_axis',(-1.,-1.22464679914735E-16,1.55431223447525E-13));
#4152=DIRECTION('center_axis',(0.,0.,-1.));
#4153=DIRECTION('ref_axis',(-1.,-6.12323399573674E-17,0.));
#4154=DIRECTION('center_axis',(0.,0.,-1.));
#4155=DIRECTION('ref_axis',(-1.,-6.12323399573674E-17,0.));
#4156=DIRECTION('center_axis',(0.,0.,1.));
#4157=DIRECTION('ref_axis',(-1.,0.,0.));
#4158=DIRECTION('center_axis',(0.,0.,1.));
#4159=DIRECTION('ref_axis',(-1.,0.,0.));
#4160=DIRECTION('center_axis',(0.,0.,-1.));
#4161=DIRECTION('ref_axis',(-1.,0.,0.));
#4162=DIRECTION('',(0.707106781186547,8.65956056235493E-17,0.707106781186548));
#4163=DIRECTION('center_axis',(0.,0.,-1.));
#4164=DIRECTION('ref_axis',(-1.,0.,0.));
#4165=DIRECTION('center_axis',(0.,0.,-1.));
#4166=DIRECTION('ref_axis',(-1.,0.,0.));
#4167=DIRECTION('',(0.,0.,-1.));
#4168=DIRECTION('center_axis',(0.,0.,1.));
#4169=DIRECTION('ref_axis',(-1.,0.,0.));
#4170=DIRECTION('center_axis',(-7.69704614087611E-28,-1.,-1.73322070659513E-14));
#4171=DIRECTION('ref_axis',(-1.,0.,4.44089209850071E-14));
#4172=DIRECTION('center_axis',(0.,1.3589990236205E-14,-1.));
#4173=DIRECTION('ref_axis',(-1.,0.,0.));
#4174=DIRECTION('center_axis',(0.,1.3589990236205E-14,-1.));
#4175=DIRECTION('ref_axis',(-1.,0.,0.));
#4176=DIRECTION('center_axis',(0.,0.,1.));
#4177=DIRECTION('ref_axis',(-1.,0.,0.));
#4178=DIRECTION('center_axis',(0.,0.,1.));
#4179=DIRECTION('ref_axis',(-1.,0.,0.));
#4180=DIRECTION('center_axis',(0.,0.,-1.));
#4181=DIRECTION('ref_axis',(-1.,0.,0.));
#4182=DIRECTION('',(0.707106781186549,8.65956056235496E-17,0.707106781186546));
#4183=DIRECTION('center_axis',(0.,0.,-1.));
#4184=DIRECTION('ref_axis',(-1.,0.,0.));
#4185=DIRECTION('center_axis',(0.,0.,-1.));
#4186=DIRECTION('ref_axis',(-1.,0.,0.));
#4187=DIRECTION('',(0.,0.,-1.));
#4188=DIRECTION('center_axis',(0.,0.,1.));
#4189=DIRECTION('ref_axis',(-1.,0.,0.));
#4190=DIRECTION('center_axis',(-1.11707113337412E-28,-1.,-2.51542057000494E-15));
#4191=DIRECTION('ref_axis',(-1.,0.,4.44089209850073E-14));
#4192=DIRECTION('center_axis',(0.,1.3589990236205E-14,-1.));
#4193=DIRECTION('ref_axis',(-1.,0.,0.));
#4194=DIRECTION('center_axis',(0.,1.3589990236205E-14,-1.));
#4195=DIRECTION('ref_axis',(-1.,0.,0.));
#4196=DIRECTION('center_axis',(0.,0.,1.));
#4197=DIRECTION('ref_axis',(-1.,0.,0.));
#4198=DIRECTION('center_axis',(0.,0.,1.));
#4199=DIRECTION('ref_axis',(-1.,0.,0.));
#4200=DIRECTION('center_axis',(0.,0.,-1.));
#4201=DIRECTION('ref_axis',(-1.,0.,0.));
#4202=DIRECTION('',(0.707106781186549,8.65956056235496E-17,0.707106781186546));
#4203=DIRECTION('center_axis',(0.,0.,-1.));
#4204=DIRECTION('ref_axis',(-1.,0.,0.));
#4205=DIRECTION('center_axis',(0.,0.,-1.));
#4206=DIRECTION('ref_axis',(-1.,0.,0.));
#4207=DIRECTION('',(0.,0.,-1.));
#4208=DIRECTION('center_axis',(0.,0.,1.));
#4209=DIRECTION('ref_axis',(-1.,0.,0.));
#4210=DIRECTION('center_axis',(0.,0.,1.));
#4211=DIRECTION('ref_axis',(-1.,0.,0.));
#4212=DIRECTION('center_axis',(0.,0.,1.));
#4213=DIRECTION('ref_axis',(-1.,0.,0.));
#4214=DIRECTION('center_axis',(0.,0.,1.));
#4215=DIRECTION('ref_axis',(-1.,0.,0.));
#4216=DIRECTION('',(0.,0.,1.));
#4217=DIRECTION('',(0.,0.,1.));
#4218=DIRECTION('center_axis',(0.,0.,1.));
#4219=DIRECTION('ref_axis',(1.,0.,0.));
#4220=DIRECTION('',(0.925104441599783,-0.379712749499347,0.));
#4221=DIRECTION('',(-0.939692620785909,0.342020143325668,0.));
#4222=DIRECTION('',(-0.342020143325669,-0.939692620785908,0.));
#4223=DIRECTION('',(-0.939692620785909,0.342020143325669,0.));
#4224=DIRECTION('',(0.34202014332567,0.939692620785908,0.));
#4225=DIRECTION('',(-0.939692620785909,0.342020143325667,0.));
#4226=DIRECTION('center_axis',(0.,0.,-1.));
#4227=DIRECTION('ref_axis',(1.,0.,0.));
#4228=DIRECTION('center_axis',(0.,0.,-1.));
#4229=DIRECTION('ref_axis',(1.,0.,0.));
#4230=DIRECTION('center_axis',(0.,0.,-1.));
#4231=DIRECTION('ref_axis',(1.,0.,0.));
#4232=DIRECTION('center_axis',(0.,0.,-1.));
#4233=DIRECTION('ref_axis',(1.,0.,0.));
#4234=DIRECTION('center_axis',(0.,0.,-1.));
#4235=DIRECTION('ref_axis',(1.,0.,0.));
#4236=DIRECTION('center_axis',(0.,0.,-1.));
#4237=DIRECTION('ref_axis',(1.,0.,0.));
#4238=DIRECTION('center_axis',(0.,0.,-1.));
#4239=DIRECTION('ref_axis',(1.,0.,0.));
#4240=DIRECTION('',(1.,1.11022302462516E-16,0.));
#4241=DIRECTION('',(0.,-1.,0.));
#4242=DIRECTION('',(-1.,0.,0.));
#4243=DIRECTION('',(0.,-1.,0.));
#4244=DIRECTION('center_axis',(0.,0.,-1.));
#4245=DIRECTION('ref_axis',(1.,0.,0.));
#4246=DIRECTION('center_axis',(0.,0.,1.));
#4247=DIRECTION('ref_axis',(1.,0.,0.));
#4248=DIRECTION('center_axis',(0.,0.,1.));
#4249=DIRECTION('ref_axis',(1.,0.,0.));
#4250=DIRECTION('',(0.,0.,1.));
#4251=DIRECTION('center_axis',(0.,0.,1.));
#4252=DIRECTION('ref_axis',(1.,0.,0.));
#4253=DIRECTION('center_axis',(0.,0.,1.));
#4254=DIRECTION('ref_axis',(1.,0.,0.));
#4255=DIRECTION('',(0.,0.,1.));
#4256=DIRECTION('center_axis',(0.,0.,1.));
#4257=DIRECTION('ref_axis',(1.,0.,0.));
#4258=DIRECTION('center_axis',(0.,0.,1.));
#4259=DIRECTION('ref_axis',(1.,0.,0.));
#4260=DIRECTION('',(0.,0.,1.));
#4261=DIRECTION('center_axis',(0.,0.,1.));
#4262=DIRECTION('ref_axis',(1.,0.,0.));
#4263=DIRECTION('center_axis',(0.,0.,1.));
#4264=DIRECTION('ref_axis',(1.,0.,0.));
#4265=DIRECTION('',(0.,0.,1.));
#4266=DIRECTION('center_axis',(0.,0.,1.));
#4267=DIRECTION('ref_axis',(1.,0.,0.));
#4268=DIRECTION('center_axis',(0.,0.,1.));
#4269=DIRECTION('ref_axis',(1.,0.,0.));
#4270=DIRECTION('center_axis',(0.,0.,1.));
#4271=DIRECTION('ref_axis',(1.,0.,0.));
#4272=DIRECTION('center_axis',(0.,0.,1.));
#4273=DIRECTION('ref_axis',(1.,0.,0.));
#4274=DIRECTION('center_axis',(0.,0.,1.));
#4275=DIRECTION('ref_axis',(1.,0.,0.));
#4276=DIRECTION('center_axis',(0.,0.,1.));
#4277=DIRECTION('ref_axis',(1.,0.,0.));
#4278=DIRECTION('center_axis',(0.,0.,1.));
#4279=DIRECTION('ref_axis',(1.,0.,0.));
#4280=DIRECTION('',(0.,0.,-1.));
#4281=DIRECTION('',(0.,0.,-1.));
#4282=DIRECTION('',(0.,0.,1.));
#4283=DIRECTION('',(0.,0.,1.));
#4284=DIRECTION('',(0.,0.,1.));
#4285=DIRECTION('',(0.,0.,1.));
#4286=DIRECTION('',(0.,0.,-1.));
#4287=DIRECTION('',(0.,0.,1.));
#4288=DIRECTION('center_axis',(0.,0.,-1.));
#4289=DIRECTION('ref_axis',(1.,0.,0.));
#4290=DIRECTION('center_axis',(0.,0.,1.));
#4291=DIRECTION('ref_axis',(1.,0.,0.));
#4292=DIRECTION('',(0.,0.,-1.));
#4293=DIRECTION('center_axis',(0.,0.,1.));
#4294=DIRECTION('ref_axis',(1.,0.,0.));
#4295=DIRECTION('',(0.,0.,1.));
#4296=DIRECTION('center_axis',(0.,1.,0.));
#4297=DIRECTION('ref_axis',(1.,0.,0.));
#4298=DIRECTION('',(-1.,0.,0.));
#4299=DIRECTION('',(0.,0.,-1.));
#4300=DIRECTION('center_axis',(0.,-1.,0.));
#4301=DIRECTION('ref_axis',(1.,0.,0.));
#4302=DIRECTION('',(1.,0.,0.));
#4303=DIRECTION('center_axis',(0.,0.,1.));
#4304=DIRECTION('ref_axis',(1.,0.,0.));
#4305=DIRECTION('',(-9.63533043424693E-16,1.,0.));
#4306=DIRECTION('',(0.,-1.,0.));
#4307=DIRECTION('',(1.68988989403995E-15,-1.,0.));
#4308=DIRECTION('',(-1.69017636061086E-15,1.,0.));
#4309=DIRECTION('center_axis',(0.,0.,1.));
#4310=DIRECTION('ref_axis',(1.,0.,0.));
#4311=DIRECTION('',(-1.,-1.11022302462516E-16,0.));
#4312=DIRECTION('',(0.,1.,0.));
#4313=DIRECTION('',(1.,0.,0.));
#4314=DIRECTION('',(0.,1.,0.));
#4315=DIRECTION('center_axis',(0.,0.,1.));
#4316=DIRECTION('ref_axis',(1.,0.,0.));
#4317=DIRECTION('center_axis',(0.,0.,1.));
#4318=DIRECTION('ref_axis',(1.,0.,0.));
#4319=DIRECTION('center_axis',(0.,0.,1.));
#4320=DIRECTION('ref_axis',(1.,0.,0.));
#4321=DIRECTION('center_axis',(0.,0.,-1.));
#4322=DIRECTION('ref_axis',(1.,0.,0.));
#4323=DIRECTION('center_axis',(0.,0.,1.));
#4324=DIRECTION('ref_axis',(1.,0.,0.));
#4325=DIRECTION('center_axis',(0.,0.,-1.));
#4326=DIRECTION('ref_axis',(1.,0.,0.));
#4327=DIRECTION('',(0.,1.,0.));
#4328=DIRECTION('center_axis',(0.,0.,1.));
#4329=DIRECTION('ref_axis',(1.,0.,0.));
#4330=DIRECTION('',(0.,1.,0.));
#4331=DIRECTION('center_axis',(0.,0.,-1.));
#4332=DIRECTION('ref_axis',(1.,0.,0.));
#4333=DIRECTION('center_axis',(0.,0.,1.));
#4334=DIRECTION('ref_axis',(1.,0.,0.));
#4335=DIRECTION('center_axis',(0.,0.,1.));
#4336=DIRECTION('ref_axis',(1.,0.,0.));
#4337=DIRECTION('center_axis',(0.,0.,-1.));
#4338=DIRECTION('ref_axis',(1.,0.,0.));
#4339=DIRECTION('center_axis',(0.,0.,1.));
#4340=DIRECTION('ref_axis',(1.,0.,0.));
#4341=DIRECTION('center_axis',(0.,0.,1.));
#4342=DIRECTION('ref_axis',(1.,0.,0.));
#4343=DIRECTION('center_axis',(0.,0.,-1.));
#4344=DIRECTION('ref_axis',(1.,0.,0.));
#4345=DIRECTION('',(0.,-1.,0.));
#4346=DIRECTION('center_axis',(0.,0.,1.));
#4347=DIRECTION('ref_axis',(1.,0.,0.));
#4348=DIRECTION('',(0.,-1.,0.));
#4349=DIRECTION('',(-1.,0.,0.));
#4350=DIRECTION('',(6.96064592241477E-15,-1.,0.));
#4351=DIRECTION('',(1.,0.,0.));
#4352=DIRECTION('',(1.,0.,0.));
#4353=DIRECTION('',(-8.35277510689773E-15,1.,0.));
#4354=DIRECTION('center_axis',(0.,-1.,0.));
#4355=DIRECTION('ref_axis',(-1.,0.,0.));
#4356=DIRECTION('',(1.,0.,0.));
#4357=DIRECTION('',(0.,0.,-1.));
#4358=DIRECTION('center_axis',(0.,-0.707106781186548,0.707106781186548));
#4359=DIRECTION('ref_axis',(-1.,0.,0.));
#4360=DIRECTION('',(1.,0.,0.));
#4361=DIRECTION('',(-0.577350269189626,-0.577350269189626,-0.577350269189626));
#4362=DIRECTION('center_axis',(0.,-0.707106781186548,-0.707106781186548));
#4363=DIRECTION('ref_axis',(1.,0.,0.));
#4364=DIRECTION('',(-1.,0.,0.));
#4365=DIRECTION('center_axis',(0.,0.707106781186548,0.707106781186548));
#4366=DIRECTION('ref_axis',(0.,0.707106781186548,-0.707106781186548));
#4367=DIRECTION('',(-0.577350269189626,-0.577350269189626,0.577350269189626));
#4368=DIRECTION('center_axis',(0.,-1.,0.));
#4369=DIRECTION('ref_axis',(-1.,0.,0.));
#4370=DIRECTION('',(-1.,0.,0.));
#4371=DIRECTION('center_axis',(0.,1.,0.));
#4372=DIRECTION('ref_axis',(1.,0.,0.));
#4373=DIRECTION('center_axis',(0.,1.,0.));
#4374=DIRECTION('ref_axis',(1.,0.,0.));
#4375=DIRECTION('center_axis',(0.,-1.,0.));
#4376=DIRECTION('ref_axis',(1.,0.,0.));
#4377=DIRECTION('',(0.,1.,0.));
#4378=DIRECTION('center_axis',(0.,1.,0.));
#4379=DIRECTION('ref_axis',(1.,0.,0.));
#4380=DIRECTION('center_axis',(0.,0.707106781186548,0.707106781186548));
#4381=DIRECTION('ref_axis',(0.,0.707106781186548,-0.707106781186548));
#4382=DIRECTION('center_axis',(0.707106781186548,0.707106781186547,0.));
#4383=DIRECTION('ref_axis',(0.707106781186547,-0.707106781186548,0.));
#4384=DIRECTION('',(0.,-1.,0.));
#4385=DIRECTION('center_axis',(0.,1.,0.));
#4386=DIRECTION('ref_axis',(1.,0.,0.));
#4387=DIRECTION('center_axis',(-0.707106781186548,0.707106781186547,0.));
#4388=DIRECTION('ref_axis',(0.707106781186547,0.707106781186548,0.));
#4389=DIRECTION('',(0.,-1.,0.));
#4390=DIRECTION('',(0.,1.,0.));
#4391=DIRECTION('center_axis',(0.,0.,-1.));
#4392=DIRECTION('ref_axis',(-1.,0.,0.));
#4393=DIRECTION('',(-1.,0.,0.));
#4394=DIRECTION('',(1.,0.,0.));
#4395=DIRECTION('center_axis',(0.,-1.,0.));
#4396=DIRECTION('ref_axis',(-1.,0.,0.));
#4397=DIRECTION('',(-1.,0.,0.));
#4398=DIRECTION('center_axis',(0.,-0.707106781186548,-0.707106781186548));
#4399=DIRECTION('ref_axis',(1.,0.,0.));
#4400=DIRECTION('center_axis',(0.,0.707106781186548,0.707106781186548));
#4401=DIRECTION('ref_axis',(0.,-0.707106781186548,0.707106781186548));
#4402=DIRECTION('',(1.,0.,0.));
#4403=DIRECTION('',(0.577350269189626,-0.577350269189626,0.577350269189626));
#4404=DIRECTION('center_axis',(0.707106781186548,-0.707106781186547,0.));
#4405=DIRECTION('ref_axis',(0.,0.,1.));
#4406=DIRECTION('',(0.,0.,-1.));
#4407=DIRECTION('center_axis',(-0.707106781186548,-0.707106781186547,0.));
#4408=DIRECTION('ref_axis',(0.,0.,-1.));
#4409=DIRECTION('',(0.577350269189626,-0.577350269189626,-0.577350269189626));
#4410=DIRECTION('',(0.,0.,-1.));
#4411=DIRECTION('center_axis',(0.,-0.707106781186548,0.707106781186548));
#4412=DIRECTION('ref_axis',(-1.,0.,0.));
#4413=DIRECTION('center_axis',(0.,0.707106781186548,-0.707106781186548));
#4414=DIRECTION('ref_axis',(0.,-0.707106781186548,-0.707106781186548));
#4415=DIRECTION('',(1.,0.,0.));
#4416=DIRECTION('center_axis',(0.,-1.,0.));
#4417=DIRECTION('ref_axis',(-1.,0.,0.));
#4418=DIRECTION('',(0.,0.,-1.));
#4419=DIRECTION('center_axis',(1.,8.35277510689773E-15,0.));
#4420=DIRECTION('ref_axis',(8.35277510689773E-15,-1.,0.));
#4421=DIRECTION('center_axis',(0.,1.,0.));
#4422=DIRECTION('ref_axis',(1.,0.,0.));
#4423=DIRECTION('',(0.,0.,-1.));
#4424=DIRECTION('center_axis',(-1.,-6.96064592241478E-15,0.));
#4425=DIRECTION('ref_axis',(-6.96064592241478E-15,1.,0.));
#4426=DIRECTION('',(0.,0.,-1.));
#4427=DIRECTION('',(0.,0.,-1.));
#4428=DIRECTION('',(0.,0.,-1.));
#4429=DIRECTION('',(0.,0.,-1.));
#4430=DIRECTION('',(0.,0.,-1.));
#4431=DIRECTION('',(0.,0.,-1.));
#4432=DIRECTION('center_axis',(0.,0.,-1.));
#4433=DIRECTION('ref_axis',(-1.,0.,0.));
#4434=DIRECTION('',(-1.68988989403995E-15,1.,0.));
#4435=DIRECTION('',(1.69017636061086E-15,-1.,0.));
#4436=DIRECTION('center_axis',(0.,0.,1.));
#4437=DIRECTION('ref_axis',(1.,0.,0.));
#4438=DIRECTION('',(0.,1.,0.));
#4439=DIRECTION('',(9.63533043424693E-16,-1.,0.));
#4440=DIRECTION('',(0.,0.,1.));
#4441=DIRECTION('',(0.,0.,1.));
#4442=DIRECTION('center_axis',(1.,1.69017636061086E-15,0.));
#4443=DIRECTION('ref_axis',(1.69017636061086E-15,-1.,0.));
#4444=DIRECTION('',(0.,0.,1.));
#4445=DIRECTION('',(0.,0.,1.));
#4446=DIRECTION('',(0.,0.,1.));
#4447=DIRECTION('',(0.,0.,1.));
#4448=DIRECTION('',(0.,0.,1.));
#4449=DIRECTION('center_axis',(1.,9.63533043424693E-16,0.));
#4450=DIRECTION('ref_axis',(9.63533043424693E-16,-1.,0.));
#4451=DIRECTION('center_axis',(-1.,0.,0.));
#4452=DIRECTION('ref_axis',(0.,1.,0.));
#4453=DIRECTION('',(0.,0.,1.));
#4454=DIRECTION('',(0.,0.,-1.));
#4455=DIRECTION('center_axis',(-1.,-1.68988989403995E-15,0.));
#4456=DIRECTION('ref_axis',(-1.68988989403995E-15,1.,0.));
#4457=DIRECTION('center_axis',(0.,0.,-1.));
#4458=DIRECTION('ref_axis',(1.,0.,0.));
#4459=DIRECTION('center_axis',(0.,0.,-1.));
#4460=DIRECTION('ref_axis',(1.,0.,0.));
#4461=DIRECTION('center_axis',(0.,0.,-1.));
#4462=DIRECTION('ref_axis',(1.,0.,0.));
#4463=DIRECTION('center_axis',(0.,0.,-1.));
#4464=DIRECTION('ref_axis',(1.,0.,0.));
#4465=DIRECTION('center_axis',(0.,0.,-1.));
#4466=DIRECTION('ref_axis',(-1.,0.,0.));
#4467=DIRECTION('center_axis',(0.,0.,-1.));
#4468=DIRECTION('ref_axis',(1.,0.,0.));
#4469=DIRECTION('',(0.,1.,0.));
#4470=DIRECTION('center_axis',(0.,0.,1.));
#4471=DIRECTION('ref_axis',(1.,0.,0.));
#4472=DIRECTION('center_axis',(0.,0.,-1.));
#4473=DIRECTION('ref_axis',(-1.,0.,0.));
#4474=DIRECTION('center_axis',(0.,0.,-1.));
#4475=DIRECTION('ref_axis',(1.,0.,0.));
#4476=DIRECTION('center_axis',(0.,0.,-1.));
#4477=DIRECTION('ref_axis',(1.,0.,0.));
#4478=DIRECTION('center_axis',(0.,0.,1.));
#4479=DIRECTION('ref_axis',(1.,0.,0.));
#4480=DIRECTION('center_axis',(0.,0.,1.));
#4481=DIRECTION('ref_axis',(1.,0.,0.));
#4482=DIRECTION('center_axis',(-0.70710678114478,2.2264548990425E-10,0.707106781228315));
#4483=DIRECTION('ref_axis',(-0.181051706354856,-0.966664657143248,-0.181051706029306));
#4484=DIRECTION('center_axis',(0.,0.,1.));
#4485=DIRECTION('ref_axis',(1.,0.,0.));
#4486=DIRECTION('center_axis',(-0.707106781186548,0.,0.707106781186548));
#4487=DIRECTION('ref_axis',(0.,-1.,0.));
#4488=DIRECTION('',(0.,1.,0.));
#4489=DIRECTION('center_axis',(0.707106781149961,1.1320480035215E-10,-0.707106781223134));
#4490=DIRECTION('ref_axis',(-0.291431798664406,0.911117453217194,-0.291431798488502));
#4491=DIRECTION('center_axis',(-0.707106781186548,0.,0.707106781186548));
#4492=DIRECTION('ref_axis',(0.,-1.,0.));
#4493=DIRECTION('center_axis',(0.,0.,1.));
#4494=DIRECTION('ref_axis',(1.,0.,0.));
#4495=DIRECTION('center_axis',(0.,0.,1.));
#4496=DIRECTION('ref_axis',(1.,0.,0.));
#4497=DIRECTION('center_axis',(0.,0.,-1.));
#4498=DIRECTION('ref_axis',(-1.,0.,0.));
#4499=DIRECTION('center_axis',(0.,0.,-1.));
#4500=DIRECTION('ref_axis',(1.,0.,0.));
#4501=DIRECTION('center_axis',(0.,0.,-1.));
#4502=DIRECTION('ref_axis',(-0.979565660975529,0.201124627625695,0.));
#4503=DIRECTION('center_axis',(0.,0.,-1.));
#4504=DIRECTION('ref_axis',(1.,0.,0.));
#4505=DIRECTION('center_axis',(0.,0.,-1.));
#4506=DIRECTION('ref_axis',(1.,0.,0.));
#4507=DIRECTION('center_axis',(0.,0.,-1.));
#4508=DIRECTION('ref_axis',(-1.,0.,0.));
#4509=DIRECTION('center_axis',(0.,0.,-1.));
#4510=DIRECTION('ref_axis',(1.,0.,0.));
#4511=DIRECTION('',(0.,-1.,0.));
#4512=DIRECTION('center_axis',(0.,0.,1.));
#4513=DIRECTION('ref_axis',(1.,0.,0.));
#4514=DIRECTION('center_axis',(0.,0.,-1.));
#4515=DIRECTION('ref_axis',(-1.,0.,0.));
#4516=DIRECTION('center_axis',(0.,0.,-1.));
#4517=DIRECTION('ref_axis',(1.,0.,0.));
#4518=DIRECTION('center_axis',(0.,0.,1.));
#4519=DIRECTION('ref_axis',(1.,0.,0.));
#4520=DIRECTION('',(0.,-1.,0.));
#4521=DIRECTION('center_axis',(0.,0.,1.));
#4522=DIRECTION('ref_axis',(1.,0.,0.));
#4523=DIRECTION('center_axis',(0.707106781238904,1.63383255439358E-10,0.707106781134191));
#4524=DIRECTION('ref_axis',(0.291431798449614,0.911117453217181,-0.291431798703337));
#4525=DIRECTION('center_axis',(0.707106781186546,0.,0.70710678118655));
#4526=DIRECTION('ref_axis',(0.,1.,0.));
#4527=DIRECTION('center_axis',(-0.707106781215852,1.5516300790981E-10,-0.707106781157243));
#4528=DIRECTION('ref_axis',(0.181051706078358,-0.966664657143282,-0.181051706305622));
#4529=DIRECTION('center_axis',(0.707106781186548,0.,0.707106781186548));
#4530=DIRECTION('ref_axis',(0.,1.,0.));
#4531=DIRECTION('center_axis',(0.,0.,1.));
#4532=DIRECTION('ref_axis',(-0.993227593995936,-0.116184966863374,0.));
#4533=DIRECTION('center_axis',(0.,1.,0.));
#4534=DIRECTION('ref_axis',(-1.,0.,0.));
#4535=DIRECTION('',(1.,0.,0.));
#4536=DIRECTION('',(0.,0.,-1.));
#4537=DIRECTION('',(-1.,0.,0.));
#4538=DIRECTION('',(-1.,0.,0.));
#4539=DIRECTION('',(0.,0.,1.));
#4540=DIRECTION('center_axis',(0.,0.,-1.));
#4541=DIRECTION('ref_axis',(-1.,0.,0.));
#4542=DIRECTION('center_axis',(0.,0.,1.));
#4543=DIRECTION('ref_axis',(1.,0.,0.));
#4544=DIRECTION('',(-1.56984718922064E-15,-1.,0.));
#4545=DIRECTION('',(1.,0.,0.));
#4546=DIRECTION('center_axis',(0.,0.,-1.));
#4547=DIRECTION('ref_axis',(-1.,0.,0.));
#4548=DIRECTION('center_axis',(0.,0.,1.));
#4549=DIRECTION('ref_axis',(1.,0.,0.));
#4550=DIRECTION('',(1.56984718922064E-15,1.,0.));
#4551=DIRECTION('center_axis',(0.,0.,-1.));
#4552=DIRECTION('ref_axis',(-1.,0.,0.));
#4553=DIRECTION('center_axis',(0.,0.,1.));
#4554=DIRECTION('ref_axis',(1.,0.,0.));
#4555=DIRECTION('',(-1.56984718922064E-15,-1.,0.));
#4556=DIRECTION('center_axis',(0.,-1.,0.));
#4557=DIRECTION('ref_axis',(1.,0.,0.));
#4558=DIRECTION('',(-1.,0.,0.));
#4559=DIRECTION('',(0.,0.,-1.));
#4560=DIRECTION('',(1.,0.,0.));
#4561=DIRECTION('',(0.,0.,1.));
#4562=DIRECTION('center_axis',(0.,0.,-1.));
#4563=DIRECTION('ref_axis',(-1.,0.,0.));
#4564=DIRECTION('',(1.56984718922064E-15,1.,0.));
#4565=DIRECTION('center_axis',(0.,0.,1.));
#4566=DIRECTION('ref_axis',(1.,0.,0.));
#4567=DIRECTION('center_axis',(0.,-1.,0.));
#4568=DIRECTION('ref_axis',(1.,0.,0.));
#4569=DIRECTION('',(-1.,0.,0.));
#4570=DIRECTION('',(0.,0.,-1.));
#4571=DIRECTION('',(1.,0.,0.));
#4572=DIRECTION('',(1.,0.,0.));
#4573=DIRECTION('',(0.,0.,1.));
#4574=DIRECTION('center_axis',(0.,0.,-1.));
#4575=DIRECTION('ref_axis',(-1.,0.,0.));
#4576=DIRECTION('center_axis',(0.,0.,1.));
#4577=DIRECTION('ref_axis',(1.,0.,0.));
#4578=DIRECTION('',(0.,-1.,0.));
#4579=DIRECTION('center_axis',(0.,0.,-1.));
#4580=DIRECTION('ref_axis',(-1.,0.,0.));
#4581=DIRECTION('',(0.,1.,0.));
#4582=DIRECTION('center_axis',(0.,0.,1.));
#4583=DIRECTION('ref_axis',(1.,0.,0.));
#4584=DIRECTION('center_axis',(0.,0.,-1.));
#4585=DIRECTION('ref_axis',(-1.,0.,0.));
#4586=DIRECTION('',(-1.,0.,0.));
#4587=DIRECTION('center_axis',(0.,0.,1.));
#4588=DIRECTION('ref_axis',(1.,0.,0.));
#4589=DIRECTION('',(0.,1.,0.));
#4590=DIRECTION('center_axis',(0.,1.,0.));
#4591=DIRECTION('ref_axis',(-1.,0.,0.));
#4592=DIRECTION('',(1.,0.,0.));
#4593=DIRECTION('',(0.,0.,-1.));
#4594=DIRECTION('',(-1.,0.,0.));
#4595=DIRECTION('',(0.,0.,1.));
#4596=DIRECTION('center_axis',(0.,0.,-1.));
#4597=DIRECTION('ref_axis',(-1.,0.,0.));
#4598=DIRECTION('center_axis',(0.,0.,1.));
#4599=DIRECTION('ref_axis',(1.,0.,0.));
#4600=DIRECTION('',(0.,-1.,0.));
#4601=DIRECTION('center_axis',(0.,1.,0.));
#4602=DIRECTION('ref_axis',(-1.,0.,0.));
#4603=DIRECTION('',(1.,0.,0.));
#4604=DIRECTION('',(0.,0.,-1.));
#4605=DIRECTION('',(-1.,0.,0.));
#4606=DIRECTION('',(-1.,0.,0.));
#4607=DIRECTION('',(0.,0.,1.));
#4608=DIRECTION('center_axis',(0.,0.,-1.));
#4609=DIRECTION('ref_axis',(-1.,0.,0.));
#4610=DIRECTION('',(0.,-1.,0.));
#4611=DIRECTION('center_axis',(0.,0.,1.));
#4612=DIRECTION('ref_axis',(1.,0.,0.));
#4613=DIRECTION('center_axis',(0.,0.,-1.));
#4614=DIRECTION('ref_axis',(-1.,0.,0.));
#4615=DIRECTION('center_axis',(0.,0.,1.));
#4616=DIRECTION('ref_axis',(1.,0.,0.));
#4617=DIRECTION('',(0.,1.,0.));
#4618=DIRECTION('center_axis',(0.,0.,-1.));
#4619=DIRECTION('ref_axis',(-1.,0.,0.));
#4620=DIRECTION('',(1.,0.,0.));
#4621=DIRECTION('center_axis',(0.,0.,1.));
#4622=DIRECTION('ref_axis',(1.,0.,0.));
#4623=DIRECTION('',(0.,-1.,0.));
#4624=DIRECTION('center_axis',(0.,-1.,0.));
#4625=DIRECTION('ref_axis',(1.,0.,0.));
#4626=DIRECTION('',(-1.,0.,0.));
#4627=DIRECTION('',(0.,0.,-1.));
#4628=DIRECTION('',(1.,0.,0.));
#4629=DIRECTION('',(0.,0.,1.));
#4630=DIRECTION('center_axis',(0.,0.,-1.));
#4631=DIRECTION('ref_axis',(-1.,0.,0.));
#4632=DIRECTION('',(0.,1.,0.));
#4633=DIRECTION('center_axis',(0.,0.,1.));
#4634=DIRECTION('ref_axis',(1.,0.,0.));
#4635=DIRECTION('center_axis',(0.,1.,0.));
#4636=DIRECTION('ref_axis',(-1.,0.,0.));
#4637=DIRECTION('',(1.,0.,0.));
#4638=DIRECTION('',(0.,0.,-1.));
#4639=DIRECTION('',(-1.,0.,0.));
#4640=DIRECTION('',(-1.,0.,0.));
#4641=DIRECTION('',(0.,0.,1.));
#4642=DIRECTION('center_axis',(0.,0.,-1.));
#4643=DIRECTION('ref_axis',(-1.,0.,0.));
#4644=DIRECTION('',(1.,0.,0.));
#4645=DIRECTION('center_axis',(0.,0.,1.));
#4646=DIRECTION('ref_axis',(1.,0.,0.));
#4647=DIRECTION('',(-1.56984718922064E-15,-1.,0.));
#4648=DIRECTION('center_axis',(0.,-1.,0.));
#4649=DIRECTION('ref_axis',(1.,0.,0.));
#4650=DIRECTION('',(-1.,0.,0.));
#4651=DIRECTION('',(0.,0.,-1.));
#4652=DIRECTION('',(1.,0.,0.));
#4653=DIRECTION('',(0.,0.,1.));
#4654=DIRECTION('center_axis',(0.,0.,-1.));
#4655=DIRECTION('ref_axis',(-1.,0.,0.));
#4656=DIRECTION('center_axis',(0.,0.,1.));
#4657=DIRECTION('ref_axis',(1.,0.,0.));
#4658=DIRECTION('',(1.56984718922064E-15,1.,0.));
#4659=DIRECTION('center_axis',(0.,0.,-1.));
#4660=DIRECTION('ref_axis',(-1.,0.,0.));
#4661=DIRECTION('',(-1.56984718922064E-15,-1.,0.));
#4662=DIRECTION('center_axis',(0.,0.,1.));
#4663=DIRECTION('ref_axis',(1.,0.,0.));
#4664=DIRECTION('center_axis',(0.,0.,-1.));
#4665=DIRECTION('ref_axis',(-1.,0.,0.));
#4666=DIRECTION('center_axis',(0.,0.,1.));
#4667=DIRECTION('ref_axis',(1.,0.,0.));
#4668=DIRECTION('',(1.56984718922064E-15,1.,0.));
#4669=DIRECTION('center_axis',(-1.,0.,0.));
#4670=DIRECTION('ref_axis',(0.,-1.,0.));
#4671=DIRECTION('',(0.,1.,0.));
#4672=DIRECTION('',(0.,0.,1.));
#4673=DIRECTION('',(0.,-1.,0.));
#4674=DIRECTION('',(0.,-1.,0.));
#4675=DIRECTION('',(0.,0.,1.));
#4676=DIRECTION('center_axis',(1.,0.,0.));
#4677=DIRECTION('ref_axis',(0.,1.,0.));
#4678=DIRECTION('',(0.,-1.,0.));
#4679=DIRECTION('',(0.,0.,1.));
#4680=DIRECTION('',(0.,1.,0.));
#4681=DIRECTION('',(0.,1.,0.));
#4682=DIRECTION('',(0.,0.,1.));
#4683=DIRECTION('center_axis',(0.,0.,-1.));
#4684=DIRECTION('ref_axis',(-1.,0.,0.));
#4685=DIRECTION('center_axis',(0.,0.,1.));
#4686=DIRECTION('ref_axis',(1.,0.,0.));
#4687=DIRECTION('center_axis',(0.,0.,-1.));
#4688=DIRECTION('ref_axis',(-1.,0.,0.));
#4689=DIRECTION('',(-1.56984718922064E-15,-1.,0.));
#4690=DIRECTION('center_axis',(0.,0.,1.));
#4691=DIRECTION('ref_axis',(1.,0.,0.));
#4692=DIRECTION('',(1.56984718922064E-15,1.,0.));
#4693=DIRECTION('center_axis',(1.,-1.56984718922064E-15,0.));
#4694=DIRECTION('ref_axis',(1.56984718922064E-15,1.,0.));
#4695=DIRECTION('',(-1.56984718922064E-15,-1.,0.));
#4696=DIRECTION('',(0.,0.,1.));
#4697=DIRECTION('',(1.56984718922064E-15,1.,0.));
#4698=DIRECTION('',(1.56984718922064E-15,1.,0.));
#4699=DIRECTION('',(0.,0.,1.));
#4700=DIRECTION('center_axis',(-1.,1.56984718922064E-15,0.));
#4701=DIRECTION('ref_axis',(-1.56984718922064E-15,-1.,0.));
#4702=DIRECTION('',(1.56984718922064E-15,1.,0.));
#4703=DIRECTION('',(0.,0.,1.));
#4704=DIRECTION('',(-1.56984718922064E-15,-1.,0.));
#4705=DIRECTION('',(-1.56984718922064E-15,-1.,0.));
#4706=DIRECTION('',(0.,0.,1.));
#4707=DIRECTION('center_axis',(0.,0.,-1.));
#4708=DIRECTION('ref_axis',(-1.,0.,0.));
#4709=DIRECTION('center_axis',(0.,0.,1.));
#4710=DIRECTION('ref_axis',(1.,0.,0.));
#4711=DIRECTION('center_axis',(0.,0.,-1.));
#4712=DIRECTION('ref_axis',(-1.,0.,0.));
#4713=DIRECTION('',(0.,-1.,0.));
#4714=DIRECTION('',(0.,1.,0.));
#4715=DIRECTION('center_axis',(0.,0.,1.));
#4716=DIRECTION('ref_axis',(1.,0.,0.));
#4717=DIRECTION('center_axis',(0.,0.,-1.));
#4718=DIRECTION('ref_axis',(-1.,0.,0.));
#4719=DIRECTION('center_axis',(0.,0.,1.));
#4720=DIRECTION('ref_axis',(1.,0.,0.));
#4721=DIRECTION('center_axis',(-1.,1.56984718922064E-15,0.));
#4722=DIRECTION('ref_axis',(-1.56984718922064E-15,-1.,0.));
#4723=DIRECTION('',(1.56984718922064E-15,1.,0.));
#4724=DIRECTION('',(0.,0.,1.));
#4725=DIRECTION('',(-1.56984718922064E-15,-1.,0.));
#4726=DIRECTION('',(0.,0.,1.));
#4727=DIRECTION('center_axis',(1.,-1.56984718922064E-15,0.));
#4728=DIRECTION('ref_axis',(1.56984718922064E-15,1.,0.));
#4729=DIRECTION('',(-1.56984718922064E-15,-1.,0.));
#4730=DIRECTION('',(0.,0.,1.));
#4731=DIRECTION('',(1.56984718922064E-15,1.,0.));
#4732=DIRECTION('',(0.,0.,1.));
#4733=DIRECTION('center_axis',(0.,0.,-1.));
#4734=DIRECTION('ref_axis',(-1.,0.,0.));
#4735=DIRECTION('center_axis',(0.,0.,1.));
#4736=DIRECTION('ref_axis',(1.,0.,0.));
#4737=DIRECTION('center_axis',(0.,0.,-1.));
#4738=DIRECTION('ref_axis',(-1.,0.,0.));
#4739=DIRECTION('center_axis',(0.,0.,1.));
#4740=DIRECTION('ref_axis',(1.,0.,0.));
#4741=DIRECTION('center_axis',(1.,0.,0.));
#4742=DIRECTION('ref_axis',(0.,1.,0.));
#4743=DIRECTION('',(0.,-1.,0.));
#4744=DIRECTION('',(0.,0.,1.));
#4745=DIRECTION('',(0.,1.,0.));
#4746=DIRECTION('',(0.,0.,1.));
#4747=DIRECTION('center_axis',(-1.,0.,0.));
#4748=DIRECTION('ref_axis',(0.,-1.,0.));
#4749=DIRECTION('',(0.,1.,0.));
#4750=DIRECTION('',(0.,0.,1.));
#4751=DIRECTION('',(0.,-1.,0.));
#4752=DIRECTION('',(0.,0.,1.));
#4753=DIRECTION('center_axis',(0.,0.,-1.));
#4754=DIRECTION('ref_axis',(-1.,0.,0.));
#4755=DIRECTION('center_axis',(0.,0.,1.));
#4756=DIRECTION('ref_axis',(1.,0.,0.));
#4757=DIRECTION('center_axis',(0.,0.,-1.));
#4758=DIRECTION('ref_axis',(-1.,0.,0.));
#4759=DIRECTION('center_axis',(0.,0.,1.));
#4760=DIRECTION('ref_axis',(1.,0.,0.));
#4761=DIRECTION('center_axis',(0.,0.,-1.));
#4762=DIRECTION('ref_axis',(-1.,0.,0.));
#4763=DIRECTION('center_axis',(0.,0.,1.));
#4764=DIRECTION('ref_axis',(1.,0.,0.));
#4765=DIRECTION('center_axis',(0.,0.,-1.));
#4766=DIRECTION('ref_axis',(-1.,0.,0.));
#4767=DIRECTION('center_axis',(0.,0.,1.));
#4768=DIRECTION('ref_axis',(1.,0.,0.));
#4769=DIRECTION('center_axis',(0.,0.,-1.));
#4770=DIRECTION('ref_axis',(-1.,0.,0.));
#4771=DIRECTION('center_axis',(0.,0.,1.));
#4772=DIRECTION('ref_axis',(1.,0.,0.));
#4773=DIRECTION('center_axis',(0.,0.,-1.));
#4774=DIRECTION('ref_axis',(-1.,0.,0.));
#4775=DIRECTION('center_axis',(0.,0.,1.));
#4776=DIRECTION('ref_axis',(1.,0.,0.));
#4777=DIRECTION('center_axis',(0.,0.,1.));
#4778=DIRECTION('ref_axis',(1.,0.,0.));
#4779=DIRECTION('center_axis',(0.,0.,-1.));
#4780=DIRECTION('ref_axis',(-1.,0.,0.));
#4781=DIRECTION('center_axis',(0.,0.,1.));
#4782=DIRECTION('ref_axis',(1.,0.,0.));
#4783=DIRECTION('center_axis',(0.,0.,1.));
#4784=DIRECTION('ref_axis',(1.,0.,0.));
#4785=DIRECTION('center_axis',(0.,0.,-1.));
#4786=DIRECTION('ref_axis',(-1.,0.,0.));
#4787=DIRECTION('center_axis',(0.,0.,1.));
#4788=DIRECTION('ref_axis',(1.,0.,0.));
#4789=DIRECTION('center_axis',(0.,0.,1.));
#4790=DIRECTION('ref_axis',(1.,0.,0.));
#4791=DIRECTION('center_axis',(0.,0.,-1.));
#4792=DIRECTION('ref_axis',(-1.,0.,0.));
#4793=DIRECTION('center_axis',(0.,0.,1.));
#4794=DIRECTION('ref_axis',(1.,0.,0.));
#4795=DIRECTION('center_axis',(0.,0.,1.));
#4796=DIRECTION('ref_axis',(1.,0.,0.));
#4797=DIRECTION('center_axis',(0.,0.,1.));
#4798=DIRECTION('ref_axis',(1.,0.,0.));
#4799=DIRECTION('',(0.,0.,1.));
#4800=DIRECTION('center_axis',(-1.,0.,0.));
#4801=DIRECTION('ref_axis',(0.,-1.,0.));
#4802=DIRECTION('',(0.,0.,1.));
#4803=DIRECTION('',(0.,0.,1.));
#4804=DIRECTION('center_axis',(0.,0.,1.));
#4805=DIRECTION('ref_axis',(1.,0.,0.));
#4806=DIRECTION('',(0.,0.,1.));
#4807=DIRECTION('center_axis',(0.,0.,1.));
#4808=DIRECTION('ref_axis',(1.,0.,0.));
#4809=DIRECTION('',(0.,0.,1.));
#4810=DIRECTION('center_axis',(0.,0.,1.));
#4811=DIRECTION('ref_axis',(1.,0.,0.));
#4812=DIRECTION('',(0.,0.,1.));
#4813=DIRECTION('',(0.,0.,1.));
#4814=DIRECTION('',(0.,0.,-1.));
#4815=DIRECTION('',(0.,0.,1.));
#4816=DIRECTION('center_axis',(0.,1.,0.));
#4817=DIRECTION('ref_axis',(-1.,0.,0.));
#4818=DIRECTION('',(0.,0.,1.));
#4819=DIRECTION('center_axis',(-0.939692620785908,0.34202014332567,0.));
#4820=DIRECTION('ref_axis',(0.34202014332567,0.939692620785908,0.));
#4821=DIRECTION('',(0.,0.,-1.));
#4822=DIRECTION('',(0.,0.,-1.));
#4823=DIRECTION('center_axis',(-0.342020143325667,-0.939692620785909,0.));
#4824=DIRECTION('ref_axis',(-0.939692620785909,0.342020143325667,0.));
#4825=DIRECTION('center_axis',(0.,0.,1.));
#4826=DIRECTION('ref_axis',(1.,0.,0.));
#4827=DIRECTION('center_axis',(0.,0.,1.));
#4828=DIRECTION('ref_axis',(1.,0.,0.));
#4829=DIRECTION('',(0.,0.,1.));
#4830=DIRECTION('center_axis',(0.,0.,1.));
#4831=DIRECTION('ref_axis',(1.,0.,0.));
#4832=DIRECTION('',(0.,0.,1.));
#4833=DIRECTION('center_axis',(0.,0.,1.));
#4834=DIRECTION('ref_axis',(1.,0.,0.));
#4835=DIRECTION('',(0.,0.,1.));
#4836=DIRECTION('center_axis',(0.,0.,1.));
#4837=DIRECTION('ref_axis',(1.,0.,0.));
#4838=DIRECTION('',(0.,0.,1.));
#4839=DIRECTION('center_axis',(0.,0.,1.));
#4840=DIRECTION('ref_axis',(1.,0.,0.));
#4841=DIRECTION('',(0.,0.,1.));
#4842=DIRECTION('center_axis',(0.,0.,1.));
#4843=DIRECTION('ref_axis',(1.,0.,0.));
#4844=DIRECTION('',(0.,0.,1.));
#4845=DIRECTION('center_axis',(0.,0.,1.));
#4846=DIRECTION('ref_axis',(1.,0.,0.));
#4847=DIRECTION('',(0.,0.,1.));
#4848=DIRECTION('center_axis',(1.,0.,0.));
#4849=DIRECTION('ref_axis',(0.,0.,-1.));
#4850=DIRECTION('',(0.,0.,-1.));
#4851=DIRECTION('center_axis',(1.11022302462516E-16,-1.,0.));
#4852=DIRECTION('ref_axis',(1.,1.11022302462516E-16,0.));
#4853=DIRECTION('center_axis',(0.379712749499347,0.925104441599783,0.));
#4854=DIRECTION('ref_axis',(0.925104441599783,-0.379712749499347,0.));
#4855=DIRECTION('',(0.,0.,-1.));
#4856=DIRECTION('center_axis',(0.939692620785909,-0.342020143325668,0.));
#4857=DIRECTION('ref_axis',(-0.342020143325668,-0.939692620785909,0.));
#4858=DIRECTION('',(0.,0.,-1.));
#4859=DIRECTION('center_axis',(-0.342020143325668,-0.939692620785909,0.));
#4860=DIRECTION('ref_axis',(-0.939692620785909,0.342020143325668,0.));
#4861=DIRECTION('',(0.,0.,-1.));
#4862=DIRECTION('center_axis',(0.939692620785908,-0.342020143325669,0.));
#4863=DIRECTION('ref_axis',(-0.342020143325669,-0.939692620785908,0.));
#4864=DIRECTION('',(0.,0.,-1.));
#4865=DIRECTION('center_axis',(-0.342020143325669,-0.939692620785909,0.));
#4866=DIRECTION('ref_axis',(-0.939692620785909,0.342020143325669,0.));
#4867=CARTESIAN_POINT('',(0.,0.,0.));
#4868=CARTESIAN_POINT('Origin',(-24.,-41.569219381653,134.));
#4869=CARTESIAN_POINT('',(-27.25,-41.569219381653,130.269219381653));
#4870=CARTESIAN_POINT('',(-27.25,-41.569219381653,131.730780618347));
#4871=CARTESIAN_POINT('',(-27.25,-41.569219381653,134.));
#4872=CARTESIAN_POINT('',(-27.2492627898038,-41.5,130.2));
#4873=CARTESIAN_POINT('Origin',(-24.,-41.569219381653,130.269219381653));
#4874=CARTESIAN_POINT('',(-27.2492627898038,-41.5,128.));
#4875=CARTESIAN_POINT('',(-27.2492627898038,-41.5,140.));
#4876=CARTESIAN_POINT('',(-20.7507372101962,-41.5,128.));
#4877=CARTESIAN_POINT('Origin',(-24.,-41.569219381653,128.));
#4878=CARTESIAN_POINT('',(-20.7507372101962,-41.5,130.2));
#4879=CARTESIAN_POINT('',(-20.7507372101962,-41.5,140.));
#4880=CARTESIAN_POINT('',(-20.8332256651526,-42.3,131.));
#4881=CARTESIAN_POINT('Origin',(-24.,-41.569219381653,130.269219381653));
#4882=CARTESIAN_POINT('',(-20.7507372101962,-41.5,131.8));
#4883=CARTESIAN_POINT('Origin',(-24.,-41.569219381653,131.730780618347));
#4884=CARTESIAN_POINT('',(-20.7507372101962,-41.5,134.));
#4885=CARTESIAN_POINT('',(-20.7507372101962,-41.5,140.));
#4886=CARTESIAN_POINT('',(-27.25,-41.569219381653,134.));
#4887=CARTESIAN_POINT('Origin',(-24.,-41.569219381653,134.));
#4888=CARTESIAN_POINT('',(-27.25,-41.569219381653,167.));
#4889=CARTESIAN_POINT('',(-27.25,-41.569219381653,134.));
#4890=CARTESIAN_POINT('Origin',(-24.,-41.569219381653,167.));
#4891=CARTESIAN_POINT('',(-27.2492627898038,-41.5,134.));
#4892=CARTESIAN_POINT('Origin',(-24.,-41.569219381653,134.));
#4893=CARTESIAN_POINT('',(-27.2492627898038,-41.5,131.8));
#4894=CARTESIAN_POINT('',(-27.2492627898038,-41.5,140.));
#4895=CARTESIAN_POINT('Origin',(-24.,-41.569219381653,131.730780618347));
#4896=CARTESIAN_POINT('Origin',(29.3,-19.0000003576279,168.));
#4897=CARTESIAN_POINT('',(27.,-19.0000003576279,168.));
#4898=CARTESIAN_POINT('',(27.,-19.0000003576279,152.));
#4899=CARTESIAN_POINT('',(27.,-19.0000003576279,168.));
#4900=CARTESIAN_POINT('',(29.3,-19.0000003576279,168.));
#4901=CARTESIAN_POINT('',(14.65,-19.0000003576279,168.));
#4902=CARTESIAN_POINT('',(29.3,-19.0000003576279,135.));
#4903=CARTESIAN_POINT('',(29.3,-19.0000003576279,168.));
#4904=CARTESIAN_POINT('',(-29.3,-19.0000003576279,135.));
#4905=CARTESIAN_POINT('',(-14.65,-19.0000003576279,135.));
#4906=CARTESIAN_POINT('',(-29.3,-19.0000003576279,168.));
#4907=CARTESIAN_POINT('',(-29.3,-19.0000003576279,168.));
#4908=CARTESIAN_POINT('',(-27.,-19.0000003576279,168.));
#4909=CARTESIAN_POINT('',(14.65,-19.0000003576279,168.));
#4910=CARTESIAN_POINT('',(-27.,-19.0000003576279,152.));
#4911=CARTESIAN_POINT('',(-27.,-19.0000003576279,168.));
#4912=CARTESIAN_POINT('',(13.4999998994172,-19.0000003576279,152.));
#4913=CARTESIAN_POINT('Origin',(29.3,-3.00000035762786,168.));
#4914=CARTESIAN_POINT('',(29.3,-3.00000035762786,168.));
#4915=CARTESIAN_POINT('',(29.3,-1.50000017881393,168.));
#4916=CARTESIAN_POINT('',(29.3,-3.00000035762786,135.));
#4917=CARTESIAN_POINT('',(29.3,-3.00000035762786,168.));
#4918=CARTESIAN_POINT('',(29.3,-15.0000003576279,135.));
#4919=CARTESIAN_POINT('Origin',(-29.3,-3.00000035762786,168.));
#4920=CARTESIAN_POINT('',(-29.3,-3.00000035762786,168.));
#4921=CARTESIAN_POINT('',(-14.65,-3.00000035762786,168.));
#4922=CARTESIAN_POINT('',(-29.3,-3.00000035762786,135.));
#4923=CARTESIAN_POINT('',(-29.3,-3.00000035762786,168.));
#4924=CARTESIAN_POINT('',(14.65,-3.00000035762786,135.));
#4925=CARTESIAN_POINT('Origin',(-29.3,-19.0000003576279,168.));
#4926=CARTESIAN_POINT('',(-29.3,-9.50000017881393,168.));
#4927=CARTESIAN_POINT('',(-29.3,-7.00000035762786,135.));
#4928=CARTESIAN_POINT('Origin',(0.,-11.0000003576279,135.));
#4929=CARTESIAN_POINT('Origin',(27.,-19.0000003576279,168.));
#4930=CARTESIAN_POINT('',(27.,-21.2219517827767,168.));
#4931=CARTESIAN_POINT('',(27.,-23.2852572001706,166.5));
#4932=CARTESIAN_POINT('Ctrl Pts',(27.,-21.2219517827767,168.));
#4933=CARTESIAN_POINT('Ctrl Pts',(27.,-22.5040056331538,166.905563978567));
#4934=CARTESIAN_POINT('Ctrl Pts',(27.,-23.2852572001706,166.5));
#4935=CARTESIAN_POINT('',(27.,-9.50000017881393,168.));
#4936=CARTESIAN_POINT('',(27.,-31.000000461936,152.));
#4937=CARTESIAN_POINT('',(27.,-28.000000435859,152.));
#4938=CARTESIAN_POINT('',(27.,-31.000000461936,168.));
#4939=CARTESIAN_POINT('',(27.,-31.000000461936,168.));
#4940=CARTESIAN_POINT('',(27.,-27.7780482172233,168.));
#4941=CARTESIAN_POINT('',(27.,-9.50000017881393,168.));
#4942=CARTESIAN_POINT('',(27.,-25.7147427998294,166.5));
#4943=CARTESIAN_POINT('Ctrl Pts',(27.,-25.7147427998294,166.5));
#4944=CARTESIAN_POINT('Ctrl Pts',(27.,-26.4959943668462,166.905563978567));
#4945=CARTESIAN_POINT('Ctrl Pts',(27.,-27.7780482172233,168.));
#4946=CARTESIAN_POINT('',(27.,-21.7500001788139,166.5));
#4947=CARTESIAN_POINT('Origin',(-27.,-31.000000461936,168.));
#4948=CARTESIAN_POINT('',(-27.,-23.2852572001706,166.5));
#4949=CARTESIAN_POINT('',(-27.,-21.2219517827767,168.));
#4950=CARTESIAN_POINT('Ctrl Pts',(-27.,-23.2852572001706,166.5));
#4951=CARTESIAN_POINT('Ctrl Pts',(-27.,-22.5040056331538,166.905563978567));
#4952=CARTESIAN_POINT('Ctrl Pts',(-27.,-21.2219517827767,168.));
#4953=CARTESIAN_POINT('',(-27.,-25.7147427998294,166.5));
#4954=CARTESIAN_POINT('',(-27.,-27.750000230968,166.5));
#4955=CARTESIAN_POINT('',(-27.,-27.7780482172233,168.));
#4956=CARTESIAN_POINT('Ctrl Pts',(-27.,-27.7780482172233,168.));
#4957=CARTESIAN_POINT('Ctrl Pts',(-27.,-26.4959943668462,166.905563978567));
#4958=CARTESIAN_POINT('Ctrl Pts',(-27.,-25.7147427998294,166.5));
#4959=CARTESIAN_POINT('',(-27.0000004023314,-31.000000461936,168.));
#4960=CARTESIAN_POINT('',(-27.,-15.500000230968,168.));
#4961=CARTESIAN_POINT('',(-27.0000004023314,-31.000000461936,152.));
#4962=CARTESIAN_POINT('',(-27.0000004023314,-31.000000461936,168.));
#4963=CARTESIAN_POINT('',(-27.,-22.0000003837049,152.));
#4964=CARTESIAN_POINT('',(-27.,-15.500000230968,168.));
#4965=CARTESIAN_POINT('Origin',(27.,-31.000000461936,168.));
#4966=CARTESIAN_POINT('',(13.5,-31.000000461936,168.));
#4967=CARTESIAN_POINT('',(-13.5000003017485,-31.000000461936,152.));
#4968=CARTESIAN_POINT('Origin',(-2.01165670787873E-7,-25.0000004097819,
152.));
#4969=CARTESIAN_POINT('Origin',(-29.,-24.5,167.25));
#4970=CARTESIAN_POINT('Origin',(-29.,-24.5,168.));
#4971=CARTESIAN_POINT('Origin',(-29.,-24.5,166.5));
#4972=CARTESIAN_POINT('Origin',(29.,-24.5,166.5));
#4973=CARTESIAN_POINT('Origin',(29.,-24.5,166.5));
#4974=CARTESIAN_POINT('Origin',(29.,-24.5,167.25));
#4975=CARTESIAN_POINT('Origin',(29.,-24.5,168.));
#4976=CARTESIAN_POINT('Origin',(1.17190084963593,25.2579805712144,154.));
#4977=CARTESIAN_POINT('',(44.379747714783,11.575449152917,154.));
#4978=CARTESIAN_POINT('',(46.2591329563548,10.8914088662656,154.));
#4979=CARTESIAN_POINT('',(23.1042628347437,19.3190923688319,154.));
#4980=CARTESIAN_POINT('',(45.4058075831731,14.3945270353324,154.));
#4981=CARTESIAN_POINT('',(44.5643388452737,12.0826106787769,154.));
#4982=CARTESIAN_POINT('',(-40.1062215594615,45.5183603149554,154.));
#4983=CARTESIAN_POINT('',(-18.6256916170134,37.7000867996404,154.));
#4984=CARTESIAN_POINT('',(-41.474301713538,41.7595889577104,154.));
#4985=CARTESIAN_POINT('',(-41.6317306999575,41.327058398271,154.));
#4986=CARTESIAN_POINT('',(-44.2933792204149,42.7856503643625,154.));
#4987=CARTESIAN_POINT('',(-21.4033134088946,34.4543387677023,154.));
#4988=CARTESIAN_POINT('',(-44.9774205238568,40.9062643550977,154.));
#4989=CARTESIAN_POINT('',(-44.7928256486315,41.4134340598141,154.));
#4990=CARTESIAN_POINT('',(-42.1583426614991,39.8802039251207,154.));
#4991=CARTESIAN_POINT('',(-20.677812719051,32.0619304098057,154.));
#4992=CARTESIAN_POINT('',(-43.5264223416014,36.1214338701092,154.));
#4993=CARTESIAN_POINT('',(-42.6577903628724,38.5079806174832,154.));
#4994=CARTESIAN_POINT('',(41.9856061499164,4.99760082747333,154.));
#4995=CARTESIAN_POINT('',(20.7101215210472,12.7412439519698,154.));
#4996=CARTESIAN_POINT('',(43.0116671414803,7.81667866977335,154.));
#4997=CARTESIAN_POINT('',(43.3672683732572,8.79368658741576,154.));
#4998=CARTESIAN_POINT('',(45.9690088071667,6.74029433090827,154.));
#4999=CARTESIAN_POINT('',(23.2148530942842,15.0221297162557,154.));
#5000=CARTESIAN_POINT('',(47.3212222231287,10.4554701575475,154.));
#5001=CARTESIAN_POINT('',(47.0007172492648,9.57488997903345,154.));
#5002=CARTESIAN_POINT('',(24.4425942126044,19.8460928332164,154.));
#5003=CARTESIAN_POINT('Origin',(-44.9774205238568,40.9062643550977,149.));
#5004=CARTESIAN_POINT('',(-44.2933792204149,42.7856503643625,168.));
#5005=CARTESIAN_POINT('',(-44.2933792204149,42.7856503643625,168.));
#5006=CARTESIAN_POINT('',(-44.9774205238568,40.9062643550977,168.));
#5007=CARTESIAN_POINT('',(-48.9202515490133,30.0734368221865,168.));
#5008=CARTESIAN_POINT('',(-44.9774205238568,40.9062643550977,168.));
#5009=CARTESIAN_POINT('Origin',(-44.2933792204149,42.7856503643625,149.));
#5010=CARTESIAN_POINT('',(-41.474301713538,41.7595889577104,168.));
#5011=CARTESIAN_POINT('',(-41.474301713538,41.7595889577104,168.));
#5012=CARTESIAN_POINT('',(-17.8618379333297,33.165345719722,168.));
#5013=CARTESIAN_POINT('Origin',(-41.4743023646548,41.7595891946975,149.));
#5014=CARTESIAN_POINT('',(-40.1062215594615,45.5183603149554,168.));
#5015=CARTESIAN_POINT('',(-40.1062215594615,45.5183603149554,168.));
#5016=CARTESIAN_POINT('',(-45.759153118149,29.9870585037391,168.));
#5017=CARTESIAN_POINT('Origin',(-40.1062215594615,45.5183603149554,149.));
#5018=CARTESIAN_POINT('',(45.4058075831731,14.3945270353324,168.));
#5019=CARTESIAN_POINT('',(45.4058075831731,14.3945270353324,168.));
#5020=CARTESIAN_POINT('',(-15.0842196236399,36.4110964085651,168.));
#5021=CARTESIAN_POINT('Origin',(45.4058075831731,14.3945270353324,149.));
#5022=CARTESIAN_POINT('',(44.379747714783,11.575449152917,168.));
#5023=CARTESIAN_POINT('',(44.379747714783,11.575449152917,168.));
#5024=CARTESIAN_POINT('',(40.4369164270822,0.742610784245034,168.));
#5025=CARTESIAN_POINT('Origin',(44.379747714783,11.575449152917,149.));
#5026=CARTESIAN_POINT('',(46.2591329563548,10.8914088662656,168.));
#5027=CARTESIAN_POINT('',(46.2591329563548,10.8914088662656,149.));
#5028=CARTESIAN_POINT('',(26.6457348281172,18.0301019777566,168.));
#5029=CARTESIAN_POINT('Origin',(32.7349083551287,-1.18843424360887,168.));
#5030=CARTESIAN_POINT('',(49.5488493349585,-0.860584377956096,168.));
#5031=CARTESIAN_POINT('',(49.5488493349585,-0.860584377956093,167.414213562373));
#5032=CARTESIAN_POINT('',(49.5488493349585,-0.860584377956096,168.));
#5033=CARTESIAN_POINT('',(32.9549082406366,-18.0041321731622,168.));
#5034=CARTESIAN_POINT('Origin',(32.7349083551287,-1.18843424360887,168.));
#5035=CARTESIAN_POINT('',(32.9549082406366,-18.0041321731622,160.5));
#5036=CARTESIAN_POINT('',(32.9549082406366,-18.0041321731622,168.));
#5037=CARTESIAN_POINT('',(47.9247979730302,6.02844529003362,160.5));
#5038=CARTESIAN_POINT('Origin',(32.7349083551287,-1.18843424360887,160.5));
#5039=CARTESIAN_POINT('',(47.9247979730302,6.02844529003362,168.));
#5040=CARTESIAN_POINT('',(47.9247979730302,6.02844529003362,168.));
#5041=CARTESIAN_POINT('',(49.4015231457109,1.05657093009465,168.));
#5042=CARTESIAN_POINT('Origin',(32.7349083551287,-1.18843424360887,168.));
#5043=CARTESIAN_POINT('',(49.4015231457109,1.05657093009465,167.414213562373));
#5044=CARTESIAN_POINT('',(49.4015231457109,1.05657093009465,168.));
#5045=CARTESIAN_POINT('',(49.499246033832,0.143135882977393,166.707106781187));
#5046=CARTESIAN_POINT('Ctrl Pts',(49.499246033834,0.143135882952171,166.707106781186));
#5047=CARTESIAN_POINT('Ctrl Pts',(49.497816976078,0.161127580351753,166.707656514293));
#5048=CARTESIAN_POINT('Ctrl Pts',(49.496359149591,0.179114136872148,166.708551866526));
#5049=CARTESIAN_POINT('Ctrl Pts',(49.4926705276231,0.223734227046122,166.711642019399));
#5050=CARTESIAN_POINT('Ctrl Pts',(49.4904045841189,0.250367612065585,166.714259443129));
#5051=CARTESIAN_POINT('Ctrl Pts',(49.4774611360978,0.39835299253469,166.733258811348));
#5052=CARTESIAN_POINT('Ctrl Pts',(49.4654762576528,0.519355335151918,166.765636574733));
#5053=CARTESIAN_POINT('Ctrl Pts',(49.4434261285135,0.722100689994815,166.86167385036));
#5054=CARTESIAN_POINT('Ctrl Pts',(49.4333412693303,0.807437918217807,166.919506188146));
#5055=CARTESIAN_POINT('Ctrl Pts',(49.4174061417052,0.936132295705596,167.053034941509));
#5056=CARTESIAN_POINT('Ctrl Pts',(49.4112809979131,0.983129927988474,167.122596100436));
#5057=CARTESIAN_POINT('Ctrl Pts',(49.4034960766516,1.04204880869925,167.268331051559));
#5058=CARTESIAN_POINT('Ctrl Pts',(49.4015231457109,1.05657093009442,167.340584118954));
#5059=CARTESIAN_POINT('Ctrl Pts',(49.4015231457109,1.05657093009449,167.414213562372));
#5060=CARTESIAN_POINT('',(49.5058608878322,0.0570568055020761,166.707106781187));
#5061=CARTESIAN_POINT('Ctrl Pts',(49.5058608878321,0.0570568055020603,166.707106781187));
#5062=CARTESIAN_POINT('Ctrl Pts',(49.5047950419242,0.0714087762707051,166.706668432241));
#5063=CARTESIAN_POINT('Ctrl Pts',(49.5037109086331,0.0857575266894864,166.706449213849));
#5064=CARTESIAN_POINT('Ctrl Pts',(49.5015064876285,0.114443651348123,166.706449213849));
#5065=CARTESIAN_POINT('Ctrl Pts',(49.5003855430814,0.128789572960057,166.706668432241));
#5066=CARTESIAN_POINT('Ctrl Pts',(49.499246033832,0.143135882977407,166.707106781187));
#5067=CARTESIAN_POINT('Ctrl Pts',(49.5488493349585,-0.860584377955896,167.414213562372));
#5068=CARTESIAN_POINT('Ctrl Pts',(49.5488493349585,-0.860584377955846,167.359676247864));
#5069=CARTESIAN_POINT('Ctrl Pts',(49.5486977853796,-0.852538619907261,167.305704149365));
#5070=CARTESIAN_POINT('Ctrl Pts',(49.5480246980955,-0.820343884212946,167.197966519414));
#5071=CARTESIAN_POINT('Ctrl Pts',(49.5474856786883,-0.795577548614265,167.14551384843));
#5072=CARTESIAN_POINT('Ctrl Pts',(49.5453827024006,-0.712272920577621,167.01718703557));
#5073=CARTESIAN_POINT('Ctrl Pts',(49.5434051074319,-0.643762611986142,166.949957487153));
#5074=CARTESIAN_POINT('Ctrl Pts',(49.5371660075179,-0.475443413673306,166.832674699248));
#5075=CARTESIAN_POINT('Ctrl Pts',(49.5326190470677,-0.373447973707031,166.787333599697));
#5076=CARTESIAN_POINT('Ctrl Pts',(49.5233046207837,-0.20355325084294,166.738329370186));
#5077=CARTESIAN_POINT('Ctrl Pts',(49.5193060111259,-0.137477073051623,166.725166124352));
#5078=CARTESIAN_POINT('Ctrl Pts',(49.5133659519776,-0.0482660741850317,
166.714113102909));
#5079=CARTESIAN_POINT('Ctrl Pts',(49.5117895899571,-0.0252988145469899,
166.711859938408));
#5080=CARTESIAN_POINT('Ctrl Pts',(49.508766651874,0.0174542995168366,166.708734682083));
#5081=CARTESIAN_POINT('Ctrl Pts',(49.5073314199686,0.0372555996442462,166.707711564867));
#5082=CARTESIAN_POINT('Ctrl Pts',(49.5058608878303,0.0570568055273716,166.707106781186));
#5083=CARTESIAN_POINT('Origin',(32.7349083551287,-1.18843424360887,168.));
#5084=CARTESIAN_POINT('',(51.4823728720591,-2.80621636299362,168.));
#5085=CARTESIAN_POINT('',(32.9810719935218,-20.0039610303475,168.));
#5086=CARTESIAN_POINT('Origin',(32.7349083551287,-1.18843424360887,168.));
#5087=CARTESIAN_POINT('',(51.4823728720591,-2.80621636299362,160.5));
#5088=CARTESIAN_POINT('',(51.4823728720591,-2.80621636299362,168.));
#5089=CARTESIAN_POINT('',(32.9810719935218,-20.0039610303475,160.5));
#5090=CARTESIAN_POINT('Origin',(32.7349083551287,-1.18843424360887,160.5));
#5091=CARTESIAN_POINT('',(32.9810719935218,-20.0039610303475,168.));
#5092=CARTESIAN_POINT('Origin',(35.1383163772305,-0.158385423349525,168.));
#5093=CARTESIAN_POINT('',(48.1093418395529,10.1319833672658,168.));
#5094=CARTESIAN_POINT('Origin',(35.1383163772305,-0.158385423349525,168.));
#5095=CARTESIAN_POINT('',(48.1093418395529,10.1319833672658,160.5));
#5096=CARTESIAN_POINT('',(48.1093418395529,10.1319833672658,168.));
#5097=CARTESIAN_POINT('Origin',(35.1383163772305,-0.158385423349525,160.5));
#5098=CARTESIAN_POINT('Origin',(32.967990127615,-19.004046601617,168.));
#5099=CARTESIAN_POINT('Origin',(32.967990127615,-19.004046601617,168.));
#5100=CARTESIAN_POINT('Origin',(32.967990127615,-19.004046601617,160.5));
#5101=CARTESIAN_POINT('Origin',(41.831727878998,-4.77428822203454,160.5));
#5102=CARTESIAN_POINT('',(47.3212222231287,10.4554701575475,160.5));
#5103=CARTESIAN_POINT('',(46.2591329563548,10.8914088662656,160.5));
#5104=CARTESIAN_POINT('',(45.9690088071667,6.74029433090827,160.5));
#5105=CARTESIAN_POINT('',(44.5527728003309,2.8492178815082,160.5));
#5106=CARTESIAN_POINT('',(44.8910523830521,7.13263838312201,160.5));
#5107=CARTESIAN_POINT('Origin',(48.2,3.46944695195361E-17,168.));
#5108=CARTESIAN_POINT('Origin',(48.2,3.46944695195361E-17,167.414213562373));
#5109=CARTESIAN_POINT('Origin',(48.2,3.46944695195361E-17,168.));
#5110=CARTESIAN_POINT('Origin',(48.2,3.46944695195361E-17,166.5));
#5111=CARTESIAN_POINT('',(48.8,-3.87843384293057E-17,166.));
#5112=CARTESIAN_POINT('Origin',(48.2,3.46944695195361E-17,166.));
#5113=CARTESIAN_POINT('',(49.5071067811868,1.94768883091957E-16,166.707106781187));
#5114=CARTESIAN_POINT('',(49.3,1.69405617425745E-16,166.5));
#5115=CARTESIAN_POINT('Origin',(48.2,1.14731676305731E-16,166.707106781187));
#5116=CARTESIAN_POINT('Origin',(48.2,1.14731676305731E-16,166.707106781187));
#5117=CARTESIAN_POINT('Ctrl Pts',(49.499246033834,0.143135882952169,166.707106781186));
#5118=CARTESIAN_POINT('Ctrl Pts',(49.3584547623288,1.42109985207579,166.707106781186));
#5119=CARTESIAN_POINT('Ctrl Pts',(48.0783399813589,1.30143266337003,166.707106781186));
#5120=CARTESIAN_POINT('Ctrl Pts',(46.7982252003891,1.18176547466427,166.707106781186));
#5121=CARTESIAN_POINT('Ctrl Pts',(46.8967356675567,-0.100150972054724,166.707106781186));
#5122=CARTESIAN_POINT('Ctrl Pts',(46.9952461347243,-1.38206741877372,166.707106781186));
#5123=CARTESIAN_POINT('Ctrl Pts',(48.2786146096984,-1.30474054147327,166.707106781186));
#5124=CARTESIAN_POINT('Ctrl Pts',(49.5619830846724,-1.22741366417283,166.707106781186));
#5125=CARTESIAN_POINT('Ctrl Pts',(49.5058608878302,0.0570568055273718,166.707106781186));
#5126=CARTESIAN_POINT('Ctrl Pts',(49.7903778360392,0.175209413660674,166.999999999999));
#5127=CARTESIAN_POINT('Ctrl Pts',(49.6180384084953,1.73953635314973,167.));
#5128=CARTESIAN_POINT('Ctrl Pts',(48.0510787086201,1.59305444005345,167.));
#5129=CARTESIAN_POINT('Ctrl Pts',(46.4841190087449,1.44657252695718,167.));
#5130=CARTESIAN_POINT('Ctrl Pts',(46.6047034550479,-0.122592551422768,167.));
#5131=CARTESIAN_POINT('Ctrl Pts',(46.7252879013509,-1.69175762980271,167.));
#5132=CARTESIAN_POINT('Ctrl Pts',(48.2962303748462,-1.59710353921,167.));
#5133=CARTESIAN_POINT('Ctrl Pts',(49.8671728483414,-1.50244944861728,166.999999999999));
#5134=CARTESIAN_POINT('Ctrl Pts',(49.798474929977,0.0698419518265842,166.999999999999));
#5135=CARTESIAN_POINT('Ctrl Pts',(49.7903778360391,0.175209413660655,167.414213562373));
#5136=CARTESIAN_POINT('Ctrl Pts',(49.6180384084952,1.73953635314961,167.414213562373));
#5137=CARTESIAN_POINT('Ctrl Pts',(48.0510787086201,1.59305444005334,167.414213562373));
#5138=CARTESIAN_POINT('Ctrl Pts',(46.484119008745,1.44657252695707,167.414213562373));
#5139=CARTESIAN_POINT('Ctrl Pts',(46.604703455048,-0.122592551422767,167.414213562373));
#5140=CARTESIAN_POINT('Ctrl Pts',(46.725287901351,-1.69175762980261,167.414213562373));
#5141=CARTESIAN_POINT('Ctrl Pts',(48.2962303748462,-1.5971035392099,167.414213562373));
#5142=CARTESIAN_POINT('Ctrl Pts',(49.8671728483413,-1.50244944861719,167.414213562373));
#5143=CARTESIAN_POINT('Ctrl Pts',(49.7984749299769,0.0698419518265726,167.414213562373));
#5144=CARTESIAN_POINT('Ctrl Pts',(-20.5000000000805,54.4692490156354,139.));
#5145=CARTESIAN_POINT('Ctrl Pts',(-20.5000000000805,54.4692490156354,163.));
#5146=CARTESIAN_POINT('Ctrl Pts',(-20.7707355385612,54.451629168973,139.));
#5147=CARTESIAN_POINT('Ctrl Pts',(-20.7707355385612,54.451629168973,163.));
#5148=CARTESIAN_POINT('Ctrl Pts',(-21.0415128612326,54.4333698262185,139.));
#5149=CARTESIAN_POINT('Ctrl Pts',(-21.0415128612326,54.4333698262185,163.));
#5150=CARTESIAN_POINT('Ctrl Pts',(-21.5747938930857,54.3960756659732,139.));
#5151=CARTESIAN_POINT('Ctrl Pts',(-21.5747938930857,54.3960756659732,163.));
#5152=CARTESIAN_POINT('Ctrl Pts',(-21.8374610178079,54.3770689299991,139.));
#5153=CARTESIAN_POINT('Ctrl Pts',(-21.8374610178079,54.3770689299991,163.));
#5154=CARTESIAN_POINT('Ctrl Pts',(-22.1,54.3573943972355,139.));
#5155=CARTESIAN_POINT('Ctrl Pts',(-22.1,54.3573943972355,163.));
#5156=CARTESIAN_POINT('',(-20.5,54.4692490156407,163.));
#5157=CARTESIAN_POINT('',(-22.1,54.3573943972355,163.));
#5158=CARTESIAN_POINT('Ctrl Pts',(-20.5000000000805,54.4692490156354,163.));
#5159=CARTESIAN_POINT('Ctrl Pts',(-20.7707355385612,54.451629168973,163.));
#5160=CARTESIAN_POINT('Ctrl Pts',(-21.0415128612326,54.4333698262185,163.));
#5161=CARTESIAN_POINT('Ctrl Pts',(-21.5747938930857,54.3960756659732,163.));
#5162=CARTESIAN_POINT('Ctrl Pts',(-21.8374610178079,54.3770689299991,163.));
#5163=CARTESIAN_POINT('Ctrl Pts',(-22.1,54.3573943972355,163.));
#5164=CARTESIAN_POINT('',(-20.5,54.4692490156407,139.));
#5165=CARTESIAN_POINT('',(-20.5,54.4692490156407,139.));
#5166=CARTESIAN_POINT('',(-22.1,54.3573943972355,139.));
#5167=CARTESIAN_POINT('Ctrl Pts',(-20.5000000000805,54.4692490156354,139.));
#5168=CARTESIAN_POINT('Ctrl Pts',(-20.7707355385612,54.451629168973,139.));
#5169=CARTESIAN_POINT('Ctrl Pts',(-21.0415128612326,54.4333698262185,139.));
#5170=CARTESIAN_POINT('Ctrl Pts',(-21.5747938930857,54.3960756659732,139.));
#5171=CARTESIAN_POINT('Ctrl Pts',(-21.8374610178079,54.3770689299991,139.));
#5172=CARTESIAN_POINT('Ctrl Pts',(-22.1,54.3573943972355,139.));
#5173=CARTESIAN_POINT('',(-22.1,54.3573943972355,158.));
#5174=CARTESIAN_POINT('Ctrl Pts',(-3.33066907387547E-15,55.,138.999924479636));
#5175=CARTESIAN_POINT('Ctrl Pts',(-3.33066907387547E-15,55.,163.));
#5176=CARTESIAN_POINT('Ctrl Pts',(-3.90717278593428,55.,138.999924479636));
#5177=CARTESIAN_POINT('Ctrl Pts',(-3.90717278593428,55.,163.));
#5178=CARTESIAN_POINT('Ctrl Pts',(-7.97362107883662,54.9617641950058,138.999924479636));
#5179=CARTESIAN_POINT('Ctrl Pts',(-7.97362107883662,54.9617641950058,163.));
#5180=CARTESIAN_POINT('Ctrl Pts',(-14.7324188953319,54.7742612911667,138.999924479636));
#5181=CARTESIAN_POINT('Ctrl Pts',(-14.7324188953319,54.7742612911667,163.));
#5182=CARTESIAN_POINT('Ctrl Pts',(-17.6589236710215,54.6541502279206,138.999924479636));
#5183=CARTESIAN_POINT('Ctrl Pts',(-17.6589236710215,54.6541502279206,163.));
#5184=CARTESIAN_POINT('Ctrl Pts',(-20.5,54.4692490156406,138.999924479636));
#5185=CARTESIAN_POINT('Ctrl Pts',(-20.5,54.4692490156406,163.));
#5186=CARTESIAN_POINT('',(3.33066907387547E-15,55.,163.));
#5187=CARTESIAN_POINT('Ctrl Pts',(-3.33066907387547E-15,55.,163.));
#5188=CARTESIAN_POINT('Ctrl Pts',(-3.90717278593428,55.,163.));
#5189=CARTESIAN_POINT('Ctrl Pts',(-7.97362107883662,54.9617641950058,163.));
#5190=CARTESIAN_POINT('Ctrl Pts',(-14.7324188953319,54.7742612911667,163.));
#5191=CARTESIAN_POINT('Ctrl Pts',(-17.6589236710215,54.6541502279206,163.));
#5192=CARTESIAN_POINT('Ctrl Pts',(-20.5,54.4692490156406,163.));
#5193=CARTESIAN_POINT('',(3.33066907387547E-15,55.,139.));
#5194=CARTESIAN_POINT('',(3.33066907387547E-15,55.,139.));
#5195=CARTESIAN_POINT('Ctrl Pts',(-3.33066907387547E-15,55.,139.));
#5196=CARTESIAN_POINT('Ctrl Pts',(-3.90717278593428,55.,139.));
#5197=CARTESIAN_POINT('Ctrl Pts',(-7.97362107883662,54.9617641950058,139.));
#5198=CARTESIAN_POINT('Ctrl Pts',(-14.7324188953319,54.7742612911667,139.));
#5199=CARTESIAN_POINT('Ctrl Pts',(-17.6589236710215,54.6541502279206,139.));
#5200=CARTESIAN_POINT('Ctrl Pts',(-20.5,54.4692490156406,139.));
#5201=CARTESIAN_POINT('Ctrl Pts',(20.5,54.4692490156407,138.999924479636));
#5202=CARTESIAN_POINT('Ctrl Pts',(20.5,54.4692490156407,163.));
#5203=CARTESIAN_POINT('Ctrl Pts',(17.6589236710218,54.6541502279206,138.999924479636));
#5204=CARTESIAN_POINT('Ctrl Pts',(17.6589236710218,54.6541502279206,163.));
#5205=CARTESIAN_POINT('Ctrl Pts',(14.7324188953331,54.7742612911667,138.999924479636));
#5206=CARTESIAN_POINT('Ctrl Pts',(14.7324188953331,54.7742612911667,163.));
#5207=CARTESIAN_POINT('Ctrl Pts',(7.97362107883671,54.9617641950058,138.999924479636));
#5208=CARTESIAN_POINT('Ctrl Pts',(7.97362107883671,54.9617641950058,163.));
#5209=CARTESIAN_POINT('Ctrl Pts',(3.90717278593456,55.,138.999924479636));
#5210=CARTESIAN_POINT('Ctrl Pts',(3.90717278593456,55.,163.));
#5211=CARTESIAN_POINT('Ctrl Pts',(-1.11022302462516E-15,55.,138.999924479636));
#5212=CARTESIAN_POINT('Ctrl Pts',(-1.11022302462516E-15,55.,163.));
#5213=CARTESIAN_POINT('',(20.5,54.4692490156409,163.));
#5214=CARTESIAN_POINT('Ctrl Pts',(20.5,54.4692490156407,163.));
#5215=CARTESIAN_POINT('Ctrl Pts',(17.6589236710218,54.6541502279206,163.));
#5216=CARTESIAN_POINT('Ctrl Pts',(14.7324188953331,54.7742612911667,163.));
#5217=CARTESIAN_POINT('Ctrl Pts',(7.97362107883671,54.9617641950058,163.));
#5218=CARTESIAN_POINT('Ctrl Pts',(3.90717278593456,55.,163.));
#5219=CARTESIAN_POINT('Ctrl Pts',(-1.11022302462516E-15,55.,163.));
#5220=CARTESIAN_POINT('',(20.5,54.4692490156409,139.));
#5221=CARTESIAN_POINT('',(20.5,54.4692490156409,139.));
#5222=CARTESIAN_POINT('Ctrl Pts',(20.5,54.4692490156407,139.));
#5223=CARTESIAN_POINT('Ctrl Pts',(17.6589236710218,54.6541502279206,139.));
#5224=CARTESIAN_POINT('Ctrl Pts',(14.7324188953331,54.7742612911667,139.));
#5225=CARTESIAN_POINT('Ctrl Pts',(7.97362107883671,54.9617641950058,139.));
#5226=CARTESIAN_POINT('Ctrl Pts',(3.90717278593456,55.,139.));
#5227=CARTESIAN_POINT('Ctrl Pts',(-1.11022302462516E-15,55.,139.));
#5228=CARTESIAN_POINT('Ctrl Pts',(22.1,54.3573943972355,139.));
#5229=CARTESIAN_POINT('Ctrl Pts',(22.1,54.3573943972355,163.));
#5230=CARTESIAN_POINT('Ctrl Pts',(21.8374610178091,54.377068929999,139.));
#5231=CARTESIAN_POINT('Ctrl Pts',(21.8374610178091,54.377068929999,163.));
#5232=CARTESIAN_POINT('Ctrl Pts',(21.5747938930884,54.396075665973,139.));
#5233=CARTESIAN_POINT('Ctrl Pts',(21.5747938930884,54.396075665973,163.));
#5234=CARTESIAN_POINT('Ctrl Pts',(21.0415128612361,54.4333698262183,139.));
#5235=CARTESIAN_POINT('Ctrl Pts',(21.0415128612361,54.4333698262183,163.));
#5236=CARTESIAN_POINT('Ctrl Pts',(20.7707355385663,54.4516291689727,139.));
#5237=CARTESIAN_POINT('Ctrl Pts',(20.7707355385663,54.4516291689727,163.));
#5238=CARTESIAN_POINT('Ctrl Pts',(20.5000000000805,54.4692490156354,139.));
#5239=CARTESIAN_POINT('Ctrl Pts',(20.5000000000805,54.4692490156354,163.));
#5240=CARTESIAN_POINT('',(22.1,54.3573943972355,163.));
#5241=CARTESIAN_POINT('Ctrl Pts',(22.1,54.3573943972355,163.));
#5242=CARTESIAN_POINT('Ctrl Pts',(21.8374610178091,54.377068929999,163.));
#5243=CARTESIAN_POINT('Ctrl Pts',(21.5747938930884,54.396075665973,163.));
#5244=CARTESIAN_POINT('Ctrl Pts',(21.0415128612361,54.4333698262183,163.));
#5245=CARTESIAN_POINT('Ctrl Pts',(20.7707355385663,54.4516291689727,163.));
#5246=CARTESIAN_POINT('Ctrl Pts',(20.5000000000805,54.4692490156354,163.));
#5247=CARTESIAN_POINT('',(22.1,54.3573943972355,139.));
#5248=CARTESIAN_POINT('',(22.1,54.3573943972355,139.));
#5249=CARTESIAN_POINT('Ctrl Pts',(22.1,54.3573943972355,139.));
#5250=CARTESIAN_POINT('Ctrl Pts',(21.8374610178091,54.377068929999,139.));
#5251=CARTESIAN_POINT('Ctrl Pts',(21.5747938930884,54.396075665973,139.));
#5252=CARTESIAN_POINT('Ctrl Pts',(21.0415128612361,54.4333698262183,139.));
#5253=CARTESIAN_POINT('Ctrl Pts',(20.7707355385663,54.4516291689727,139.));
#5254=CARTESIAN_POINT('Ctrl Pts',(20.5000000000805,54.4692490156354,139.));
#5255=CARTESIAN_POINT('Ctrl Pts',(55.,6.66133814775094E-15,138.995264553773));
#5256=CARTESIAN_POINT('Ctrl Pts',(55.,6.66133814775094E-15,163.));
#5257=CARTESIAN_POINT('Ctrl Pts',(55.,13.5376629200269,138.995264553773));
#5258=CARTESIAN_POINT('Ctrl Pts',(55.,13.5376629200269,163.));
#5259=CARTESIAN_POINT('Ctrl Pts',(54.5410389304574,22.8998173335613,138.995264553773));
#5260=CARTESIAN_POINT('Ctrl Pts',(54.5410389304574,22.8998173335613,163.));
#5261=CARTESIAN_POINT('Ctrl Pts',(52.8388274774399,34.5966062521538,138.995264553773));
#5262=CARTESIAN_POINT('Ctrl Pts',(52.8388274774399,34.5966062521538,163.));
#5263=CARTESIAN_POINT('Ctrl Pts',(51.8391263867854,38.347609009116,138.995264553773));
#5264=CARTESIAN_POINT('Ctrl Pts',(51.8391263867854,38.347609009116,163.));
#5265=CARTESIAN_POINT('Ctrl Pts',(49.4908780239107,43.4066309435952,138.995264553773));
#5266=CARTESIAN_POINT('Ctrl Pts',(49.4908780239107,43.4066309435952,163.));
#5267=CARTESIAN_POINT('Ctrl Pts',(48.2513803668722,45.2890324209678,138.995264553773));
#5268=CARTESIAN_POINT('Ctrl Pts',(48.2513803668722,45.2890324209678,163.));
#5269=CARTESIAN_POINT('Ctrl Pts',(44.8690844062366,48.5846979274668,138.995264553773));
#5270=CARTESIAN_POINT('Ctrl Pts',(44.8690844062366,48.5846979274668,163.));
#5271=CARTESIAN_POINT('Ctrl Pts',(42.7510872518078,49.9183142876985,138.995264553773));
#5272=CARTESIAN_POINT('Ctrl Pts',(42.7510872518078,49.9183142876985,163.));
#5273=CARTESIAN_POINT('Ctrl Pts',(35.5596714835421,52.8166099385512,138.995264553773));
#5274=CARTESIAN_POINT('Ctrl Pts',(35.5596714835421,52.8166099385512,163.));
#5275=CARTESIAN_POINT('Ctrl Pts',(29.5625307378139,53.7981562822916,138.995264553773));
#5276=CARTESIAN_POINT('Ctrl Pts',(29.5625307378139,53.7981562822916,163.));
#5277=CARTESIAN_POINT('Ctrl Pts',(22.1,54.3573943972355,138.995264553773));
#5278=CARTESIAN_POINT('Ctrl Pts',(22.1,54.3573943972355,163.));
#5279=CARTESIAN_POINT('',(55.,-1.22124532708767E-14,163.));
#5280=CARTESIAN_POINT('Ctrl Pts',(55.,6.66133814775094E-15,163.));
#5281=CARTESIAN_POINT('Ctrl Pts',(55.,13.5376629200269,163.));
#5282=CARTESIAN_POINT('Ctrl Pts',(54.5410389304574,22.8998173335613,163.));
#5283=CARTESIAN_POINT('Ctrl Pts',(52.8388274774399,34.5966062521538,163.));
#5284=CARTESIAN_POINT('Ctrl Pts',(51.8391263867854,38.347609009116,163.));
#5285=CARTESIAN_POINT('Ctrl Pts',(49.4908780239107,43.4066309435952,163.));
#5286=CARTESIAN_POINT('Ctrl Pts',(48.2513803668722,45.2890324209678,163.));
#5287=CARTESIAN_POINT('Ctrl Pts',(44.8690844062366,48.5846979274668,163.));
#5288=CARTESIAN_POINT('Ctrl Pts',(42.7510872518078,49.9183142876985,163.));
#5289=CARTESIAN_POINT('Ctrl Pts',(35.5596714835421,52.8166099385512,163.));
#5290=CARTESIAN_POINT('Ctrl Pts',(29.5625307378139,53.7981562822916,163.));
#5291=CARTESIAN_POINT('Ctrl Pts',(22.1,54.3573943972355,163.));
#5292=CARTESIAN_POINT('',(55.,-1.22124532708767E-14,139.));
#5293=CARTESIAN_POINT('',(55.,-1.22124532708767E-14,139.));
#5294=CARTESIAN_POINT('Ctrl Pts',(55.,6.66133814775094E-15,139.));
#5295=CARTESIAN_POINT('Ctrl Pts',(55.,13.5376629200269,139.));
#5296=CARTESIAN_POINT('Ctrl Pts',(54.5410389304574,22.8998173335613,139.));
#5297=CARTESIAN_POINT('Ctrl Pts',(52.8388274774399,34.5966062521538,139.));
#5298=CARTESIAN_POINT('Ctrl Pts',(51.8391263867854,38.347609009116,139.));
#5299=CARTESIAN_POINT('Ctrl Pts',(49.4908780239107,43.4066309435952,139.));
#5300=CARTESIAN_POINT('Ctrl Pts',(48.2513803668722,45.2890324209678,139.));
#5301=CARTESIAN_POINT('Ctrl Pts',(44.8690844062366,48.5846979274668,139.));
#5302=CARTESIAN_POINT('Ctrl Pts',(42.7510872518078,49.9183142876985,139.));
#5303=CARTESIAN_POINT('Ctrl Pts',(35.5596714835421,52.8166099385512,139.));
#5304=CARTESIAN_POINT('Ctrl Pts',(29.5625307378139,53.7981562822916,139.));
#5305=CARTESIAN_POINT('Ctrl Pts',(22.1,54.3573943972355,139.));
#5306=CARTESIAN_POINT('Ctrl Pts',(-8.88178419700125E-15,-55.,138.998196493721));
#5307=CARTESIAN_POINT('Ctrl Pts',(-8.88178419700125E-15,-55.,163.));
#5308=CARTESIAN_POINT('Ctrl Pts',(18.4985182512891,-55.,138.998196493721));
#5309=CARTESIAN_POINT('Ctrl Pts',(18.4985182512891,-55.,163.));
#5310=CARTESIAN_POINT('Ctrl Pts',(29.4702244546802,-54.1429252877041,138.998196493721));
#5311=CARTESIAN_POINT('Ctrl Pts',(29.4702244546802,-54.1429252877041,163.));
#5312=CARTESIAN_POINT('Ctrl Pts',(39.7364814788248,-51.2825226729332,138.998196493721));
#5313=CARTESIAN_POINT('Ctrl Pts',(39.7364814788248,-51.2825226729332,163.));
#5314=CARTESIAN_POINT('Ctrl Pts',(42.2035401066384,-50.1991998204407,138.998196493721));
#5315=CARTESIAN_POINT('Ctrl Pts',(42.2035401066384,-50.1991998204407,163.));
#5316=CARTESIAN_POINT('Ctrl Pts',(46.1634937697336,-47.5147404266171,138.998196493721));
#5317=CARTESIAN_POINT('Ctrl Pts',(46.1634937697336,-47.5147404266171,163.));
#5318=CARTESIAN_POINT('Ctrl Pts',(47.7253591958859,-45.9193374181498,138.998196493721));
#5319=CARTESIAN_POINT('Ctrl Pts',(47.7253591958859,-45.9193374181498,163.));
#5320=CARTESIAN_POINT('Ctrl Pts',(50.5903342326,-41.5327801330397,138.998196493721));
#5321=CARTESIAN_POINT('Ctrl Pts',(50.5903342326,-41.5327801330397,163.));
#5322=CARTESIAN_POINT('Ctrl Pts',(51.7834201337899,-38.4775874486166,138.998196493721));
#5323=CARTESIAN_POINT('Ctrl Pts',(51.7834201337899,-38.4775874486166,163.));
#5324=CARTESIAN_POINT('Ctrl Pts',(54.2905407535863,-27.3599285017665,138.998196493721));
#5325=CARTESIAN_POINT('Ctrl Pts',(54.2905407535863,-27.3599285017665,163.));
#5326=CARTESIAN_POINT('Ctrl Pts',(55.,-16.8302862017669,138.998196493721));
#5327=CARTESIAN_POINT('Ctrl Pts',(55.,-16.8302862017669,163.));
#5328=CARTESIAN_POINT('Ctrl Pts',(55.,-8.88178419700125E-15,138.998196493721));
#5329=CARTESIAN_POINT('Ctrl Pts',(55.,-8.88178419700125E-15,163.));
#5330=CARTESIAN_POINT('',(-3.33066907387547E-15,-55.,163.));
#5331=CARTESIAN_POINT('Ctrl Pts',(-8.88178419700125E-15,-55.,163.));
#5332=CARTESIAN_POINT('Ctrl Pts',(18.4985182512891,-55.,163.));
#5333=CARTESIAN_POINT('Ctrl Pts',(29.4702244546802,-54.1429252877041,163.));
#5334=CARTESIAN_POINT('Ctrl Pts',(39.7364814788248,-51.2825226729332,163.));
#5335=CARTESIAN_POINT('Ctrl Pts',(42.2035401066384,-50.1991998204407,163.));
#5336=CARTESIAN_POINT('Ctrl Pts',(46.1634937697336,-47.5147404266171,163.));
#5337=CARTESIAN_POINT('Ctrl Pts',(47.7253591958859,-45.9193374181498,163.));
#5338=CARTESIAN_POINT('Ctrl Pts',(50.5903342326,-41.5327801330397,163.));
#5339=CARTESIAN_POINT('Ctrl Pts',(51.7834201337899,-38.4775874486166,163.));
#5340=CARTESIAN_POINT('Ctrl Pts',(54.2905407535863,-27.3599285017665,163.));
#5341=CARTESIAN_POINT('Ctrl Pts',(55.,-16.8302862017669,163.));
#5342=CARTESIAN_POINT('Ctrl Pts',(55.,-8.88178419700125E-15,163.));
#5343=CARTESIAN_POINT('',(-3.33066907387547E-15,-55.,139.));
#5344=CARTESIAN_POINT('',(-3.33066907387547E-15,-55.,139.));
#5345=CARTESIAN_POINT('Ctrl Pts',(-8.88178419700125E-15,-55.,139.));
#5346=CARTESIAN_POINT('Ctrl Pts',(18.4985182512891,-55.,139.));
#5347=CARTESIAN_POINT('Ctrl Pts',(29.4702244546802,-54.1429252877041,139.));
#5348=CARTESIAN_POINT('Ctrl Pts',(39.7364814788248,-51.2825226729332,139.));
#5349=CARTESIAN_POINT('Ctrl Pts',(42.2035401066384,-50.1991998204407,139.));
#5350=CARTESIAN_POINT('Ctrl Pts',(46.1634937697336,-47.5147404266171,139.));
#5351=CARTESIAN_POINT('Ctrl Pts',(47.7253591958859,-45.9193374181498,139.));
#5352=CARTESIAN_POINT('Ctrl Pts',(50.5903342326,-41.5327801330397,139.));
#5353=CARTESIAN_POINT('Ctrl Pts',(51.7834201337899,-38.4775874486166,139.));
#5354=CARTESIAN_POINT('Ctrl Pts',(54.2905407535863,-27.3599285017665,139.));
#5355=CARTESIAN_POINT('Ctrl Pts',(55.,-16.8302862017669,139.));
#5356=CARTESIAN_POINT('Ctrl Pts',(55.,-8.88178419700125E-15,139.));
#5357=CARTESIAN_POINT('Ctrl Pts',(-55.,4.44089209850063E-15,138.998196493721));
#5358=CARTESIAN_POINT('Ctrl Pts',(-55.,4.44089209850063E-15,163.));
#5359=CARTESIAN_POINT('Ctrl Pts',(-55.,-18.4985182512886,138.998196493721));
#5360=CARTESIAN_POINT('Ctrl Pts',(-55.,-18.4985182512886,163.));
#5361=CARTESIAN_POINT('Ctrl Pts',(-54.1429252877041,-29.47022445468,138.998196493721));
#5362=CARTESIAN_POINT('Ctrl Pts',(-54.1429252877041,-29.47022445468,163.));
#5363=CARTESIAN_POINT('Ctrl Pts',(-51.2825226729337,-39.7364814788227,138.998196493721));
#5364=CARTESIAN_POINT('Ctrl Pts',(-51.2825226729337,-39.7364814788227,163.));
#5365=CARTESIAN_POINT('Ctrl Pts',(-50.1991998204415,-42.2035401066371,138.998196493721));
#5366=CARTESIAN_POINT('Ctrl Pts',(-50.1991998204415,-42.2035401066371,163.));
#5367=CARTESIAN_POINT('Ctrl Pts',(-47.5147404266171,-46.1634937697336,138.998196493721));
#5368=CARTESIAN_POINT('Ctrl Pts',(-47.5147404266171,-46.1634937697336,163.));
#5369=CARTESIAN_POINT('Ctrl Pts',(-45.9193374181498,-47.7253591958858,138.998196493721));
#5370=CARTESIAN_POINT('Ctrl Pts',(-45.9193374181498,-47.7253591958858,163.));
#5371=CARTESIAN_POINT('Ctrl Pts',(-41.5327801330402,-50.5903342325997,138.998196493721));
#5372=CARTESIAN_POINT('Ctrl Pts',(-41.5327801330402,-50.5903342325997,163.));
#5373=CARTESIAN_POINT('Ctrl Pts',(-38.4775874486174,-51.7834201337897,138.998196493721));
#5374=CARTESIAN_POINT('Ctrl Pts',(-38.4775874486174,-51.7834201337897,163.));
#5375=CARTESIAN_POINT('Ctrl Pts',(-27.3599285017665,-54.2905407535863,138.998196493721));
#5376=CARTESIAN_POINT('Ctrl Pts',(-27.3599285017665,-54.2905407535863,163.));
#5377=CARTESIAN_POINT('Ctrl Pts',(-16.8302862017669,-55.,138.998196493721));
#5378=CARTESIAN_POINT('Ctrl Pts',(-16.8302862017669,-55.,163.));
#5379=CARTESIAN_POINT('Ctrl Pts',(-4.44089209850063E-15,-55.,138.998196493721));
#5380=CARTESIAN_POINT('Ctrl Pts',(-4.44089209850063E-15,-55.,163.));
#5381=CARTESIAN_POINT('',(-55.,-2.14622680169081E-15,163.));
#5382=CARTESIAN_POINT('Ctrl Pts',(-55.,4.44089209850063E-15,163.));
#5383=CARTESIAN_POINT('Ctrl Pts',(-55.,-18.4985182512886,163.));
#5384=CARTESIAN_POINT('Ctrl Pts',(-54.1429252877041,-29.47022445468,163.));
#5385=CARTESIAN_POINT('Ctrl Pts',(-51.2825226729337,-39.7364814788227,163.));
#5386=CARTESIAN_POINT('Ctrl Pts',(-50.1991998204415,-42.2035401066371,163.));
#5387=CARTESIAN_POINT('Ctrl Pts',(-47.5147404266171,-46.1634937697336,163.));
#5388=CARTESIAN_POINT('Ctrl Pts',(-45.9193374181498,-47.7253591958858,163.));
#5389=CARTESIAN_POINT('Ctrl Pts',(-41.5327801330402,-50.5903342325997,163.));
#5390=CARTESIAN_POINT('Ctrl Pts',(-38.4775874486174,-51.7834201337897,163.));
#5391=CARTESIAN_POINT('Ctrl Pts',(-27.3599285017665,-54.2905407535863,163.));
#5392=CARTESIAN_POINT('Ctrl Pts',(-16.8302862017669,-55.,163.));
#5393=CARTESIAN_POINT('Ctrl Pts',(-4.44089209850063E-15,-55.,163.));
#5394=CARTESIAN_POINT('',(-55.,-2.14622680169081E-15,139.));
#5395=CARTESIAN_POINT('',(-55.,-2.14622680169081E-15,139.));
#5396=CARTESIAN_POINT('Ctrl Pts',(-55.,4.44089209850063E-15,139.));
#5397=CARTESIAN_POINT('Ctrl Pts',(-55.,-18.4985182512886,139.));
#5398=CARTESIAN_POINT('Ctrl Pts',(-54.1429252877041,-29.47022445468,139.));
#5399=CARTESIAN_POINT('Ctrl Pts',(-51.2825226729337,-39.7364814788227,139.));
#5400=CARTESIAN_POINT('Ctrl Pts',(-50.1991998204415,-42.2035401066371,139.));
#5401=CARTESIAN_POINT('Ctrl Pts',(-47.5147404266171,-46.1634937697336,139.));
#5402=CARTESIAN_POINT('Ctrl Pts',(-45.9193374181498,-47.7253591958858,139.));
#5403=CARTESIAN_POINT('Ctrl Pts',(-41.5327801330402,-50.5903342325997,139.));
#5404=CARTESIAN_POINT('Ctrl Pts',(-38.4775874486174,-51.7834201337897,139.));
#5405=CARTESIAN_POINT('Ctrl Pts',(-27.3599285017665,-54.2905407535863,139.));
#5406=CARTESIAN_POINT('Ctrl Pts',(-16.8302862017669,-55.,139.));
#5407=CARTESIAN_POINT('Ctrl Pts',(-4.44089209850063E-15,-55.,139.));
#5408=CARTESIAN_POINT('Ctrl Pts',(-22.1000000004231,54.3573943972038,138.997292639869));
#5409=CARTESIAN_POINT('Ctrl Pts',(-22.1000000004231,54.3573943972038,163.));
#5410=CARTESIAN_POINT('Ctrl Pts',(-27.1583133724428,53.9783270627492,138.997292639869));
#5411=CARTESIAN_POINT('Ctrl Pts',(-27.1583133724428,53.9783270627492,163.));
#5412=CARTESIAN_POINT('Ctrl Pts',(-31.6480008782406,53.3971881382741,138.997292639869));
#5413=CARTESIAN_POINT('Ctrl Pts',(-31.6480008782406,53.3971881382741,163.));
#5414=CARTESIAN_POINT('Ctrl Pts',(-38.6356844853728,51.6685927025371,138.997292639869));
#5415=CARTESIAN_POINT('Ctrl Pts',(-38.6356844853728,51.6685927025371,163.));
#5416=CARTESIAN_POINT('Ctrl Pts',(-41.1888546118133,50.6760821855802,138.997292639869));
#5417=CARTESIAN_POINT('Ctrl Pts',(-41.1888546118133,50.6760821855802,163.));
#5418=CARTESIAN_POINT('Ctrl Pts',(-45.2951007843422,48.2269874083795,138.997292639869));
#5419=CARTESIAN_POINT('Ctrl Pts',(-45.2951007843422,48.2269874083795,163.));
#5420=CARTESIAN_POINT('Ctrl Pts',(-46.9694006464783,46.7518116639555,138.997292639869));
#5421=CARTESIAN_POINT('Ctrl Pts',(-46.9694006464783,46.7518116639555,163.));
#5422=CARTESIAN_POINT('Ctrl Pts',(-49.9754407686641,42.7162905167762,138.997292639869));
#5423=CARTESIAN_POINT('Ctrl Pts',(-49.9754407686641,42.7162905167762,163.));
#5424=CARTESIAN_POINT('Ctrl Pts',(-51.2139957379021,40.0165723112895,138.997292639869));
#5425=CARTESIAN_POINT('Ctrl Pts',(-51.2139957379021,40.0165723112895,163.));
#5426=CARTESIAN_POINT('Ctrl Pts',(-54.1507757373365,29.3689323962364,138.997292639869));
#5427=CARTESIAN_POINT('Ctrl Pts',(-54.1507757373365,29.3689323962364,163.));
#5428=CARTESIAN_POINT('Ctrl Pts',(-55.,18.4313794560214,138.997292639869));
#5429=CARTESIAN_POINT('Ctrl Pts',(-55.,18.4313794560214,163.));
#5430=CARTESIAN_POINT('Ctrl Pts',(-55.,8.88178419700125E-15,138.997292639869));
#5431=CARTESIAN_POINT('Ctrl Pts',(-55.,8.88178419700125E-15,163.));
#5432=CARTESIAN_POINT('Ctrl Pts',(-22.1000000004231,54.3573943972038,163.));
#5433=CARTESIAN_POINT('Ctrl Pts',(-27.1583133724428,53.9783270627492,163.));
#5434=CARTESIAN_POINT('Ctrl Pts',(-31.6480008782406,53.3971881382741,163.));
#5435=CARTESIAN_POINT('Ctrl Pts',(-38.6356844853728,51.6685927025371,163.));
#5436=CARTESIAN_POINT('Ctrl Pts',(-41.1888546118133,50.6760821855802,163.));
#5437=CARTESIAN_POINT('Ctrl Pts',(-45.2951007843422,48.2269874083795,163.));
#5438=CARTESIAN_POINT('Ctrl Pts',(-46.9694006464783,46.7518116639555,163.));
#5439=CARTESIAN_POINT('Ctrl Pts',(-49.9754407686641,42.7162905167762,163.));
#5440=CARTESIAN_POINT('Ctrl Pts',(-51.2139957379021,40.0165723112895,163.));
#5441=CARTESIAN_POINT('Ctrl Pts',(-54.1507757373365,29.3689323962364,163.));
#5442=CARTESIAN_POINT('Ctrl Pts',(-55.,18.4313794560214,163.));
#5443=CARTESIAN_POINT('Ctrl Pts',(-55.,8.88178419700125E-15,163.));
#5444=CARTESIAN_POINT('Ctrl Pts',(-22.1000000004231,54.3573943972038,139.));
#5445=CARTESIAN_POINT('Ctrl Pts',(-27.1583133724428,53.9783270627492,139.));
#5446=CARTESIAN_POINT('Ctrl Pts',(-31.6480008782406,53.3971881382741,139.));
#5447=CARTESIAN_POINT('Ctrl Pts',(-38.6356844853728,51.6685927025371,139.));
#5448=CARTESIAN_POINT('Ctrl Pts',(-41.1888546118133,50.6760821855802,139.));
#5449=CARTESIAN_POINT('Ctrl Pts',(-45.2951007843422,48.2269874083795,139.));
#5450=CARTESIAN_POINT('Ctrl Pts',(-46.9694006464783,46.7518116639555,139.));
#5451=CARTESIAN_POINT('Ctrl Pts',(-49.9754407686641,42.7162905167762,139.));
#5452=CARTESIAN_POINT('Ctrl Pts',(-51.2139957379021,40.0165723112895,139.));
#5453=CARTESIAN_POINT('Ctrl Pts',(-54.1507757373365,29.3689323962364,139.));
#5454=CARTESIAN_POINT('Ctrl Pts',(-55.,18.4313794560214,139.));
#5455=CARTESIAN_POINT('Ctrl Pts',(-55.,8.88178419700125E-15,139.));
#5456=CARTESIAN_POINT('Ctrl Pts',(-55.,-2.14622680169081E-15,158.));
#5457=CARTESIAN_POINT('Ctrl Pts',(-55.,-2.14622680169081E-15,170.));
#5458=CARTESIAN_POINT('Ctrl Pts',(-55.,-55.,158.));
#5459=CARTESIAN_POINT('Ctrl Pts',(-55.,-55.,170.));
#5460=CARTESIAN_POINT('Ctrl Pts',(-6.73555739531044E-15,-55.,158.));
#5461=CARTESIAN_POINT('Ctrl Pts',(-6.73555739531044E-15,-55.,170.));
#5462=CARTESIAN_POINT('',(0.,-55.,168.));
#5463=CARTESIAN_POINT('',(-3.33066907387547E-15,-55.,164.));
#5464=CARTESIAN_POINT('',(-55.,0.,168.));
#5465=CARTESIAN_POINT('Ctrl Pts',(-55.,-2.14622680169081E-15,168.));
#5466=CARTESIAN_POINT('Ctrl Pts',(-55.,-55.,168.));
#5467=CARTESIAN_POINT('Ctrl Pts',(-6.73555739531044E-15,-55.,168.));
#5468=CARTESIAN_POINT('',(-55.,-2.14622680169081E-15,164.));
#5469=CARTESIAN_POINT('Ctrl Pts',(-3.33066907387547E-15,-55.,158.));
#5470=CARTESIAN_POINT('Ctrl Pts',(-3.33066907387547E-15,-55.,170.));
#5471=CARTESIAN_POINT('Ctrl Pts',(55.,-55.,158.));
#5472=CARTESIAN_POINT('Ctrl Pts',(55.,-55.,170.));
#5473=CARTESIAN_POINT('Ctrl Pts',(55.,-1.22124532708767E-14,158.));
#5474=CARTESIAN_POINT('Ctrl Pts',(55.,-1.22124532708767E-14,170.));
#5475=CARTESIAN_POINT('',(55.,-1.33226762955019E-14,168.));
#5476=CARTESIAN_POINT('',(55.,-1.22124532708767E-14,164.));
#5477=CARTESIAN_POINT('Ctrl Pts',(-3.33066907387547E-15,-55.,168.));
#5478=CARTESIAN_POINT('Ctrl Pts',(55.,-55.,168.));
#5479=CARTESIAN_POINT('Ctrl Pts',(55.,-1.22124532708767E-14,168.));
#5480=CARTESIAN_POINT('Ctrl Pts',(55.,8.88178419700125E-15,158.));
#5481=CARTESIAN_POINT('Ctrl Pts',(55.,8.88178419700125E-15,170.));
#5482=CARTESIAN_POINT('Ctrl Pts',(55.,51.89188576108,158.));
#5483=CARTESIAN_POINT('Ctrl Pts',(55.,51.89188576108,170.));
#5484=CARTESIAN_POINT('Ctrl Pts',(22.1,54.3573943972355,158.));
#5485=CARTESIAN_POINT('Ctrl Pts',(22.1,54.3573943972355,170.));
#5486=CARTESIAN_POINT('',(22.1,54.3573943972355,168.));
#5487=CARTESIAN_POINT('',(22.1,54.3573943972355,164.));
#5488=CARTESIAN_POINT('Ctrl Pts',(55.,8.88178419700125E-15,168.));
#5489=CARTESIAN_POINT('Ctrl Pts',(55.,51.89188576108,168.));
#5490=CARTESIAN_POINT('Ctrl Pts',(22.1,54.3573943972355,168.));
#5491=CARTESIAN_POINT('Ctrl Pts',(22.1,54.3573943972355,158.));
#5492=CARTESIAN_POINT('Ctrl Pts',(22.1,54.3573943972355,170.));
#5493=CARTESIAN_POINT('Ctrl Pts',(21.3164409142056,54.4161139015809,158.));
#5494=CARTESIAN_POINT('Ctrl Pts',(21.3164409142056,54.4161139015809,170.));
#5495=CARTESIAN_POINT('Ctrl Pts',(20.5000000000805,54.4692490156354,158.));
#5496=CARTESIAN_POINT('Ctrl Pts',(20.5000000000805,54.4692490156354,170.));
#5497=CARTESIAN_POINT('',(20.5,54.4692490156409,168.));
#5498=CARTESIAN_POINT('',(20.5,54.4692490156409,164.));
#5499=CARTESIAN_POINT('Ctrl Pts',(22.1,54.3573943972355,168.));
#5500=CARTESIAN_POINT('Ctrl Pts',(21.3164409142055,54.4161139015809,168.));
#5501=CARTESIAN_POINT('Ctrl Pts',(20.5000000000805,54.4692490156354,168.));
#5502=CARTESIAN_POINT('Origin',(29.,24.5,167.25));
#5503=CARTESIAN_POINT('',(31.3400000149012,24.5,166.5));
#5504=CARTESIAN_POINT('Origin',(29.,24.5,166.5));
#5505=CARTESIAN_POINT('',(32.8400000149012,24.5,168.));
#5506=CARTESIAN_POINT('',(32.0900000149012,24.5,167.25));
#5507=CARTESIAN_POINT('Origin',(29.,24.5,168.));
#5508=CARTESIAN_POINT('Origin',(29.,24.5,166.5));
#5509=CARTESIAN_POINT('Origin',(-29.,-24.5,166.5));
#5510=CARTESIAN_POINT('Origin',(-29.,24.5,167.25));
#5511=CARTESIAN_POINT('',(-26.6599999850988,24.5,166.5));
#5512=CARTESIAN_POINT('Origin',(-29.,24.5,166.5));
#5513=CARTESIAN_POINT('',(-25.1599999850988,24.5,168.));
#5514=CARTESIAN_POINT('',(-25.9099999850988,24.5,167.25));
#5515=CARTESIAN_POINT('Origin',(-29.,24.5,168.));
#5516=CARTESIAN_POINT('Origin',(-29.,24.5,166.5));
#5517=CARTESIAN_POINT('Ctrl Pts',(-49.5071067811865,1.12969563720811E-14,
166.707106781187));
#5518=CARTESIAN_POINT('Ctrl Pts',(-49.5071067811865,-1.30710678118634,166.707106781187));
#5519=CARTESIAN_POINT('Ctrl Pts',(-48.2000000000002,-1.30710678118634,166.707106781187));
#5520=CARTESIAN_POINT('Ctrl Pts',(-46.8928932188138,-1.30710678118634,166.707106781187));
#5521=CARTESIAN_POINT('Ctrl Pts',(-46.8928932188138,1.12969563720812E-14,
166.707106781187));
#5522=CARTESIAN_POINT('Ctrl Pts',(-46.8928932188138,1.30710678118637,166.707106781187));
#5523=CARTESIAN_POINT('Ctrl Pts',(-48.2000000000002,1.30710678118637,166.707106781187));
#5524=CARTESIAN_POINT('Ctrl Pts',(-49.5071067811865,1.30710678118637,166.707106781187));
#5525=CARTESIAN_POINT('Ctrl Pts',(-49.5071067811865,1.12969563720811E-14,
166.707106781187));
#5526=CARTESIAN_POINT('Ctrl Pts',(-49.8000000000003,9.08670748982759E-15,
167.));
#5527=CARTESIAN_POINT('Ctrl Pts',(-49.8000000000003,-1.60000000000016,167.));
#5528=CARTESIAN_POINT('Ctrl Pts',(-48.2000000000001,-1.60000000000016,167.));
#5529=CARTESIAN_POINT('Ctrl Pts',(-46.6,-1.60000000000016,167.));
#5530=CARTESIAN_POINT('Ctrl Pts',(-46.6,9.08670748982765E-15,167.));
#5531=CARTESIAN_POINT('Ctrl Pts',(-46.6,1.60000000000018,167.));
#5532=CARTESIAN_POINT('Ctrl Pts',(-48.2000000000001,1.60000000000018,167.));
#5533=CARTESIAN_POINT('Ctrl Pts',(-49.8000000000003,1.60000000000018,167.));
#5534=CARTESIAN_POINT('Ctrl Pts',(-49.8000000000003,9.08670748982759E-15,
167.));
#5535=CARTESIAN_POINT('Ctrl Pts',(-49.8,5.96094354432172E-15,167.414213562373));
#5536=CARTESIAN_POINT('Ctrl Pts',(-49.8,-1.59999999999996,167.414213562373));
#5537=CARTESIAN_POINT('Ctrl Pts',(-48.2000000000001,-1.59999999999996,167.414213562373));
#5538=CARTESIAN_POINT('Ctrl Pts',(-46.6000000000001,-1.59999999999996,167.414213562373));
#5539=CARTESIAN_POINT('Ctrl Pts',(-46.6000000000001,5.96094354432167E-15,
167.414213562373));
#5540=CARTESIAN_POINT('Ctrl Pts',(-46.6000000000001,1.59999999999997,167.414213562373));
#5541=CARTESIAN_POINT('Ctrl Pts',(-48.2000000000001,1.59999999999997,167.414213562373));
#5542=CARTESIAN_POINT('Ctrl Pts',(-49.8,1.59999999999997,167.414213562373));
#5543=CARTESIAN_POINT('Ctrl Pts',(-49.8,5.96094354432172E-15,167.414213562373));
#5544=CARTESIAN_POINT('',(-46.6,2.30637957383113E-16,167.414213562373));
#5545=CARTESIAN_POINT('',(-49.8,5.76500005646211E-15,167.414213562373));
#5546=CARTESIAN_POINT('Origin',(-48.2,3.46944695195361E-17,167.414213562373));
#5547=CARTESIAN_POINT('',(-49.5071067811866,1.11368819585088E-14,166.707106781187));
#5548=CARTESIAN_POINT('Origin',(-48.8000000000019,5.88746473637624E-15,
167.414213562373));
#5549=CARTESIAN_POINT('',(-46.8928932188134,3.46944695195356E-17,166.707106781187));
#5550=CARTESIAN_POINT('Origin',(-48.2,1.14731676305731E-16,166.707106781187));
#5551=CARTESIAN_POINT('Origin',(-48.2,1.14731676305731E-16,166.707106781187));
#5552=CARTESIAN_POINT('Origin',(-48.2,3.46944695195361E-17,167.414213562373));
#5553=CARTESIAN_POINT('Origin',(-48.2,3.46944695195361E-17,166.5));
#5554=CARTESIAN_POINT('',(-47.6,-3.87843384293057E-17,166.));
#5555=CARTESIAN_POINT('Origin',(-48.2,3.46944695195361E-17,166.));
#5556=CARTESIAN_POINT('',(-47.1,1.69405617425745E-16,166.5));
#5557=CARTESIAN_POINT('Origin',(-48.2,3.46944695195361E-17,168.));
#5558=CARTESIAN_POINT('',(-46.6,2.30637957383113E-16,168.));
#5559=CARTESIAN_POINT('Origin',(-48.2,3.46944695195361E-17,168.));
#5560=CARTESIAN_POINT('',(-46.6,-1.6124901834404E-16,168.));
#5561=CARTESIAN_POINT('Ctrl Pts',(32.7754400720051,-34.0825468531916,166.707106781187));
#5562=CARTESIAN_POINT('Ctrl Pts',(32.7754400720051,-35.389653634378,166.707106781187));
#5563=CARTESIAN_POINT('Ctrl Pts',(34.0825468531915,-35.389653634378,166.707106781187));
#5564=CARTESIAN_POINT('Ctrl Pts',(35.389653634378,-35.389653634378,166.707106781187));
#5565=CARTESIAN_POINT('Ctrl Pts',(35.389653634378,-34.0825468531916,166.707106781187));
#5566=CARTESIAN_POINT('Ctrl Pts',(35.389653634378,-32.7754400720051,166.707106781187));
#5567=CARTESIAN_POINT('Ctrl Pts',(34.0825468531915,-32.7754400720051,166.707106781187));
#5568=CARTESIAN_POINT('Ctrl Pts',(32.7754400720051,-32.7754400720051,166.707106781187));
#5569=CARTESIAN_POINT('Ctrl Pts',(32.7754400720051,-34.0825468531916,166.707106781187));
#5570=CARTESIAN_POINT('Ctrl Pts',(32.4825468531915,-34.0825468531916,167.));
#5571=CARTESIAN_POINT('Ctrl Pts',(32.4825468531915,-35.6825468531917,167.));
#5572=CARTESIAN_POINT('Ctrl Pts',(34.0825468531915,-35.6825468531917,167.));
#5573=CARTESIAN_POINT('Ctrl Pts',(35.6825468531916,-35.6825468531917,167.));
#5574=CARTESIAN_POINT('Ctrl Pts',(35.6825468531916,-34.0825468531916,167.));
#5575=CARTESIAN_POINT('Ctrl Pts',(35.6825468531916,-32.4825468531915,167.));
#5576=CARTESIAN_POINT('Ctrl Pts',(34.0825468531915,-32.4825468531915,167.));
#5577=CARTESIAN_POINT('Ctrl Pts',(32.4825468531915,-32.4825468531915,167.));
#5578=CARTESIAN_POINT('Ctrl Pts',(32.4825468531915,-34.0825468531916,167.));
#5579=CARTESIAN_POINT('Ctrl Pts',(32.4825468531916,-34.0825468531916,167.414213562373));
#5580=CARTESIAN_POINT('Ctrl Pts',(32.4825468531916,-35.6825468531916,167.414213562373));
#5581=CARTESIAN_POINT('Ctrl Pts',(34.0825468531916,-35.6825468531916,167.414213562373));
#5582=CARTESIAN_POINT('Ctrl Pts',(35.6825468531915,-35.6825468531916,167.414213562373));
#5583=CARTESIAN_POINT('Ctrl Pts',(35.6825468531915,-34.0825468531916,167.414213562373));
#5584=CARTESIAN_POINT('Ctrl Pts',(35.6825468531915,-32.4825468531916,167.414213562373));
#5585=CARTESIAN_POINT('Ctrl Pts',(34.0825468531916,-32.4825468531916,167.414213562373));
#5586=CARTESIAN_POINT('Ctrl Pts',(32.4825468531916,-32.4825468531916,167.414213562373));
#5587=CARTESIAN_POINT('Ctrl Pts',(32.4825468531916,-34.0825468531916,167.414213562373));
#5588=CARTESIAN_POINT('',(35.6825468531916,-34.0825468531916,167.414213562373));
#5589=CARTESIAN_POINT('',(32.4825468531916,-34.0825468531916,167.414213562373));
#5590=CARTESIAN_POINT('Origin',(34.0825468531916,-34.0825468531916,167.414213562373));
#5591=CARTESIAN_POINT('',(32.7754400720051,-34.0825468531916,166.707106781187));
#5592=CARTESIAN_POINT('Origin',(33.4825468531896,-34.0825468531916,167.414213562373));
#5593=CARTESIAN_POINT('',(35.3896536343781,-34.0825468531916,166.707106781187));
#5594=CARTESIAN_POINT('Origin',(34.0825468531916,-34.0825468531916,166.707106781187));
#5595=CARTESIAN_POINT('Origin',(34.0825468531916,-34.0825468531916,166.707106781187));
#5596=CARTESIAN_POINT('Origin',(34.0825468531916,-34.0825468531916,167.414213562373));
#5597=CARTESIAN_POINT('Origin',(34.0825468531916,-34.0825468531916,166.5));
#5598=CARTESIAN_POINT('',(34.6825468531916,-34.0825468531916,166.));
#5599=CARTESIAN_POINT('Origin',(34.0825468531916,-34.0825468531916,166.));
#5600=CARTESIAN_POINT('',(35.1825468531916,-34.0825468531916,166.5));
#5601=CARTESIAN_POINT('Origin',(34.0825468531916,-34.0825468531916,168.));
#5602=CARTESIAN_POINT('',(35.6825468531916,-34.0825468531916,168.));
#5603=CARTESIAN_POINT('Origin',(34.0825468531916,-34.0825468531916,168.));
#5604=CARTESIAN_POINT('',(35.6825468531916,-34.0825468531916,168.));
#5605=CARTESIAN_POINT('Ctrl Pts',(-35.3896536343782,-34.0825468531916,166.707106781187));
#5606=CARTESIAN_POINT('Ctrl Pts',(-35.3896536343782,-35.389653634378,166.707106781187));
#5607=CARTESIAN_POINT('Ctrl Pts',(-34.0825468531917,-35.389653634378,166.707106781187));
#5608=CARTESIAN_POINT('Ctrl Pts',(-32.7754400720053,-35.389653634378,166.707106781187));
#5609=CARTESIAN_POINT('Ctrl Pts',(-32.7754400720053,-34.0825468531916,166.707106781187));
#5610=CARTESIAN_POINT('Ctrl Pts',(-32.7754400720053,-32.7754400720052,166.707106781187));
#5611=CARTESIAN_POINT('Ctrl Pts',(-34.0825468531917,-32.7754400720052,166.707106781187));
#5612=CARTESIAN_POINT('Ctrl Pts',(-35.3896536343782,-32.7754400720052,166.707106781187));
#5613=CARTESIAN_POINT('Ctrl Pts',(-35.3896536343782,-34.0825468531916,166.707106781187));
#5614=CARTESIAN_POINT('Ctrl Pts',(-35.6825468531918,-34.0825468531916,167.));
#5615=CARTESIAN_POINT('Ctrl Pts',(-35.6825468531918,-35.6825468531917,167.));
#5616=CARTESIAN_POINT('Ctrl Pts',(-34.0825468531917,-35.6825468531917,167.));
#5617=CARTESIAN_POINT('Ctrl Pts',(-32.4825468531916,-35.6825468531917,167.));
#5618=CARTESIAN_POINT('Ctrl Pts',(-32.4825468531916,-34.0825468531916,167.));
#5619=CARTESIAN_POINT('Ctrl Pts',(-32.4825468531916,-32.4825468531915,167.));
#5620=CARTESIAN_POINT('Ctrl Pts',(-34.0825468531917,-32.4825468531915,167.));
#5621=CARTESIAN_POINT('Ctrl Pts',(-35.6825468531918,-32.4825468531915,167.));
#5622=CARTESIAN_POINT('Ctrl Pts',(-35.6825468531918,-34.0825468531916,167.));
#5623=CARTESIAN_POINT('Ctrl Pts',(-35.6825468531916,-34.0825468531916,167.414213562373));
#5624=CARTESIAN_POINT('Ctrl Pts',(-35.6825468531916,-35.6825468531916,167.414213562373));
#5625=CARTESIAN_POINT('Ctrl Pts',(-34.0825468531917,-35.6825468531916,167.414213562373));
#5626=CARTESIAN_POINT('Ctrl Pts',(-32.4825468531917,-35.6825468531916,167.414213562373));
#5627=CARTESIAN_POINT('Ctrl Pts',(-32.4825468531917,-34.0825468531916,167.414213562373));
#5628=CARTESIAN_POINT('Ctrl Pts',(-32.4825468531917,-32.4825468531916,167.414213562373));
#5629=CARTESIAN_POINT('Ctrl Pts',(-34.0825468531917,-32.4825468531916,167.414213562373));
#5630=CARTESIAN_POINT('Ctrl Pts',(-35.6825468531916,-32.4825468531916,167.414213562373));
#5631=CARTESIAN_POINT('Ctrl Pts',(-35.6825468531916,-34.0825468531916,167.414213562373));
#5632=CARTESIAN_POINT('',(-32.4825468531916,-34.0825468531916,167.414213562373));
#5633=CARTESIAN_POINT('',(-35.6825468531916,-34.0825468531916,167.414213562373));
#5634=CARTESIAN_POINT('Origin',(-34.0825468531916,-34.0825468531916,167.414213562373));
#5635=CARTESIAN_POINT('',(-35.3896536343782,-34.0825468531916,166.707106781187));
#5636=CARTESIAN_POINT('Origin',(-34.6825468531936,-34.0825468531916,167.414213562373));
#5637=CARTESIAN_POINT('',(-32.775440072005,-34.0825468531916,166.707106781187));
#5638=CARTESIAN_POINT('Origin',(-34.0825468531916,-34.0825468531916,166.707106781187));
#5639=CARTESIAN_POINT('Origin',(-34.0825468531916,-34.0825468531916,166.707106781187));
#5640=CARTESIAN_POINT('Origin',(-34.0825468531916,-34.0825468531916,167.414213562373));
#5641=CARTESIAN_POINT('Origin',(-34.0825468531916,-34.0825468531916,166.5));
#5642=CARTESIAN_POINT('',(-33.4825468531916,-34.0825468531916,166.));
#5643=CARTESIAN_POINT('Origin',(-34.0825468531916,-34.0825468531916,166.));
#5644=CARTESIAN_POINT('',(-32.9825468531916,-34.0825468531916,166.5));
#5645=CARTESIAN_POINT('Origin',(-34.0825468531916,-34.0825468531916,168.));
#5646=CARTESIAN_POINT('',(-32.4825468531916,-34.0825468531916,168.));
#5647=CARTESIAN_POINT('Origin',(-34.0825468531916,-34.0825468531916,168.));
#5648=CARTESIAN_POINT('',(-32.4825468531916,-34.0825468531916,168.));
#5649=CARTESIAN_POINT('Origin',(-48.2,0.,166.));
#5650=CARTESIAN_POINT('Origin',(-34.0825468531916,-34.0825468531916,166.));
#5651=CARTESIAN_POINT('Origin',(48.2,0.,166.));
#5652=CARTESIAN_POINT('Origin',(34.0825468531916,-34.0825468531916,166.));
#5653=CARTESIAN_POINT('Ctrl Pts',(20.5,54.4692490156407,139.9));
#5654=CARTESIAN_POINT('Ctrl Pts',(20.5,54.4692490156407,173.62));
#5655=CARTESIAN_POINT('Ctrl Pts',(12.3448124830991,55.,139.9));
#5656=CARTESIAN_POINT('Ctrl Pts',(12.3448124830991,55.,173.62));
#5657=CARTESIAN_POINT('Ctrl Pts',(0.,55.,139.9));
#5658=CARTESIAN_POINT('Ctrl Pts',(0.,55.,173.62));
#5659=CARTESIAN_POINT('',(0.,55.,168.));
#5660=CARTESIAN_POINT('',(3.33066907387547E-15,55.,164.));
#5661=CARTESIAN_POINT('Ctrl Pts',(20.5,54.4692490156407,168.));
#5662=CARTESIAN_POINT('Ctrl Pts',(12.3448124830991,55.,168.));
#5663=CARTESIAN_POINT('Ctrl Pts',(0.,55.,168.));
#5664=CARTESIAN_POINT('Ctrl Pts',(3.33066907387547E-15,55.,139.9));
#5665=CARTESIAN_POINT('Ctrl Pts',(3.33066907387547E-15,55.,173.62));
#5666=CARTESIAN_POINT('Ctrl Pts',(-12.3448124830991,55.,139.9));
#5667=CARTESIAN_POINT('Ctrl Pts',(-12.3448124830991,55.,173.62));
#5668=CARTESIAN_POINT('Ctrl Pts',(-20.5,54.4692490156406,139.9));
#5669=CARTESIAN_POINT('Ctrl Pts',(-20.5,54.4692490156406,173.62));
#5670=CARTESIAN_POINT('',(-20.5,54.4692490156407,168.));
#5671=CARTESIAN_POINT('',(-20.5,54.4692490156407,164.));
#5672=CARTESIAN_POINT('Ctrl Pts',(3.33066907387547E-15,55.,168.));
#5673=CARTESIAN_POINT('Ctrl Pts',(-12.3448124830991,55.,168.));
#5674=CARTESIAN_POINT('Ctrl Pts',(-20.5,54.4692490156406,168.));
#5675=CARTESIAN_POINT('Origin',(0.,0.,168.));
#5676=CARTESIAN_POINT('',(-22.1,54.3573943972355,168.));
#5677=CARTESIAN_POINT('Ctrl Pts',(-20.5000000000805,54.4692490156354,168.));
#5678=CARTESIAN_POINT('Ctrl Pts',(-21.3164409142055,54.4161139015809,168.));
#5679=CARTESIAN_POINT('Ctrl Pts',(-22.1,54.3573943972355,168.));
#5680=CARTESIAN_POINT('Ctrl Pts',(-22.1000000004231,54.3573943972038,168.));
#5681=CARTESIAN_POINT('Ctrl Pts',(-55.,51.8918857609887,168.));
#5682=CARTESIAN_POINT('Ctrl Pts',(-55.,1.22124532708767E-14,168.));
#5683=CARTESIAN_POINT('',(28.9084071077573,18.0130824001071,168.));
#5684=CARTESIAN_POINT('',(43.0116671414803,7.81667866977335,168.));
#5685=CARTESIAN_POINT('',(26.7563250876577,13.7331393251804,168.));
#5686=CARTESIAN_POINT('',(41.9856061499164,4.99760082747333,168.));
#5687=CARTESIAN_POINT('',(39.2398459550658,-2.54631330711607,168.));
#5688=CARTESIAN_POINT('',(-43.5264223416014,36.1214338701092,168.));
#5689=CARTESIAN_POINT('',(24.2515935144207,11.4522535608945,168.));
#5690=CARTESIAN_POINT('',(-42.1583426614991,39.8802039251207,168.));
#5691=CARTESIAN_POINT('',(-46.7852127810639,27.1679807229514,168.));
#5692=CARTESIAN_POINT('',(-17.1363407256775,30.7729400187304,168.));
#5693=CARTESIAN_POINT('',(-48.3033624358945,31.5467039993075,168.));
#5694=CARTESIAN_POINT('Origin',(-45.0533624358945,31.5467039993075,168.));
#5695=CARTESIAN_POINT('',(41.8033624358945,-31.5467039993075,168.));
#5696=CARTESIAN_POINT('Origin',(45.0533624358945,-31.5467039993075,168.));
#5697=CARTESIAN_POINT('',(39.9692193816531,-24.,168.));
#5698=CARTESIAN_POINT('Origin',(41.5692193816531,-24.,168.));
#5699=CARTESIAN_POINT('',(22.4,41.5692193816531,168.));
#5700=CARTESIAN_POINT('Origin',(24.,41.5692193816531,168.));
#5701=CARTESIAN_POINT('',(-25.6,-41.5692193816531,168.));
#5702=CARTESIAN_POINT('Origin',(-24.,-41.5692193816531,168.));
#5703=CARTESIAN_POINT('',(-43.1692193816531,24.,168.));
#5704=CARTESIAN_POINT('Origin',(-41.5692193816531,24.,168.));
#5705=CARTESIAN_POINT('',(41.8033624358946,31.5467039993075,168.));
#5706=CARTESIAN_POINT('Origin',(45.0533624358946,31.5467039993075,168.));
#5707=CARTESIAN_POINT('',(29.34,6.,168.));
#5708=CARTESIAN_POINT('',(38.,6.00000000000001,168.));
#5709=CARTESIAN_POINT('',(28.,6.,168.));
#5710=CARTESIAN_POINT('',(38.,-6.,168.));
#5711=CARTESIAN_POINT('',(38.,6.,168.));
#5712=CARTESIAN_POINT('',(29.34,-6.,168.));
#5713=CARTESIAN_POINT('',(38.,-6.,168.));
#5714=CARTESIAN_POINT('',(29.34,6.,168.));
#5715=CARTESIAN_POINT('',(-48.3033624358945,-31.5467039993075,168.));
#5716=CARTESIAN_POINT('Origin',(-45.0533624358945,-31.5467039993075,168.));
#5717=CARTESIAN_POINT('Origin',(41.5692193816531,-24.,164.));
#5718=CARTESIAN_POINT('',(39.9692193816531,-24.,167.));
#5719=CARTESIAN_POINT('Origin',(41.5692193816531,-24.,167.));
#5720=CARTESIAN_POINT('',(39.9692193816531,-24.,164.));
#5721=CARTESIAN_POINT('Origin',(24.,41.5692193816531,164.));
#5722=CARTESIAN_POINT('',(22.4,41.5692193816531,167.));
#5723=CARTESIAN_POINT('Origin',(24.,41.5692193816531,167.));
#5724=CARTESIAN_POINT('',(22.4,41.5692193816531,164.));
#5725=CARTESIAN_POINT('Origin',(-24.,-41.5692193816531,164.));
#5726=CARTESIAN_POINT('',(-25.6,-41.5692193816531,167.));
#5727=CARTESIAN_POINT('Origin',(-24.,-41.5692193816531,167.));
#5728=CARTESIAN_POINT('',(-25.6,-41.5692193816531,164.));
#5729=CARTESIAN_POINT('Origin',(-41.5692193816531,24.,164.));
#5730=CARTESIAN_POINT('',(-43.1692193816531,24.,167.));
#5731=CARTESIAN_POINT('Origin',(-41.5692193816531,24.,167.));
#5732=CARTESIAN_POINT('',(-43.1692193816531,24.,164.));
#5733=CARTESIAN_POINT('Origin',(0.,0.,167.));
#5734=CARTESIAN_POINT('',(20.75,41.569219381653,167.));
#5735=CARTESIAN_POINT('Origin',(24.,41.569219381653,167.));
#5736=CARTESIAN_POINT('Origin',(0.,0.,167.));
#5737=CARTESIAN_POINT('',(38.319219381653,-24.,167.));
#5738=CARTESIAN_POINT('Origin',(41.569219381653,-24.,167.));
#5739=CARTESIAN_POINT('Origin',(0.,0.,167.));
#5740=CARTESIAN_POINT('',(-44.8192193816531,24.,167.));
#5741=CARTESIAN_POINT('Origin',(-41.569219381653,24.,167.));
#5742=CARTESIAN_POINT('Origin',(0.,0.,167.));
#5743=CARTESIAN_POINT('Ctrl Pts',(-22.1000000004231,54.3573943972038,158.));
#5744=CARTESIAN_POINT('Ctrl Pts',(-22.1000000004231,54.3573943972038,170.));
#5745=CARTESIAN_POINT('Ctrl Pts',(-55.,51.8918857609887,158.));
#5746=CARTESIAN_POINT('Ctrl Pts',(-55.,51.8918857609887,170.));
#5747=CARTESIAN_POINT('Ctrl Pts',(-55.,1.22124532708767E-14,158.));
#5748=CARTESIAN_POINT('Ctrl Pts',(-55.,1.22124532708767E-14,170.));
#5749=CARTESIAN_POINT('',(-22.1,54.3573943972355,164.));
#5750=CARTESIAN_POINT('Ctrl Pts',(-20.5000000000805,54.4692490156354,158.));
#5751=CARTESIAN_POINT('Ctrl Pts',(-20.5000000000805,54.4692490156354,170.));
#5752=CARTESIAN_POINT('Ctrl Pts',(-21.3164409142055,54.4161139015809,158.));
#5753=CARTESIAN_POINT('Ctrl Pts',(-21.3164409142055,54.4161139015809,170.));
#5754=CARTESIAN_POINT('Ctrl Pts',(-22.1,54.3573943972355,158.));
#5755=CARTESIAN_POINT('Ctrl Pts',(-22.1,54.3573943972355,170.));
#5756=CARTESIAN_POINT('Ctrl Pts',(-22.1000000004231,54.3573943972038,134.));
#5757=CARTESIAN_POINT('Ctrl Pts',(-22.1000000004231,54.3573943972038,146.));
#5758=CARTESIAN_POINT('Ctrl Pts',(-55.,51.8918857609887,134.));
#5759=CARTESIAN_POINT('Ctrl Pts',(-55.,51.8918857609887,146.));
#5760=CARTESIAN_POINT('Ctrl Pts',(-55.,1.22124532708767E-14,134.));
#5761=CARTESIAN_POINT('Ctrl Pts',(-55.,1.22124532708767E-14,146.));
#5762=CARTESIAN_POINT('',(-22.1,54.3573943972355,134.));
#5763=CARTESIAN_POINT('',(-22.1,54.3573943972355,140.));
#5764=CARTESIAN_POINT('',(-55.,0.,134.));
#5765=CARTESIAN_POINT('Ctrl Pts',(-55.,1.22124532708767E-14,134.));
#5766=CARTESIAN_POINT('Ctrl Pts',(-55.,51.8918857609887,134.));
#5767=CARTESIAN_POINT('Ctrl Pts',(-22.1000000004231,54.3573943972038,134.));
#5768=CARTESIAN_POINT('',(-55.,-2.14622680169081E-15,140.));
#5769=CARTESIAN_POINT('Ctrl Pts',(-20.5000000000805,54.4692490156354,134.));
#5770=CARTESIAN_POINT('Ctrl Pts',(-20.5000000000805,54.4692490156354,146.));
#5771=CARTESIAN_POINT('Ctrl Pts',(-21.3164409142055,54.4161139015809,134.));
#5772=CARTESIAN_POINT('Ctrl Pts',(-21.3164409142055,54.4161139015809,146.));
#5773=CARTESIAN_POINT('Ctrl Pts',(-22.1,54.3573943972355,134.));
#5774=CARTESIAN_POINT('Ctrl Pts',(-22.1,54.3573943972355,146.));
#5775=CARTESIAN_POINT('',(-20.5,54.4692490156407,134.));
#5776=CARTESIAN_POINT('',(-20.5,54.4692490156407,140.));
#5777=CARTESIAN_POINT('Ctrl Pts',(-22.1,54.3573943972355,134.));
#5778=CARTESIAN_POINT('Ctrl Pts',(-21.3164409142055,54.4161139015809,134.));
#5779=CARTESIAN_POINT('Ctrl Pts',(-20.5000000000805,54.4692490156354,134.));
#5780=CARTESIAN_POINT('Ctrl Pts',(3.33066907387547E-15,55.,115.9));
#5781=CARTESIAN_POINT('Ctrl Pts',(3.33066907387547E-15,55.,149.62));
#5782=CARTESIAN_POINT('Ctrl Pts',(-12.3448124830991,55.,115.9));
#5783=CARTESIAN_POINT('Ctrl Pts',(-12.3448124830991,55.,149.62));
#5784=CARTESIAN_POINT('Ctrl Pts',(-20.5,54.4692490156406,115.9));
#5785=CARTESIAN_POINT('Ctrl Pts',(-20.5,54.4692490156406,149.62));
#5786=CARTESIAN_POINT('',(4.44089209850063E-15,55.,115.9));
#5787=CARTESIAN_POINT('',(3.33066907387547E-15,55.,140.));
#5788=CARTESIAN_POINT('',(-20.5,54.4692490156407,115.9));
#5789=CARTESIAN_POINT('Ctrl Pts',(-20.5,54.4692490156406,115.9));
#5790=CARTESIAN_POINT('Ctrl Pts',(-12.3448124830991,55.,115.9));
#5791=CARTESIAN_POINT('Ctrl Pts',(3.33066907387547E-15,55.,115.9));
#5792=CARTESIAN_POINT('',(-20.5,54.4692490156407,134.));
#5793=CARTESIAN_POINT('Ctrl Pts',(20.5,54.4692490156407,115.9));
#5794=CARTESIAN_POINT('Ctrl Pts',(20.5,54.4692490156407,149.62));
#5795=CARTESIAN_POINT('Ctrl Pts',(12.3448124830991,55.,115.9));
#5796=CARTESIAN_POINT('Ctrl Pts',(12.3448124830991,55.,149.62));
#5797=CARTESIAN_POINT('Ctrl Pts',(0.,55.,115.9));
#5798=CARTESIAN_POINT('Ctrl Pts',(0.,55.,149.62));
#5799=CARTESIAN_POINT('',(20.5,54.4692490156409,134.));
#5800=CARTESIAN_POINT('',(20.5,54.4692490156409,140.));
#5801=CARTESIAN_POINT('',(20.5,54.4692490156409,115.9));
#5802=CARTESIAN_POINT('',(20.5,54.4692490156409,134.));
#5803=CARTESIAN_POINT('Ctrl Pts',(0.,55.,115.9));
#5804=CARTESIAN_POINT('Ctrl Pts',(12.3448124830991,55.,115.9));
#5805=CARTESIAN_POINT('Ctrl Pts',(20.5,54.4692490156407,115.9));
#5806=CARTESIAN_POINT('Origin',(-24.,-41.569219381653,134.));
#5807=CARTESIAN_POINT('',(-18.9623925299546,-38.31,128.));
#5808=CARTESIAN_POINT('',(-29.0376074700454,-38.31,128.));
#5809=CARTESIAN_POINT('Origin',(-24.,-41.569219381653,128.));
#5810=CARTESIAN_POINT('',(-29.0376074700454,-38.31,134.));
#5811=CARTESIAN_POINT('',(-29.0376074700454,-38.31,134.));
#5812=CARTESIAN_POINT('',(-18.9623925299546,-38.31,134.));
#5813=CARTESIAN_POINT('Origin',(-24.,-41.569219381653,134.));
#5814=CARTESIAN_POINT('',(-18.9623925299546,-38.31,134.));
#5815=CARTESIAN_POINT('Origin',(-37.3,-38.31,134.));
#5816=CARTESIAN_POINT('',(37.3,-38.31,134.));
#5817=CARTESIAN_POINT('',(-18.65,-38.31,134.));
#5818=CARTESIAN_POINT('',(37.3,-38.31,130.966479394838));
#5819=CARTESIAN_POINT('',(37.3,-38.31,134.));
#5820=CARTESIAN_POINT('',(35.3,-38.31,128.));
#5821=CARTESIAN_POINT('Origin',(38.5,-38.31,128.));
#5822=CARTESIAN_POINT('',(37.3,-38.31,128.));
#5823=CARTESIAN_POINT('Origin',(0.,0.,134.));
#5824=CARTESIAN_POINT('',(20.5,52.6664700687554,134.));
#5825=CARTESIAN_POINT('',(20.5,27.2346245078205,134.));
#5826=CARTESIAN_POINT('',(22.1,54.3573943972355,134.));
#5827=CARTESIAN_POINT('Ctrl Pts',(20.5000000000805,54.4692490156354,134.));
#5828=CARTESIAN_POINT('Ctrl Pts',(21.3164409142055,54.4161139015809,134.));
#5829=CARTESIAN_POINT('Ctrl Pts',(22.1,54.3573943972355,134.));
#5830=CARTESIAN_POINT('',(55.,-1.33226762955019E-14,134.));
#5831=CARTESIAN_POINT('Ctrl Pts',(22.1,54.3573943972355,134.));
#5832=CARTESIAN_POINT('Ctrl Pts',(55.,51.89188576108,134.));
#5833=CARTESIAN_POINT('Ctrl Pts',(55.,8.88178419700125E-15,134.));
#5834=CARTESIAN_POINT('',(0.,-55.,134.));
#5835=CARTESIAN_POINT('Ctrl Pts',(55.,-1.22124532708767E-14,134.));
#5836=CARTESIAN_POINT('Ctrl Pts',(55.,-55.,134.));
#5837=CARTESIAN_POINT('Ctrl Pts',(-3.33066907387547E-15,-55.,134.));
#5838=CARTESIAN_POINT('Ctrl Pts',(-6.73555739531044E-15,-55.,134.));
#5839=CARTESIAN_POINT('Ctrl Pts',(-55.,-55.,134.));
#5840=CARTESIAN_POINT('Ctrl Pts',(-55.,-2.14622680169081E-15,134.));
#5841=CARTESIAN_POINT('',(-20.5,52.6658301615899,134.));
#5842=CARTESIAN_POINT('',(-20.5,26.3329150807949,134.));
#5843=CARTESIAN_POINT('',(-22.1,52.5524520180254,134.));
#5844=CARTESIAN_POINT('Ctrl Pts',(-20.5,52.6658301615899,134.));
#5845=CARTESIAN_POINT('Ctrl Pts',(-21.0505396663822,52.6295524659503,134.));
#5846=CARTESIAN_POINT('Ctrl Pts',(-21.5832452976922,52.5917330200264,134.));
#5847=CARTESIAN_POINT('Ctrl Pts',(-22.0999999999999,52.5524520180254,134.));
#5848=CARTESIAN_POINT('',(-22.1,49.7441639669387,134.));
#5849=CARTESIAN_POINT('',(-22.0999999999999,24.8720819834694,134.));
#5850=CARTESIAN_POINT('',(-20.5,49.8595895441644,134.));
#5851=CARTESIAN_POINT('Ctrl Pts',(-22.1,49.7441639669387,134.));
#5852=CARTESIAN_POINT('Ctrl Pts',(-21.584067281701,49.7841166971432,134.));
#5853=CARTESIAN_POINT('Ctrl Pts',(-21.0514267741674,49.822624619323,134.));
#5854=CARTESIAN_POINT('Ctrl Pts',(-20.5000000000152,49.8595895441634,134.));
#5855=CARTESIAN_POINT('',(3.77832583827132E-16,50.4,134.));
#5856=CARTESIAN_POINT('Ctrl Pts',(-20.5,49.8595895441644,134.));
#5857=CARTESIAN_POINT('Ctrl Pts',(-18.1517671486098,50.017003465519,134.));
#5858=CARTESIAN_POINT('Ctrl Pts',(-15.4628539334782,50.1464358349487,134.));
#5859=CARTESIAN_POINT('Ctrl Pts',(-8.88079026479335,50.3401115739858,134.));
#5860=CARTESIAN_POINT('Ctrl Pts',(-4.92726516967074,50.4,134.));
#5861=CARTESIAN_POINT('Ctrl Pts',(2.19717132239407E-15,50.4,134.));
#5862=CARTESIAN_POINT('',(20.5,49.8602819139873,134.));
#5863=CARTESIAN_POINT('Ctrl Pts',(0.,50.4,134.));
#5864=CARTESIAN_POINT('Ctrl Pts',(5.78608588787028,50.4,134.));
#5865=CARTESIAN_POINT('Ctrl Pts',(10.2409087330174,50.3179919605453,134.));
#5866=CARTESIAN_POINT('Ctrl Pts',(16.4411201325509,50.0973971466148,134.));
#5867=CARTESIAN_POINT('Ctrl Pts',(18.5856113943168,49.9882089623896,134.));
#5868=CARTESIAN_POINT('Ctrl Pts',(20.5,49.8602819139873,134.));
#5869=CARTESIAN_POINT('',(22.1,49.7450547741709,134.));
#5870=CARTESIAN_POINT('Ctrl Pts',(20.5000000000103,49.8602819139866,134.));
#5871=CARTESIAN_POINT('Ctrl Pts',(21.0518817638407,49.8234029830818,134.));
#5872=CARTESIAN_POINT('Ctrl Pts',(21.5846406380783,49.7849667419014,134.));
#5873=CARTESIAN_POINT('Ctrl Pts',(22.1,49.7450547741708,134.));
#5874=CARTESIAN_POINT('',(22.1,52.5533242898315,134.));
#5875=CARTESIAN_POINT('',(22.1000000000001,26.2766621449158,134.));
#5876=CARTESIAN_POINT('Ctrl Pts',(22.1,52.5533242898315,134.));
#5877=CARTESIAN_POINT('Ctrl Pts',(21.5836469889025,52.5925471639074,134.));
#5878=CARTESIAN_POINT('Ctrl Pts',(21.0508490431384,52.6302843975141,134.));
#5879=CARTESIAN_POINT('Ctrl Pts',(20.5000000000041,52.6664700687551,134.));
#5880=CARTESIAN_POINT('',(-46.6533624358945,-31.5467039993075,134.));
#5881=CARTESIAN_POINT('Origin',(-45.0533624358945,-31.5467039993075,134.));
#5882=CARTESIAN_POINT('',(38.,6.00000000000001,134.));
#5883=CARTESIAN_POINT('',(29.34,6.,134.));
#5884=CARTESIAN_POINT('',(28.,6.,134.));
#5885=CARTESIAN_POINT('',(29.34,-6.,134.));
#5886=CARTESIAN_POINT('',(29.34,-6.,134.));
#5887=CARTESIAN_POINT('',(38.,-6.,134.));
#5888=CARTESIAN_POINT('',(38.,-6.,134.));
#5889=CARTESIAN_POINT('',(38.,6.,134.));
#5890=CARTESIAN_POINT('',(43.4533624358946,31.5467039993075,134.));
#5891=CARTESIAN_POINT('Origin',(45.0533624358946,31.5467039993075,134.));
#5892=CARTESIAN_POINT('',(43.4533624358945,-31.5467039993075,134.));
#5893=CARTESIAN_POINT('Origin',(45.0533624358945,-31.5467039993075,134.));
#5894=CARTESIAN_POINT('',(-46.6533624358945,31.5467039993075,134.));
#5895=CARTESIAN_POINT('Origin',(-45.0533624358945,31.5467039993075,134.));
#5896=CARTESIAN_POINT('',(-37.5,-33.0718913883074,134.));
#5897=CARTESIAN_POINT('',(-44.5489036242967,22.7023167512288,134.));
#5898=CARTESIAN_POINT('Origin',(0.,0.,134.));
#5899=CARTESIAN_POINT('',(-41.9352348434735,27.2293238737712,134.));
#5900=CARTESIAN_POINT('Origin',(-41.569219381653,24.,134.));
#5901=CARTESIAN_POINT('',(-20.5,45.6042761152943,134.));
#5902=CARTESIAN_POINT('Origin',(0.,0.,134.));
#5903=CARTESIAN_POINT('',(-20.5,47.353035805532,134.));
#5904=CARTESIAN_POINT('',(-20.5,23.676517902766,134.));
#5905=CARTESIAN_POINT('',(-37.5,-35.4444636015274,134.));
#5906=CARTESIAN_POINT('Origin',(0.,0.,134.));
#5907=CARTESIAN_POINT('',(-37.5,-16.5359456941537,134.));
#5908=CARTESIAN_POINT('',(20.5,45.6042761152943,134.));
#5909=CARTESIAN_POINT('',(22.7023167512289,44.5489036242967,134.));
#5910=CARTESIAN_POINT('Origin',(0.,0.,134.));
#5911=CARTESIAN_POINT('',(20.75,41.569219381653,134.));
#5912=CARTESIAN_POINT('Origin',(24.,41.569219381653,134.));
#5913=CARTESIAN_POINT('',(27.2293238737712,41.9352348434735,134.));
#5914=CARTESIAN_POINT('Origin',(24.,41.569219381653,134.));
#5915=CARTESIAN_POINT('',(44.5489036242967,-22.7023167512288,134.));
#5916=CARTESIAN_POINT('Origin',(0.,0.,134.));
#5917=CARTESIAN_POINT('',(38.319219381653,-24.,134.));
#5918=CARTESIAN_POINT('Origin',(41.569219381653,-24.,134.));
#5919=CARTESIAN_POINT('',(41.9352348434735,-27.2293238737712,134.));
#5920=CARTESIAN_POINT('Origin',(41.569219381653,-24.,134.));
#5921=CARTESIAN_POINT('',(37.5,-33.0718913883074,134.));
#5922=CARTESIAN_POINT('Origin',(0.,0.,134.));
#5923=CARTESIAN_POINT('',(37.5,-35.4444636015274,134.));
#5924=CARTESIAN_POINT('',(37.5,-17.7222318007637,134.));
#5925=CARTESIAN_POINT('',(20.5,47.353035805532,134.));
#5926=CARTESIAN_POINT('Origin',(0.,0.,134.));
#5927=CARTESIAN_POINT('',(20.5,22.8021380576471,134.));
#5928=CARTESIAN_POINT('',(-37.3,-38.31,134.));
#5929=CARTESIAN_POINT('',(-18.65,-38.31,134.));
#5930=CARTESIAN_POINT('',(-37.3,-41.5,134.));
#5931=CARTESIAN_POINT('',(-37.3000000000001,-20.7500000000001,134.));
#5932=CARTESIAN_POINT('',(18.65,-41.5,134.));
#5933=CARTESIAN_POINT('',(37.3,-41.5,134.));
#5934=CARTESIAN_POINT('',(18.65,-41.5,134.));
#5935=CARTESIAN_POINT('',(37.2999999999998,-19.1549999999999,134.));
#5936=CARTESIAN_POINT('Origin',(37.3,-41.5,134.));
#5937=CARTESIAN_POINT('',(37.3,-41.5,131.8));
#5938=CARTESIAN_POINT('',(4.44089209850063E-15,-41.5,131.8));
#5939=CARTESIAN_POINT('',(37.3,-41.5,134.));
#5940=CARTESIAN_POINT('Origin',(-37.3,-41.5,131.8));
#5941=CARTESIAN_POINT('',(36.5,-42.3,131.));
#5942=CARTESIAN_POINT('',(4.44089209850063E-15,-42.3,131.));
#5943=CARTESIAN_POINT('',(24.8666666666667,-53.9333333333334,119.366666666667));
#5944=CARTESIAN_POINT('Origin',(37.3,-41.5,130.2));
#5945=CARTESIAN_POINT('',(36.1762099922756,-41.5,130.2));
#5946=CARTESIAN_POINT('',(37.3,-41.5,130.2));
#5947=CARTESIAN_POINT('',(36.7931923509286,-42.0068076490714,130.706807649071));
#5948=CARTESIAN_POINT('Origin',(38.5,-39.3,128.));
#5949=CARTESIAN_POINT('',(37.0333333333333,-41.7666666666667,130.466666666667));
#5950=CARTESIAN_POINT('Origin',(37.3,-41.5,134.));
#5951=CARTESIAN_POINT('',(35.3,-41.5,128.));
#5952=CARTESIAN_POINT('',(-37.3,-41.5,128.));
#5953=CARTESIAN_POINT('Origin',(38.5,-41.5,128.));
#5954=CARTESIAN_POINT('Origin',(-38.5,-41.5,128.));
#5955=CARTESIAN_POINT('',(-35.3,-38.31,128.));
#5956=CARTESIAN_POINT('',(-37.3,-38.31,130.966479394838));
#5957=CARTESIAN_POINT('Origin',(-38.5,-38.31,128.));
#5958=CARTESIAN_POINT('',(-35.3,-41.5,128.));
#5959=CARTESIAN_POINT('',(-35.3,-41.5,128.));
#5960=CARTESIAN_POINT('',(-36.1762099922756,-41.5,130.2));
#5961=CARTESIAN_POINT('Origin',(-38.5,-41.5,128.));
#5962=CARTESIAN_POINT('',(-36.7931923509286,-42.0068076490714,130.706807649071));
#5963=CARTESIAN_POINT('Origin',(-38.5,-39.3,128.));
#5964=CARTESIAN_POINT('',(-37.3,-41.5,130.966479394838));
#5965=CARTESIAN_POINT('Origin',(-38.5,-40.3,128.));
#5966=CARTESIAN_POINT('',(-37.3,-41.5,130.966479394838));
#5967=CARTESIAN_POINT('Origin',(38.5,-41.5,128.));
#5968=CARTESIAN_POINT('',(37.3,-41.5,130.966479394838));
#5969=CARTESIAN_POINT('Origin',(38.5,-40.3,128.));
#5970=CARTESIAN_POINT('',(35.3,-41.5,128.));
#5971=CARTESIAN_POINT('',(37.3,-41.5,130.966479394838));
#5972=CARTESIAN_POINT('Origin',(-8.88178419700125E-15,-39.905,128.));
#5973=CARTESIAN_POINT('',(-37.3,-41.5,128.));
#5974=CARTESIAN_POINT('',(37.3,-38.31,128.));
#5975=CARTESIAN_POINT('Origin',(37.3,-41.5,134.));
#5976=CARTESIAN_POINT('',(37.3,-41.5,130.2));
#5977=CARTESIAN_POINT('Origin',(37.3,-41.5,130.2));
#5978=CARTESIAN_POINT('',(-27.1667743348474,-42.3,131.));
#5979=CARTESIAN_POINT('Origin',(-24.,-41.569219381653,130.269219381653));
#5980=CARTESIAN_POINT('',(-36.5,-42.3,131.));
#5981=CARTESIAN_POINT('',(4.44089209850063E-15,-42.3,131.));
#5982=CARTESIAN_POINT('',(-24.8666666666667,-53.9333333333334,142.633333333333));
#5983=CARTESIAN_POINT('Origin',(37.3,-41.5,131.8));
#5984=CARTESIAN_POINT('',(37.3,-41.5,134.));
#5985=CARTESIAN_POINT('Origin',(-37.3,-41.5,130.2));
#5986=CARTESIAN_POINT('',(-37.3,-41.5,131.8));
#5987=CARTESIAN_POINT('',(-37.0333333333333,-41.7666666666667,131.533333333333));
#5988=CARTESIAN_POINT('',(-37.3,-41.5,134.));
#5989=CARTESIAN_POINT('Origin',(-37.3,-41.5,131.8));
#5990=CARTESIAN_POINT('Origin',(-24.,-41.569219381653,131.730780618347));
#5991=CARTESIAN_POINT('',(4.44089209850063E-15,-41.5,131.8));
#5992=CARTESIAN_POINT('Origin',(37.3,-41.5,134.));
#5993=CARTESIAN_POINT('',(-37.3,-41.5,134.));
#5994=CARTESIAN_POINT('Origin',(37.3,-38.31,134.));
#5995=CARTESIAN_POINT('Origin',(-37.3,-38.31,134.));
#5996=CARTESIAN_POINT('',(-37.3,-38.31,134.));
#5997=CARTESIAN_POINT('Origin',(-37.3,-41.5,134.));
#5998=CARTESIAN_POINT('Ctrl Pts',(22.1,49.7450547741708,115.9));
#5999=CARTESIAN_POINT('Ctrl Pts',(22.1,49.7450547741708,113.98));
#6000=CARTESIAN_POINT('Ctrl Pts',(19.1253250274069,49.9754282577773,115.9));
#6001=CARTESIAN_POINT('Ctrl Pts',(19.1253250274069,49.9754282577773,113.98));
#6002=CARTESIAN_POINT('Ctrl Pts',(16.0012121679538,50.1210666946455,115.9));
#6003=CARTESIAN_POINT('Ctrl Pts',(16.0012121679538,50.1210666946455,113.98));
#6004=CARTESIAN_POINT('Ctrl Pts',(8.73946433786243,50.3557798360181,115.9));
#6005=CARTESIAN_POINT('Ctrl Pts',(8.73946433786243,50.3557798360181,113.98));
#6006=CARTESIAN_POINT('Ctrl Pts',(4.24880535339802,50.4,115.9));
#6007=CARTESIAN_POINT('Ctrl Pts',(4.24880535339802,50.4,113.98));
#6008=CARTESIAN_POINT('Ctrl Pts',(0.,50.4,115.9));
#6009=CARTESIAN_POINT('Ctrl Pts',(0.,50.4,113.98));
#6010=CARTESIAN_POINT('',(20.5000000000034,49.8602819139871,115.9));
#6011=CARTESIAN_POINT('',(0.,50.4,115.9));
#6012=CARTESIAN_POINT('Ctrl Pts',(20.5,49.8602819139873,115.9));
#6013=CARTESIAN_POINT('Ctrl Pts',(18.5856113943168,49.9882089623896,115.9));
#6014=CARTESIAN_POINT('Ctrl Pts',(16.4411201325509,50.0973971466148,115.9));
#6015=CARTESIAN_POINT('Ctrl Pts',(10.2409087330174,50.3179919605453,115.9));
#6016=CARTESIAN_POINT('Ctrl Pts',(5.78608588787028,50.4,115.9));
#6017=CARTESIAN_POINT('Ctrl Pts',(3.77832583827132E-16,50.4,115.9));
#6018=CARTESIAN_POINT('',(0.,50.4,114.3));
#6019=CARTESIAN_POINT('',(3.77832583827132E-16,50.4,115.9));
#6020=CARTESIAN_POINT('',(22.1,49.7450547741709,114.3));
#6021=CARTESIAN_POINT('Ctrl Pts',(22.1,49.7450547741708,114.3));
#6022=CARTESIAN_POINT('Ctrl Pts',(19.1253250274069,49.9754282577773,114.3));
#6023=CARTESIAN_POINT('Ctrl Pts',(16.0012121679538,50.1210666946455,114.3));
#6024=CARTESIAN_POINT('Ctrl Pts',(8.73946433786243,50.3557798360181,114.3));
#6025=CARTESIAN_POINT('Ctrl Pts',(4.24880535339802,50.4,114.3));
#6026=CARTESIAN_POINT('Ctrl Pts',(0.,50.4,114.3));
#6027=CARTESIAN_POINT('',(22.1,49.7450547741709,115.9));
#6028=CARTESIAN_POINT('',(22.1,49.7450547741709,115.9));
#6029=CARTESIAN_POINT('Ctrl Pts',(22.1,49.7450547741708,115.9));
#6030=CARTESIAN_POINT('Ctrl Pts',(21.5846406380783,49.7849667419014,115.9));
#6031=CARTESIAN_POINT('Ctrl Pts',(21.0518817638407,49.8234029830818,115.9));
#6032=CARTESIAN_POINT('Ctrl Pts',(20.5000000000103,49.8602819139866,115.9));
#6033=CARTESIAN_POINT('Ctrl Pts',(-1.11022302462516E-15,53.2,115.9));
#6034=CARTESIAN_POINT('Ctrl Pts',(-1.11022302462516E-15,53.2,113.98));
#6035=CARTESIAN_POINT('Ctrl Pts',(4.23440050278722,53.2,115.9));
#6036=CARTESIAN_POINT('Ctrl Pts',(4.23440050278722,53.2,113.98));
#6037=CARTESIAN_POINT('Ctrl Pts',(8.69838472778447,53.1563001102133,115.9));
#6038=CARTESIAN_POINT('Ctrl Pts',(8.69838472778447,53.1563001102133,113.98));
#6039=CARTESIAN_POINT('Ctrl Pts',(15.9569973700537,52.9254388707401,115.9));
#6040=CARTESIAN_POINT('Ctrl Pts',(15.9569973700537,52.9254388707401,113.98));
#6041=CARTESIAN_POINT('Ctrl Pts',(19.1033041171392,52.7809573678438,115.9));
#6042=CARTESIAN_POINT('Ctrl Pts',(19.1033041171392,52.7809573678438,113.98));
#6043=CARTESIAN_POINT('Ctrl Pts',(22.1,52.5533242898315,115.9));
#6044=CARTESIAN_POINT('Ctrl Pts',(22.1,52.5533242898315,113.98));
#6045=CARTESIAN_POINT('',(20.5000041463243,52.6664697624301,115.9));
#6046=CARTESIAN_POINT('',(22.1,52.5533242898315,115.9));
#6047=CARTESIAN_POINT('Ctrl Pts',(20.5000041496436,52.6664697961622,115.9));
#6048=CARTESIAN_POINT('Ctrl Pts',(21.0508517189102,52.6302842079934,115.9));
#6049=CARTESIAN_POINT('Ctrl Pts',(21.5836482854943,52.5925470654165,115.9));
#6050=CARTESIAN_POINT('Ctrl Pts',(22.1,52.5533242898315,115.9));
#6051=CARTESIAN_POINT('',(22.1,52.5533242898315,114.3));
#6052=CARTESIAN_POINT('',(22.1,52.5533242898315,115.9));
#6053=CARTESIAN_POINT('',(0.,53.2,114.3));
#6054=CARTESIAN_POINT('Ctrl Pts',(-1.11022302462516E-15,53.2,114.3));
#6055=CARTESIAN_POINT('Ctrl Pts',(4.23440050278722,53.2,114.3));
#6056=CARTESIAN_POINT('Ctrl Pts',(8.69838472778447,53.1563001102133,114.3));
#6057=CARTESIAN_POINT('Ctrl Pts',(15.9569973700537,52.9254388707401,114.3));
#6058=CARTESIAN_POINT('Ctrl Pts',(19.1033041171392,52.7809573678438,114.3));
#6059=CARTESIAN_POINT('Ctrl Pts',(22.1,52.5533242898315,114.3));
#6060=CARTESIAN_POINT('',(1.47847532801921E-16,53.2,115.9));
#6061=CARTESIAN_POINT('',(1.47847532801921E-16,53.2,115.9));
#6062=CARTESIAN_POINT('Ctrl Pts',(20.4999916550505,52.6663428213045,115.9));
#6063=CARTESIAN_POINT('Ctrl Pts',(17.9982620899851,52.8304074579618,115.9));
#6064=CARTESIAN_POINT('Ctrl Pts',(15.4378074019142,52.9419517838095,115.9));
#6065=CARTESIAN_POINT('Ctrl Pts',(8.69838472778446,53.1563001102133,115.9));
#6066=CARTESIAN_POINT('Ctrl Pts',(4.23440050278722,53.2,115.9));
#6067=CARTESIAN_POINT('Ctrl Pts',(-1.11022302462516E-15,53.2,115.9));
#6068=CARTESIAN_POINT('Ctrl Pts',(-22.0999999999999,52.5524520180254,115.9));
#6069=CARTESIAN_POINT('Ctrl Pts',(-22.0999999999999,52.5524520180254,113.98));
#6070=CARTESIAN_POINT('Ctrl Pts',(-19.0939857995977,52.7809535668139,115.9));
#6071=CARTESIAN_POINT('Ctrl Pts',(-19.0939857995977,52.7809535668139,113.98));
#6072=CARTESIAN_POINT('Ctrl Pts',(-15.9995894306013,52.9243775876869,115.9));
#6073=CARTESIAN_POINT('Ctrl Pts',(-15.9995894306013,52.9243775876869,113.98));
#6074=CARTESIAN_POINT('Ctrl Pts',(-8.71472835910084,53.1551850586069,115.9));
#6075=CARTESIAN_POINT('Ctrl Pts',(-8.71472835910084,53.1551850586069,113.98));
#6076=CARTESIAN_POINT('Ctrl Pts',(-4.27641715124409,53.2,115.9));
#6077=CARTESIAN_POINT('Ctrl Pts',(-4.27641715124409,53.2,113.98));
#6078=CARTESIAN_POINT('Ctrl Pts',(4.9960036108132E-15,53.2,115.9));
#6079=CARTESIAN_POINT('Ctrl Pts',(4.9960036108132E-15,53.2,113.98));
#6080=CARTESIAN_POINT('',(-20.5000019978388,52.6658300136605,115.9));
#6081=CARTESIAN_POINT('Ctrl Pts',(2.22044604925031E-15,53.2,115.9));
#6082=CARTESIAN_POINT('Ctrl Pts',(-4.27641715124409,53.2,115.9));
#6083=CARTESIAN_POINT('Ctrl Pts',(-8.71472835910084,53.1551850586069,115.9));
#6084=CARTESIAN_POINT('Ctrl Pts',(-15.4735826823487,52.9410431474085,115.9));
#6085=CARTESIAN_POINT('Ctrl Pts',(-18.0044880645975,52.8300887065184,115.9));
#6086=CARTESIAN_POINT('Ctrl Pts',(-20.4999959438639,52.6657685615986,115.9));
#6087=CARTESIAN_POINT('',(-22.1,52.5524520180254,114.3));
#6088=CARTESIAN_POINT('Ctrl Pts',(-22.0999999999999,52.5524520180254,114.3));
#6089=CARTESIAN_POINT('Ctrl Pts',(-19.0939857995977,52.7809535668139,114.3));
#6090=CARTESIAN_POINT('Ctrl Pts',(-15.9995894306013,52.9243775876869,114.3));
#6091=CARTESIAN_POINT('Ctrl Pts',(-8.71472835910084,53.1551850586069,114.3));
#6092=CARTESIAN_POINT('Ctrl Pts',(-4.27641715124409,53.2,114.3));
#6093=CARTESIAN_POINT('Ctrl Pts',(2.22044604925031E-15,53.2,114.3));
#6094=CARTESIAN_POINT('',(-22.1,52.5524520180254,115.9));
#6095=CARTESIAN_POINT('',(-22.1,52.5524520180254,115.9));
#6096=CARTESIAN_POINT('Ctrl Pts',(-22.0999999999999,52.5524520180254,115.9));
#6097=CARTESIAN_POINT('Ctrl Pts',(-21.58324592327,52.5917329724732,115.9));
#6098=CARTESIAN_POINT('Ctrl Pts',(-21.0505409561579,52.6295523743827,115.9));
#6099=CARTESIAN_POINT('Ctrl Pts',(-20.5000019994325,52.6658300298377,115.9));
#6100=CARTESIAN_POINT('Ctrl Pts',(-3.33066907387547E-15,50.4,115.9));
#6101=CARTESIAN_POINT('Ctrl Pts',(-3.33066907387547E-15,50.4,113.98));
#6102=CARTESIAN_POINT('Ctrl Pts',(-4.31463326236084,50.4,115.9));
#6103=CARTESIAN_POINT('Ctrl Pts',(-4.31463326236084,50.4,113.98));
#6104=CARTESIAN_POINT('Ctrl Pts',(-8.7716085204328,50.3540782105466,115.9));
#6105=CARTESIAN_POINT('Ctrl Pts',(-8.7716085204328,50.3540782105466,113.98));
#6106=CARTESIAN_POINT('Ctrl Pts',(-16.039149135711,50.1202446173601,115.9));
#6107=CARTESIAN_POINT('Ctrl Pts',(-16.039149135711,50.1202446173601,113.98));
#6108=CARTESIAN_POINT('Ctrl Pts',(-19.1127829335421,49.975487690528,115.9));
#6109=CARTESIAN_POINT('Ctrl Pts',(-19.1127829335421,49.975487690528,113.98));
#6110=CARTESIAN_POINT('Ctrl Pts',(-22.1,49.7441639669387,115.9));
#6111=CARTESIAN_POINT('Ctrl Pts',(-22.1,49.7441639669387,113.98));
#6112=CARTESIAN_POINT('',(-20.5000000000051,49.8595895441641,115.9));
#6113=CARTESIAN_POINT('',(-22.1,49.7441639669387,115.9));
#6114=CARTESIAN_POINT('Ctrl Pts',(-20.5000000000152,49.8595895441634,115.9));
#6115=CARTESIAN_POINT('Ctrl Pts',(-21.0514267741674,49.822624619323,115.9));
#6116=CARTESIAN_POINT('Ctrl Pts',(-21.584067281701,49.7841166971432,115.9));
#6117=CARTESIAN_POINT('Ctrl Pts',(-22.1,49.7441639669387,115.9));
#6118=CARTESIAN_POINT('',(-22.1,49.7441639669387,114.3));
#6119=CARTESIAN_POINT('',(-22.1,49.7441639669387,115.9));
#6120=CARTESIAN_POINT('Ctrl Pts',(-3.33066907387547E-15,50.4,114.3));
#6121=CARTESIAN_POINT('Ctrl Pts',(-4.31463326236084,50.4,114.3));
#6122=CARTESIAN_POINT('Ctrl Pts',(-8.7716085204328,50.3540782105466,114.3));
#6123=CARTESIAN_POINT('Ctrl Pts',(-16.039149135711,50.1202446173601,114.3));
#6124=CARTESIAN_POINT('Ctrl Pts',(-19.1127829335421,49.975487690528,114.3));
#6125=CARTESIAN_POINT('Ctrl Pts',(-22.1,49.7441639669387,114.3));
#6126=CARTESIAN_POINT('Ctrl Pts',(2.19717132239407E-15,50.4,115.9));
#6127=CARTESIAN_POINT('Ctrl Pts',(-4.92726516967074,50.4,115.9));
#6128=CARTESIAN_POINT('Ctrl Pts',(-8.88079026479335,50.3401115739858,115.9));
#6129=CARTESIAN_POINT('Ctrl Pts',(-15.4628539334782,50.1464358349487,115.9));
#6130=CARTESIAN_POINT('Ctrl Pts',(-18.1517671486098,50.017003465519,115.9));
#6131=CARTESIAN_POINT('Ctrl Pts',(-20.5,49.8595895441644,115.9));
#6132=CARTESIAN_POINT('Origin',(1.11022302462516E-14,51.4720819834693,114.3));
#6133=CARTESIAN_POINT('',(-22.1,50.608122975204,114.3));
#6134=CARTESIAN_POINT('',(22.1,52.0127031366505,114.3));
#6135=CARTESIAN_POINT('Origin',(1.33226762955019E-14,52.3720819834693,115.9));
#6136=CARTESIAN_POINT('',(-20.5,49.8595895441644,115.9));
#6137=CARTESIAN_POINT('',(20.5,54.4692490156409,115.9));
#6138=CARTESIAN_POINT('Ctrl Pts',(20.5000000000041,52.6664700687551,136.));
#6139=CARTESIAN_POINT('Ctrl Pts',(20.5000000000041,52.6664700687551,111.88));
#6140=CARTESIAN_POINT('Ctrl Pts',(21.0508490431384,52.6302843975141,136.));
#6141=CARTESIAN_POINT('Ctrl Pts',(21.0508490431384,52.6302843975141,111.88));
#6142=CARTESIAN_POINT('Ctrl Pts',(21.5836469889025,52.5925471639074,136.));
#6143=CARTESIAN_POINT('Ctrl Pts',(21.5836469889025,52.5925471639074,111.88));
#6144=CARTESIAN_POINT('Ctrl Pts',(22.1,52.5533242898315,136.));
#6145=CARTESIAN_POINT('Ctrl Pts',(22.1,52.5533242898315,111.88));
#6146=CARTESIAN_POINT('',(22.1,52.5533242898315,134.));
#6147=CARTESIAN_POINT('',(20.5,52.6664700687554,134.));
#6148=CARTESIAN_POINT('Origin',(22.1,52.5533242898315,134.));
#6149=CARTESIAN_POINT('',(22.1,49.7450547741709,134.));
#6150=CARTESIAN_POINT('Ctrl Pts',(22.1,49.7450547741708,136.));
#6151=CARTESIAN_POINT('Ctrl Pts',(22.1,49.7450547741708,111.88));
#6152=CARTESIAN_POINT('Ctrl Pts',(21.5846406380783,49.7849667419014,136.));
#6153=CARTESIAN_POINT('Ctrl Pts',(21.5846406380783,49.7849667419014,111.88));
#6154=CARTESIAN_POINT('Ctrl Pts',(21.0518817638407,49.8234029830818,136.));
#6155=CARTESIAN_POINT('Ctrl Pts',(21.0518817638407,49.8234029830818,111.88));
#6156=CARTESIAN_POINT('Ctrl Pts',(20.5000000000103,49.8602819139866,136.));
#6157=CARTESIAN_POINT('Ctrl Pts',(20.5000000000103,49.8602819139866,111.88));
#6158=CARTESIAN_POINT('',(20.5,49.8602819139873,134.));
#6159=CARTESIAN_POINT('Ctrl Pts',(20.5,49.8602819139873,136.));
#6160=CARTESIAN_POINT('Ctrl Pts',(20.5,49.8602819139873,111.88));
#6161=CARTESIAN_POINT('Ctrl Pts',(18.5856113943168,49.9882089623896,136.));
#6162=CARTESIAN_POINT('Ctrl Pts',(18.5856113943168,49.9882089623896,111.88));
#6163=CARTESIAN_POINT('Ctrl Pts',(16.4411201325509,50.0973971466148,136.));
#6164=CARTESIAN_POINT('Ctrl Pts',(16.4411201325509,50.0973971466148,111.88));
#6165=CARTESIAN_POINT('Ctrl Pts',(13.9945924924635,50.184441164111,136.));
#6166=CARTESIAN_POINT('Ctrl Pts',(13.9945924924635,50.184441164111,111.88));
#6167=CARTESIAN_POINT('Ctrl Pts',(10.2409087330174,50.3179919605453,136.));
#6168=CARTESIAN_POINT('Ctrl Pts',(10.2409087330174,50.3179919605453,111.88));
#6169=CARTESIAN_POINT('Ctrl Pts',(5.78608588787028,50.4,136.));
#6170=CARTESIAN_POINT('Ctrl Pts',(5.78608588787028,50.4,111.88));
#6171=CARTESIAN_POINT('Ctrl Pts',(3.77832583827132E-16,50.4,136.));
#6172=CARTESIAN_POINT('Ctrl Pts',(3.77832583827132E-16,50.4,111.88));
#6173=CARTESIAN_POINT('',(3.77832583827132E-16,50.4,134.));
#6174=CARTESIAN_POINT('Ctrl Pts',(2.19717132239407E-15,50.4,136.));
#6175=CARTESIAN_POINT('Ctrl Pts',(2.19717132239407E-15,50.4,111.88));
#6176=CARTESIAN_POINT('Ctrl Pts',(-4.92726516967074,50.4,136.));
#6177=CARTESIAN_POINT('Ctrl Pts',(-4.92726516967074,50.4,111.88));
#6178=CARTESIAN_POINT('Ctrl Pts',(-8.88079026479335,50.3401115739858,136.));
#6179=CARTESIAN_POINT('Ctrl Pts',(-8.88079026479335,50.3401115739858,111.88));
#6180=CARTESIAN_POINT('Ctrl Pts',(-12.2727491942812,50.2403039474541,136.));
#6181=CARTESIAN_POINT('Ctrl Pts',(-12.2727491942812,50.2403039474541,111.88));
#6182=CARTESIAN_POINT('Ctrl Pts',(-15.4628539334782,50.1464358349487,136.));
#6183=CARTESIAN_POINT('Ctrl Pts',(-15.4628539334782,50.1464358349487,111.88));
#6184=CARTESIAN_POINT('Ctrl Pts',(-18.1517671486098,50.017003465519,136.));
#6185=CARTESIAN_POINT('Ctrl Pts',(-18.1517671486098,50.017003465519,111.88));
#6186=CARTESIAN_POINT('Ctrl Pts',(-20.5,49.8595895441644,136.));
#6187=CARTESIAN_POINT('Ctrl Pts',(-20.5,49.8595895441644,111.88));
#6188=CARTESIAN_POINT('',(-20.5,49.8595895441644,134.));
#6189=CARTESIAN_POINT('Ctrl Pts',(-20.5000000000152,49.8595895441634,136.));
#6190=CARTESIAN_POINT('Ctrl Pts',(-20.5000000000152,49.8595895441634,111.88));
#6191=CARTESIAN_POINT('Ctrl Pts',(-21.0514267741674,49.822624619323,136.));
#6192=CARTESIAN_POINT('Ctrl Pts',(-21.0514267741674,49.822624619323,111.88));
#6193=CARTESIAN_POINT('Ctrl Pts',(-21.584067281701,49.7841166971432,136.));
#6194=CARTESIAN_POINT('Ctrl Pts',(-21.584067281701,49.7841166971432,111.88));
#6195=CARTESIAN_POINT('Ctrl Pts',(-22.1,49.7441639669387,136.));
#6196=CARTESIAN_POINT('Ctrl Pts',(-22.1,49.7441639669387,111.88));
#6197=CARTESIAN_POINT('',(-22.1,49.7441639669387,134.));
#6198=CARTESIAN_POINT('Origin',(20.5,54.4692490156409,134.));
#6199=CARTESIAN_POINT('Origin',(-20.5,52.6658301615899,134.));
#6200=CARTESIAN_POINT('',(-20.5,52.6658301615899,134.));
#6201=CARTESIAN_POINT('Ctrl Pts',(-22.0999999999999,52.5524520180254,136.));
#6202=CARTESIAN_POINT('Ctrl Pts',(-22.0999999999999,52.5524520180254,111.88));
#6203=CARTESIAN_POINT('Ctrl Pts',(-21.5832452976922,52.5917330200264,136.));
#6204=CARTESIAN_POINT('Ctrl Pts',(-21.5832452976922,52.5917330200264,111.88));
#6205=CARTESIAN_POINT('Ctrl Pts',(-21.0505396663822,52.6295524659503,136.));
#6206=CARTESIAN_POINT('Ctrl Pts',(-21.0505396663822,52.6295524659503,111.88));
#6207=CARTESIAN_POINT('Ctrl Pts',(-20.5,52.6658301615899,136.));
#6208=CARTESIAN_POINT('Ctrl Pts',(-20.5,52.6658301615899,111.88));
#6209=CARTESIAN_POINT('',(-22.1,52.5524520180254,134.));
#6210=CARTESIAN_POINT('Origin',(-22.1,49.7441639669387,134.));
#6211=CARTESIAN_POINT('Origin',(0.,0.,134.));
#6212=CARTESIAN_POINT('',(26.845860944588,43.1387975046111,134.79));
#6213=CARTESIAN_POINT('',(23.936364055412,44.8185963167833,134.79));
#6214=CARTESIAN_POINT('Ctrl Pts',(26.845860944588,43.1387975046111,134.79));
#6215=CARTESIAN_POINT('Ctrl Pts',(26.7869340466082,43.2456400727468,134.730422818291));
#6216=CARTESIAN_POINT('Ctrl Pts',(26.7209430118156,43.3510030230185,134.675498093957));
#6217=CARTESIAN_POINT('Ctrl Pts',(26.5170185714223,43.6376118020426,134.537781629197));
#6218=CARTESIAN_POINT('Ctrl Pts',(26.363218129446,43.8124740902539,134.467819635168));
#6219=CARTESIAN_POINT('Ctrl Pts',(26.018365795562,44.1271855915386,134.373916998154));
#6220=CARTESIAN_POINT('Ctrl Pts',(25.8272864693297,44.2670117964315,134.35));
#6221=CARTESIAN_POINT('Ctrl Pts',(25.4227135306703,44.5005920914734,134.35));
#6222=CARTESIAN_POINT('Ctrl Pts',(25.2060808220021,44.596158539682,134.373916998154));
#6223=CARTESIAN_POINT('Ctrl Pts',(24.7611065000844,44.7374536707376,134.467819635168));
#6224=CARTESIAN_POINT('Ctrl Pts',(24.5327710953415,44.7832176164967,134.537781629197));
#6225=CARTESIAN_POINT('Ctrl Pts',(24.1825983915623,44.8165169728178,134.675498093957));
#6226=CARTESIAN_POINT('Ctrl Pts',(24.058355882613,44.8209854102344,134.730422818291));
#6227=CARTESIAN_POINT('Ctrl Pts',(23.936364055412,44.8185963167832,134.79));
#6228=CARTESIAN_POINT('',(21.29,46.1344990218817,134.79));
#6229=CARTESIAN_POINT('Origin',(0.,0.,134.79));
#6230=CARTESIAN_POINT('Ctrl Pts',(20.5000000000006,47.3530358055312,134.000000000001));
#6231=CARTESIAN_POINT('Ctrl Pts',(20.9001485155797,46.7437674137064,134.40014851558));
#6232=CARTESIAN_POINT('Ctrl Pts',(21.29,46.1344990218816,134.79));
#6233=CARTESIAN_POINT('',(38.29,-33.3995808356931,134.79));
#6234=CARTESIAN_POINT('Ctrl Pts',(37.4999999999996,-35.4444636015283,134.));
#6235=CARTESIAN_POINT('Ctrl Pts',(37.9067327315561,-34.422022218606,134.406732731556));
#6236=CARTESIAN_POINT('Ctrl Pts',(38.2900000000037,-33.3995808356832,134.790000000004));
#6237=CARTESIAN_POINT('',(43.1387975046111,-26.845860944588,134.79));
#6238=CARTESIAN_POINT('Origin',(0.,0.,134.79));
#6239=CARTESIAN_POINT('',(44.8185963167833,-23.936364055412,134.79));
#6240=CARTESIAN_POINT('Ctrl Pts',(43.1387975046111,-26.845860944588,134.79));
#6241=CARTESIAN_POINT('Ctrl Pts',(43.2456400727468,-26.7869340466082,134.730422818291));
#6242=CARTESIAN_POINT('Ctrl Pts',(43.3510030230185,-26.7209430118156,134.675498093957));
#6243=CARTESIAN_POINT('Ctrl Pts',(43.6376118020426,-26.5170185714223,134.537781629197));
#6244=CARTESIAN_POINT('Ctrl Pts',(43.8124740902539,-26.363218129446,134.467819635168));
#6245=CARTESIAN_POINT('Ctrl Pts',(44.1271855915386,-26.018365795562,134.373916998154));
#6246=CARTESIAN_POINT('Ctrl Pts',(44.2670117964315,-25.8272864693297,134.35));
#6247=CARTESIAN_POINT('Ctrl Pts',(44.5005920914734,-25.4227135306703,134.35));
#6248=CARTESIAN_POINT('Ctrl Pts',(44.596158539682,-25.2060808220021,134.373916998154));
#6249=CARTESIAN_POINT('Ctrl Pts',(44.7374536707376,-24.7611065000844,134.467819635168));
#6250=CARTESIAN_POINT('Ctrl Pts',(44.7832176164967,-24.5327710953415,134.537781629197));
#6251=CARTESIAN_POINT('Ctrl Pts',(44.8165169728178,-24.1825983915623,134.675498093957));
#6252=CARTESIAN_POINT('Ctrl Pts',(44.8209854102344,-24.058355882613,134.730422818291));
#6253=CARTESIAN_POINT('Ctrl Pts',(44.8185963167832,-23.936364055412,134.79));
#6254=CARTESIAN_POINT('Origin',(0.,0.,134.79));
#6255=CARTESIAN_POINT('Origin',(0.,5.95428610200232,134.79));
#6256=CARTESIAN_POINT('',(43.1031821504046,-26.8652152142699,134.79));
#6257=CARTESIAN_POINT('Origin',(41.569219381653,-24.,134.79));
#6258=CARTESIAN_POINT('',(38.29,-33.3691474269272,134.79));
#6259=CARTESIAN_POINT('',(38.29,-14.7450887497625,134.79));
#6260=CARTESIAN_POINT('Origin',(0.,0.,134.79));
#6261=CARTESIAN_POINT('Origin',(0.,5.95428610200232,134.79));
#6262=CARTESIAN_POINT('',(26.8652152142699,43.1031821504046,134.79));
#6263=CARTESIAN_POINT('Origin',(24.,41.569219381653,134.79));
#6264=CARTESIAN_POINT('',(44.8175499288963,-23.8958431190634,134.79));
#6265=CARTESIAN_POINT('Origin',(41.569219381653,-24.,134.79));
#6266=CARTESIAN_POINT('Origin',(0.,0.,134.79));
#6267=CARTESIAN_POINT('Origin',(0.,0.,134.));
#6268=CARTESIAN_POINT('Ctrl Pts',(41.9352348434735,-27.2293238737712,134.));
#6269=CARTESIAN_POINT('Ctrl Pts',(42.058721522068,-27.2153277447172,134.095946754718));
#6270=CARTESIAN_POINT('Ctrl Pts',(42.1818559525883,-27.1941799155786,134.187890768262));
#6271=CARTESIAN_POINT('Ctrl Pts',(42.5616087220928,-27.1060963904986,134.459835262905));
#6272=CARTESIAN_POINT('Ctrl Pts',(42.8365089157155,-27.0079852272862,134.639204215719));
#6273=CARTESIAN_POINT('Ctrl Pts',(43.1031821504046,-26.8652152142699,134.79));
#6274=CARTESIAN_POINT('Origin',(132.432791062076,469.274603779502,228.932790892797));
#6275=CARTESIAN_POINT('Origin',(0.,0.,134.));
#6276=CARTESIAN_POINT('Ctrl Pts',(27.2293238737712,41.9352348434735,134.));
#6277=CARTESIAN_POINT('Ctrl Pts',(27.2153277447172,42.058721522068,134.095946754718));
#6278=CARTESIAN_POINT('Ctrl Pts',(27.1941799155786,42.1818559525883,134.187890768262));
#6279=CARTESIAN_POINT('Ctrl Pts',(27.1060963904986,42.5616087220928,134.459835262905));
#6280=CARTESIAN_POINT('Ctrl Pts',(27.0079852272862,42.8365089157155,134.639204215719));
#6281=CARTESIAN_POINT('Ctrl Pts',(26.8652152142699,43.1031821504046,134.79));
#6282=CARTESIAN_POINT('Ctrl Pts',(44.8175499288962,-23.8958431190634,134.79));
#6283=CARTESIAN_POINT('Ctrl Pts',(44.8078557697224,-23.5935123168052,134.639204215719));
#6284=CARTESIAN_POINT('Ctrl Pts',(44.7553724326478,-23.3063861840164,134.459835262905));
#6285=CARTESIAN_POINT('Ctrl Pts',(44.6417786182698,-22.933468875928,134.187890768262));
#6286=CARTESIAN_POINT('Ctrl Pts',(44.5985259602785,-22.8162574164476,134.095946754718));
#6287=CARTESIAN_POINT('Ctrl Pts',(44.5489036242966,-22.7023167512289,134.));
#6288=CARTESIAN_POINT('Origin',(20.5,45.6042761152943,134.));
#6289=CARTESIAN_POINT('',(21.29,46.1124711981477,134.79));
#6290=CARTESIAN_POINT('',(21.29,25.7792811086483,134.79));
#6291=CARTESIAN_POINT('Origin',(106.932264198068,-221.635118466056,220.432264146376));
#6292=CARTESIAN_POINT('Origin',(37.5,-35.4444636015274,134.));
#6293=CARTESIAN_POINT('Origin',(0.,0.,134.));
#6294=CARTESIAN_POINT('',(23.8958431190634,44.8175499288963,134.79));
#6295=CARTESIAN_POINT('Ctrl Pts',(23.8958431190634,44.8175499288962,134.79));
#6296=CARTESIAN_POINT('Ctrl Pts',(23.5935123168052,44.8078557697224,134.639204215719));
#6297=CARTESIAN_POINT('Ctrl Pts',(23.3063861840164,44.7553724326478,134.459835262905));
#6298=CARTESIAN_POINT('Ctrl Pts',(22.933468875928,44.6417786182698,134.187890768262));
#6299=CARTESIAN_POINT('Ctrl Pts',(22.8162574164477,44.5985259602785,134.095946754718));
#6300=CARTESIAN_POINT('Ctrl Pts',(22.7023167512289,44.5489036242967,134.));
#6301=CARTESIAN_POINT('Origin',(0.,0.,134.79));
#6302=CARTESIAN_POINT('Origin',(0.,5.95428610200232,134.79));
#6303=CARTESIAN_POINT('Origin',(24.,41.569219381653,134.79));
#6304=CARTESIAN_POINT('Origin',(0.,0.,134.));
#6305=CARTESIAN_POINT('',(-43.1387975046111,26.845860944588,134.79));
#6306=CARTESIAN_POINT('',(-44.819219381653,24.,134.759441132293));
#6307=CARTESIAN_POINT('Ctrl Pts',(-43.1387975046111,26.845860944588,134.79));
#6308=CARTESIAN_POINT('Ctrl Pts',(-43.2456400727468,26.7869340466082,134.730422818291));
#6309=CARTESIAN_POINT('Ctrl Pts',(-43.3510030230185,26.7209430118156,134.675498093957));
#6310=CARTESIAN_POINT('Ctrl Pts',(-43.6376118020426,26.5170185714223,134.537781629197));
#6311=CARTESIAN_POINT('Ctrl Pts',(-43.8124740902538,26.363218129446,134.467819635168));
#6312=CARTESIAN_POINT('Ctrl Pts',(-44.1271855915385,26.018365795562,134.373916998154));
#6313=CARTESIAN_POINT('Ctrl Pts',(-44.2670117964315,25.8272864693297,134.35));
#6314=CARTESIAN_POINT('Ctrl Pts',(-44.5005920914734,25.4227135306703,134.35));
#6315=CARTESIAN_POINT('Ctrl Pts',(-44.596158539682,25.2060808220021,134.373916998154));
#6316=CARTESIAN_POINT('Ctrl Pts',(-44.7374536707376,24.7611065000844,134.467819635168));
#6317=CARTESIAN_POINT('Ctrl Pts',(-44.7832176164967,24.5327710953415,134.537781629197));
#6318=CARTESIAN_POINT('Ctrl Pts',(-44.8144556231964,24.2042753382087,134.666972950716));
#6319=CARTESIAN_POINT('Ctrl Pts',(-44.819219381653,24.1014513752573,134.711549585458));
#6320=CARTESIAN_POINT('Ctrl Pts',(-44.819219381653,24.,134.759441132293));
#6321=CARTESIAN_POINT('',(-44.8185963167833,23.936364055412,134.79));
#6322=CARTESIAN_POINT('Ctrl Pts',(-44.819219381653,24.,134.759441132293));
#6323=CARTESIAN_POINT('Ctrl Pts',(-44.819219381653,23.978725626466,134.769483999174));
#6324=CARTESIAN_POINT('Ctrl Pts',(-44.819010464435,23.9575112519565,134.779672337893));
#6325=CARTESIAN_POINT('Ctrl Pts',(-44.8185963167832,23.9363640554115,134.79));
#6326=CARTESIAN_POINT('',(-38.29,-33.3995808356931,134.79));
#6327=CARTESIAN_POINT('Origin',(0.,0.,134.79));
#6328=CARTESIAN_POINT('Ctrl Pts',(-37.4999999999996,-35.4444636015283,134.));
#6329=CARTESIAN_POINT('Ctrl Pts',(-37.9067327315562,-34.4220222186058,134.406732731556));
#6330=CARTESIAN_POINT('Ctrl Pts',(-38.2900000000037,-33.3995808356832,134.790000000004));
#6331=CARTESIAN_POINT('',(-21.29,46.1344990218817,134.79));
#6332=CARTESIAN_POINT('Ctrl Pts',(-20.5000000000006,47.3530358055312,134.000000000001));
#6333=CARTESIAN_POINT('Ctrl Pts',(-20.9001485155797,46.7437674137064,134.40014851558));
#6334=CARTESIAN_POINT('Ctrl Pts',(-21.2900000000001,46.1344990218816,134.79));
#6335=CARTESIAN_POINT('Origin',(0.,0.,134.79));
#6336=CARTESIAN_POINT('Origin',(0.,5.95428610200232,134.79));
#6337=CARTESIAN_POINT('',(-43.1031821504046,26.8652152142699,134.79));
#6338=CARTESIAN_POINT('Origin',(-41.569219381653,24.,134.79));
#6339=CARTESIAN_POINT('',(-21.29,46.1124711981477,134.79));
#6340=CARTESIAN_POINT('',(-21.29,26.6536609537672,134.79));
#6341=CARTESIAN_POINT('Origin',(0.,0.,134.79));
#6342=CARTESIAN_POINT('Origin',(0.,5.95428610200232,134.79));
#6343=CARTESIAN_POINT('',(-44.8175499288963,23.8958431190634,134.79));
#6344=CARTESIAN_POINT('Origin',(-41.569219381653,24.,134.79));
#6345=CARTESIAN_POINT('',(-38.29,-33.3691474269272,134.79));
#6346=CARTESIAN_POINT('Origin',(0.,0.,134.79));
#6347=CARTESIAN_POINT('',(-38.29,-13.5588026431525,134.79));
#6348=CARTESIAN_POINT('Origin',(0.,0.,134.));
#6349=CARTESIAN_POINT('Ctrl Pts',(-41.9352348434735,27.2293238737712,134.));
#6350=CARTESIAN_POINT('Ctrl Pts',(-42.058721522068,27.2153277447172,134.095946754718));
#6351=CARTESIAN_POINT('Ctrl Pts',(-42.1818559525883,27.1941799155786,134.187890768262));
#6352=CARTESIAN_POINT('Ctrl Pts',(-42.5616087220928,27.1060963904986,134.459835262905));
#6353=CARTESIAN_POINT('Ctrl Pts',(-42.8365089157155,27.0079852272862,134.639204215719));
#6354=CARTESIAN_POINT('Ctrl Pts',(-43.1031821504046,26.8652152142699,134.79));
#6355=CARTESIAN_POINT('Origin',(-106.932264128208,-221.635118444979,220.432264202769));
#6356=CARTESIAN_POINT('Origin',(-37.5,-33.0718913883074,134.));
#6357=CARTESIAN_POINT('Origin',(-132.432790918697,469.274603781625,228.932791036869));
#6358=CARTESIAN_POINT('Origin',(-20.5,47.353035805532,134.));
#6359=CARTESIAN_POINT('Origin',(0.,0.,134.));
#6360=CARTESIAN_POINT('Ctrl Pts',(-44.8175499288962,23.8958431190634,134.79));
#6361=CARTESIAN_POINT('Ctrl Pts',(-44.8078557697224,23.5935123168052,134.639204215719));
#6362=CARTESIAN_POINT('Ctrl Pts',(-44.7553724326478,23.3063861840164,134.459835262905));
#6363=CARTESIAN_POINT('Ctrl Pts',(-44.6417786182698,22.933468875928,134.187890768262));
#6364=CARTESIAN_POINT('Ctrl Pts',(-44.5985259602785,22.8162574164476,134.095946754718));
#6365=CARTESIAN_POINT('Ctrl Pts',(-44.5489036242966,22.7023167512289,134.));
#6366=CARTESIAN_POINT('Origin',(45.0533624358946,33.1467039993075,135.));
#6367=CARTESIAN_POINT('',(43.4533624358946,33.1467039993075,135.2));
#6368=CARTESIAN_POINT('',(46.6533624358946,33.1467039993075,135.2));
#6369=CARTESIAN_POINT('',(23.3266812179473,33.1467039993075,135.2));
#6370=CARTESIAN_POINT('',(43.4533624358946,33.1467039993075,135.));
#6371=CARTESIAN_POINT('',(43.4533624358946,33.1467039993075,135.3));
#6372=CARTESIAN_POINT('',(45.0533624358946,33.1467039993075,135.));
#6373=CARTESIAN_POINT('',(21.7266812179473,33.1467039993075,135.));
#6374=CARTESIAN_POINT('',(46.6533624358946,33.1467039993075,135.));
#6375=CARTESIAN_POINT('',(22.5266812179473,33.1467039993075,135.));
#6376=CARTESIAN_POINT('',(46.6533624358946,33.1467039993075,135.));
#6377=CARTESIAN_POINT('Origin',(8.88178419700125E-15,6.66133814775094E-15,
135.));
#6378=CARTESIAN_POINT('',(43.4533624358946,31.5467039993075,135.));
#6379=CARTESIAN_POINT('',(45.0533624358946,29.9467039993075,135.));
#6380=CARTESIAN_POINT('Origin',(45.0533624358946,31.5467039993075,135.));
#6381=CARTESIAN_POINT('',(43.4533624358945,29.9467039993075,135.));
#6382=CARTESIAN_POINT('',(43.4533624358945,14.9733519996537,135.));
#6383=CARTESIAN_POINT('',(22.5266812179473,29.9467039993075,135.));
#6384=CARTESIAN_POINT('Origin',(8.88178419700125E-15,6.66133814775094E-15,
135.));
#6385=CARTESIAN_POINT('',(46.6533624358946,31.5467039993075,135.));
#6386=CARTESIAN_POINT('Origin',(45.0533624358946,31.5467039993075,135.));
#6387=CARTESIAN_POINT('',(46.6533624358945,16.5733519996537,135.));
#6388=CARTESIAN_POINT('Origin',(8.88178419700125E-15,6.66133814775094E-15,
135.));
#6389=CARTESIAN_POINT('Origin',(45.0533624358946,31.5467039993075,135.));
#6390=CARTESIAN_POINT('',(43.4533624358945,15.7733519996537,135.));
#6391=CARTESIAN_POINT('Origin',(45.0533624358946,29.9467039993075,135.));
#6392=CARTESIAN_POINT('',(46.6533624358946,29.9467039993075,135.2));
#6393=CARTESIAN_POINT('',(43.4533624358945,29.9467039993075,135.2));
#6394=CARTESIAN_POINT('',(21.7266812179473,29.9467039993075,135.2));
#6395=CARTESIAN_POINT('',(46.6533624358946,29.9467039993075,135.));
#6396=CARTESIAN_POINT('',(46.6533624358946,29.9467039993075,135.3));
#6397=CARTESIAN_POINT('',(23.3266812179473,29.9467039993075,135.));
#6398=CARTESIAN_POINT('',(43.4533624358945,29.9467039993075,135.));
#6399=CARTESIAN_POINT('Origin',(8.88178419700125E-15,6.66133814775094E-15,
135.));
#6400=CARTESIAN_POINT('',(46.6533624358945,15.7733519996537,135.));
#6401=CARTESIAN_POINT('Origin',(45.0533624358946,31.5467039993075,135.));
#6402=CARTESIAN_POINT('Origin',(45.0533624358945,-33.1467039993075,135.));
#6403=CARTESIAN_POINT('',(46.6533624358945,-33.1467039993075,135.2));
#6404=CARTESIAN_POINT('',(43.4533624358945,-33.1467039993075,135.2));
#6405=CARTESIAN_POINT('',(21.7266812179473,-33.1467039993075,135.2));
#6406=CARTESIAN_POINT('',(46.6533624358945,-33.1467039993075,135.));
#6407=CARTESIAN_POINT('',(46.6533624358945,-33.1467039993075,135.3));
#6408=CARTESIAN_POINT('',(45.0533624358945,-33.1467039993075,135.));
#6409=CARTESIAN_POINT('',(23.3266812179473,-33.1467039993075,135.));
#6410=CARTESIAN_POINT('',(43.4533624358945,-33.1467039993075,135.));
#6411=CARTESIAN_POINT('',(22.5266812179473,-33.1467039993075,135.));
#6412=CARTESIAN_POINT('',(43.4533624358945,-33.1467039993075,135.));
#6413=CARTESIAN_POINT('Origin',(8.88178419700125E-15,6.66133814775094E-15,
135.));
#6414=CARTESIAN_POINT('',(43.4533624358945,-31.5467039993075,135.));
#6415=CARTESIAN_POINT('Origin',(45.0533624358945,-31.5467039993075,135.));
#6416=CARTESIAN_POINT('',(43.4533624358945,-16.5733519996538,135.));
#6417=CARTESIAN_POINT('Origin',(8.88178419700125E-15,6.66133814775094E-15,
135.));
#6418=CARTESIAN_POINT('',(46.6533624358945,-31.5467039993075,135.));
#6419=CARTESIAN_POINT('',(46.6533624358945,-15.7733519996538,135.));
#6420=CARTESIAN_POINT('Origin',(45.0533624358945,-31.5467039993075,135.));
#6421=CARTESIAN_POINT('Origin',(8.88178419700125E-15,6.66133814775094E-15,
135.));
#6422=CARTESIAN_POINT('',(46.6533624358945,-29.9467039993075,135.));
#6423=CARTESIAN_POINT('',(45.0533624358945,-29.9467039993075,135.));
#6424=CARTESIAN_POINT('',(22.5266812179473,-29.9467039993075,135.));
#6425=CARTESIAN_POINT('Origin',(45.0533624358945,-31.5467039993075,135.));
#6426=CARTESIAN_POINT('',(46.6533624358945,-14.9733519996538,135.));
#6427=CARTESIAN_POINT('Origin',(45.0533624358945,-29.9467039993075,135.));
#6428=CARTESIAN_POINT('',(43.4533624358945,-29.9467039993075,135.2));
#6429=CARTESIAN_POINT('',(46.6533624358945,-29.9467039993075,135.2));
#6430=CARTESIAN_POINT('',(23.3266812179473,-29.9467039993075,135.2));
#6431=CARTESIAN_POINT('',(43.4533624358945,-29.9467039993075,135.));
#6432=CARTESIAN_POINT('',(43.4533624358945,-29.9467039993075,135.3));
#6433=CARTESIAN_POINT('',(21.7266812179473,-29.9467039993075,135.));
#6434=CARTESIAN_POINT('',(46.6533624358945,-29.9467039993075,135.));
#6435=CARTESIAN_POINT('Origin',(8.88178419700125E-15,6.66133814775094E-15,
135.));
#6436=CARTESIAN_POINT('Origin',(45.0533624358945,-31.5467039993075,135.));
#6437=CARTESIAN_POINT('',(43.4533624358945,-15.7733519996538,135.));
#6438=CARTESIAN_POINT('Origin',(-45.0533624358945,-29.9467039993075,135.));
#6439=CARTESIAN_POINT('',(-46.6533624358945,-29.9467039993075,135.2));
#6440=CARTESIAN_POINT('',(-43.4533624358945,-29.9467039993075,135.2));
#6441=CARTESIAN_POINT('',(-21.7266812179473,-29.9467039993075,135.2));
#6442=CARTESIAN_POINT('',(-46.6533624358945,-29.9467039993075,135.));
#6443=CARTESIAN_POINT('',(-46.6533624358945,-29.9467039993075,135.3));
#6444=CARTESIAN_POINT('',(-45.0533624358945,-29.9467039993075,135.));
#6445=CARTESIAN_POINT('',(-23.3266812179473,-29.9467039993075,135.));
#6446=CARTESIAN_POINT('',(-43.4533624358945,-29.9467039993075,135.));
#6447=CARTESIAN_POINT('',(-22.5266812179473,-29.9467039993075,135.));
#6448=CARTESIAN_POINT('',(-43.4533624358945,-29.9467039993075,135.));
#6449=CARTESIAN_POINT('Origin',(8.88178419700125E-15,6.66133814775094E-15,
135.));
#6450=CARTESIAN_POINT('',(-46.6533624358945,-31.5467039993075,135.));
#6451=CARTESIAN_POINT('',(-46.6533624358945,-15.7733519996538,135.));
#6452=CARTESIAN_POINT('Origin',(-45.0533624358945,-31.5467039993075,135.));
#6453=CARTESIAN_POINT('Origin',(8.88178419700125E-15,6.66133814775094E-15,
135.));
#6454=CARTESIAN_POINT('',(-43.4533624358945,-31.5467039993075,135.));
#6455=CARTESIAN_POINT('Origin',(-45.0533624358945,-31.5467039993075,135.));
#6456=CARTESIAN_POINT('',(-43.4533624358945,-14.9733519996538,135.));
#6457=CARTESIAN_POINT('Origin',(8.88178419700125E-15,6.66133814775094E-15,
135.));
#6458=CARTESIAN_POINT('',(-46.6533624358945,-33.1467039993075,135.));
#6459=CARTESIAN_POINT('',(-45.0533624358945,-33.1467039993075,135.));
#6460=CARTESIAN_POINT('',(-22.5266812179473,-33.1467039993075,135.));
#6461=CARTESIAN_POINT('Origin',(-45.0533624358945,-31.5467039993075,135.));
#6462=CARTESIAN_POINT('',(-46.6533624358945,-16.5733519996538,135.));
#6463=CARTESIAN_POINT('Origin',(-45.0533624358945,-33.1467039993075,135.));
#6464=CARTESIAN_POINT('',(-43.4533624358945,-33.1467039993075,135.2));
#6465=CARTESIAN_POINT('',(-46.6533624358945,-33.1467039993075,135.2));
#6466=CARTESIAN_POINT('',(-23.3266812179473,-33.1467039993075,135.2));
#6467=CARTESIAN_POINT('',(-43.4533624358945,-33.1467039993075,135.));
#6468=CARTESIAN_POINT('',(-43.4533624358945,-33.1467039993075,135.3));
#6469=CARTESIAN_POINT('',(-21.7266812179473,-33.1467039993075,135.));
#6470=CARTESIAN_POINT('',(-46.6533624358945,-33.1467039993075,135.));
#6471=CARTESIAN_POINT('Origin',(8.88178419700125E-15,6.66133814775094E-15,
135.));
#6472=CARTESIAN_POINT('',(-43.4533624358945,-15.7733519996538,135.));
#6473=CARTESIAN_POINT('Origin',(-45.0533624358945,-31.5467039993075,135.));
#6474=CARTESIAN_POINT('Origin',(-45.0533624358945,33.1467039993076,135.));
#6475=CARTESIAN_POINT('',(-46.6533624358945,33.1467039993076,135.2));
#6476=CARTESIAN_POINT('',(-43.4533624358945,33.1467039993076,135.2));
#6477=CARTESIAN_POINT('',(-21.7266812179473,33.1467039993076,135.2));
#6478=CARTESIAN_POINT('',(-46.6533624358945,33.1467039993076,135.));
#6479=CARTESIAN_POINT('',(-46.6533624358945,33.1467039993076,135.3));
#6480=CARTESIAN_POINT('',(-45.0533624358945,33.1467039993076,135.));
#6481=CARTESIAN_POINT('',(-23.3266812179473,33.1467039993076,135.));
#6482=CARTESIAN_POINT('',(-43.4533624358945,33.1467039993076,135.));
#6483=CARTESIAN_POINT('',(-22.5266812179473,33.1467039993076,135.));
#6484=CARTESIAN_POINT('',(-43.4533624358945,33.1467039993076,135.3));
#6485=CARTESIAN_POINT('Origin',(8.88178419700125E-15,6.66133814775094E-15,
135.));
#6486=CARTESIAN_POINT('',(-46.6533624358945,29.9467039993075,135.));
#6487=CARTESIAN_POINT('',(-45.0533624358945,29.9467039993075,135.));
#6488=CARTESIAN_POINT('',(-22.5266812179473,29.9467039993075,135.));
#6489=CARTESIAN_POINT('',(-46.6533624358945,31.5467039993075,135.));
#6490=CARTESIAN_POINT('Origin',(-45.0533624358945,31.5467039993075,135.));
#6491=CARTESIAN_POINT('',(-46.6533624358946,14.9733519996538,135.));
#6492=CARTESIAN_POINT('Origin',(-45.0533624358945,29.9467039993075,135.));
#6493=CARTESIAN_POINT('',(-43.4533624358945,29.9467039993075,135.2));
#6494=CARTESIAN_POINT('',(-46.6533624358945,29.9467039993075,135.2));
#6495=CARTESIAN_POINT('',(-23.3266812179473,29.9467039993075,135.2));
#6496=CARTESIAN_POINT('',(-43.4533624358945,29.9467039993075,135.));
#6497=CARTESIAN_POINT('',(-43.4533624358945,29.9467039993075,135.3));
#6498=CARTESIAN_POINT('',(-21.7266812179473,29.9467039993075,135.));
#6499=CARTESIAN_POINT('',(-46.6533624358945,29.9467039993075,135.));
#6500=CARTESIAN_POINT('Origin',(8.88178419700125E-15,6.66133814775094E-15,
135.));
#6501=CARTESIAN_POINT('',(-43.4533624358945,31.5467039993075,135.));
#6502=CARTESIAN_POINT('Origin',(-45.0533624358945,31.5467039993075,135.));
#6503=CARTESIAN_POINT('',(-43.4533624358945,15.7733519996538,135.));
#6504=CARTESIAN_POINT('Origin',(8.88178419700125E-15,6.66133814775094E-15,
135.));
#6505=CARTESIAN_POINT('',(-46.6533624358946,15.7733519996538,135.));
#6506=CARTESIAN_POINT('Origin',(-45.0533624358945,31.5467039993075,135.));
#6507=CARTESIAN_POINT('Origin',(8.88178419700125E-15,6.66133814775094E-15,
135.));
#6508=CARTESIAN_POINT('Origin',(-45.0533624358945,31.5467039993075,135.));
#6509=CARTESIAN_POINT('',(-43.4533624358945,16.5733519996538,135.));
#6510=CARTESIAN_POINT('Origin',(-46.6533624358945,-28.7178349673444,135.2));
#6511=CARTESIAN_POINT('',(-46.6533624358945,-34.3755730312707,135.4));
#6512=CARTESIAN_POINT('',(-46.6533624358945,-28.7178349673444,135.4));
#6513=CARTESIAN_POINT('',(-46.6533624358945,-14.3589174836722,135.4));
#6514=CARTESIAN_POINT('',(-46.6533624358945,-34.3755730312707,135.2));
#6515=CARTESIAN_POINT('',(-46.6533624358945,-34.3755730312707,135.4));
#6516=CARTESIAN_POINT('',(-46.6533624358945,-17.1877865156353,135.2));
#6517=CARTESIAN_POINT('',(-46.6533624358945,-28.7178349673444,135.2));
#6518=CARTESIAN_POINT('',(-46.6533624358945,-14.9733519996538,135.2));
#6519=CARTESIAN_POINT('',(-46.6533624358945,-28.7178349673444,135.2));
#6520=CARTESIAN_POINT('Origin',(-43.4533624358945,-29.9467039993075,135.2));
#6521=CARTESIAN_POINT('',(-43.4533624358945,-28.7178349673444,135.4));
#6522=CARTESIAN_POINT('',(-43.4533624358945,-34.3755730312707,135.4));
#6523=CARTESIAN_POINT('',(-43.4533624358945,-17.1877865156353,135.4));
#6524=CARTESIAN_POINT('',(-43.4533624358945,-28.7178349673444,135.2));
#6525=CARTESIAN_POINT('',(-43.4533624358945,-28.7178349673444,135.4));
#6526=CARTESIAN_POINT('',(-43.4533624358945,-14.3589174836722,135.2));
#6527=CARTESIAN_POINT('',(-43.4533624358945,-34.3755730312707,135.2));
#6528=CARTESIAN_POINT('',(-43.4533624358945,-16.5733519996538,135.2));
#6529=CARTESIAN_POINT('',(-43.4533624358945,-34.3755730312707,135.2));
#6530=CARTESIAN_POINT('Origin',(8.88178419700125E-15,6.66133814775094E-15,
135.2));
#6531=CARTESIAN_POINT('Origin',(-45.0533624358945,-31.5467039993075,135.2));
#6532=CARTESIAN_POINT('Origin',(8.88178419700125E-15,6.66133814775094E-15,
135.2));
#6533=CARTESIAN_POINT('',(43.4533624358945,28.7178349673444,135.2));
#6534=CARTESIAN_POINT('',(43.4533624358945,14.3589174836722,135.2));
#6535=CARTESIAN_POINT('',(46.6533624358946,28.7178349673444,135.2));
#6536=CARTESIAN_POINT('Origin',(45.0533624358946,31.5467039993075,135.2));
#6537=CARTESIAN_POINT('',(46.6533624358945,14.9733519996537,135.2));
#6538=CARTESIAN_POINT('Origin',(-43.4533624358945,28.7178349673444,135.2));
#6539=CARTESIAN_POINT('',(-43.4533624358945,34.3755730312707,135.4));
#6540=CARTESIAN_POINT('',(-43.4533624358945,28.7178349673444,135.4));
#6541=CARTESIAN_POINT('',(-43.4533624358946,14.3589174836722,135.4));
#6542=CARTESIAN_POINT('',(-43.4533624358945,34.3755730312707,135.2));
#6543=CARTESIAN_POINT('',(-43.4533624358945,34.3755730312707,135.4));
#6544=CARTESIAN_POINT('',(-43.4533624358945,17.1877865156354,135.2));
#6545=CARTESIAN_POINT('',(-43.4533624358945,28.7178349673444,135.2));
#6546=CARTESIAN_POINT('',(-43.4533624358946,14.9733519996538,135.2));
#6547=CARTESIAN_POINT('',(-43.4533624358945,28.7178349673444,135.2));
#6548=CARTESIAN_POINT('Origin',(-46.6533624358945,29.9467039993075,135.2));
#6549=CARTESIAN_POINT('',(-46.6533624358945,28.7178349673444,135.4));
#6550=CARTESIAN_POINT('',(-46.6533624358945,34.3755730312707,135.4));
#6551=CARTESIAN_POINT('',(-46.6533624358946,17.1877865156354,135.4));
#6552=CARTESIAN_POINT('',(-46.6533624358945,28.7178349673444,135.2));
#6553=CARTESIAN_POINT('',(-46.6533624358945,28.7178349673444,135.4));
#6554=CARTESIAN_POINT('',(-46.6533624358946,14.3589174836723,135.2));
#6555=CARTESIAN_POINT('',(-46.6533624358945,34.3755730312707,135.2));
#6556=CARTESIAN_POINT('',(-46.6533624358946,16.5733519996538,135.2));
#6557=CARTESIAN_POINT('',(-46.6533624358945,34.3755730312707,135.2));
#6558=CARTESIAN_POINT('Origin',(8.88178419700125E-15,6.66133814775094E-15,
135.2));
#6559=CARTESIAN_POINT('Origin',(-45.0533624358945,31.5467039993075,135.2));
#6560=CARTESIAN_POINT('Origin',(8.88178419700125E-15,6.66133814775094E-15,
135.2));
#6561=CARTESIAN_POINT('',(43.4533624358945,-28.7178349673444,135.2));
#6562=CARTESIAN_POINT('',(43.4533624358945,-14.9733519996538,135.2));
#6563=CARTESIAN_POINT('',(46.6533624358945,-28.7178349673444,135.2));
#6564=CARTESIAN_POINT('',(46.6533624358945,-14.3589174836722,135.2));
#6565=CARTESIAN_POINT('Origin',(45.0533624358945,-31.5467039993075,135.2));
#6566=CARTESIAN_POINT('Origin',(8.88178419700125E-15,6.66133814775094E-15,
135.2));
#6567=CARTESIAN_POINT('Origin',(-45.0533624358945,-31.5467039993075,135.2));
#6568=CARTESIAN_POINT('Origin',(43.4533624358946,34.3755730312706,135.2));
#6569=CARTESIAN_POINT('',(43.4533624358945,28.7178349673444,135.4));
#6570=CARTESIAN_POINT('',(43.4533624358946,34.3755730312706,135.4));
#6571=CARTESIAN_POINT('',(43.4533624358945,17.1877865156353,135.4));
#6572=CARTESIAN_POINT('',(43.4533624358945,28.7178349673444,135.4));
#6573=CARTESIAN_POINT('',(43.4533624358946,34.3755730312706,135.2));
#6574=CARTESIAN_POINT('',(43.4533624358945,16.5733519996537,135.2));
#6575=CARTESIAN_POINT('',(43.4533624358946,34.3755730312706,135.2));
#6576=CARTESIAN_POINT('Origin',(46.6533624358946,33.1467039993075,135.2));
#6577=CARTESIAN_POINT('',(46.6533624358946,34.3755730312706,135.4));
#6578=CARTESIAN_POINT('',(46.6533624358946,28.7178349673444,135.4));
#6579=CARTESIAN_POINT('',(46.6533624358945,14.3589174836722,135.4));
#6580=CARTESIAN_POINT('',(46.6533624358946,34.3755730312706,135.2));
#6581=CARTESIAN_POINT('',(46.6533624358946,34.3755730312706,135.4));
#6582=CARTESIAN_POINT('',(46.6533624358945,17.1877865156353,135.2));
#6583=CARTESIAN_POINT('',(46.6533624358946,28.7178349673444,135.2));
#6584=CARTESIAN_POINT('Origin',(8.88178419700125E-15,6.66133814775094E-15,
135.2));
#6585=CARTESIAN_POINT('Origin',(45.0533624358946,31.5467039993075,135.2));
#6586=CARTESIAN_POINT('Origin',(8.88178419700125E-15,6.66133814775094E-15,
135.2));
#6587=CARTESIAN_POINT('Origin',(-45.0533624358945,31.5467039993075,135.2));
#6588=CARTESIAN_POINT('Origin',(46.6533624358945,-34.3755730312707,135.2));
#6589=CARTESIAN_POINT('',(46.6533624358945,-28.7178349673444,135.4));
#6590=CARTESIAN_POINT('',(46.6533624358945,-34.3755730312707,135.4));
#6591=CARTESIAN_POINT('',(46.6533624358945,-17.1877865156353,135.4));
#6592=CARTESIAN_POINT('',(46.6533624358945,-28.7178349673444,135.4));
#6593=CARTESIAN_POINT('',(46.6533624358945,-34.3755730312707,135.2));
#6594=CARTESIAN_POINT('',(46.6533624358945,-16.5733519996538,135.2));
#6595=CARTESIAN_POINT('',(46.6533624358945,-34.3755730312707,135.2));
#6596=CARTESIAN_POINT('Origin',(43.4533624358945,-33.1467039993075,135.2));
#6597=CARTESIAN_POINT('',(43.4533624358945,-34.3755730312707,135.4));
#6598=CARTESIAN_POINT('',(43.4533624358945,-28.7178349673444,135.4));
#6599=CARTESIAN_POINT('',(43.4533624358945,-14.3589174836722,135.4));
#6600=CARTESIAN_POINT('',(43.4533624358945,-34.3755730312707,135.2));
#6601=CARTESIAN_POINT('',(43.4533624358945,-34.3755730312707,135.4));
#6602=CARTESIAN_POINT('',(43.4533624358945,-17.1877865156353,135.2));
#6603=CARTESIAN_POINT('',(43.4533624358945,-28.7178349673444,135.2));
#6604=CARTESIAN_POINT('Origin',(8.88178419700125E-15,6.66133814775094E-15,
135.2));
#6605=CARTESIAN_POINT('Origin',(45.0533624358945,-31.5467039993075,135.2));
#6606=CARTESIAN_POINT('Origin',(8.88178419700125E-15,4.44089209850063E-15,
135.4));
#6607=CARTESIAN_POINT('Origin',(-45.0533624358945,31.5467039993075,135.4));
#6608=CARTESIAN_POINT('Origin',(8.88178419700125E-15,4.44089209850063E-15,
135.4));
#6609=CARTESIAN_POINT('Origin',(45.0533624358946,31.5467039993075,135.4));
#6610=CARTESIAN_POINT('Origin',(8.88178419700125E-15,4.44089209850063E-15,
135.4));
#6611=CARTESIAN_POINT('Origin',(45.0533624358945,-31.5467039993075,135.4));
#6612=CARTESIAN_POINT('Origin',(8.88178419700125E-15,4.44089209850063E-15,
135.4));
#6613=CARTESIAN_POINT('Origin',(-45.0533624358945,-31.5467039993075,135.4));
#6614=CARTESIAN_POINT('Origin',(8.88178419700125E-15,4.44089209850063E-15,
135.4));
#6615=CARTESIAN_POINT('',(-48.3033624358945,31.5467039993075,135.4));
#6616=CARTESIAN_POINT('Origin',(-45.0533624358945,31.5467039993075,135.4));
#6617=CARTESIAN_POINT('Origin',(-45.0533624358945,31.5467039993075,135.4));
#6618=CARTESIAN_POINT('Origin',(8.88178419700125E-15,4.44089209850063E-15,
135.4));
#6619=CARTESIAN_POINT('',(41.8033624358946,31.5467039993075,135.4));
#6620=CARTESIAN_POINT('Origin',(45.0533624358946,31.5467039993075,135.4));
#6621=CARTESIAN_POINT('Origin',(45.0533624358946,31.5467039993075,135.4));
#6622=CARTESIAN_POINT('Origin',(8.88178419700125E-15,4.44089209850063E-15,
135.4));
#6623=CARTESIAN_POINT('',(41.8033624358945,-31.5467039993075,135.4));
#6624=CARTESIAN_POINT('Origin',(45.0533624358945,-31.5467039993075,135.4));
#6625=CARTESIAN_POINT('Origin',(45.0533624358945,-31.5467039993075,135.4));
#6626=CARTESIAN_POINT('Origin',(8.88178419700125E-15,4.44089209850063E-15,
135.4));
#6627=CARTESIAN_POINT('',(-48.3033624358945,-31.5467039993075,135.4));
#6628=CARTESIAN_POINT('Origin',(-45.0533624358945,-31.5467039993075,135.4));
#6629=CARTESIAN_POINT('Origin',(-45.0533624358945,-31.5467039993075,135.4));
#6630=CARTESIAN_POINT('Origin',(-45.0533624358945,-31.5467039993075,140.));
#6631=CARTESIAN_POINT('',(-46.6533624358945,-31.5467039993075,140.));
#6632=CARTESIAN_POINT('Origin',(38.,6.,140.));
#6633=CARTESIAN_POINT('',(38.,6.,140.));
#6634=CARTESIAN_POINT('',(38.,-6.,164.));
#6635=CARTESIAN_POINT('Origin',(45.0533624358946,31.5467039993075,140.));
#6636=CARTESIAN_POINT('',(43.4533624358946,31.5467039993075,140.));
#6637=CARTESIAN_POINT('Origin',(45.0533624358945,-31.5467039993075,140.));
#6638=CARTESIAN_POINT('',(43.4533624358945,-31.5467039993075,140.));
#6639=CARTESIAN_POINT('Origin',(-45.0533624358945,31.5467039993075,140.));
#6640=CARTESIAN_POINT('',(-46.6533624358945,31.5467039993075,140.));
#6641=CARTESIAN_POINT('Ctrl Pts',(22.1,54.3573943972355,134.));
#6642=CARTESIAN_POINT('Ctrl Pts',(22.1,54.3573943972355,146.));
#6643=CARTESIAN_POINT('Ctrl Pts',(21.3164409142056,54.4161139015809,134.));
#6644=CARTESIAN_POINT('Ctrl Pts',(21.3164409142056,54.4161139015809,146.));
#6645=CARTESIAN_POINT('Ctrl Pts',(20.5000000000805,54.4692490156354,134.));
#6646=CARTESIAN_POINT('Ctrl Pts',(20.5000000000805,54.4692490156354,146.));
#6647=CARTESIAN_POINT('',(22.1,54.3573943972355,140.));
#6648=CARTESIAN_POINT('Ctrl Pts',(55.,8.88178419700125E-15,134.));
#6649=CARTESIAN_POINT('Ctrl Pts',(55.,8.88178419700125E-15,146.));
#6650=CARTESIAN_POINT('Ctrl Pts',(55.,51.89188576108,134.));
#6651=CARTESIAN_POINT('Ctrl Pts',(55.,51.89188576108,146.));
#6652=CARTESIAN_POINT('Ctrl Pts',(22.1,54.3573943972355,134.));
#6653=CARTESIAN_POINT('Ctrl Pts',(22.1,54.3573943972355,146.));
#6654=CARTESIAN_POINT('',(55.,-1.22124532708767E-14,140.));
#6655=CARTESIAN_POINT('Ctrl Pts',(-3.33066907387547E-15,-55.,134.));
#6656=CARTESIAN_POINT('Ctrl Pts',(-3.33066907387547E-15,-55.,146.));
#6657=CARTESIAN_POINT('Ctrl Pts',(55.,-55.,134.));
#6658=CARTESIAN_POINT('Ctrl Pts',(55.,-55.,146.));
#6659=CARTESIAN_POINT('Ctrl Pts',(55.,-1.22124532708767E-14,134.));
#6660=CARTESIAN_POINT('Ctrl Pts',(55.,-1.22124532708767E-14,146.));
#6661=CARTESIAN_POINT('',(-3.33066907387547E-15,-55.,140.));
#6662=CARTESIAN_POINT('Ctrl Pts',(-55.,-2.14622680169081E-15,134.));
#6663=CARTESIAN_POINT('Ctrl Pts',(-55.,-2.14622680169081E-15,146.));
#6664=CARTESIAN_POINT('Ctrl Pts',(-55.,-55.,134.));
#6665=CARTESIAN_POINT('Ctrl Pts',(-55.,-55.,146.));
#6666=CARTESIAN_POINT('Ctrl Pts',(-6.73555739531044E-15,-55.,134.));
#6667=CARTESIAN_POINT('Ctrl Pts',(-6.73555739531044E-15,-55.,146.));
#6668=CARTESIAN_POINT('Origin',(38.,-6.,140.));
#6669=CARTESIAN_POINT('',(29.34,-6.,159.75));
#6670=CARTESIAN_POINT('Origin',(-43.5264223416014,36.1214338701092,149.));
#6671=CARTESIAN_POINT('',(-42.1583426614991,39.8802039251207,168.));
#6672=CARTESIAN_POINT('',(-43.5264223416014,36.1214338701092,149.));
#6673=CARTESIAN_POINT('Origin',(-42.1583426614991,39.8802039251207,149.));
#6674=CARTESIAN_POINT('Origin',(-24.,-41.569219381653,134.));
#6675=CARTESIAN_POINT('Origin',(24.,41.569219381653,134.));
#6676=CARTESIAN_POINT('',(20.75,41.569219381653,134.));
#6677=CARTESIAN_POINT('Origin',(41.569219381653,-24.,134.));
#6678=CARTESIAN_POINT('',(38.319219381653,-24.,134.));
#6679=CARTESIAN_POINT('Origin',(-41.569219381653,24.,134.));
#6680=CARTESIAN_POINT('',(-44.819219381653,24.,134.));
#6681=CARTESIAN_POINT('Origin',(-45.0533624358945,-31.5467039993075,135.4));
#6682=CARTESIAN_POINT('',(-48.3033624358945,-31.5467039993075,135.4));
#6683=CARTESIAN_POINT('Origin',(-45.0533624358945,31.5467039993075,135.4));
#6684=CARTESIAN_POINT('',(-48.3033624358945,31.5467039993075,135.4));
#6685=CARTESIAN_POINT('Origin',(45.0533624358946,31.5467039993075,135.4));
#6686=CARTESIAN_POINT('',(41.8033624358946,31.5467039993075,135.4));
#6687=CARTESIAN_POINT('Origin',(45.0533624358945,-31.5467039993075,135.4));
#6688=CARTESIAN_POINT('',(41.8033624358945,-31.5467039993075,135.4));
#6689=CARTESIAN_POINT('Origin',(29.34,0.,141.5));
#6690=CARTESIAN_POINT('',(29.34,6.,159.75));
#6691=CARTESIAN_POINT('Origin',(28.,6.,140.));
#6692=CARTESIAN_POINT('Origin',(46.2591329563548,10.8914088662656,149.));
#6693=CARTESIAN_POINT('',(47.3212222231287,10.4554701575475,149.));
#6694=CARTESIAN_POINT('Origin',(47.3212222231287,10.4554701575475,149.));
#6695=CARTESIAN_POINT('',(45.9690088071667,6.74029433090827,149.));
#6696=CARTESIAN_POINT('Origin',(45.9690088071667,6.74029433090827,149.));
#6697=CARTESIAN_POINT('',(43.0116671414803,7.81667866977335,149.));
#6698=CARTESIAN_POINT('Origin',(43.0116666391402,7.8166788526102,149.));
#6699=CARTESIAN_POINT('',(41.9856061499164,4.99760082747333,149.));
#6700=CARTESIAN_POINT('Origin',(41.9856061499164,4.99760082747333,149.));
#6701=UNCERTAINTY_MEASURE_WITH_UNIT(LENGTH_MEASURE(0.01),#6705,
'DISTANCE_ACCURACY_VALUE',
'Maximum model space distance between geometric entities at asserted c
onnectivities');
#6702=UNCERTAINTY_MEASURE_WITH_UNIT(LENGTH_MEASURE(0.01),#6705,
'DISTANCE_ACCURACY_VALUE',
'Maximum model space distance between geometric entities at asserted c
onnectivities');
#6703=(
GEOMETRIC_REPRESENTATION_CONTEXT(3)
GLOBAL_UNCERTAINTY_ASSIGNED_CONTEXT((#6701))
GLOBAL_UNIT_ASSIGNED_CONTEXT((#6705,#6707,#6708))
REPRESENTATION_CONTEXT('','3D')
);
#6704=(
GEOMETRIC_REPRESENTATION_CONTEXT(3)
GLOBAL_UNCERTAINTY_ASSIGNED_CONTEXT((#6702))
GLOBAL_UNIT_ASSIGNED_CONTEXT((#6705,#6707,#6708))
REPRESENTATION_CONTEXT('','3D')
);
#6705=(
LENGTH_UNIT()
NAMED_UNIT(*)
SI_UNIT(.MILLI.,.METRE.)
);
#6706=(
LENGTH_UNIT()
NAMED_UNIT(*)
SI_UNIT($,.METRE.)
);
#6707=(
NAMED_UNIT(*)
PLANE_ANGLE_UNIT()
SI_UNIT($,.RADIAN.)
);
#6708=(
NAMED_UNIT(*)
SI_UNIT($,.STERADIAN.)
SOLID_ANGLE_UNIT()
);
#6709=SHAPE_DEFINITION_REPRESENTATION(#6710,#6711);
#6710=PRODUCT_DEFINITION_SHAPE('',$,#6713);
#6711=SHAPE_REPRESENTATION('',(#3622),#6703);
#6712=PRODUCT_DEFINITION_CONTEXT('part definition',#6717,'design');
#6713=PRODUCT_DEFINITION('2026-07-17-16-48-53-338','Mid Plate',#6714,#6712);
#6714=PRODUCT_DEFINITION_FORMATION('',$,#6719);
#6715=PRODUCT_RELATED_PRODUCT_CATEGORY('Mid Plate','Mid Plate',(#6719));
#6716=APPLICATION_PROTOCOL_DEFINITION('international standard',
'automotive_design',2009,#6717);
#6717=APPLICATION_CONTEXT(
'Core Data for Automotive Mechanical Design Process');
#6718=PRODUCT_CONTEXT('part definition',#6717,'mechanical');
#6719=PRODUCT('2026-07-17-16-48-53-338','Mid Plate',$,(#6718));
#6720=PRESENTATION_STYLE_ASSIGNMENT((#6722));
#6721=PRESENTATION_STYLE_ASSIGNMENT((#6723));
#6722=SURFACE_STYLE_USAGE(.BOTH.,#6724);
#6723=SURFACE_STYLE_USAGE(.BOTH.,#6725);
#6724=SURFACE_SIDE_STYLE('',(#6726));
#6725=SURFACE_SIDE_STYLE('',(#6727));
#6726=SURFACE_STYLE_FILL_AREA(#6728);
#6727=SURFACE_STYLE_FILL_AREA(#6729);
#6728=FILL_AREA_STYLE('Steel - Satin',(#6730));
#6729=FILL_AREA_STYLE('Opaque(160,160,160)',(#6731));
#6730=FILL_AREA_STYLE_COLOUR('Steel - Satin',#6732);
#6731=FILL_AREA_STYLE_COLOUR('Opaque(160,160,160)',#6733);
#6732=COLOUR_RGB('Steel - Satin',0.627450980392157,0.627450980392157,0.627450980392157);
#6733=COLOUR_RGB('Opaque(160,160,160)',0.627450980392157,0.627450980392157,
0.627450980392157);
ENDSEC;
END-ISO-10303-21;
